experiment_id,candidate_id,query_id,query_text,track,source_doc_id,detector_label,retrieval_path,rank,doc_id,bm25_score,n_hits_returned
post_phase12_module1_M1-B,M1-B,R001,ایشیائی مارکیٹوں میں کورونا کے بعد تیزی سے بحالی,KI,523,URDU,urdu_bm25,1,62331,25.27944564819336,50
post_phase12_module1_M1-B,M1-B,R001,ایشیائی مارکیٹوں میں کورونا کے بعد تیزی سے بحالی,KI,523,URDU,urdu_bm25,2,62439,23.00950050354004,50
post_phase12_module1_M1-B,M1-B,R001,ایشیائی مارکیٹوں میں کورونا کے بعد تیزی سے بحالی,KI,523,URDU,urdu_bm25,3,62405,22.857898712158203,50
post_phase12_module1_M1-B,M1-B,R001,ایشیائی مارکیٹوں میں کورونا کے بعد تیزی سے بحالی,KI,523,URDU,urdu_bm25,4,40694,22.505781173706055,50
post_phase12_module1_M1-B,M1-B,R001,ایشیائی مارکیٹوں میں کورونا کے بعد تیزی سے بحالی,KI,523,URDU,urdu_bm25,5,62180,22.139995574951172,50
post_phase12_module1_M1-B,M1-B,R001,ایشیائی مارکیٹوں میں کورونا کے بعد تیزی سے بحالی,KI,523,URDU,urdu_bm25,6,63250,21.929372787475586,50
post_phase12_module1_M1-B,M1-B,R001,ایشیائی مارکیٹوں میں کورونا کے بعد تیزی سے بحالی,KI,523,URDU,urdu_bm25,7,86,21.658870697021484,50
post_phase12_module1_M1-B,M1-B,R001,ایشیائی مارکیٹوں میں کورونا کے بعد تیزی سے بحالی,KI,523,URDU,urdu_bm25,8,673,21.196958541870117,50
post_phase12_module1_M1-B,M1-B,R001,ایشیائی مارکیٹوں میں کورونا کے بعد تیزی سے بحالی,KI,523,URDU,urdu_bm25,9,523,20.69091033935547,50
post_phase12_module1_M1-B,M1-B,R001,ایشیائی مارکیٹوں میں کورونا کے بعد تیزی سے بحالی,KI,523,URDU,urdu_bm25,10,40167,20.58762550354004,50
post_phase12_module1_M1-B,M1-B,R001,ایشیائی مارکیٹوں میں کورونا کے بعد تیزی سے بحالی,KI,523,URDU,urdu_bm25,11,62406,20.54142189025879,50
post_phase12_module1_M1-B,M1-B,R001,ایشیائی مارکیٹوں میں کورونا کے بعد تیزی سے بحالی,KI,523,URDU,urdu_bm25,12,335,20.476966857910156,50
post_phase12_module1_M1-B,M1-B,R001,ایشیائی مارکیٹوں میں کورونا کے بعد تیزی سے بحالی,KI,523,URDU,urdu_bm25,13,63656,20.192045211791992,50
post_phase12_module1_M1-B,M1-B,R001,ایشیائی مارکیٹوں میں کورونا کے بعد تیزی سے بحالی,KI,523,URDU,urdu_bm25,14,79031,20.174409866333008,50
post_phase12_module1_M1-B,M1-B,R001,ایشیائی مارکیٹوں میں کورونا کے بعد تیزی سے بحالی,KI,523,URDU,urdu_bm25,15,63743,19.966835021972656,50
post_phase12_module1_M1-B,M1-B,R001,ایشیائی مارکیٹوں میں کورونا کے بعد تیزی سے بحالی,KI,523,URDU,urdu_bm25,16,108918,19.89520263671875,50
post_phase12_module1_M1-B,M1-B,R001,ایشیائی مارکیٹوں میں کورونا کے بعد تیزی سے بحالی,KI,523,URDU,urdu_bm25,17,40047,19.633102416992188,50
post_phase12_module1_M1-B,M1-B,R001,ایشیائی مارکیٹوں میں کورونا کے بعد تیزی سے بحالی,KI,523,URDU,urdu_bm25,18,62236,19.53172492980957,50
post_phase12_module1_M1-B,M1-B,R001,ایشیائی مارکیٹوں میں کورونا کے بعد تیزی سے بحالی,KI,523,URDU,urdu_bm25,19,653,19.38527488708496,50
post_phase12_module1_M1-B,M1-B,R001,ایشیائی مارکیٹوں میں کورونا کے بعد تیزی سے بحالی,KI,523,URDU,urdu_bm25,20,601,19.299121856689453,50
post_phase12_module1_M1-B,M1-B,R001,ایشیائی مارکیٹوں میں کورونا کے بعد تیزی سے بحالی,KI,523,URDU,urdu_bm25,21,47,19.296123504638672,50
post_phase12_module1_M1-B,M1-B,R001,ایشیائی مارکیٹوں میں کورونا کے بعد تیزی سے بحالی,KI,523,URDU,urdu_bm25,22,62245,19.14336395263672,50
post_phase12_module1_M1-B,M1-B,R001,ایشیائی مارکیٹوں میں کورونا کے بعد تیزی سے بحالی,KI,523,URDU,urdu_bm25,23,38491,18.634035110473633,50
post_phase12_module1_M1-B,M1-B,R001,ایشیائی مارکیٹوں میں کورونا کے بعد تیزی سے بحالی,KI,523,URDU,urdu_bm25,24,848,18.60540199279785,50
post_phase12_module1_M1-B,M1-B,R001,ایشیائی مارکیٹوں میں کورونا کے بعد تیزی سے بحالی,KI,523,URDU,urdu_bm25,25,62296,18.553003311157227,50
post_phase12_module1_M1-B,M1-B,R001,ایشیائی مارکیٹوں میں کورونا کے بعد تیزی سے بحالی,KI,523,URDU,urdu_bm25,26,62425,18.50816535949707,50
post_phase12_module1_M1-B,M1-B,R001,ایشیائی مارکیٹوں میں کورونا کے بعد تیزی سے بحالی,KI,523,URDU,urdu_bm25,27,699,18.475093841552734,50
post_phase12_module1_M1-B,M1-B,R001,ایشیائی مارکیٹوں میں کورونا کے بعد تیزی سے بحالی,KI,523,URDU,urdu_bm25,28,379,18.417757034301758,50
post_phase12_module1_M1-B,M1-B,R001,ایشیائی مارکیٹوں میں کورونا کے بعد تیزی سے بحالی,KI,523,URDU,urdu_bm25,29,70552,18.352760314941406,50
post_phase12_module1_M1-B,M1-B,R001,ایشیائی مارکیٹوں میں کورونا کے بعد تیزی سے بحالی,KI,523,URDU,urdu_bm25,30,202,18.242719650268555,50
post_phase12_module1_M1-B,M1-B,R001,ایشیائی مارکیٹوں میں کورونا کے بعد تیزی سے بحالی,KI,523,URDU,urdu_bm25,31,74174,18.179201126098633,50
post_phase12_module1_M1-B,M1-B,R001,ایشیائی مارکیٹوں میں کورونا کے بعد تیزی سے بحالی,KI,523,URDU,urdu_bm25,32,532,18.0004940032959,50
post_phase12_module1_M1-B,M1-B,R001,ایشیائی مارکیٹوں میں کورونا کے بعد تیزی سے بحالی,KI,523,URDU,urdu_bm25,33,71764,17.74749755859375,50
post_phase12_module1_M1-B,M1-B,R001,ایشیائی مارکیٹوں میں کورونا کے بعد تیزی سے بحالی,KI,523,URDU,urdu_bm25,34,178,17.564661026000977,50
post_phase12_module1_M1-B,M1-B,R001,ایشیائی مارکیٹوں میں کورونا کے بعد تیزی سے بحالی,KI,523,URDU,urdu_bm25,35,63563,17.55830955505371,50
post_phase12_module1_M1-B,M1-B,R001,ایشیائی مارکیٹوں میں کورونا کے بعد تیزی سے بحالی,KI,523,URDU,urdu_bm25,36,70413,17.436616897583008,50
post_phase12_module1_M1-B,M1-B,R001,ایشیائی مارکیٹوں میں کورونا کے بعد تیزی سے بحالی,KI,523,URDU,urdu_bm25,37,38501,17.425561904907227,50
post_phase12_module1_M1-B,M1-B,R001,ایشیائی مارکیٹوں میں کورونا کے بعد تیزی سے بحالی,KI,523,URDU,urdu_bm25,38,38447,17.318586349487305,50
post_phase12_module1_M1-B,M1-B,R001,ایشیائی مارکیٹوں میں کورونا کے بعد تیزی سے بحالی,KI,523,URDU,urdu_bm25,39,108881,17.234113693237305,50
post_phase12_module1_M1-B,M1-B,R001,ایشیائی مارکیٹوں میں کورونا کے بعد تیزی سے بحالی,KI,523,URDU,urdu_bm25,40,63751,17.22584342956543,50
post_phase12_module1_M1-B,M1-B,R001,ایشیائی مارکیٹوں میں کورونا کے بعد تیزی سے بحالی,KI,523,URDU,urdu_bm25,41,108895,16.979869842529297,50
post_phase12_module1_M1-B,M1-B,R001,ایشیائی مارکیٹوں میں کورونا کے بعد تیزی سے بحالی,KI,523,URDU,urdu_bm25,42,62699,16.90237808227539,50
post_phase12_module1_M1-B,M1-B,R001,ایشیائی مارکیٹوں میں کورونا کے بعد تیزی سے بحالی,KI,523,URDU,urdu_bm25,43,5003,16.883596420288086,50
post_phase12_module1_M1-B,M1-B,R001,ایشیائی مارکیٹوں میں کورونا کے بعد تیزی سے بحالی,KI,523,URDU,urdu_bm25,44,61635,16.87830352783203,50
post_phase12_module1_M1-B,M1-B,R001,ایشیائی مارکیٹوں میں کورونا کے بعد تیزی سے بحالی,KI,523,URDU,urdu_bm25,45,473,16.856922149658203,50
post_phase12_module1_M1-B,M1-B,R001,ایشیائی مارکیٹوں میں کورونا کے بعد تیزی سے بحالی,KI,523,URDU,urdu_bm25,46,697,16.821578979492188,50
post_phase12_module1_M1-B,M1-B,R001,ایشیائی مارکیٹوں میں کورونا کے بعد تیزی سے بحالی,KI,523,URDU,urdu_bm25,47,70592,16.726999282836914,50
post_phase12_module1_M1-B,M1-B,R001,ایشیائی مارکیٹوں میں کورونا کے بعد تیزی سے بحالی,KI,523,URDU,urdu_bm25,48,641,16.713647842407227,50
post_phase12_module1_M1-B,M1-B,R001,ایشیائی مارکیٹوں میں کورونا کے بعد تیزی سے بحالی,KI,523,URDU,urdu_bm25,49,73396,16.708263397216797,50
post_phase12_module1_M1-B,M1-B,R001,ایشیائی مارکیٹوں میں کورونا کے بعد تیزی سے بحالی,KI,523,URDU,urdu_bm25,50,111240,16.442363739013672,50
post_phase12_module1_M1-B,M1-B,R002,مارشل آرٹ کی تربیت میں حملہ کرنے والا روبوٹ,KI,51897,URDU,urdu_bm25,1,51897,33.29970169067383,50
post_phase12_module1_M1-B,M1-B,R002,مارشل آرٹ کی تربیت میں حملہ کرنے والا روبوٹ,KI,51897,URDU,urdu_bm25,2,9515,20.926517486572266,50
post_phase12_module1_M1-B,M1-B,R002,مارشل آرٹ کی تربیت میں حملہ کرنے والا روبوٹ,KI,51897,URDU,urdu_bm25,3,59747,20.764190673828125,50
post_phase12_module1_M1-B,M1-B,R002,مارشل آرٹ کی تربیت میں حملہ کرنے والا روبوٹ,KI,51897,URDU,urdu_bm25,4,6939,20.18183135986328,50
post_phase12_module1_M1-B,M1-B,R002,مارشل آرٹ کی تربیت میں حملہ کرنے والا روبوٹ,KI,51897,URDU,urdu_bm25,5,19907,19.619264602661133,50
post_phase12_module1_M1-B,M1-B,R002,مارشل آرٹ کی تربیت میں حملہ کرنے والا روبوٹ,KI,51897,URDU,urdu_bm25,6,19602,19.53948211669922,50
post_phase12_module1_M1-B,M1-B,R002,مارشل آرٹ کی تربیت میں حملہ کرنے والا روبوٹ,KI,51897,URDU,urdu_bm25,7,13916,19.4941349029541,50
post_phase12_module1_M1-B,M1-B,R002,مارشل آرٹ کی تربیت میں حملہ کرنے والا روبوٹ,KI,51897,URDU,urdu_bm25,8,60367,19.402402877807617,50
post_phase12_module1_M1-B,M1-B,R002,مارشل آرٹ کی تربیت میں حملہ کرنے والا روبوٹ,KI,51897,URDU,urdu_bm25,9,22213,18.86162757873535,50
post_phase12_module1_M1-B,M1-B,R002,مارشل آرٹ کی تربیت میں حملہ کرنے والا روبوٹ,KI,51897,URDU,urdu_bm25,10,79691,18.447072982788086,50
post_phase12_module1_M1-B,M1-B,R002,مارشل آرٹ کی تربیت میں حملہ کرنے والا روبوٹ,KI,51897,URDU,urdu_bm25,11,60213,18.202613830566406,50
post_phase12_module1_M1-B,M1-B,R002,مارشل آرٹ کی تربیت میں حملہ کرنے والا روبوٹ,KI,51897,URDU,urdu_bm25,12,59465,17.97701072692871,50
post_phase12_module1_M1-B,M1-B,R002,مارشل آرٹ کی تربیت میں حملہ کرنے والا روبوٹ,KI,51897,URDU,urdu_bm25,13,60304,17.940828323364258,50
post_phase12_module1_M1-B,M1-B,R002,مارشل آرٹ کی تربیت میں حملہ کرنے والا روبوٹ,KI,51897,URDU,urdu_bm25,14,37767,17.894046783447266,50
post_phase12_module1_M1-B,M1-B,R002,مارشل آرٹ کی تربیت میں حملہ کرنے والا روبوٹ,KI,51897,URDU,urdu_bm25,15,60323,17.842872619628906,50
post_phase12_module1_M1-B,M1-B,R002,مارشل آرٹ کی تربیت میں حملہ کرنے والا روبوٹ,KI,51897,URDU,urdu_bm25,16,16971,17.716590881347656,50
post_phase12_module1_M1-B,M1-B,R002,مارشل آرٹ کی تربیت میں حملہ کرنے والا روبوٹ,KI,51897,URDU,urdu_bm25,17,60223,17.696876525878906,50
post_phase12_module1_M1-B,M1-B,R002,مارشل آرٹ کی تربیت میں حملہ کرنے والا روبوٹ,KI,51897,URDU,urdu_bm25,18,60155,17.667314529418945,50
post_phase12_module1_M1-B,M1-B,R002,مارشل آرٹ کی تربیت میں حملہ کرنے والا روبوٹ,KI,51897,URDU,urdu_bm25,19,59792,17.606359481811523,50
post_phase12_module1_M1-B,M1-B,R002,مارشل آرٹ کی تربیت میں حملہ کرنے والا روبوٹ,KI,51897,URDU,urdu_bm25,20,80239,17.426698684692383,50
post_phase12_module1_M1-B,M1-B,R002,مارشل آرٹ کی تربیت میں حملہ کرنے والا روبوٹ,KI,51897,URDU,urdu_bm25,21,80297,17.373645782470703,50
post_phase12_module1_M1-B,M1-B,R002,مارشل آرٹ کی تربیت میں حملہ کرنے والا روبوٹ,KI,51897,URDU,urdu_bm25,22,107683,17.30565071105957,50
post_phase12_module1_M1-B,M1-B,R002,مارشل آرٹ کی تربیت میں حملہ کرنے والا روبوٹ,KI,51897,URDU,urdu_bm25,23,59601,17.24961280822754,50
post_phase12_module1_M1-B,M1-B,R002,مارشل آرٹ کی تربیت میں حملہ کرنے والا روبوٹ,KI,51897,URDU,urdu_bm25,24,60441,17.23165512084961,50
post_phase12_module1_M1-B,M1-B,R002,مارشل آرٹ کی تربیت میں حملہ کرنے والا روبوٹ,KI,51897,URDU,urdu_bm25,25,49061,17.214569091796875,50
post_phase12_module1_M1-B,M1-B,R002,مارشل آرٹ کی تربیت میں حملہ کرنے والا روبوٹ,KI,51897,URDU,urdu_bm25,26,102264,17.078689575195312,50
post_phase12_module1_M1-B,M1-B,R002,مارشل آرٹ کی تربیت میں حملہ کرنے والا روبوٹ,KI,51897,URDU,urdu_bm25,27,88509,16.898344039916992,50
post_phase12_module1_M1-B,M1-B,R002,مارشل آرٹ کی تربیت میں حملہ کرنے والا روبوٹ,KI,51897,URDU,urdu_bm25,28,9351,16.886280059814453,50
post_phase12_module1_M1-B,M1-B,R002,مارشل آرٹ کی تربیت میں حملہ کرنے والا روبوٹ,KI,51897,URDU,urdu_bm25,29,60316,16.857698440551758,50
post_phase12_module1_M1-B,M1-B,R002,مارشل آرٹ کی تربیت میں حملہ کرنے والا روبوٹ,KI,51897,URDU,urdu_bm25,30,59394,16.79697608947754,50
post_phase12_module1_M1-B,M1-B,R002,مارشل آرٹ کی تربیت میں حملہ کرنے والا روبوٹ,KI,51897,URDU,urdu_bm25,31,60297,16.79305648803711,50
post_phase12_module1_M1-B,M1-B,R002,مارشل آرٹ کی تربیت میں حملہ کرنے والا روبوٹ,KI,51897,URDU,urdu_bm25,32,59640,16.76466178894043,50
post_phase12_module1_M1-B,M1-B,R002,مارشل آرٹ کی تربیت میں حملہ کرنے والا روبوٹ,KI,51897,URDU,urdu_bm25,33,59844,16.70451545715332,50
post_phase12_module1_M1-B,M1-B,R002,مارشل آرٹ کی تربیت میں حملہ کرنے والا روبوٹ,KI,51897,URDU,urdu_bm25,34,60375,16.647050857543945,50
post_phase12_module1_M1-B,M1-B,R002,مارشل آرٹ کی تربیت میں حملہ کرنے والا روبوٹ,KI,51897,URDU,urdu_bm25,35,59683,16.579317092895508,50
post_phase12_module1_M1-B,M1-B,R002,مارشل آرٹ کی تربیت میں حملہ کرنے والا روبوٹ,KI,51897,URDU,urdu_bm25,36,80029,16.55132484436035,50
post_phase12_module1_M1-B,M1-B,R002,مارشل آرٹ کی تربیت میں حملہ کرنے والا روبوٹ,KI,51897,URDU,urdu_bm25,37,60010,16.494409561157227,50
post_phase12_module1_M1-B,M1-B,R002,مارشل آرٹ کی تربیت میں حملہ کرنے والا روبوٹ,KI,51897,URDU,urdu_bm25,38,108201,16.44695281982422,50
post_phase12_module1_M1-B,M1-B,R002,مارشل آرٹ کی تربیت میں حملہ کرنے والا روبوٹ,KI,51897,URDU,urdu_bm25,39,59923,16.438508987426758,50
post_phase12_module1_M1-B,M1-B,R002,مارشل آرٹ کی تربیت میں حملہ کرنے والا روبوٹ,KI,51897,URDU,urdu_bm25,40,26933,16.395801544189453,50
post_phase12_module1_M1-B,M1-B,R002,مارشل آرٹ کی تربیت میں حملہ کرنے والا روبوٹ,KI,51897,URDU,urdu_bm25,41,48825,16.38435935974121,50
post_phase12_module1_M1-B,M1-B,R002,مارشل آرٹ کی تربیت میں حملہ کرنے والا روبوٹ,KI,51897,URDU,urdu_bm25,42,51699,16.375648498535156,50
post_phase12_module1_M1-B,M1-B,R002,مارشل آرٹ کی تربیت میں حملہ کرنے والا روبوٹ,KI,51897,URDU,urdu_bm25,43,100948,16.319984436035156,50
post_phase12_module1_M1-B,M1-B,R002,مارشل آرٹ کی تربیت میں حملہ کرنے والا روبوٹ,KI,51897,URDU,urdu_bm25,44,49776,16.192415237426758,50
post_phase12_module1_M1-B,M1-B,R002,مارشل آرٹ کی تربیت میں حملہ کرنے والا روبوٹ,KI,51897,URDU,urdu_bm25,45,59515,16.182022094726562,50
post_phase12_module1_M1-B,M1-B,R002,مارشل آرٹ کی تربیت میں حملہ کرنے والا روبوٹ,KI,51897,URDU,urdu_bm25,46,79650,16.145763397216797,50
post_phase12_module1_M1-B,M1-B,R002,مارشل آرٹ کی تربیت میں حملہ کرنے والا روبوٹ,KI,51897,URDU,urdu_bm25,47,59386,16.10661506652832,50
post_phase12_module1_M1-B,M1-B,R002,مارشل آرٹ کی تربیت میں حملہ کرنے والا روبوٹ,KI,51897,URDU,urdu_bm25,48,79422,16.07046127319336,50
post_phase12_module1_M1-B,M1-B,R002,مارشل آرٹ کی تربیت میں حملہ کرنے والا روبوٹ,KI,51897,URDU,urdu_bm25,49,7618,16.0689640045166,50
post_phase12_module1_M1-B,M1-B,R002,مارشل آرٹ کی تربیت میں حملہ کرنے والا روبوٹ,KI,51897,URDU,urdu_bm25,50,59860,15.931268692016602,50
post_phase12_module1_M1-B,M1-B,R003,سافٹ ویئر کیریئر کے لیے کون سی کوڈنگ زبانیں سیکھنی چاہئیں,KI,22675,URDU,urdu_bm25,1,111731,28.30977439880371,50
post_phase12_module1_M1-B,M1-B,R003,سافٹ ویئر کیریئر کے لیے کون سی کوڈنگ زبانیں سیکھنی چاہئیں,KI,22675,URDU,urdu_bm25,2,84543,26.41419219970703,50
post_phase12_module1_M1-B,M1-B,R003,سافٹ ویئر کیریئر کے لیے کون سی کوڈنگ زبانیں سیکھنی چاہئیں,KI,22675,URDU,urdu_bm25,3,35329,24.623411178588867,50
post_phase12_module1_M1-B,M1-B,R003,سافٹ ویئر کیریئر کے لیے کون سی کوڈنگ زبانیں سیکھنی چاہئیں,KI,22675,URDU,urdu_bm25,4,60308,24.225059509277344,50
post_phase12_module1_M1-B,M1-B,R003,سافٹ ویئر کیریئر کے لیے کون سی کوڈنگ زبانیں سیکھنی چاہئیں,KI,22675,URDU,urdu_bm25,5,60358,23.542282104492188,50
post_phase12_module1_M1-B,M1-B,R003,سافٹ ویئر کیریئر کے لیے کون سی کوڈنگ زبانیں سیکھنی چاہئیں,KI,22675,URDU,urdu_bm25,6,109922,23.410022735595703,50
post_phase12_module1_M1-B,M1-B,R003,سافٹ ویئر کیریئر کے لیے کون سی کوڈنگ زبانیں سیکھنی چاہئیں,KI,22675,URDU,urdu_bm25,7,59870,22.63285255432129,50
post_phase12_module1_M1-B,M1-B,R003,سافٹ ویئر کیریئر کے لیے کون سی کوڈنگ زبانیں سیکھنی چاہئیں,KI,22675,URDU,urdu_bm25,8,23053,22.316076278686523,50
post_phase12_module1_M1-B,M1-B,R003,سافٹ ویئر کیریئر کے لیے کون سی کوڈنگ زبانیں سیکھنی چاہئیں,KI,22675,URDU,urdu_bm25,9,23781,22.173608779907227,50
post_phase12_module1_M1-B,M1-B,R003,سافٹ ویئر کیریئر کے لیے کون سی کوڈنگ زبانیں سیکھنی چاہئیں,KI,22675,URDU,urdu_bm25,10,111299,22.14854621887207,50
post_phase12_module1_M1-B,M1-B,R003,سافٹ ویئر کیریئر کے لیے کون سی کوڈنگ زبانیں سیکھنی چاہئیں,KI,22675,URDU,urdu_bm25,11,14835,22.056800842285156,50
post_phase12_module1_M1-B,M1-B,R003,سافٹ ویئر کیریئر کے لیے کون سی کوڈنگ زبانیں سیکھنی چاہئیں,KI,22675,URDU,urdu_bm25,12,14258,22.045068740844727,50
post_phase12_module1_M1-B,M1-B,R003,سافٹ ویئر کیریئر کے لیے کون سی کوڈنگ زبانیں سیکھنی چاہئیں,KI,22675,URDU,urdu_bm25,13,110371,21.706178665161133,50
post_phase12_module1_M1-B,M1-B,R003,سافٹ ویئر کیریئر کے لیے کون سی کوڈنگ زبانیں سیکھنی چاہئیں,KI,22675,URDU,urdu_bm25,14,22782,21.686634063720703,50
post_phase12_module1_M1-B,M1-B,R003,سافٹ ویئر کیریئر کے لیے کون سی کوڈنگ زبانیں سیکھنی چاہئیں,KI,22675,URDU,urdu_bm25,15,73051,21.64691162109375,50
post_phase12_module1_M1-B,M1-B,R003,سافٹ ویئر کیریئر کے لیے کون سی کوڈنگ زبانیں سیکھنی چاہئیں,KI,22675,URDU,urdu_bm25,16,22229,21.54785919189453,50
post_phase12_module1_M1-B,M1-B,R003,سافٹ ویئر کیریئر کے لیے کون سی کوڈنگ زبانیں سیکھنی چاہئیں,KI,22675,URDU,urdu_bm25,17,24360,21.46584129333496,50
post_phase12_module1_M1-B,M1-B,R003,سافٹ ویئر کیریئر کے لیے کون سی کوڈنگ زبانیں سیکھنی چاہئیں,KI,22675,URDU,urdu_bm25,18,23826,21.438264846801758,50
post_phase12_module1_M1-B,M1-B,R003,سافٹ ویئر کیریئر کے لیے کون سی کوڈنگ زبانیں سیکھنی چاہئیں,KI,22675,URDU,urdu_bm25,19,23686,21.25819969177246,50
post_phase12_module1_M1-B,M1-B,R003,سافٹ ویئر کیریئر کے لیے کون سی کوڈنگ زبانیں سیکھنی چاہئیں,KI,22675,URDU,urdu_bm25,20,60306,21.22071647644043,50
post_phase12_module1_M1-B,M1-B,R003,سافٹ ویئر کیریئر کے لیے کون سی کوڈنگ زبانیں سیکھنی چاہئیں,KI,22675,URDU,urdu_bm25,21,59495,21.043901443481445,50
post_phase12_module1_M1-B,M1-B,R003,سافٹ ویئر کیریئر کے لیے کون سی کوڈنگ زبانیں سیکھنی چاہئیں,KI,22675,URDU,urdu_bm25,22,60208,20.965444564819336,50
post_phase12_module1_M1-B,M1-B,R003,سافٹ ویئر کیریئر کے لیے کون سی کوڈنگ زبانیں سیکھنی چاہئیں,KI,22675,URDU,urdu_bm25,23,23759,20.750858306884766,50
post_phase12_module1_M1-B,M1-B,R003,سافٹ ویئر کیریئر کے لیے کون سی کوڈنگ زبانیں سیکھنی چاہئیں,KI,22675,URDU,urdu_bm25,24,24148,20.73226547241211,50
post_phase12_module1_M1-B,M1-B,R003,سافٹ ویئر کیریئر کے لیے کون سی کوڈنگ زبانیں سیکھنی چاہئیں,KI,22675,URDU,urdu_bm25,25,79574,20.53833770751953,50
post_phase12_module1_M1-B,M1-B,R003,سافٹ ویئر کیریئر کے لیے کون سی کوڈنگ زبانیں سیکھنی چاہئیں,KI,22675,URDU,urdu_bm25,26,80372,20.455612182617188,50
post_phase12_module1_M1-B,M1-B,R003,سافٹ ویئر کیریئر کے لیے کون سی کوڈنگ زبانیں سیکھنی چاہئیں,KI,22675,URDU,urdu_bm25,27,60206,20.151586532592773,50
post_phase12_module1_M1-B,M1-B,R003,سافٹ ویئر کیریئر کے لیے کون سی کوڈنگ زبانیں سیکھنی چاہئیں,KI,22675,URDU,urdu_bm25,28,22827,20.048795700073242,50
post_phase12_module1_M1-B,M1-B,R003,سافٹ ویئر کیریئر کے لیے کون سی کوڈنگ زبانیں سیکھنی چاہئیں,KI,22675,URDU,urdu_bm25,29,60390,20.025554656982422,50
post_phase12_module1_M1-B,M1-B,R003,سافٹ ویئر کیریئر کے لیے کون سی کوڈنگ زبانیں سیکھنی چاہئیں,KI,22675,URDU,urdu_bm25,30,24271,19.92593002319336,50
post_phase12_module1_M1-B,M1-B,R003,سافٹ ویئر کیریئر کے لیے کون سی کوڈنگ زبانیں سیکھنی چاہئیں,KI,22675,URDU,urdu_bm25,31,14199,19.846494674682617,50
post_phase12_module1_M1-B,M1-B,R003,سافٹ ویئر کیریئر کے لیے کون سی کوڈنگ زبانیں سیکھنی چاہئیں,KI,22675,URDU,urdu_bm25,32,24246,19.680570602416992,50
post_phase12_module1_M1-B,M1-B,R003,سافٹ ویئر کیریئر کے لیے کون سی کوڈنگ زبانیں سیکھنی چاہئیں,KI,22675,URDU,urdu_bm25,33,23637,19.59251594543457,50
post_phase12_module1_M1-B,M1-B,R003,سافٹ ویئر کیریئر کے لیے کون سی کوڈنگ زبانیں سیکھنی چاہئیں,KI,22675,URDU,urdu_bm25,34,60371,19.470413208007812,50
post_phase12_module1_M1-B,M1-B,R003,سافٹ ویئر کیریئر کے لیے کون سی کوڈنگ زبانیں سیکھنی چاہئیں,KI,22675,URDU,urdu_bm25,35,23547,19.13422966003418,50
post_phase12_module1_M1-B,M1-B,R003,سافٹ ویئر کیریئر کے لیے کون سی کوڈنگ زبانیں سیکھنی چاہئیں,KI,22675,URDU,urdu_bm25,36,19503,19.12141990661621,50
post_phase12_module1_M1-B,M1-B,R003,سافٹ ویئر کیریئر کے لیے کون سی کوڈنگ زبانیں سیکھنی چاہئیں,KI,22675,URDU,urdu_bm25,37,24221,18.99636459350586,50
post_phase12_module1_M1-B,M1-B,R003,سافٹ ویئر کیریئر کے لیے کون سی کوڈنگ زبانیں سیکھنی چاہئیں,KI,22675,URDU,urdu_bm25,38,64771,18.983428955078125,50
post_phase12_module1_M1-B,M1-B,R003,سافٹ ویئر کیریئر کے لیے کون سی کوڈنگ زبانیں سیکھنی چاہئیں,KI,22675,URDU,urdu_bm25,39,109204,18.974580764770508,50
post_phase12_module1_M1-B,M1-B,R003,سافٹ ویئر کیریئر کے لیے کون سی کوڈنگ زبانیں سیکھنی چاہئیں,KI,22675,URDU,urdu_bm25,40,21475,18.787431716918945,50
post_phase12_module1_M1-B,M1-B,R003,سافٹ ویئر کیریئر کے لیے کون سی کوڈنگ زبانیں سیکھنی چاہئیں,KI,22675,URDU,urdu_bm25,41,79557,18.746801376342773,50
post_phase12_module1_M1-B,M1-B,R003,سافٹ ویئر کیریئر کے لیے کون سی کوڈنگ زبانیں سیکھنی چاہئیں,KI,22675,URDU,urdu_bm25,42,60259,18.57942771911621,50
post_phase12_module1_M1-B,M1-B,R003,سافٹ ویئر کیریئر کے لیے کون سی کوڈنگ زبانیں سیکھنی چاہئیں,KI,22675,URDU,urdu_bm25,43,14330,18.37912940979004,50
post_phase12_module1_M1-B,M1-B,R003,سافٹ ویئر کیریئر کے لیے کون سی کوڈنگ زبانیں سیکھنی چاہئیں,KI,22675,URDU,urdu_bm25,44,22380,18.33672523498535,50
post_phase12_module1_M1-B,M1-B,R003,سافٹ ویئر کیریئر کے لیے کون سی کوڈنگ زبانیں سیکھنی چاہئیں,KI,22675,URDU,urdu_bm25,45,59481,18.300018310546875,50
post_phase12_module1_M1-B,M1-B,R003,سافٹ ویئر کیریئر کے لیے کون سی کوڈنگ زبانیں سیکھنی چاہئیں,KI,22675,URDU,urdu_bm25,46,23223,18.28510856628418,50
post_phase12_module1_M1-B,M1-B,R003,سافٹ ویئر کیریئر کے لیے کون سی کوڈنگ زبانیں سیکھنی چاہئیں,KI,22675,URDU,urdu_bm25,47,59600,18.229768753051758,50
post_phase12_module1_M1-B,M1-B,R003,سافٹ ویئر کیریئر کے لیے کون سی کوڈنگ زبانیں سیکھنی چاہئیں,KI,22675,URDU,urdu_bm25,48,79396,18.173940658569336,50
post_phase12_module1_M1-B,M1-B,R003,سافٹ ویئر کیریئر کے لیے کون سی کوڈنگ زبانیں سیکھنی چاہئیں,KI,22675,URDU,urdu_bm25,49,20691,18.166616439819336,50
post_phase12_module1_M1-B,M1-B,R003,سافٹ ویئر کیریئر کے لیے کون سی کوڈنگ زبانیں سیکھنی چاہئیں,KI,22675,URDU,urdu_bm25,50,20016,18.14653205871582,50
post_phase12_module1_M1-B,M1-B,R004,اسٹیٹ بینک کے ذخائر میں ہفتے کے دوران کتنی کمی ہوئی,KI,72830,URDU,urdu_bm25,1,73000,38.082698822021484,50
post_phase12_module1_M1-B,M1-B,R004,اسٹیٹ بینک کے ذخائر میں ہفتے کے دوران کتنی کمی ہوئی,KI,72830,URDU,urdu_bm25,2,64891,37.98093795776367,50
post_phase12_module1_M1-B,M1-B,R004,اسٹیٹ بینک کے ذخائر میں ہفتے کے دوران کتنی کمی ہوئی,KI,72830,URDU,urdu_bm25,3,61105,37.8935432434082,50
post_phase12_module1_M1-B,M1-B,R004,اسٹیٹ بینک کے ذخائر میں ہفتے کے دوران کتنی کمی ہوئی,KI,72830,URDU,urdu_bm25,4,60988,37.305686950683594,50
post_phase12_module1_M1-B,M1-B,R004,اسٹیٹ بینک کے ذخائر میں ہفتے کے دوران کتنی کمی ہوئی,KI,72830,URDU,urdu_bm25,5,71981,37.20761489868164,50
post_phase12_module1_M1-B,M1-B,R004,اسٹیٹ بینک کے ذخائر میں ہفتے کے دوران کتنی کمی ہوئی,KI,72830,URDU,urdu_bm25,6,65444,36.82251739501953,50
post_phase12_module1_M1-B,M1-B,R004,اسٹیٹ بینک کے ذخائر میں ہفتے کے دوران کتنی کمی ہوئی,KI,72830,URDU,urdu_bm25,7,64586,36.8114013671875,50
post_phase12_module1_M1-B,M1-B,R004,اسٹیٹ بینک کے ذخائر میں ہفتے کے دوران کتنی کمی ہوئی,KI,72830,URDU,urdu_bm25,8,72260,36.746395111083984,50
post_phase12_module1_M1-B,M1-B,R004,اسٹیٹ بینک کے ذخائر میں ہفتے کے دوران کتنی کمی ہوئی,KI,72830,URDU,urdu_bm25,9,71824,36.377769470214844,50
post_phase12_module1_M1-B,M1-B,R004,اسٹیٹ بینک کے ذخائر میں ہفتے کے دوران کتنی کمی ہوئی,KI,72830,URDU,urdu_bm25,10,64242,36.137393951416016,50
post_phase12_module1_M1-B,M1-B,R004,اسٹیٹ بینک کے ذخائر میں ہفتے کے دوران کتنی کمی ہوئی,KI,72830,URDU,urdu_bm25,11,61738,36.09003829956055,50
post_phase12_module1_M1-B,M1-B,R004,اسٹیٹ بینک کے ذخائر میں ہفتے کے دوران کتنی کمی ہوئی,KI,72830,URDU,urdu_bm25,12,63042,35.915531158447266,50
post_phase12_module1_M1-B,M1-B,R004,اسٹیٹ بینک کے ذخائر میں ہفتے کے دوران کتنی کمی ہوئی,KI,72830,URDU,urdu_bm25,13,110831,35.90882110595703,50
post_phase12_module1_M1-B,M1-B,R004,اسٹیٹ بینک کے ذخائر میں ہفتے کے دوران کتنی کمی ہوئی,KI,72830,URDU,urdu_bm25,14,39030,35.668670654296875,50
post_phase12_module1_M1-B,M1-B,R004,اسٹیٹ بینک کے ذخائر میں ہفتے کے دوران کتنی کمی ہوئی,KI,72830,URDU,urdu_bm25,15,110393,35.29336166381836,50
post_phase12_module1_M1-B,M1-B,R004,اسٹیٹ بینک کے ذخائر میں ہفتے کے دوران کتنی کمی ہوئی,KI,72830,URDU,urdu_bm25,16,60959,35.24595260620117,50
post_phase12_module1_M1-B,M1-B,R004,اسٹیٹ بینک کے ذخائر میں ہفتے کے دوران کتنی کمی ہوئی,KI,72830,URDU,urdu_bm25,17,73136,35.22404098510742,50
post_phase12_module1_M1-B,M1-B,R004,اسٹیٹ بینک کے ذخائر میں ہفتے کے دوران کتنی کمی ہوئی,KI,72830,URDU,urdu_bm25,18,70444,34.95716094970703,50
post_phase12_module1_M1-B,M1-B,R004,اسٹیٹ بینک کے ذخائر میں ہفتے کے دوران کتنی کمی ہوئی,KI,72830,URDU,urdu_bm25,19,60546,34.91725158691406,50
post_phase12_module1_M1-B,M1-B,R004,اسٹیٹ بینک کے ذخائر میں ہفتے کے دوران کتنی کمی ہوئی,KI,72830,URDU,urdu_bm25,20,63789,34.70348358154297,50
post_phase12_module1_M1-B,M1-B,R004,اسٹیٹ بینک کے ذخائر میں ہفتے کے دوران کتنی کمی ہوئی,KI,72830,URDU,urdu_bm25,21,60531,34.47103500366211,50
post_phase12_module1_M1-B,M1-B,R004,اسٹیٹ بینک کے ذخائر میں ہفتے کے دوران کتنی کمی ہوئی,KI,72830,URDU,urdu_bm25,22,111855,34.42831802368164,50
post_phase12_module1_M1-B,M1-B,R004,اسٹیٹ بینک کے ذخائر میں ہفتے کے دوران کتنی کمی ہوئی,KI,72830,URDU,urdu_bm25,23,3109,34.184574127197266,50
post_phase12_module1_M1-B,M1-B,R004,اسٹیٹ بینک کے ذخائر میں ہفتے کے دوران کتنی کمی ہوئی,KI,72830,URDU,urdu_bm25,24,60901,33.976104736328125,50
post_phase12_module1_M1-B,M1-B,R004,اسٹیٹ بینک کے ذخائر میں ہفتے کے دوران کتنی کمی ہوئی,KI,72830,URDU,urdu_bm25,25,61263,33.9398307800293,50
post_phase12_module1_M1-B,M1-B,R004,اسٹیٹ بینک کے ذخائر میں ہفتے کے دوران کتنی کمی ہوئی,KI,72830,URDU,urdu_bm25,26,71747,33.8099479675293,50
post_phase12_module1_M1-B,M1-B,R004,اسٹیٹ بینک کے ذخائر میں ہفتے کے دوران کتنی کمی ہوئی,KI,72830,URDU,urdu_bm25,27,72830,33.798492431640625,50
post_phase12_module1_M1-B,M1-B,R004,اسٹیٹ بینک کے ذخائر میں ہفتے کے دوران کتنی کمی ہوئی,KI,72830,URDU,urdu_bm25,28,111552,33.774681091308594,50
post_phase12_module1_M1-B,M1-B,R004,اسٹیٹ بینک کے ذخائر میں ہفتے کے دوران کتنی کمی ہوئی,KI,72830,URDU,urdu_bm25,29,61581,33.626461029052734,50
post_phase12_module1_M1-B,M1-B,R004,اسٹیٹ بینک کے ذخائر میں ہفتے کے دوران کتنی کمی ہوئی,KI,72830,URDU,urdu_bm25,30,60639,33.44302749633789,50
post_phase12_module1_M1-B,M1-B,R004,اسٹیٹ بینک کے ذخائر میں ہفتے کے دوران کتنی کمی ہوئی,KI,72830,URDU,urdu_bm25,31,60820,33.36286926269531,50
post_phase12_module1_M1-B,M1-B,R004,اسٹیٹ بینک کے ذخائر میں ہفتے کے دوران کتنی کمی ہوئی,KI,72830,URDU,urdu_bm25,32,39745,33.27641296386719,50
post_phase12_module1_M1-B,M1-B,R004,اسٹیٹ بینک کے ذخائر میں ہفتے کے دوران کتنی کمی ہوئی,KI,72830,URDU,urdu_bm25,33,109874,33.123069763183594,50
post_phase12_module1_M1-B,M1-B,R004,اسٹیٹ بینک کے ذخائر میں ہفتے کے دوران کتنی کمی ہوئی,KI,72830,URDU,urdu_bm25,34,3080,33.02680969238281,50
post_phase12_module1_M1-B,M1-B,R004,اسٹیٹ بینک کے ذخائر میں ہفتے کے دوران کتنی کمی ہوئی,KI,72830,URDU,urdu_bm25,35,65600,32.9840202331543,50
post_phase12_module1_M1-B,M1-B,R004,اسٹیٹ بینک کے ذخائر میں ہفتے کے دوران کتنی کمی ہوئی,KI,72830,URDU,urdu_bm25,36,72180,32.835166931152344,50
post_phase12_module1_M1-B,M1-B,R004,اسٹیٹ بینک کے ذخائر میں ہفتے کے دوران کتنی کمی ہوئی,KI,72830,URDU,urdu_bm25,37,61612,32.81855773925781,50
post_phase12_module1_M1-B,M1-B,R004,اسٹیٹ بینک کے ذخائر میں ہفتے کے دوران کتنی کمی ہوئی,KI,72830,URDU,urdu_bm25,38,78876,32.80036544799805,50
post_phase12_module1_M1-B,M1-B,R004,اسٹیٹ بینک کے ذخائر میں ہفتے کے دوران کتنی کمی ہوئی,KI,72830,URDU,urdu_bm25,39,62346,32.782371520996094,50
post_phase12_module1_M1-B,M1-B,R004,اسٹیٹ بینک کے ذخائر میں ہفتے کے دوران کتنی کمی ہوئی,KI,72830,URDU,urdu_bm25,40,60929,32.638614654541016,50
post_phase12_module1_M1-B,M1-B,R004,اسٹیٹ بینک کے ذخائر میں ہفتے کے دوران کتنی کمی ہوئی,KI,72830,URDU,urdu_bm25,41,61280,32.3262939453125,50
post_phase12_module1_M1-B,M1-B,R004,اسٹیٹ بینک کے ذخائر میں ہفتے کے دوران کتنی کمی ہوئی,KI,72830,URDU,urdu_bm25,42,60943,32.21006774902344,50
post_phase12_module1_M1-B,M1-B,R004,اسٹیٹ بینک کے ذخائر میں ہفتے کے دوران کتنی کمی ہوئی,KI,72830,URDU,urdu_bm25,43,65614,32.164405822753906,50
post_phase12_module1_M1-B,M1-B,R004,اسٹیٹ بینک کے ذخائر میں ہفتے کے دوران کتنی کمی ہوئی,KI,72830,URDU,urdu_bm25,44,71705,32.1047477722168,50
post_phase12_module1_M1-B,M1-B,R004,اسٹیٹ بینک کے ذخائر میں ہفتے کے دوران کتنی کمی ہوئی,KI,72830,URDU,urdu_bm25,45,63002,32.07724380493164,50
post_phase12_module1_M1-B,M1-B,R004,اسٹیٹ بینک کے ذخائر میں ہفتے کے دوران کتنی کمی ہوئی,KI,72830,URDU,urdu_bm25,46,61045,32.07265090942383,50
post_phase12_module1_M1-B,M1-B,R004,اسٹیٹ بینک کے ذخائر میں ہفتے کے دوران کتنی کمی ہوئی,KI,72830,URDU,urdu_bm25,47,110878,31.993593215942383,50
post_phase12_module1_M1-B,M1-B,R004,اسٹیٹ بینک کے ذخائر میں ہفتے کے دوران کتنی کمی ہوئی,KI,72830,URDU,urdu_bm25,48,60865,31.991830825805664,50
post_phase12_module1_M1-B,M1-B,R004,اسٹیٹ بینک کے ذخائر میں ہفتے کے دوران کتنی کمی ہوئی,KI,72830,URDU,urdu_bm25,49,110167,31.936491012573242,50
post_phase12_module1_M1-B,M1-B,R004,اسٹیٹ بینک کے ذخائر میں ہفتے کے دوران کتنی کمی ہوئی,KI,72830,URDU,urdu_bm25,50,63718,31.84061050415039,50
post_phase12_module1_M1-B,M1-B,R005,بالی ووڈ اداکارہ کا پاکستانی فنکاروں کے کام پر کیا کہنا تھا,KI,12425,URDU,urdu_bm25,1,66725,32.653289794921875,50
post_phase12_module1_M1-B,M1-B,R005,بالی ووڈ اداکارہ کا پاکستانی فنکاروں کے کام پر کیا کہنا تھا,KI,12425,URDU,urdu_bm25,2,101681,30.362106323242188,50
post_phase12_module1_M1-B,M1-B,R005,بالی ووڈ اداکارہ کا پاکستانی فنکاروں کے کام پر کیا کہنا تھا,KI,12425,URDU,urdu_bm25,3,103450,30.07352066040039,50
post_phase12_module1_M1-B,M1-B,R005,بالی ووڈ اداکارہ کا پاکستانی فنکاروں کے کام پر کیا کہنا تھا,KI,12425,URDU,urdu_bm25,4,67119,29.37158203125,50
post_phase12_module1_M1-B,M1-B,R005,بالی ووڈ اداکارہ کا پاکستانی فنکاروں کے کام پر کیا کہنا تھا,KI,12425,URDU,urdu_bm25,5,50368,29.275178909301758,50
post_phase12_module1_M1-B,M1-B,R005,بالی ووڈ اداکارہ کا پاکستانی فنکاروں کے کام پر کیا کہنا تھا,KI,12425,URDU,urdu_bm25,6,103383,28.329675674438477,50
post_phase12_module1_M1-B,M1-B,R005,بالی ووڈ اداکارہ کا پاکستانی فنکاروں کے کام پر کیا کہنا تھا,KI,12425,URDU,urdu_bm25,7,101783,27.817258834838867,50
post_phase12_module1_M1-B,M1-B,R005,بالی ووڈ اداکارہ کا پاکستانی فنکاروں کے کام پر کیا کہنا تھا,KI,12425,URDU,urdu_bm25,8,68837,27.712182998657227,50
post_phase12_module1_M1-B,M1-B,R005,بالی ووڈ اداکارہ کا پاکستانی فنکاروں کے کام پر کیا کہنا تھا,KI,12425,URDU,urdu_bm25,9,101643,27.52179718017578,50
post_phase12_module1_M1-B,M1-B,R005,بالی ووڈ اداکارہ کا پاکستانی فنکاروں کے کام پر کیا کہنا تھا,KI,12425,URDU,urdu_bm25,10,98520,26.369285583496094,50
post_phase12_module1_M1-B,M1-B,R005,بالی ووڈ اداکارہ کا پاکستانی فنکاروں کے کام پر کیا کہنا تھا,KI,12425,URDU,urdu_bm25,11,67684,25.91120147705078,50
post_phase12_module1_M1-B,M1-B,R005,بالی ووڈ اداکارہ کا پاکستانی فنکاروں کے کام پر کیا کہنا تھا,KI,12425,URDU,urdu_bm25,12,31121,25.61151885986328,50
post_phase12_module1_M1-B,M1-B,R005,بالی ووڈ اداکارہ کا پاکستانی فنکاروں کے کام پر کیا کہنا تھا,KI,12425,URDU,urdu_bm25,13,67686,25.57363510131836,50
post_phase12_module1_M1-B,M1-B,R005,بالی ووڈ اداکارہ کا پاکستانی فنکاروں کے کام پر کیا کہنا تھا,KI,12425,URDU,urdu_bm25,14,67451,25.10841941833496,50
post_phase12_module1_M1-B,M1-B,R005,بالی ووڈ اداکارہ کا پاکستانی فنکاروں کے کام پر کیا کہنا تھا,KI,12425,URDU,urdu_bm25,15,101758,25.01691436767578,50
post_phase12_module1_M1-B,M1-B,R005,بالی ووڈ اداکارہ کا پاکستانی فنکاروں کے کام پر کیا کہنا تھا,KI,12425,URDU,urdu_bm25,16,66694,24.726377487182617,50
post_phase12_module1_M1-B,M1-B,R005,بالی ووڈ اداکارہ کا پاکستانی فنکاروں کے کام پر کیا کہنا تھا,KI,12425,URDU,urdu_bm25,17,66604,24.111309051513672,50
post_phase12_module1_M1-B,M1-B,R005,بالی ووڈ اداکارہ کا پاکستانی فنکاروں کے کام پر کیا کہنا تھا,KI,12425,URDU,urdu_bm25,18,68839,24.060985565185547,50
post_phase12_module1_M1-B,M1-B,R005,بالی ووڈ اداکارہ کا پاکستانی فنکاروں کے کام پر کیا کہنا تھا,KI,12425,URDU,urdu_bm25,19,99480,23.97991371154785,50
post_phase12_module1_M1-B,M1-B,R005,بالی ووڈ اداکارہ کا پاکستانی فنکاروں کے کام پر کیا کہنا تھا,KI,12425,URDU,urdu_bm25,20,102042,23.911495208740234,50
post_phase12_module1_M1-B,M1-B,R005,بالی ووڈ اداکارہ کا پاکستانی فنکاروں کے کام پر کیا کہنا تھا,KI,12425,URDU,urdu_bm25,21,101574,23.729698181152344,50
post_phase12_module1_M1-B,M1-B,R005,بالی ووڈ اداکارہ کا پاکستانی فنکاروں کے کام پر کیا کہنا تھا,KI,12425,URDU,urdu_bm25,22,98351,23.685819625854492,50
post_phase12_module1_M1-B,M1-B,R005,بالی ووڈ اداکارہ کا پاکستانی فنکاروں کے کام پر کیا کہنا تھا,KI,12425,URDU,urdu_bm25,23,101731,23.65643882751465,50
post_phase12_module1_M1-B,M1-B,R005,بالی ووڈ اداکارہ کا پاکستانی فنکاروں کے کام پر کیا کہنا تھا,KI,12425,URDU,urdu_bm25,24,50356,23.64560317993164,50
post_phase12_module1_M1-B,M1-B,R005,بالی ووڈ اداکارہ کا پاکستانی فنکاروں کے کام پر کیا کہنا تھا,KI,12425,URDU,urdu_bm25,25,69315,23.52397346496582,50
post_phase12_module1_M1-B,M1-B,R005,بالی ووڈ اداکارہ کا پاکستانی فنکاروں کے کام پر کیا کہنا تھا,KI,12425,URDU,urdu_bm25,26,49263,23.135509490966797,50
post_phase12_module1_M1-B,M1-B,R005,بالی ووڈ اداکارہ کا پاکستانی فنکاروں کے کام پر کیا کہنا تھا,KI,12425,URDU,urdu_bm25,27,50372,22.9498348236084,50
post_phase12_module1_M1-B,M1-B,R005,بالی ووڈ اداکارہ کا پاکستانی فنکاروں کے کام پر کیا کہنا تھا,KI,12425,URDU,urdu_bm25,28,68831,22.907054901123047,50
post_phase12_module1_M1-B,M1-B,R005,بالی ووڈ اداکارہ کا پاکستانی فنکاروں کے کام پر کیا کہنا تھا,KI,12425,URDU,urdu_bm25,29,67392,22.871917724609375,50
post_phase12_module1_M1-B,M1-B,R005,بالی ووڈ اداکارہ کا پاکستانی فنکاروں کے کام پر کیا کہنا تھا,KI,12425,URDU,urdu_bm25,30,49272,22.821998596191406,50
post_phase12_module1_M1-B,M1-B,R005,بالی ووڈ اداکارہ کا پاکستانی فنکاروں کے کام پر کیا کہنا تھا,KI,12425,URDU,urdu_bm25,31,99407,22.807296752929688,50
post_phase12_module1_M1-B,M1-B,R005,بالی ووڈ اداکارہ کا پاکستانی فنکاروں کے کام پر کیا کہنا تھا,KI,12425,URDU,urdu_bm25,32,98562,22.744380950927734,50
post_phase12_module1_M1-B,M1-B,R005,بالی ووڈ اداکارہ کا پاکستانی فنکاروں کے کام پر کیا کہنا تھا,KI,12425,URDU,urdu_bm25,33,102784,22.704065322875977,50
post_phase12_module1_M1-B,M1-B,R005,بالی ووڈ اداکارہ کا پاکستانی فنکاروں کے کام پر کیا کہنا تھا,KI,12425,URDU,urdu_bm25,34,66828,22.69407844543457,50
post_phase12_module1_M1-B,M1-B,R005,بالی ووڈ اداکارہ کا پاکستانی فنکاروں کے کام پر کیا کہنا تھا,KI,12425,URDU,urdu_bm25,35,67364,22.661773681640625,50
post_phase12_module1_M1-B,M1-B,R005,بالی ووڈ اداکارہ کا پاکستانی فنکاروں کے کام پر کیا کہنا تھا,KI,12425,URDU,urdu_bm25,36,66827,22.601680755615234,50
post_phase12_module1_M1-B,M1-B,R005,بالی ووڈ اداکارہ کا پاکستانی فنکاروں کے کام پر کیا کہنا تھا,KI,12425,URDU,urdu_bm25,37,48383,22.600393295288086,50
post_phase12_module1_M1-B,M1-B,R005,بالی ووڈ اداکارہ کا پاکستانی فنکاروں کے کام پر کیا کہنا تھا,KI,12425,URDU,urdu_bm25,38,99761,22.48786163330078,50
post_phase12_module1_M1-B,M1-B,R005,بالی ووڈ اداکارہ کا پاکستانی فنکاروں کے کام پر کیا کہنا تھا,KI,12425,URDU,urdu_bm25,39,67067,22.48046875,50
post_phase12_module1_M1-B,M1-B,R005,بالی ووڈ اداکارہ کا پاکستانی فنکاروں کے کام پر کیا کہنا تھا,KI,12425,URDU,urdu_bm25,40,69544,22.43312644958496,50
post_phase12_module1_M1-B,M1-B,R005,بالی ووڈ اداکارہ کا پاکستانی فنکاروں کے کام پر کیا کہنا تھا,KI,12425,URDU,urdu_bm25,41,67716,22.429819107055664,50
post_phase12_module1_M1-B,M1-B,R005,بالی ووڈ اداکارہ کا پاکستانی فنکاروں کے کام پر کیا کہنا تھا,KI,12425,URDU,urdu_bm25,42,102164,22.385448455810547,50
post_phase12_module1_M1-B,M1-B,R005,بالی ووڈ اداکارہ کا پاکستانی فنکاروں کے کام پر کیا کہنا تھا,KI,12425,URDU,urdu_bm25,43,100492,22.32000732421875,50
post_phase12_module1_M1-B,M1-B,R005,بالی ووڈ اداکارہ کا پاکستانی فنکاروں کے کام پر کیا کہنا تھا,KI,12425,URDU,urdu_bm25,44,100301,22.223474502563477,50
post_phase12_module1_M1-B,M1-B,R005,بالی ووڈ اداکارہ کا پاکستانی فنکاروں کے کام پر کیا کہنا تھا,KI,12425,URDU,urdu_bm25,45,102384,22.202213287353516,50
post_phase12_module1_M1-B,M1-B,R005,بالی ووڈ اداکارہ کا پاکستانی فنکاروں کے کام پر کیا کہنا تھا,KI,12425,URDU,urdu_bm25,46,48382,22.192840576171875,50
post_phase12_module1_M1-B,M1-B,R005,بالی ووڈ اداکارہ کا پاکستانی فنکاروں کے کام پر کیا کہنا تھا,KI,12425,URDU,urdu_bm25,47,101706,22.169254302978516,50
post_phase12_module1_M1-B,M1-B,R005,بالی ووڈ اداکارہ کا پاکستانی فنکاروں کے کام پر کیا کہنا تھا,KI,12425,URDU,urdu_bm25,48,102530,22.016536712646484,50
post_phase12_module1_M1-B,M1-B,R005,بالی ووڈ اداکارہ کا پاکستانی فنکاروں کے کام پر کیا کہنا تھا,KI,12425,URDU,urdu_bm25,49,67728,21.978836059570312,50
post_phase12_module1_M1-B,M1-B,R005,بالی ووڈ اداکارہ کا پاکستانی فنکاروں کے کام پر کیا کہنا تھا,KI,12425,URDU,urdu_bm25,50,98058,21.956729888916016,50
post_phase12_module1_M1-B,M1-B,R006,پریمیئر لیگ میں سٹی نے بورنemouth کو کتنے گولوں سے ہرایا,KI,43215,MIXED,urdu_bm25,1,43215,36.884132385253906,50
post_phase12_module1_M1-B,M1-B,R006,پریمیئر لیگ میں سٹی نے بورنemouth کو کتنے گولوں سے ہرایا,KI,43215,MIXED,urdu_bm25,2,42163,33.82527160644531,50
post_phase12_module1_M1-B,M1-B,R006,پریمیئر لیگ میں سٹی نے بورنemouth کو کتنے گولوں سے ہرایا,KI,43215,MIXED,urdu_bm25,3,44175,33.33885192871094,50
post_phase12_module1_M1-B,M1-B,R006,پریمیئر لیگ میں سٹی نے بورنemouth کو کتنے گولوں سے ہرایا,KI,43215,MIXED,urdu_bm25,4,41940,32.62419128417969,50
post_phase12_module1_M1-B,M1-B,R006,پریمیئر لیگ میں سٹی نے بورنemouth کو کتنے گولوں سے ہرایا,KI,43215,MIXED,urdu_bm25,5,44306,32.51071548461914,50
post_phase12_module1_M1-B,M1-B,R006,پریمیئر لیگ میں سٹی نے بورنemouth کو کتنے گولوں سے ہرایا,KI,43215,MIXED,urdu_bm25,6,44059,32.40523147583008,50
post_phase12_module1_M1-B,M1-B,R006,پریمیئر لیگ میں سٹی نے بورنemouth کو کتنے گولوں سے ہرایا,KI,43215,MIXED,urdu_bm25,7,44286,29.426124572753906,50
post_phase12_module1_M1-B,M1-B,R006,پریمیئر لیگ میں سٹی نے بورنemouth کو کتنے گولوں سے ہرایا,KI,43215,MIXED,urdu_bm25,8,44396,28.997825622558594,50
post_phase12_module1_M1-B,M1-B,R006,پریمیئر لیگ میں سٹی نے بورنemouth کو کتنے گولوں سے ہرایا,KI,43215,MIXED,urdu_bm25,9,86215,28.627904891967773,50
post_phase12_module1_M1-B,M1-B,R006,پریمیئر لیگ میں سٹی نے بورنemouth کو کتنے گولوں سے ہرایا,KI,43215,MIXED,urdu_bm25,10,44452,28.11793327331543,50
post_phase12_module1_M1-B,M1-B,R006,پریمیئر لیگ میں سٹی نے بورنemouth کو کتنے گولوں سے ہرایا,KI,43215,MIXED,urdu_bm25,11,42121,27.973358154296875,50
post_phase12_module1_M1-B,M1-B,R006,پریمیئر لیگ میں سٹی نے بورنemouth کو کتنے گولوں سے ہرایا,KI,43215,MIXED,urdu_bm25,12,43378,27.330976486206055,50
post_phase12_module1_M1-B,M1-B,R006,پریمیئر لیگ میں سٹی نے بورنemouth کو کتنے گولوں سے ہرایا,KI,43215,MIXED,urdu_bm25,13,42120,26.55120277404785,50
post_phase12_module1_M1-B,M1-B,R006,پریمیئر لیگ میں سٹی نے بورنemouth کو کتنے گولوں سے ہرایا,KI,43215,MIXED,urdu_bm25,14,44279,26.461181640625,50
post_phase12_module1_M1-B,M1-B,R006,پریمیئر لیگ میں سٹی نے بورنemouth کو کتنے گولوں سے ہرایا,KI,43215,MIXED,urdu_bm25,15,42789,25.24260902404785,50
post_phase12_module1_M1-B,M1-B,R006,پریمیئر لیگ میں سٹی نے بورنemouth کو کتنے گولوں سے ہرایا,KI,43215,MIXED,urdu_bm25,16,41516,25.028209686279297,50
post_phase12_module1_M1-B,M1-B,R006,پریمیئر لیگ میں سٹی نے بورنemouth کو کتنے گولوں سے ہرایا,KI,43215,MIXED,urdu_bm25,17,43006,24.91816520690918,50
post_phase12_module1_M1-B,M1-B,R006,پریمیئر لیگ میں سٹی نے بورنemouth کو کتنے گولوں سے ہرایا,KI,43215,MIXED,urdu_bm25,18,37702,24.723154067993164,50
post_phase12_module1_M1-B,M1-B,R006,پریمیئر لیگ میں سٹی نے بورنemouth کو کتنے گولوں سے ہرایا,KI,43215,MIXED,urdu_bm25,19,43298,24.484973907470703,50
post_phase12_module1_M1-B,M1-B,R006,پریمیئر لیگ میں سٹی نے بورنemouth کو کتنے گولوں سے ہرایا,KI,43215,MIXED,urdu_bm25,20,26485,23.81545639038086,50
post_phase12_module1_M1-B,M1-B,R006,پریمیئر لیگ میں سٹی نے بورنemouth کو کتنے گولوں سے ہرایا,KI,43215,MIXED,urdu_bm25,21,44294,23.67169761657715,50
post_phase12_module1_M1-B,M1-B,R006,پریمیئر لیگ میں سٹی نے بورنemouth کو کتنے گولوں سے ہرایا,KI,43215,MIXED,urdu_bm25,22,44332,23.36134147644043,50
post_phase12_module1_M1-B,M1-B,R006,پریمیئر لیگ میں سٹی نے بورنemouth کو کتنے گولوں سے ہرایا,KI,43215,MIXED,urdu_bm25,23,42542,23.307777404785156,50
post_phase12_module1_M1-B,M1-B,R006,پریمیئر لیگ میں سٹی نے بورنemouth کو کتنے گولوں سے ہرایا,KI,43215,MIXED,urdu_bm25,24,44237,23.297128677368164,50
post_phase12_module1_M1-B,M1-B,R006,پریمیئر لیگ میں سٹی نے بورنemouth کو کتنے گولوں سے ہرایا,KI,43215,MIXED,urdu_bm25,25,41534,23.226442337036133,50
post_phase12_module1_M1-B,M1-B,R006,پریمیئر لیگ میں سٹی نے بورنemouth کو کتنے گولوں سے ہرایا,KI,43215,MIXED,urdu_bm25,26,41568,23.070758819580078,50
post_phase12_module1_M1-B,M1-B,R006,پریمیئر لیگ میں سٹی نے بورنemouth کو کتنے گولوں سے ہرایا,KI,43215,MIXED,urdu_bm25,27,41544,23.053922653198242,50
post_phase12_module1_M1-B,M1-B,R006,پریمیئر لیگ میں سٹی نے بورنemouth کو کتنے گولوں سے ہرایا,KI,43215,MIXED,urdu_bm25,28,42398,23.016366958618164,50
post_phase12_module1_M1-B,M1-B,R006,پریمیئر لیگ میں سٹی نے بورنemouth کو کتنے گولوں سے ہرایا,KI,43215,MIXED,urdu_bm25,29,41987,22.993391036987305,50
post_phase12_module1_M1-B,M1-B,R006,پریمیئر لیگ میں سٹی نے بورنemouth کو کتنے گولوں سے ہرایا,KI,43215,MIXED,urdu_bm25,30,44179,22.839982986450195,50
post_phase12_module1_M1-B,M1-B,R006,پریمیئر لیگ میں سٹی نے بورنemouth کو کتنے گولوں سے ہرایا,KI,43215,MIXED,urdu_bm25,31,41569,22.808568954467773,50
post_phase12_module1_M1-B,M1-B,R006,پریمیئر لیگ میں سٹی نے بورنemouth کو کتنے گولوں سے ہرایا,KI,43215,MIXED,urdu_bm25,32,41600,22.80149269104004,50
post_phase12_module1_M1-B,M1-B,R006,پریمیئر لیگ میں سٹی نے بورنemouth کو کتنے گولوں سے ہرایا,KI,43215,MIXED,urdu_bm25,33,43205,22.633848190307617,50
post_phase12_module1_M1-B,M1-B,R006,پریمیئر لیگ میں سٹی نے بورنemouth کو کتنے گولوں سے ہرایا,KI,43215,MIXED,urdu_bm25,34,41300,22.566864013671875,50
post_phase12_module1_M1-B,M1-B,R006,پریمیئر لیگ میں سٹی نے بورنemouth کو کتنے گولوں سے ہرایا,KI,43215,MIXED,urdu_bm25,35,43272,22.526094436645508,50
post_phase12_module1_M1-B,M1-B,R006,پریمیئر لیگ میں سٹی نے بورنemouth کو کتنے گولوں سے ہرایا,KI,43215,MIXED,urdu_bm25,36,42803,22.472761154174805,50
post_phase12_module1_M1-B,M1-B,R006,پریمیئر لیگ میں سٹی نے بورنemouth کو کتنے گولوں سے ہرایا,KI,43215,MIXED,urdu_bm25,37,44400,22.39617347717285,50
post_phase12_module1_M1-B,M1-B,R006,پریمیئر لیگ میں سٹی نے بورنemouth کو کتنے گولوں سے ہرایا,KI,43215,MIXED,urdu_bm25,38,33143,22.33844566345215,50
post_phase12_module1_M1-B,M1-B,R006,پریمیئر لیگ میں سٹی نے بورنemouth کو کتنے گولوں سے ہرایا,KI,43215,MIXED,urdu_bm25,39,41320,22.319055557250977,50
post_phase12_module1_M1-B,M1-B,R006,پریمیئر لیگ میں سٹی نے بورنemouth کو کتنے گولوں سے ہرایا,KI,43215,MIXED,urdu_bm25,40,42071,22.26630973815918,50
post_phase12_module1_M1-B,M1-B,R006,پریمیئر لیگ میں سٹی نے بورنemouth کو کتنے گولوں سے ہرایا,KI,43215,MIXED,urdu_bm25,41,42977,22.16007423400879,50
post_phase12_module1_M1-B,M1-B,R006,پریمیئر لیگ میں سٹی نے بورنemouth کو کتنے گولوں سے ہرایا,KI,43215,MIXED,urdu_bm25,42,43550,22.002748489379883,50
post_phase12_module1_M1-B,M1-B,R006,پریمیئر لیگ میں سٹی نے بورنemouth کو کتنے گولوں سے ہرایا,KI,43215,MIXED,urdu_bm25,43,27266,21.998199462890625,50
post_phase12_module1_M1-B,M1-B,R006,پریمیئر لیگ میں سٹی نے بورنemouth کو کتنے گولوں سے ہرایا,KI,43215,MIXED,urdu_bm25,44,41287,21.96417808532715,50
post_phase12_module1_M1-B,M1-B,R006,پریمیئر لیگ میں سٹی نے بورنemouth کو کتنے گولوں سے ہرایا,KI,43215,MIXED,urdu_bm25,45,37278,21.95413589477539,50
post_phase12_module1_M1-B,M1-B,R006,پریمیئر لیگ میں سٹی نے بورنemouth کو کتنے گولوں سے ہرایا,KI,43215,MIXED,urdu_bm25,46,43011,21.809892654418945,50
post_phase12_module1_M1-B,M1-B,R006,پریمیئر لیگ میں سٹی نے بورنemouth کو کتنے گولوں سے ہرایا,KI,43215,MIXED,urdu_bm25,47,43268,21.808176040649414,50
post_phase12_module1_M1-B,M1-B,R006,پریمیئر لیگ میں سٹی نے بورنemouth کو کتنے گولوں سے ہرایا,KI,43215,MIXED,urdu_bm25,48,87209,21.752574920654297,50
post_phase12_module1_M1-B,M1-B,R006,پریمیئر لیگ میں سٹی نے بورنemouth کو کتنے گولوں سے ہرایا,KI,43215,MIXED,urdu_bm25,49,25027,21.725265502929688,50
post_phase12_module1_M1-B,M1-B,R006,پریمیئر لیگ میں سٹی نے بورنemouth کو کتنے گولوں سے ہرایا,KI,43215,MIXED,urdu_bm25,50,25359,21.658557891845703,50
post_phase12_module1_M1-B,M1-B,R007,جدید گیجٹس کی وجہ سے وقت تیزی سے گزرنے کا احساس کیوں,KI,23576,URDU,urdu_bm25,1,23576,22.489280700683594,50
post_phase12_module1_M1-B,M1-B,R007,جدید گیجٹس کی وجہ سے وقت تیزی سے گزرنے کا احساس کیوں,KI,23576,URDU,urdu_bm25,2,51298,20.53546905517578,50
post_phase12_module1_M1-B,M1-B,R007,جدید گیجٹس کی وجہ سے وقت تیزی سے گزرنے کا احساس کیوں,KI,23576,URDU,urdu_bm25,3,23071,17.92020034790039,50
post_phase12_module1_M1-B,M1-B,R007,جدید گیجٹس کی وجہ سے وقت تیزی سے گزرنے کا احساس کیوں,KI,23576,URDU,urdu_bm25,4,80089,17.586217880249023,50
post_phase12_module1_M1-B,M1-B,R007,جدید گیجٹس کی وجہ سے وقت تیزی سے گزرنے کا احساس کیوں,KI,23576,URDU,urdu_bm25,5,24587,17.3376522064209,50
post_phase12_module1_M1-B,M1-B,R007,جدید گیجٹس کی وجہ سے وقت تیزی سے گزرنے کا احساس کیوں,KI,23576,URDU,urdu_bm25,6,79550,17.33460235595703,50
post_phase12_module1_M1-B,M1-B,R007,جدید گیجٹس کی وجہ سے وقت تیزی سے گزرنے کا احساس کیوں,KI,23576,URDU,urdu_bm25,7,59976,17.312847137451172,50
post_phase12_module1_M1-B,M1-B,R007,جدید گیجٹس کی وجہ سے وقت تیزی سے گزرنے کا احساس کیوں,KI,23576,URDU,urdu_bm25,8,38940,16.231218338012695,50
post_phase12_module1_M1-B,M1-B,R007,جدید گیجٹس کی وجہ سے وقت تیزی سے گزرنے کا احساس کیوں,KI,23576,URDU,urdu_bm25,9,39602,16.176361083984375,50
post_phase12_module1_M1-B,M1-B,R007,جدید گیجٹس کی وجہ سے وقت تیزی سے گزرنے کا احساس کیوں,KI,23576,URDU,urdu_bm25,10,14894,15.520587921142578,50
post_phase12_module1_M1-B,M1-B,R007,جدید گیجٹس کی وجہ سے وقت تیزی سے گزرنے کا احساس کیوں,KI,23576,URDU,urdu_bm25,11,22512,15.054325103759766,50
post_phase12_module1_M1-B,M1-B,R007,جدید گیجٹس کی وجہ سے وقت تیزی سے گزرنے کا احساس کیوں,KI,23576,URDU,urdu_bm25,12,1640,15.010689735412598,50
post_phase12_module1_M1-B,M1-B,R007,جدید گیجٹس کی وجہ سے وقت تیزی سے گزرنے کا احساس کیوں,KI,23576,URDU,urdu_bm25,13,6901,14.896627426147461,50
post_phase12_module1_M1-B,M1-B,R007,جدید گیجٹس کی وجہ سے وقت تیزی سے گزرنے کا احساس کیوں,KI,23576,URDU,urdu_bm25,14,19139,14.839343070983887,50
post_phase12_module1_M1-B,M1-B,R007,جدید گیجٹس کی وجہ سے وقت تیزی سے گزرنے کا احساس کیوں,KI,23576,URDU,urdu_bm25,15,86199,14.813131332397461,50
post_phase12_module1_M1-B,M1-B,R007,جدید گیجٹس کی وجہ سے وقت تیزی سے گزرنے کا احساس کیوں,KI,23576,URDU,urdu_bm25,16,106415,14.738067626953125,50
post_phase12_module1_M1-B,M1-B,R007,جدید گیجٹس کی وجہ سے وقت تیزی سے گزرنے کا احساس کیوں,KI,23576,URDU,urdu_bm25,17,20935,14.601177215576172,50
post_phase12_module1_M1-B,M1-B,R007,جدید گیجٹس کی وجہ سے وقت تیزی سے گزرنے کا احساس کیوں,KI,23576,URDU,urdu_bm25,18,23151,14.498008728027344,50
post_phase12_module1_M1-B,M1-B,R007,جدید گیجٹس کی وجہ سے وقت تیزی سے گزرنے کا احساس کیوں,KI,23576,URDU,urdu_bm25,19,24623,14.472965240478516,50
post_phase12_module1_M1-B,M1-B,R007,جدید گیجٹس کی وجہ سے وقت تیزی سے گزرنے کا احساس کیوں,KI,23576,URDU,urdu_bm25,20,73334,14.46783447265625,50
post_phase12_module1_M1-B,M1-B,R007,جدید گیجٹس کی وجہ سے وقت تیزی سے گزرنے کا احساس کیوں,KI,23576,URDU,urdu_bm25,21,23493,14.442874908447266,50
post_phase12_module1_M1-B,M1-B,R007,جدید گیجٹس کی وجہ سے وقت تیزی سے گزرنے کا احساس کیوں,KI,23576,URDU,urdu_bm25,22,22333,14.413589477539062,50
post_phase12_module1_M1-B,M1-B,R007,جدید گیجٹس کی وجہ سے وقت تیزی سے گزرنے کا احساس کیوں,KI,23576,URDU,urdu_bm25,23,40471,14.231634140014648,50
post_phase12_module1_M1-B,M1-B,R007,جدید گیجٹس کی وجہ سے وقت تیزی سے گزرنے کا احساس کیوں,KI,23576,URDU,urdu_bm25,24,40200,14.186473846435547,50
post_phase12_module1_M1-B,M1-B,R007,جدید گیجٹس کی وجہ سے وقت تیزی سے گزرنے کا احساس کیوں,KI,23576,URDU,urdu_bm25,25,103250,14.12782096862793,50
post_phase12_module1_M1-B,M1-B,R007,جدید گیجٹس کی وجہ سے وقت تیزی سے گزرنے کا احساس کیوں,KI,23576,URDU,urdu_bm25,26,110828,14.062379837036133,50
post_phase12_module1_M1-B,M1-B,R007,جدید گیجٹس کی وجہ سے وقت تیزی سے گزرنے کا احساس کیوں,KI,23576,URDU,urdu_bm25,27,14648,14.057156562805176,50
post_phase12_module1_M1-B,M1-B,R007,جدید گیجٹس کی وجہ سے وقت تیزی سے گزرنے کا احساس کیوں,KI,23576,URDU,urdu_bm25,28,5764,14.00145149230957,50
post_phase12_module1_M1-B,M1-B,R007,جدید گیجٹس کی وجہ سے وقت تیزی سے گزرنے کا احساس کیوں,KI,23576,URDU,urdu_bm25,29,100963,13.800434112548828,50
post_phase12_module1_M1-B,M1-B,R007,جدید گیجٹس کی وجہ سے وقت تیزی سے گزرنے کا احساس کیوں,KI,23576,URDU,urdu_bm25,30,348,13.619725227355957,50
post_phase12_module1_M1-B,M1-B,R007,جدید گیجٹس کی وجہ سے وقت تیزی سے گزرنے کا احساس کیوں,KI,23576,URDU,urdu_bm25,31,15701,13.599971771240234,50
post_phase12_module1_M1-B,M1-B,R007,جدید گیجٹس کی وجہ سے وقت تیزی سے گزرنے کا احساس کیوں,KI,23576,URDU,urdu_bm25,32,15080,13.522969245910645,50
post_phase12_module1_M1-B,M1-B,R007,جدید گیجٹس کی وجہ سے وقت تیزی سے گزرنے کا احساس کیوں,KI,23576,URDU,urdu_bm25,33,20522,13.4664306640625,50
post_phase12_module1_M1-B,M1-B,R007,جدید گیجٹس کی وجہ سے وقت تیزی سے گزرنے کا احساس کیوں,KI,23576,URDU,urdu_bm25,34,24628,13.38198471069336,50
post_phase12_module1_M1-B,M1-B,R007,جدید گیجٹس کی وجہ سے وقت تیزی سے گزرنے کا احساس کیوں,KI,23576,URDU,urdu_bm25,35,79655,13.344488143920898,50
post_phase12_module1_M1-B,M1-B,R007,جدید گیجٹس کی وجہ سے وقت تیزی سے گزرنے کا احساس کیوں,KI,23576,URDU,urdu_bm25,36,79355,13.297853469848633,50
post_phase12_module1_M1-B,M1-B,R007,جدید گیجٹس کی وجہ سے وقت تیزی سے گزرنے کا احساس کیوں,KI,23576,URDU,urdu_bm25,37,5504,13.175331115722656,50
post_phase12_module1_M1-B,M1-B,R007,جدید گیجٹس کی وجہ سے وقت تیزی سے گزرنے کا احساس کیوں,KI,23576,URDU,urdu_bm25,38,21008,13.105758666992188,50
post_phase12_module1_M1-B,M1-B,R007,جدید گیجٹس کی وجہ سے وقت تیزی سے گزرنے کا احساس کیوں,KI,23576,URDU,urdu_bm25,39,6157,13.0862455368042,50
post_phase12_module1_M1-B,M1-B,R007,جدید گیجٹس کی وجہ سے وقت تیزی سے گزرنے کا احساس کیوں,KI,23576,URDU,urdu_bm25,40,12741,13.055700302124023,50
post_phase12_module1_M1-B,M1-B,R007,جدید گیجٹس کی وجہ سے وقت تیزی سے گزرنے کا احساس کیوں,KI,23576,URDU,urdu_bm25,41,5465,13.016841888427734,50
post_phase12_module1_M1-B,M1-B,R007,جدید گیجٹس کی وجہ سے وقت تیزی سے گزرنے کا احساس کیوں,KI,23576,URDU,urdu_bm25,42,110723,12.952474594116211,50
post_phase12_module1_M1-B,M1-B,R007,جدید گیجٹس کی وجہ سے وقت تیزی سے گزرنے کا احساس کیوں,KI,23576,URDU,urdu_bm25,43,23092,12.951837539672852,50
post_phase12_module1_M1-B,M1-B,R007,جدید گیجٹس کی وجہ سے وقت تیزی سے گزرنے کا احساس کیوں,KI,23576,URDU,urdu_bm25,44,72266,12.878799438476562,50
post_phase12_module1_M1-B,M1-B,R007,جدید گیجٹس کی وجہ سے وقت تیزی سے گزرنے کا احساس کیوں,KI,23576,URDU,urdu_bm25,45,103491,12.860616683959961,50
post_phase12_module1_M1-B,M1-B,R007,جدید گیجٹس کی وجہ سے وقت تیزی سے گزرنے کا احساس کیوں,KI,23576,URDU,urdu_bm25,46,31246,12.832681655883789,50
post_phase12_module1_M1-B,M1-B,R007,جدید گیجٹس کی وجہ سے وقت تیزی سے گزرنے کا احساس کیوں,KI,23576,URDU,urdu_bm25,47,15816,12.802891731262207,50
post_phase12_module1_M1-B,M1-B,R007,جدید گیجٹس کی وجہ سے وقت تیزی سے گزرنے کا احساس کیوں,KI,23576,URDU,urdu_bm25,48,88509,12.798650741577148,50
post_phase12_module1_M1-B,M1-B,R007,جدید گیجٹس کی وجہ سے وقت تیزی سے گزرنے کا احساس کیوں,KI,23576,URDU,urdu_bm25,49,72746,12.796602249145508,50
post_phase12_module1_M1-B,M1-B,R007,جدید گیجٹس کی وجہ سے وقت تیزی سے گزرنے کا احساس کیوں,KI,23576,URDU,urdu_bm25,50,106662,12.763699531555176,50
post_phase12_module1_M1-B,M1-B,R008,ایک عام گوگل تلاش سے ٹرمپ خاندان کی مالی تاریخ سامنے کیسے آئی,KI,21267,URDU,urdu_bm25,1,21267,39.62596893310547,50
post_phase12_module1_M1-B,M1-B,R008,ایک عام گوگل تلاش سے ٹرمپ خاندان کی مالی تاریخ سامنے کیسے آئی,KI,21267,URDU,urdu_bm25,2,23238,31.5482177734375,50
post_phase12_module1_M1-B,M1-B,R008,ایک عام گوگل تلاش سے ٹرمپ خاندان کی مالی تاریخ سامنے کیسے آئی,KI,21267,URDU,urdu_bm25,3,19233,21.6776065826416,50
post_phase12_module1_M1-B,M1-B,R008,ایک عام گوگل تلاش سے ٹرمپ خاندان کی مالی تاریخ سامنے کیسے آئی,KI,21267,URDU,urdu_bm25,4,22428,21.552515029907227,50
post_phase12_module1_M1-B,M1-B,R008,ایک عام گوگل تلاش سے ٹرمپ خاندان کی مالی تاریخ سامنے کیسے آئی,KI,21267,URDU,urdu_bm25,5,10660,20.733182907104492,50
post_phase12_module1_M1-B,M1-B,R008,ایک عام گوگل تلاش سے ٹرمپ خاندان کی مالی تاریخ سامنے کیسے آئی,KI,21267,URDU,urdu_bm25,6,22281,20.69900131225586,50
post_phase12_module1_M1-B,M1-B,R008,ایک عام گوگل تلاش سے ٹرمپ خاندان کی مالی تاریخ سامنے کیسے آئی,KI,21267,URDU,urdu_bm25,7,22635,20.582477569580078,50
post_phase12_module1_M1-B,M1-B,R008,ایک عام گوگل تلاش سے ٹرمپ خاندان کی مالی تاریخ سامنے کیسے آئی,KI,21267,URDU,urdu_bm25,8,20485,20.4810848236084,50
post_phase12_module1_M1-B,M1-B,R008,ایک عام گوگل تلاش سے ٹرمپ خاندان کی مالی تاریخ سامنے کیسے آئی,KI,21267,URDU,urdu_bm25,9,19950,20.39687728881836,50
post_phase12_module1_M1-B,M1-B,R008,ایک عام گوگل تلاش سے ٹرمپ خاندان کی مالی تاریخ سامنے کیسے آئی,KI,21267,URDU,urdu_bm25,10,21358,20.349510192871094,50
post_phase12_module1_M1-B,M1-B,R008,ایک عام گوگل تلاش سے ٹرمپ خاندان کی مالی تاریخ سامنے کیسے آئی,KI,21267,URDU,urdu_bm25,11,60710,20.03177261352539,50
post_phase12_module1_M1-B,M1-B,R008,ایک عام گوگل تلاش سے ٹرمپ خاندان کی مالی تاریخ سامنے کیسے آئی,KI,21267,URDU,urdu_bm25,12,59848,19.90634536743164,50
post_phase12_module1_M1-B,M1-B,R008,ایک عام گوگل تلاش سے ٹرمپ خاندان کی مالی تاریخ سامنے کیسے آئی,KI,21267,URDU,urdu_bm25,13,23427,19.729877471923828,50
post_phase12_module1_M1-B,M1-B,R008,ایک عام گوگل تلاش سے ٹرمپ خاندان کی مالی تاریخ سامنے کیسے آئی,KI,21267,URDU,urdu_bm25,14,20722,19.671762466430664,50
post_phase12_module1_M1-B,M1-B,R008,ایک عام گوگل تلاش سے ٹرمپ خاندان کی مالی تاریخ سامنے کیسے آئی,KI,21267,URDU,urdu_bm25,15,24645,19.619417190551758,50
post_phase12_module1_M1-B,M1-B,R008,ایک عام گوگل تلاش سے ٹرمپ خاندان کی مالی تاریخ سامنے کیسے آئی,KI,21267,URDU,urdu_bm25,16,15093,19.616226196289062,50
post_phase12_module1_M1-B,M1-B,R008,ایک عام گوگل تلاش سے ٹرمپ خاندان کی مالی تاریخ سامنے کیسے آئی,KI,21267,URDU,urdu_bm25,17,23126,19.456729888916016,50
post_phase12_module1_M1-B,M1-B,R008,ایک عام گوگل تلاش سے ٹرمپ خاندان کی مالی تاریخ سامنے کیسے آئی,KI,21267,URDU,urdu_bm25,18,19808,19.268699645996094,50
post_phase12_module1_M1-B,M1-B,R008,ایک عام گوگل تلاش سے ٹرمپ خاندان کی مالی تاریخ سامنے کیسے آئی,KI,21267,URDU,urdu_bm25,19,20486,19.194292068481445,50
post_phase12_module1_M1-B,M1-B,R008,ایک عام گوگل تلاش سے ٹرمپ خاندان کی مالی تاریخ سامنے کیسے آئی,KI,21267,URDU,urdu_bm25,20,59702,19.043903350830078,50
post_phase12_module1_M1-B,M1-B,R008,ایک عام گوگل تلاش سے ٹرمپ خاندان کی مالی تاریخ سامنے کیسے آئی,KI,21267,URDU,urdu_bm25,21,23216,18.92774200439453,50
post_phase12_module1_M1-B,M1-B,R008,ایک عام گوگل تلاش سے ٹرمپ خاندان کی مالی تاریخ سامنے کیسے آئی,KI,21267,URDU,urdu_bm25,22,23152,18.887332916259766,50
post_phase12_module1_M1-B,M1-B,R008,ایک عام گوگل تلاش سے ٹرمپ خاندان کی مالی تاریخ سامنے کیسے آئی,KI,21267,URDU,urdu_bm25,23,22634,18.62840461730957,50
post_phase12_module1_M1-B,M1-B,R008,ایک عام گوگل تلاش سے ٹرمپ خاندان کی مالی تاریخ سامنے کیسے آئی,KI,21267,URDU,urdu_bm25,24,21342,18.620681762695312,50
post_phase12_module1_M1-B,M1-B,R008,ایک عام گوگل تلاش سے ٹرمپ خاندان کی مالی تاریخ سامنے کیسے آئی,KI,21267,URDU,urdu_bm25,25,9983,18.586273193359375,50
post_phase12_module1_M1-B,M1-B,R008,ایک عام گوگل تلاش سے ٹرمپ خاندان کی مالی تاریخ سامنے کیسے آئی,KI,21267,URDU,urdu_bm25,26,20304,18.318265914916992,50
post_phase12_module1_M1-B,M1-B,R008,ایک عام گوگل تلاش سے ٹرمپ خاندان کی مالی تاریخ سامنے کیسے آئی,KI,21267,URDU,urdu_bm25,27,22012,18.26798439025879,50
post_phase12_module1_M1-B,M1-B,R008,ایک عام گوگل تلاش سے ٹرمپ خاندان کی مالی تاریخ سامنے کیسے آئی,KI,21267,URDU,urdu_bm25,28,21149,18.226301193237305,50
post_phase12_module1_M1-B,M1-B,R008,ایک عام گوگل تلاش سے ٹرمپ خاندان کی مالی تاریخ سامنے کیسے آئی,KI,21267,URDU,urdu_bm25,29,14972,18.199602127075195,50
post_phase12_module1_M1-B,M1-B,R008,ایک عام گوگل تلاش سے ٹرمپ خاندان کی مالی تاریخ سامنے کیسے آئی,KI,21267,URDU,urdu_bm25,30,20293,18.130603790283203,50
post_phase12_module1_M1-B,M1-B,R008,ایک عام گوگل تلاش سے ٹرمپ خاندان کی مالی تاریخ سامنے کیسے آئی,KI,21267,URDU,urdu_bm25,31,59906,18.121259689331055,50
post_phase12_module1_M1-B,M1-B,R008,ایک عام گوگل تلاش سے ٹرمپ خاندان کی مالی تاریخ سامنے کیسے آئی,KI,21267,URDU,urdu_bm25,32,21749,18.077899932861328,50
post_phase12_module1_M1-B,M1-B,R008,ایک عام گوگل تلاش سے ٹرمپ خاندان کی مالی تاریخ سامنے کیسے آئی,KI,21267,URDU,urdu_bm25,33,60430,18.064937591552734,50
post_phase12_module1_M1-B,M1-B,R008,ایک عام گوگل تلاش سے ٹرمپ خاندان کی مالی تاریخ سامنے کیسے آئی,KI,21267,URDU,urdu_bm25,34,6601,18.043912887573242,50
post_phase12_module1_M1-B,M1-B,R008,ایک عام گوگل تلاش سے ٹرمپ خاندان کی مالی تاریخ سامنے کیسے آئی,KI,21267,URDU,urdu_bm25,35,24255,17.98244857788086,50
post_phase12_module1_M1-B,M1-B,R008,ایک عام گوگل تلاش سے ٹرمپ خاندان کی مالی تاریخ سامنے کیسے آئی,KI,21267,URDU,urdu_bm25,36,4235,17.960723876953125,50
post_phase12_module1_M1-B,M1-B,R008,ایک عام گوگل تلاش سے ٹرمپ خاندان کی مالی تاریخ سامنے کیسے آئی,KI,21267,URDU,urdu_bm25,37,17898,17.908159255981445,50
post_phase12_module1_M1-B,M1-B,R008,ایک عام گوگل تلاش سے ٹرمپ خاندان کی مالی تاریخ سامنے کیسے آئی,KI,21267,URDU,urdu_bm25,38,21463,17.891902923583984,50
post_phase12_module1_M1-B,M1-B,R008,ایک عام گوگل تلاش سے ٹرمپ خاندان کی مالی تاریخ سامنے کیسے آئی,KI,21267,URDU,urdu_bm25,39,21836,17.890830993652344,50
post_phase12_module1_M1-B,M1-B,R008,ایک عام گوگل تلاش سے ٹرمپ خاندان کی مالی تاریخ سامنے کیسے آئی,KI,21267,URDU,urdu_bm25,40,23038,17.879215240478516,50
post_phase12_module1_M1-B,M1-B,R008,ایک عام گوگل تلاش سے ٹرمپ خاندان کی مالی تاریخ سامنے کیسے آئی,KI,21267,URDU,urdu_bm25,41,21547,17.7235050201416,50
post_phase12_module1_M1-B,M1-B,R008,ایک عام گوگل تلاش سے ٹرمپ خاندان کی مالی تاریخ سامنے کیسے آئی,KI,21267,URDU,urdu_bm25,42,19547,17.48856544494629,50
post_phase12_module1_M1-B,M1-B,R008,ایک عام گوگل تلاش سے ٹرمپ خاندان کی مالی تاریخ سامنے کیسے آئی,KI,21267,URDU,urdu_bm25,43,22715,17.387861251831055,50
post_phase12_module1_M1-B,M1-B,R008,ایک عام گوگل تلاش سے ٹرمپ خاندان کی مالی تاریخ سامنے کیسے آئی,KI,21267,URDU,urdu_bm25,44,11393,17.202301025390625,50
post_phase12_module1_M1-B,M1-B,R008,ایک عام گوگل تلاش سے ٹرمپ خاندان کی مالی تاریخ سامنے کیسے آئی,KI,21267,URDU,urdu_bm25,45,79366,17.195659637451172,50
post_phase12_module1_M1-B,M1-B,R008,ایک عام گوگل تلاش سے ٹرمپ خاندان کی مالی تاریخ سامنے کیسے آئی,KI,21267,URDU,urdu_bm25,46,20399,17.187454223632812,50
post_phase12_module1_M1-B,M1-B,R008,ایک عام گوگل تلاش سے ٹرمپ خاندان کی مالی تاریخ سامنے کیسے آئی,KI,21267,URDU,urdu_bm25,47,10094,17.183908462524414,50
post_phase12_module1_M1-B,M1-B,R008,ایک عام گوگل تلاش سے ٹرمپ خاندان کی مالی تاریخ سامنے کیسے آئی,KI,21267,URDU,urdu_bm25,48,21300,17.16553497314453,50
post_phase12_module1_M1-B,M1-B,R008,ایک عام گوگل تلاش سے ٹرمپ خاندان کی مالی تاریخ سامنے کیسے آئی,KI,21267,URDU,urdu_bm25,49,21766,17.08108901977539,50
post_phase12_module1_M1-B,M1-B,R008,ایک عام گوگل تلاش سے ٹرمپ خاندان کی مالی تاریخ سامنے کیسے آئی,KI,21267,URDU,urdu_bm25,50,21411,17.075035095214844,50
post_phase12_module1_M1-B,M1-B,R009,سیالکوٹ ایئرپورٹ پر بین الاقوامی فلائٹس کا اعتماد کیوں بڑھ رہا ہے,KI,38938,URDU,urdu_bm25,1,41164,25.68331527709961,50
post_phase12_module1_M1-B,M1-B,R009,سیالکوٹ ایئرپورٹ پر بین الاقوامی فلائٹس کا اعتماد کیوں بڑھ رہا ہے,KI,38938,URDU,urdu_bm25,2,38938,24.257720947265625,50
post_phase12_module1_M1-B,M1-B,R009,سیالکوٹ ایئرپورٹ پر بین الاقوامی فلائٹس کا اعتماد کیوں بڑھ رہا ہے,KI,38938,URDU,urdu_bm25,3,63567,23.726016998291016,50
post_phase12_module1_M1-B,M1-B,R009,سیالکوٹ ایئرپورٹ پر بین الاقوامی فلائٹس کا اعتماد کیوں بڑھ رہا ہے,KI,38938,URDU,urdu_bm25,4,27302,22.278823852539062,50
post_phase12_module1_M1-B,M1-B,R009,سیالکوٹ ایئرپورٹ پر بین الاقوامی فلائٹس کا اعتماد کیوں بڑھ رہا ہے,KI,38938,URDU,urdu_bm25,5,74486,22.235631942749023,50
post_phase12_module1_M1-B,M1-B,R009,سیالکوٹ ایئرپورٹ پر بین الاقوامی فلائٹس کا اعتماد کیوں بڑھ رہا ہے,KI,38938,URDU,urdu_bm25,6,41210,21.680557250976562,50
post_phase12_module1_M1-B,M1-B,R009,سیالکوٹ ایئرپورٹ پر بین الاقوامی فلائٹس کا اعتماد کیوں بڑھ رہا ہے,KI,38938,URDU,urdu_bm25,7,74466,21.60259246826172,50
post_phase12_module1_M1-B,M1-B,R009,سیالکوٹ ایئرپورٹ پر بین الاقوامی فلائٹس کا اعتماد کیوں بڑھ رہا ہے,KI,38938,URDU,urdu_bm25,8,60213,21.34960174560547,50
post_phase12_module1_M1-B,M1-B,R009,سیالکوٹ ایئرپورٹ پر بین الاقوامی فلائٹس کا اعتماد کیوں بڑھ رہا ہے,KI,38938,URDU,urdu_bm25,9,39537,21.149381637573242,50
post_phase12_module1_M1-B,M1-B,R009,سیالکوٹ ایئرپورٹ پر بین الاقوامی فلائٹس کا اعتماد کیوں بڑھ رہا ہے,KI,38938,URDU,urdu_bm25,10,32665,20.957942962646484,50
post_phase12_module1_M1-B,M1-B,R009,سیالکوٹ ایئرپورٹ پر بین الاقوامی فلائٹس کا اعتماد کیوں بڑھ رہا ہے,KI,38938,URDU,urdu_bm25,11,99643,20.92486572265625,50
post_phase12_module1_M1-B,M1-B,R009,سیالکوٹ ایئرپورٹ پر بین الاقوامی فلائٹس کا اعتماد کیوں بڑھ رہا ہے,KI,38938,URDU,urdu_bm25,12,61372,20.687755584716797,50
post_phase12_module1_M1-B,M1-B,R009,سیالکوٹ ایئرپورٹ پر بین الاقوامی فلائٹس کا اعتماد کیوں بڑھ رہا ہے,KI,38938,URDU,urdu_bm25,13,40243,20.480655670166016,50
post_phase12_module1_M1-B,M1-B,R009,سیالکوٹ ایئرپورٹ پر بین الاقوامی فلائٹس کا اعتماد کیوں بڑھ رہا ہے,KI,38938,URDU,urdu_bm25,14,48219,20.266193389892578,50
post_phase12_module1_M1-B,M1-B,R009,سیالکوٹ ایئرپورٹ پر بین الاقوامی فلائٹس کا اعتماد کیوں بڑھ رہا ہے,KI,38938,URDU,urdu_bm25,15,64581,19.84140968322754,50
post_phase12_module1_M1-B,M1-B,R009,سیالکوٹ ایئرپورٹ پر بین الاقوامی فلائٹس کا اعتماد کیوں بڑھ رہا ہے,KI,38938,URDU,urdu_bm25,16,63547,19.718368530273438,50
post_phase12_module1_M1-B,M1-B,R009,سیالکوٹ ایئرپورٹ پر بین الاقوامی فلائٹس کا اعتماد کیوں بڑھ رہا ہے,KI,38938,URDU,urdu_bm25,17,35637,19.660175323486328,50
post_phase12_module1_M1-B,M1-B,R009,سیالکوٹ ایئرپورٹ پر بین الاقوامی فلائٹس کا اعتماد کیوں بڑھ رہا ہے,KI,38938,URDU,urdu_bm25,18,61887,19.554468154907227,50
post_phase12_module1_M1-B,M1-B,R009,سیالکوٹ ایئرپورٹ پر بین الاقوامی فلائٹس کا اعتماد کیوں بڑھ رہا ہے,KI,38938,URDU,urdu_bm25,19,75460,19.5050048828125,50
post_phase12_module1_M1-B,M1-B,R009,سیالکوٹ ایئرپورٹ پر بین الاقوامی فلائٹس کا اعتماد کیوں بڑھ رہا ہے,KI,38938,URDU,urdu_bm25,20,62591,19.251672744750977,50
post_phase12_module1_M1-B,M1-B,R009,سیالکوٹ ایئرپورٹ پر بین الاقوامی فلائٹس کا اعتماد کیوں بڑھ رہا ہے,KI,38938,URDU,urdu_bm25,21,63065,19.17589569091797,50
post_phase12_module1_M1-B,M1-B,R009,سیالکوٹ ایئرپورٹ پر بین الاقوامی فلائٹس کا اعتماد کیوں بڑھ رہا ہے,KI,38938,URDU,urdu_bm25,22,64213,18.984474182128906,50
post_phase12_module1_M1-B,M1-B,R009,سیالکوٹ ایئرپورٹ پر بین الاقوامی فلائٹس کا اعتماد کیوں بڑھ رہا ہے,KI,38938,URDU,urdu_bm25,23,109381,18.95572280883789,50
post_phase12_module1_M1-B,M1-B,R009,سیالکوٹ ایئرپورٹ پر بین الاقوامی فلائٹس کا اعتماد کیوں بڑھ رہا ہے,KI,38938,URDU,urdu_bm25,24,73820,18.943086624145508,50
post_phase12_module1_M1-B,M1-B,R009,سیالکوٹ ایئرپورٹ پر بین الاقوامی فلائٹس کا اعتماد کیوں بڑھ رہا ہے,KI,38938,URDU,urdu_bm25,25,110506,18.874906539916992,50
post_phase12_module1_M1-B,M1-B,R009,سیالکوٹ ایئرپورٹ پر بین الاقوامی فلائٹس کا اعتماد کیوں بڑھ رہا ہے,KI,38938,URDU,urdu_bm25,26,65133,18.621131896972656,50
post_phase12_module1_M1-B,M1-B,R009,سیالکوٹ ایئرپورٹ پر بین الاقوامی فلائٹس کا اعتماد کیوں بڑھ رہا ہے,KI,38938,URDU,urdu_bm25,27,28512,18.543113708496094,50
post_phase12_module1_M1-B,M1-B,R009,سیالکوٹ ایئرپورٹ پر بین الاقوامی فلائٹس کا اعتماد کیوں بڑھ رہا ہے,KI,38938,URDU,urdu_bm25,28,268,18.486377716064453,50
post_phase12_module1_M1-B,M1-B,R009,سیالکوٹ ایئرپورٹ پر بین الاقوامی فلائٹس کا اعتماد کیوں بڑھ رہا ہے,KI,38938,URDU,urdu_bm25,29,29178,18.298322677612305,50
post_phase12_module1_M1-B,M1-B,R009,سیالکوٹ ایئرپورٹ پر بین الاقوامی فلائٹس کا اعتماد کیوں بڑھ رہا ہے,KI,38938,URDU,urdu_bm25,30,30936,18.29591178894043,50
post_phase12_module1_M1-B,M1-B,R009,سیالکوٹ ایئرپورٹ پر بین الاقوامی فلائٹس کا اعتماد کیوں بڑھ رہا ہے,KI,38938,URDU,urdu_bm25,31,55947,18.246429443359375,50
post_phase12_module1_M1-B,M1-B,R009,سیالکوٹ ایئرپورٹ پر بین الاقوامی فلائٹس کا اعتماد کیوں بڑھ رہا ہے,KI,38938,URDU,urdu_bm25,32,88339,18.157737731933594,50
post_phase12_module1_M1-B,M1-B,R009,سیالکوٹ ایئرپورٹ پر بین الاقوامی فلائٹس کا اعتماد کیوں بڑھ رہا ہے,KI,38938,URDU,urdu_bm25,33,88948,18.152606964111328,50
post_phase12_module1_M1-B,M1-B,R009,سیالکوٹ ایئرپورٹ پر بین الاقوامی فلائٹس کا اعتماد کیوں بڑھ رہا ہے,KI,38938,URDU,urdu_bm25,34,81086,17.991321563720703,50
post_phase12_module1_M1-B,M1-B,R009,سیالکوٹ ایئرپورٹ پر بین الاقوامی فلائٹس کا اعتماد کیوں بڑھ رہا ہے,KI,38938,URDU,urdu_bm25,35,82413,17.944196701049805,50
post_phase12_module1_M1-B,M1-B,R009,سیالکوٹ ایئرپورٹ پر بین الاقوامی فلائٹس کا اعتماد کیوں بڑھ رہا ہے,KI,38938,URDU,urdu_bm25,36,75196,17.779109954833984,50
post_phase12_module1_M1-B,M1-B,R009,سیالکوٹ ایئرپورٹ پر بین الاقوامی فلائٹس کا اعتماد کیوں بڑھ رہا ہے,KI,38938,URDU,urdu_bm25,37,19100,17.69565773010254,50
post_phase12_module1_M1-B,M1-B,R009,سیالکوٹ ایئرپورٹ پر بین الاقوامی فلائٹس کا اعتماد کیوں بڑھ رہا ہے,KI,38938,URDU,urdu_bm25,38,73261,17.589521408081055,50
post_phase12_module1_M1-B,M1-B,R009,سیالکوٹ ایئرپورٹ پر بین الاقوامی فلائٹس کا اعتماد کیوں بڑھ رہا ہے,KI,38938,URDU,urdu_bm25,39,29127,17.5284481048584,50
post_phase12_module1_M1-B,M1-B,R009,سیالکوٹ ایئرپورٹ پر بین الاقوامی فلائٹس کا اعتماد کیوں بڑھ رہا ہے,KI,38938,URDU,urdu_bm25,40,61433,17.520706176757812,50
post_phase12_module1_M1-B,M1-B,R009,سیالکوٹ ایئرپورٹ پر بین الاقوامی فلائٹس کا اعتماد کیوں بڑھ رہا ہے,KI,38938,URDU,urdu_bm25,41,109527,17.466318130493164,50
post_phase12_module1_M1-B,M1-B,R009,سیالکوٹ ایئرپورٹ پر بین الاقوامی فلائٹس کا اعتماد کیوں بڑھ رہا ہے,KI,38938,URDU,urdu_bm25,42,75387,17.426565170288086,50
post_phase12_module1_M1-B,M1-B,R009,سیالکوٹ ایئرپورٹ پر بین الاقوامی فلائٹس کا اعتماد کیوں بڑھ رہا ہے,KI,38938,URDU,urdu_bm25,43,40516,17.312463760375977,50
post_phase12_module1_M1-B,M1-B,R009,سیالکوٹ ایئرپورٹ پر بین الاقوامی فلائٹس کا اعتماد کیوں بڑھ رہا ہے,KI,38938,URDU,urdu_bm25,44,45372,17.288593292236328,50
post_phase12_module1_M1-B,M1-B,R009,سیالکوٹ ایئرپورٹ پر بین الاقوامی فلائٹس کا اعتماد کیوں بڑھ رہا ہے,KI,38938,URDU,urdu_bm25,45,34133,17.27599334716797,50
post_phase12_module1_M1-B,M1-B,R009,سیالکوٹ ایئرپورٹ پر بین الاقوامی فلائٹس کا اعتماد کیوں بڑھ رہا ہے,KI,38938,URDU,urdu_bm25,46,61353,17.254987716674805,50
post_phase12_module1_M1-B,M1-B,R009,سیالکوٹ ایئرپورٹ پر بین الاقوامی فلائٹس کا اعتماد کیوں بڑھ رہا ہے,KI,38938,URDU,urdu_bm25,47,97083,17.105865478515625,50
post_phase12_module1_M1-B,M1-B,R009,سیالکوٹ ایئرپورٹ پر بین الاقوامی فلائٹس کا اعتماد کیوں بڑھ رہا ہے,KI,38938,URDU,urdu_bm25,48,17243,17.022808074951172,50
post_phase12_module1_M1-B,M1-B,R009,سیالکوٹ ایئرپورٹ پر بین الاقوامی فلائٹس کا اعتماد کیوں بڑھ رہا ہے,KI,38938,URDU,urdu_bm25,49,55726,17.01902961730957,50
post_phase12_module1_M1-B,M1-B,R009,سیالکوٹ ایئرپورٹ پر بین الاقوامی فلائٹس کا اعتماد کیوں بڑھ رہا ہے,KI,38938,URDU,urdu_bm25,50,12540,16.998451232910156,50
post_phase12_module1_M1-B,M1-B,R010,پنجاب کے سی این جی اسٹیشن مالکان ایل این جی درآمد کے لیے کیا کر رہے ہیں,KI,75297,URDU,urdu_bm25,1,75297,43.40516662597656,50
post_phase12_module1_M1-B,M1-B,R010,پنجاب کے سی این جی اسٹیشن مالکان ایل این جی درآمد کے لیے کیا کر رہے ہیں,KI,75297,URDU,urdu_bm25,2,62951,42.68857955932617,50
post_phase12_module1_M1-B,M1-B,R010,پنجاب کے سی این جی اسٹیشن مالکان ایل این جی درآمد کے لیے کیا کر رہے ہیں,KI,75297,URDU,urdu_bm25,3,74673,42.37596893310547,50
post_phase12_module1_M1-B,M1-B,R010,پنجاب کے سی این جی اسٹیشن مالکان ایل این جی درآمد کے لیے کیا کر رہے ہیں,KI,75297,URDU,urdu_bm25,4,62811,42.03460693359375,50
post_phase12_module1_M1-B,M1-B,R010,پنجاب کے سی این جی اسٹیشن مالکان ایل این جی درآمد کے لیے کیا کر رہے ہیں,KI,75297,URDU,urdu_bm25,5,62850,41.705238342285156,50
post_phase12_module1_M1-B,M1-B,R010,پنجاب کے سی این جی اسٹیشن مالکان ایل این جی درآمد کے لیے کیا کر رہے ہیں,KI,75297,URDU,urdu_bm25,6,62766,37.94005584716797,50
post_phase12_module1_M1-B,M1-B,R010,پنجاب کے سی این جی اسٹیشن مالکان ایل این جی درآمد کے لیے کیا کر رہے ہیں,KI,75297,URDU,urdu_bm25,7,77548,37.704063415527344,50
post_phase12_module1_M1-B,M1-B,R010,پنجاب کے سی این جی اسٹیشن مالکان ایل این جی درآمد کے لیے کیا کر رہے ہیں,KI,75297,URDU,urdu_bm25,8,62349,37.575931549072266,50
post_phase12_module1_M1-B,M1-B,R010,پنجاب کے سی این جی اسٹیشن مالکان ایل این جی درآمد کے لیے کیا کر رہے ہیں,KI,75297,URDU,urdu_bm25,9,72245,37.54559326171875,50
post_phase12_module1_M1-B,M1-B,R010,پنجاب کے سی این جی اسٹیشن مالکان ایل این جی درآمد کے لیے کیا کر رہے ہیں,KI,75297,URDU,urdu_bm25,10,74675,37.534828186035156,50
post_phase12_module1_M1-B,M1-B,R010,پنجاب کے سی این جی اسٹیشن مالکان ایل این جی درآمد کے لیے کیا کر رہے ہیں,KI,75297,URDU,urdu_bm25,11,74674,37.16234588623047,50
post_phase12_module1_M1-B,M1-B,R010,پنجاب کے سی این جی اسٹیشن مالکان ایل این جی درآمد کے لیے کیا کر رہے ہیں,KI,75297,URDU,urdu_bm25,12,73032,36.87242126464844,50
post_phase12_module1_M1-B,M1-B,R010,پنجاب کے سی این جی اسٹیشن مالکان ایل این جی درآمد کے لیے کیا کر رہے ہیں,KI,75297,URDU,urdu_bm25,13,74678,36.095848083496094,50
post_phase12_module1_M1-B,M1-B,R010,پنجاب کے سی این جی اسٹیشن مالکان ایل این جی درآمد کے لیے کیا کر رہے ہیں,KI,75297,URDU,urdu_bm25,14,77795,36.0748176574707,50
post_phase12_module1_M1-B,M1-B,R010,پنجاب کے سی این جی اسٹیشن مالکان ایل این جی درآمد کے لیے کیا کر رہے ہیں,KI,75297,URDU,urdu_bm25,15,72662,36.032676696777344,50
post_phase12_module1_M1-B,M1-B,R010,پنجاب کے سی این جی اسٹیشن مالکان ایل این جی درآمد کے لیے کیا کر رہے ہیں,KI,75297,URDU,urdu_bm25,16,63391,35.64462661743164,50
post_phase12_module1_M1-B,M1-B,R010,پنجاب کے سی این جی اسٹیشن مالکان ایل این جی درآمد کے لیے کیا کر رہے ہیں,KI,75297,URDU,urdu_bm25,17,77545,35.6357536315918,50
post_phase12_module1_M1-B,M1-B,R010,پنجاب کے سی این جی اسٹیشن مالکان ایل این جی درآمد کے لیے کیا کر رہے ہیں,KI,75297,URDU,urdu_bm25,18,3169,35.5556640625,50
post_phase12_module1_M1-B,M1-B,R010,پنجاب کے سی این جی اسٹیشن مالکان ایل این جی درآمد کے لیے کیا کر رہے ہیں,KI,75297,URDU,urdu_bm25,19,75899,35.52813720703125,50
post_phase12_module1_M1-B,M1-B,R010,پنجاب کے سی این جی اسٹیشن مالکان ایل این جی درآمد کے لیے کیا کر رہے ہیں,KI,75297,URDU,urdu_bm25,20,70317,35.46755599975586,50
post_phase12_module1_M1-B,M1-B,R010,پنجاب کے سی این جی اسٹیشن مالکان ایل این جی درآمد کے لیے کیا کر رہے ہیں,KI,75297,URDU,urdu_bm25,21,78537,35.39447021484375,50
post_phase12_module1_M1-B,M1-B,R010,پنجاب کے سی این جی اسٹیشن مالکان ایل این جی درآمد کے لیے کیا کر رہے ہیں,KI,75297,URDU,urdu_bm25,22,62748,35.38308334350586,50
post_phase12_module1_M1-B,M1-B,R010,پنجاب کے سی این جی اسٹیشن مالکان ایل این جی درآمد کے لیے کیا کر رہے ہیں,KI,75297,URDU,urdu_bm25,23,74412,35.14240264892578,50
post_phase12_module1_M1-B,M1-B,R010,پنجاب کے سی این جی اسٹیشن مالکان ایل این جی درآمد کے لیے کیا کر رہے ہیں,KI,75297,URDU,urdu_bm25,24,61669,35.07453918457031,50
post_phase12_module1_M1-B,M1-B,R010,پنجاب کے سی این جی اسٹیشن مالکان ایل این جی درآمد کے لیے کیا کر رہے ہیں,KI,75297,URDU,urdu_bm25,25,2230,35.06768035888672,50
post_phase12_module1_M1-B,M1-B,R010,پنجاب کے سی این جی اسٹیشن مالکان ایل این جی درآمد کے لیے کیا کر رہے ہیں,KI,75297,URDU,urdu_bm25,26,77769,34.875064849853516,50
post_phase12_module1_M1-B,M1-B,R010,پنجاب کے سی این جی اسٹیشن مالکان ایل این جی درآمد کے لیے کیا کر رہے ہیں,KI,75297,URDU,urdu_bm25,27,78900,34.74875259399414,50
post_phase12_module1_M1-B,M1-B,R010,پنجاب کے سی این جی اسٹیشن مالکان ایل این جی درآمد کے لیے کیا کر رہے ہیں,KI,75297,URDU,urdu_bm25,28,74670,34.703556060791016,50
post_phase12_module1_M1-B,M1-B,R010,پنجاب کے سی این جی اسٹیشن مالکان ایل این جی درآمد کے لیے کیا کر رہے ہیں,KI,75297,URDU,urdu_bm25,29,77507,34.638702392578125,50
post_phase12_module1_M1-B,M1-B,R010,پنجاب کے سی این جی اسٹیشن مالکان ایل این جی درآمد کے لیے کیا کر رہے ہیں,KI,75297,URDU,urdu_bm25,30,72481,34.6218376159668,50
post_phase12_module1_M1-B,M1-B,R010,پنجاب کے سی این جی اسٹیشن مالکان ایل این جی درآمد کے لیے کیا کر رہے ہیں,KI,75297,URDU,urdu_bm25,31,62772,34.52690887451172,50
post_phase12_module1_M1-B,M1-B,R010,پنجاب کے سی این جی اسٹیشن مالکان ایل این جی درآمد کے لیے کیا کر رہے ہیں,KI,75297,URDU,urdu_bm25,32,76913,34.46814727783203,50
post_phase12_module1_M1-B,M1-B,R010,پنجاب کے سی این جی اسٹیشن مالکان ایل این جی درآمد کے لیے کیا کر رہے ہیں,KI,75297,URDU,urdu_bm25,33,77881,34.4622802734375,50
post_phase12_module1_M1-B,M1-B,R010,پنجاب کے سی این جی اسٹیشن مالکان ایل این جی درآمد کے لیے کیا کر رہے ہیں,KI,75297,URDU,urdu_bm25,34,77756,34.43040466308594,50
post_phase12_module1_M1-B,M1-B,R010,پنجاب کے سی این جی اسٹیشن مالکان ایل این جی درآمد کے لیے کیا کر رہے ہیں,KI,75297,URDU,urdu_bm25,35,61755,34.314857482910156,50
post_phase12_module1_M1-B,M1-B,R010,پنجاب کے سی این جی اسٹیشن مالکان ایل این جی درآمد کے لیے کیا کر رہے ہیں,KI,75297,URDU,urdu_bm25,36,77637,34.30277633666992,50
post_phase12_module1_M1-B,M1-B,R010,پنجاب کے سی این جی اسٹیشن مالکان ایل این جی درآمد کے لیے کیا کر رہے ہیں,KI,75297,URDU,urdu_bm25,37,61899,34.18272018432617,50
post_phase12_module1_M1-B,M1-B,R010,پنجاب کے سی این جی اسٹیشن مالکان ایل این جی درآمد کے لیے کیا کر رہے ہیں,KI,75297,URDU,urdu_bm25,38,61892,33.99944305419922,50
post_phase12_module1_M1-B,M1-B,R010,پنجاب کے سی این جی اسٹیشن مالکان ایل این جی درآمد کے لیے کیا کر رہے ہیں,KI,75297,URDU,urdu_bm25,39,73249,33.749168395996094,50
post_phase12_module1_M1-B,M1-B,R010,پنجاب کے سی این جی اسٹیشن مالکان ایل این جی درآمد کے لیے کیا کر رہے ہیں,KI,75297,URDU,urdu_bm25,40,61889,33.44303894042969,50
post_phase12_module1_M1-B,M1-B,R010,پنجاب کے سی این جی اسٹیشن مالکان ایل این جی درآمد کے لیے کیا کر رہے ہیں,KI,75297,URDU,urdu_bm25,41,74606,33.19834899902344,50
post_phase12_module1_M1-B,M1-B,R010,پنجاب کے سی این جی اسٹیشن مالکان ایل این جی درآمد کے لیے کیا کر رہے ہیں,KI,75297,URDU,urdu_bm25,42,40258,33.107139587402344,50
post_phase12_module1_M1-B,M1-B,R010,پنجاب کے سی این جی اسٹیشن مالکان ایل این جی درآمد کے لیے کیا کر رہے ہیں,KI,75297,URDU,urdu_bm25,43,79059,33.095863342285156,50
post_phase12_module1_M1-B,M1-B,R010,پنجاب کے سی این جی اسٹیشن مالکان ایل این جی درآمد کے لیے کیا کر رہے ہیں,KI,75297,URDU,urdu_bm25,44,77764,33.06460952758789,50
post_phase12_module1_M1-B,M1-B,R010,پنجاب کے سی این جی اسٹیشن مالکان ایل این جی درآمد کے لیے کیا کر رہے ہیں,KI,75297,URDU,urdu_bm25,45,77658,32.7477912902832,50
post_phase12_module1_M1-B,M1-B,R010,پنجاب کے سی این جی اسٹیشن مالکان ایل این جی درآمد کے لیے کیا کر رہے ہیں,KI,75297,URDU,urdu_bm25,46,3181,32.63261032104492,50
post_phase12_module1_M1-B,M1-B,R010,پنجاب کے سی این جی اسٹیشن مالکان ایل این جی درآمد کے لیے کیا کر رہے ہیں,KI,75297,URDU,urdu_bm25,47,74145,32.568721771240234,50
post_phase12_module1_M1-B,M1-B,R010,پنجاب کے سی این جی اسٹیشن مالکان ایل این جی درآمد کے لیے کیا کر رہے ہیں,KI,75297,URDU,urdu_bm25,48,62922,32.456573486328125,50
post_phase12_module1_M1-B,M1-B,R010,پنجاب کے سی این جی اسٹیشن مالکان ایل این جی درآمد کے لیے کیا کر رہے ہیں,KI,75297,URDU,urdu_bm25,49,75868,32.453983306884766,50
post_phase12_module1_M1-B,M1-B,R010,پنجاب کے سی این جی اسٹیشن مالکان ایل این جی درآمد کے لیے کیا کر رہے ہیں,KI,75297,URDU,urdu_bm25,50,3535,32.395484924316406,50
post_phase12_module1_M1-B,M1-B,R011,رجنی کانت والی فلم نے ریلیز سے پہلے کتna کاروبار کیا,KI,11649,MIXED,urdu_bm25,1,10895,42.29859161376953,50
post_phase12_module1_M1-B,M1-B,R011,رجنی کانت والی فلم نے ریلیز سے پہلے کتna کاروبار کیا,KI,11649,MIXED,urdu_bm25,2,102065,39.83366012573242,50
post_phase12_module1_M1-B,M1-B,R011,رجنی کانت والی فلم نے ریلیز سے پہلے کتna کاروبار کیا,KI,11649,MIXED,urdu_bm25,3,102068,39.488487243652344,50
post_phase12_module1_M1-B,M1-B,R011,رجنی کانت والی فلم نے ریلیز سے پہلے کتna کاروبار کیا,KI,11649,MIXED,urdu_bm25,4,7744,38.783843994140625,50
post_phase12_module1_M1-B,M1-B,R011,رجنی کانت والی فلم نے ریلیز سے پہلے کتna کاروبار کیا,KI,11649,MIXED,urdu_bm25,5,105198,38.164695739746094,50
post_phase12_module1_M1-B,M1-B,R011,رجنی کانت والی فلم نے ریلیز سے پہلے کتna کاروبار کیا,KI,11649,MIXED,urdu_bm25,6,7750,38.154937744140625,50
post_phase12_module1_M1-B,M1-B,R011,رجنی کانت والی فلم نے ریلیز سے پہلے کتna کاروبار کیا,KI,11649,MIXED,urdu_bm25,7,99560,38.14116287231445,50
post_phase12_module1_M1-B,M1-B,R011,رجنی کانت والی فلم نے ریلیز سے پہلے کتna کاروبار کیا,KI,11649,MIXED,urdu_bm25,8,12797,37.990699768066406,50
post_phase12_module1_M1-B,M1-B,R011,رجنی کانت والی فلم نے ریلیز سے پہلے کتna کاروبار کیا,KI,11649,MIXED,urdu_bm25,9,9545,37.97911834716797,50
post_phase12_module1_M1-B,M1-B,R011,رجنی کانت والی فلم نے ریلیز سے پہلے کتna کاروبار کیا,KI,11649,MIXED,urdu_bm25,10,98774,37.73279571533203,50
post_phase12_module1_M1-B,M1-B,R011,رجنی کانت والی فلم نے ریلیز سے پہلے کتna کاروبار کیا,KI,11649,MIXED,urdu_bm25,11,7233,37.654659271240234,50
post_phase12_module1_M1-B,M1-B,R011,رجنی کانت والی فلم نے ریلیز سے پہلے کتna کاروبار کیا,KI,11649,MIXED,urdu_bm25,12,7779,37.237998962402344,50
post_phase12_module1_M1-B,M1-B,R011,رجنی کانت والی فلم نے ریلیز سے پہلے کتna کاروبار کیا,KI,11649,MIXED,urdu_bm25,13,106780,37.11201477050781,50
post_phase12_module1_M1-B,M1-B,R011,رجنی کانت والی فلم نے ریلیز سے پہلے کتna کاروبار کیا,KI,11649,MIXED,urdu_bm25,14,104962,36.974464416503906,50
post_phase12_module1_M1-B,M1-B,R011,رجنی کانت والی فلم نے ریلیز سے پہلے کتna کاروبار کیا,KI,11649,MIXED,urdu_bm25,15,7831,36.95683670043945,50
post_phase12_module1_M1-B,M1-B,R011,رجنی کانت والی فلم نے ریلیز سے پہلے کتna کاروبار کیا,KI,11649,MIXED,urdu_bm25,16,66998,36.736785888671875,50
post_phase12_module1_M1-B,M1-B,R011,رجنی کانت والی فلم نے ریلیز سے پہلے کتna کاروبار کیا,KI,11649,MIXED,urdu_bm25,17,99963,36.68626403808594,50
post_phase12_module1_M1-B,M1-B,R011,رجنی کانت والی فلم نے ریلیز سے پہلے کتna کاروبار کیا,KI,11649,MIXED,urdu_bm25,18,99511,36.118892669677734,50
post_phase12_module1_M1-B,M1-B,R011,رجنی کانت والی فلم نے ریلیز سے پہلے کتna کاروبار کیا,KI,11649,MIXED,urdu_bm25,19,105543,35.8468017578125,50
post_phase12_module1_M1-B,M1-B,R011,رجنی کانت والی فلم نے ریلیز سے پہلے کتna کاروبار کیا,KI,11649,MIXED,urdu_bm25,20,98782,35.6854248046875,50
post_phase12_module1_M1-B,M1-B,R011,رجنی کانت والی فلم نے ریلیز سے پہلے کتna کاروبار کیا,KI,11649,MIXED,urdu_bm25,21,12772,35.48841094970703,50
post_phase12_module1_M1-B,M1-B,R011,رجنی کانت والی فلم نے ریلیز سے پہلے کتna کاروبار کیا,KI,11649,MIXED,urdu_bm25,22,10287,35.32706832885742,50
post_phase12_module1_M1-B,M1-B,R011,رجنی کانت والی فلم نے ریلیز سے پہلے کتna کاروبار کیا,KI,11649,MIXED,urdu_bm25,23,7700,35.30550765991211,50
post_phase12_module1_M1-B,M1-B,R011,رجنی کانت والی فلم نے ریلیز سے پہلے کتna کاروبار کیا,KI,11649,MIXED,urdu_bm25,24,100884,35.29275894165039,50
post_phase12_module1_M1-B,M1-B,R011,رجنی کانت والی فلم نے ریلیز سے پہلے کتna کاروبار کیا,KI,11649,MIXED,urdu_bm25,25,11649,35.17763137817383,50
post_phase12_module1_M1-B,M1-B,R011,رجنی کانت والی فلم نے ریلیز سے پہلے کتna کاروبار کیا,KI,11649,MIXED,urdu_bm25,26,12769,35.1700439453125,50
post_phase12_module1_M1-B,M1-B,R011,رجنی کانت والی فلم نے ریلیز سے پہلے کتna کاروبار کیا,KI,11649,MIXED,urdu_bm25,27,7775,35.0468864440918,50
post_phase12_module1_M1-B,M1-B,R011,رجنی کانت والی فلم نے ریلیز سے پہلے کتna کاروبار کیا,KI,11649,MIXED,urdu_bm25,28,7726,34.969181060791016,50
post_phase12_module1_M1-B,M1-B,R011,رجنی کانت والی فلم نے ریلیز سے پہلے کتna کاروبار کیا,KI,11649,MIXED,urdu_bm25,29,10099,34.925140380859375,50
post_phase12_module1_M1-B,M1-B,R011,رجنی کانت والی فلم نے ریلیز سے پہلے کتna کاروبار کیا,KI,11649,MIXED,urdu_bm25,30,69617,34.89365768432617,50
post_phase12_module1_M1-B,M1-B,R011,رجنی کانت والی فلم نے ریلیز سے پہلے کتna کاروبار کیا,KI,11649,MIXED,urdu_bm25,31,9890,34.872161865234375,50
post_phase12_module1_M1-B,M1-B,R011,رجنی کانت والی فلم نے ریلیز سے پہلے کتna کاروبار کیا,KI,11649,MIXED,urdu_bm25,32,100344,34.53654098510742,50
post_phase12_module1_M1-B,M1-B,R011,رجنی کانت والی فلم نے ریلیز سے پہلے کتna کاروبار کیا,KI,11649,MIXED,urdu_bm25,33,8306,34.1761589050293,50
post_phase12_module1_M1-B,M1-B,R011,رجنی کانت والی فلم نے ریلیز سے پہلے کتna کاروبار کیا,KI,11649,MIXED,urdu_bm25,34,99351,34.12057876586914,50
post_phase12_module1_M1-B,M1-B,R011,رجنی کانت والی فلم نے ریلیز سے پہلے کتna کاروبار کیا,KI,11649,MIXED,urdu_bm25,35,106303,33.906341552734375,50
post_phase12_module1_M1-B,M1-B,R011,رجنی کانت والی فلم نے ریلیز سے پہلے کتna کاروبار کیا,KI,11649,MIXED,urdu_bm25,36,7641,33.529972076416016,50
post_phase12_module1_M1-B,M1-B,R011,رجنی کانت والی فلم نے ریلیز سے پہلے کتna کاروبار کیا,KI,11649,MIXED,urdu_bm25,37,67272,33.23781204223633,50
post_phase12_module1_M1-B,M1-B,R011,رجنی کانت والی فلم نے ریلیز سے پہلے کتna کاروبار کیا,KI,11649,MIXED,urdu_bm25,38,12171,33.108642578125,50
post_phase12_module1_M1-B,M1-B,R011,رجنی کانت والی فلم نے ریلیز سے پہلے کتna کاروبار کیا,KI,11649,MIXED,urdu_bm25,39,107774,32.93885803222656,50
post_phase12_module1_M1-B,M1-B,R011,رجنی کانت والی فلم نے ریلیز سے پہلے کتna کاروبار کیا,KI,11649,MIXED,urdu_bm25,40,15680,32.928955078125,50
post_phase12_module1_M1-B,M1-B,R011,رجنی کانت والی فلم نے ریلیز سے پہلے کتna کاروبار کیا,KI,11649,MIXED,urdu_bm25,41,108824,32.89591979980469,50
post_phase12_module1_M1-B,M1-B,R011,رجنی کانت والی فلم نے ریلیز سے پہلے کتna کاروبار کیا,KI,11649,MIXED,urdu_bm25,42,9343,32.76030731201172,50
post_phase12_module1_M1-B,M1-B,R011,رجنی کانت والی فلم نے ریلیز سے پہلے کتna کاروبار کیا,KI,11649,MIXED,urdu_bm25,43,68599,32.729732513427734,50
post_phase12_module1_M1-B,M1-B,R011,رجنی کانت والی فلم نے ریلیز سے پہلے کتna کاروبار کیا,KI,11649,MIXED,urdu_bm25,44,8800,32.66703414916992,50
post_phase12_module1_M1-B,M1-B,R011,رجنی کانت والی فلم نے ریلیز سے پہلے کتna کاروبار کیا,KI,11649,MIXED,urdu_bm25,45,99982,32.441280364990234,50
post_phase12_module1_M1-B,M1-B,R011,رجنی کانت والی فلم نے ریلیز سے پہلے کتna کاروبار کیا,KI,11649,MIXED,urdu_bm25,46,108232,31.910369873046875,50
post_phase12_module1_M1-B,M1-B,R011,رجنی کانت والی فلم نے ریلیز سے پہلے کتna کاروبار کیا,KI,11649,MIXED,urdu_bm25,47,69430,31.598451614379883,50
post_phase12_module1_M1-B,M1-B,R011,رجنی کانت والی فلم نے ریلیز سے پہلے کتna کاروبار کیا,KI,11649,MIXED,urdu_bm25,48,99489,31.553415298461914,50
post_phase12_module1_M1-B,M1-B,R011,رجنی کانت والی فلم نے ریلیز سے پہلے کتna کاروبار کیا,KI,11649,MIXED,urdu_bm25,49,106933,31.50858497619629,50
post_phase12_module1_M1-B,M1-B,R011,رجنی کانت والی فلم نے ریلیز سے پہلے کتna کاروبار کیا,KI,11649,MIXED,urdu_bm25,50,108871,31.368942260742188,50
post_phase12_module1_M1-B,M1-B,R012,عید پر مٹھائی کی جگہ لوگ ab کya تحفہ dena pasand karte hain,KI,40307,MIXED,urdu_bm25,1,40307,40.26580047607422,50
post_phase12_module1_M1-B,M1-B,R012,عید پر مٹھائی کی جگہ لوگ ab کya تحفہ dena pasand karte hain,KI,40307,MIXED,urdu_bm25,2,57390,21.94140625,50
post_phase12_module1_M1-B,M1-B,R012,عید پر مٹھائی کی جگہ لوگ ab کya تحفہ dena pasand karte hain,KI,40307,MIXED,urdu_bm25,3,93697,20.844188690185547,50
post_phase12_module1_M1-B,M1-B,R012,عید پر مٹھائی کی جگہ لوگ ab کya تحفہ dena pasand karte hain,KI,40307,MIXED,urdu_bm25,4,85673,19.58304214477539,50
post_phase12_module1_M1-B,M1-B,R012,عید پر مٹھائی کی جگہ لوگ ab کya تحفہ dena pasand karte hain,KI,40307,MIXED,urdu_bm25,5,6629,18.491384506225586,50
post_phase12_module1_M1-B,M1-B,R012,عید پر مٹھائی کی جگہ لوگ ab کya تحفہ dena pasand karte hain,KI,40307,MIXED,urdu_bm25,6,82726,17.920970916748047,50
post_phase12_module1_M1-B,M1-B,R012,عید پر مٹھائی کی جگہ لوگ ab کya تحفہ dena pasand karte hain,KI,40307,MIXED,urdu_bm25,7,67617,17.589073181152344,50
post_phase12_module1_M1-B,M1-B,R012,عید پر مٹھائی کی جگہ لوگ ab کya تحفہ dena pasand karte hain,KI,40307,MIXED,urdu_bm25,8,8927,17.498443603515625,50
post_phase12_module1_M1-B,M1-B,R012,عید پر مٹھائی کی جگہ لوگ ab کya تحفہ dena pasand karte hain,KI,40307,MIXED,urdu_bm25,9,78199,17.422624588012695,50
post_phase12_module1_M1-B,M1-B,R012,عید پر مٹھائی کی جگہ لوگ ab کya تحفہ dena pasand karte hain,KI,40307,MIXED,urdu_bm25,10,82719,17.107730865478516,50
post_phase12_module1_M1-B,M1-B,R012,عید پر مٹھائی کی جگہ لوگ ab کya تحفہ dena pasand karte hain,KI,40307,MIXED,urdu_bm25,11,103943,16.95948600769043,50
post_phase12_module1_M1-B,M1-B,R012,عید پر مٹھائی کی جگہ لوگ ab کya تحفہ dena pasand karte hain,KI,40307,MIXED,urdu_bm25,12,48912,16.790258407592773,50
post_phase12_module1_M1-B,M1-B,R012,عید پر مٹھائی کی جگہ لوگ ab کya تحفہ dena pasand karte hain,KI,40307,MIXED,urdu_bm25,13,68998,16.58353614807129,50
post_phase12_module1_M1-B,M1-B,R012,عید پر مٹھائی کی جگہ لوگ ab کya تحفہ dena pasand karte hain,KI,40307,MIXED,urdu_bm25,14,49117,16.53437614440918,50
post_phase12_module1_M1-B,M1-B,R012,عید پر مٹھائی کی جگہ لوگ ab کya تحفہ dena pasand karte hain,KI,40307,MIXED,urdu_bm25,15,90449,16.46825408935547,50
post_phase12_module1_M1-B,M1-B,R012,عید پر مٹھائی کی جگہ لوگ ab کya تحفہ dena pasand karte hain,KI,40307,MIXED,urdu_bm25,16,97647,16.257946014404297,50
post_phase12_module1_M1-B,M1-B,R012,عید پر مٹھائی کی جگہ لوگ ab کya تحفہ dena pasand karte hain,KI,40307,MIXED,urdu_bm25,17,39198,16.233057022094727,50
post_phase12_module1_M1-B,M1-B,R012,عید پر مٹھائی کی جگہ لوگ ab کya تحفہ dena pasand karte hain,KI,40307,MIXED,urdu_bm25,18,77920,16.154651641845703,50
post_phase12_module1_M1-B,M1-B,R012,عید پر مٹھائی کی جگہ لوگ ab کya تحفہ dena pasand karte hain,KI,40307,MIXED,urdu_bm25,19,58810,16.138559341430664,50
post_phase12_module1_M1-B,M1-B,R012,عید پر مٹھائی کی جگہ لوگ ab کya تحفہ dena pasand karte hain,KI,40307,MIXED,urdu_bm25,20,98507,15.970962524414062,50
post_phase12_module1_M1-B,M1-B,R012,عید پر مٹھائی کی جگہ لوگ ab کya تحفہ dena pasand karte hain,KI,40307,MIXED,urdu_bm25,21,92180,15.933229446411133,50
post_phase12_module1_M1-B,M1-B,R012,عید پر مٹھائی کی جگہ لوگ ab کya تحفہ dena pasand karte hain,KI,40307,MIXED,urdu_bm25,22,104925,15.833414077758789,50
post_phase12_module1_M1-B,M1-B,R012,عید پر مٹھائی کی جگہ لوگ ab کya تحفہ dena pasand karte hain,KI,40307,MIXED,urdu_bm25,23,44835,15.800090789794922,50
post_phase12_module1_M1-B,M1-B,R012,عید پر مٹھائی کی جگہ لوگ ab کya تحفہ dena pasand karte hain,KI,40307,MIXED,urdu_bm25,24,18109,15.279345512390137,50
post_phase12_module1_M1-B,M1-B,R012,عید پر مٹھائی کی جگہ لوگ ab کya تحفہ dena pasand karte hain,KI,40307,MIXED,urdu_bm25,25,90952,14.984566688537598,50
post_phase12_module1_M1-B,M1-B,R012,عید پر مٹھائی کی جگہ لوگ ab کya تحفہ dena pasand karte hain,KI,40307,MIXED,urdu_bm25,26,39631,14.908845901489258,50
post_phase12_module1_M1-B,M1-B,R012,عید پر مٹھائی کی جگہ لوگ ab کya تحفہ dena pasand karte hain,KI,40307,MIXED,urdu_bm25,27,40317,14.865107536315918,50
post_phase12_module1_M1-B,M1-B,R012,عید پر مٹھائی کی جگہ لوگ ab کya تحفہ dena pasand karte hain,KI,40307,MIXED,urdu_bm25,28,4773,14.843640327453613,50
post_phase12_module1_M1-B,M1-B,R012,عید پر مٹھائی کی جگہ لوگ ab کya تحفہ dena pasand karte hain,KI,40307,MIXED,urdu_bm25,29,16119,14.607832908630371,50
post_phase12_module1_M1-B,M1-B,R012,عید پر مٹھائی کی جگہ لوگ ab کya تحفہ dena pasand karte hain,KI,40307,MIXED,urdu_bm25,30,73393,14.475025177001953,50
post_phase12_module1_M1-B,M1-B,R012,عید پر مٹھائی کی جگہ لوگ ab کya تحفہ dena pasand karte hain,KI,40307,MIXED,urdu_bm25,31,67584,14.436982154846191,50
post_phase12_module1_M1-B,M1-B,R012,عید پر مٹھائی کی جگہ لوگ ab کya تحفہ dena pasand karte hain,KI,40307,MIXED,urdu_bm25,32,104471,14.388251304626465,50
post_phase12_module1_M1-B,M1-B,R012,عید پر مٹھائی کی جگہ لوگ ab کya تحفہ dena pasand karte hain,KI,40307,MIXED,urdu_bm25,33,85716,14.339877128601074,50
post_phase12_module1_M1-B,M1-B,R012,عید پر مٹھائی کی جگہ لوگ ab کya تحفہ dena pasand karte hain,KI,40307,MIXED,urdu_bm25,34,71845,14.29172420501709,50
post_phase12_module1_M1-B,M1-B,R012,عید پر مٹھائی کی جگہ لوگ ab کya تحفہ dena pasand karte hain,KI,40307,MIXED,urdu_bm25,35,58701,14.148391723632812,50
post_phase12_module1_M1-B,M1-B,R012,عید پر مٹھائی کی جگہ لوگ ab کya تحفہ dena pasand karte hain,KI,40307,MIXED,urdu_bm25,36,29644,14.113171577453613,50
post_phase12_module1_M1-B,M1-B,R012,عید پر مٹھائی کی جگہ لوگ ab کya تحفہ dena pasand karte hain,KI,40307,MIXED,urdu_bm25,37,99001,14.11047077178955,50
post_phase12_module1_M1-B,M1-B,R012,عید پر مٹھائی کی جگہ لوگ ab کya تحفہ dena pasand karte hain,KI,40307,MIXED,urdu_bm25,38,67593,14.075613021850586,50
post_phase12_module1_M1-B,M1-B,R012,عید پر مٹھائی کی جگہ لوگ ab کya تحفہ dena pasand karte hain,KI,40307,MIXED,urdu_bm25,39,99191,14.075535774230957,50
post_phase12_module1_M1-B,M1-B,R012,عید پر مٹھائی کی جگہ لوگ ab کya تحفہ dena pasand karte hain,KI,40307,MIXED,urdu_bm25,40,82737,14.063130378723145,50
post_phase12_module1_M1-B,M1-B,R012,عید پر مٹھائی کی جگہ لوگ ab کya تحفہ dena pasand karte hain,KI,40307,MIXED,urdu_bm25,41,8925,14.02145004272461,50
post_phase12_module1_M1-B,M1-B,R012,عید پر مٹھائی کی جگہ لوگ ab کya تحفہ dena pasand karte hain,KI,40307,MIXED,urdu_bm25,42,91940,13.9636812210083,50
post_phase12_module1_M1-B,M1-B,R012,عید پر مٹھائی کی جگہ لوگ ab کya تحفہ dena pasand karte hain,KI,40307,MIXED,urdu_bm25,43,92185,13.835946083068848,50
post_phase12_module1_M1-B,M1-B,R012,عید پر مٹھائی کی جگہ لوگ ab کya تحفہ dena pasand karte hain,KI,40307,MIXED,urdu_bm25,44,73446,13.765263557434082,50
post_phase12_module1_M1-B,M1-B,R012,عید پر مٹھائی کی جگہ لوگ ab کya تحفہ dena pasand karte hain,KI,40307,MIXED,urdu_bm25,45,99202,13.672439575195312,50
post_phase12_module1_M1-B,M1-B,R012,عید پر مٹھائی کی جگہ لوگ ab کya تحفہ dena pasand karte hain,KI,40307,MIXED,urdu_bm25,46,40312,13.649703979492188,50
post_phase12_module1_M1-B,M1-B,R012,عید پر مٹھائی کی جگہ لوگ ab کya تحفہ dena pasand karte hain,KI,40307,MIXED,urdu_bm25,47,11817,13.519695281982422,50
post_phase12_module1_M1-B,M1-B,R012,عید پر مٹھائی کی جگہ لوگ ab کya تحفہ dena pasand karte hain,KI,40307,MIXED,urdu_bm25,48,4486,13.512123107910156,50
post_phase12_module1_M1-B,M1-B,R012,عید پر مٹھائی کی جگہ لوگ ab کya تحفہ dena pasand karte hain,KI,40307,MIXED,urdu_bm25,49,18663,13.440587043762207,50
post_phase12_module1_M1-B,M1-B,R012,عید پر مٹھائی کی جگہ لوگ ab کya تحفہ dena pasand karte hain,KI,40307,MIXED,urdu_bm25,50,14729,13.43535041809082,50
post_phase12_module1_M1-B,M1-B,R013,ہاکی ورلڈ کپ کا فائنل کن دو ٹیموں کے درمیان ہے,KI,54100,URDU,urdu_bm25,1,54100,33.32395553588867,50
post_phase12_module1_M1-B,M1-B,R013,ہاکی ورلڈ کپ کا فائنل کن دو ٹیموں کے درمیان ہے,KI,54100,URDU,urdu_bm25,2,54101,32.819149017333984,50
post_phase12_module1_M1-B,M1-B,R013,ہاکی ورلڈ کپ کا فائنل کن دو ٹیموں کے درمیان ہے,KI,54100,URDU,urdu_bm25,3,54103,32.32220458984375,50
post_phase12_module1_M1-B,M1-B,R013,ہاکی ورلڈ کپ کا فائنل کن دو ٹیموں کے درمیان ہے,KI,54100,URDU,urdu_bm25,4,85648,31.005325317382812,50
post_phase12_module1_M1-B,M1-B,R013,ہاکی ورلڈ کپ کا فائنل کن دو ٹیموں کے درمیان ہے,KI,54100,URDU,urdu_bm25,5,85656,29.859895706176758,50
post_phase12_module1_M1-B,M1-B,R013,ہاکی ورلڈ کپ کا فائنل کن دو ٹیموں کے درمیان ہے,KI,54100,URDU,urdu_bm25,6,54164,29.638866424560547,50
post_phase12_module1_M1-B,M1-B,R013,ہاکی ورلڈ کپ کا فائنل کن دو ٹیموں کے درمیان ہے,KI,54100,URDU,urdu_bm25,7,54117,28.762910842895508,50
post_phase12_module1_M1-B,M1-B,R013,ہاکی ورلڈ کپ کا فائنل کن دو ٹیموں کے درمیان ہے,KI,54100,URDU,urdu_bm25,8,43148,28.697343826293945,50
post_phase12_module1_M1-B,M1-B,R013,ہاکی ورلڈ کپ کا فائنل کن دو ٹیموں کے درمیان ہے,KI,54100,URDU,urdu_bm25,9,56120,28.591676712036133,50
post_phase12_module1_M1-B,M1-B,R013,ہاکی ورلڈ کپ کا فائنل کن دو ٹیموں کے درمیان ہے,KI,54100,URDU,urdu_bm25,10,58329,28.35291290283203,50
post_phase12_module1_M1-B,M1-B,R013,ہاکی ورلڈ کپ کا فائنل کن دو ٹیموں کے درمیان ہے,KI,54100,URDU,urdu_bm25,11,54143,28.347654342651367,50
post_phase12_module1_M1-B,M1-B,R013,ہاکی ورلڈ کپ کا فائنل کن دو ٹیموں کے درمیان ہے,KI,54100,URDU,urdu_bm25,12,83473,28.347000122070312,50
post_phase12_module1_M1-B,M1-B,R013,ہاکی ورلڈ کپ کا فائنل کن دو ٹیموں کے درمیان ہے,KI,54100,URDU,urdu_bm25,13,54198,27.986591339111328,50
post_phase12_module1_M1-B,M1-B,R013,ہاکی ورلڈ کپ کا فائنل کن دو ٹیموں کے درمیان ہے,KI,54100,URDU,urdu_bm25,14,83400,27.885900497436523,50
post_phase12_module1_M1-B,M1-B,R013,ہاکی ورلڈ کپ کا فائنل کن دو ٹیموں کے درمیان ہے,KI,54100,URDU,urdu_bm25,15,46135,27.770788192749023,50
post_phase12_module1_M1-B,M1-B,R013,ہاکی ورلڈ کپ کا فائنل کن دو ٹیموں کے درمیان ہے,KI,54100,URDU,urdu_bm25,16,58332,27.576967239379883,50
post_phase12_module1_M1-B,M1-B,R013,ہاکی ورلڈ کپ کا فائنل کن دو ٹیموں کے درمیان ہے,KI,54100,URDU,urdu_bm25,17,54219,27.467933654785156,50
post_phase12_module1_M1-B,M1-B,R013,ہاکی ورلڈ کپ کا فائنل کن دو ٹیموں کے درمیان ہے,KI,54100,URDU,urdu_bm25,18,85669,27.351179122924805,50
post_phase12_module1_M1-B,M1-B,R013,ہاکی ورلڈ کپ کا فائنل کن دو ٹیموں کے درمیان ہے,KI,54100,URDU,urdu_bm25,19,36580,26.983705520629883,50
post_phase12_module1_M1-B,M1-B,R013,ہاکی ورلڈ کپ کا فائنل کن دو ٹیموں کے درمیان ہے,KI,54100,URDU,urdu_bm25,20,54151,26.952571868896484,50
post_phase12_module1_M1-B,M1-B,R013,ہاکی ورلڈ کپ کا فائنل کن دو ٹیموں کے درمیان ہے,KI,54100,URDU,urdu_bm25,21,54123,26.912155151367188,50
post_phase12_module1_M1-B,M1-B,R013,ہاکی ورلڈ کپ کا فائنل کن دو ٹیموں کے درمیان ہے,KI,54100,URDU,urdu_bm25,22,54112,26.497650146484375,50
post_phase12_module1_M1-B,M1-B,R013,ہاکی ورلڈ کپ کا فائنل کن دو ٹیموں کے درمیان ہے,KI,54100,URDU,urdu_bm25,23,35619,26.44839096069336,50
post_phase12_module1_M1-B,M1-B,R013,ہاکی ورلڈ کپ کا فائنل کن دو ٹیموں کے درمیان ہے,KI,54100,URDU,urdu_bm25,24,43169,26.396154403686523,50
post_phase12_module1_M1-B,M1-B,R013,ہاکی ورلڈ کپ کا فائنل کن دو ٹیموں کے درمیان ہے,KI,54100,URDU,urdu_bm25,25,54133,26.33700942993164,50
post_phase12_module1_M1-B,M1-B,R013,ہاکی ورلڈ کپ کا فائنل کن دو ٹیموں کے درمیان ہے,KI,54100,URDU,urdu_bm25,26,35778,26.231393814086914,50
post_phase12_module1_M1-B,M1-B,R013,ہاکی ورلڈ کپ کا فائنل کن دو ٹیموں کے درمیان ہے,KI,54100,URDU,urdu_bm25,27,97014,26.067514419555664,50
post_phase12_module1_M1-B,M1-B,R013,ہاکی ورلڈ کپ کا فائنل کن دو ٹیموں کے درمیان ہے,KI,54100,URDU,urdu_bm25,28,29211,26.057443618774414,50
post_phase12_module1_M1-B,M1-B,R013,ہاکی ورلڈ کپ کا فائنل کن دو ٹیموں کے درمیان ہے,KI,54100,URDU,urdu_bm25,29,83410,25.967546463012695,50
post_phase12_module1_M1-B,M1-B,R013,ہاکی ورلڈ کپ کا فائنل کن دو ٹیموں کے درمیان ہے,KI,54100,URDU,urdu_bm25,30,87459,25.9129581451416,50
post_phase12_module1_M1-B,M1-B,R013,ہاکی ورلڈ کپ کا فائنل کن دو ٹیموں کے درمیان ہے,KI,54100,URDU,urdu_bm25,31,55032,25.903749465942383,50
post_phase12_module1_M1-B,M1-B,R013,ہاکی ورلڈ کپ کا فائنل کن دو ٹیموں کے درمیان ہے,KI,54100,URDU,urdu_bm25,32,54178,25.887752532958984,50
post_phase12_module1_M1-B,M1-B,R013,ہاکی ورلڈ کپ کا فائنل کن دو ٹیموں کے درمیان ہے,KI,54100,URDU,urdu_bm25,33,43204,25.878446578979492,50
post_phase12_module1_M1-B,M1-B,R013,ہاکی ورلڈ کپ کا فائنل کن دو ٹیموں کے درمیان ہے,KI,54100,URDU,urdu_bm25,34,54185,25.81101417541504,50
post_phase12_module1_M1-B,M1-B,R013,ہاکی ورلڈ کپ کا فائنل کن دو ٹیموں کے درمیان ہے,KI,54100,URDU,urdu_bm25,35,36403,25.68896484375,50
post_phase12_module1_M1-B,M1-B,R013,ہاکی ورلڈ کپ کا فائنل کن دو ٹیموں کے درمیان ہے,KI,54100,URDU,urdu_bm25,36,27077,25.659305572509766,50
post_phase12_module1_M1-B,M1-B,R013,ہاکی ورلڈ کپ کا فائنل کن دو ٹیموں کے درمیان ہے,KI,54100,URDU,urdu_bm25,37,30852,25.57396697998047,50
post_phase12_module1_M1-B,M1-B,R013,ہاکی ورلڈ کپ کا فائنل کن دو ٹیموں کے درمیان ہے,KI,54100,URDU,urdu_bm25,38,83386,25.53424072265625,50
post_phase12_module1_M1-B,M1-B,R013,ہاکی ورلڈ کپ کا فائنل کن دو ٹیموں کے درمیان ہے,KI,54100,URDU,urdu_bm25,39,58404,25.44039535522461,50
post_phase12_module1_M1-B,M1-B,R013,ہاکی ورلڈ کپ کا فائنل کن دو ٹیموں کے درمیان ہے,KI,54100,URDU,urdu_bm25,40,47300,25.264644622802734,50
post_phase12_module1_M1-B,M1-B,R013,ہاکی ورلڈ کپ کا فائنل کن دو ٹیموں کے درمیان ہے,KI,54100,URDU,urdu_bm25,41,54197,25.255849838256836,50
post_phase12_module1_M1-B,M1-B,R013,ہاکی ورلڈ کپ کا فائنل کن دو ٹیموں کے درمیان ہے,KI,54100,URDU,urdu_bm25,42,35582,25.2387752532959,50
post_phase12_module1_M1-B,M1-B,R013,ہاکی ورلڈ کپ کا فائنل کن دو ٹیموں کے درمیان ہے,KI,54100,URDU,urdu_bm25,43,29479,25.170124053955078,50
post_phase12_module1_M1-B,M1-B,R013,ہاکی ورلڈ کپ کا فائنل کن دو ٹیموں کے درمیان ہے,KI,54100,URDU,urdu_bm25,44,27139,25.142553329467773,50
post_phase12_module1_M1-B,M1-B,R013,ہاکی ورلڈ کپ کا فائنل کن دو ٹیموں کے درمیان ہے,KI,54100,URDU,urdu_bm25,45,27071,25.00889015197754,50
post_phase12_module1_M1-B,M1-B,R013,ہاکی ورلڈ کپ کا فائنل کن دو ٹیموں کے درمیان ہے,KI,54100,URDU,urdu_bm25,46,93735,24.954381942749023,50
post_phase12_module1_M1-B,M1-B,R013,ہاکی ورلڈ کپ کا فائنل کن دو ٹیموں کے درمیان ہے,KI,54100,URDU,urdu_bm25,47,30703,24.849538803100586,50
post_phase12_module1_M1-B,M1-B,R013,ہاکی ورلڈ کپ کا فائنل کن دو ٹیموں کے درمیان ہے,KI,54100,URDU,urdu_bm25,48,34513,24.76468276977539,50
post_phase12_module1_M1-B,M1-B,R013,ہاکی ورلڈ کپ کا فائنل کن دو ٹیموں کے درمیان ہے,KI,54100,URDU,urdu_bm25,49,43229,24.744882583618164,50
post_phase12_module1_M1-B,M1-B,R013,ہاکی ورلڈ کپ کا فائنل کن دو ٹیموں کے درمیان ہے,KI,54100,URDU,urdu_bm25,50,85727,24.736045837402344,50
post_phase12_module1_M1-B,M1-B,R014,پی سی بی قائم مقام چیئرمین کے لیے کن ناموں پر غور ہے,KI,94363,URDU,urdu_bm25,1,94258,30.981718063354492,50
post_phase12_module1_M1-B,M1-B,R014,پی سی بی قائم مقام چیئرمین کے لیے کن ناموں پر غور ہے,KI,94363,URDU,urdu_bm25,2,86488,29.952810287475586,50
post_phase12_module1_M1-B,M1-B,R014,پی سی بی قائم مقام چیئرمین کے لیے کن ناموں پر غور ہے,KI,94363,URDU,urdu_bm25,3,92147,29.482341766357422,50
post_phase12_module1_M1-B,M1-B,R014,پی سی بی قائم مقام چیئرمین کے لیے کن ناموں پر غور ہے,KI,94363,URDU,urdu_bm25,4,94336,29.382118225097656,50
post_phase12_module1_M1-B,M1-B,R014,پی سی بی قائم مقام چیئرمین کے لیے کن ناموں پر غور ہے,KI,94363,URDU,urdu_bm25,5,94363,29.36748504638672,50
post_phase12_module1_M1-B,M1-B,R014,پی سی بی قائم مقام چیئرمین کے لیے کن ناموں پر غور ہے,KI,94363,URDU,urdu_bm25,6,94398,29.29387855529785,50
post_phase12_module1_M1-B,M1-B,R014,پی سی بی قائم مقام چیئرمین کے لیے کن ناموں پر غور ہے,KI,94363,URDU,urdu_bm25,7,36591,29.163698196411133,50
post_phase12_module1_M1-B,M1-B,R014,پی سی بی قائم مقام چیئرمین کے لیے کن ناموں پر غور ہے,KI,94363,URDU,urdu_bm25,8,92156,28.815959930419922,50
post_phase12_module1_M1-B,M1-B,R014,پی سی بی قائم مقام چیئرمین کے لیے کن ناموں پر غور ہے,KI,94363,URDU,urdu_bm25,9,36636,28.453866958618164,50
post_phase12_module1_M1-B,M1-B,R014,پی سی بی قائم مقام چیئرمین کے لیے کن ناموں پر غور ہے,KI,94363,URDU,urdu_bm25,10,94339,28.233779907226562,50
post_phase12_module1_M1-B,M1-B,R014,پی سی بی قائم مقام چیئرمین کے لیے کن ناموں پر غور ہے,KI,94363,URDU,urdu_bm25,11,94265,28.04356575012207,50
post_phase12_module1_M1-B,M1-B,R014,پی سی بی قائم مقام چیئرمین کے لیے کن ناموں پر غور ہے,KI,94363,URDU,urdu_bm25,12,94317,27.99937629699707,50
post_phase12_module1_M1-B,M1-B,R014,پی سی بی قائم مقام چیئرمین کے لیے کن ناموں پر غور ہے,KI,94363,URDU,urdu_bm25,13,94225,27.682249069213867,50
post_phase12_module1_M1-B,M1-B,R014,پی سی بی قائم مقام چیئرمین کے لیے کن ناموں پر غور ہے,KI,94363,URDU,urdu_bm25,14,94280,27.363292694091797,50
post_phase12_module1_M1-B,M1-B,R014,پی سی بی قائم مقام چیئرمین کے لیے کن ناموں پر غور ہے,KI,94363,URDU,urdu_bm25,15,57828,27.323759078979492,50
post_phase12_module1_M1-B,M1-B,R014,پی سی بی قائم مقام چیئرمین کے لیے کن ناموں پر غور ہے,KI,94363,URDU,urdu_bm25,16,35400,27.19400978088379,50
post_phase12_module1_M1-B,M1-B,R014,پی سی بی قائم مقام چیئرمین کے لیے کن ناموں پر غور ہے,KI,94363,URDU,urdu_bm25,17,35963,26.886817932128906,50
post_phase12_module1_M1-B,M1-B,R014,پی سی بی قائم مقام چیئرمین کے لیے کن ناموں پر غور ہے,KI,94363,URDU,urdu_bm25,18,57122,26.708480834960938,50
post_phase12_module1_M1-B,M1-B,R014,پی سی بی قائم مقام چیئرمین کے لیے کن ناموں پر غور ہے,KI,94363,URDU,urdu_bm25,19,51791,26.650238037109375,50
post_phase12_module1_M1-B,M1-B,R014,پی سی بی قائم مقام چیئرمین کے لیے کن ناموں پر غور ہے,KI,94363,URDU,urdu_bm25,20,94326,26.613554000854492,50
post_phase12_module1_M1-B,M1-B,R014,پی سی بی قائم مقام چیئرمین کے لیے کن ناموں پر غور ہے,KI,94363,URDU,urdu_bm25,21,36551,26.27642250061035,50
post_phase12_module1_M1-B,M1-B,R014,پی سی بی قائم مقام چیئرمین کے لیے کن ناموں پر غور ہے,KI,94363,URDU,urdu_bm25,22,57754,26.1893310546875,50
post_phase12_module1_M1-B,M1-B,R014,پی سی بی قائم مقام چیئرمین کے لیے کن ناموں پر غور ہے,KI,94363,URDU,urdu_bm25,23,94207,26.062305450439453,50
post_phase12_module1_M1-B,M1-B,R014,پی سی بی قائم مقام چیئرمین کے لیے کن ناموں پر غور ہے,KI,94363,URDU,urdu_bm25,24,76131,25.768512725830078,50
post_phase12_module1_M1-B,M1-B,R014,پی سی بی قائم مقام چیئرمین کے لیے کن ناموں پر غور ہے,KI,94363,URDU,urdu_bm25,25,90964,25.499691009521484,50
post_phase12_module1_M1-B,M1-B,R014,پی سی بی قائم مقام چیئرمین کے لیے کن ناموں پر غور ہے,KI,94363,URDU,urdu_bm25,26,54714,25.4137020111084,50
post_phase12_module1_M1-B,M1-B,R014,پی سی بی قائم مقام چیئرمین کے لیے کن ناموں پر غور ہے,KI,94363,URDU,urdu_bm25,27,35475,25.26802635192871,50
post_phase12_module1_M1-B,M1-B,R014,پی سی بی قائم مقام چیئرمین کے لیے کن ناموں پر غور ہے,KI,94363,URDU,urdu_bm25,28,94314,25.15608787536621,50
post_phase12_module1_M1-B,M1-B,R014,پی سی بی قائم مقام چیئرمین کے لیے کن ناموں پر غور ہے,KI,94363,URDU,urdu_bm25,29,35512,25.12669563293457,50
post_phase12_module1_M1-B,M1-B,R014,پی سی بی قائم مقام چیئرمین کے لیے کن ناموں پر غور ہے,KI,94363,URDU,urdu_bm25,30,54408,24.988149642944336,50
post_phase12_module1_M1-B,M1-B,R014,پی سی بی قائم مقام چیئرمین کے لیے کن ناموں پر غور ہے,KI,94363,URDU,urdu_bm25,31,71263,24.975780487060547,50
post_phase12_module1_M1-B,M1-B,R014,پی سی بی قائم مقام چیئرمین کے لیے کن ناموں پر غور ہے,KI,94363,URDU,urdu_bm25,32,94177,24.648422241210938,50
post_phase12_module1_M1-B,M1-B,R014,پی سی بی قائم مقام چیئرمین کے لیے کن ناموں پر غور ہے,KI,94363,URDU,urdu_bm25,33,94361,24.62425422668457,50
post_phase12_module1_M1-B,M1-B,R014,پی سی بی قائم مقام چیئرمین کے لیے کن ناموں پر غور ہے,KI,94363,URDU,urdu_bm25,34,34427,24.534114837646484,50
post_phase12_module1_M1-B,M1-B,R014,پی سی بی قائم مقام چیئرمین کے لیے کن ناموں پر غور ہے,KI,94363,URDU,urdu_bm25,35,83896,24.52842903137207,50
post_phase12_module1_M1-B,M1-B,R014,پی سی بی قائم مقام چیئرمین کے لیے کن ناموں پر غور ہے,KI,94363,URDU,urdu_bm25,36,79244,24.46820640563965,50
post_phase12_module1_M1-B,M1-B,R014,پی سی بی قائم مقام چیئرمین کے لیے کن ناموں پر غور ہے,KI,94363,URDU,urdu_bm25,37,26139,24.438230514526367,50
post_phase12_module1_M1-B,M1-B,R014,پی سی بی قائم مقام چیئرمین کے لیے کن ناموں پر غور ہے,KI,94363,URDU,urdu_bm25,38,54785,24.408802032470703,50
post_phase12_module1_M1-B,M1-B,R014,پی سی بی قائم مقام چیئرمین کے لیے کن ناموں پر غور ہے,KI,94363,URDU,urdu_bm25,39,42010,24.261404037475586,50
post_phase12_module1_M1-B,M1-B,R014,پی سی بی قائم مقام چیئرمین کے لیے کن ناموں پر غور ہے,KI,94363,URDU,urdu_bm25,40,92092,24.255088806152344,50
post_phase12_module1_M1-B,M1-B,R014,پی سی بی قائم مقام چیئرمین کے لیے کن ناموں پر غور ہے,KI,94363,URDU,urdu_bm25,41,46312,24.23829460144043,50
post_phase12_module1_M1-B,M1-B,R014,پی سی بی قائم مقام چیئرمین کے لیے کن ناموں پر غور ہے,KI,94363,URDU,urdu_bm25,42,94267,24.21131706237793,50
post_phase12_module1_M1-B,M1-B,R014,پی سی بی قائم مقام چیئرمین کے لیے کن ناموں پر غور ہے,KI,94363,URDU,urdu_bm25,43,83251,24.192554473876953,50
post_phase12_module1_M1-B,M1-B,R014,پی سی بی قائم مقام چیئرمین کے لیے کن ناموں پر غور ہے,KI,94363,URDU,urdu_bm25,44,36629,24.145967483520508,50
post_phase12_module1_M1-B,M1-B,R014,پی سی بی قائم مقام چیئرمین کے لیے کن ناموں پر غور ہے,KI,94363,URDU,urdu_bm25,45,36626,24.12127685546875,50
post_phase12_module1_M1-B,M1-B,R014,پی سی بی قائم مقام چیئرمین کے لیے کن ناموں پر غور ہے,KI,94363,URDU,urdu_bm25,46,83437,24.038068771362305,50
post_phase12_module1_M1-B,M1-B,R014,پی سی بی قائم مقام چیئرمین کے لیے کن ناموں پر غور ہے,KI,94363,URDU,urdu_bm25,47,29406,23.954191207885742,50
post_phase12_module1_M1-B,M1-B,R014,پی سی بی قائم مقام چیئرمین کے لیے کن ناموں پر غور ہے,KI,94363,URDU,urdu_bm25,48,93328,23.921524047851562,50
post_phase12_module1_M1-B,M1-B,R014,پی سی بی قائم مقام چیئرمین کے لیے کن ناموں پر غور ہے,KI,94363,URDU,urdu_bm25,49,83898,23.840181350708008,50
post_phase12_module1_M1-B,M1-B,R014,پی سی بی قائم مقام چیئرمین کے لیے کن ناموں پر غور ہے,KI,94363,URDU,urdu_bm25,50,59199,23.70907974243164,50
post_phase12_module1_M1-B,M1-B,R015,صوبوں نے وفاق کو ترقیاتی فنڈز کیوں واپس کیے,KI,915,URDU,urdu_bm25,1,915,41.06193161010742,50
post_phase12_module1_M1-B,M1-B,R015,صوبوں نے وفاق کو ترقیاتی فنڈز کیوں واپس کیے,KI,915,URDU,urdu_bm25,2,75735,34.98429489135742,50
post_phase12_module1_M1-B,M1-B,R015,صوبوں نے وفاق کو ترقیاتی فنڈز کیوں واپس کیے,KI,915,URDU,urdu_bm25,3,61371,30.330991744995117,50
post_phase12_module1_M1-B,M1-B,R015,صوبوں نے وفاق کو ترقیاتی فنڈز کیوں واپس کیے,KI,915,URDU,urdu_bm25,4,75690,30.321006774902344,50
post_phase12_module1_M1-B,M1-B,R015,صوبوں نے وفاق کو ترقیاتی فنڈز کیوں واپس کیے,KI,915,URDU,urdu_bm25,5,62854,30.257366180419922,50
post_phase12_module1_M1-B,M1-B,R015,صوبوں نے وفاق کو ترقیاتی فنڈز کیوں واپس کیے,KI,915,URDU,urdu_bm25,6,71072,28.733722686767578,50
post_phase12_module1_M1-B,M1-B,R015,صوبوں نے وفاق کو ترقیاتی فنڈز کیوں واپس کیے,KI,915,URDU,urdu_bm25,7,70807,28.196613311767578,50
post_phase12_module1_M1-B,M1-B,R015,صوبوں نے وفاق کو ترقیاتی فنڈز کیوں واپس کیے,KI,915,URDU,urdu_bm25,8,61646,27.81205177307129,50
post_phase12_module1_M1-B,M1-B,R015,صوبوں نے وفاق کو ترقیاتی فنڈز کیوں واپس کیے,KI,915,URDU,urdu_bm25,9,65722,27.623647689819336,50
post_phase12_module1_M1-B,M1-B,R015,صوبوں نے وفاق کو ترقیاتی فنڈز کیوں واپس کیے,KI,915,URDU,urdu_bm25,10,2839,27.532739639282227,50
post_phase12_module1_M1-B,M1-B,R015,صوبوں نے وفاق کو ترقیاتی فنڈز کیوں واپس کیے,KI,915,URDU,urdu_bm25,11,71750,27.184795379638672,50
post_phase12_module1_M1-B,M1-B,R015,صوبوں نے وفاق کو ترقیاتی فنڈز کیوں واپس کیے,KI,915,URDU,urdu_bm25,12,72087,25.646074295043945,50
post_phase12_module1_M1-B,M1-B,R015,صوبوں نے وفاق کو ترقیاتی فنڈز کیوں واپس کیے,KI,915,URDU,urdu_bm25,13,110853,25.011653900146484,50
post_phase12_module1_M1-B,M1-B,R015,صوبوں نے وفاق کو ترقیاتی فنڈز کیوں واپس کیے,KI,915,URDU,urdu_bm25,14,514,24.970272064208984,50
post_phase12_module1_M1-B,M1-B,R015,صوبوں نے وفاق کو ترقیاتی فنڈز کیوں واپس کیے,KI,915,URDU,urdu_bm25,15,77791,24.87580680847168,50
post_phase12_module1_M1-B,M1-B,R015,صوبوں نے وفاق کو ترقیاتی فنڈز کیوں واپس کیے,KI,915,URDU,urdu_bm25,16,60808,24.797666549682617,50
post_phase12_module1_M1-B,M1-B,R015,صوبوں نے وفاق کو ترقیاتی فنڈز کیوں واپس کیے,KI,915,URDU,urdu_bm25,17,78635,24.73323631286621,50
post_phase12_module1_M1-B,M1-B,R015,صوبوں نے وفاق کو ترقیاتی فنڈز کیوں واپس کیے,KI,915,URDU,urdu_bm25,18,79196,24.296371459960938,50
post_phase12_module1_M1-B,M1-B,R015,صوبوں نے وفاق کو ترقیاتی فنڈز کیوں واپس کیے,KI,915,URDU,urdu_bm25,19,77499,24.248592376708984,50
post_phase12_module1_M1-B,M1-B,R015,صوبوں نے وفاق کو ترقیاتی فنڈز کیوں واپس کیے,KI,915,URDU,urdu_bm25,20,79264,23.8284854888916,50
post_phase12_module1_M1-B,M1-B,R015,صوبوں نے وفاق کو ترقیاتی فنڈز کیوں واپس کیے,KI,915,URDU,urdu_bm25,21,678,23.67622947692871,50
post_phase12_module1_M1-B,M1-B,R015,صوبوں نے وفاق کو ترقیاتی فنڈز کیوں واپس کیے,KI,915,URDU,urdu_bm25,22,63629,23.548051834106445,50
post_phase12_module1_M1-B,M1-B,R015,صوبوں نے وفاق کو ترقیاتی فنڈز کیوں واپس کیے,KI,915,URDU,urdu_bm25,23,63457,23.521018981933594,50
post_phase12_module1_M1-B,M1-B,R015,صوبوں نے وفاق کو ترقیاتی فنڈز کیوں واپس کیے,KI,915,URDU,urdu_bm25,24,74779,23.26390838623047,50
post_phase12_module1_M1-B,M1-B,R015,صوبوں نے وفاق کو ترقیاتی فنڈز کیوں واپس کیے,KI,915,URDU,urdu_bm25,25,111366,23.257396697998047,50
post_phase12_module1_M1-B,M1-B,R015,صوبوں نے وفاق کو ترقیاتی فنڈز کیوں واپس کیے,KI,915,URDU,urdu_bm25,26,75713,23.08687973022461,50
post_phase12_module1_M1-B,M1-B,R015,صوبوں نے وفاق کو ترقیاتی فنڈز کیوں واپس کیے,KI,915,URDU,urdu_bm25,27,75712,23.015453338623047,50
post_phase12_module1_M1-B,M1-B,R015,صوبوں نے وفاق کو ترقیاتی فنڈز کیوں واپس کیے,KI,915,URDU,urdu_bm25,28,65131,22.968582153320312,50
post_phase12_module1_M1-B,M1-B,R015,صوبوں نے وفاق کو ترقیاتی فنڈز کیوں واپس کیے,KI,915,URDU,urdu_bm25,29,77537,22.91898536682129,50
post_phase12_module1_M1-B,M1-B,R015,صوبوں نے وفاق کو ترقیاتی فنڈز کیوں واپس کیے,KI,915,URDU,urdu_bm25,30,40881,22.898460388183594,50
post_phase12_module1_M1-B,M1-B,R015,صوبوں نے وفاق کو ترقیاتی فنڈز کیوں واپس کیے,KI,915,URDU,urdu_bm25,31,60636,22.79144287109375,50
post_phase12_module1_M1-B,M1-B,R015,صوبوں نے وفاق کو ترقیاتی فنڈز کیوں واپس کیے,KI,915,URDU,urdu_bm25,32,1008,22.784687042236328,50
post_phase12_module1_M1-B,M1-B,R015,صوبوں نے وفاق کو ترقیاتی فنڈز کیوں واپس کیے,KI,915,URDU,urdu_bm25,33,110813,22.679279327392578,50
post_phase12_module1_M1-B,M1-B,R015,صوبوں نے وفاق کو ترقیاتی فنڈز کیوں واپس کیے,KI,915,URDU,urdu_bm25,34,77040,22.657590866088867,50
post_phase12_module1_M1-B,M1-B,R015,صوبوں نے وفاق کو ترقیاتی فنڈز کیوں واپس کیے,KI,915,URDU,urdu_bm25,35,3357,22.556060791015625,50
post_phase12_module1_M1-B,M1-B,R015,صوبوں نے وفاق کو ترقیاتی فنڈز کیوں واپس کیے,KI,915,URDU,urdu_bm25,36,71597,22.296165466308594,50
post_phase12_module1_M1-B,M1-B,R015,صوبوں نے وفاق کو ترقیاتی فنڈز کیوں واپس کیے,KI,915,URDU,urdu_bm25,37,3298,22.194868087768555,50
post_phase12_module1_M1-B,M1-B,R015,صوبوں نے وفاق کو ترقیاتی فنڈز کیوں واپس کیے,KI,915,URDU,urdu_bm25,38,109031,22.115148544311523,50
post_phase12_module1_M1-B,M1-B,R015,صوبوں نے وفاق کو ترقیاتی فنڈز کیوں واپس کیے,KI,915,URDU,urdu_bm25,39,40518,21.755029678344727,50
post_phase12_module1_M1-B,M1-B,R015,صوبوں نے وفاق کو ترقیاتی فنڈز کیوں واپس کیے,KI,915,URDU,urdu_bm25,40,63095,21.699169158935547,50
post_phase12_module1_M1-B,M1-B,R015,صوبوں نے وفاق کو ترقیاتی فنڈز کیوں واپس کیے,KI,915,URDU,urdu_bm25,41,109256,21.652456283569336,50
post_phase12_module1_M1-B,M1-B,R015,صوبوں نے وفاق کو ترقیاتی فنڈز کیوں واپس کیے,KI,915,URDU,urdu_bm25,42,110558,21.635440826416016,50
post_phase12_module1_M1-B,M1-B,R015,صوبوں نے وفاق کو ترقیاتی فنڈز کیوں واپس کیے,KI,915,URDU,urdu_bm25,43,64687,21.52885627746582,50
post_phase12_module1_M1-B,M1-B,R015,صوبوں نے وفاق کو ترقیاتی فنڈز کیوں واپس کیے,KI,915,URDU,urdu_bm25,44,78162,21.501258850097656,50
post_phase12_module1_M1-B,M1-B,R015,صوبوں نے وفاق کو ترقیاتی فنڈز کیوں واپس کیے,KI,915,URDU,urdu_bm25,45,111231,21.336711883544922,50
post_phase12_module1_M1-B,M1-B,R015,صوبوں نے وفاق کو ترقیاتی فنڈز کیوں واپس کیے,KI,915,URDU,urdu_bm25,46,77387,21.292926788330078,50
post_phase12_module1_M1-B,M1-B,R015,صوبوں نے وفاق کو ترقیاتی فنڈز کیوں واپس کیے,KI,915,URDU,urdu_bm25,47,110555,20.986045837402344,50
post_phase12_module1_M1-B,M1-B,R015,صوبوں نے وفاق کو ترقیاتی فنڈز کیوں واپس کیے,KI,915,URDU,urdu_bm25,48,63676,20.834915161132812,50
post_phase12_module1_M1-B,M1-B,R015,صوبوں نے وفاق کو ترقیاتی فنڈز کیوں واپس کیے,KI,915,URDU,urdu_bm25,49,61043,20.820205688476562,50
post_phase12_module1_M1-B,M1-B,R015,صوبوں نے وفاق کو ترقیاتی فنڈز کیوں واپس کیے,KI,915,URDU,urdu_bm25,50,2861,20.751251220703125,50
post_phase12_module1_M1-B,M1-B,R016,سام سنگ اپنے نئے فلیگ شپ فون کی رونمائی کب San Francisco میں کرے گا,KI,21021,MIXED,urdu_bm25,1,21349,47.85242462158203,50
post_phase12_module1_M1-B,M1-B,R016,سام سنگ اپنے نئے فلیگ شپ فون کی رونمائی کب San Francisco میں کرے گا,KI,21021,MIXED,urdu_bm25,2,21473,45.42383575439453,50
post_phase12_module1_M1-B,M1-B,R016,سام سنگ اپنے نئے فلیگ شپ فون کی رونمائی کب San Francisco میں کرے گا,KI,21021,MIXED,urdu_bm25,3,21203,45.32595443725586,50
post_phase12_module1_M1-B,M1-B,R016,سام سنگ اپنے نئے فلیگ شپ فون کی رونمائی کب San Francisco میں کرے گا,KI,21021,MIXED,urdu_bm25,4,19677,45.19003677368164,50
post_phase12_module1_M1-B,M1-B,R016,سام سنگ اپنے نئے فلیگ شپ فون کی رونمائی کب San Francisco میں کرے گا,KI,21021,MIXED,urdu_bm25,5,21503,44.88259506225586,50
post_phase12_module1_M1-B,M1-B,R016,سام سنگ اپنے نئے فلیگ شپ فون کی رونمائی کب San Francisco میں کرے گا,KI,21021,MIXED,urdu_bm25,6,79775,44.79250717163086,50
post_phase12_module1_M1-B,M1-B,R016,سام سنگ اپنے نئے فلیگ شپ فون کی رونمائی کب San Francisco میں کرے گا,KI,21021,MIXED,urdu_bm25,7,23383,44.30213165283203,50
post_phase12_module1_M1-B,M1-B,R016,سام سنگ اپنے نئے فلیگ شپ فون کی رونمائی کب San Francisco میں کرے گا,KI,21021,MIXED,urdu_bm25,8,23182,43.636558532714844,50
post_phase12_module1_M1-B,M1-B,R016,سام سنگ اپنے نئے فلیگ شپ فون کی رونمائی کب San Francisco میں کرے گا,KI,21021,MIXED,urdu_bm25,9,23012,43.24122619628906,50
post_phase12_module1_M1-B,M1-B,R016,سام سنگ اپنے نئے فلیگ شپ فون کی رونمائی کب San Francisco میں کرے گا,KI,21021,MIXED,urdu_bm25,10,2602,43.18471908569336,50
post_phase12_module1_M1-B,M1-B,R016,سام سنگ اپنے نئے فلیگ شپ فون کی رونمائی کب San Francisco میں کرے گا,KI,21021,MIXED,urdu_bm25,11,21683,42.8674430847168,50
post_phase12_module1_M1-B,M1-B,R016,سام سنگ اپنے نئے فلیگ شپ فون کی رونمائی کب San Francisco میں کرے گا,KI,21021,MIXED,urdu_bm25,12,22892,42.1848258972168,50
post_phase12_module1_M1-B,M1-B,R016,سام سنگ اپنے نئے فلیگ شپ فون کی رونمائی کب San Francisco میں کرے گا,KI,21021,MIXED,urdu_bm25,13,21524,42.05390930175781,50
post_phase12_module1_M1-B,M1-B,R016,سام سنگ اپنے نئے فلیگ شپ فون کی رونمائی کب San Francisco میں کرے گا,KI,21021,MIXED,urdu_bm25,14,20164,41.9596061706543,50
post_phase12_module1_M1-B,M1-B,R016,سام سنگ اپنے نئے فلیگ شپ فون کی رونمائی کب San Francisco میں کرے گا,KI,21021,MIXED,urdu_bm25,15,20130,41.88764190673828,50
post_phase12_module1_M1-B,M1-B,R016,سام سنگ اپنے نئے فلیگ شپ فون کی رونمائی کب San Francisco میں کرے گا,KI,21021,MIXED,urdu_bm25,16,21615,41.78474044799805,50
post_phase12_module1_M1-B,M1-B,R016,سام سنگ اپنے نئے فلیگ شپ فون کی رونمائی کب San Francisco میں کرے گا,KI,21021,MIXED,urdu_bm25,17,20992,41.2452392578125,50
post_phase12_module1_M1-B,M1-B,R016,سام سنگ اپنے نئے فلیگ شپ فون کی رونمائی کب San Francisco میں کرے گا,KI,21021,MIXED,urdu_bm25,18,20908,41.113101959228516,50
post_phase12_module1_M1-B,M1-B,R016,سام سنگ اپنے نئے فلیگ شپ فون کی رونمائی کب San Francisco میں کرے گا,KI,21021,MIXED,urdu_bm25,19,20212,41.010887145996094,50
post_phase12_module1_M1-B,M1-B,R016,سام سنگ اپنے نئے فلیگ شپ فون کی رونمائی کب San Francisco میں کرے گا,KI,21021,MIXED,urdu_bm25,20,20313,41.00312805175781,50
post_phase12_module1_M1-B,M1-B,R016,سام سنگ اپنے نئے فلیگ شپ فون کی رونمائی کب San Francisco میں کرے گا,KI,21021,MIXED,urdu_bm25,21,21624,40.9904670715332,50
post_phase12_module1_M1-B,M1-B,R016,سام سنگ اپنے نئے فلیگ شپ فون کی رونمائی کب San Francisco میں کرے گا,KI,21021,MIXED,urdu_bm25,22,60096,40.96766662597656,50
post_phase12_module1_M1-B,M1-B,R016,سام سنگ اپنے نئے فلیگ شپ فون کی رونمائی کب San Francisco میں کرے گا,KI,21021,MIXED,urdu_bm25,23,19628,40.96311569213867,50
post_phase12_module1_M1-B,M1-B,R016,سام سنگ اپنے نئے فلیگ شپ فون کی رونمائی کب San Francisco میں کرے گا,KI,21021,MIXED,urdu_bm25,24,19362,40.851409912109375,50
post_phase12_module1_M1-B,M1-B,R016,سام سنگ اپنے نئے فلیگ شپ فون کی رونمائی کب San Francisco میں کرے گا,KI,21021,MIXED,urdu_bm25,25,21927,40.820106506347656,50
post_phase12_module1_M1-B,M1-B,R016,سام سنگ اپنے نئے فلیگ شپ فون کی رونمائی کب San Francisco میں کرے گا,KI,21021,MIXED,urdu_bm25,26,22440,40.72919845581055,50
post_phase12_module1_M1-B,M1-B,R016,سام سنگ اپنے نئے فلیگ شپ فون کی رونمائی کب San Francisco میں کرے گا,KI,21021,MIXED,urdu_bm25,27,21978,40.66379928588867,50
post_phase12_module1_M1-B,M1-B,R016,سام سنگ اپنے نئے فلیگ شپ فون کی رونمائی کب San Francisco میں کرے گا,KI,21021,MIXED,urdu_bm25,28,19419,40.17399215698242,50
post_phase12_module1_M1-B,M1-B,R016,سام سنگ اپنے نئے فلیگ شپ فون کی رونمائی کب San Francisco میں کرے گا,KI,21021,MIXED,urdu_bm25,29,80331,40.11872863769531,50
post_phase12_module1_M1-B,M1-B,R016,سام سنگ اپنے نئے فلیگ شپ فون کی رونمائی کب San Francisco میں کرے گا,KI,21021,MIXED,urdu_bm25,30,21178,40.082679748535156,50
post_phase12_module1_M1-B,M1-B,R016,سام سنگ اپنے نئے فلیگ شپ فون کی رونمائی کب San Francisco میں کرے گا,KI,21021,MIXED,urdu_bm25,31,21313,39.99347686767578,50
post_phase12_module1_M1-B,M1-B,R016,سام سنگ اپنے نئے فلیگ شپ فون کی رونمائی کب San Francisco میں کرے گا,KI,21021,MIXED,urdu_bm25,32,22405,39.959312438964844,50
post_phase12_module1_M1-B,M1-B,R016,سام سنگ اپنے نئے فلیگ شپ فون کی رونمائی کب San Francisco میں کرے گا,KI,21021,MIXED,urdu_bm25,33,22456,39.84280014038086,50
post_phase12_module1_M1-B,M1-B,R016,سام سنگ اپنے نئے فلیگ شپ فون کی رونمائی کب San Francisco میں کرے گا,KI,21021,MIXED,urdu_bm25,34,19698,39.74453353881836,50
post_phase12_module1_M1-B,M1-B,R016,سام سنگ اپنے نئے فلیگ شپ فون کی رونمائی کب San Francisco میں کرے گا,KI,21021,MIXED,urdu_bm25,35,22391,39.674530029296875,50
post_phase12_module1_M1-B,M1-B,R016,سام سنگ اپنے نئے فلیگ شپ فون کی رونمائی کب San Francisco میں کرے گا,KI,21021,MIXED,urdu_bm25,36,20976,39.6076545715332,50
post_phase12_module1_M1-B,M1-B,R016,سام سنگ اپنے نئے فلیگ شپ فون کی رونمائی کب San Francisco میں کرے گا,KI,21021,MIXED,urdu_bm25,37,23440,39.533470153808594,50
post_phase12_module1_M1-B,M1-B,R016,سام سنگ اپنے نئے فلیگ شپ فون کی رونمائی کب San Francisco میں کرے گا,KI,21021,MIXED,urdu_bm25,38,21891,39.45682144165039,50
post_phase12_module1_M1-B,M1-B,R016,سام سنگ اپنے نئے فلیگ شپ فون کی رونمائی کب San Francisco میں کرے گا,KI,21021,MIXED,urdu_bm25,39,22533,39.40724563598633,50
post_phase12_module1_M1-B,M1-B,R016,سام سنگ اپنے نئے فلیگ شپ فون کی رونمائی کب San Francisco میں کرے گا,KI,21021,MIXED,urdu_bm25,40,21330,39.32115936279297,50
post_phase12_module1_M1-B,M1-B,R016,سام سنگ اپنے نئے فلیگ شپ فون کی رونمائی کب San Francisco میں کرے گا,KI,21021,MIXED,urdu_bm25,41,21110,39.087547302246094,50
post_phase12_module1_M1-B,M1-B,R016,سام سنگ اپنے نئے فلیگ شپ فون کی رونمائی کب San Francisco میں کرے گا,KI,21021,MIXED,urdu_bm25,42,20547,39.02357864379883,50
post_phase12_module1_M1-B,M1-B,R016,سام سنگ اپنے نئے فلیگ شپ فون کی رونمائی کب San Francisco میں کرے گا,KI,21021,MIXED,urdu_bm25,43,21009,38.9792594909668,50
post_phase12_module1_M1-B,M1-B,R016,سام سنگ اپنے نئے فلیگ شپ فون کی رونمائی کب San Francisco میں کرے گا,KI,21021,MIXED,urdu_bm25,44,19385,38.957881927490234,50
post_phase12_module1_M1-B,M1-B,R016,سام سنگ اپنے نئے فلیگ شپ فون کی رونمائی کب San Francisco میں کرے گا,KI,21021,MIXED,urdu_bm25,45,23316,38.83578872680664,50
post_phase12_module1_M1-B,M1-B,R016,سام سنگ اپنے نئے فلیگ شپ فون کی رونمائی کب San Francisco میں کرے گا,KI,21021,MIXED,urdu_bm25,46,20877,38.80753707885742,50
post_phase12_module1_M1-B,M1-B,R016,سام سنگ اپنے نئے فلیگ شپ فون کی رونمائی کب San Francisco میں کرے گا,KI,21021,MIXED,urdu_bm25,47,22014,38.79520797729492,50
post_phase12_module1_M1-B,M1-B,R016,سام سنگ اپنے نئے فلیگ شپ فون کی رونمائی کب San Francisco میں کرے گا,KI,21021,MIXED,urdu_bm25,48,21817,38.70380783081055,50
post_phase12_module1_M1-B,M1-B,R016,سام سنگ اپنے نئے فلیگ شپ فون کی رونمائی کب San Francisco میں کرے گا,KI,21021,MIXED,urdu_bm25,49,23060,38.62724685668945,50
post_phase12_module1_M1-B,M1-B,R016,سام سنگ اپنے نئے فلیگ شپ فون کی رونمائی کب San Francisco میں کرے گا,KI,21021,MIXED,urdu_bm25,50,21005,38.62668991088867,50
post_phase12_module1_M1-B,M1-B,R017,عراق نے طلبہ کی نقل روکنے کے لیے امتحانات کے دوران کیا بند کیا,KI,23646,URDU,urdu_bm25,1,23646,45.51772689819336,50
post_phase12_module1_M1-B,M1-B,R017,عراق نے طلبہ کی نقل روکنے کے لیے امتحانات کے دوران کیا بند کیا,KI,23646,URDU,urdu_bm25,2,4709,21.031723022460938,50
post_phase12_module1_M1-B,M1-B,R017,عراق نے طلبہ کی نقل روکنے کے لیے امتحانات کے دوران کیا بند کیا,KI,23646,URDU,urdu_bm25,3,970,20.53384780883789,50
post_phase12_module1_M1-B,M1-B,R017,عراق نے طلبہ کی نقل روکنے کے لیے امتحانات کے دوران کیا بند کیا,KI,23646,URDU,urdu_bm25,4,80095,19.4906063079834,50
post_phase12_module1_M1-B,M1-B,R017,عراق نے طلبہ کی نقل روکنے کے لیے امتحانات کے دوران کیا بند کیا,KI,23646,URDU,urdu_bm25,5,79431,18.808351516723633,50
post_phase12_module1_M1-B,M1-B,R017,عراق نے طلبہ کی نقل روکنے کے لیے امتحانات کے دوران کیا بند کیا,KI,23646,URDU,urdu_bm25,6,72072,18.755573272705078,50
post_phase12_module1_M1-B,M1-B,R017,عراق نے طلبہ کی نقل روکنے کے لیے امتحانات کے دوران کیا بند کیا,KI,23646,URDU,urdu_bm25,7,60266,18.416831970214844,50
post_phase12_module1_M1-B,M1-B,R017,عراق نے طلبہ کی نقل روکنے کے لیے امتحانات کے دوران کیا بند کیا,KI,23646,URDU,urdu_bm25,8,98181,17.706459045410156,50
post_phase12_module1_M1-B,M1-B,R017,عراق نے طلبہ کی نقل روکنے کے لیے امتحانات کے دوران کیا بند کیا,KI,23646,URDU,urdu_bm25,9,7658,16.958362579345703,50
post_phase12_module1_M1-B,M1-B,R017,عراق نے طلبہ کی نقل روکنے کے لیے امتحانات کے دوران کیا بند کیا,KI,23646,URDU,urdu_bm25,10,48969,16.954879760742188,50
post_phase12_module1_M1-B,M1-B,R017,عراق نے طلبہ کی نقل روکنے کے لیے امتحانات کے دوران کیا بند کیا,KI,23646,URDU,urdu_bm25,11,23851,16.85869026184082,50
post_phase12_module1_M1-B,M1-B,R017,عراق نے طلبہ کی نقل روکنے کے لیے امتحانات کے دوران کیا بند کیا,KI,23646,URDU,urdu_bm25,12,8101,16.797603607177734,50
post_phase12_module1_M1-B,M1-B,R017,عراق نے طلبہ کی نقل روکنے کے لیے امتحانات کے دوران کیا بند کیا,KI,23646,URDU,urdu_bm25,13,15035,16.641529083251953,50
post_phase12_module1_M1-B,M1-B,R017,عراق نے طلبہ کی نقل روکنے کے لیے امتحانات کے دوران کیا بند کیا,KI,23646,URDU,urdu_bm25,14,7047,16.276451110839844,50
post_phase12_module1_M1-B,M1-B,R017,عراق نے طلبہ کی نقل روکنے کے لیے امتحانات کے دوران کیا بند کیا,KI,23646,URDU,urdu_bm25,15,11397,16.219072341918945,50
post_phase12_module1_M1-B,M1-B,R017,عراق نے طلبہ کی نقل روکنے کے لیے امتحانات کے دوران کیا بند کیا,KI,23646,URDU,urdu_bm25,16,7416,16.149747848510742,50
post_phase12_module1_M1-B,M1-B,R017,عراق نے طلبہ کی نقل روکنے کے لیے امتحانات کے دوران کیا بند کیا,KI,23646,URDU,urdu_bm25,17,1907,16.144926071166992,50
post_phase12_module1_M1-B,M1-B,R017,عراق نے طلبہ کی نقل روکنے کے لیے امتحانات کے دوران کیا بند کیا,KI,23646,URDU,urdu_bm25,18,59332,15.967606544494629,50
post_phase12_module1_M1-B,M1-B,R017,عراق نے طلبہ کی نقل روکنے کے لیے امتحانات کے دوران کیا بند کیا,KI,23646,URDU,urdu_bm25,19,846,15.858226776123047,50
post_phase12_module1_M1-B,M1-B,R017,عراق نے طلبہ کی نقل روکنے کے لیے امتحانات کے دوران کیا بند کیا,KI,23646,URDU,urdu_bm25,20,5485,15.849105834960938,50
post_phase12_module1_M1-B,M1-B,R017,عراق نے طلبہ کی نقل روکنے کے لیے امتحانات کے دوران کیا بند کیا,KI,23646,URDU,urdu_bm25,21,40662,15.81135368347168,50
post_phase12_module1_M1-B,M1-B,R017,عراق نے طلبہ کی نقل روکنے کے لیے امتحانات کے دوران کیا بند کیا,KI,23646,URDU,urdu_bm25,22,21271,15.804622650146484,50
post_phase12_module1_M1-B,M1-B,R017,عراق نے طلبہ کی نقل روکنے کے لیے امتحانات کے دوران کیا بند کیا,KI,23646,URDU,urdu_bm25,23,8171,15.716575622558594,50
post_phase12_module1_M1-B,M1-B,R017,عراق نے طلبہ کی نقل روکنے کے لیے امتحانات کے دوران کیا بند کیا,KI,23646,URDU,urdu_bm25,24,1169,15.529860496520996,50
post_phase12_module1_M1-B,M1-B,R017,عراق نے طلبہ کی نقل روکنے کے لیے امتحانات کے دوران کیا بند کیا,KI,23646,URDU,urdu_bm25,25,865,15.41402816772461,50
post_phase12_module1_M1-B,M1-B,R017,عراق نے طلبہ کی نقل روکنے کے لیے امتحانات کے دوران کیا بند کیا,KI,23646,URDU,urdu_bm25,26,70914,15.215920448303223,50
post_phase12_module1_M1-B,M1-B,R017,عراق نے طلبہ کی نقل روکنے کے لیے امتحانات کے دوران کیا بند کیا,KI,23646,URDU,urdu_bm25,27,5474,15.196805953979492,50
post_phase12_module1_M1-B,M1-B,R017,عراق نے طلبہ کی نقل روکنے کے لیے امتحانات کے دوران کیا بند کیا,KI,23646,URDU,urdu_bm25,28,109377,15.038684844970703,50
post_phase12_module1_M1-B,M1-B,R017,عراق نے طلبہ کی نقل روکنے کے لیے امتحانات کے دوران کیا بند کیا,KI,23646,URDU,urdu_bm25,29,34098,14.967039108276367,50
post_phase12_module1_M1-B,M1-B,R017,عراق نے طلبہ کی نقل روکنے کے لیے امتحانات کے دوران کیا بند کیا,KI,23646,URDU,urdu_bm25,30,12667,14.924434661865234,50
post_phase12_module1_M1-B,M1-B,R017,عراق نے طلبہ کی نقل روکنے کے لیے امتحانات کے دوران کیا بند کیا,KI,23646,URDU,urdu_bm25,31,14091,14.85598373413086,50
post_phase12_module1_M1-B,M1-B,R017,عراق نے طلبہ کی نقل روکنے کے لیے امتحانات کے دوران کیا بند کیا,KI,23646,URDU,urdu_bm25,32,62297,14.693270683288574,50
post_phase12_module1_M1-B,M1-B,R017,عراق نے طلبہ کی نقل روکنے کے لیے امتحانات کے دوران کیا بند کیا,KI,23646,URDU,urdu_bm25,33,18149,14.586908340454102,50
post_phase12_module1_M1-B,M1-B,R017,عراق نے طلبہ کی نقل روکنے کے لیے امتحانات کے دوران کیا بند کیا,KI,23646,URDU,urdu_bm25,34,727,14.586008071899414,50
post_phase12_module1_M1-B,M1-B,R017,عراق نے طلبہ کی نقل روکنے کے لیے امتحانات کے دوران کیا بند کیا,KI,23646,URDU,urdu_bm25,35,22060,14.573834419250488,50
post_phase12_module1_M1-B,M1-B,R017,عراق نے طلبہ کی نقل روکنے کے لیے امتحانات کے دوران کیا بند کیا,KI,23646,URDU,urdu_bm25,36,19310,14.4924955368042,50
post_phase12_module1_M1-B,M1-B,R017,عراق نے طلبہ کی نقل روکنے کے لیے امتحانات کے دوران کیا بند کیا,KI,23646,URDU,urdu_bm25,37,36727,14.466545104980469,50
post_phase12_module1_M1-B,M1-B,R017,عراق نے طلبہ کی نقل روکنے کے لیے امتحانات کے دوران کیا بند کیا,KI,23646,URDU,urdu_bm25,38,77565,14.449315071105957,50
post_phase12_module1_M1-B,M1-B,R017,عراق نے طلبہ کی نقل روکنے کے لیے امتحانات کے دوران کیا بند کیا,KI,23646,URDU,urdu_bm25,39,78355,14.445052146911621,50
post_phase12_module1_M1-B,M1-B,R017,عراق نے طلبہ کی نقل روکنے کے لیے امتحانات کے دوران کیا بند کیا,KI,23646,URDU,urdu_bm25,40,58836,14.415058135986328,50
post_phase12_module1_M1-B,M1-B,R017,عراق نے طلبہ کی نقل روکنے کے لیے امتحانات کے دوران کیا بند کیا,KI,23646,URDU,urdu_bm25,41,48205,14.379874229431152,50
post_phase12_module1_M1-B,M1-B,R017,عراق نے طلبہ کی نقل روکنے کے لیے امتحانات کے دوران کیا بند کیا,KI,23646,URDU,urdu_bm25,42,90671,14.374248504638672,50
post_phase12_module1_M1-B,M1-B,R017,عراق نے طلبہ کی نقل روکنے کے لیے امتحانات کے دوران کیا بند کیا,KI,23646,URDU,urdu_bm25,43,10112,14.31418228149414,50
post_phase12_module1_M1-B,M1-B,R017,عراق نے طلبہ کی نقل روکنے کے لیے امتحانات کے دوران کیا بند کیا,KI,23646,URDU,urdu_bm25,44,103844,14.29671573638916,50
post_phase12_module1_M1-B,M1-B,R017,عراق نے طلبہ کی نقل روکنے کے لیے امتحانات کے دوران کیا بند کیا,KI,23646,URDU,urdu_bm25,45,42151,14.166285514831543,50
post_phase12_module1_M1-B,M1-B,R017,عراق نے طلبہ کی نقل روکنے کے لیے امتحانات کے دوران کیا بند کیا,KI,23646,URDU,urdu_bm25,46,10689,14.139528274536133,50
post_phase12_module1_M1-B,M1-B,R017,عراق نے طلبہ کی نقل روکنے کے لیے امتحانات کے دوران کیا بند کیا,KI,23646,URDU,urdu_bm25,47,5732,14.031828880310059,50
post_phase12_module1_M1-B,M1-B,R017,عراق نے طلبہ کی نقل روکنے کے لیے امتحانات کے دوران کیا بند کیا,KI,23646,URDU,urdu_bm25,48,14514,13.999420166015625,50
post_phase12_module1_M1-B,M1-B,R017,عراق نے طلبہ کی نقل روکنے کے لیے امتحانات کے دوران کیا بند کیا,KI,23646,URDU,urdu_bm25,49,80217,13.992098808288574,50
post_phase12_module1_M1-B,M1-B,R017,عراق نے طلبہ کی نقل روکنے کے لیے امتحانات کے دوران کیا بند کیا,KI,23646,URDU,urdu_bm25,50,19314,13.964365005493164,50
post_phase12_module1_M1-B,M1-B,R018,کراچی میں پاک فوج کے نام پر سائیکل ریس کا مقصد کیا تھا,KI,46877,URDU,urdu_bm25,1,88214,39.19989013671875,50
post_phase12_module1_M1-B,M1-B,R018,کراچی میں پاک فوج کے نام پر سائیکل ریس کا مقصد کیا تھا,KI,46877,URDU,urdu_bm25,2,91009,35.269535064697266,50
post_phase12_module1_M1-B,M1-B,R018,کراچی میں پاک فوج کے نام پر سائیکل ریس کا مقصد کیا تھا,KI,46877,URDU,urdu_bm25,3,33827,32.01777267456055,50
post_phase12_module1_M1-B,M1-B,R018,کراچی میں پاک فوج کے نام پر سائیکل ریس کا مقصد کیا تھا,KI,46877,URDU,urdu_bm25,4,86991,29.742155075073242,50
post_phase12_module1_M1-B,M1-B,R018,کراچی میں پاک فوج کے نام پر سائیکل ریس کا مقصد کیا تھا,KI,46877,URDU,urdu_bm25,5,43881,28.24132537841797,50
post_phase12_module1_M1-B,M1-B,R018,کراچی میں پاک فوج کے نام پر سائیکل ریس کا مقصد کیا تھا,KI,46877,URDU,urdu_bm25,6,43115,27.617952346801758,50
post_phase12_module1_M1-B,M1-B,R018,کراچی میں پاک فوج کے نام پر سائیکل ریس کا مقصد کیا تھا,KI,46877,URDU,urdu_bm25,7,44705,27.608835220336914,50
post_phase12_module1_M1-B,M1-B,R018,کراچی میں پاک فوج کے نام پر سائیکل ریس کا مقصد کیا تھا,KI,46877,URDU,urdu_bm25,8,91526,26.33235740661621,50
post_phase12_module1_M1-B,M1-B,R018,کراچی میں پاک فوج کے نام پر سائیکل ریس کا مقصد کیا تھا,KI,46877,URDU,urdu_bm25,9,43253,26.314502716064453,50
post_phase12_module1_M1-B,M1-B,R018,کراچی میں پاک فوج کے نام پر سائیکل ریس کا مقصد کیا تھا,KI,46877,URDU,urdu_bm25,10,47297,26.113489151000977,50
post_phase12_module1_M1-B,M1-B,R018,کراچی میں پاک فوج کے نام پر سائیکل ریس کا مقصد کیا تھا,KI,46877,URDU,urdu_bm25,11,44759,26.075279235839844,50
post_phase12_module1_M1-B,M1-B,R018,کراچی میں پاک فوج کے نام پر سائیکل ریس کا مقصد کیا تھا,KI,46877,URDU,urdu_bm25,12,89532,25.971590042114258,50
post_phase12_module1_M1-B,M1-B,R018,کراچی میں پاک فوج کے نام پر سائیکل ریس کا مقصد کیا تھا,KI,46877,URDU,urdu_bm25,13,43367,25.93208122253418,50
post_phase12_module1_M1-B,M1-B,R018,کراچی میں پاک فوج کے نام پر سائیکل ریس کا مقصد کیا تھا,KI,46877,URDU,urdu_bm25,14,46877,25.874706268310547,50
post_phase12_module1_M1-B,M1-B,R018,کراچی میں پاک فوج کے نام پر سائیکل ریس کا مقصد کیا تھا,KI,46877,URDU,urdu_bm25,15,58666,25.66172218322754,50
post_phase12_module1_M1-B,M1-B,R018,کراچی میں پاک فوج کے نام پر سائیکل ریس کا مقصد کیا تھا,KI,46877,URDU,urdu_bm25,16,47685,25.177026748657227,50
post_phase12_module1_M1-B,M1-B,R018,کراچی میں پاک فوج کے نام پر سائیکل ریس کا مقصد کیا تھا,KI,46877,URDU,urdu_bm25,17,97094,24.90146827697754,50
post_phase12_module1_M1-B,M1-B,R018,کراچی میں پاک فوج کے نام پر سائیکل ریس کا مقصد کیا تھا,KI,46877,URDU,urdu_bm25,18,84273,24.753273010253906,50
post_phase12_module1_M1-B,M1-B,R018,کراچی میں پاک فوج کے نام پر سائیکل ریس کا مقصد کیا تھا,KI,46877,URDU,urdu_bm25,19,30420,24.724885940551758,50
post_phase12_module1_M1-B,M1-B,R018,کراچی میں پاک فوج کے نام پر سائیکل ریس کا مقصد کیا تھا,KI,46877,URDU,urdu_bm25,20,42872,24.499717712402344,50
post_phase12_module1_M1-B,M1-B,R018,کراچی میں پاک فوج کے نام پر سائیکل ریس کا مقصد کیا تھا,KI,46877,URDU,urdu_bm25,21,59196,24.457717895507812,50
post_phase12_module1_M1-B,M1-B,R018,کراچی میں پاک فوج کے نام پر سائیکل ریس کا مقصد کیا تھا,KI,46877,URDU,urdu_bm25,22,43829,24.336374282836914,50
post_phase12_module1_M1-B,M1-B,R018,کراچی میں پاک فوج کے نام پر سائیکل ریس کا مقصد کیا تھا,KI,46877,URDU,urdu_bm25,23,94001,23.740222930908203,50
post_phase12_module1_M1-B,M1-B,R018,کراچی میں پاک فوج کے نام پر سائیکل ریس کا مقصد کیا تھا,KI,46877,URDU,urdu_bm25,24,96520,23.408838272094727,50
post_phase12_module1_M1-B,M1-B,R018,کراچی میں پاک فوج کے نام پر سائیکل ریس کا مقصد کیا تھا,KI,46877,URDU,urdu_bm25,25,92500,23.342437744140625,50
post_phase12_module1_M1-B,M1-B,R018,کراچی میں پاک فوج کے نام پر سائیکل ریس کا مقصد کیا تھا,KI,46877,URDU,urdu_bm25,26,58951,23.095247268676758,50
post_phase12_module1_M1-B,M1-B,R018,کراچی میں پاک فوج کے نام پر سائیکل ریس کا مقصد کیا تھا,KI,46877,URDU,urdu_bm25,27,93993,23.033283233642578,50
post_phase12_module1_M1-B,M1-B,R018,کراچی میں پاک فوج کے نام پر سائیکل ریس کا مقصد کیا تھا,KI,46877,URDU,urdu_bm25,28,43602,22.765363693237305,50
post_phase12_module1_M1-B,M1-B,R018,کراچی میں پاک فوج کے نام پر سائیکل ریس کا مقصد کیا تھا,KI,46877,URDU,urdu_bm25,29,68364,22.622129440307617,50
post_phase12_module1_M1-B,M1-B,R018,کراچی میں پاک فوج کے نام پر سائیکل ریس کا مقصد کیا تھا,KI,46877,URDU,urdu_bm25,30,52299,22.54804229736328,50
post_phase12_module1_M1-B,M1-B,R018,کراچی میں پاک فوج کے نام پر سائیکل ریس کا مقصد کیا تھا,KI,46877,URDU,urdu_bm25,31,43517,22.480838775634766,50
post_phase12_module1_M1-B,M1-B,R018,کراچی میں پاک فوج کے نام پر سائیکل ریس کا مقصد کیا تھا,KI,46877,URDU,urdu_bm25,32,44795,22.455503463745117,50
post_phase12_module1_M1-B,M1-B,R018,کراچی میں پاک فوج کے نام پر سائیکل ریس کا مقصد کیا تھا,KI,46877,URDU,urdu_bm25,33,44040,22.43069076538086,50
post_phase12_module1_M1-B,M1-B,R018,کراچی میں پاک فوج کے نام پر سائیکل ریس کا مقصد کیا تھا,KI,46877,URDU,urdu_bm25,34,43493,22.05449676513672,50
post_phase12_module1_M1-B,M1-B,R018,کراچی میں پاک فوج کے نام پر سائیکل ریس کا مقصد کیا تھا,KI,46877,URDU,urdu_bm25,35,97038,22.020662307739258,50
post_phase12_module1_M1-B,M1-B,R018,کراچی میں پاک فوج کے نام پر سائیکل ریس کا مقصد کیا تھا,KI,46877,URDU,urdu_bm25,36,9284,21.95268440246582,50
post_phase12_module1_M1-B,M1-B,R018,کراچی میں پاک فوج کے نام پر سائیکل ریس کا مقصد کیا تھا,KI,46877,URDU,urdu_bm25,37,90337,21.918155670166016,50
post_phase12_module1_M1-B,M1-B,R018,کراچی میں پاک فوج کے نام پر سائیکل ریس کا مقصد کیا تھا,KI,46877,URDU,urdu_bm25,38,90230,21.89171600341797,50
post_phase12_module1_M1-B,M1-B,R018,کراچی میں پاک فوج کے نام پر سائیکل ریس کا مقصد کیا تھا,KI,46877,URDU,urdu_bm25,39,96277,21.858747482299805,50
post_phase12_module1_M1-B,M1-B,R018,کراچی میں پاک فوج کے نام پر سائیکل ریس کا مقصد کیا تھا,KI,46877,URDU,urdu_bm25,40,43730,21.817726135253906,50
post_phase12_module1_M1-B,M1-B,R018,کراچی میں پاک فوج کے نام پر سائیکل ریس کا مقصد کیا تھا,KI,46877,URDU,urdu_bm25,41,57624,21.811002731323242,50
post_phase12_module1_M1-B,M1-B,R018,کراچی میں پاک فوج کے نام پر سائیکل ریس کا مقصد کیا تھا,KI,46877,URDU,urdu_bm25,42,94565,21.7810115814209,50
post_phase12_module1_M1-B,M1-B,R018,کراچی میں پاک فوج کے نام پر سائیکل ریس کا مقصد کیا تھا,KI,46877,URDU,urdu_bm25,43,92230,21.69828987121582,50
post_phase12_module1_M1-B,M1-B,R018,کراچی میں پاک فوج کے نام پر سائیکل ریس کا مقصد کیا تھا,KI,46877,URDU,urdu_bm25,44,47878,21.554527282714844,50
post_phase12_module1_M1-B,M1-B,R018,کراچی میں پاک فوج کے نام پر سائیکل ریس کا مقصد کیا تھا,KI,46877,URDU,urdu_bm25,45,6295,21.383642196655273,50
post_phase12_module1_M1-B,M1-B,R018,کراچی میں پاک فوج کے نام پر سائیکل ریس کا مقصد کیا تھا,KI,46877,URDU,urdu_bm25,46,44140,21.36133575439453,50
post_phase12_module1_M1-B,M1-B,R018,کراچی میں پاک فوج کے نام پر سائیکل ریس کا مقصد کیا تھا,KI,46877,URDU,urdu_bm25,47,90647,21.34051513671875,50
post_phase12_module1_M1-B,M1-B,R018,کراچی میں پاک فوج کے نام پر سائیکل ریس کا مقصد کیا تھا,KI,46877,URDU,urdu_bm25,48,43623,21.3228702545166,50
post_phase12_module1_M1-B,M1-B,R018,کراچی میں پاک فوج کے نام پر سائیکل ریس کا مقصد کیا تھا,KI,46877,URDU,urdu_bm25,49,94660,21.30215835571289,50
post_phase12_module1_M1-B,M1-B,R018,کراچی میں پاک فوج کے نام پر سائیکل ریس کا مقصد کیا تھا,KI,46877,URDU,urdu_bm25,50,86760,21.269786834716797,50
post_phase12_module1_M1-B,M1-B,R019,اپریل 2019 میں کراچی اسٹاک مارکیٹ کتne پوائنٹس نیچے بند ہوئی,KI,64946,MIXED,urdu_bm25,1,64946,40.01180648803711,50
post_phase12_module1_M1-B,M1-B,R019,اپریل 2019 میں کراچی اسٹاک مارکیٹ کتne پوائنٹس نیچے بند ہوئی,KI,64946,MIXED,urdu_bm25,2,64886,39.908714294433594,50
post_phase12_module1_M1-B,M1-B,R019,اپریل 2019 میں کراچی اسٹاک مارکیٹ کتne پوائنٹس نیچے بند ہوئی,KI,64946,MIXED,urdu_bm25,3,64570,39.217472076416016,50
post_phase12_module1_M1-B,M1-B,R019,اپریل 2019 میں کراچی اسٹاک مارکیٹ کتne پوائنٹس نیچے بند ہوئی,KI,64946,MIXED,urdu_bm25,4,64913,38.898529052734375,50
post_phase12_module1_M1-B,M1-B,R019,اپریل 2019 میں کراچی اسٹاک مارکیٹ کتne پوائنٹس نیچے بند ہوئی,KI,64946,MIXED,urdu_bm25,5,64604,38.49053192138672,50
post_phase12_module1_M1-B,M1-B,R019,اپریل 2019 میں کراچی اسٹاک مارکیٹ کتne پوائنٹس نیچے بند ہوئی,KI,64946,MIXED,urdu_bm25,6,64950,37.84553527832031,50
post_phase12_module1_M1-B,M1-B,R019,اپریل 2019 میں کراچی اسٹاک مارکیٹ کتne پوائنٹس نیچے بند ہوئی,KI,64946,MIXED,urdu_bm25,7,64902,36.96085739135742,50
post_phase12_module1_M1-B,M1-B,R019,اپریل 2019 میں کراچی اسٹاک مارکیٹ کتne پوائنٹس نیچے بند ہوئی,KI,64946,MIXED,urdu_bm25,8,65045,36.86915588378906,50
post_phase12_module1_M1-B,M1-B,R019,اپریل 2019 میں کراچی اسٹاک مارکیٹ کتne پوائنٹس نیچے بند ہوئی,KI,64946,MIXED,urdu_bm25,9,64948,36.84193420410156,50
post_phase12_module1_M1-B,M1-B,R019,اپریل 2019 میں کراچی اسٹاک مارکیٹ کتne پوائنٹس نیچے بند ہوئی,KI,64946,MIXED,urdu_bm25,10,64647,36.68260192871094,50
post_phase12_module1_M1-B,M1-B,R019,اپریل 2019 میں کراچی اسٹاک مارکیٹ کتne پوائنٹس نیچے بند ہوئی,KI,64946,MIXED,urdu_bm25,11,65072,36.61073303222656,50
post_phase12_module1_M1-B,M1-B,R019,اپریل 2019 میں کراچی اسٹاک مارکیٹ کتne پوائنٹس نیچے بند ہوئی,KI,64946,MIXED,urdu_bm25,12,64907,36.10188293457031,50
post_phase12_module1_M1-B,M1-B,R019,اپریل 2019 میں کراچی اسٹاک مارکیٹ کتne پوائنٹس نیچے بند ہوئی,KI,64946,MIXED,urdu_bm25,13,63143,36.086788177490234,50
post_phase12_module1_M1-B,M1-B,R019,اپریل 2019 میں کراچی اسٹاک مارکیٹ کتne پوائنٹس نیچے بند ہوئی,KI,64946,MIXED,urdu_bm25,14,65067,36.042633056640625,50
post_phase12_module1_M1-B,M1-B,R019,اپریل 2019 میں کراچی اسٹاک مارکیٹ کتne پوائنٹس نیچے بند ہوئی,KI,64946,MIXED,urdu_bm25,15,64635,35.83820343017578,50
post_phase12_module1_M1-B,M1-B,R019,اپریل 2019 میں کراچی اسٹاک مارکیٹ کتne پوائنٹس نیچے بند ہوئی,KI,64946,MIXED,urdu_bm25,16,64892,35.793338775634766,50
post_phase12_module1_M1-B,M1-B,R019,اپریل 2019 میں کراچی اسٹاک مارکیٹ کتne پوائنٹس نیچے بند ہوئی,KI,64946,MIXED,urdu_bm25,17,63711,35.74662780761719,50
post_phase12_module1_M1-B,M1-B,R019,اپریل 2019 میں کراچی اسٹاک مارکیٹ کتne پوائنٹس نیچے بند ہوئی,KI,64946,MIXED,urdu_bm25,18,64917,35.685829162597656,50
post_phase12_module1_M1-B,M1-B,R019,اپریل 2019 میں کراچی اسٹاک مارکیٹ کتne پوائنٹس نیچے بند ہوئی,KI,64946,MIXED,urdu_bm25,19,64909,35.682159423828125,50
post_phase12_module1_M1-B,M1-B,R019,اپریل 2019 میں کراچی اسٹاک مارکیٹ کتne پوائنٹس نیچے بند ہوئی,KI,64946,MIXED,urdu_bm25,20,64841,35.600067138671875,50
post_phase12_module1_M1-B,M1-B,R019,اپریل 2019 میں کراچی اسٹاک مارکیٹ کتne پوائنٹس نیچے بند ہوئی,KI,64946,MIXED,urdu_bm25,21,71865,35.394657135009766,50
post_phase12_module1_M1-B,M1-B,R019,اپریل 2019 میں کراچی اسٹاک مارکیٹ کتne پوائنٹس نیچے بند ہوئی,KI,64946,MIXED,urdu_bm25,22,65029,35.248661041259766,50
post_phase12_module1_M1-B,M1-B,R019,اپریل 2019 میں کراچی اسٹاک مارکیٹ کتne پوائنٹس نیچے بند ہوئی,KI,64946,MIXED,urdu_bm25,23,64964,35.083656311035156,50
post_phase12_module1_M1-B,M1-B,R019,اپریل 2019 میں کراچی اسٹاک مارکیٹ کتne پوائنٹس نیچے بند ہوئی,KI,64946,MIXED,urdu_bm25,24,38807,35.03050231933594,50
post_phase12_module1_M1-B,M1-B,R019,اپریل 2019 میں کراچی اسٹاک مارکیٹ کتne پوائنٹس نیچے بند ہوئی,KI,64946,MIXED,urdu_bm25,25,64924,34.89838790893555,50
post_phase12_module1_M1-B,M1-B,R019,اپریل 2019 میں کراچی اسٹاک مارکیٹ کتne پوائنٹس نیچے بند ہوئی,KI,64946,MIXED,urdu_bm25,26,64890,34.87229919433594,50
post_phase12_module1_M1-B,M1-B,R019,اپریل 2019 میں کراچی اسٹاک مارکیٹ کتne پوائنٹس نیچے بند ہوئی,KI,64946,MIXED,urdu_bm25,27,64929,34.84833526611328,50
post_phase12_module1_M1-B,M1-B,R019,اپریل 2019 میں کراچی اسٹاک مارکیٹ کتne پوائنٹس نیچے بند ہوئی,KI,64946,MIXED,urdu_bm25,28,64889,34.81955337524414,50
post_phase12_module1_M1-B,M1-B,R019,اپریل 2019 میں کراچی اسٹاک مارکیٹ کتne پوائنٹس نیچے بند ہوئی,KI,64946,MIXED,urdu_bm25,29,64760,34.72822952270508,50
post_phase12_module1_M1-B,M1-B,R019,اپریل 2019 میں کراچی اسٹاک مارکیٹ کتne پوائنٹس نیچے بند ہوئی,KI,64946,MIXED,urdu_bm25,30,64905,34.68484115600586,50
post_phase12_module1_M1-B,M1-B,R019,اپریل 2019 میں کراچی اسٹاک مارکیٹ کتne پوائنٹس نیچے بند ہوئی,KI,64946,MIXED,urdu_bm25,31,63684,34.52826690673828,50
post_phase12_module1_M1-B,M1-B,R019,اپریل 2019 میں کراچی اسٹاک مارکیٹ کتne پوائنٹس نیچے بند ہوئی,KI,64946,MIXED,urdu_bm25,32,64931,34.52128982543945,50
post_phase12_module1_M1-B,M1-B,R019,اپریل 2019 میں کراچی اسٹاک مارکیٹ کتne پوائنٹس نیچے بند ہوئی,KI,64946,MIXED,urdu_bm25,33,64958,34.48108673095703,50
post_phase12_module1_M1-B,M1-B,R019,اپریل 2019 میں کراچی اسٹاک مارکیٹ کتne پوائنٹس نیچے بند ہوئی,KI,64946,MIXED,urdu_bm25,34,64872,34.455528259277344,50
post_phase12_module1_M1-B,M1-B,R019,اپریل 2019 میں کراچی اسٹاک مارکیٹ کتne پوائنٹس نیچے بند ہوئی,KI,64946,MIXED,urdu_bm25,35,64629,34.10251235961914,50
post_phase12_module1_M1-B,M1-B,R019,اپریل 2019 میں کراچی اسٹاک مارکیٹ کتne پوائنٹس نیچے بند ہوئی,KI,64946,MIXED,urdu_bm25,36,71854,33.99303436279297,50
post_phase12_module1_M1-B,M1-B,R019,اپریل 2019 میں کراچی اسٹاک مارکیٹ کتne پوائنٹس نیچے بند ہوئی,KI,64946,MIXED,urdu_bm25,37,63323,33.964778900146484,50
post_phase12_module1_M1-B,M1-B,R019,اپریل 2019 میں کراچی اسٹاک مارکیٹ کتne پوائنٹس نیچے بند ہوئی,KI,64946,MIXED,urdu_bm25,38,64834,33.955482482910156,50
post_phase12_module1_M1-B,M1-B,R019,اپریل 2019 میں کراچی اسٹاک مارکیٹ کتne پوائنٹس نیچے بند ہوئی,KI,64946,MIXED,urdu_bm25,39,64399,33.75385284423828,50
post_phase12_module1_M1-B,M1-B,R019,اپریل 2019 میں کراچی اسٹاک مارکیٹ کتne پوائنٹس نیچے بند ہوئی,KI,64946,MIXED,urdu_bm25,40,64895,33.748695373535156,50
post_phase12_module1_M1-B,M1-B,R019,اپریل 2019 میں کراچی اسٹاک مارکیٹ کتne پوائنٹس نیچے بند ہوئی,KI,64946,MIXED,urdu_bm25,41,64915,33.62210464477539,50
post_phase12_module1_M1-B,M1-B,R019,اپریل 2019 میں کراچی اسٹاک مارکیٹ کتne پوائنٹس نیچے بند ہوئی,KI,64946,MIXED,urdu_bm25,42,64921,33.612220764160156,50
post_phase12_module1_M1-B,M1-B,R019,اپریل 2019 میں کراچی اسٹاک مارکیٹ کتne پوائنٹس نیچے بند ہوئی,KI,64946,MIXED,urdu_bm25,43,64899,33.597267150878906,50
post_phase12_module1_M1-B,M1-B,R019,اپریل 2019 میں کراچی اسٹاک مارکیٹ کتne پوائنٹس نیچے بند ہوئی,KI,64946,MIXED,urdu_bm25,44,63719,33.59086608886719,50
post_phase12_module1_M1-B,M1-B,R019,اپریل 2019 میں کراچی اسٹاک مارکیٹ کتne پوائنٹس نیچے بند ہوئی,KI,64946,MIXED,urdu_bm25,45,64792,33.52050018310547,50
post_phase12_module1_M1-B,M1-B,R019,اپریل 2019 میں کراچی اسٹاک مارکیٹ کتne پوائنٹس نیچے بند ہوئی,KI,64946,MIXED,urdu_bm25,46,64934,33.4382209777832,50
post_phase12_module1_M1-B,M1-B,R019,اپریل 2019 میں کراچی اسٹاک مارکیٹ کتne پوائنٹس نیچے بند ہوئی,KI,64946,MIXED,urdu_bm25,47,65435,33.435577392578125,50
post_phase12_module1_M1-B,M1-B,R019,اپریل 2019 میں کراچی اسٹاک مارکیٹ کتne پوائنٹس نیچے بند ہوئی,KI,64946,MIXED,urdu_bm25,48,64546,33.41984939575195,50
post_phase12_module1_M1-B,M1-B,R019,اپریل 2019 میں کراچی اسٹاک مارکیٹ کتne پوائنٹس نیچے بند ہوئی,KI,64946,MIXED,urdu_bm25,49,65129,33.41657638549805,50
post_phase12_module1_M1-B,M1-B,R019,اپریل 2019 میں کراچی اسٹاک مارکیٹ کتne پوائنٹس نیچے بند ہوئی,KI,64946,MIXED,urdu_bm25,50,64810,33.39052963256836,50
post_phase12_module1_M1-B,M1-B,R020,قائداعظم ون ڈے کپ کے دوسرے سیمی فائنل میں کس بینک نے جیت حاصل کی,KI,83578,URDU,urdu_bm25,1,83578,42.213905334472656,50
post_phase12_module1_M1-B,M1-B,R020,قائداعظم ون ڈے کپ کے دوسرے سیمی فائنل میں کس بینک نے جیت حاصل کی,KI,83578,URDU,urdu_bm25,2,97029,34.38383102416992,50
post_phase12_module1_M1-B,M1-B,R020,قائداعظم ون ڈے کپ کے دوسرے سیمی فائنل میں کس بینک نے جیت حاصل کی,KI,83578,URDU,urdu_bm25,3,83587,31.80487060546875,50
post_phase12_module1_M1-B,M1-B,R020,قائداعظم ون ڈے کپ کے دوسرے سیمی فائنل میں کس بینک نے جیت حاصل کی,KI,83578,URDU,urdu_bm25,4,54305,30.638643264770508,50
post_phase12_module1_M1-B,M1-B,R020,قائداعظم ون ڈے کپ کے دوسرے سیمی فائنل میں کس بینک نے جیت حاصل کی,KI,83578,URDU,urdu_bm25,5,83610,30.002304077148438,50
post_phase12_module1_M1-B,M1-B,R020,قائداعظم ون ڈے کپ کے دوسرے سیمی فائنل میں کس بینک نے جیت حاصل کی,KI,83578,URDU,urdu_bm25,6,26179,28.864179611206055,50
post_phase12_module1_M1-B,M1-B,R020,قائداعظم ون ڈے کپ کے دوسرے سیمی فائنل میں کس بینک نے جیت حاصل کی,KI,83578,URDU,urdu_bm25,7,83459,28.792802810668945,50
post_phase12_module1_M1-B,M1-B,R020,قائداعظم ون ڈے کپ کے دوسرے سیمی فائنل میں کس بینک نے جیت حاصل کی,KI,83578,URDU,urdu_bm25,8,83577,28.592599868774414,50
post_phase12_module1_M1-B,M1-B,R020,قائداعظم ون ڈے کپ کے دوسرے سیمی فائنل میں کس بینک نے جیت حاصل کی,KI,83578,URDU,urdu_bm25,9,90994,28.42613410949707,50
post_phase12_module1_M1-B,M1-B,R020,قائداعظم ون ڈے کپ کے دوسرے سیمی فائنل میں کس بینک نے جیت حاصل کی,KI,83578,URDU,urdu_bm25,10,83585,28.11005973815918,50
post_phase12_module1_M1-B,M1-B,R020,قائداعظم ون ڈے کپ کے دوسرے سیمی فائنل میں کس بینک نے جیت حاصل کی,KI,83578,URDU,urdu_bm25,11,97034,27.719951629638672,50
post_phase12_module1_M1-B,M1-B,R020,قائداعظم ون ڈے کپ کے دوسرے سیمی فائنل میں کس بینک نے جیت حاصل کی,KI,83578,URDU,urdu_bm25,12,26137,27.64467430114746,50
post_phase12_module1_M1-B,M1-B,R020,قائداعظم ون ڈے کپ کے دوسرے سیمی فائنل میں کس بینک نے جیت حاصل کی,KI,83578,URDU,urdu_bm25,13,34442,27.49380874633789,50
post_phase12_module1_M1-B,M1-B,R020,قائداعظم ون ڈے کپ کے دوسرے سیمی فائنل میں کس بینک نے جیت حاصل کی,KI,83578,URDU,urdu_bm25,14,94700,27.388164520263672,50
post_phase12_module1_M1-B,M1-B,R020,قائداعظم ون ڈے کپ کے دوسرے سیمی فائنل میں کس بینک نے جیت حاصل کی,KI,83578,URDU,urdu_bm25,15,89202,27.036224365234375,50
post_phase12_module1_M1-B,M1-B,R020,قائداعظم ون ڈے کپ کے دوسرے سیمی فائنل میں کس بینک نے جیت حاصل کی,KI,83578,URDU,urdu_bm25,16,84886,27.009279251098633,50
post_phase12_module1_M1-B,M1-B,R020,قائداعظم ون ڈے کپ کے دوسرے سیمی فائنل میں کس بینک نے جیت حاصل کی,KI,83578,URDU,urdu_bm25,17,81951,26.64495086669922,50
post_phase12_module1_M1-B,M1-B,R020,قائداعظم ون ڈے کپ کے دوسرے سیمی فائنل میں کس بینک نے جیت حاصل کی,KI,83578,URDU,urdu_bm25,18,26150,26.399761199951172,50
post_phase12_module1_M1-B,M1-B,R020,قائداعظم ون ڈے کپ کے دوسرے سیمی فائنل میں کس بینک نے جیت حاصل کی,KI,83578,URDU,urdu_bm25,19,26135,26.303489685058594,50
post_phase12_module1_M1-B,M1-B,R020,قائداعظم ون ڈے کپ کے دوسرے سیمی فائنل میں کس بینک نے جیت حاصل کی,KI,83578,URDU,urdu_bm25,20,53022,26.261669158935547,50
post_phase12_module1_M1-B,M1-B,R020,قائداعظم ون ڈے کپ کے دوسرے سیمی فائنل میں کس بینک نے جیت حاصل کی,KI,83578,URDU,urdu_bm25,21,55979,25.891799926757812,50
post_phase12_module1_M1-B,M1-B,R020,قائداعظم ون ڈے کپ کے دوسرے سیمی فائنل میں کس بینک نے جیت حاصل کی,KI,83578,URDU,urdu_bm25,22,53070,25.779590606689453,50
post_phase12_module1_M1-B,M1-B,R020,قائداعظم ون ڈے کپ کے دوسرے سیمی فائنل میں کس بینک نے جیت حاصل کی,KI,83578,URDU,urdu_bm25,23,26584,25.506574630737305,50
post_phase12_module1_M1-B,M1-B,R020,قائداعظم ون ڈے کپ کے دوسرے سیمی فائنل میں کس بینک نے جیت حاصل کی,KI,83578,URDU,urdu_bm25,24,90996,25.492000579833984,50
post_phase12_module1_M1-B,M1-B,R020,قائداعظم ون ڈے کپ کے دوسرے سیمی فائنل میں کس بینک نے جیت حاصل کی,KI,83578,URDU,urdu_bm25,25,46219,25.463665008544922,50
post_phase12_module1_M1-B,M1-B,R020,قائداعظم ون ڈے کپ کے دوسرے سیمی فائنل میں کس بینک نے جیت حاصل کی,KI,83578,URDU,urdu_bm25,26,37765,25.08847427368164,50
post_phase12_module1_M1-B,M1-B,R020,قائداعظم ون ڈے کپ کے دوسرے سیمی فائنل میں کس بینک نے جیت حاصل کی,KI,83578,URDU,urdu_bm25,27,47866,25.027870178222656,50
post_phase12_module1_M1-B,M1-B,R020,قائداعظم ون ڈے کپ کے دوسرے سیمی فائنل میں کس بینک نے جیت حاصل کی,KI,83578,URDU,urdu_bm25,28,34443,24.923856735229492,50
post_phase12_module1_M1-B,M1-B,R020,قائداعظم ون ڈے کپ کے دوسرے سیمی فائنل میں کس بینک نے جیت حاصل کی,KI,83578,URDU,urdu_bm25,29,26156,24.651063919067383,50
post_phase12_module1_M1-B,M1-B,R020,قائداعظم ون ڈے کپ کے دوسرے سیمی فائنل میں کس بینک نے جیت حاصل کی,KI,83578,URDU,urdu_bm25,30,94763,24.58576774597168,50
post_phase12_module1_M1-B,M1-B,R020,قائداعظم ون ڈے کپ کے دوسرے سیمی فائنل میں کس بینک نے جیت حاصل کی,KI,83578,URDU,urdu_bm25,31,87181,24.552824020385742,50
post_phase12_module1_M1-B,M1-B,R020,قائداعظم ون ڈے کپ کے دوسرے سیمی فائنل میں کس بینک نے جیت حاصل کی,KI,83578,URDU,urdu_bm25,32,54969,24.436933517456055,50
post_phase12_module1_M1-B,M1-B,R020,قائداعظم ون ڈے کپ کے دوسرے سیمی فائنل میں کس بینک نے جیت حاصل کی,KI,83578,URDU,urdu_bm25,33,82412,24.349409103393555,50
post_phase12_module1_M1-B,M1-B,R020,قائداعظم ون ڈے کپ کے دوسرے سیمی فائنل میں کس بینک نے جیت حاصل کی,KI,83578,URDU,urdu_bm25,34,92510,24.227699279785156,50
post_phase12_module1_M1-B,M1-B,R020,قائداعظم ون ڈے کپ کے دوسرے سیمی فائنل میں کس بینک نے جیت حاصل کی,KI,83578,URDU,urdu_bm25,35,88280,24.18577766418457,50
post_phase12_module1_M1-B,M1-B,R020,قائداعظم ون ڈے کپ کے دوسرے سیمی فائنل میں کس بینک نے جیت حاصل کی,KI,83578,URDU,urdu_bm25,36,53637,24.176462173461914,50
post_phase12_module1_M1-B,M1-B,R020,قائداعظم ون ڈے کپ کے دوسرے سیمی فائنل میں کس بینک نے جیت حاصل کی,KI,83578,URDU,urdu_bm25,37,26105,24.113378524780273,50
post_phase12_module1_M1-B,M1-B,R020,قائداعظم ون ڈے کپ کے دوسرے سیمی فائنل میں کس بینک نے جیت حاصل کی,KI,83578,URDU,urdu_bm25,38,34435,24.073575973510742,50
post_phase12_module1_M1-B,M1-B,R020,قائداعظم ون ڈے کپ کے دوسرے سیمی فائنل میں کس بینک نے جیت حاصل کی,KI,83578,URDU,urdu_bm25,39,94854,24.016469955444336,50
post_phase12_module1_M1-B,M1-B,R020,قائداعظم ون ڈے کپ کے دوسرے سیمی فائنل میں کس بینک نے جیت حاصل کی,KI,83578,URDU,urdu_bm25,40,26171,23.942962646484375,50
post_phase12_module1_M1-B,M1-B,R020,قائداعظم ون ڈے کپ کے دوسرے سیمی فائنل میں کس بینک نے جیت حاصل کی,KI,83578,URDU,urdu_bm25,41,82368,23.883506774902344,50
post_phase12_module1_M1-B,M1-B,R020,قائداعظم ون ڈے کپ کے دوسرے سیمی فائنل میں کس بینک نے جیت حاصل کی,KI,83578,URDU,urdu_bm25,42,88550,23.872051239013672,50
post_phase12_module1_M1-B,M1-B,R020,قائداعظم ون ڈے کپ کے دوسرے سیمی فائنل میں کس بینک نے جیت حاصل کی,KI,83578,URDU,urdu_bm25,43,85061,23.84918785095215,50
post_phase12_module1_M1-B,M1-B,R020,قائداعظم ون ڈے کپ کے دوسرے سیمی فائنل میں کس بینک نے جیت حاصل کی,KI,83578,URDU,urdu_bm25,44,59180,23.83841323852539,50
post_phase12_module1_M1-B,M1-B,R020,قائداعظم ون ڈے کپ کے دوسرے سیمی فائنل میں کس بینک نے جیت حاصل کی,KI,83578,URDU,urdu_bm25,45,94089,23.799545288085938,50
post_phase12_module1_M1-B,M1-B,R020,قائداعظم ون ڈے کپ کے دوسرے سیمی فائنل میں کس بینک نے جیت حاصل کی,KI,83578,URDU,urdu_bm25,46,26138,23.676076889038086,50
post_phase12_module1_M1-B,M1-B,R020,قائداعظم ون ڈے کپ کے دوسرے سیمی فائنل میں کس بینک نے جیت حاصل کی,KI,83578,URDU,urdu_bm25,47,44458,23.659976959228516,50
post_phase12_module1_M1-B,M1-B,R020,قائداعظم ون ڈے کپ کے دوسرے سیمی فائنل میں کس بینک نے جیت حاصل کی,KI,83578,URDU,urdu_bm25,48,92696,23.651817321777344,50
post_phase12_module1_M1-B,M1-B,R020,قائداعظم ون ڈے کپ کے دوسرے سیمی فائنل میں کس بینک نے جیت حاصل کی,KI,83578,URDU,urdu_bm25,49,87630,23.590991973876953,50
post_phase12_module1_M1-B,M1-B,R020,قائداعظم ون ڈے کپ کے دوسرے سیمی فائنل میں کس بینک نے جیت حاصل کی,KI,83578,URDU,urdu_bm25,50,34513,23.551963806152344,50
post_phase12_module1_M1-B,M1-B,R021,کے الیکٹرک صارفین کے لیے بجلی یونٹ کتna مہnga hua manzoor,KI,349,MIXED,urdu_bm25,1,70776,33.28498458862305,50
post_phase12_module1_M1-B,M1-B,R021,کے الیکٹرک صارفین کے لیے بجلی یونٹ کتna مہnga hua manzoor,KI,349,MIXED,urdu_bm25,2,109301,33.23815155029297,50
post_phase12_module1_M1-B,M1-B,R021,کے الیکٹرک صارفین کے لیے بجلی یونٹ کتna مہnga hua manzoor,KI,349,MIXED,urdu_bm25,3,70772,33.19194793701172,50
post_phase12_module1_M1-B,M1-B,R021,کے الیکٹرک صارفین کے لیے بجلی یونٹ کتna مہnga hua manzoor,KI,349,MIXED,urdu_bm25,4,74241,32.442474365234375,50
post_phase12_module1_M1-B,M1-B,R021,کے الیکٹرک صارفین کے لیے بجلی یونٹ کتna مہnga hua manzoor,KI,349,MIXED,urdu_bm25,5,3163,32.39974594116211,50
post_phase12_module1_M1-B,M1-B,R021,کے الیکٹرک صارفین کے لیے بجلی یونٹ کتna مہnga hua manzoor,KI,349,MIXED,urdu_bm25,6,62946,32.334815979003906,50
post_phase12_module1_M1-B,M1-B,R021,کے الیکٹرک صارفین کے لیے بجلی یونٹ کتna مہnga hua manzoor,KI,349,MIXED,urdu_bm25,7,74493,32.20386505126953,50
post_phase12_module1_M1-B,M1-B,R021,کے الیکٹرک صارفین کے لیے بجلی یونٹ کتna مہnga hua manzoor,KI,349,MIXED,urdu_bm25,8,1481,31.832759857177734,50
post_phase12_module1_M1-B,M1-B,R021,کے الیکٹرک صارفین کے لیے بجلی یونٹ کتna مہnga hua manzoor,KI,349,MIXED,urdu_bm25,9,72289,31.493711471557617,50
post_phase12_module1_M1-B,M1-B,R021,کے الیکٹرک صارفین کے لیے بجلی یونٹ کتna مہnga hua manzoor,KI,349,MIXED,urdu_bm25,10,63190,31.49005126953125,50
post_phase12_module1_M1-B,M1-B,R021,کے الیکٹرک صارفین کے لیے بجلی یونٹ کتna مہnga hua manzoor,KI,349,MIXED,urdu_bm25,11,64141,31.468555450439453,50
post_phase12_module1_M1-B,M1-B,R021,کے الیکٹرک صارفین کے لیے بجلی یونٹ کتna مہnga hua manzoor,KI,349,MIXED,urdu_bm25,12,70771,31.365676879882812,50
post_phase12_module1_M1-B,M1-B,R021,کے الیکٹرک صارفین کے لیے بجلی یونٹ کتna مہnga hua manzoor,KI,349,MIXED,urdu_bm25,13,1195,31.331506729125977,50
post_phase12_module1_M1-B,M1-B,R021,کے الیکٹرک صارفین کے لیے بجلی یونٹ کتna مہnga hua manzoor,KI,349,MIXED,urdu_bm25,14,74771,31.32564353942871,50
post_phase12_module1_M1-B,M1-B,R021,کے الیکٹرک صارفین کے لیے بجلی یونٹ کتna مہnga hua manzoor,KI,349,MIXED,urdu_bm25,15,71385,31.25467300415039,50
post_phase12_module1_M1-B,M1-B,R021,کے الیکٹرک صارفین کے لیے بجلی یونٹ کتna مہnga hua manzoor,KI,349,MIXED,urdu_bm25,16,71808,31.22195053100586,50
post_phase12_module1_M1-B,M1-B,R021,کے الیکٹرک صارفین کے لیے بجلی یونٹ کتna مہnga hua manzoor,KI,349,MIXED,urdu_bm25,17,70782,31.19632339477539,50
post_phase12_module1_M1-B,M1-B,R021,کے الیکٹرک صارفین کے لیے بجلی یونٹ کتna مہnga hua manzoor,KI,349,MIXED,urdu_bm25,18,110449,30.98435401916504,50
post_phase12_module1_M1-B,M1-B,R021,کے الیکٹرک صارفین کے لیے بجلی یونٹ کتna مہnga hua manzoor,KI,349,MIXED,urdu_bm25,19,71383,30.81081199645996,50
post_phase12_module1_M1-B,M1-B,R021,کے الیکٹرک صارفین کے لیے بجلی یونٹ کتna مہnga hua manzoor,KI,349,MIXED,urdu_bm25,20,3284,30.791685104370117,50
post_phase12_module1_M1-B,M1-B,R021,کے الیکٹرک صارفین کے لیے بجلی یونٹ کتna مہnga hua manzoor,KI,349,MIXED,urdu_bm25,21,109783,30.7777042388916,50
post_phase12_module1_M1-B,M1-B,R021,کے الیکٹرک صارفین کے لیے بجلی یونٹ کتna مہnga hua manzoor,KI,349,MIXED,urdu_bm25,22,73149,30.67994499206543,50
post_phase12_module1_M1-B,M1-B,R021,کے الیکٹرک صارفین کے لیے بجلی یونٹ کتna مہnga hua manzoor,KI,349,MIXED,urdu_bm25,23,64488,30.631681442260742,50
post_phase12_module1_M1-B,M1-B,R021,کے الیکٹرک صارفین کے لیے بجلی یونٹ کتna مہnga hua manzoor,KI,349,MIXED,urdu_bm25,24,72658,30.583087921142578,50
post_phase12_module1_M1-B,M1-B,R021,کے الیکٹرک صارفین کے لیے بجلی یونٹ کتna مہnga hua manzoor,KI,349,MIXED,urdu_bm25,25,73637,30.47284507751465,50
post_phase12_module1_M1-B,M1-B,R021,کے الیکٹرک صارفین کے لیے بجلی یونٹ کتna مہnga hua manzoor,KI,349,MIXED,urdu_bm25,26,109689,30.434104919433594,50
post_phase12_module1_M1-B,M1-B,R021,کے الیکٹرک صارفین کے لیے بجلی یونٹ کتna مہnga hua manzoor,KI,349,MIXED,urdu_bm25,27,75088,30.352291107177734,50
post_phase12_module1_M1-B,M1-B,R021,کے الیکٹرک صارفین کے لیے بجلی یونٹ کتna مہnga hua manzoor,KI,349,MIXED,urdu_bm25,28,73380,30.293670654296875,50
post_phase12_module1_M1-B,M1-B,R021,کے الیکٹرک صارفین کے لیے بجلی یونٹ کتna مہnga hua manzoor,KI,349,MIXED,urdu_bm25,29,110650,30.288715362548828,50
post_phase12_module1_M1-B,M1-B,R021,کے الیکٹرک صارفین کے لیے بجلی یونٹ کتna مہnga hua manzoor,KI,349,MIXED,urdu_bm25,30,71758,30.211471557617188,50
post_phase12_module1_M1-B,M1-B,R021,کے الیکٹرک صارفین کے لیے بجلی یونٹ کتna مہnga hua manzoor,KI,349,MIXED,urdu_bm25,31,70037,30.209163665771484,50
post_phase12_module1_M1-B,M1-B,R021,کے الیکٹرک صارفین کے لیے بجلی یونٹ کتna مہnga hua manzoor,KI,349,MIXED,urdu_bm25,32,72061,30.101804733276367,50
post_phase12_module1_M1-B,M1-B,R021,کے الیکٹرک صارفین کے لیے بجلی یونٹ کتna مہnga hua manzoor,KI,349,MIXED,urdu_bm25,33,76167,30.09271240234375,50
post_phase12_module1_M1-B,M1-B,R021,کے الیکٹرک صارفین کے لیے بجلی یونٹ کتna مہnga hua manzoor,KI,349,MIXED,urdu_bm25,34,71708,30.086647033691406,50
post_phase12_module1_M1-B,M1-B,R021,کے الیکٹرک صارفین کے لیے بجلی یونٹ کتna مہnga hua manzoor,KI,349,MIXED,urdu_bm25,35,70910,30.060810089111328,50
post_phase12_module1_M1-B,M1-B,R021,کے الیکٹرک صارفین کے لیے بجلی یونٹ کتna مہnga hua manzoor,KI,349,MIXED,urdu_bm25,36,61626,30.01922607421875,50
post_phase12_module1_M1-B,M1-B,R021,کے الیکٹرک صارفین کے لیے بجلی یونٹ کتna مہnga hua manzoor,KI,349,MIXED,urdu_bm25,37,109613,29.952661514282227,50
post_phase12_module1_M1-B,M1-B,R021,کے الیکٹرک صارفین کے لیے بجلی یونٹ کتna مہnga hua manzoor,KI,349,MIXED,urdu_bm25,38,70976,29.951906204223633,50
post_phase12_module1_M1-B,M1-B,R021,کے الیکٹرک صارفین کے لیے بجلی یونٹ کتna مہnga hua manzoor,KI,349,MIXED,urdu_bm25,39,64246,29.939237594604492,50
post_phase12_module1_M1-B,M1-B,R021,کے الیکٹرک صارفین کے لیے بجلی یونٹ کتna مہnga hua manzoor,KI,349,MIXED,urdu_bm25,40,75025,29.76375961303711,50
post_phase12_module1_M1-B,M1-B,R021,کے الیکٹرک صارفین کے لیے بجلی یونٹ کتna مہnga hua manzoor,KI,349,MIXED,urdu_bm25,41,61974,29.758159637451172,50
post_phase12_module1_M1-B,M1-B,R021,کے الیکٹرک صارفین کے لیے بجلی یونٹ کتna مہnga hua manzoor,KI,349,MIXED,urdu_bm25,42,62365,29.73908233642578,50
post_phase12_module1_M1-B,M1-B,R021,کے الیکٹرک صارفین کے لیے بجلی یونٹ کتna مہnga hua manzoor,KI,349,MIXED,urdu_bm25,43,71675,29.678979873657227,50
post_phase12_module1_M1-B,M1-B,R021,کے الیکٹرک صارفین کے لیے بجلی یونٹ کتna مہnga hua manzoor,KI,349,MIXED,urdu_bm25,44,70880,29.666912078857422,50
post_phase12_module1_M1-B,M1-B,R021,کے الیکٹرک صارفین کے لیے بجلی یونٹ کتna مہnga hua manzoor,KI,349,MIXED,urdu_bm25,45,72974,29.658483505249023,50
post_phase12_module1_M1-B,M1-B,R021,کے الیکٹرک صارفین کے لیے بجلی یونٹ کتna مہnga hua manzoor,KI,349,MIXED,urdu_bm25,46,70165,29.658184051513672,50
post_phase12_module1_M1-B,M1-B,R021,کے الیکٹرک صارفین کے لیے بجلی یونٹ کتna مہnga hua manzoor,KI,349,MIXED,urdu_bm25,47,74441,29.62466049194336,50
post_phase12_module1_M1-B,M1-B,R021,کے الیکٹرک صارفین کے لیے بجلی یونٹ کتna مہnga hua manzoor,KI,349,MIXED,urdu_bm25,48,72767,29.620723724365234,50
post_phase12_module1_M1-B,M1-B,R021,کے الیکٹرک صارفین کے لیے بجلی یونٹ کتna مہnga hua manzoor,KI,349,MIXED,urdu_bm25,49,62002,29.58317756652832,50
post_phase12_module1_M1-B,M1-B,R021,کے الیکٹرک صارفین کے لیے بجلی یونٹ کتna مہnga hua manzoor,KI,349,MIXED,urdu_bm25,50,65228,29.526765823364258,50
post_phase12_module1_M1-B,M1-B,R022,ملک میں سونے ki فی تولہ qeemat mein kitna izafa hua,KI,73145,MIXED,urdu_bm25,1,72736,28.390573501586914,50
post_phase12_module1_M1-B,M1-B,R022,ملک میں سونے ki فی تولہ qeemat mein kitna izafa hua,KI,73145,MIXED,urdu_bm25,2,72799,28.1776180267334,50
post_phase12_module1_M1-B,M1-B,R022,ملک میں سونے ki فی تولہ qeemat mein kitna izafa hua,KI,73145,MIXED,urdu_bm25,3,72732,28.020647048950195,50
post_phase12_module1_M1-B,M1-B,R022,ملک میں سونے ki فی تولہ qeemat mein kitna izafa hua,KI,73145,MIXED,urdu_bm25,4,70618,27.909624099731445,50
post_phase12_module1_M1-B,M1-B,R022,ملک میں سونے ki فی تولہ qeemat mein kitna izafa hua,KI,73145,MIXED,urdu_bm25,5,71264,27.736982345581055,50
post_phase12_module1_M1-B,M1-B,R022,ملک میں سونے ki فی تولہ qeemat mein kitna izafa hua,KI,73145,MIXED,urdu_bm25,6,73142,27.596460342407227,50
post_phase12_module1_M1-B,M1-B,R022,ملک میں سونے ki فی تولہ qeemat mein kitna izafa hua,KI,73145,MIXED,urdu_bm25,7,72275,27.546127319335938,50
post_phase12_module1_M1-B,M1-B,R022,ملک میں سونے ki فی تولہ qeemat mein kitna izafa hua,KI,73145,MIXED,urdu_bm25,8,70295,27.535545349121094,50
post_phase12_module1_M1-B,M1-B,R022,ملک میں سونے ki فی تولہ qeemat mein kitna izafa hua,KI,73145,MIXED,urdu_bm25,9,70067,27.475671768188477,50
post_phase12_module1_M1-B,M1-B,R022,ملک میں سونے ki فی تولہ qeemat mein kitna izafa hua,KI,73145,MIXED,urdu_bm25,10,3367,27.419761657714844,50
post_phase12_module1_M1-B,M1-B,R022,ملک میں سونے ki فی تولہ qeemat mein kitna izafa hua,KI,73145,MIXED,urdu_bm25,11,70760,27.357393264770508,50
post_phase12_module1_M1-B,M1-B,R022,ملک میں سونے ki فی تولہ qeemat mein kitna izafa hua,KI,73145,MIXED,urdu_bm25,12,74509,27.35199737548828,50
post_phase12_module1_M1-B,M1-B,R022,ملک میں سونے ki فی تولہ qeemat mein kitna izafa hua,KI,73145,MIXED,urdu_bm25,13,70279,27.347942352294922,50
post_phase12_module1_M1-B,M1-B,R022,ملک میں سونے ki فی تولہ qeemat mein kitna izafa hua,KI,73145,MIXED,urdu_bm25,14,111719,27.31464195251465,50
post_phase12_module1_M1-B,M1-B,R022,ملک میں سونے ki فی تولہ qeemat mein kitna izafa hua,KI,73145,MIXED,urdu_bm25,15,70167,27.26943588256836,50
post_phase12_module1_M1-B,M1-B,R022,ملک میں سونے ki فی تولہ qeemat mein kitna izafa hua,KI,73145,MIXED,urdu_bm25,16,70264,27.26911163330078,50
post_phase12_module1_M1-B,M1-B,R022,ملک میں سونے ki فی تولہ qeemat mein kitna izafa hua,KI,73145,MIXED,urdu_bm25,17,70190,27.26107406616211,50
post_phase12_module1_M1-B,M1-B,R022,ملک میں سونے ki فی تولہ qeemat mein kitna izafa hua,KI,73145,MIXED,urdu_bm25,18,109188,27.25444221496582,50
post_phase12_module1_M1-B,M1-B,R022,ملک میں سونے ki فی تولہ qeemat mein kitna izafa hua,KI,73145,MIXED,urdu_bm25,19,65716,27.242019653320312,50
post_phase12_module1_M1-B,M1-B,R022,ملک میں سونے ki فی تولہ qeemat mein kitna izafa hua,KI,73145,MIXED,urdu_bm25,20,70001,27.22968864440918,50
post_phase12_module1_M1-B,M1-B,R022,ملک میں سونے ki فی تولہ qeemat mein kitna izafa hua,KI,73145,MIXED,urdu_bm25,21,76870,27.2078914642334,50
post_phase12_module1_M1-B,M1-B,R022,ملک میں سونے ki فی تولہ qeemat mein kitna izafa hua,KI,73145,MIXED,urdu_bm25,22,71468,27.092945098876953,50
post_phase12_module1_M1-B,M1-B,R022,ملک میں سونے ki فی تولہ qeemat mein kitna izafa hua,KI,73145,MIXED,urdu_bm25,23,70153,27.088098526000977,50
post_phase12_module1_M1-B,M1-B,R022,ملک میں سونے ki فی تولہ qeemat mein kitna izafa hua,KI,73145,MIXED,urdu_bm25,24,70645,27.064010620117188,50
post_phase12_module1_M1-B,M1-B,R022,ملک میں سونے ki فی تولہ qeemat mein kitna izafa hua,KI,73145,MIXED,urdu_bm25,25,70073,27.039569854736328,50
post_phase12_module1_M1-B,M1-B,R022,ملک میں سونے ki فی تولہ qeemat mein kitna izafa hua,KI,73145,MIXED,urdu_bm25,26,72334,27.01510238647461,50
post_phase12_module1_M1-B,M1-B,R022,ملک میں سونے ki فی تولہ qeemat mein kitna izafa hua,KI,73145,MIXED,urdu_bm25,27,70022,26.94080352783203,50
post_phase12_module1_M1-B,M1-B,R022,ملک میں سونے ki فی تولہ qeemat mein kitna izafa hua,KI,73145,MIXED,urdu_bm25,28,78843,26.919153213500977,50
post_phase12_module1_M1-B,M1-B,R022,ملک میں سونے ki فی تولہ qeemat mein kitna izafa hua,KI,73145,MIXED,urdu_bm25,29,72246,26.906513214111328,50
post_phase12_module1_M1-B,M1-B,R022,ملک میں سونے ki فی تولہ qeemat mein kitna izafa hua,KI,73145,MIXED,urdu_bm25,30,78666,26.874425888061523,50
post_phase12_module1_M1-B,M1-B,R022,ملک میں سونے ki فی تولہ qeemat mein kitna izafa hua,KI,73145,MIXED,urdu_bm25,31,70436,26.84933853149414,50
post_phase12_module1_M1-B,M1-B,R022,ملک میں سونے ki فی تولہ qeemat mein kitna izafa hua,KI,73145,MIXED,urdu_bm25,32,71940,26.84684181213379,50
post_phase12_module1_M1-B,M1-B,R022,ملک میں سونے ki فی تولہ qeemat mein kitna izafa hua,KI,73145,MIXED,urdu_bm25,33,71038,26.827322006225586,50
post_phase12_module1_M1-B,M1-B,R022,ملک میں سونے ki فی تولہ qeemat mein kitna izafa hua,KI,73145,MIXED,urdu_bm25,34,79278,26.82464599609375,50
post_phase12_module1_M1-B,M1-B,R022,ملک میں سونے ki فی تولہ qeemat mein kitna izafa hua,KI,73145,MIXED,urdu_bm25,35,65257,26.812164306640625,50
post_phase12_module1_M1-B,M1-B,R022,ملک میں سونے ki فی تولہ qeemat mein kitna izafa hua,KI,73145,MIXED,urdu_bm25,36,70359,26.794221878051758,50
post_phase12_module1_M1-B,M1-B,R022,ملک میں سونے ki فی تولہ qeemat mein kitna izafa hua,KI,73145,MIXED,urdu_bm25,37,352,26.782670974731445,50
post_phase12_module1_M1-B,M1-B,R022,ملک میں سونے ki فی تولہ qeemat mein kitna izafa hua,KI,73145,MIXED,urdu_bm25,38,72865,26.76921844482422,50
post_phase12_module1_M1-B,M1-B,R022,ملک میں سونے ki فی تولہ qeemat mein kitna izafa hua,KI,73145,MIXED,urdu_bm25,39,70248,26.763532638549805,50
post_phase12_module1_M1-B,M1-B,R022,ملک میں سونے ki فی تولہ qeemat mein kitna izafa hua,KI,73145,MIXED,urdu_bm25,40,70665,26.740863800048828,50
post_phase12_module1_M1-B,M1-B,R022,ملک میں سونے ki فی تولہ qeemat mein kitna izafa hua,KI,73145,MIXED,urdu_bm25,41,1216,26.72357749938965,50
post_phase12_module1_M1-B,M1-B,R022,ملک میں سونے ki فی تولہ qeemat mein kitna izafa hua,KI,73145,MIXED,urdu_bm25,42,3414,26.703609466552734,50
post_phase12_module1_M1-B,M1-B,R022,ملک میں سونے ki فی تولہ qeemat mein kitna izafa hua,KI,73145,MIXED,urdu_bm25,43,70856,26.648759841918945,50
post_phase12_module1_M1-B,M1-B,R022,ملک میں سونے ki فی تولہ qeemat mein kitna izafa hua,KI,73145,MIXED,urdu_bm25,44,109540,26.634292602539062,50
post_phase12_module1_M1-B,M1-B,R022,ملک میں سونے ki فی تولہ qeemat mein kitna izafa hua,KI,73145,MIXED,urdu_bm25,45,63084,26.60756492614746,50
post_phase12_module1_M1-B,M1-B,R022,ملک میں سونے ki فی تولہ qeemat mein kitna izafa hua,KI,73145,MIXED,urdu_bm25,46,78079,26.575849533081055,50
post_phase12_module1_M1-B,M1-B,R022,ملک میں سونے ki فی تولہ qeemat mein kitna izafa hua,KI,73145,MIXED,urdu_bm25,47,109427,26.5552978515625,50
post_phase12_module1_M1-B,M1-B,R022,ملک میں سونے ki فی تولہ qeemat mein kitna izafa hua,KI,73145,MIXED,urdu_bm25,48,70364,26.545822143554688,50
post_phase12_module1_M1-B,M1-B,R022,ملک میں سونے ki فی تولہ qeemat mein kitna izafa hua,KI,73145,MIXED,urdu_bm25,49,79230,26.535171508789062,50
post_phase12_module1_M1-B,M1-B,R022,ملک میں سونے ki فی تولہ qeemat mein kitna izafa hua,KI,73145,MIXED,urdu_bm25,50,109744,26.516708374023438,50
post_phase12_module1_M1-B,M1-B,R023,فواد چوہدری ne pehla science fair kab aur kahan karne ka elaan kiya,KI,59622,MIXED,urdu_bm25,1,3879,18.400897979736328,50
post_phase12_module1_M1-B,M1-B,R023,فواد چوہدری ne pehla science fair kab aur kahan karne ka elaan kiya,KI,59622,MIXED,urdu_bm25,2,3653,18.06084632873535,50
post_phase12_module1_M1-B,M1-B,R023,فواد چوہدری ne pehla science fair kab aur kahan karne ka elaan kiya,KI,59622,MIXED,urdu_bm25,3,20652,18.042356491088867,50
post_phase12_module1_M1-B,M1-B,R023,فواد چوہدری ne pehla science fair kab aur kahan karne ka elaan kiya,KI,59622,MIXED,urdu_bm25,4,59622,17.722244262695312,50
post_phase12_module1_M1-B,M1-B,R023,فواد چوہدری ne pehla science fair kab aur kahan karne ka elaan kiya,KI,59622,MIXED,urdu_bm25,5,79785,17.60041046142578,50
post_phase12_module1_M1-B,M1-B,R023,فواد چوہدری ne pehla science fair kab aur kahan karne ka elaan kiya,KI,59622,MIXED,urdu_bm25,6,19972,17.401670455932617,50
post_phase12_module1_M1-B,M1-B,R023,فواد چوہدری ne pehla science fair kab aur kahan karne ka elaan kiya,KI,59622,MIXED,urdu_bm25,7,20660,17.08245849609375,50
post_phase12_module1_M1-B,M1-B,R023,فواد چوہدری ne pehla science fair kab aur kahan karne ka elaan kiya,KI,59622,MIXED,urdu_bm25,8,98947,17.057558059692383,50
post_phase12_module1_M1-B,M1-B,R023,فواد چوہدری ne pehla science fair kab aur kahan karne ka elaan kiya,KI,59622,MIXED,urdu_bm25,9,98761,16.790678024291992,50
post_phase12_module1_M1-B,M1-B,R023,فواد چوہدری ne pehla science fair kab aur kahan karne ka elaan kiya,KI,59622,MIXED,urdu_bm25,10,79373,16.71783447265625,50
post_phase12_module1_M1-B,M1-B,R023,فواد چوہدری ne pehla science fair kab aur kahan karne ka elaan kiya,KI,59622,MIXED,urdu_bm25,11,3891,16.51809310913086,50
post_phase12_module1_M1-B,M1-B,R023,فواد چوہدری ne pehla science fair kab aur kahan karne ka elaan kiya,KI,59622,MIXED,urdu_bm25,12,5313,16.36394500732422,50
post_phase12_module1_M1-B,M1-B,R023,فواد چوہدری ne pehla science fair kab aur kahan karne ka elaan kiya,KI,59622,MIXED,urdu_bm25,13,20665,16.322755813598633,50
post_phase12_module1_M1-B,M1-B,R023,فواد چوہدری ne pehla science fair kab aur kahan karne ka elaan kiya,KI,59622,MIXED,urdu_bm25,14,70216,16.280120849609375,50
post_phase12_module1_M1-B,M1-B,R023,فواد چوہدری ne pehla science fair kab aur kahan karne ka elaan kiya,KI,59622,MIXED,urdu_bm25,15,20605,16.15412139892578,50
post_phase12_module1_M1-B,M1-B,R023,فواد چوہدری ne pehla science fair kab aur kahan karne ka elaan kiya,KI,59622,MIXED,urdu_bm25,16,59422,16.139474868774414,50
post_phase12_module1_M1-B,M1-B,R023,فواد چوہدری ne pehla science fair kab aur kahan karne ka elaan kiya,KI,59622,MIXED,urdu_bm25,17,83212,16.059541702270508,50
post_phase12_module1_M1-B,M1-B,R023,فواد چوہدری ne pehla science fair kab aur kahan karne ka elaan kiya,KI,59622,MIXED,urdu_bm25,18,69414,15.938364028930664,50
post_phase12_module1_M1-B,M1-B,R023,فواد چوہدری ne pehla science fair kab aur kahan karne ka elaan kiya,KI,59622,MIXED,urdu_bm25,19,82283,15.933928489685059,50
post_phase12_module1_M1-B,M1-B,R023,فواد چوہدری ne pehla science fair kab aur kahan karne ka elaan kiya,KI,59622,MIXED,urdu_bm25,20,20573,15.912271499633789,50
post_phase12_module1_M1-B,M1-B,R023,فواد چوہدری ne pehla science fair kab aur kahan karne ka elaan kiya,KI,59622,MIXED,urdu_bm25,21,20587,15.754762649536133,50
post_phase12_module1_M1-B,M1-B,R023,فواد چوہدری ne pehla science fair kab aur kahan karne ka elaan kiya,KI,59622,MIXED,urdu_bm25,22,98604,15.720413208007812,50
post_phase12_module1_M1-B,M1-B,R023,فواد چوہدری ne pehla science fair kab aur kahan karne ka elaan kiya,KI,59622,MIXED,urdu_bm25,23,79293,15.717643737792969,50
post_phase12_module1_M1-B,M1-B,R023,فواد چوہدری ne pehla science fair kab aur kahan karne ka elaan kiya,KI,59622,MIXED,urdu_bm25,24,65602,15.622123718261719,50
post_phase12_module1_M1-B,M1-B,R023,فواد چوہدری ne pehla science fair kab aur kahan karne ka elaan kiya,KI,59622,MIXED,urdu_bm25,25,26419,15.5780029296875,50
post_phase12_module1_M1-B,M1-B,R023,فواد چوہدری ne pehla science fair kab aur kahan karne ka elaan kiya,KI,59622,MIXED,urdu_bm25,26,67326,15.49585247039795,50
post_phase12_module1_M1-B,M1-B,R023,فواد چوہدری ne pehla science fair kab aur kahan karne ka elaan kiya,KI,59622,MIXED,urdu_bm25,27,66819,15.443347930908203,50
post_phase12_module1_M1-B,M1-B,R023,فواد چوہدری ne pehla science fair kab aur kahan karne ka elaan kiya,KI,59622,MIXED,urdu_bm25,28,4744,15.36644172668457,50
post_phase12_module1_M1-B,M1-B,R023,فواد چوہدری ne pehla science fair kab aur kahan karne ka elaan kiya,KI,59622,MIXED,urdu_bm25,29,4770,15.303247451782227,50
post_phase12_module1_M1-B,M1-B,R023,فواد چوہدری ne pehla science fair kab aur kahan karne ka elaan kiya,KI,59622,MIXED,urdu_bm25,30,111010,14.975129127502441,50
post_phase12_module1_M1-B,M1-B,R023,فواد چوہدری ne pehla science fair kab aur kahan karne ka elaan kiya,KI,59622,MIXED,urdu_bm25,31,26898,14.925006866455078,50
post_phase12_module1_M1-B,M1-B,R023,فواد چوہدری ne pehla science fair kab aur kahan karne ka elaan kiya,KI,59622,MIXED,urdu_bm25,32,3710,14.908271789550781,50
post_phase12_module1_M1-B,M1-B,R023,فواد چوہدری ne pehla science fair kab aur kahan karne ka elaan kiya,KI,59622,MIXED,urdu_bm25,33,82794,14.662248611450195,50
post_phase12_module1_M1-B,M1-B,R023,فواد چوہدری ne pehla science fair kab aur kahan karne ka elaan kiya,KI,59622,MIXED,urdu_bm25,34,82286,14.642574310302734,50
post_phase12_module1_M1-B,M1-B,R023,فواد چوہدری ne pehla science fair kab aur kahan karne ka elaan kiya,KI,59622,MIXED,urdu_bm25,35,19273,14.596230506896973,50
post_phase12_module1_M1-B,M1-B,R023,فواد چوہدری ne pehla science fair kab aur kahan karne ka elaan kiya,KI,59622,MIXED,urdu_bm25,36,67181,14.566461563110352,50
post_phase12_module1_M1-B,M1-B,R023,فواد چوہدری ne pehla science fair kab aur kahan karne ka elaan kiya,KI,59622,MIXED,urdu_bm25,37,83042,14.454843521118164,50
post_phase12_module1_M1-B,M1-B,R023,فواد چوہدری ne pehla science fair kab aur kahan karne ka elaan kiya,KI,59622,MIXED,urdu_bm25,38,98051,14.277029037475586,50
post_phase12_module1_M1-B,M1-B,R023,فواد چوہدری ne pehla science fair kab aur kahan karne ka elaan kiya,KI,59622,MIXED,urdu_bm25,39,97468,14.233098030090332,50
post_phase12_module1_M1-B,M1-B,R023,فواد چوہدری ne pehla science fair kab aur kahan karne ka elaan kiya,KI,59622,MIXED,urdu_bm25,40,20463,14.041681289672852,50
post_phase12_module1_M1-B,M1-B,R023,فواد چوہدری ne pehla science fair kab aur kahan karne ka elaan kiya,KI,59622,MIXED,urdu_bm25,41,83905,13.865585327148438,50
post_phase12_module1_M1-B,M1-B,R023,فواد چوہدری ne pehla science fair kab aur kahan karne ka elaan kiya,KI,59622,MIXED,urdu_bm25,42,98447,13.460752487182617,50
post_phase12_module1_M1-B,M1-B,R023,فواد چوہدری ne pehla science fair kab aur kahan karne ka elaan kiya,KI,59622,MIXED,urdu_bm25,43,66826,13.288576126098633,50
post_phase12_module1_M1-B,M1-B,R023,فواد چوہدری ne pehla science fair kab aur kahan karne ka elaan kiya,KI,59622,MIXED,urdu_bm25,44,79533,13.102182388305664,50
post_phase12_module1_M1-B,M1-B,R023,فواد چوہدری ne pehla science fair kab aur kahan karne ka elaan kiya,KI,59622,MIXED,urdu_bm25,45,70845,13.064848899841309,50
post_phase12_module1_M1-B,M1-B,R023,فواد چوہدری ne pehla science fair kab aur kahan karne ka elaan kiya,KI,59622,MIXED,urdu_bm25,46,83360,13.041207313537598,50
post_phase12_module1_M1-B,M1-B,R023,فواد چوہدری ne pehla science fair kab aur kahan karne ka elaan kiya,KI,59622,MIXED,urdu_bm25,47,59322,13.024816513061523,50
post_phase12_module1_M1-B,M1-B,R023,فواد چوہدری ne pehla science fair kab aur kahan karne ka elaan kiya,KI,59622,MIXED,urdu_bm25,48,21236,13.010944366455078,50
post_phase12_module1_M1-B,M1-B,R023,فواد چوہدری ne pehla science fair kab aur kahan karne ka elaan kiya,KI,59622,MIXED,urdu_bm25,49,80000,12.904853820800781,50
post_phase12_module1_M1-B,M1-B,R023,فواد چوہدری ne pehla science fair kab aur kahan karne ka elaan kiya,KI,59622,MIXED,urdu_bm25,50,42216,12.58607292175293,50
post_phase12_module1_M1-B,M1-B,R024,گوگل کی خودکار udan taxi ne New Zealand mein pehli test parwaz kab ki,KI,80278,MIXED,urdu_bm25,1,22819,19.88960838317871,50
post_phase12_module1_M1-B,M1-B,R024,گوگل کی خودکار udan taxi ne New Zealand mein pehli test parwaz kab ki,KI,80278,MIXED,urdu_bm25,2,79536,18.34331512451172,50
post_phase12_module1_M1-B,M1-B,R024,گوگل کی خودکار udan taxi ne New Zealand mein pehli test parwaz kab ki,KI,80278,MIXED,urdu_bm25,3,14929,17.374553680419922,50
post_phase12_module1_M1-B,M1-B,R024,گوگل کی خودکار udan taxi ne New Zealand mein pehli test parwaz kab ki,KI,80278,MIXED,urdu_bm25,4,80131,17.147655487060547,50
post_phase12_module1_M1-B,M1-B,R024,گوگل کی خودکار udan taxi ne New Zealand mein pehli test parwaz kab ki,KI,80278,MIXED,urdu_bm25,5,20653,17.085250854492188,50
post_phase12_module1_M1-B,M1-B,R024,گوگل کی خودکار udan taxi ne New Zealand mein pehli test parwaz kab ki,KI,80278,MIXED,urdu_bm25,6,19896,16.341066360473633,50
post_phase12_module1_M1-B,M1-B,R024,گوگل کی خودکار udan taxi ne New Zealand mein pehli test parwaz kab ki,KI,80278,MIXED,urdu_bm25,7,21243,15.963834762573242,50
post_phase12_module1_M1-B,M1-B,R024,گوگل کی خودکار udan taxi ne New Zealand mein pehli test parwaz kab ki,KI,80278,MIXED,urdu_bm25,8,20410,15.92329216003418,50
post_phase12_module1_M1-B,M1-B,R024,گوگل کی خودکار udan taxi ne New Zealand mein pehli test parwaz kab ki,KI,80278,MIXED,urdu_bm25,9,20627,15.881245613098145,50
post_phase12_module1_M1-B,M1-B,R024,گوگل کی خودکار udan taxi ne New Zealand mein pehli test parwaz kab ki,KI,80278,MIXED,urdu_bm25,10,19694,15.724883079528809,50
post_phase12_module1_M1-B,M1-B,R024,گوگل کی خودکار udan taxi ne New Zealand mein pehli test parwaz kab ki,KI,80278,MIXED,urdu_bm25,11,24139,15.59079360961914,50
post_phase12_module1_M1-B,M1-B,R024,گوگل کی خودکار udan taxi ne New Zealand mein pehli test parwaz kab ki,KI,80278,MIXED,urdu_bm25,12,21300,15.575305938720703,50
post_phase12_module1_M1-B,M1-B,R024,گوگل کی خودکار udan taxi ne New Zealand mein pehli test parwaz kab ki,KI,80278,MIXED,urdu_bm25,13,19266,15.39487075805664,50
post_phase12_module1_M1-B,M1-B,R024,گوگل کی خودکار udan taxi ne New Zealand mein pehli test parwaz kab ki,KI,80278,MIXED,urdu_bm25,14,20024,14.96363639831543,50
post_phase12_module1_M1-B,M1-B,R024,گوگل کی خودکار udan taxi ne New Zealand mein pehli test parwaz kab ki,KI,80278,MIXED,urdu_bm25,15,59250,14.907941818237305,50
post_phase12_module1_M1-B,M1-B,R024,گوگل کی خودکار udan taxi ne New Zealand mein pehli test parwaz kab ki,KI,80278,MIXED,urdu_bm25,16,20102,14.894853591918945,50
post_phase12_module1_M1-B,M1-B,R024,گوگل کی خودکار udan taxi ne New Zealand mein pehli test parwaz kab ki,KI,80278,MIXED,urdu_bm25,17,23361,14.868049621582031,50
post_phase12_module1_M1-B,M1-B,R024,گوگل کی خودکار udan taxi ne New Zealand mein pehli test parwaz kab ki,KI,80278,MIXED,urdu_bm25,18,22791,14.610344886779785,50
post_phase12_module1_M1-B,M1-B,R024,گوگل کی خودکار udan taxi ne New Zealand mein pehli test parwaz kab ki,KI,80278,MIXED,urdu_bm25,19,22362,14.543350219726562,50
post_phase12_module1_M1-B,M1-B,R024,گوگل کی خودکار udan taxi ne New Zealand mein pehli test parwaz kab ki,KI,80278,MIXED,urdu_bm25,20,60366,14.524860382080078,50
post_phase12_module1_M1-B,M1-B,R024,گوگل کی خودکار udan taxi ne New Zealand mein pehli test parwaz kab ki,KI,80278,MIXED,urdu_bm25,21,79499,14.397697448730469,50
post_phase12_module1_M1-B,M1-B,R024,گوگل کی خودکار udan taxi ne New Zealand mein pehli test parwaz kab ki,KI,80278,MIXED,urdu_bm25,22,19233,14.386550903320312,50
post_phase12_module1_M1-B,M1-B,R024,گوگل کی خودکار udan taxi ne New Zealand mein pehli test parwaz kab ki,KI,80278,MIXED,urdu_bm25,23,21235,14.372950553894043,50
post_phase12_module1_M1-B,M1-B,R024,گوگل کی خودکار udan taxi ne New Zealand mein pehli test parwaz kab ki,KI,80278,MIXED,urdu_bm25,24,22416,14.296688079833984,50
post_phase12_module1_M1-B,M1-B,R024,گوگل کی خودکار udan taxi ne New Zealand mein pehli test parwaz kab ki,KI,80278,MIXED,urdu_bm25,25,80164,14.248071670532227,50
post_phase12_module1_M1-B,M1-B,R024,گوگل کی خودکار udan taxi ne New Zealand mein pehli test parwaz kab ki,KI,80278,MIXED,urdu_bm25,26,21674,14.224111557006836,50
post_phase12_module1_M1-B,M1-B,R024,گوگل کی خودکار udan taxi ne New Zealand mein pehli test parwaz kab ki,KI,80278,MIXED,urdu_bm25,27,22636,14.132613182067871,50
post_phase12_module1_M1-B,M1-B,R024,گوگل کی خودکار udan taxi ne New Zealand mein pehli test parwaz kab ki,KI,80278,MIXED,urdu_bm25,28,20293,14.07166576385498,50
post_phase12_module1_M1-B,M1-B,R024,گوگل کی خودکار udan taxi ne New Zealand mein pehli test parwaz kab ki,KI,80278,MIXED,urdu_bm25,29,23164,14.01801872253418,50
post_phase12_module1_M1-B,M1-B,R024,گوگل کی خودکار udan taxi ne New Zealand mein pehli test parwaz kab ki,KI,80278,MIXED,urdu_bm25,30,20722,13.991188049316406,50
post_phase12_module1_M1-B,M1-B,R024,گوگل کی خودکار udan taxi ne New Zealand mein pehli test parwaz kab ki,KI,80278,MIXED,urdu_bm25,31,22438,13.934768676757812,50
post_phase12_module1_M1-B,M1-B,R024,گوگل کی خودکار udan taxi ne New Zealand mein pehli test parwaz kab ki,KI,80278,MIXED,urdu_bm25,32,20325,13.797704696655273,50
post_phase12_module1_M1-B,M1-B,R024,گوگل کی خودکار udan taxi ne New Zealand mein pehli test parwaz kab ki,KI,80278,MIXED,urdu_bm25,33,19564,13.796945571899414,50
post_phase12_module1_M1-B,M1-B,R024,گوگل کی خودکار udan taxi ne New Zealand mein pehli test parwaz kab ki,KI,80278,MIXED,urdu_bm25,34,15627,13.76087474822998,50
post_phase12_module1_M1-B,M1-B,R024,گوگل کی خودکار udan taxi ne New Zealand mein pehli test parwaz kab ki,KI,80278,MIXED,urdu_bm25,35,23311,13.743924140930176,50
post_phase12_module1_M1-B,M1-B,R024,گوگل کی خودکار udan taxi ne New Zealand mein pehli test parwaz kab ki,KI,80278,MIXED,urdu_bm25,36,21306,13.739834785461426,50
post_phase12_module1_M1-B,M1-B,R024,گوگل کی خودکار udan taxi ne New Zealand mein pehli test parwaz kab ki,KI,80278,MIXED,urdu_bm25,37,24653,13.580699920654297,50
post_phase12_module1_M1-B,M1-B,R024,گوگل کی خودکار udan taxi ne New Zealand mein pehli test parwaz kab ki,KI,80278,MIXED,urdu_bm25,38,20214,13.580530166625977,50
post_phase12_module1_M1-B,M1-B,R024,گوگل کی خودکار udan taxi ne New Zealand mein pehli test parwaz kab ki,KI,80278,MIXED,urdu_bm25,39,80278,13.54003620147705,50
post_phase12_module1_M1-B,M1-B,R024,گوگل کی خودکار udan taxi ne New Zealand mein pehli test parwaz kab ki,KI,80278,MIXED,urdu_bm25,40,22832,13.503108978271484,50
post_phase12_module1_M1-B,M1-B,R024,گوگل کی خودکار udan taxi ne New Zealand mein pehli test parwaz kab ki,KI,80278,MIXED,urdu_bm25,41,20457,13.495538711547852,50
post_phase12_module1_M1-B,M1-B,R024,گوگل کی خودکار udan taxi ne New Zealand mein pehli test parwaz kab ki,KI,80278,MIXED,urdu_bm25,42,20824,13.473458290100098,50
post_phase12_module1_M1-B,M1-B,R024,گوگل کی خودکار udan taxi ne New Zealand mein pehli test parwaz kab ki,KI,80278,MIXED,urdu_bm25,43,80224,13.444055557250977,50
post_phase12_module1_M1-B,M1-B,R024,گوگل کی خودکار udan taxi ne New Zealand mein pehli test parwaz kab ki,KI,80278,MIXED,urdu_bm25,44,14902,13.414434432983398,50
post_phase12_module1_M1-B,M1-B,R024,گوگل کی خودکار udan taxi ne New Zealand mein pehli test parwaz kab ki,KI,80278,MIXED,urdu_bm25,45,19306,13.41346549987793,50
post_phase12_module1_M1-B,M1-B,R024,گوگل کی خودکار udan taxi ne New Zealand mein pehli test parwaz kab ki,KI,80278,MIXED,urdu_bm25,46,19787,13.348665237426758,50
post_phase12_module1_M1-B,M1-B,R024,گوگل کی خودکار udan taxi ne New Zealand mein pehli test parwaz kab ki,KI,80278,MIXED,urdu_bm25,47,22255,13.322036743164062,50
post_phase12_module1_M1-B,M1-B,R024,گوگل کی خودکار udan taxi ne New Zealand mein pehli test parwaz kab ki,KI,80278,MIXED,urdu_bm25,48,23726,13.314741134643555,50
post_phase12_module1_M1-B,M1-B,R024,گوگل کی خودکار udan taxi ne New Zealand mein pehli test parwaz kab ki,KI,80278,MIXED,urdu_bm25,49,14860,13.166753768920898,50
post_phase12_module1_M1-B,M1-B,R024,گوگل کی خودکار udan taxi ne New Zealand mein pehli test parwaz kab ki,KI,80278,MIXED,urdu_bm25,50,21668,13.081291198730469,50
post_phase12_module1_M1-B,M1-B,R025,تیسرے ون ڈے میں ویسٹ انڈیز ne Pakistan ko jeet ke liye kitna target diya,KI,86209,MIXED,urdu_bm25,1,45011,28.492063522338867,50
post_phase12_module1_M1-B,M1-B,R025,تیسرے ون ڈے میں ویسٹ انڈیز ne Pakistan ko jeet ke liye kitna target diya,KI,86209,MIXED,urdu_bm25,2,57041,28.215354919433594,50
post_phase12_module1_M1-B,M1-B,R025,تیسرے ون ڈے میں ویسٹ انڈیز ne Pakistan ko jeet ke liye kitna target diya,KI,86209,MIXED,urdu_bm25,3,94136,27.937213897705078,50
post_phase12_module1_M1-B,M1-B,R025,تیسرے ون ڈے میں ویسٹ انڈیز ne Pakistan ko jeet ke liye kitna target diya,KI,86209,MIXED,urdu_bm25,4,86447,26.755260467529297,50
post_phase12_module1_M1-B,M1-B,R025,تیسرے ون ڈے میں ویسٹ انڈیز ne Pakistan ko jeet ke liye kitna target diya,KI,86209,MIXED,urdu_bm25,5,44675,26.74665641784668,50
post_phase12_module1_M1-B,M1-B,R025,تیسرے ون ڈے میں ویسٹ انڈیز ne Pakistan ko jeet ke liye kitna target diya,KI,86209,MIXED,urdu_bm25,6,86443,26.412036895751953,50
post_phase12_module1_M1-B,M1-B,R025,تیسرے ون ڈے میں ویسٹ انڈیز ne Pakistan ko jeet ke liye kitna target diya,KI,86209,MIXED,urdu_bm25,7,94984,26.35606575012207,50
post_phase12_module1_M1-B,M1-B,R025,تیسرے ون ڈے میں ویسٹ انڈیز ne Pakistan ko jeet ke liye kitna target diya,KI,86209,MIXED,urdu_bm25,8,86204,26.227487564086914,50
post_phase12_module1_M1-B,M1-B,R025,تیسرے ون ڈے میں ویسٹ انڈیز ne Pakistan ko jeet ke liye kitna target diya,KI,86209,MIXED,urdu_bm25,9,58487,26.195810317993164,50
post_phase12_module1_M1-B,M1-B,R025,تیسرے ون ڈے میں ویسٹ انڈیز ne Pakistan ko jeet ke liye kitna target diya,KI,86209,MIXED,urdu_bm25,10,56327,25.837617874145508,50
post_phase12_module1_M1-B,M1-B,R025,تیسرے ون ڈے میں ویسٹ انڈیز ne Pakistan ko jeet ke liye kitna target diya,KI,86209,MIXED,urdu_bm25,11,28613,25.820064544677734,50
post_phase12_module1_M1-B,M1-B,R025,تیسرے ون ڈے میں ویسٹ انڈیز ne Pakistan ko jeet ke liye kitna target diya,KI,86209,MIXED,urdu_bm25,12,57607,25.76836585998535,50
post_phase12_module1_M1-B,M1-B,R025,تیسرے ون ڈے میں ویسٹ انڈیز ne Pakistan ko jeet ke liye kitna target diya,KI,86209,MIXED,urdu_bm25,13,93276,25.752368927001953,50
post_phase12_module1_M1-B,M1-B,R025,تیسرے ون ڈے میں ویسٹ انڈیز ne Pakistan ko jeet ke liye kitna target diya,KI,86209,MIXED,urdu_bm25,14,57036,25.725688934326172,50
post_phase12_module1_M1-B,M1-B,R025,تیسرے ون ڈے میں ویسٹ انڈیز ne Pakistan ko jeet ke liye kitna target diya,KI,86209,MIXED,urdu_bm25,15,56331,25.644195556640625,50
post_phase12_module1_M1-B,M1-B,R025,تیسرے ون ڈے میں ویسٹ انڈیز ne Pakistan ko jeet ke liye kitna target diya,KI,86209,MIXED,urdu_bm25,16,92074,25.54695701599121,50
post_phase12_module1_M1-B,M1-B,R025,تیسرے ون ڈے میں ویسٹ انڈیز ne Pakistan ko jeet ke liye kitna target diya,KI,86209,MIXED,urdu_bm25,17,86205,25.24878692626953,50
post_phase12_module1_M1-B,M1-B,R025,تیسرے ون ڈے میں ویسٹ انڈیز ne Pakistan ko jeet ke liye kitna target diya,KI,86209,MIXED,urdu_bm25,18,42791,25.03084373474121,50
post_phase12_module1_M1-B,M1-B,R025,تیسرے ون ڈے میں ویسٹ انڈیز ne Pakistan ko jeet ke liye kitna target diya,KI,86209,MIXED,urdu_bm25,19,45597,25.023193359375,50
post_phase12_module1_M1-B,M1-B,R025,تیسرے ون ڈے میں ویسٹ انڈیز ne Pakistan ko jeet ke liye kitna target diya,KI,86209,MIXED,urdu_bm25,20,86202,24.94371795654297,50
post_phase12_module1_M1-B,M1-B,R025,تیسرے ون ڈے میں ویسٹ انڈیز ne Pakistan ko jeet ke liye kitna target diya,KI,86209,MIXED,urdu_bm25,21,87640,24.938278198242188,50
post_phase12_module1_M1-B,M1-B,R025,تیسرے ون ڈے میں ویسٹ انڈیز ne Pakistan ko jeet ke liye kitna target diya,KI,86209,MIXED,urdu_bm25,22,53887,24.823623657226562,50
post_phase12_module1_M1-B,M1-B,R025,تیسرے ون ڈے میں ویسٹ انڈیز ne Pakistan ko jeet ke liye kitna target diya,KI,86209,MIXED,urdu_bm25,23,56329,24.764799118041992,50
post_phase12_module1_M1-B,M1-B,R025,تیسرے ون ڈے میں ویسٹ انڈیز ne Pakistan ko jeet ke liye kitna target diya,KI,86209,MIXED,urdu_bm25,24,58411,24.506195068359375,50
post_phase12_module1_M1-B,M1-B,R025,تیسرے ون ڈے میں ویسٹ انڈیز ne Pakistan ko jeet ke liye kitna target diya,KI,86209,MIXED,urdu_bm25,25,94184,24.465930938720703,50
post_phase12_module1_M1-B,M1-B,R025,تیسرے ون ڈے میں ویسٹ انڈیز ne Pakistan ko jeet ke liye kitna target diya,KI,86209,MIXED,urdu_bm25,26,85326,24.4634952545166,50
post_phase12_module1_M1-B,M1-B,R025,تیسرے ون ڈے میں ویسٹ انڈیز ne Pakistan ko jeet ke liye kitna target diya,KI,86209,MIXED,urdu_bm25,27,86210,24.421388626098633,50
post_phase12_module1_M1-B,M1-B,R025,تیسرے ون ڈے میں ویسٹ انڈیز ne Pakistan ko jeet ke liye kitna target diya,KI,86209,MIXED,urdu_bm25,28,56332,24.361703872680664,50
post_phase12_module1_M1-B,M1-B,R025,تیسرے ون ڈے میں ویسٹ انڈیز ne Pakistan ko jeet ke liye kitna target diya,KI,86209,MIXED,urdu_bm25,29,86227,24.314468383789062,50
post_phase12_module1_M1-B,M1-B,R025,تیسرے ون ڈے میں ویسٹ انڈیز ne Pakistan ko jeet ke liye kitna target diya,KI,86209,MIXED,urdu_bm25,30,95181,24.175209045410156,50
post_phase12_module1_M1-B,M1-B,R025,تیسرے ون ڈے میں ویسٹ انڈیز ne Pakistan ko jeet ke liye kitna target diya,KI,86209,MIXED,urdu_bm25,31,52513,24.146060943603516,50
post_phase12_module1_M1-B,M1-B,R025,تیسرے ون ڈے میں ویسٹ انڈیز ne Pakistan ko jeet ke liye kitna target diya,KI,86209,MIXED,urdu_bm25,32,87666,24.01174545288086,50
post_phase12_module1_M1-B,M1-B,R025,تیسرے ون ڈے میں ویسٹ انڈیز ne Pakistan ko jeet ke liye kitna target diya,KI,86209,MIXED,urdu_bm25,33,57029,23.980243682861328,50
post_phase12_module1_M1-B,M1-B,R025,تیسرے ون ڈے میں ویسٹ انڈیز ne Pakistan ko jeet ke liye kitna target diya,KI,86209,MIXED,urdu_bm25,34,87693,23.90237808227539,50
post_phase12_module1_M1-B,M1-B,R025,تیسرے ون ڈے میں ویسٹ انڈیز ne Pakistan ko jeet ke liye kitna target diya,KI,86209,MIXED,urdu_bm25,35,28671,23.715534210205078,50
post_phase12_module1_M1-B,M1-B,R025,تیسرے ون ڈے میں ویسٹ انڈیز ne Pakistan ko jeet ke liye kitna target diya,KI,86209,MIXED,urdu_bm25,36,45596,23.6690731048584,50
post_phase12_module1_M1-B,M1-B,R025,تیسرے ون ڈے میں ویسٹ انڈیز ne Pakistan ko jeet ke liye kitna target diya,KI,86209,MIXED,urdu_bm25,37,59046,23.560558319091797,50
post_phase12_module1_M1-B,M1-B,R025,تیسرے ون ڈے میں ویسٹ انڈیز ne Pakistan ko jeet ke liye kitna target diya,KI,86209,MIXED,urdu_bm25,38,57143,23.543960571289062,50
post_phase12_module1_M1-B,M1-B,R025,تیسرے ون ڈے میں ویسٹ انڈیز ne Pakistan ko jeet ke liye kitna target diya,KI,86209,MIXED,urdu_bm25,39,87664,23.526588439941406,50
post_phase12_module1_M1-B,M1-B,R025,تیسرے ون ڈے میں ویسٹ انڈیز ne Pakistan ko jeet ke liye kitna target diya,KI,86209,MIXED,urdu_bm25,40,43312,23.506961822509766,50
post_phase12_module1_M1-B,M1-B,R025,تیسرے ون ڈے میں ویسٹ انڈیز ne Pakistan ko jeet ke liye kitna target diya,KI,86209,MIXED,urdu_bm25,41,57057,23.459518432617188,50
post_phase12_module1_M1-B,M1-B,R025,تیسرے ون ڈے میں ویسٹ انڈیز ne Pakistan ko jeet ke liye kitna target diya,KI,86209,MIXED,urdu_bm25,42,31258,23.438304901123047,50
post_phase12_module1_M1-B,M1-B,R025,تیسرے ون ڈے میں ویسٹ انڈیز ne Pakistan ko jeet ke liye kitna target diya,KI,86209,MIXED,urdu_bm25,43,45598,23.278234481811523,50
post_phase12_module1_M1-B,M1-B,R025,تیسرے ون ڈے میں ویسٹ انڈیز ne Pakistan ko jeet ke liye kitna target diya,KI,86209,MIXED,urdu_bm25,44,57056,23.268333435058594,50
post_phase12_module1_M1-B,M1-B,R025,تیسرے ون ڈے میں ویسٹ انڈیز ne Pakistan ko jeet ke liye kitna target diya,KI,86209,MIXED,urdu_bm25,45,94208,23.21668243408203,50
post_phase12_module1_M1-B,M1-B,R025,تیسرے ون ڈے میں ویسٹ انڈیز ne Pakistan ko jeet ke liye kitna target diya,KI,86209,MIXED,urdu_bm25,46,86954,23.168046951293945,50
post_phase12_module1_M1-B,M1-B,R025,تیسرے ون ڈے میں ویسٹ انڈیز ne Pakistan ko jeet ke liye kitna target diya,KI,86209,MIXED,urdu_bm25,47,86225,23.145488739013672,50
post_phase12_module1_M1-B,M1-B,R025,تیسرے ون ڈے میں ویسٹ انڈیز ne Pakistan ko jeet ke liye kitna target diya,KI,86209,MIXED,urdu_bm25,48,45007,23.14159393310547,50
post_phase12_module1_M1-B,M1-B,R025,تیسرے ون ڈے میں ویسٹ انڈیز ne Pakistan ko jeet ke liye kitna target diya,KI,86209,MIXED,urdu_bm25,49,87942,23.11313819885254,50
post_phase12_module1_M1-B,M1-B,R025,تیسرے ون ڈے میں ویسٹ انڈیز ne Pakistan ko jeet ke liye kitna target diya,KI,86209,MIXED,urdu_bm25,50,45024,23.106969833374023,50
post_phase12_module1_M1-B,M1-B,R026,اقصی علی ne Meesha Shafi aur Ali Zafar jhagra par kya inkshaaf kiya,KI,67741,MIXED,urdu_bm25,1,67741,18.602216720581055,50
post_phase12_module1_M1-B,M1-B,R026,اقصی علی ne Meesha Shafi aur Ali Zafar jhagra par kya inkshaaf kiya,KI,67741,MIXED,urdu_bm25,2,98573,15.83012866973877,50
post_phase12_module1_M1-B,M1-B,R026,اقصی علی ne Meesha Shafi aur Ali Zafar jhagra par kya inkshaaf kiya,KI,67741,MIXED,urdu_bm25,3,49072,15.644477844238281,50
post_phase12_module1_M1-B,M1-B,R026,اقصی علی ne Meesha Shafi aur Ali Zafar jhagra par kya inkshaaf kiya,KI,67741,MIXED,urdu_bm25,4,58792,15.28487777709961,50
post_phase12_module1_M1-B,M1-B,R026,اقصی علی ne Meesha Shafi aur Ali Zafar jhagra par kya inkshaaf kiya,KI,67741,MIXED,urdu_bm25,5,96907,14.81085205078125,50
post_phase12_module1_M1-B,M1-B,R026,اقصی علی ne Meesha Shafi aur Ali Zafar jhagra par kya inkshaaf kiya,KI,67741,MIXED,urdu_bm25,6,67737,14.490947723388672,50
post_phase12_module1_M1-B,M1-B,R026,اقصی علی ne Meesha Shafi aur Ali Zafar jhagra par kya inkshaaf kiya,KI,67741,MIXED,urdu_bm25,7,67727,13.499910354614258,50
post_phase12_module1_M1-B,M1-B,R026,اقصی علی ne Meesha Shafi aur Ali Zafar jhagra par kya inkshaaf kiya,KI,67741,MIXED,urdu_bm25,8,67724,12.731973648071289,50
post_phase12_module1_M1-B,M1-B,R026,اقصی علی ne Meesha Shafi aur Ali Zafar jhagra par kya inkshaaf kiya,KI,67741,MIXED,urdu_bm25,9,43241,12.38400650024414,50
post_phase12_module1_M1-B,M1-B,R026,اقصی علی ne Meesha Shafi aur Ali Zafar jhagra par kya inkshaaf kiya,KI,67741,MIXED,urdu_bm25,10,67736,12.121745109558105,50
post_phase12_module1_M1-B,M1-B,R026,اقصی علی ne Meesha Shafi aur Ali Zafar jhagra par kya inkshaaf kiya,KI,67741,MIXED,urdu_bm25,11,6665,12.018028259277344,50
post_phase12_module1_M1-B,M1-B,R026,اقصی علی ne Meesha Shafi aur Ali Zafar jhagra par kya inkshaaf kiya,KI,67741,MIXED,urdu_bm25,12,66738,11.402661323547363,50
post_phase12_module1_M1-B,M1-B,R026,اقصی علی ne Meesha Shafi aur Ali Zafar jhagra par kya inkshaaf kiya,KI,67741,MIXED,urdu_bm25,13,47278,10.608701705932617,50
post_phase12_module1_M1-B,M1-B,R026,اقصی علی ne Meesha Shafi aur Ali Zafar jhagra par kya inkshaaf kiya,KI,67741,MIXED,urdu_bm25,14,47267,10.374980926513672,50
post_phase12_module1_M1-B,M1-B,R026,اقصی علی ne Meesha Shafi aur Ali Zafar jhagra par kya inkshaaf kiya,KI,67741,MIXED,urdu_bm25,15,46326,10.231538772583008,50
post_phase12_module1_M1-B,M1-B,R026,اقصی علی ne Meesha Shafi aur Ali Zafar jhagra par kya inkshaaf kiya,KI,67741,MIXED,urdu_bm25,16,41358,9.861465454101562,50
post_phase12_module1_M1-B,M1-B,R026,اقصی علی ne Meesha Shafi aur Ali Zafar jhagra par kya inkshaaf kiya,KI,67741,MIXED,urdu_bm25,17,6717,9.77701473236084,50
post_phase12_module1_M1-B,M1-B,R026,اقصی علی ne Meesha Shafi aur Ali Zafar jhagra par kya inkshaaf kiya,KI,67741,MIXED,urdu_bm25,18,47276,9.713534355163574,50
post_phase12_module1_M1-B,M1-B,R026,اقصی علی ne Meesha Shafi aur Ali Zafar jhagra par kya inkshaaf kiya,KI,67741,MIXED,urdu_bm25,19,81537,8.973197937011719,50
post_phase12_module1_M1-B,M1-B,R026,اقصی علی ne Meesha Shafi aur Ali Zafar jhagra par kya inkshaaf kiya,KI,67741,MIXED,urdu_bm25,20,6669,8.647159576416016,50
post_phase12_module1_M1-B,M1-B,R026,اقصی علی ne Meesha Shafi aur Ali Zafar jhagra par kya inkshaaf kiya,KI,67741,MIXED,urdu_bm25,21,25365,8.572278022766113,50
post_phase12_module1_M1-B,M1-B,R026,اقصی علی ne Meesha Shafi aur Ali Zafar jhagra par kya inkshaaf kiya,KI,67741,MIXED,urdu_bm25,22,82135,8.432731628417969,50
post_phase12_module1_M1-B,M1-B,R026,اقصی علی ne Meesha Shafi aur Ali Zafar jhagra par kya inkshaaf kiya,KI,67741,MIXED,urdu_bm25,23,5824,8.351164817810059,50
post_phase12_module1_M1-B,M1-B,R026,اقصی علی ne Meesha Shafi aur Ali Zafar jhagra par kya inkshaaf kiya,KI,67741,MIXED,urdu_bm25,24,25362,8.015205383300781,50
post_phase12_module1_M1-B,M1-B,R026,اقصی علی ne Meesha Shafi aur Ali Zafar jhagra par kya inkshaaf kiya,KI,67741,MIXED,urdu_bm25,25,25356,7.62583065032959,50
post_phase12_module1_M1-B,M1-B,R026,اقصی علی ne Meesha Shafi aur Ali Zafar jhagra par kya inkshaaf kiya,KI,67741,MIXED,urdu_bm25,26,3909,5.300547122955322,50
post_phase12_module1_M1-B,M1-B,R026,اقصی علی ne Meesha Shafi aur Ali Zafar jhagra par kya inkshaaf kiya,KI,67741,MIXED,urdu_bm25,27,88505,5.0465545654296875,50
post_phase12_module1_M1-B,M1-B,R026,اقصی علی ne Meesha Shafi aur Ali Zafar jhagra par kya inkshaaf kiya,KI,67741,MIXED,urdu_bm25,28,17125,5.017234802246094,50
post_phase12_module1_M1-B,M1-B,R026,اقصی علی ne Meesha Shafi aur Ali Zafar jhagra par kya inkshaaf kiya,KI,67741,MIXED,urdu_bm25,29,101339,5.0056538581848145,50
post_phase12_module1_M1-B,M1-B,R026,اقصی علی ne Meesha Shafi aur Ali Zafar jhagra par kya inkshaaf kiya,KI,67741,MIXED,urdu_bm25,30,67466,4.979180335998535,50
post_phase12_module1_M1-B,M1-B,R026,اقصی علی ne Meesha Shafi aur Ali Zafar jhagra par kya inkshaaf kiya,KI,67741,MIXED,urdu_bm25,31,86957,4.954409599304199,50
post_phase12_module1_M1-B,M1-B,R026,اقصی علی ne Meesha Shafi aur Ali Zafar jhagra par kya inkshaaf kiya,KI,67741,MIXED,urdu_bm25,32,106861,4.949197769165039,50
post_phase12_module1_M1-B,M1-B,R026,اقصی علی ne Meesha Shafi aur Ali Zafar jhagra par kya inkshaaf kiya,KI,67741,MIXED,urdu_bm25,33,11526,4.949033260345459,50
post_phase12_module1_M1-B,M1-B,R026,اقصی علی ne Meesha Shafi aur Ali Zafar jhagra par kya inkshaaf kiya,KI,67741,MIXED,urdu_bm25,34,88502,4.9469733238220215,50
post_phase12_module1_M1-B,M1-B,R026,اقصی علی ne Meesha Shafi aur Ali Zafar jhagra par kya inkshaaf kiya,KI,67741,MIXED,urdu_bm25,35,16424,4.9449543952941895,50
post_phase12_module1_M1-B,M1-B,R026,اقصی علی ne Meesha Shafi aur Ali Zafar jhagra par kya inkshaaf kiya,KI,67741,MIXED,urdu_bm25,36,50172,4.934938907623291,50
post_phase12_module1_M1-B,M1-B,R026,اقصی علی ne Meesha Shafi aur Ali Zafar jhagra par kya inkshaaf kiya,KI,67741,MIXED,urdu_bm25,37,10692,4.932559967041016,50
post_phase12_module1_M1-B,M1-B,R026,اقصی علی ne Meesha Shafi aur Ali Zafar jhagra par kya inkshaaf kiya,KI,67741,MIXED,urdu_bm25,38,97444,4.932516098022461,50
post_phase12_module1_M1-B,M1-B,R026,اقصی علی ne Meesha Shafi aur Ali Zafar jhagra par kya inkshaaf kiya,KI,67741,MIXED,urdu_bm25,39,3781,4.9273600578308105,50
post_phase12_module1_M1-B,M1-B,R026,اقصی علی ne Meesha Shafi aur Ali Zafar jhagra par kya inkshaaf kiya,KI,67741,MIXED,urdu_bm25,40,68068,4.908925533294678,50
post_phase12_module1_M1-B,M1-B,R026,اقصی علی ne Meesha Shafi aur Ali Zafar jhagra par kya inkshaaf kiya,KI,67741,MIXED,urdu_bm25,41,11992,4.90236234664917,50
post_phase12_module1_M1-B,M1-B,R026,اقصی علی ne Meesha Shafi aur Ali Zafar jhagra par kya inkshaaf kiya,KI,67741,MIXED,urdu_bm25,42,69244,4.898792743682861,50
post_phase12_module1_M1-B,M1-B,R026,اقصی علی ne Meesha Shafi aur Ali Zafar jhagra par kya inkshaaf kiya,KI,67741,MIXED,urdu_bm25,43,5708,4.897167682647705,50
post_phase12_module1_M1-B,M1-B,R026,اقصی علی ne Meesha Shafi aur Ali Zafar jhagra par kya inkshaaf kiya,KI,67741,MIXED,urdu_bm25,44,98391,4.897160530090332,50
post_phase12_module1_M1-B,M1-B,R026,اقصی علی ne Meesha Shafi aur Ali Zafar jhagra par kya inkshaaf kiya,KI,67741,MIXED,urdu_bm25,45,98395,4.89689826965332,50
post_phase12_module1_M1-B,M1-B,R026,اقصی علی ne Meesha Shafi aur Ali Zafar jhagra par kya inkshaaf kiya,KI,67741,MIXED,urdu_bm25,46,101766,4.896454334259033,50
post_phase12_module1_M1-B,M1-B,R026,اقصی علی ne Meesha Shafi aur Ali Zafar jhagra par kya inkshaaf kiya,KI,67741,MIXED,urdu_bm25,47,68726,4.895212173461914,50
post_phase12_module1_M1-B,M1-B,R026,اقصی علی ne Meesha Shafi aur Ali Zafar jhagra par kya inkshaaf kiya,KI,67741,MIXED,urdu_bm25,48,88512,4.889377593994141,50
post_phase12_module1_M1-B,M1-B,R026,اقصی علی ne Meesha Shafi aur Ali Zafar jhagra par kya inkshaaf kiya,KI,67741,MIXED,urdu_bm25,49,100868,4.888756275177002,50
post_phase12_module1_M1-B,M1-B,R026,اقصی علی ne Meesha Shafi aur Ali Zafar jhagra par kya inkshaaf kiya,KI,67741,MIXED,urdu_bm25,50,10412,4.883844375610352,50
post_phase12_module1_M1-B,M1-B,R027,کلینڈ میں نیوزی لینڈ ne West Indies ko pehle T20 mein kitne runs se haraaya,KI,93226,MIXED,urdu_bm25,1,93082,23.1431941986084,50
post_phase12_module1_M1-B,M1-B,R027,کلینڈ میں نیوزی لینڈ ne West Indies ko pehle T20 mein kitne runs se haraaya,KI,93226,MIXED,urdu_bm25,2,44293,22.80694580078125,50
post_phase12_module1_M1-B,M1-B,R027,کلینڈ میں نیوزی لینڈ ne West Indies ko pehle T20 mein kitne runs se haraaya,KI,93226,MIXED,urdu_bm25,3,93094,22.76144027709961,50
post_phase12_module1_M1-B,M1-B,R027,کلینڈ میں نیوزی لینڈ ne West Indies ko pehle T20 mein kitne runs se haraaya,KI,93226,MIXED,urdu_bm25,4,93226,22.719070434570312,50
post_phase12_module1_M1-B,M1-B,R027,کلینڈ میں نیوزی لینڈ ne West Indies ko pehle T20 mein kitne runs se haraaya,KI,93226,MIXED,urdu_bm25,5,46558,22.661178588867188,50
post_phase12_module1_M1-B,M1-B,R027,کلینڈ میں نیوزی لینڈ ne West Indies ko pehle T20 mein kitne runs se haraaya,KI,93226,MIXED,urdu_bm25,6,32233,22.231678009033203,50
post_phase12_module1_M1-B,M1-B,R027,کلینڈ میں نیوزی لینڈ ne West Indies ko pehle T20 mein kitne runs se haraaya,KI,93226,MIXED,urdu_bm25,7,97115,22.0095157623291,50
post_phase12_module1_M1-B,M1-B,R027,کلینڈ میں نیوزی لینڈ ne West Indies ko pehle T20 mein kitne runs se haraaya,KI,93226,MIXED,urdu_bm25,8,80467,21.58074378967285,50
post_phase12_module1_M1-B,M1-B,R027,کلینڈ میں نیوزی لینڈ ne West Indies ko pehle T20 mein kitne runs se haraaya,KI,93226,MIXED,urdu_bm25,9,46849,21.530467987060547,50
post_phase12_module1_M1-B,M1-B,R027,کلینڈ میں نیوزی لینڈ ne West Indies ko pehle T20 mein kitne runs se haraaya,KI,93226,MIXED,urdu_bm25,10,95080,21.215499877929688,50
post_phase12_module1_M1-B,M1-B,R027,کلینڈ میں نیوزی لینڈ ne West Indies ko pehle T20 mein kitne runs se haraaya,KI,93226,MIXED,urdu_bm25,11,94846,21.120162963867188,50
post_phase12_module1_M1-B,M1-B,R027,کلینڈ میں نیوزی لینڈ ne West Indies ko pehle T20 mein kitne runs se haraaya,KI,93226,MIXED,urdu_bm25,12,58194,20.77117156982422,50
post_phase12_module1_M1-B,M1-B,R027,کلینڈ میں نیوزی لینڈ ne West Indies ko pehle T20 mein kitne runs se haraaya,KI,93226,MIXED,urdu_bm25,13,32883,20.76919937133789,50
post_phase12_module1_M1-B,M1-B,R027,کلینڈ میں نیوزی لینڈ ne West Indies ko pehle T20 mein kitne runs se haraaya,KI,93226,MIXED,urdu_bm25,14,80641,20.587615966796875,50
post_phase12_module1_M1-B,M1-B,R027,کلینڈ میں نیوزی لینڈ ne West Indies ko pehle T20 mein kitne runs se haraaya,KI,93226,MIXED,urdu_bm25,15,83966,20.44464683532715,50
post_phase12_module1_M1-B,M1-B,R027,کلینڈ میں نیوزی لینڈ ne West Indies ko pehle T20 mein kitne runs se haraaya,KI,93226,MIXED,urdu_bm25,16,35897,20.443641662597656,50
post_phase12_module1_M1-B,M1-B,R027,کلینڈ میں نیوزی لینڈ ne West Indies ko pehle T20 mein kitne runs se haraaya,KI,93226,MIXED,urdu_bm25,17,41217,20.432369232177734,50
post_phase12_module1_M1-B,M1-B,R027,کلینڈ میں نیوزی لینڈ ne West Indies ko pehle T20 mein kitne runs se haraaya,KI,93226,MIXED,urdu_bm25,18,34579,20.42578125,50
post_phase12_module1_M1-B,M1-B,R027,کلینڈ میں نیوزی لینڈ ne West Indies ko pehle T20 mein kitne runs se haraaya,KI,93226,MIXED,urdu_bm25,19,51990,20.36050796508789,50
post_phase12_module1_M1-B,M1-B,R027,کلینڈ میں نیوزی لینڈ ne West Indies ko pehle T20 mein kitne runs se haraaya,KI,93226,MIXED,urdu_bm25,20,51890,20.354846954345703,50
post_phase12_module1_M1-B,M1-B,R027,کلینڈ میں نیوزی لینڈ ne West Indies ko pehle T20 mein kitne runs se haraaya,KI,93226,MIXED,urdu_bm25,21,51794,20.305910110473633,50
post_phase12_module1_M1-B,M1-B,R027,کلینڈ میں نیوزی لینڈ ne West Indies ko pehle T20 mein kitne runs se haraaya,KI,93226,MIXED,urdu_bm25,22,55332,20.29996681213379,50
post_phase12_module1_M1-B,M1-B,R027,کلینڈ میں نیوزی لینڈ ne West Indies ko pehle T20 mein kitne runs se haraaya,KI,93226,MIXED,urdu_bm25,23,56647,19.545429229736328,50
post_phase12_module1_M1-B,M1-B,R027,کلینڈ میں نیوزی لینڈ ne West Indies ko pehle T20 mein kitne runs se haraaya,KI,93226,MIXED,urdu_bm25,24,52420,19.531089782714844,50
post_phase12_module1_M1-B,M1-B,R027,کلینڈ میں نیوزی لینڈ ne West Indies ko pehle T20 mein kitne runs se haraaya,KI,93226,MIXED,urdu_bm25,25,58102,19.494001388549805,50
post_phase12_module1_M1-B,M1-B,R027,کلینڈ میں نیوزی لینڈ ne West Indies ko pehle T20 mein kitne runs se haraaya,KI,93226,MIXED,urdu_bm25,26,95019,19.483741760253906,50
post_phase12_module1_M1-B,M1-B,R027,کلینڈ میں نیوزی لینڈ ne West Indies ko pehle T20 mein kitne runs se haraaya,KI,93226,MIXED,urdu_bm25,27,33208,19.378807067871094,50
post_phase12_module1_M1-B,M1-B,R027,کلینڈ میں نیوزی لینڈ ne West Indies ko pehle T20 mein kitne runs se haraaya,KI,93226,MIXED,urdu_bm25,28,80463,19.354442596435547,50
post_phase12_module1_M1-B,M1-B,R027,کلینڈ میں نیوزی لینڈ ne West Indies ko pehle T20 mein kitne runs se haraaya,KI,93226,MIXED,urdu_bm25,29,32863,19.32897186279297,50
post_phase12_module1_M1-B,M1-B,R027,کلینڈ میں نیوزی لینڈ ne West Indies ko pehle T20 mein kitne runs se haraaya,KI,93226,MIXED,urdu_bm25,30,83408,19.304214477539062,50
post_phase12_module1_M1-B,M1-B,R027,کلینڈ میں نیوزی لینڈ ne West Indies ko pehle T20 mein kitne runs se haraaya,KI,93226,MIXED,urdu_bm25,31,80469,19.246829986572266,50
post_phase12_module1_M1-B,M1-B,R027,کلینڈ میں نیوزی لینڈ ne West Indies ko pehle T20 mein kitne runs se haraaya,KI,93226,MIXED,urdu_bm25,32,45302,19.16988754272461,50
post_phase12_module1_M1-B,M1-B,R027,کلینڈ میں نیوزی لینڈ ne West Indies ko pehle T20 mein kitne runs se haraaya,KI,93226,MIXED,urdu_bm25,33,44207,18.998851776123047,50
post_phase12_module1_M1-B,M1-B,R027,کلینڈ میں نیوزی لینڈ ne West Indies ko pehle T20 mein kitne runs se haraaya,KI,93226,MIXED,urdu_bm25,34,34639,18.96072006225586,50
post_phase12_module1_M1-B,M1-B,R027,کلینڈ میں نیوزی لینڈ ne West Indies ko pehle T20 mein kitne runs se haraaya,KI,93226,MIXED,urdu_bm25,35,97176,18.905359268188477,50
post_phase12_module1_M1-B,M1-B,R027,کلینڈ میں نیوزی لینڈ ne West Indies ko pehle T20 mein kitne runs se haraaya,KI,93226,MIXED,urdu_bm25,36,32745,18.86636734008789,50
post_phase12_module1_M1-B,M1-B,R027,کلینڈ میں نیوزی لینڈ ne West Indies ko pehle T20 mein kitne runs se haraaya,KI,93226,MIXED,urdu_bm25,37,44116,18.847612380981445,50
post_phase12_module1_M1-B,M1-B,R027,کلینڈ میں نیوزی لینڈ ne West Indies ko pehle T20 mein kitne runs se haraaya,KI,93226,MIXED,urdu_bm25,38,55617,18.80884552001953,50
post_phase12_module1_M1-B,M1-B,R027,کلینڈ میں نیوزی لینڈ ne West Indies ko pehle T20 mein kitne runs se haraaya,KI,93226,MIXED,urdu_bm25,39,80468,18.80489730834961,50
post_phase12_module1_M1-B,M1-B,R027,کلینڈ میں نیوزی لینڈ ne West Indies ko pehle T20 mein kitne runs se haraaya,KI,93226,MIXED,urdu_bm25,40,41369,18.777767181396484,50
post_phase12_module1_M1-B,M1-B,R027,کلینڈ میں نیوزی لینڈ ne West Indies ko pehle T20 mein kitne runs se haraaya,KI,93226,MIXED,urdu_bm25,41,32886,18.732763290405273,50
post_phase12_module1_M1-B,M1-B,R027,کلینڈ میں نیوزی لینڈ ne West Indies ko pehle T20 mein kitne runs se haraaya,KI,93226,MIXED,urdu_bm25,42,51792,18.73037338256836,50
post_phase12_module1_M1-B,M1-B,R027,کلینڈ میں نیوزی لینڈ ne West Indies ko pehle T20 mein kitne runs se haraaya,KI,93226,MIXED,urdu_bm25,43,34443,18.687585830688477,50
post_phase12_module1_M1-B,M1-B,R027,کلینڈ میں نیوزی لینڈ ne West Indies ko pehle T20 mein kitne runs se haraaya,KI,93226,MIXED,urdu_bm25,44,32894,18.594791412353516,50
post_phase12_module1_M1-B,M1-B,R027,کلینڈ میں نیوزی لینڈ ne West Indies ko pehle T20 mein kitne runs se haraaya,KI,93226,MIXED,urdu_bm25,45,93073,18.469091415405273,50
post_phase12_module1_M1-B,M1-B,R027,کلینڈ میں نیوزی لینڈ ne West Indies ko pehle T20 mein kitne runs se haraaya,KI,93226,MIXED,urdu_bm25,46,24863,18.322509765625,50
post_phase12_module1_M1-B,M1-B,R027,کلینڈ میں نیوزی لینڈ ne West Indies ko pehle T20 mein kitne runs se haraaya,KI,93226,MIXED,urdu_bm25,47,45305,18.234113693237305,50
post_phase12_module1_M1-B,M1-B,R027,کلینڈ میں نیوزی لینڈ ne West Indies ko pehle T20 mein kitne runs se haraaya,KI,93226,MIXED,urdu_bm25,48,34526,18.090234756469727,50
post_phase12_module1_M1-B,M1-B,R027,کلینڈ میں نیوزی لینڈ ne West Indies ko pehle T20 mein kitne runs se haraaya,KI,93226,MIXED,urdu_bm25,49,46612,18.056045532226562,50
post_phase12_module1_M1-B,M1-B,R027,کلینڈ میں نیوزی لینڈ ne West Indies ko pehle T20 mein kitne runs se haraaya,KI,93226,MIXED,urdu_bm25,50,56920,18.013019561767578,50
post_phase12_module1_M1-B,M1-B,R028,فیس بک comments mein animated GIF bhejne ka naya button kab aaya,KI,22551,MIXED,urdu_bm25,1,59850,14.713462829589844,50
post_phase12_module1_M1-B,M1-B,R028,فیس بک comments mein animated GIF bhejne ka naya button kab aaya,KI,22551,MIXED,urdu_bm25,2,103659,14.705718994140625,50
post_phase12_module1_M1-B,M1-B,R028,فیس بک comments mein animated GIF bhejne ka naya button kab aaya,KI,22551,MIXED,urdu_bm25,3,60402,14.664079666137695,50
post_phase12_module1_M1-B,M1-B,R028,فیس بک comments mein animated GIF bhejne ka naya button kab aaya,KI,22551,MIXED,urdu_bm25,4,60141,14.637078285217285,50
post_phase12_module1_M1-B,M1-B,R028,فیس بک comments mein animated GIF bhejne ka naya button kab aaya,KI,22551,MIXED,urdu_bm25,5,59921,14.628616333007812,50
post_phase12_module1_M1-B,M1-B,R028,فیس بک comments mein animated GIF bhejne ka naya button kab aaya,KI,22551,MIXED,urdu_bm25,6,22307,14.607962608337402,50
post_phase12_module1_M1-B,M1-B,R028,فیس بک comments mein animated GIF bhejne ka naya button kab aaya,KI,22551,MIXED,urdu_bm25,7,22718,14.58804988861084,50
post_phase12_module1_M1-B,M1-B,R028,فیس بک comments mein animated GIF bhejne ka naya button kab aaya,KI,22551,MIXED,urdu_bm25,8,79459,14.587459564208984,50
post_phase12_module1_M1-B,M1-B,R028,فیس بک comments mein animated GIF bhejne ka naya button kab aaya,KI,22551,MIXED,urdu_bm25,9,23274,14.583503723144531,50
post_phase12_module1_M1-B,M1-B,R028,فیس بک comments mein animated GIF bhejne ka naya button kab aaya,KI,22551,MIXED,urdu_bm25,10,60372,14.566177368164062,50
post_phase12_module1_M1-B,M1-B,R028,فیس بک comments mein animated GIF bhejne ka naya button kab aaya,KI,22551,MIXED,urdu_bm25,11,99415,14.557084083557129,50
post_phase12_module1_M1-B,M1-B,R028,فیس بک comments mein animated GIF bhejne ka naya button kab aaya,KI,22551,MIXED,urdu_bm25,12,80399,14.546653747558594,50
post_phase12_module1_M1-B,M1-B,R028,فیس بک comments mein animated GIF bhejne ka naya button kab aaya,KI,22551,MIXED,urdu_bm25,13,16920,14.5391845703125,50
post_phase12_module1_M1-B,M1-B,R028,فیس بک comments mein animated GIF bhejne ka naya button kab aaya,KI,22551,MIXED,urdu_bm25,14,24006,14.538976669311523,50
post_phase12_module1_M1-B,M1-B,R028,فیس بک comments mein animated GIF bhejne ka naya button kab aaya,KI,22551,MIXED,urdu_bm25,15,22110,14.521354675292969,50
post_phase12_module1_M1-B,M1-B,R028,فیس بک comments mein animated GIF bhejne ka naya button kab aaya,KI,22551,MIXED,urdu_bm25,16,21565,14.513481140136719,50
post_phase12_module1_M1-B,M1-B,R028,فیس بک comments mein animated GIF bhejne ka naya button kab aaya,KI,22551,MIXED,urdu_bm25,17,19574,14.502861976623535,50
post_phase12_module1_M1-B,M1-B,R028,فیس بک comments mein animated GIF bhejne ka naya button kab aaya,KI,22551,MIXED,urdu_bm25,18,79686,14.494251251220703,50
post_phase12_module1_M1-B,M1-B,R028,فیس بک comments mein animated GIF bhejne ka naya button kab aaya,KI,22551,MIXED,urdu_bm25,19,21118,14.493589401245117,50
post_phase12_module1_M1-B,M1-B,R028,فیس بک comments mein animated GIF bhejne ka naya button kab aaya,KI,22551,MIXED,urdu_bm25,20,59709,14.486385345458984,50
post_phase12_module1_M1-B,M1-B,R028,فیس بک comments mein animated GIF bhejne ka naya button kab aaya,KI,22551,MIXED,urdu_bm25,21,20127,14.482294082641602,50
post_phase12_module1_M1-B,M1-B,R028,فیس بک comments mein animated GIF bhejne ka naya button kab aaya,KI,22551,MIXED,urdu_bm25,22,60376,14.474681854248047,50
post_phase12_module1_M1-B,M1-B,R028,فیس بک comments mein animated GIF bhejne ka naya button kab aaya,KI,22551,MIXED,urdu_bm25,23,22179,14.463481903076172,50
post_phase12_module1_M1-B,M1-B,R028,فیس بک comments mein animated GIF bhejne ka naya button kab aaya,KI,22551,MIXED,urdu_bm25,24,80211,14.45443344116211,50
post_phase12_module1_M1-B,M1-B,R028,فیس بک comments mein animated GIF bhejne ka naya button kab aaya,KI,22551,MIXED,urdu_bm25,25,21660,14.45169734954834,50
post_phase12_module1_M1-B,M1-B,R028,فیس بک comments mein animated GIF bhejne ka naya button kab aaya,KI,22551,MIXED,urdu_bm25,26,22413,14.450448989868164,50
post_phase12_module1_M1-B,M1-B,R028,فیس بک comments mein animated GIF bhejne ka naya button kab aaya,KI,22551,MIXED,urdu_bm25,27,17137,14.446863174438477,50
post_phase12_module1_M1-B,M1-B,R028,فیس بک comments mein animated GIF bhejne ka naya button kab aaya,KI,22551,MIXED,urdu_bm25,28,80244,14.414690017700195,50
post_phase12_module1_M1-B,M1-B,R028,فیس بک comments mein animated GIF bhejne ka naya button kab aaya,KI,22551,MIXED,urdu_bm25,29,19429,14.411114692687988,50
post_phase12_module1_M1-B,M1-B,R028,فیس بک comments mein animated GIF bhejne ka naya button kab aaya,KI,22551,MIXED,urdu_bm25,30,22461,14.404834747314453,50
post_phase12_module1_M1-B,M1-B,R028,فیس بک comments mein animated GIF bhejne ka naya button kab aaya,KI,22551,MIXED,urdu_bm25,31,59381,14.401127815246582,50
post_phase12_module1_M1-B,M1-B,R028,فیس بک comments mein animated GIF bhejne ka naya button kab aaya,KI,22551,MIXED,urdu_bm25,32,20001,14.392566680908203,50
post_phase12_module1_M1-B,M1-B,R028,فیس بک comments mein animated GIF bhejne ka naya button kab aaya,KI,22551,MIXED,urdu_bm25,33,60005,14.378213882446289,50
post_phase12_module1_M1-B,M1-B,R028,فیس بک comments mein animated GIF bhejne ka naya button kab aaya,KI,22551,MIXED,urdu_bm25,34,20674,14.373224258422852,50
post_phase12_module1_M1-B,M1-B,R028,فیس بک comments mein animated GIF bhejne ka naya button kab aaya,KI,22551,MIXED,urdu_bm25,35,60363,14.368696212768555,50
post_phase12_module1_M1-B,M1-B,R028,فیس بک comments mein animated GIF bhejne ka naya button kab aaya,KI,22551,MIXED,urdu_bm25,36,15481,14.365560531616211,50
post_phase12_module1_M1-B,M1-B,R028,فیس بک comments mein animated GIF bhejne ka naya button kab aaya,KI,22551,MIXED,urdu_bm25,37,79753,14.347225189208984,50
post_phase12_module1_M1-B,M1-B,R028,فیس بک comments mein animated GIF bhejne ka naya button kab aaya,KI,22551,MIXED,urdu_bm25,38,60169,14.345300674438477,50
post_phase12_module1_M1-B,M1-B,R028,فیس بک comments mein animated GIF bhejne ka naya button kab aaya,KI,22551,MIXED,urdu_bm25,39,22062,14.339775085449219,50
post_phase12_module1_M1-B,M1-B,R028,فیس بک comments mein animated GIF bhejne ka naya button kab aaya,KI,22551,MIXED,urdu_bm25,40,19837,14.33237075805664,50
post_phase12_module1_M1-B,M1-B,R028,فیس بک comments mein animated GIF bhejne ka naya button kab aaya,KI,22551,MIXED,urdu_bm25,41,79936,14.329856872558594,50
post_phase12_module1_M1-B,M1-B,R028,فیس بک comments mein animated GIF bhejne ka naya button kab aaya,KI,22551,MIXED,urdu_bm25,42,21537,14.320564270019531,50
post_phase12_module1_M1-B,M1-B,R028,فیس بک comments mein animated GIF bhejne ka naya button kab aaya,KI,22551,MIXED,urdu_bm25,43,79912,14.31931209564209,50
post_phase12_module1_M1-B,M1-B,R028,فیس بک comments mein animated GIF bhejne ka naya button kab aaya,KI,22551,MIXED,urdu_bm25,44,79446,14.317005157470703,50
post_phase12_module1_M1-B,M1-B,R028,فیس بک comments mein animated GIF bhejne ka naya button kab aaya,KI,22551,MIXED,urdu_bm25,45,60047,14.308870315551758,50
post_phase12_module1_M1-B,M1-B,R028,فیس بک comments mein animated GIF bhejne ka naya button kab aaya,KI,22551,MIXED,urdu_bm25,46,19450,14.302541732788086,50
post_phase12_module1_M1-B,M1-B,R028,فیس بک comments mein animated GIF bhejne ka naya button kab aaya,KI,22551,MIXED,urdu_bm25,47,59476,14.298497200012207,50
post_phase12_module1_M1-B,M1-B,R028,فیس بک comments mein animated GIF bhejne ka naya button kab aaya,KI,22551,MIXED,urdu_bm25,48,22491,14.29185962677002,50
post_phase12_module1_M1-B,M1-B,R028,فیس بک comments mein animated GIF bhejne ka naya button kab aaya,KI,22551,MIXED,urdu_bm25,49,13933,14.283134460449219,50
post_phase12_module1_M1-B,M1-B,R028,فیس بک comments mein animated GIF bhejne ka naya button kab aaya,KI,22551,MIXED,urdu_bm25,50,15374,14.28121566772461,50
post_phase12_module1_M1-B,M1-B,R029,سوشل میڈia ki khabron ke baad Imad Wasim ne shadi ke bare mein kya kaha,KI,29033,MIXED,urdu_bm25,1,99439,15.866894721984863,50
post_phase12_module1_M1-B,M1-B,R029,سوشل میڈia ki khabron ke baad Imad Wasim ne shadi ke bare mein kya kaha,KI,29033,MIXED,urdu_bm25,2,104184,13.372313499450684,50
post_phase12_module1_M1-B,M1-B,R029,سوشل میڈia ki khabron ke baad Imad Wasim ne shadi ke bare mein kya kaha,KI,29033,MIXED,urdu_bm25,3,104165,13.292840957641602,50
post_phase12_module1_M1-B,M1-B,R029,سوشل میڈia ki khabron ke baad Imad Wasim ne shadi ke bare mein kya kaha,KI,29033,MIXED,urdu_bm25,4,104384,12.943015098571777,50
post_phase12_module1_M1-B,M1-B,R029,سوشل میڈia ki khabron ke baad Imad Wasim ne shadi ke bare mein kya kaha,KI,29033,MIXED,urdu_bm25,5,51641,12.77065658569336,50
post_phase12_module1_M1-B,M1-B,R029,سوشل میڈia ki khabron ke baad Imad Wasim ne shadi ke bare mein kya kaha,KI,29033,MIXED,urdu_bm25,6,104164,12.737272262573242,50
post_phase12_module1_M1-B,M1-B,R029,سوشل میڈia ki khabron ke baad Imad Wasim ne shadi ke bare mein kya kaha,KI,29033,MIXED,urdu_bm25,7,7101,12.68585205078125,50
post_phase12_module1_M1-B,M1-B,R029,سوشل میڈia ki khabron ke baad Imad Wasim ne shadi ke bare mein kya kaha,KI,29033,MIXED,urdu_bm25,8,104863,12.611128807067871,50
post_phase12_module1_M1-B,M1-B,R029,سوشل میڈia ki khabron ke baad Imad Wasim ne shadi ke bare mein kya kaha,KI,29033,MIXED,urdu_bm25,9,104167,12.378762245178223,50
post_phase12_module1_M1-B,M1-B,R029,سوشل میڈia ki khabron ke baad Imad Wasim ne shadi ke bare mein kya kaha,KI,29033,MIXED,urdu_bm25,10,74280,12.180961608886719,50
post_phase12_module1_M1-B,M1-B,R029,سوشل میڈia ki khabron ke baad Imad Wasim ne shadi ke bare mein kya kaha,KI,29033,MIXED,urdu_bm25,11,18208,12.113357543945312,50
post_phase12_module1_M1-B,M1-B,R029,سوشل میڈia ki khabron ke baad Imad Wasim ne shadi ke bare mein kya kaha,KI,29033,MIXED,urdu_bm25,12,99716,12.069238662719727,50
post_phase12_module1_M1-B,M1-B,R029,سوشل میڈia ki khabron ke baad Imad Wasim ne shadi ke bare mein kya kaha,KI,29033,MIXED,urdu_bm25,13,8762,12.014507293701172,50
post_phase12_module1_M1-B,M1-B,R029,سوشل میڈia ki khabron ke baad Imad Wasim ne shadi ke bare mein kya kaha,KI,29033,MIXED,urdu_bm25,14,61686,11.822273254394531,50
post_phase12_module1_M1-B,M1-B,R029,سوشل میڈia ki khabron ke baad Imad Wasim ne shadi ke bare mein kya kaha,KI,29033,MIXED,urdu_bm25,15,80378,11.74863052368164,50
post_phase12_module1_M1-B,M1-B,R029,سوشل میڈia ki khabron ke baad Imad Wasim ne shadi ke bare mein kya kaha,KI,29033,MIXED,urdu_bm25,16,39537,11.58841609954834,50
post_phase12_module1_M1-B,M1-B,R029,سوشل میڈia ki khabron ke baad Imad Wasim ne shadi ke bare mein kya kaha,KI,29033,MIXED,urdu_bm25,17,18015,11.584129333496094,50
post_phase12_module1_M1-B,M1-B,R029,سوشل میڈia ki khabron ke baad Imad Wasim ne shadi ke bare mein kya kaha,KI,29033,MIXED,urdu_bm25,18,101184,11.553614616394043,50
post_phase12_module1_M1-B,M1-B,R029,سوشل میڈia ki khabron ke baad Imad Wasim ne shadi ke bare mein kya kaha,KI,29033,MIXED,urdu_bm25,19,105410,11.518377304077148,50
post_phase12_module1_M1-B,M1-B,R029,سوشل میڈia ki khabron ke baad Imad Wasim ne shadi ke bare mein kya kaha,KI,29033,MIXED,urdu_bm25,20,105289,11.518377304077148,50
post_phase12_module1_M1-B,M1-B,R029,سوشل میڈia ki khabron ke baad Imad Wasim ne shadi ke bare mein kya kaha,KI,29033,MIXED,urdu_bm25,21,104263,11.358197212219238,50
post_phase12_module1_M1-B,M1-B,R029,سوشل میڈia ki khabron ke baad Imad Wasim ne shadi ke bare mein kya kaha,KI,29033,MIXED,urdu_bm25,22,76164,11.290904998779297,50
post_phase12_module1_M1-B,M1-B,R029,سوشل میڈia ki khabron ke baad Imad Wasim ne shadi ke bare mein kya kaha,KI,29033,MIXED,urdu_bm25,23,69416,11.246485710144043,50
post_phase12_module1_M1-B,M1-B,R029,سوشل میڈia ki khabron ke baad Imad Wasim ne shadi ke bare mein kya kaha,KI,29033,MIXED,urdu_bm25,24,104171,11.007856369018555,50
post_phase12_module1_M1-B,M1-B,R029,سوشل میڈia ki khabron ke baad Imad Wasim ne shadi ke bare mein kya kaha,KI,29033,MIXED,urdu_bm25,25,26337,10.97693157196045,50
post_phase12_module1_M1-B,M1-B,R029,سوشل میڈia ki khabron ke baad Imad Wasim ne shadi ke bare mein kya kaha,KI,29033,MIXED,urdu_bm25,26,104185,10.861892700195312,50
post_phase12_module1_M1-B,M1-B,R029,سوشل میڈia ki khabron ke baad Imad Wasim ne shadi ke bare mein kya kaha,KI,29033,MIXED,urdu_bm25,27,51569,10.835740089416504,50
post_phase12_module1_M1-B,M1-B,R029,سوشل میڈia ki khabron ke baad Imad Wasim ne shadi ke bare mein kya kaha,KI,29033,MIXED,urdu_bm25,28,50361,10.791858673095703,50
post_phase12_module1_M1-B,M1-B,R029,سوشل میڈia ki khabron ke baad Imad Wasim ne shadi ke bare mein kya kaha,KI,29033,MIXED,urdu_bm25,29,5778,10.76593017578125,50
post_phase12_module1_M1-B,M1-B,R029,سوشل میڈia ki khabron ke baad Imad Wasim ne shadi ke bare mein kya kaha,KI,29033,MIXED,urdu_bm25,30,51682,10.728987693786621,50
post_phase12_module1_M1-B,M1-B,R029,سوشل میڈia ki khabron ke baad Imad Wasim ne shadi ke bare mein kya kaha,KI,29033,MIXED,urdu_bm25,31,56273,10.708892822265625,50
post_phase12_module1_M1-B,M1-B,R029,سوشل میڈia ki khabron ke baad Imad Wasim ne shadi ke bare mein kya kaha,KI,29033,MIXED,urdu_bm25,32,51072,10.654012680053711,50
post_phase12_module1_M1-B,M1-B,R029,سوشل میڈia ki khabron ke baad Imad Wasim ne shadi ke bare mein kya kaha,KI,29033,MIXED,urdu_bm25,33,68279,10.588027954101562,50
post_phase12_module1_M1-B,M1-B,R029,سوشل میڈia ki khabron ke baad Imad Wasim ne shadi ke bare mein kya kaha,KI,29033,MIXED,urdu_bm25,34,51136,10.566728591918945,50
post_phase12_module1_M1-B,M1-B,R029,سوشل میڈia ki khabron ke baad Imad Wasim ne shadi ke bare mein kya kaha,KI,29033,MIXED,urdu_bm25,35,5865,10.514419555664062,50
post_phase12_module1_M1-B,M1-B,R029,سوشل میڈia ki khabron ke baad Imad Wasim ne shadi ke bare mein kya kaha,KI,29033,MIXED,urdu_bm25,36,41808,10.507165908813477,50
post_phase12_module1_M1-B,M1-B,R029,سوشل میڈia ki khabron ke baad Imad Wasim ne shadi ke bare mein kya kaha,KI,29033,MIXED,urdu_bm25,37,48024,10.467473030090332,50
post_phase12_module1_M1-B,M1-B,R029,سوشل میڈia ki khabron ke baad Imad Wasim ne shadi ke bare mein kya kaha,KI,29033,MIXED,urdu_bm25,38,38946,10.435250282287598,50
post_phase12_module1_M1-B,M1-B,R029,سوشل میڈia ki khabron ke baad Imad Wasim ne shadi ke bare mein kya kaha,KI,29033,MIXED,urdu_bm25,39,104179,10.252795219421387,50
post_phase12_module1_M1-B,M1-B,R029,سوشل میڈia ki khabron ke baad Imad Wasim ne shadi ke bare mein kya kaha,KI,29033,MIXED,urdu_bm25,40,100334,10.225851058959961,50
post_phase12_module1_M1-B,M1-B,R029,سوشل میڈia ki khabron ke baad Imad Wasim ne shadi ke bare mein kya kaha,KI,29033,MIXED,urdu_bm25,41,104155,10.225290298461914,50
post_phase12_module1_M1-B,M1-B,R029,سوشل میڈia ki khabron ke baad Imad Wasim ne shadi ke bare mein kya kaha,KI,29033,MIXED,urdu_bm25,42,18081,10.170720100402832,50
post_phase12_module1_M1-B,M1-B,R029,سوشل میڈia ki khabron ke baad Imad Wasim ne shadi ke bare mein kya kaha,KI,29033,MIXED,urdu_bm25,43,68241,10.089948654174805,50
post_phase12_module1_M1-B,M1-B,R029,سوشل میڈia ki khabron ke baad Imad Wasim ne shadi ke bare mein kya kaha,KI,29033,MIXED,urdu_bm25,44,5749,10.022903442382812,50
post_phase12_module1_M1-B,M1-B,R029,سوشل میڈia ki khabron ke baad Imad Wasim ne shadi ke bare mein kya kaha,KI,29033,MIXED,urdu_bm25,45,110663,9.893523216247559,50
post_phase12_module1_M1-B,M1-B,R029,سوشل میڈia ki khabron ke baad Imad Wasim ne shadi ke bare mein kya kaha,KI,29033,MIXED,urdu_bm25,46,71942,9.791857719421387,50
post_phase12_module1_M1-B,M1-B,R029,سوشل میڈia ki khabron ke baad Imad Wasim ne shadi ke bare mein kya kaha,KI,29033,MIXED,urdu_bm25,47,60417,9.78717041015625,50
post_phase12_module1_M1-B,M1-B,R029,سوشل میڈia ki khabron ke baad Imad Wasim ne shadi ke bare mein kya kaha,KI,29033,MIXED,urdu_bm25,48,6408,9.76353931427002,50
post_phase12_module1_M1-B,M1-B,R029,سوشل میڈia ki khabron ke baad Imad Wasim ne shadi ke bare mein kya kaha,KI,29033,MIXED,urdu_bm25,49,70206,9.741805076599121,50
post_phase12_module1_M1-B,M1-B,R029,سوشل میڈia ki khabron ke baad Imad Wasim ne shadi ke bare mein kya kaha,KI,29033,MIXED,urdu_bm25,50,70319,9.71696949005127,50
post_phase12_module1_M1-B,M1-B,R030,2018 ke pehle ODI mein Pakistan ko New Zealand se kitni runs ki shikast hui,KI,44267,ROMAN,roman_bm25_method_D,1,96843,15.956563949584961,50
post_phase12_module1_M1-B,M1-B,R030,2018 ke pehle ODI mein Pakistan ko New Zealand se kitni runs ki shikast hui,KI,44267,ROMAN,roman_bm25_method_D,2,17464,14.759560585021973,50
post_phase12_module1_M1-B,M1-B,R030,2018 ke pehle ODI mein Pakistan ko New Zealand se kitni runs ki shikast hui,KI,44267,ROMAN,roman_bm25_method_D,3,106740,13.669301986694336,50
post_phase12_module1_M1-B,M1-B,R030,2018 ke pehle ODI mein Pakistan ko New Zealand se kitni runs ki shikast hui,KI,44267,ROMAN,roman_bm25_method_D,4,106600,13.5336275100708,50
post_phase12_module1_M1-B,M1-B,R030,2018 ke pehle ODI mein Pakistan ko New Zealand se kitni runs ki shikast hui,KI,44267,ROMAN,roman_bm25_method_D,5,108737,12.340679168701172,50
post_phase12_module1_M1-B,M1-B,R030,2018 ke pehle ODI mein Pakistan ko New Zealand se kitni runs ki shikast hui,KI,44267,ROMAN,roman_bm25_method_D,6,108739,12.232583999633789,50
post_phase12_module1_M1-B,M1-B,R030,2018 ke pehle ODI mein Pakistan ko New Zealand se kitni runs ki shikast hui,KI,44267,ROMAN,roman_bm25_method_D,7,12940,12.067984580993652,50
post_phase12_module1_M1-B,M1-B,R030,2018 ke pehle ODI mein Pakistan ko New Zealand se kitni runs ki shikast hui,KI,44267,ROMAN,roman_bm25_method_D,8,101529,11.306122779846191,50
post_phase12_module1_M1-B,M1-B,R030,2018 ke pehle ODI mein Pakistan ko New Zealand se kitni runs ki shikast hui,KI,44267,ROMAN,roman_bm25_method_D,9,108740,10.926767349243164,50
post_phase12_module1_M1-B,M1-B,R030,2018 ke pehle ODI mein Pakistan ko New Zealand se kitni runs ki shikast hui,KI,44267,ROMAN,roman_bm25_method_D,10,65188,10.510313034057617,50
post_phase12_module1_M1-B,M1-B,R030,2018 ke pehle ODI mein Pakistan ko New Zealand se kitni runs ki shikast hui,KI,44267,ROMAN,roman_bm25_method_D,11,109829,10.440288543701172,50
post_phase12_module1_M1-B,M1-B,R030,2018 ke pehle ODI mein Pakistan ko New Zealand se kitni runs ki shikast hui,KI,44267,ROMAN,roman_bm25_method_D,12,103327,10.374347686767578,50
post_phase12_module1_M1-B,M1-B,R030,2018 ke pehle ODI mein Pakistan ko New Zealand se kitni runs ki shikast hui,KI,44267,ROMAN,roman_bm25_method_D,13,111507,10.18410873413086,50
post_phase12_module1_M1-B,M1-B,R030,2018 ke pehle ODI mein Pakistan ko New Zealand se kitni runs ki shikast hui,KI,44267,ROMAN,roman_bm25_method_D,14,71257,9.75771713256836,50
post_phase12_module1_M1-B,M1-B,R030,2018 ke pehle ODI mein Pakistan ko New Zealand se kitni runs ki shikast hui,KI,44267,ROMAN,roman_bm25_method_D,15,72379,9.738658905029297,50
post_phase12_module1_M1-B,M1-B,R030,2018 ke pehle ODI mein Pakistan ko New Zealand se kitni runs ki shikast hui,KI,44267,ROMAN,roman_bm25_method_D,16,65487,9.36439037322998,50
post_phase12_module1_M1-B,M1-B,R030,2018 ke pehle ODI mein Pakistan ko New Zealand se kitni runs ki shikast hui,KI,44267,ROMAN,roman_bm25_method_D,17,71184,9.088845252990723,50
post_phase12_module1_M1-B,M1-B,R030,2018 ke pehle ODI mein Pakistan ko New Zealand se kitni runs ki shikast hui,KI,44267,ROMAN,roman_bm25_method_D,18,54078,9.07663345336914,50
post_phase12_module1_M1-B,M1-B,R030,2018 ke pehle ODI mein Pakistan ko New Zealand se kitni runs ki shikast hui,KI,44267,ROMAN,roman_bm25_method_D,19,109960,9.058042526245117,50
post_phase12_module1_M1-B,M1-B,R030,2018 ke pehle ODI mein Pakistan ko New Zealand se kitni runs ki shikast hui,KI,44267,ROMAN,roman_bm25_method_D,20,28534,9.005424499511719,50
post_phase12_module1_M1-B,M1-B,R030,2018 ke pehle ODI mein Pakistan ko New Zealand se kitni runs ki shikast hui,KI,44267,ROMAN,roman_bm25_method_D,21,111607,8.98910140991211,50
post_phase12_module1_M1-B,M1-B,R030,2018 ke pehle ODI mein Pakistan ko New Zealand se kitni runs ki shikast hui,KI,44267,ROMAN,roman_bm25_method_D,22,111493,8.913511276245117,50
post_phase12_module1_M1-B,M1-B,R030,2018 ke pehle ODI mein Pakistan ko New Zealand se kitni runs ki shikast hui,KI,44267,ROMAN,roman_bm25_method_D,23,38694,8.886130332946777,50
post_phase12_module1_M1-B,M1-B,R030,2018 ke pehle ODI mein Pakistan ko New Zealand se kitni runs ki shikast hui,KI,44267,ROMAN,roman_bm25_method_D,24,54062,8.875036239624023,50
post_phase12_module1_M1-B,M1-B,R030,2018 ke pehle ODI mein Pakistan ko New Zealand se kitni runs ki shikast hui,KI,44267,ROMAN,roman_bm25_method_D,25,55180,8.865479469299316,50
post_phase12_module1_M1-B,M1-B,R030,2018 ke pehle ODI mein Pakistan ko New Zealand se kitni runs ki shikast hui,KI,44267,ROMAN,roman_bm25_method_D,26,2270,8.846880912780762,50
post_phase12_module1_M1-B,M1-B,R030,2018 ke pehle ODI mein Pakistan ko New Zealand se kitni runs ki shikast hui,KI,44267,ROMAN,roman_bm25_method_D,27,94706,8.753291130065918,50
post_phase12_module1_M1-B,M1-B,R030,2018 ke pehle ODI mein Pakistan ko New Zealand se kitni runs ki shikast hui,KI,44267,ROMAN,roman_bm25_method_D,28,8980,8.746755599975586,50
post_phase12_module1_M1-B,M1-B,R030,2018 ke pehle ODI mein Pakistan ko New Zealand se kitni runs ki shikast hui,KI,44267,ROMAN,roman_bm25_method_D,29,65380,8.74575138092041,50
post_phase12_module1_M1-B,M1-B,R030,2018 ke pehle ODI mein Pakistan ko New Zealand se kitni runs ki shikast hui,KI,44267,ROMAN,roman_bm25_method_D,30,99390,8.678399085998535,50
post_phase12_module1_M1-B,M1-B,R030,2018 ke pehle ODI mein Pakistan ko New Zealand se kitni runs ki shikast hui,KI,44267,ROMAN,roman_bm25_method_D,31,21059,8.616960525512695,50
post_phase12_module1_M1-B,M1-B,R030,2018 ke pehle ODI mein Pakistan ko New Zealand se kitni runs ki shikast hui,KI,44267,ROMAN,roman_bm25_method_D,32,9286,8.614009857177734,50
post_phase12_module1_M1-B,M1-B,R030,2018 ke pehle ODI mein Pakistan ko New Zealand se kitni runs ki shikast hui,KI,44267,ROMAN,roman_bm25_method_D,33,2401,8.595354080200195,50
post_phase12_module1_M1-B,M1-B,R030,2018 ke pehle ODI mein Pakistan ko New Zealand se kitni runs ki shikast hui,KI,44267,ROMAN,roman_bm25_method_D,34,34290,8.541297912597656,50
post_phase12_module1_M1-B,M1-B,R030,2018 ke pehle ODI mein Pakistan ko New Zealand se kitni runs ki shikast hui,KI,44267,ROMAN,roman_bm25_method_D,35,67676,8.525629043579102,50
post_phase12_module1_M1-B,M1-B,R030,2018 ke pehle ODI mein Pakistan ko New Zealand se kitni runs ki shikast hui,KI,44267,ROMAN,roman_bm25_method_D,36,65448,8.488513946533203,50
post_phase12_module1_M1-B,M1-B,R030,2018 ke pehle ODI mein Pakistan ko New Zealand se kitni runs ki shikast hui,KI,44267,ROMAN,roman_bm25_method_D,37,65337,8.482154846191406,50
post_phase12_module1_M1-B,M1-B,R030,2018 ke pehle ODI mein Pakistan ko New Zealand se kitni runs ki shikast hui,KI,44267,ROMAN,roman_bm25_method_D,38,84722,8.46992015838623,50
post_phase12_module1_M1-B,M1-B,R030,2018 ke pehle ODI mein Pakistan ko New Zealand se kitni runs ki shikast hui,KI,44267,ROMAN,roman_bm25_method_D,39,65266,8.434399604797363,50
post_phase12_module1_M1-B,M1-B,R030,2018 ke pehle ODI mein Pakistan ko New Zealand se kitni runs ki shikast hui,KI,44267,ROMAN,roman_bm25_method_D,40,54594,8.427748680114746,50
post_phase12_module1_M1-B,M1-B,R030,2018 ke pehle ODI mein Pakistan ko New Zealand se kitni runs ki shikast hui,KI,44267,ROMAN,roman_bm25_method_D,41,54678,8.401318550109863,50
post_phase12_module1_M1-B,M1-B,R030,2018 ke pehle ODI mein Pakistan ko New Zealand se kitni runs ki shikast hui,KI,44267,ROMAN,roman_bm25_method_D,42,65858,8.400777816772461,50
post_phase12_module1_M1-B,M1-B,R030,2018 ke pehle ODI mein Pakistan ko New Zealand se kitni runs ki shikast hui,KI,44267,ROMAN,roman_bm25_method_D,43,21702,8.34675407409668,50
post_phase12_module1_M1-B,M1-B,R030,2018 ke pehle ODI mein Pakistan ko New Zealand se kitni runs ki shikast hui,KI,44267,ROMAN,roman_bm25_method_D,44,66924,8.341642379760742,50
post_phase12_module1_M1-B,M1-B,R030,2018 ke pehle ODI mein Pakistan ko New Zealand se kitni runs ki shikast hui,KI,44267,ROMAN,roman_bm25_method_D,45,43127,8.321630477905273,50
post_phase12_module1_M1-B,M1-B,R030,2018 ke pehle ODI mein Pakistan ko New Zealand se kitni runs ki shikast hui,KI,44267,ROMAN,roman_bm25_method_D,46,70900,8.317376136779785,50
post_phase12_module1_M1-B,M1-B,R030,2018 ke pehle ODI mein Pakistan ko New Zealand se kitni runs ki shikast hui,KI,44267,ROMAN,roman_bm25_method_D,47,65331,8.316141128540039,50
post_phase12_module1_M1-B,M1-B,R030,2018 ke pehle ODI mein Pakistan ko New Zealand se kitni runs ki shikast hui,KI,44267,ROMAN,roman_bm25_method_D,48,8537,8.310511589050293,50
post_phase12_module1_M1-B,M1-B,R030,2018 ke pehle ODI mein Pakistan ko New Zealand se kitni runs ki shikast hui,KI,44267,ROMAN,roman_bm25_method_D,49,110331,8.30553150177002,50
post_phase12_module1_M1-B,M1-B,R030,2018 ke pehle ODI mein Pakistan ko New Zealand se kitni runs ki shikast hui,KI,44267,ROMAN,roman_bm25_method_D,50,54822,8.302902221679688,50
post_phase12_module1_M1-B,M1-B,R031,open market mein dollar ki qeemat 20 paisay kam hokar kitni reh gayi,KI,75827,ROMAN,roman_bm25_method_D,1,109202,18.265296936035156,50
post_phase12_module1_M1-B,M1-B,R031,open market mein dollar ki qeemat 20 paisay kam hokar kitni reh gayi,KI,75827,ROMAN,roman_bm25_method_D,2,73486,17.69217872619629,50
post_phase12_module1_M1-B,M1-B,R031,open market mein dollar ki qeemat 20 paisay kam hokar kitni reh gayi,KI,75827,ROMAN,roman_bm25_method_D,3,73481,17.46031951904297,50
post_phase12_module1_M1-B,M1-B,R031,open market mein dollar ki qeemat 20 paisay kam hokar kitni reh gayi,KI,75827,ROMAN,roman_bm25_method_D,4,72358,17.452880859375,50
post_phase12_module1_M1-B,M1-B,R031,open market mein dollar ki qeemat 20 paisay kam hokar kitni reh gayi,KI,75827,ROMAN,roman_bm25_method_D,5,38964,17.401622772216797,50
post_phase12_module1_M1-B,M1-B,R031,open market mein dollar ki qeemat 20 paisay kam hokar kitni reh gayi,KI,75827,ROMAN,roman_bm25_method_D,6,72844,17.190824508666992,50
post_phase12_module1_M1-B,M1-B,R031,open market mein dollar ki qeemat 20 paisay kam hokar kitni reh gayi,KI,75827,ROMAN,roman_bm25_method_D,7,72724,17.15239906311035,50
post_phase12_module1_M1-B,M1-B,R031,open market mein dollar ki qeemat 20 paisay kam hokar kitni reh gayi,KI,75827,ROMAN,roman_bm25_method_D,8,76881,17.10004234313965,50
post_phase12_module1_M1-B,M1-B,R031,open market mein dollar ki qeemat 20 paisay kam hokar kitni reh gayi,KI,75827,ROMAN,roman_bm25_method_D,9,76567,17.063047409057617,50
post_phase12_module1_M1-B,M1-B,R031,open market mein dollar ki qeemat 20 paisay kam hokar kitni reh gayi,KI,75827,ROMAN,roman_bm25_method_D,10,63070,16.907943725585938,50
post_phase12_module1_M1-B,M1-B,R031,open market mein dollar ki qeemat 20 paisay kam hokar kitni reh gayi,KI,75827,ROMAN,roman_bm25_method_D,11,64328,16.85077667236328,50
post_phase12_module1_M1-B,M1-B,R031,open market mein dollar ki qeemat 20 paisay kam hokar kitni reh gayi,KI,75827,ROMAN,roman_bm25_method_D,12,65738,16.7481632232666,50
post_phase12_module1_M1-B,M1-B,R031,open market mein dollar ki qeemat 20 paisay kam hokar kitni reh gayi,KI,75827,ROMAN,roman_bm25_method_D,13,1387,16.73196029663086,50
post_phase12_module1_M1-B,M1-B,R031,open market mein dollar ki qeemat 20 paisay kam hokar kitni reh gayi,KI,75827,ROMAN,roman_bm25_method_D,14,71884,16.728351593017578,50
post_phase12_module1_M1-B,M1-B,R031,open market mein dollar ki qeemat 20 paisay kam hokar kitni reh gayi,KI,75827,ROMAN,roman_bm25_method_D,15,63285,16.70952033996582,50
post_phase12_module1_M1-B,M1-B,R031,open market mein dollar ki qeemat 20 paisay kam hokar kitni reh gayi,KI,75827,ROMAN,roman_bm25_method_D,16,63271,16.689624786376953,50
post_phase12_module1_M1-B,M1-B,R031,open market mein dollar ki qeemat 20 paisay kam hokar kitni reh gayi,KI,75827,ROMAN,roman_bm25_method_D,17,70681,16.663511276245117,50
post_phase12_module1_M1-B,M1-B,R031,open market mein dollar ki qeemat 20 paisay kam hokar kitni reh gayi,KI,75827,ROMAN,roman_bm25_method_D,18,63336,16.445537567138672,50
post_phase12_module1_M1-B,M1-B,R031,open market mein dollar ki qeemat 20 paisay kam hokar kitni reh gayi,KI,75827,ROMAN,roman_bm25_method_D,19,63474,16.413991928100586,50
post_phase12_module1_M1-B,M1-B,R031,open market mein dollar ki qeemat 20 paisay kam hokar kitni reh gayi,KI,75827,ROMAN,roman_bm25_method_D,20,63603,16.40814971923828,50
post_phase12_module1_M1-B,M1-B,R031,open market mein dollar ki qeemat 20 paisay kam hokar kitni reh gayi,KI,75827,ROMAN,roman_bm25_method_D,21,109026,16.407207489013672,50
post_phase12_module1_M1-B,M1-B,R031,open market mein dollar ki qeemat 20 paisay kam hokar kitni reh gayi,KI,75827,ROMAN,roman_bm25_method_D,22,61454,16.372005462646484,50
post_phase12_module1_M1-B,M1-B,R031,open market mein dollar ki qeemat 20 paisay kam hokar kitni reh gayi,KI,75827,ROMAN,roman_bm25_method_D,23,73474,16.36697769165039,50
post_phase12_module1_M1-B,M1-B,R031,open market mein dollar ki qeemat 20 paisay kam hokar kitni reh gayi,KI,75827,ROMAN,roman_bm25_method_D,24,70008,16.358707427978516,50
post_phase12_module1_M1-B,M1-B,R031,open market mein dollar ki qeemat 20 paisay kam hokar kitni reh gayi,KI,75827,ROMAN,roman_bm25_method_D,25,75961,16.352853775024414,50
post_phase12_module1_M1-B,M1-B,R031,open market mein dollar ki qeemat 20 paisay kam hokar kitni reh gayi,KI,75827,ROMAN,roman_bm25_method_D,26,63508,16.34409523010254,50
post_phase12_module1_M1-B,M1-B,R031,open market mein dollar ki qeemat 20 paisay kam hokar kitni reh gayi,KI,75827,ROMAN,roman_bm25_method_D,27,63410,16.32840347290039,50
post_phase12_module1_M1-B,M1-B,R031,open market mein dollar ki qeemat 20 paisay kam hokar kitni reh gayi,KI,75827,ROMAN,roman_bm25_method_D,28,109589,16.318256378173828,50
post_phase12_module1_M1-B,M1-B,R031,open market mein dollar ki qeemat 20 paisay kam hokar kitni reh gayi,KI,75827,ROMAN,roman_bm25_method_D,29,111416,16.318031311035156,50
post_phase12_module1_M1-B,M1-B,R031,open market mein dollar ki qeemat 20 paisay kam hokar kitni reh gayi,KI,75827,ROMAN,roman_bm25_method_D,30,70239,16.26138687133789,50
post_phase12_module1_M1-B,M1-B,R031,open market mein dollar ki qeemat 20 paisay kam hokar kitni reh gayi,KI,75827,ROMAN,roman_bm25_method_D,31,63252,16.260976791381836,50
post_phase12_module1_M1-B,M1-B,R031,open market mein dollar ki qeemat 20 paisay kam hokar kitni reh gayi,KI,75827,ROMAN,roman_bm25_method_D,32,76398,16.249801635742188,50
post_phase12_module1_M1-B,M1-B,R031,open market mein dollar ki qeemat 20 paisay kam hokar kitni reh gayi,KI,75827,ROMAN,roman_bm25_method_D,33,1394,16.188743591308594,50
post_phase12_module1_M1-B,M1-B,R031,open market mein dollar ki qeemat 20 paisay kam hokar kitni reh gayi,KI,75827,ROMAN,roman_bm25_method_D,34,63321,16.158954620361328,50
post_phase12_module1_M1-B,M1-B,R031,open market mein dollar ki qeemat 20 paisay kam hokar kitni reh gayi,KI,75827,ROMAN,roman_bm25_method_D,35,72694,16.091615676879883,50
post_phase12_module1_M1-B,M1-B,R031,open market mein dollar ki qeemat 20 paisay kam hokar kitni reh gayi,KI,75827,ROMAN,roman_bm25_method_D,36,73468,16.057191848754883,50
post_phase12_module1_M1-B,M1-B,R031,open market mein dollar ki qeemat 20 paisay kam hokar kitni reh gayi,KI,75827,ROMAN,roman_bm25_method_D,37,70027,15.980584144592285,50
post_phase12_module1_M1-B,M1-B,R031,open market mein dollar ki qeemat 20 paisay kam hokar kitni reh gayi,KI,75827,ROMAN,roman_bm25_method_D,38,63945,15.93416976928711,50
post_phase12_module1_M1-B,M1-B,R031,open market mein dollar ki qeemat 20 paisay kam hokar kitni reh gayi,KI,75827,ROMAN,roman_bm25_method_D,39,63522,15.930046081542969,50
post_phase12_module1_M1-B,M1-B,R031,open market mein dollar ki qeemat 20 paisay kam hokar kitni reh gayi,KI,75827,ROMAN,roman_bm25_method_D,40,70172,15.901739120483398,50
post_phase12_module1_M1-B,M1-B,R031,open market mein dollar ki qeemat 20 paisay kam hokar kitni reh gayi,KI,75827,ROMAN,roman_bm25_method_D,41,38700,15.899157524108887,50
post_phase12_module1_M1-B,M1-B,R031,open market mein dollar ki qeemat 20 paisay kam hokar kitni reh gayi,KI,75827,ROMAN,roman_bm25_method_D,42,63622,15.882787704467773,50
post_phase12_module1_M1-B,M1-B,R031,open market mein dollar ki qeemat 20 paisay kam hokar kitni reh gayi,KI,75827,ROMAN,roman_bm25_method_D,43,63827,15.799610137939453,50
post_phase12_module1_M1-B,M1-B,R031,open market mein dollar ki qeemat 20 paisay kam hokar kitni reh gayi,KI,75827,ROMAN,roman_bm25_method_D,44,63624,15.79537582397461,50
post_phase12_module1_M1-B,M1-B,R031,open market mein dollar ki qeemat 20 paisay kam hokar kitni reh gayi,KI,75827,ROMAN,roman_bm25_method_D,45,64962,15.753667831420898,50
post_phase12_module1_M1-B,M1-B,R031,open market mein dollar ki qeemat 20 paisay kam hokar kitni reh gayi,KI,75827,ROMAN,roman_bm25_method_D,46,63310,15.747325897216797,50
post_phase12_module1_M1-B,M1-B,R031,open market mein dollar ki qeemat 20 paisay kam hokar kitni reh gayi,KI,75827,ROMAN,roman_bm25_method_D,47,96843,15.710836410522461,50
post_phase12_module1_M1-B,M1-B,R031,open market mein dollar ki qeemat 20 paisay kam hokar kitni reh gayi,KI,75827,ROMAN,roman_bm25_method_D,48,63926,15.682628631591797,50
post_phase12_module1_M1-B,M1-B,R031,open market mein dollar ki qeemat 20 paisay kam hokar kitni reh gayi,KI,75827,ROMAN,roman_bm25_method_D,49,109426,15.668033599853516,50
post_phase12_module1_M1-B,M1-B,R031,open market mein dollar ki qeemat 20 paisay kam hokar kitni reh gayi,KI,75827,ROMAN,roman_bm25_method_D,50,70256,15.642986297607422,50
post_phase12_module1_M1-B,M1-B,R032,ارطغرل ڈرامے ki Halima Sultan Pakistan aane ki khwahish kyun zahir ki,KI,97791,MIXED,urdu_bm25,1,4798,22.929126739501953,50
post_phase12_module1_M1-B,M1-B,R032,ارطغرل ڈرامے ki Halima Sultan Pakistan aane ki khwahish kyun zahir ki,KI,97791,MIXED,urdu_bm25,2,4800,22.70908546447754,50
post_phase12_module1_M1-B,M1-B,R032,ارطغرل ڈرامے ki Halima Sultan Pakistan aane ki khwahish kyun zahir ki,KI,97791,MIXED,urdu_bm25,3,4674,22.587059020996094,50
post_phase12_module1_M1-B,M1-B,R032,ارطغرل ڈرامے ki Halima Sultan Pakistan aane ki khwahish kyun zahir ki,KI,97791,MIXED,urdu_bm25,4,4794,22.465038299560547,50
post_phase12_module1_M1-B,M1-B,R032,ارطغرل ڈرامے ki Halima Sultan Pakistan aane ki khwahish kyun zahir ki,KI,97791,MIXED,urdu_bm25,5,4923,22.43526840209961,50
post_phase12_module1_M1-B,M1-B,R032,ارطغرل ڈرامے ki Halima Sultan Pakistan aane ki khwahish kyun zahir ki,KI,97791,MIXED,urdu_bm25,6,4803,22.293804168701172,50
post_phase12_module1_M1-B,M1-B,R032,ارطغرل ڈرامے ki Halima Sultan Pakistan aane ki khwahish kyun zahir ki,KI,97791,MIXED,urdu_bm25,7,5611,22.260475158691406,50
post_phase12_module1_M1-B,M1-B,R032,ارطغرل ڈرامے ki Halima Sultan Pakistan aane ki khwahish kyun zahir ki,KI,97791,MIXED,urdu_bm25,8,4773,22.234081268310547,50
post_phase12_module1_M1-B,M1-B,R032,ارطغرل ڈرامے ki Halima Sultan Pakistan aane ki khwahish kyun zahir ki,KI,97791,MIXED,urdu_bm25,9,4824,22.19693374633789,50
post_phase12_module1_M1-B,M1-B,R032,ارطغرل ڈرامے ki Halima Sultan Pakistan aane ki khwahish kyun zahir ki,KI,97791,MIXED,urdu_bm25,10,4948,22.164257049560547,50
post_phase12_module1_M1-B,M1-B,R032,ارطغرل ڈرامے ki Halima Sultan Pakistan aane ki khwahish kyun zahir ki,KI,97791,MIXED,urdu_bm25,11,3651,22.14063262939453,50
post_phase12_module1_M1-B,M1-B,R032,ارطغرل ڈرامے ki Halima Sultan Pakistan aane ki khwahish kyun zahir ki,KI,97791,MIXED,urdu_bm25,12,4717,22.134315490722656,50
post_phase12_module1_M1-B,M1-B,R032,ارطغرل ڈرامے ki Halima Sultan Pakistan aane ki khwahish kyun zahir ki,KI,97791,MIXED,urdu_bm25,13,4692,22.134136199951172,50
post_phase12_module1_M1-B,M1-B,R032,ارطغرل ڈرامے ki Halima Sultan Pakistan aane ki khwahish kyun zahir ki,KI,97791,MIXED,urdu_bm25,14,4025,22.074203491210938,50
post_phase12_module1_M1-B,M1-B,R032,ارطغرل ڈرامے ki Halima Sultan Pakistan aane ki khwahish kyun zahir ki,KI,97791,MIXED,urdu_bm25,15,4639,21.930953979492188,50
post_phase12_module1_M1-B,M1-B,R032,ارطغرل ڈرامے ki Halima Sultan Pakistan aane ki khwahish kyun zahir ki,KI,97791,MIXED,urdu_bm25,16,4744,21.888229370117188,50
post_phase12_module1_M1-B,M1-B,R032,ارطغرل ڈرامے ki Halima Sultan Pakistan aane ki khwahish kyun zahir ki,KI,97791,MIXED,urdu_bm25,17,5651,21.876110076904297,50
post_phase12_module1_M1-B,M1-B,R032,ارطغرل ڈرامے ki Halima Sultan Pakistan aane ki khwahish kyun zahir ki,KI,97791,MIXED,urdu_bm25,18,97731,21.87109375,50
post_phase12_module1_M1-B,M1-B,R032,ارطغرل ڈرامے ki Halima Sultan Pakistan aane ki khwahish kyun zahir ki,KI,97791,MIXED,urdu_bm25,19,4811,21.790685653686523,50
post_phase12_module1_M1-B,M1-B,R032,ارطغرل ڈرامے ki Halima Sultan Pakistan aane ki khwahish kyun zahir ki,KI,97791,MIXED,urdu_bm25,20,4715,21.785964965820312,50
post_phase12_module1_M1-B,M1-B,R032,ارطغرل ڈرامے ki Halima Sultan Pakistan aane ki khwahish kyun zahir ki,KI,97791,MIXED,urdu_bm25,21,4784,21.772802352905273,50
post_phase12_module1_M1-B,M1-B,R032,ارطغرل ڈرامے ki Halima Sultan Pakistan aane ki khwahish kyun zahir ki,KI,97791,MIXED,urdu_bm25,22,4804,21.769073486328125,50
post_phase12_module1_M1-B,M1-B,R032,ارطغرل ڈرامے ki Halima Sultan Pakistan aane ki khwahish kyun zahir ki,KI,97791,MIXED,urdu_bm25,23,4466,21.73781967163086,50
post_phase12_module1_M1-B,M1-B,R032,ارطغرل ڈرامے ki Halima Sultan Pakistan aane ki khwahish kyun zahir ki,KI,97791,MIXED,urdu_bm25,24,4772,21.724403381347656,50
post_phase12_module1_M1-B,M1-B,R032,ارطغرل ڈرامے ki Halima Sultan Pakistan aane ki khwahish kyun zahir ki,KI,97791,MIXED,urdu_bm25,25,4763,21.699214935302734,50
post_phase12_module1_M1-B,M1-B,R032,ارطغرل ڈرامے ki Halima Sultan Pakistan aane ki khwahish kyun zahir ki,KI,97791,MIXED,urdu_bm25,26,4700,21.610071182250977,50
post_phase12_module1_M1-B,M1-B,R032,ارطغرل ڈرامے ki Halima Sultan Pakistan aane ki khwahish kyun zahir ki,KI,97791,MIXED,urdu_bm25,27,4818,21.59547996520996,50
post_phase12_module1_M1-B,M1-B,R032,ارطغرل ڈرامے ki Halima Sultan Pakistan aane ki khwahish kyun zahir ki,KI,97791,MIXED,urdu_bm25,28,4885,21.59328269958496,50
post_phase12_module1_M1-B,M1-B,R032,ارطغرل ڈرامے ki Halima Sultan Pakistan aane ki khwahish kyun zahir ki,KI,97791,MIXED,urdu_bm25,29,4831,21.58579444885254,50
post_phase12_module1_M1-B,M1-B,R032,ارطغرل ڈرامے ki Halima Sultan Pakistan aane ki khwahish kyun zahir ki,KI,97791,MIXED,urdu_bm25,30,4052,21.56177520751953,50
post_phase12_module1_M1-B,M1-B,R032,ارطغرل ڈرامے ki Halima Sultan Pakistan aane ki khwahish kyun zahir ki,KI,97791,MIXED,urdu_bm25,31,97843,21.539819717407227,50
post_phase12_module1_M1-B,M1-B,R032,ارطغرل ڈرامے ki Halima Sultan Pakistan aane ki khwahish kyun zahir ki,KI,97791,MIXED,urdu_bm25,32,4828,21.514705657958984,50
post_phase12_module1_M1-B,M1-B,R032,ارطغرل ڈرامے ki Halima Sultan Pakistan aane ki khwahish kyun zahir ki,KI,97791,MIXED,urdu_bm25,33,5493,21.485450744628906,50
post_phase12_module1_M1-B,M1-B,R032,ارطغرل ڈرامے ki Halima Sultan Pakistan aane ki khwahish kyun zahir ki,KI,97791,MIXED,urdu_bm25,34,4782,21.40242576599121,50
post_phase12_module1_M1-B,M1-B,R032,ارطغرل ڈرامے ki Halima Sultan Pakistan aane ki khwahish kyun zahir ki,KI,97791,MIXED,urdu_bm25,35,4840,21.25994110107422,50
post_phase12_module1_M1-B,M1-B,R032,ارطغرل ڈرامے ki Halima Sultan Pakistan aane ki khwahish kyun zahir ki,KI,97791,MIXED,urdu_bm25,36,4856,21.191482543945312,50
post_phase12_module1_M1-B,M1-B,R032,ارطغرل ڈرامے ki Halima Sultan Pakistan aane ki khwahish kyun zahir ki,KI,97791,MIXED,urdu_bm25,37,4847,21.16053009033203,50
post_phase12_module1_M1-B,M1-B,R032,ارطغرل ڈرامے ki Halima Sultan Pakistan aane ki khwahish kyun zahir ki,KI,97791,MIXED,urdu_bm25,38,4797,21.155715942382812,50
post_phase12_module1_M1-B,M1-B,R032,ارطغرل ڈرامے ki Halima Sultan Pakistan aane ki khwahish kyun zahir ki,KI,97791,MIXED,urdu_bm25,39,4734,21.134214401245117,50
post_phase12_module1_M1-B,M1-B,R032,ارطغرل ڈرامے ki Halima Sultan Pakistan aane ki khwahish kyun zahir ki,KI,97791,MIXED,urdu_bm25,40,4825,20.985994338989258,50
post_phase12_module1_M1-B,M1-B,R032,ارطغرل ڈرامے ki Halima Sultan Pakistan aane ki khwahish kyun zahir ki,KI,97791,MIXED,urdu_bm25,41,4222,20.961448669433594,50
post_phase12_module1_M1-B,M1-B,R032,ارطغرل ڈرامے ki Halima Sultan Pakistan aane ki khwahish kyun zahir ki,KI,97791,MIXED,urdu_bm25,42,4089,20.944440841674805,50
post_phase12_module1_M1-B,M1-B,R032,ارطغرل ڈرامے ki Halima Sultan Pakistan aane ki khwahish kyun zahir ki,KI,97791,MIXED,urdu_bm25,43,4809,20.912761688232422,50
post_phase12_module1_M1-B,M1-B,R032,ارطغرل ڈرامے ki Halima Sultan Pakistan aane ki khwahish kyun zahir ki,KI,97791,MIXED,urdu_bm25,44,4368,20.910633087158203,50
post_phase12_module1_M1-B,M1-B,R032,ارطغرل ڈرامے ki Halima Sultan Pakistan aane ki khwahish kyun zahir ki,KI,97791,MIXED,urdu_bm25,45,4795,20.821041107177734,50
post_phase12_module1_M1-B,M1-B,R032,ارطغرل ڈرامے ki Halima Sultan Pakistan aane ki khwahish kyun zahir ki,KI,97791,MIXED,urdu_bm25,46,4869,20.81707191467285,50
post_phase12_module1_M1-B,M1-B,R032,ارطغرل ڈرامے ki Halima Sultan Pakistan aane ki khwahish kyun zahir ki,KI,97791,MIXED,urdu_bm25,47,4342,20.803659439086914,50
post_phase12_module1_M1-B,M1-B,R032,ارطغرل ڈرامے ki Halima Sultan Pakistan aane ki khwahish kyun zahir ki,KI,97791,MIXED,urdu_bm25,48,3904,20.799955368041992,50
post_phase12_module1_M1-B,M1-B,R032,ارطغرل ڈرامے ki Halima Sultan Pakistan aane ki khwahish kyun zahir ki,KI,97791,MIXED,urdu_bm25,49,3956,20.770645141601562,50
post_phase12_module1_M1-B,M1-B,R032,ارطغرل ڈرامے ki Halima Sultan Pakistan aane ki khwahish kyun zahir ki,KI,97791,MIXED,urdu_bm25,50,4253,20.758708953857422,50
post_phase12_module1_M1-B,M1-B,R033,ٹرمپ ke pehle tees dinon mein Dow Jones ka century record kyun toota,KI,39798,MIXED,urdu_bm25,1,68658,11.282148361206055,50
post_phase12_module1_M1-B,M1-B,R033,ٹرمپ ke pehle tees dinon mein Dow Jones ka century record kyun toota,KI,39798,MIXED,urdu_bm25,2,102657,11.246057510375977,50
post_phase12_module1_M1-B,M1-B,R033,ٹرمپ ke pehle tees dinon mein Dow Jones ka century record kyun toota,KI,39798,MIXED,urdu_bm25,3,49387,11.219039916992188,50
post_phase12_module1_M1-B,M1-B,R033,ٹرمپ ke pehle tees dinon mein Dow Jones ka century record kyun toota,KI,39798,MIXED,urdu_bm25,4,5247,11.211694717407227,50
post_phase12_module1_M1-B,M1-B,R033,ٹرمپ ke pehle tees dinon mein Dow Jones ka century record kyun toota,KI,39798,MIXED,urdu_bm25,5,10342,11.210246086120605,50
post_phase12_module1_M1-B,M1-B,R033,ٹرمپ ke pehle tees dinon mein Dow Jones ka century record kyun toota,KI,39798,MIXED,urdu_bm25,6,3777,11.1912260055542,50
post_phase12_module1_M1-B,M1-B,R033,ٹرمپ ke pehle tees dinon mein Dow Jones ka century record kyun toota,KI,39798,MIXED,urdu_bm25,7,60710,11.16141414642334,50
post_phase12_module1_M1-B,M1-B,R033,ٹرمپ ke pehle tees dinon mein Dow Jones ka century record kyun toota,KI,39798,MIXED,urdu_bm25,8,50405,11.12221622467041,50
post_phase12_module1_M1-B,M1-B,R033,ٹرمپ ke pehle tees dinon mein Dow Jones ka century record kyun toota,KI,39798,MIXED,urdu_bm25,9,11895,11.116342544555664,50
post_phase12_module1_M1-B,M1-B,R033,ٹرمپ ke pehle tees dinon mein Dow Jones ka century record kyun toota,KI,39798,MIXED,urdu_bm25,10,101812,11.1154203414917,50
post_phase12_module1_M1-B,M1-B,R033,ٹرمپ ke pehle tees dinon mein Dow Jones ka century record kyun toota,KI,39798,MIXED,urdu_bm25,11,8519,11.114086151123047,50
post_phase12_module1_M1-B,M1-B,R033,ٹرمپ ke pehle tees dinon mein Dow Jones ka century record kyun toota,KI,39798,MIXED,urdu_bm25,12,6676,11.100762367248535,50
post_phase12_module1_M1-B,M1-B,R033,ٹرمپ ke pehle tees dinon mein Dow Jones ka century record kyun toota,KI,39798,MIXED,urdu_bm25,13,10187,11.090659141540527,50
post_phase12_module1_M1-B,M1-B,R033,ٹرمپ ke pehle tees dinon mein Dow Jones ka century record kyun toota,KI,39798,MIXED,urdu_bm25,14,11826,11.081230163574219,50
post_phase12_module1_M1-B,M1-B,R033,ٹرمپ ke pehle tees dinon mein Dow Jones ka century record kyun toota,KI,39798,MIXED,urdu_bm25,15,101582,11.073634147644043,50
post_phase12_module1_M1-B,M1-B,R033,ٹرمپ ke pehle tees dinon mein Dow Jones ka century record kyun toota,KI,39798,MIXED,urdu_bm25,16,7133,11.06605052947998,50
post_phase12_module1_M1-B,M1-B,R033,ٹرمپ ke pehle tees dinon mein Dow Jones ka century record kyun toota,KI,39798,MIXED,urdu_bm25,17,5196,11.062700271606445,50
post_phase12_module1_M1-B,M1-B,R033,ٹرمپ ke pehle tees dinon mein Dow Jones ka century record kyun toota,KI,39798,MIXED,urdu_bm25,18,11393,11.056059837341309,50
post_phase12_module1_M1-B,M1-B,R033,ٹرمپ ke pehle tees dinon mein Dow Jones ka century record kyun toota,KI,39798,MIXED,urdu_bm25,19,7648,11.016644477844238,50
post_phase12_module1_M1-B,M1-B,R033,ٹرمپ ke pehle tees dinon mein Dow Jones ka century record kyun toota,KI,39798,MIXED,urdu_bm25,20,12249,11.00439739227295,50
post_phase12_module1_M1-B,M1-B,R033,ٹرمپ ke pehle tees dinon mein Dow Jones ka century record kyun toota,KI,39798,MIXED,urdu_bm25,21,7375,10.984698295593262,50
post_phase12_module1_M1-B,M1-B,R033,ٹرمپ ke pehle tees dinon mein Dow Jones ka century record kyun toota,KI,39798,MIXED,urdu_bm25,22,9821,10.975131034851074,50
post_phase12_module1_M1-B,M1-B,R033,ٹرمپ ke pehle tees dinon mein Dow Jones ka century record kyun toota,KI,39798,MIXED,urdu_bm25,23,10094,10.960688591003418,50
post_phase12_module1_M1-B,M1-B,R033,ٹرمپ ke pehle tees dinon mein Dow Jones ka century record kyun toota,KI,39798,MIXED,urdu_bm25,24,101591,10.957298278808594,50
post_phase12_module1_M1-B,M1-B,R033,ٹرمپ ke pehle tees dinon mein Dow Jones ka century record kyun toota,KI,39798,MIXED,urdu_bm25,25,4021,10.951133728027344,50
post_phase12_module1_M1-B,M1-B,R033,ٹرمپ ke pehle tees dinon mein Dow Jones ka century record kyun toota,KI,39798,MIXED,urdu_bm25,26,11860,10.943281173706055,50
post_phase12_module1_M1-B,M1-B,R033,ٹرمپ ke pehle tees dinon mein Dow Jones ka century record kyun toota,KI,39798,MIXED,urdu_bm25,27,3789,10.916658401489258,50
post_phase12_module1_M1-B,M1-B,R033,ٹرمپ ke pehle tees dinon mein Dow Jones ka century record kyun toota,KI,39798,MIXED,urdu_bm25,28,39858,10.901032447814941,50
post_phase12_module1_M1-B,M1-B,R033,ٹرمپ ke pehle tees dinon mein Dow Jones ka century record kyun toota,KI,39798,MIXED,urdu_bm25,29,50913,10.899039268493652,50
post_phase12_module1_M1-B,M1-B,R033,ٹرمپ ke pehle tees dinon mein Dow Jones ka century record kyun toota,KI,39798,MIXED,urdu_bm25,30,21938,10.88193416595459,50
post_phase12_module1_M1-B,M1-B,R033,ٹرمپ ke pehle tees dinon mein Dow Jones ka century record kyun toota,KI,39798,MIXED,urdu_bm25,31,17898,10.851799964904785,50
post_phase12_module1_M1-B,M1-B,R033,ٹرمپ ke pehle tees dinon mein Dow Jones ka century record kyun toota,KI,39798,MIXED,urdu_bm25,32,22477,10.847341537475586,50
post_phase12_module1_M1-B,M1-B,R033,ٹرمپ ke pehle tees dinon mein Dow Jones ka century record kyun toota,KI,39798,MIXED,urdu_bm25,33,50340,10.84177303314209,50
post_phase12_module1_M1-B,M1-B,R033,ٹرمپ ke pehle tees dinon mein Dow Jones ka century record kyun toota,KI,39798,MIXED,urdu_bm25,34,101569,10.833402633666992,50
post_phase12_module1_M1-B,M1-B,R033,ٹرمپ ke pehle tees dinon mein Dow Jones ka century record kyun toota,KI,39798,MIXED,urdu_bm25,35,40543,10.827703475952148,50
post_phase12_module1_M1-B,M1-B,R033,ٹرمپ ke pehle tees dinon mein Dow Jones ka century record kyun toota,KI,39798,MIXED,urdu_bm25,36,17927,10.824249267578125,50
post_phase12_module1_M1-B,M1-B,R033,ٹرمپ ke pehle tees dinon mein Dow Jones ka century record kyun toota,KI,39798,MIXED,urdu_bm25,37,20038,10.796528816223145,50
post_phase12_module1_M1-B,M1-B,R033,ٹرمپ ke pehle tees dinon mein Dow Jones ka century record kyun toota,KI,39798,MIXED,urdu_bm25,38,19547,10.784549713134766,50
post_phase12_module1_M1-B,M1-B,R033,ٹرمپ ke pehle tees dinon mein Dow Jones ka century record kyun toota,KI,39798,MIXED,urdu_bm25,39,79473,10.775711059570312,50
post_phase12_module1_M1-B,M1-B,R033,ٹرمپ ke pehle tees dinon mein Dow Jones ka century record kyun toota,KI,39798,MIXED,urdu_bm25,40,12475,10.748663902282715,50
post_phase12_module1_M1-B,M1-B,R033,ٹرمپ ke pehle tees dinon mein Dow Jones ka century record kyun toota,KI,39798,MIXED,urdu_bm25,41,21267,10.723170280456543,50
post_phase12_module1_M1-B,M1-B,R033,ٹرمپ ke pehle tees dinon mein Dow Jones ka century record kyun toota,KI,39798,MIXED,urdu_bm25,42,20690,10.707408905029297,50
post_phase12_module1_M1-B,M1-B,R033,ٹرمپ ke pehle tees dinon mein Dow Jones ka century record kyun toota,KI,39798,MIXED,urdu_bm25,43,11891,10.703255653381348,50
post_phase12_module1_M1-B,M1-B,R033,ٹرمپ ke pehle tees dinon mein Dow Jones ka century record kyun toota,KI,39798,MIXED,urdu_bm25,44,6645,10.703173637390137,50
post_phase12_module1_M1-B,M1-B,R033,ٹرمپ ke pehle tees dinon mein Dow Jones ka century record kyun toota,KI,39798,MIXED,urdu_bm25,45,72879,10.693747520446777,50
post_phase12_module1_M1-B,M1-B,R033,ٹرمپ ke pehle tees dinon mein Dow Jones ka century record kyun toota,KI,39798,MIXED,urdu_bm25,46,4235,10.683940887451172,50
post_phase12_module1_M1-B,M1-B,R033,ٹرمپ ke pehle tees dinon mein Dow Jones ka century record kyun toota,KI,39798,MIXED,urdu_bm25,47,79761,10.666768074035645,50
post_phase12_module1_M1-B,M1-B,R033,ٹرمپ ke pehle tees dinon mein Dow Jones ka century record kyun toota,KI,39798,MIXED,urdu_bm25,48,31938,10.648563385009766,50
post_phase12_module1_M1-B,M1-B,R033,ٹرمپ ke pehle tees dinon mein Dow Jones ka century record kyun toota,KI,39798,MIXED,urdu_bm25,49,50163,10.634501457214355,50
post_phase12_module1_M1-B,M1-B,R033,ٹرمپ ke pehle tees dinon mein Dow Jones ka century record kyun toota,KI,39798,MIXED,urdu_bm25,50,68678,10.634379386901855,50
post_phase12_module1_M1-B,M1-B,R034,شعیب ملک Champions Trophy mein kitni martaba shamil ho chuke hain,KI,56105,MIXED,urdu_bm25,1,42626,11.968094825744629,50
post_phase12_module1_M1-B,M1-B,R034,شعیب ملک Champions Trophy mein kitni martaba shamil ho chuke hain,KI,56105,MIXED,urdu_bm25,2,84810,11.881839752197266,50
post_phase12_module1_M1-B,M1-B,R034,شعیب ملک Champions Trophy mein kitni martaba shamil ho chuke hain,KI,56105,MIXED,urdu_bm25,3,45006,11.744817733764648,50
post_phase12_module1_M1-B,M1-B,R034,شعیب ملک Champions Trophy mein kitni martaba shamil ho chuke hain,KI,56105,MIXED,urdu_bm25,4,46995,11.663439750671387,50
post_phase12_module1_M1-B,M1-B,R034,شعیب ملک Champions Trophy mein kitni martaba shamil ho chuke hain,KI,56105,MIXED,urdu_bm25,5,90113,11.64984130859375,50
post_phase12_module1_M1-B,M1-B,R034,شعیب ملک Champions Trophy mein kitni martaba shamil ho chuke hain,KI,56105,MIXED,urdu_bm25,6,52089,11.642936706542969,50
post_phase12_module1_M1-B,M1-B,R034,شعیب ملک Champions Trophy mein kitni martaba shamil ho chuke hain,KI,56105,MIXED,urdu_bm25,7,81267,11.604046821594238,50
post_phase12_module1_M1-B,M1-B,R034,شعیب ملک Champions Trophy mein kitni martaba shamil ho chuke hain,KI,56105,MIXED,urdu_bm25,8,42545,11.602685928344727,50
post_phase12_module1_M1-B,M1-B,R034,شعیب ملک Champions Trophy mein kitni martaba shamil ho chuke hain,KI,56105,MIXED,urdu_bm25,9,54328,11.571859359741211,50
post_phase12_module1_M1-B,M1-B,R034,شعیب ملک Champions Trophy mein kitni martaba shamil ho chuke hain,KI,56105,MIXED,urdu_bm25,10,42624,11.534778594970703,50
post_phase12_module1_M1-B,M1-B,R034,شعیب ملک Champions Trophy mein kitni martaba shamil ho chuke hain,KI,56105,MIXED,urdu_bm25,11,58531,11.528304100036621,50
post_phase12_module1_M1-B,M1-B,R034,شعیب ملک Champions Trophy mein kitni martaba shamil ho chuke hain,KI,56105,MIXED,urdu_bm25,12,46972,11.50805377960205,50
post_phase12_module1_M1-B,M1-B,R034,شعیب ملک Champions Trophy mein kitni martaba shamil ho chuke hain,KI,56105,MIXED,urdu_bm25,13,86847,11.50527572631836,50
post_phase12_module1_M1-B,M1-B,R034,شعیب ملک Champions Trophy mein kitni martaba shamil ho chuke hain,KI,56105,MIXED,urdu_bm25,14,95571,11.50139045715332,50
post_phase12_module1_M1-B,M1-B,R034,شعیب ملک Champions Trophy mein kitni martaba shamil ho chuke hain,KI,56105,MIXED,urdu_bm25,15,80492,11.492945671081543,50
post_phase12_module1_M1-B,M1-B,R034,شعیب ملک Champions Trophy mein kitni martaba shamil ho chuke hain,KI,56105,MIXED,urdu_bm25,16,82482,11.492647171020508,50
post_phase12_module1_M1-B,M1-B,R034,شعیب ملک Champions Trophy mein kitni martaba shamil ho chuke hain,KI,56105,MIXED,urdu_bm25,17,57822,11.48001480102539,50
post_phase12_module1_M1-B,M1-B,R034,شعیب ملک Champions Trophy mein kitni martaba shamil ho chuke hain,KI,56105,MIXED,urdu_bm25,18,91847,11.470916748046875,50
post_phase12_module1_M1-B,M1-B,R034,شعیب ملک Champions Trophy mein kitni martaba shamil ho chuke hain,KI,56105,MIXED,urdu_bm25,19,53486,11.468196868896484,50
post_phase12_module1_M1-B,M1-B,R034,شعیب ملک Champions Trophy mein kitni martaba shamil ho chuke hain,KI,56105,MIXED,urdu_bm25,20,54578,11.468196868896484,50
post_phase12_module1_M1-B,M1-B,R034,شعیب ملک Champions Trophy mein kitni martaba shamil ho chuke hain,KI,56105,MIXED,urdu_bm25,21,7935,11.45942211151123,50
post_phase12_module1_M1-B,M1-B,R034,شعیب ملک Champions Trophy mein kitni martaba shamil ho chuke hain,KI,56105,MIXED,urdu_bm25,22,11504,11.44984245300293,50
post_phase12_module1_M1-B,M1-B,R034,شعیب ملک Champions Trophy mein kitni martaba shamil ho chuke hain,KI,56105,MIXED,urdu_bm25,23,84837,11.449150085449219,50
post_phase12_module1_M1-B,M1-B,R034,شعیب ملک Champions Trophy mein kitni martaba shamil ho chuke hain,KI,56105,MIXED,urdu_bm25,24,58525,11.43519115447998,50
post_phase12_module1_M1-B,M1-B,R034,شعیب ملک Champions Trophy mein kitni martaba shamil ho chuke hain,KI,56105,MIXED,urdu_bm25,25,86204,11.417415618896484,50
post_phase12_module1_M1-B,M1-B,R034,شعیب ملک Champions Trophy mein kitni martaba shamil ho chuke hain,KI,56105,MIXED,urdu_bm25,26,84845,11.409103393554688,50
post_phase12_module1_M1-B,M1-B,R034,شعیب ملک Champions Trophy mein kitni martaba shamil ho chuke hain,KI,56105,MIXED,urdu_bm25,27,46893,11.409002304077148,50
post_phase12_module1_M1-B,M1-B,R034,شعیب ملک Champions Trophy mein kitni martaba shamil ho chuke hain,KI,56105,MIXED,urdu_bm25,28,87340,11.408924102783203,50
post_phase12_module1_M1-B,M1-B,R034,شعیب ملک Champions Trophy mein kitni martaba shamil ho chuke hain,KI,56105,MIXED,urdu_bm25,29,8289,11.401824951171875,50
post_phase12_module1_M1-B,M1-B,R034,شعیب ملک Champions Trophy mein kitni martaba shamil ho chuke hain,KI,56105,MIXED,urdu_bm25,30,82885,11.401412010192871,50
post_phase12_module1_M1-B,M1-B,R034,شعیب ملک Champions Trophy mein kitni martaba shamil ho chuke hain,KI,56105,MIXED,urdu_bm25,31,58748,11.387445449829102,50
post_phase12_module1_M1-B,M1-B,R034,شعیب ملک Champions Trophy mein kitni martaba shamil ho chuke hain,KI,56105,MIXED,urdu_bm25,32,89889,11.385282516479492,50
post_phase12_module1_M1-B,M1-B,R034,شعیب ملک Champions Trophy mein kitni martaba shamil ho chuke hain,KI,56105,MIXED,urdu_bm25,33,56105,11.363480567932129,50
post_phase12_module1_M1-B,M1-B,R034,شعیب ملک Champions Trophy mein kitni martaba shamil ho chuke hain,KI,56105,MIXED,urdu_bm25,34,53229,11.362160682678223,50
post_phase12_module1_M1-B,M1-B,R034,شعیب ملک Champions Trophy mein kitni martaba shamil ho chuke hain,KI,56105,MIXED,urdu_bm25,35,82997,11.358304977416992,50
post_phase12_module1_M1-B,M1-B,R034,شعیب ملک Champions Trophy mein kitni martaba shamil ho chuke hain,KI,56105,MIXED,urdu_bm25,36,82650,11.3465576171875,50
post_phase12_module1_M1-B,M1-B,R034,شعیب ملک Champions Trophy mein kitni martaba shamil ho chuke hain,KI,56105,MIXED,urdu_bm25,37,86610,11.324384689331055,50
post_phase12_module1_M1-B,M1-B,R034,شعیب ملک Champions Trophy mein kitni martaba shamil ho chuke hain,KI,56105,MIXED,urdu_bm25,38,86205,11.31985092163086,50
post_phase12_module1_M1-B,M1-B,R034,شعیب ملک Champions Trophy mein kitni martaba shamil ho chuke hain,KI,56105,MIXED,urdu_bm25,39,82641,11.278746604919434,50
post_phase12_module1_M1-B,M1-B,R034,شعیب ملک Champions Trophy mein kitni martaba shamil ho chuke hain,KI,56105,MIXED,urdu_bm25,40,53439,11.277012825012207,50
post_phase12_module1_M1-B,M1-B,R034,شعیب ملک Champions Trophy mein kitni martaba shamil ho chuke hain,KI,56105,MIXED,urdu_bm25,41,56069,11.27031421661377,50
post_phase12_module1_M1-B,M1-B,R034,شعیب ملک Champions Trophy mein kitni martaba shamil ho chuke hain,KI,56105,MIXED,urdu_bm25,42,85749,11.266416549682617,50
post_phase12_module1_M1-B,M1-B,R034,شعیب ملک Champions Trophy mein kitni martaba shamil ho chuke hain,KI,56105,MIXED,urdu_bm25,43,82486,11.263082504272461,50
post_phase12_module1_M1-B,M1-B,R034,شعیب ملک Champions Trophy mein kitni martaba shamil ho chuke hain,KI,56105,MIXED,urdu_bm25,44,58857,11.253719329833984,50
post_phase12_module1_M1-B,M1-B,R034,شعیب ملک Champions Trophy mein kitni martaba shamil ho chuke hain,KI,56105,MIXED,urdu_bm25,45,28515,11.249749183654785,50
post_phase12_module1_M1-B,M1-B,R034,شعیب ملک Champions Trophy mein kitni martaba shamil ho chuke hain,KI,56105,MIXED,urdu_bm25,46,43301,11.246074676513672,50
post_phase12_module1_M1-B,M1-B,R034,شعیب ملک Champions Trophy mein kitni martaba shamil ho chuke hain,KI,56105,MIXED,urdu_bm25,47,43834,11.244976997375488,50
post_phase12_module1_M1-B,M1-B,R034,شعیب ملک Champions Trophy mein kitni martaba shamil ho chuke hain,KI,56105,MIXED,urdu_bm25,48,44177,11.227319717407227,50
post_phase12_module1_M1-B,M1-B,R034,شعیب ملک Champions Trophy mein kitni martaba shamil ho chuke hain,KI,56105,MIXED,urdu_bm25,49,47594,11.226644515991211,50
post_phase12_module1_M1-B,M1-B,R034,شعیب ملک Champions Trophy mein kitni martaba shamil ho chuke hain,KI,56105,MIXED,urdu_bm25,50,53065,11.226310729980469,50
post_phase12_module1_M1-B,M1-B,R035,راکھی ساونت Ludhiana court mein giraftari se kaise bach gayi,KI,10810,MIXED,urdu_bm25,1,7869,32.59739685058594,50
post_phase12_module1_M1-B,M1-B,R035,راکھی ساونت Ludhiana court mein giraftari se kaise bach gayi,KI,10810,MIXED,urdu_bm25,2,67055,32.55039978027344,50
post_phase12_module1_M1-B,M1-B,R035,راکھی ساونت Ludhiana court mein giraftari se kaise bach gayi,KI,10810,MIXED,urdu_bm25,3,7938,31.993928909301758,50
post_phase12_module1_M1-B,M1-B,R035,راکھی ساونت Ludhiana court mein giraftari se kaise bach gayi,KI,10810,MIXED,urdu_bm25,4,48273,31.89226722717285,50
post_phase12_module1_M1-B,M1-B,R035,راکھی ساونت Ludhiana court mein giraftari se kaise bach gayi,KI,10810,MIXED,urdu_bm25,5,7986,31.838356018066406,50
post_phase12_module1_M1-B,M1-B,R035,راکھی ساونت Ludhiana court mein giraftari se kaise bach gayi,KI,10810,MIXED,urdu_bm25,6,10810,31.80474853515625,50
post_phase12_module1_M1-B,M1-B,R035,راکھی ساونت Ludhiana court mein giraftari se kaise bach gayi,KI,10810,MIXED,urdu_bm25,7,68463,31.701820373535156,50
post_phase12_module1_M1-B,M1-B,R035,راکھی ساونت Ludhiana court mein giraftari se kaise bach gayi,KI,10810,MIXED,urdu_bm25,8,7921,31.540164947509766,50
post_phase12_module1_M1-B,M1-B,R035,راکھی ساونت Ludhiana court mein giraftari se kaise bach gayi,KI,10810,MIXED,urdu_bm25,9,11012,31.400712966918945,50
post_phase12_module1_M1-B,M1-B,R035,راکھی ساونت Ludhiana court mein giraftari se kaise bach gayi,KI,10810,MIXED,urdu_bm25,10,7971,30.98757553100586,50
post_phase12_module1_M1-B,M1-B,R035,راکھی ساونت Ludhiana court mein giraftari se kaise bach gayi,KI,10810,MIXED,urdu_bm25,11,106147,30.80349349975586,50
post_phase12_module1_M1-B,M1-B,R035,راکھی ساونت Ludhiana court mein giraftari se kaise bach gayi,KI,10810,MIXED,urdu_bm25,12,105773,30.749927520751953,50
post_phase12_module1_M1-B,M1-B,R035,راکھی ساونت Ludhiana court mein giraftari se kaise bach gayi,KI,10810,MIXED,urdu_bm25,13,7849,30.698062896728516,50
post_phase12_module1_M1-B,M1-B,R035,راکھی ساونت Ludhiana court mein giraftari se kaise bach gayi,KI,10810,MIXED,urdu_bm25,14,67110,30.65224266052246,50
post_phase12_module1_M1-B,M1-B,R035,راکھی ساونت Ludhiana court mein giraftari se kaise bach gayi,KI,10810,MIXED,urdu_bm25,15,66662,30.432559967041016,50
post_phase12_module1_M1-B,M1-B,R035,راکھی ساونت Ludhiana court mein giraftari se kaise bach gayi,KI,10810,MIXED,urdu_bm25,16,7742,30.355844497680664,50
post_phase12_module1_M1-B,M1-B,R035,راکھی ساونت Ludhiana court mein giraftari se kaise bach gayi,KI,10810,MIXED,urdu_bm25,17,7949,29.972633361816406,50
post_phase12_module1_M1-B,M1-B,R035,راکھی ساونت Ludhiana court mein giraftari se kaise bach gayi,KI,10810,MIXED,urdu_bm25,18,105856,29.18328094482422,50
post_phase12_module1_M1-B,M1-B,R035,راکھی ساونت Ludhiana court mein giraftari se kaise bach gayi,KI,10810,MIXED,urdu_bm25,19,67009,29.117000579833984,50
post_phase12_module1_M1-B,M1-B,R035,راکھی ساونت Ludhiana court mein giraftari se kaise bach gayi,KI,10810,MIXED,urdu_bm25,20,9185,28.83243179321289,50
post_phase12_module1_M1-B,M1-B,R035,راکھی ساونت Ludhiana court mein giraftari se kaise bach gayi,KI,10810,MIXED,urdu_bm25,21,6765,28.686229705810547,50
post_phase12_module1_M1-B,M1-B,R035,راکھی ساونت Ludhiana court mein giraftari se kaise bach gayi,KI,10810,MIXED,urdu_bm25,22,7998,28.6649169921875,50
post_phase12_module1_M1-B,M1-B,R035,راکھی ساونت Ludhiana court mein giraftari se kaise bach gayi,KI,10810,MIXED,urdu_bm25,23,107484,27.185705184936523,50
post_phase12_module1_M1-B,M1-B,R035,راکھی ساونت Ludhiana court mein giraftari se kaise bach gayi,KI,10810,MIXED,urdu_bm25,24,108732,27.052242279052734,50
post_phase12_module1_M1-B,M1-B,R035,راکھی ساونت Ludhiana court mein giraftari se kaise bach gayi,KI,10810,MIXED,urdu_bm25,25,6290,26.867074966430664,50
post_phase12_module1_M1-B,M1-B,R035,راکھی ساونت Ludhiana court mein giraftari se kaise bach gayi,KI,10810,MIXED,urdu_bm25,26,67728,26.444232940673828,50
post_phase12_module1_M1-B,M1-B,R035,راکھی ساونت Ludhiana court mein giraftari se kaise bach gayi,KI,10810,MIXED,urdu_bm25,27,15293,26.186168670654297,50
post_phase12_module1_M1-B,M1-B,R035,راکھی ساونت Ludhiana court mein giraftari se kaise bach gayi,KI,10810,MIXED,urdu_bm25,28,8178,25.171966552734375,50
post_phase12_module1_M1-B,M1-B,R035,راکھی ساونت Ludhiana court mein giraftari se kaise bach gayi,KI,10810,MIXED,urdu_bm25,29,13245,25.00739288330078,50
post_phase12_module1_M1-B,M1-B,R035,راکھی ساونت Ludhiana court mein giraftari se kaise bach gayi,KI,10810,MIXED,urdu_bm25,30,7764,22.495990753173828,50
post_phase12_module1_M1-B,M1-B,R035,راکھی ساونت Ludhiana court mein giraftari se kaise bach gayi,KI,10810,MIXED,urdu_bm25,31,104859,20.33680534362793,50
post_phase12_module1_M1-B,M1-B,R035,راکھی ساونت Ludhiana court mein giraftari se kaise bach gayi,KI,10810,MIXED,urdu_bm25,32,67054,19.480060577392578,50
post_phase12_module1_M1-B,M1-B,R035,راکھی ساونت Ludhiana court mein giraftari se kaise bach gayi,KI,10810,MIXED,urdu_bm25,33,67053,18.618284225463867,50
post_phase12_module1_M1-B,M1-B,R035,راکھی ساونت Ludhiana court mein giraftari se kaise bach gayi,KI,10810,MIXED,urdu_bm25,34,67720,18.073143005371094,50
post_phase12_module1_M1-B,M1-B,R035,راکھی ساونت Ludhiana court mein giraftari se kaise bach gayi,KI,10810,MIXED,urdu_bm25,35,108358,17.795257568359375,50
post_phase12_module1_M1-B,M1-B,R035,راکھی ساونت Ludhiana court mein giraftari se kaise bach gayi,KI,10810,MIXED,urdu_bm25,36,6245,16.452632904052734,50
post_phase12_module1_M1-B,M1-B,R035,راکھی ساونت Ludhiana court mein giraftari se kaise bach gayi,KI,10810,MIXED,urdu_bm25,37,13237,15.720396041870117,50
post_phase12_module1_M1-B,M1-B,R035,راکھی ساونت Ludhiana court mein giraftari se kaise bach gayi,KI,10810,MIXED,urdu_bm25,38,18514,15.512739181518555,50
post_phase12_module1_M1-B,M1-B,R035,راکھی ساونت Ludhiana court mein giraftari se kaise bach gayi,KI,10810,MIXED,urdu_bm25,39,105565,15.146196365356445,50
post_phase12_module1_M1-B,M1-B,R035,راکھی ساونت Ludhiana court mein giraftari se kaise bach gayi,KI,10810,MIXED,urdu_bm25,40,18766,15.029909133911133,50
post_phase12_module1_M1-B,M1-B,R035,راکھی ساونت Ludhiana court mein giraftari se kaise bach gayi,KI,10810,MIXED,urdu_bm25,41,8166,15.00822925567627,50
post_phase12_module1_M1-B,M1-B,R035,راکھی ساونت Ludhiana court mein giraftari se kaise bach gayi,KI,10810,MIXED,urdu_bm25,42,12646,14.513274192810059,50
post_phase12_module1_M1-B,M1-B,R035,راکھی ساونت Ludhiana court mein giraftari se kaise bach gayi,KI,10810,MIXED,urdu_bm25,43,30423,12.382445335388184,50
post_phase12_module1_M1-B,M1-B,R035,راکھی ساونت Ludhiana court mein giraftari se kaise bach gayi,KI,10810,MIXED,urdu_bm25,44,11550,12.062952041625977,50
post_phase12_module1_M1-B,M1-B,R035,راکھی ساونت Ludhiana court mein giraftari se kaise bach gayi,KI,10810,MIXED,urdu_bm25,45,12586,11.900633811950684,50
post_phase12_module1_M1-B,M1-B,R035,راکھی ساونت Ludhiana court mein giraftari se kaise bach gayi,KI,10810,MIXED,urdu_bm25,46,8010,10.954174041748047,50
post_phase12_module1_M1-B,M1-B,R035,راکھی ساونت Ludhiana court mein giraftari se kaise bach gayi,KI,10810,MIXED,urdu_bm25,47,8647,10.940408706665039,50
post_phase12_module1_M1-B,M1-B,R035,راکھی ساونت Ludhiana court mein giraftari se kaise bach gayi,KI,10810,MIXED,urdu_bm25,48,108492,9.638588905334473,50
post_phase12_module1_M1-B,M1-B,R035,راکھی ساونت Ludhiana court mein giraftari se kaise bach gayi,KI,10810,MIXED,urdu_bm25,49,8206,9.493352890014648,50
post_phase12_module1_M1-B,M1-B,R035,راکھی ساونت Ludhiana court mein giraftari se kaise bach gayi,KI,10810,MIXED,urdu_bm25,50,96666,9.344399452209473,50
post_phase12_module1_M1-B,M1-B,R036,اسٹار وارز ساتویں فلم کا نیا ٹریلر کب جاری ہوا,KI,103345,URDU,urdu_bm25,1,104322,44.132720947265625,50
post_phase12_module1_M1-B,M1-B,R036,اسٹار وارز ساتویں فلم کا نیا ٹریلر کب جاری ہوا,KI,103345,URDU,urdu_bm25,2,69543,42.82989501953125,50
post_phase12_module1_M1-B,M1-B,R036,اسٹار وارز ساتویں فلم کا نیا ٹریلر کب جاری ہوا,KI,103345,URDU,urdu_bm25,3,104320,42.74759292602539,50
post_phase12_module1_M1-B,M1-B,R036,اسٹار وارز ساتویں فلم کا نیا ٹریلر کب جاری ہوا,KI,103345,URDU,urdu_bm25,4,103317,41.035919189453125,50
post_phase12_module1_M1-B,M1-B,R036,اسٹار وارز ساتویں فلم کا نیا ٹریلر کب جاری ہوا,KI,103345,URDU,urdu_bm25,5,104483,40.15402603149414,50
post_phase12_module1_M1-B,M1-B,R036,اسٹار وارز ساتویں فلم کا نیا ٹریلر کب جاری ہوا,KI,103345,URDU,urdu_bm25,6,103212,39.37268829345703,50
post_phase12_module1_M1-B,M1-B,R036,اسٹار وارز ساتویں فلم کا نیا ٹریلر کب جاری ہوا,KI,103345,URDU,urdu_bm25,7,103345,38.583648681640625,50
post_phase12_module1_M1-B,M1-B,R036,اسٹار وارز ساتویں فلم کا نیا ٹریلر کب جاری ہوا,KI,103345,URDU,urdu_bm25,8,103820,37.78631591796875,50
post_phase12_module1_M1-B,M1-B,R036,اسٹار وارز ساتویں فلم کا نیا ٹریلر کب جاری ہوا,KI,103345,URDU,urdu_bm25,9,102126,35.53343963623047,50
post_phase12_module1_M1-B,M1-B,R036,اسٹار وارز ساتویں فلم کا نیا ٹریلر کب جاری ہوا,KI,103345,URDU,urdu_bm25,10,9322,33.80473709106445,50
post_phase12_module1_M1-B,M1-B,R036,اسٹار وارز ساتویں فلم کا نیا ٹریلر کب جاری ہوا,KI,103345,URDU,urdu_bm25,11,103867,33.632720947265625,50
post_phase12_module1_M1-B,M1-B,R036,اسٹار وارز ساتویں فلم کا نیا ٹریلر کب جاری ہوا,KI,103345,URDU,urdu_bm25,12,9991,33.42335510253906,50
post_phase12_module1_M1-B,M1-B,R036,اسٹار وارز ساتویں فلم کا نیا ٹریلر کب جاری ہوا,KI,103345,URDU,urdu_bm25,13,15664,33.01021194458008,50
post_phase12_module1_M1-B,M1-B,R036,اسٹار وارز ساتویں فلم کا نیا ٹریلر کب جاری ہوا,KI,103345,URDU,urdu_bm25,14,50264,31.481035232543945,50
post_phase12_module1_M1-B,M1-B,R036,اسٹار وارز ساتویں فلم کا نیا ٹریلر کب جاری ہوا,KI,103345,URDU,urdu_bm25,15,10391,30.48916244506836,50
post_phase12_module1_M1-B,M1-B,R036,اسٹار وارز ساتویں فلم کا نیا ٹریلر کب جاری ہوا,KI,103345,URDU,urdu_bm25,16,9982,30.03694725036621,50
post_phase12_module1_M1-B,M1-B,R036,اسٹار وارز ساتویں فلم کا نیا ٹریلر کب جاری ہوا,KI,103345,URDU,urdu_bm25,17,50672,29.939796447753906,50
post_phase12_module1_M1-B,M1-B,R036,اسٹار وارز ساتویں فلم کا نیا ٹریلر کب جاری ہوا,KI,103345,URDU,urdu_bm25,18,68534,29.883853912353516,50
post_phase12_module1_M1-B,M1-B,R036,اسٹار وارز ساتویں فلم کا نیا ٹریلر کب جاری ہوا,KI,103345,URDU,urdu_bm25,19,68108,29.747997283935547,50
post_phase12_module1_M1-B,M1-B,R036,اسٹار وارز ساتویں فلم کا نیا ٹریلر کب جاری ہوا,KI,103345,URDU,urdu_bm25,20,105378,29.460620880126953,50
post_phase12_module1_M1-B,M1-B,R036,اسٹار وارز ساتویں فلم کا نیا ٹریلر کب جاری ہوا,KI,103345,URDU,urdu_bm25,21,51156,29.413740158081055,50
post_phase12_module1_M1-B,M1-B,R036,اسٹار وارز ساتویں فلم کا نیا ٹریلر کب جاری ہوا,KI,103345,URDU,urdu_bm25,22,103794,29.279497146606445,50
post_phase12_module1_M1-B,M1-B,R036,اسٹار وارز ساتویں فلم کا نیا ٹریلر کب جاری ہوا,KI,103345,URDU,urdu_bm25,23,6925,28.959823608398438,50
post_phase12_module1_M1-B,M1-B,R036,اسٹار وارز ساتویں فلم کا نیا ٹریلر کب جاری ہوا,KI,103345,URDU,urdu_bm25,24,100786,28.869735717773438,50
post_phase12_module1_M1-B,M1-B,R036,اسٹار وارز ساتویں فلم کا نیا ٹریلر کب جاری ہوا,KI,103345,URDU,urdu_bm25,25,103081,28.21284294128418,50
post_phase12_module1_M1-B,M1-B,R036,اسٹار وارز ساتویں فلم کا نیا ٹریلر کب جاری ہوا,KI,103345,URDU,urdu_bm25,26,104354,28.113008499145508,50
post_phase12_module1_M1-B,M1-B,R036,اسٹار وارز ساتویں فلم کا نیا ٹریلر کب جاری ہوا,KI,103345,URDU,urdu_bm25,27,9687,27.91067886352539,50
post_phase12_module1_M1-B,M1-B,R036,اسٹار وارز ساتویں فلم کا نیا ٹریلر کب جاری ہوا,KI,103345,URDU,urdu_bm25,28,10055,27.87779426574707,50
post_phase12_module1_M1-B,M1-B,R036,اسٹار وارز ساتویں فلم کا نیا ٹریلر کب جاری ہوا,KI,103345,URDU,urdu_bm25,29,68925,27.434045791625977,50
post_phase12_module1_M1-B,M1-B,R036,اسٹار وارز ساتویں فلم کا نیا ٹریلر کب جاری ہوا,KI,103345,URDU,urdu_bm25,30,68076,27.3064022064209,50
post_phase12_module1_M1-B,M1-B,R036,اسٹار وارز ساتویں فلم کا نیا ٹریلر کب جاری ہوا,KI,103345,URDU,urdu_bm25,31,13630,26.973567962646484,50
post_phase12_module1_M1-B,M1-B,R036,اسٹار وارز ساتویں فلم کا نیا ٹریلر کب جاری ہوا,KI,103345,URDU,urdu_bm25,32,9960,26.80885124206543,50
post_phase12_module1_M1-B,M1-B,R036,اسٹار وارز ساتویں فلم کا نیا ٹریلر کب جاری ہوا,KI,103345,URDU,urdu_bm25,33,101904,26.626922607421875,50
post_phase12_module1_M1-B,M1-B,R036,اسٹار وارز ساتویں فلم کا نیا ٹریلر کب جاری ہوا,KI,103345,URDU,urdu_bm25,34,104917,26.511449813842773,50
post_phase12_module1_M1-B,M1-B,R036,اسٹار وارز ساتویں فلم کا نیا ٹریلر کب جاری ہوا,KI,103345,URDU,urdu_bm25,35,50501,26.258201599121094,50
post_phase12_module1_M1-B,M1-B,R036,اسٹار وارز ساتویں فلم کا نیا ٹریلر کب جاری ہوا,KI,103345,URDU,urdu_bm25,36,101203,26.173294067382812,50
post_phase12_module1_M1-B,M1-B,R036,اسٹار وارز ساتویں فلم کا نیا ٹریلر کب جاری ہوا,KI,103345,URDU,urdu_bm25,37,69857,26.100135803222656,50
post_phase12_module1_M1-B,M1-B,R036,اسٹار وارز ساتویں فلم کا نیا ٹریلر کب جاری ہوا,KI,103345,URDU,urdu_bm25,38,103196,25.938777923583984,50
post_phase12_module1_M1-B,M1-B,R036,اسٹار وارز ساتویں فلم کا نیا ٹریلر کب جاری ہوا,KI,103345,URDU,urdu_bm25,39,100490,25.325332641601562,50
post_phase12_module1_M1-B,M1-B,R036,اسٹار وارز ساتویں فلم کا نیا ٹریلر کب جاری ہوا,KI,103345,URDU,urdu_bm25,40,17838,24.78708267211914,50
post_phase12_module1_M1-B,M1-B,R036,اسٹار وارز ساتویں فلم کا نیا ٹریلر کب جاری ہوا,KI,103345,URDU,urdu_bm25,41,50361,24.64134407043457,50
post_phase12_module1_M1-B,M1-B,R036,اسٹار وارز ساتویں فلم کا نیا ٹریلر کب جاری ہوا,KI,103345,URDU,urdu_bm25,42,10781,24.610382080078125,50
post_phase12_module1_M1-B,M1-B,R036,اسٹار وارز ساتویں فلم کا نیا ٹریلر کب جاری ہوا,KI,103345,URDU,urdu_bm25,43,51117,24.574617385864258,50
post_phase12_module1_M1-B,M1-B,R036,اسٹار وارز ساتویں فلم کا نیا ٹریلر کب جاری ہوا,KI,103345,URDU,urdu_bm25,44,102415,24.480274200439453,50
post_phase12_module1_M1-B,M1-B,R036,اسٹار وارز ساتویں فلم کا نیا ٹریلر کب جاری ہوا,KI,103345,URDU,urdu_bm25,45,51113,24.344186782836914,50
post_phase12_module1_M1-B,M1-B,R036,اسٹار وارز ساتویں فلم کا نیا ٹریلر کب جاری ہوا,KI,103345,URDU,urdu_bm25,46,101078,24.317434310913086,50
post_phase12_module1_M1-B,M1-B,R036,اسٹار وارز ساتویں فلم کا نیا ٹریلر کب جاری ہوا,KI,103345,URDU,urdu_bm25,47,103622,24.229703903198242,50
post_phase12_module1_M1-B,M1-B,R036,اسٹار وارز ساتویں فلم کا نیا ٹریلر کب جاری ہوا,KI,103345,URDU,urdu_bm25,48,18069,24.1793155670166,50
post_phase12_module1_M1-B,M1-B,R036,اسٹار وارز ساتویں فلم کا نیا ٹریلر کب جاری ہوا,KI,103345,URDU,urdu_bm25,49,101273,23.64021873474121,50
post_phase12_module1_M1-B,M1-B,R036,اسٹار وارز ساتویں فلم کا نیا ٹریلر کب جاری ہوا,KI,103345,URDU,urdu_bm25,50,9153,23.63226890563965,50
post_phase12_module1_M1-B,M1-B,R037,ڈھاکہ میں فیشن ویک کس شہر میں جاری ہے,KI,19022,URDU,urdu_bm25,1,19022,35.34153366088867,50
post_phase12_module1_M1-B,M1-B,R037,ڈھاکہ میں فیشن ویک کس شہر میں جاری ہے,KI,19022,URDU,urdu_bm25,2,100879,27.94845199584961,50
post_phase12_module1_M1-B,M1-B,R037,ڈھاکہ میں فیشن ویک کس شہر میں جاری ہے,KI,19022,URDU,urdu_bm25,3,101632,27.710668563842773,50
post_phase12_module1_M1-B,M1-B,R037,ڈھاکہ میں فیشن ویک کس شہر میں جاری ہے,KI,19022,URDU,urdu_bm25,4,101145,27.18253517150879,50
post_phase12_module1_M1-B,M1-B,R037,ڈھاکہ میں فیشن ویک کس شہر میں جاری ہے,KI,19022,URDU,urdu_bm25,5,19070,26.85458755493164,50
post_phase12_module1_M1-B,M1-B,R037,ڈھاکہ میں فیشن ویک کس شہر میں جاری ہے,KI,19022,URDU,urdu_bm25,6,101811,26.608009338378906,50
post_phase12_module1_M1-B,M1-B,R037,ڈھاکہ میں فیشن ویک کس شہر میں جاری ہے,KI,19022,URDU,urdu_bm25,7,102166,26.527502059936523,50
post_phase12_module1_M1-B,M1-B,R037,ڈھاکہ میں فیشن ویک کس شہر میں جاری ہے,KI,19022,URDU,urdu_bm25,8,102428,26.374820709228516,50
post_phase12_module1_M1-B,M1-B,R037,ڈھاکہ میں فیشن ویک کس شہر میں جاری ہے,KI,19022,URDU,urdu_bm25,9,100866,26.32638931274414,50
post_phase12_module1_M1-B,M1-B,R037,ڈھاکہ میں فیشن ویک کس شہر میں جاری ہے,KI,19022,URDU,urdu_bm25,10,77409,26.307958602905273,50
post_phase12_module1_M1-B,M1-B,R037,ڈھاکہ میں فیشن ویک کس شہر میں جاری ہے,KI,19022,URDU,urdu_bm25,11,101079,26.305217742919922,50
post_phase12_module1_M1-B,M1-B,R037,ڈھاکہ میں فیشن ویک کس شہر میں جاری ہے,KI,19022,URDU,urdu_bm25,12,50414,26.244930267333984,50
post_phase12_module1_M1-B,M1-B,R037,ڈھاکہ میں فیشن ویک کس شہر میں جاری ہے,KI,19022,URDU,urdu_bm25,13,107568,26.213287353515625,50
post_phase12_module1_M1-B,M1-B,R037,ڈھاکہ میں فیشن ویک کس شہر میں جاری ہے,KI,19022,URDU,urdu_bm25,14,102459,25.71736717224121,50
post_phase12_module1_M1-B,M1-B,R037,ڈھاکہ میں فیشن ویک کس شہر میں جاری ہے,KI,19022,URDU,urdu_bm25,15,101351,25.629091262817383,50
post_phase12_module1_M1-B,M1-B,R037,ڈھاکہ میں فیشن ویک کس شہر میں جاری ہے,KI,19022,URDU,urdu_bm25,16,104509,25.52208709716797,50
post_phase12_module1_M1-B,M1-B,R037,ڈھاکہ میں فیشن ویک کس شہر میں جاری ہے,KI,19022,URDU,urdu_bm25,17,18593,25.307708740234375,50
post_phase12_module1_M1-B,M1-B,R037,ڈھاکہ میں فیشن ویک کس شہر میں جاری ہے,KI,19022,URDU,urdu_bm25,18,101006,25.281002044677734,50
post_phase12_module1_M1-B,M1-B,R037,ڈھاکہ میں فیشن ویک کس شہر میں جاری ہے,KI,19022,URDU,urdu_bm25,19,102600,25.06833267211914,50
post_phase12_module1_M1-B,M1-B,R037,ڈھاکہ میں فیشن ویک کس شہر میں جاری ہے,KI,19022,URDU,urdu_bm25,20,67983,25.01909637451172,50
post_phase12_module1_M1-B,M1-B,R037,ڈھاکہ میں فیشن ویک کس شہر میں جاری ہے,KI,19022,URDU,urdu_bm25,21,102479,24.935810089111328,50
post_phase12_module1_M1-B,M1-B,R037,ڈھاکہ میں فیشن ویک کس شہر میں جاری ہے,KI,19022,URDU,urdu_bm25,22,105985,24.89481544494629,50
post_phase12_module1_M1-B,M1-B,R037,ڈھاکہ میں فیشن ویک کس شہر میں جاری ہے,KI,19022,URDU,urdu_bm25,23,50397,24.486101150512695,50
post_phase12_module1_M1-B,M1-B,R037,ڈھاکہ میں فیشن ویک کس شہر میں جاری ہے,KI,19022,URDU,urdu_bm25,24,50851,24.298959732055664,50
post_phase12_module1_M1-B,M1-B,R037,ڈھاکہ میں فیشن ویک کس شہر میں جاری ہے,KI,19022,URDU,urdu_bm25,25,111467,24.20656967163086,50
post_phase12_module1_M1-B,M1-B,R037,ڈھاکہ میں فیشن ویک کس شہر میں جاری ہے,KI,19022,URDU,urdu_bm25,26,104461,23.891759872436523,50
post_phase12_module1_M1-B,M1-B,R037,ڈھاکہ میں فیشن ویک کس شہر میں جاری ہے,KI,19022,URDU,urdu_bm25,27,90206,23.867507934570312,50
post_phase12_module1_M1-B,M1-B,R037,ڈھاکہ میں فیشن ویک کس شہر میں جاری ہے,KI,19022,URDU,urdu_bm25,28,108841,23.77789878845215,50
post_phase12_module1_M1-B,M1-B,R037,ڈھاکہ میں فیشن ویک کس شہر میں جاری ہے,KI,19022,URDU,urdu_bm25,29,5298,23.580913543701172,50
post_phase12_module1_M1-B,M1-B,R037,ڈھاکہ میں فیشن ویک کس شہر میں جاری ہے,KI,19022,URDU,urdu_bm25,30,68187,23.52434539794922,50
post_phase12_module1_M1-B,M1-B,R037,ڈھاکہ میں فیشن ویک کس شہر میں جاری ہے,KI,19022,URDU,urdu_bm25,31,18590,23.33213233947754,50
post_phase12_module1_M1-B,M1-B,R037,ڈھاکہ میں فیشن ویک کس شہر میں جاری ہے,KI,19022,URDU,urdu_bm25,32,101105,23.148740768432617,50
post_phase12_module1_M1-B,M1-B,R037,ڈھاکہ میں فیشن ویک کس شہر میں جاری ہے,KI,19022,URDU,urdu_bm25,33,108003,22.984661102294922,50
post_phase12_module1_M1-B,M1-B,R037,ڈھاکہ میں فیشن ویک کس شہر میں جاری ہے,KI,19022,URDU,urdu_bm25,34,106659,22.82244300842285,50
post_phase12_module1_M1-B,M1-B,R037,ڈھاکہ میں فیشن ویک کس شہر میں جاری ہے,KI,19022,URDU,urdu_bm25,35,68451,22.63063621520996,50
post_phase12_module1_M1-B,M1-B,R037,ڈھاکہ میں فیشن ویک کس شہر میں جاری ہے,KI,19022,URDU,urdu_bm25,36,101471,22.570011138916016,50
post_phase12_module1_M1-B,M1-B,R037,ڈھاکہ میں فیشن ویک کس شہر میں جاری ہے,KI,19022,URDU,urdu_bm25,37,50736,22.5575008392334,50
post_phase12_module1_M1-B,M1-B,R037,ڈھاکہ میں فیشن ویک کس شہر میں جاری ہے,KI,19022,URDU,urdu_bm25,38,67798,22.532442092895508,50
post_phase12_module1_M1-B,M1-B,R037,ڈھاکہ میں فیشن ویک کس شہر میں جاری ہے,KI,19022,URDU,urdu_bm25,39,6048,22.526269912719727,50
post_phase12_module1_M1-B,M1-B,R037,ڈھاکہ میں فیشن ویک کس شہر میں جاری ہے,KI,19022,URDU,urdu_bm25,40,50435,22.521059036254883,50
post_phase12_module1_M1-B,M1-B,R037,ڈھاکہ میں فیشن ویک کس شہر میں جاری ہے,KI,19022,URDU,urdu_bm25,41,108048,22.37514305114746,50
post_phase12_module1_M1-B,M1-B,R037,ڈھاکہ میں فیشن ویک کس شہر میں جاری ہے,KI,19022,URDU,urdu_bm25,42,108038,22.317541122436523,50
post_phase12_module1_M1-B,M1-B,R037,ڈھاکہ میں فیشن ویک کس شہر میں جاری ہے,KI,19022,URDU,urdu_bm25,43,68209,22.280553817749023,50
post_phase12_module1_M1-B,M1-B,R037,ڈھاکہ میں فیشن ویک کس شہر میں جاری ہے,KI,19022,URDU,urdu_bm25,44,51644,22.250919342041016,50
post_phase12_module1_M1-B,M1-B,R037,ڈھاکہ میں فیشن ویک کس شہر میں جاری ہے,KI,19022,URDU,urdu_bm25,45,101227,22.20558738708496,50
post_phase12_module1_M1-B,M1-B,R037,ڈھاکہ میں فیشن ویک کس شہر میں جاری ہے,KI,19022,URDU,urdu_bm25,46,101169,22.203702926635742,50
post_phase12_module1_M1-B,M1-B,R037,ڈھاکہ میں فیشن ویک کس شہر میں جاری ہے,KI,19022,URDU,urdu_bm25,47,100857,22.1962947845459,50
post_phase12_module1_M1-B,M1-B,R037,ڈھاکہ میں فیشن ویک کس شہر میں جاری ہے,KI,19022,URDU,urdu_bm25,48,18042,22.152238845825195,50
post_phase12_module1_M1-B,M1-B,R037,ڈھاکہ میں فیشن ویک کس شہر میں جاری ہے,KI,19022,URDU,urdu_bm25,49,102002,22.13277244567871,50
post_phase12_module1_M1-B,M1-B,R037,ڈھاکہ میں فیشن ویک کس شہر میں جاری ہے,KI,19022,URDU,urdu_bm25,50,100620,22.13271141052246,50
post_phase12_module1_M1-B,M1-B,R038,نیویارک میں خاتoon ke purse mein Galaxy Note jalne ka waqia kya tha,KI,21320,MIXED,urdu_bm25,1,89414,8.52030086517334,50
post_phase12_module1_M1-B,M1-B,R038,نیویارک میں خاتoon ke purse mein Galaxy Note jalne ka waqia kya tha,KI,21320,MIXED,urdu_bm25,2,49016,8.405762672424316,50
post_phase12_module1_M1-B,M1-B,R038,نیویارک میں خاتoon ke purse mein Galaxy Note jalne ka waqia kya tha,KI,21320,MIXED,urdu_bm25,3,70678,8.382500648498535,50
post_phase12_module1_M1-B,M1-B,R038,نیویارک میں خاتoon ke purse mein Galaxy Note jalne ka waqia kya tha,KI,21320,MIXED,urdu_bm25,4,49023,8.330717086791992,50
post_phase12_module1_M1-B,M1-B,R038,نیویارک میں خاتoon ke purse mein Galaxy Note jalne ka waqia kya tha,KI,21320,MIXED,urdu_bm25,5,104531,8.27637767791748,50
post_phase12_module1_M1-B,M1-B,R038,نیویارک میں خاتoon ke purse mein Galaxy Note jalne ka waqia kya tha,KI,21320,MIXED,urdu_bm25,6,50887,8.255928039550781,50
post_phase12_module1_M1-B,M1-B,R038,نیویارک میں خاتoon ke purse mein Galaxy Note jalne ka waqia kya tha,KI,21320,MIXED,urdu_bm25,7,5298,8.241047859191895,50
post_phase12_module1_M1-B,M1-B,R038,نیویارک میں خاتoon ke purse mein Galaxy Note jalne ka waqia kya tha,KI,21320,MIXED,urdu_bm25,8,49329,8.222509384155273,50
post_phase12_module1_M1-B,M1-B,R038,نیویارک میں خاتoon ke purse mein Galaxy Note jalne ka waqia kya tha,KI,21320,MIXED,urdu_bm25,9,71855,8.203391075134277,50
post_phase12_module1_M1-B,M1-B,R038,نیویارک میں خاتoon ke purse mein Galaxy Note jalne ka waqia kya tha,KI,21320,MIXED,urdu_bm25,10,105169,8.193543434143066,50
post_phase12_module1_M1-B,M1-B,R038,نیویارک میں خاتoon ke purse mein Galaxy Note jalne ka waqia kya tha,KI,21320,MIXED,urdu_bm25,11,89875,8.193543434143066,50
post_phase12_module1_M1-B,M1-B,R038,نیویارک میں خاتoon ke purse mein Galaxy Note jalne ka waqia kya tha,KI,21320,MIXED,urdu_bm25,12,61056,8.161410331726074,50
post_phase12_module1_M1-B,M1-B,R038,نیویارک میں خاتoon ke purse mein Galaxy Note jalne ka waqia kya tha,KI,21320,MIXED,urdu_bm25,13,46114,8.143073081970215,50
post_phase12_module1_M1-B,M1-B,R038,نیویارک میں خاتoon ke purse mein Galaxy Note jalne ka waqia kya tha,KI,21320,MIXED,urdu_bm25,14,108791,8.104879379272461,50
post_phase12_module1_M1-B,M1-B,R038,نیویارک میں خاتoon ke purse mein Galaxy Note jalne ka waqia kya tha,KI,21320,MIXED,urdu_bm25,15,62637,8.091947555541992,50
post_phase12_module1_M1-B,M1-B,R038,نیویارک میں خاتoon ke purse mein Galaxy Note jalne ka waqia kya tha,KI,21320,MIXED,urdu_bm25,16,50767,8.063896179199219,50
post_phase12_module1_M1-B,M1-B,R038,نیویارک میں خاتoon ke purse mein Galaxy Note jalne ka waqia kya tha,KI,21320,MIXED,urdu_bm25,17,107616,8.058621406555176,50
post_phase12_module1_M1-B,M1-B,R038,نیویارک میں خاتoon ke purse mein Galaxy Note jalne ka waqia kya tha,KI,21320,MIXED,urdu_bm25,18,9649,8.057053565979004,50
post_phase12_module1_M1-B,M1-B,R038,نیویارک میں خاتoon ke purse mein Galaxy Note jalne ka waqia kya tha,KI,21320,MIXED,urdu_bm25,19,71761,8.053245544433594,50
post_phase12_module1_M1-B,M1-B,R038,نیویارک میں خاتoon ke purse mein Galaxy Note jalne ka waqia kya tha,KI,21320,MIXED,urdu_bm25,20,105985,8.04145622253418,50
post_phase12_module1_M1-B,M1-B,R038,نیویارک میں خاتoon ke purse mein Galaxy Note jalne ka waqia kya tha,KI,21320,MIXED,urdu_bm25,21,101489,8.029622077941895,50
post_phase12_module1_M1-B,M1-B,R038,نیویارک میں خاتoon ke purse mein Galaxy Note jalne ka waqia kya tha,KI,21320,MIXED,urdu_bm25,22,48892,8.022449493408203,50
post_phase12_module1_M1-B,M1-B,R038,نیویارک میں خاتoon ke purse mein Galaxy Note jalne ka waqia kya tha,KI,21320,MIXED,urdu_bm25,23,68235,8.009465217590332,50
post_phase12_module1_M1-B,M1-B,R038,نیویارک میں خاتoon ke purse mein Galaxy Note jalne ka waqia kya tha,KI,21320,MIXED,urdu_bm25,24,77904,8.002445220947266,50
post_phase12_module1_M1-B,M1-B,R038,نیویارک میں خاتoon ke purse mein Galaxy Note jalne ka waqia kya tha,KI,21320,MIXED,urdu_bm25,25,50675,7.997467517852783,50
post_phase12_module1_M1-B,M1-B,R038,نیویارک میں خاتoon ke purse mein Galaxy Note jalne ka waqia kya tha,KI,21320,MIXED,urdu_bm25,26,51389,7.978684425354004,50
post_phase12_module1_M1-B,M1-B,R038,نیویارک میں خاتoon ke purse mein Galaxy Note jalne ka waqia kya tha,KI,21320,MIXED,urdu_bm25,27,40527,7.972177028656006,50
post_phase12_module1_M1-B,M1-B,R038,نیویارک میں خاتoon ke purse mein Galaxy Note jalne ka waqia kya tha,KI,21320,MIXED,urdu_bm25,28,103264,7.970056533813477,50
post_phase12_module1_M1-B,M1-B,R038,نیویارک میں خاتoon ke purse mein Galaxy Note jalne ka waqia kya tha,KI,21320,MIXED,urdu_bm25,29,87772,7.966759204864502,50
post_phase12_module1_M1-B,M1-B,R038,نیویارک میں خاتoon ke purse mein Galaxy Note jalne ka waqia kya tha,KI,21320,MIXED,urdu_bm25,30,107840,7.964906215667725,50
post_phase12_module1_M1-B,M1-B,R038,نیویارک میں خاتoon ke purse mein Galaxy Note jalne ka waqia kya tha,KI,21320,MIXED,urdu_bm25,31,108048,7.947726249694824,50
post_phase12_module1_M1-B,M1-B,R038,نیویارک میں خاتoon ke purse mein Galaxy Note jalne ka waqia kya tha,KI,21320,MIXED,urdu_bm25,32,102265,7.937846660614014,50
post_phase12_module1_M1-B,M1-B,R038,نیویارک میں خاتoon ke purse mein Galaxy Note jalne ka waqia kya tha,KI,21320,MIXED,urdu_bm25,33,48412,7.926916599273682,50
post_phase12_module1_M1-B,M1-B,R038,نیویارک میں خاتoon ke purse mein Galaxy Note jalne ka waqia kya tha,KI,21320,MIXED,urdu_bm25,34,95961,7.914718151092529,50
post_phase12_module1_M1-B,M1-B,R038,نیویارک میں خاتoon ke purse mein Galaxy Note jalne ka waqia kya tha,KI,21320,MIXED,urdu_bm25,35,68818,7.906862258911133,50
post_phase12_module1_M1-B,M1-B,R038,نیویارک میں خاتoon ke purse mein Galaxy Note jalne ka waqia kya tha,KI,21320,MIXED,urdu_bm25,36,108053,7.900468826293945,50
post_phase12_module1_M1-B,M1-B,R038,نیویارک میں خاتoon ke purse mein Galaxy Note jalne ka waqia kya tha,KI,21320,MIXED,urdu_bm25,37,51117,7.890061855316162,50
post_phase12_module1_M1-B,M1-B,R038,نیویارک میں خاتoon ke purse mein Galaxy Note jalne ka waqia kya tha,KI,21320,MIXED,urdu_bm25,38,69329,7.888273239135742,50
post_phase12_module1_M1-B,M1-B,R038,نیویارک میں خاتoon ke purse mein Galaxy Note jalne ka waqia kya tha,KI,21320,MIXED,urdu_bm25,39,48835,7.8846588134765625,50
post_phase12_module1_M1-B,M1-B,R038,نیویارک میں خاتoon ke purse mein Galaxy Note jalne ka waqia kya tha,KI,21320,MIXED,urdu_bm25,40,50895,7.875843048095703,50
post_phase12_module1_M1-B,M1-B,R038,نیویارک میں خاتoon ke purse mein Galaxy Note jalne ka waqia kya tha,KI,21320,MIXED,urdu_bm25,41,50987,7.864306449890137,50
post_phase12_module1_M1-B,M1-B,R038,نیویارک میں خاتoon ke purse mein Galaxy Note jalne ka waqia kya tha,KI,21320,MIXED,urdu_bm25,42,51254,7.862729072570801,50
post_phase12_module1_M1-B,M1-B,R038,نیویارک میں خاتoon ke purse mein Galaxy Note jalne ka waqia kya tha,KI,21320,MIXED,urdu_bm25,43,19147,7.853613376617432,50
post_phase12_module1_M1-B,M1-B,R038,نیویارک میں خاتoon ke purse mein Galaxy Note jalne ka waqia kya tha,KI,21320,MIXED,urdu_bm25,44,78677,7.850429058074951,50
post_phase12_module1_M1-B,M1-B,R038,نیویارک میں خاتoon ke purse mein Galaxy Note jalne ka waqia kya tha,KI,21320,MIXED,urdu_bm25,45,12223,7.850138187408447,50
post_phase12_module1_M1-B,M1-B,R038,نیویارک میں خاتoon ke purse mein Galaxy Note jalne ka waqia kya tha,KI,21320,MIXED,urdu_bm25,46,67491,7.844888687133789,50
post_phase12_module1_M1-B,M1-B,R038,نیویارک میں خاتoon ke purse mein Galaxy Note jalne ka waqia kya tha,KI,21320,MIXED,urdu_bm25,47,103198,7.84353494644165,50
post_phase12_module1_M1-B,M1-B,R038,نیویارک میں خاتoon ke purse mein Galaxy Note jalne ka waqia kya tha,KI,21320,MIXED,urdu_bm25,48,97829,7.813083171844482,50
post_phase12_module1_M1-B,M1-B,R038,نیویارک میں خاتoon ke purse mein Galaxy Note jalne ka waqia kya tha,KI,21320,MIXED,urdu_bm25,49,49384,7.78623104095459,50
post_phase12_module1_M1-B,M1-B,R038,نیویارک میں خاتoon ke purse mein Galaxy Note jalne ka waqia kya tha,KI,21320,MIXED,urdu_bm25,50,108521,7.776956558227539,50
post_phase12_module1_M1-B,M1-B,R039,برسبن ٹیسٹ میں پاکستان ko innings shikast se bachne ke liye kitne runs chahiye,KI,81925,MIXED,urdu_bm25,1,58204,14.974542617797852,50
post_phase12_module1_M1-B,M1-B,R039,برسبن ٹیسٹ میں پاکستان ko innings shikast se bachne ke liye kitne runs chahiye,KI,81925,MIXED,urdu_bm25,2,87190,14.681746482849121,50
post_phase12_module1_M1-B,M1-B,R039,برسبن ٹیسٹ میں پاکستان ko innings shikast se bachne ke liye kitne runs chahiye,KI,81925,MIXED,urdu_bm25,3,34693,11.360393524169922,50
post_phase12_module1_M1-B,M1-B,R039,برسبن ٹیسٹ میں پاکستان ko innings shikast se bachne ke liye kitne runs chahiye,KI,81925,MIXED,urdu_bm25,4,34692,11.338608741760254,50
post_phase12_module1_M1-B,M1-B,R039,برسبن ٹیسٹ میں پاکستان ko innings shikast se bachne ke liye kitne runs chahiye,KI,81925,MIXED,urdu_bm25,5,14504,11.175605773925781,50
post_phase12_module1_M1-B,M1-B,R039,برسبن ٹیسٹ میں پاکستان ko innings shikast se bachne ke liye kitne runs chahiye,KI,81925,MIXED,urdu_bm25,6,87584,6.857147693634033,50
post_phase12_module1_M1-B,M1-B,R039,برسبن ٹیسٹ میں پاکستان ko innings shikast se bachne ke liye kitne runs chahiye,KI,81925,MIXED,urdu_bm25,7,52678,6.7714762687683105,50
post_phase12_module1_M1-B,M1-B,R039,برسبن ٹیسٹ میں پاکستان ko innings shikast se bachne ke liye kitne runs chahiye,KI,81925,MIXED,urdu_bm25,8,58969,6.763652801513672,50
post_phase12_module1_M1-B,M1-B,R039,برسبن ٹیسٹ میں پاکستان ko innings shikast se bachne ke liye kitne runs chahiye,KI,81925,MIXED,urdu_bm25,9,56814,6.747498989105225,50
post_phase12_module1_M1-B,M1-B,R039,برسبن ٹیسٹ میں پاکستان ko innings shikast se bachne ke liye kitne runs chahiye,KI,81925,MIXED,urdu_bm25,10,85965,6.747376918792725,50
post_phase12_module1_M1-B,M1-B,R039,برسبن ٹیسٹ میں پاکستان ko innings shikast se bachne ke liye kitne runs chahiye,KI,81925,MIXED,urdu_bm25,11,54076,6.741352558135986,50
post_phase12_module1_M1-B,M1-B,R039,برسبن ٹیسٹ میں پاکستان ko innings shikast se bachne ke liye kitne runs chahiye,KI,81925,MIXED,urdu_bm25,12,52971,6.739926338195801,50
post_phase12_module1_M1-B,M1-B,R039,برسبن ٹیسٹ میں پاکستان ko innings shikast se bachne ke liye kitne runs chahiye,KI,81925,MIXED,urdu_bm25,13,88075,6.727125644683838,50
post_phase12_module1_M1-B,M1-B,R039,برسبن ٹیسٹ میں پاکستان ko innings shikast se bachne ke liye kitne runs chahiye,KI,81925,MIXED,urdu_bm25,14,53532,6.713767051696777,50
post_phase12_module1_M1-B,M1-B,R039,برسبن ٹیسٹ میں پاکستان ko innings shikast se bachne ke liye kitne runs chahiye,KI,81925,MIXED,urdu_bm25,15,57004,6.690046787261963,50
post_phase12_module1_M1-B,M1-B,R039,برسبن ٹیسٹ میں پاکستان ko innings shikast se bachne ke liye kitne runs chahiye,KI,81925,MIXED,urdu_bm25,16,54162,6.687704086303711,50
post_phase12_module1_M1-B,M1-B,R039,برسبن ٹیسٹ میں پاکستان ko innings shikast se bachne ke liye kitne runs chahiye,KI,81925,MIXED,urdu_bm25,17,57002,6.676022529602051,50
post_phase12_module1_M1-B,M1-B,R039,برسبن ٹیسٹ میں پاکستان ko innings shikast se bachne ke liye kitne runs chahiye,KI,81925,MIXED,urdu_bm25,18,57309,6.652909278869629,50
post_phase12_module1_M1-B,M1-B,R039,برسبن ٹیسٹ میں پاکستان ko innings shikast se bachne ke liye kitne runs chahiye,KI,81925,MIXED,urdu_bm25,19,86010,6.65115213394165,50
post_phase12_module1_M1-B,M1-B,R039,برسبن ٹیسٹ میں پاکستان ko innings shikast se bachne ke liye kitne runs chahiye,KI,81925,MIXED,urdu_bm25,20,83715,6.64201545715332,50
post_phase12_module1_M1-B,M1-B,R039,برسبن ٹیسٹ میں پاکستان ko innings shikast se bachne ke liye kitne runs chahiye,KI,81925,MIXED,urdu_bm25,21,86948,6.639557838439941,50
post_phase12_module1_M1-B,M1-B,R039,برسبن ٹیسٹ میں پاکستان ko innings shikast se bachne ke liye kitne runs chahiye,KI,81925,MIXED,urdu_bm25,22,58533,6.634272575378418,50
post_phase12_module1_M1-B,M1-B,R039,برسبن ٹیسٹ میں پاکستان ko innings shikast se bachne ke liye kitne runs chahiye,KI,81925,MIXED,urdu_bm25,23,88129,6.633955478668213,50
post_phase12_module1_M1-B,M1-B,R039,برسبن ٹیسٹ میں پاکستان ko innings shikast se bachne ke liye kitne runs chahiye,KI,81925,MIXED,urdu_bm25,24,54399,6.607732772827148,50
post_phase12_module1_M1-B,M1-B,R039,برسبن ٹیسٹ میں پاکستان ko innings shikast se bachne ke liye kitne runs chahiye,KI,81925,MIXED,urdu_bm25,25,42241,6.607600212097168,50
post_phase12_module1_M1-B,M1-B,R039,برسبن ٹیسٹ میں پاکستان ko innings shikast se bachne ke liye kitne runs chahiye,KI,81925,MIXED,urdu_bm25,26,88038,6.605933666229248,50
post_phase12_module1_M1-B,M1-B,R039,برسبن ٹیسٹ میں پاکستان ko innings shikast se bachne ke liye kitne runs chahiye,KI,81925,MIXED,urdu_bm25,27,56264,6.605774879455566,50
post_phase12_module1_M1-B,M1-B,R039,برسبن ٹیسٹ میں پاکستان ko innings shikast se bachne ke liye kitne runs chahiye,KI,81925,MIXED,urdu_bm25,28,56306,6.593573093414307,50
post_phase12_module1_M1-B,M1-B,R039,برسبن ٹیسٹ میں پاکستان ko innings shikast se bachne ke liye kitne runs chahiye,KI,81925,MIXED,urdu_bm25,29,81791,6.592122554779053,50
post_phase12_module1_M1-B,M1-B,R039,برسبن ٹیسٹ میں پاکستان ko innings shikast se bachne ke liye kitne runs chahiye,KI,81925,MIXED,urdu_bm25,30,88035,6.592102527618408,50
post_phase12_module1_M1-B,M1-B,R039,برسبن ٹیسٹ میں پاکستان ko innings shikast se bachne ke liye kitne runs chahiye,KI,81925,MIXED,urdu_bm25,31,87519,6.591644287109375,50
post_phase12_module1_M1-B,M1-B,R039,برسبن ٹیسٹ میں پاکستان ko innings shikast se bachne ke liye kitne runs chahiye,KI,81925,MIXED,urdu_bm25,32,57744,6.590204238891602,50
post_phase12_module1_M1-B,M1-B,R039,برسبن ٹیسٹ میں پاکستان ko innings shikast se bachne ke liye kitne runs chahiye,KI,81925,MIXED,urdu_bm25,33,52517,6.588345527648926,50
post_phase12_module1_M1-B,M1-B,R039,برسبن ٹیسٹ میں پاکستان ko innings shikast se bachne ke liye kitne runs chahiye,KI,81925,MIXED,urdu_bm25,34,57280,6.586004257202148,50
post_phase12_module1_M1-B,M1-B,R039,برسبن ٹیسٹ میں پاکستان ko innings shikast se bachne ke liye kitne runs chahiye,KI,81925,MIXED,urdu_bm25,35,87591,6.584228992462158,50
post_phase12_module1_M1-B,M1-B,R039,برسبن ٹیسٹ میں پاکستان ko innings shikast se bachne ke liye kitne runs chahiye,KI,81925,MIXED,urdu_bm25,36,87333,6.5826873779296875,50
post_phase12_module1_M1-B,M1-B,R039,برسبن ٹیسٹ میں پاکستان ko innings shikast se bachne ke liye kitne runs chahiye,KI,81925,MIXED,urdu_bm25,37,87961,6.58233118057251,50
post_phase12_module1_M1-B,M1-B,R039,برسبن ٹیسٹ میں پاکستان ko innings shikast se bachne ke liye kitne runs chahiye,KI,81925,MIXED,urdu_bm25,38,80790,6.57456111907959,50
post_phase12_module1_M1-B,M1-B,R039,برسبن ٹیسٹ میں پاکستان ko innings shikast se bachne ke liye kitne runs chahiye,KI,81925,MIXED,urdu_bm25,39,87342,6.571805477142334,50
post_phase12_module1_M1-B,M1-B,R039,برسبن ٹیسٹ میں پاکستان ko innings shikast se bachne ke liye kitne runs chahiye,KI,81925,MIXED,urdu_bm25,40,87457,6.571410655975342,50
post_phase12_module1_M1-B,M1-B,R039,برسبن ٹیسٹ میں پاکستان ko innings shikast se bachne ke liye kitne runs chahiye,KI,81925,MIXED,urdu_bm25,41,56868,6.570262432098389,50
post_phase12_module1_M1-B,M1-B,R039,برسبن ٹیسٹ میں پاکستان ko innings shikast se bachne ke liye kitne runs chahiye,KI,81925,MIXED,urdu_bm25,42,56408,6.569225788116455,50
post_phase12_module1_M1-B,M1-B,R039,برسبن ٹیسٹ میں پاکستان ko innings shikast se bachne ke liye kitne runs chahiye,KI,81925,MIXED,urdu_bm25,43,87420,6.567702293395996,50
post_phase12_module1_M1-B,M1-B,R039,برسبن ٹیسٹ میں پاکستان ko innings shikast se bachne ke liye kitne runs chahiye,KI,81925,MIXED,urdu_bm25,44,81663,6.5655293464660645,50
post_phase12_module1_M1-B,M1-B,R039,برسبن ٹیسٹ میں پاکستان ko innings shikast se bachne ke liye kitne runs chahiye,KI,81925,MIXED,urdu_bm25,45,95210,6.561168670654297,50
post_phase12_module1_M1-B,M1-B,R039,برسبن ٹیسٹ میں پاکستان ko innings shikast se bachne ke liye kitne runs chahiye,KI,81925,MIXED,urdu_bm25,46,95209,6.56026554107666,50
post_phase12_module1_M1-B,M1-B,R039,برسبن ٹیسٹ میں پاکستان ko innings shikast se bachne ke liye kitne runs chahiye,KI,81925,MIXED,urdu_bm25,47,87458,6.557679176330566,50
post_phase12_module1_M1-B,M1-B,R039,برسبن ٹیسٹ میں پاکستان ko innings shikast se bachne ke liye kitne runs chahiye,KI,81925,MIXED,urdu_bm25,48,31501,6.557636737823486,50
post_phase12_module1_M1-B,M1-B,R039,برسبن ٹیسٹ میں پاکستان ko innings shikast se bachne ke liye kitne runs chahiye,KI,81925,MIXED,urdu_bm25,49,52581,6.556471824645996,50
post_phase12_module1_M1-B,M1-B,R039,برسبن ٹیسٹ میں پاکستان ko innings shikast se bachne ke liye kitne runs chahiye,KI,81925,MIXED,urdu_bm25,50,88193,6.5537614822387695,50
post_phase12_module1_M1-B,M1-B,R040,موٹورولا ne apna pehla foldable phone confirm karte hue kya bataya,KI,20845,MIXED,urdu_bm25,1,80436,19.7027530670166,8
post_phase12_module1_M1-B,M1-B,R040,موٹورولا ne apna pehla foldable phone confirm karte hue kya bataya,KI,20845,MIXED,urdu_bm25,2,79812,14.095151901245117,8
post_phase12_module1_M1-B,M1-B,R040,موٹورولا ne apna pehla foldable phone confirm karte hue kya bataya,KI,20845,MIXED,urdu_bm25,3,80161,12.005561828613281,8
post_phase12_module1_M1-B,M1-B,R040,موٹورولا ne apna pehla foldable phone confirm karte hue kya bataya,KI,20845,MIXED,urdu_bm25,4,60176,11.183424949645996,8
post_phase12_module1_M1-B,M1-B,R040,موٹورولا ne apna pehla foldable phone confirm karte hue kya bataya,KI,20845,MIXED,urdu_bm25,5,22963,10.715157508850098,8
post_phase12_module1_M1-B,M1-B,R040,موٹورولا ne apna pehla foldable phone confirm karte hue kya bataya,KI,20845,MIXED,urdu_bm25,6,24497,9.937253952026367,8
post_phase12_module1_M1-B,M1-B,R040,موٹورولا ne apna pehla foldable phone confirm karte hue kya bataya,KI,20845,MIXED,urdu_bm25,7,21249,7.591686248779297,8
post_phase12_module1_M1-B,M1-B,R040,موٹورولا ne apna pehla foldable phone confirm karte hue kya bataya,KI,20845,MIXED,urdu_bm25,8,22896,6.437529563903809,8
post_phase12_module1_M1-B,M1-B,R041,کمار سانو ke khilaf school function mein raat bhar gaana gaane par kya case bana,KI,67310,MIXED,urdu_bm25,1,8607,25.5189208984375,50
post_phase12_module1_M1-B,M1-B,R041,کمار سانو ke khilaf school function mein raat bhar gaana gaane par kya case bana,KI,67310,MIXED,urdu_bm25,2,69803,25.156532287597656,50
post_phase12_module1_M1-B,M1-B,R041,کمار سانو ke khilaf school function mein raat bhar gaana gaane par kya case bana,KI,67310,MIXED,urdu_bm25,3,3932,25.12839126586914,50
post_phase12_module1_M1-B,M1-B,R041,کمار سانو ke khilaf school function mein raat bhar gaana gaane par kya case bana,KI,67310,MIXED,urdu_bm25,4,101347,24.541006088256836,50
post_phase12_module1_M1-B,M1-B,R041,کمار سانو ke khilaf school function mein raat bhar gaana gaane par kya case bana,KI,67310,MIXED,urdu_bm25,5,106617,23.43853759765625,50
post_phase12_module1_M1-B,M1-B,R041,کمار سانو ke khilaf school function mein raat bhar gaana gaane par kya case bana,KI,67310,MIXED,urdu_bm25,6,67310,23.1400203704834,50
post_phase12_module1_M1-B,M1-B,R041,کمار سانو ke khilaf school function mein raat bhar gaana gaane par kya case bana,KI,67310,MIXED,urdu_bm25,7,33743,14.986364364624023,50
post_phase12_module1_M1-B,M1-B,R041,کمار سانو ke khilaf school function mein raat bhar gaana gaane par kya case bana,KI,67310,MIXED,urdu_bm25,8,5300,14.978330612182617,50
post_phase12_module1_M1-B,M1-B,R041,کمار سانو ke khilaf school function mein raat bhar gaana gaane par kya case bana,KI,67310,MIXED,urdu_bm25,9,107423,14.916742324829102,50
post_phase12_module1_M1-B,M1-B,R041,کمار سانو ke khilaf school function mein raat bhar gaana gaane par kya case bana,KI,67310,MIXED,urdu_bm25,10,107454,14.466426849365234,50
post_phase12_module1_M1-B,M1-B,R041,کمار سانو ke khilaf school function mein raat bhar gaana gaane par kya case bana,KI,67310,MIXED,urdu_bm25,11,103158,14.215996742248535,50
post_phase12_module1_M1-B,M1-B,R041,کمار سانو ke khilaf school function mein raat bhar gaana gaane par kya case bana,KI,67310,MIXED,urdu_bm25,12,13449,14.167451858520508,50
post_phase12_module1_M1-B,M1-B,R041,کمار سانو ke khilaf school function mein raat bhar gaana gaane par kya case bana,KI,67310,MIXED,urdu_bm25,13,11252,13.159687042236328,50
post_phase12_module1_M1-B,M1-B,R041,کمار سانو ke khilaf school function mein raat bhar gaana gaane par kya case bana,KI,67310,MIXED,urdu_bm25,14,104611,12.687650680541992,50
post_phase12_module1_M1-B,M1-B,R041,کمار سانو ke khilaf school function mein raat bhar gaana gaane par kya case bana,KI,67310,MIXED,urdu_bm25,15,99554,12.668221473693848,50
post_phase12_module1_M1-B,M1-B,R041,کمار سانو ke khilaf school function mein raat bhar gaana gaane par kya case bana,KI,67310,MIXED,urdu_bm25,16,66991,12.666372299194336,50
post_phase12_module1_M1-B,M1-B,R041,کمار سانو ke khilaf school function mein raat bhar gaana gaane par kya case bana,KI,67310,MIXED,urdu_bm25,17,32165,12.16710376739502,50
post_phase12_module1_M1-B,M1-B,R041,کمار سانو ke khilaf school function mein raat bhar gaana gaane par kya case bana,KI,67310,MIXED,urdu_bm25,18,68842,11.848910331726074,50
post_phase12_module1_M1-B,M1-B,R041,کمار سانو ke khilaf school function mein raat bhar gaana gaane par kya case bana,KI,67310,MIXED,urdu_bm25,19,7705,10.384926795959473,50
post_phase12_module1_M1-B,M1-B,R041,کمار سانو ke khilaf school function mein raat bhar gaana gaane par kya case bana,KI,67310,MIXED,urdu_bm25,20,10368,10.271939277648926,50
post_phase12_module1_M1-B,M1-B,R041,کمار سانو ke khilaf school function mein raat bhar gaana gaane par kya case bana,KI,67310,MIXED,urdu_bm25,21,98732,9.90811538696289,50
post_phase12_module1_M1-B,M1-B,R041,کمار سانو ke khilaf school function mein raat bhar gaana gaane par kya case bana,KI,67310,MIXED,urdu_bm25,22,6068,9.691975593566895,50
post_phase12_module1_M1-B,M1-B,R041,کمار سانو ke khilaf school function mein raat bhar gaana gaane par kya case bana,KI,67310,MIXED,urdu_bm25,23,10022,8.503098487854004,50
post_phase12_module1_M1-B,M1-B,R041,کمار سانو ke khilaf school function mein raat bhar gaana gaane par kya case bana,KI,67310,MIXED,urdu_bm25,24,103223,8.446694374084473,50
post_phase12_module1_M1-B,M1-B,R041,کمار سانو ke khilaf school function mein raat bhar gaana gaane par kya case bana,KI,67310,MIXED,urdu_bm25,25,68285,8.42741584777832,50
post_phase12_module1_M1-B,M1-B,R041,کمار سانو ke khilaf school function mein raat bhar gaana gaane par kya case bana,KI,67310,MIXED,urdu_bm25,26,10782,8.419005393981934,50
post_phase12_module1_M1-B,M1-B,R041,کمار سانو ke khilaf school function mein raat bhar gaana gaane par kya case bana,KI,67310,MIXED,urdu_bm25,27,10813,8.376570701599121,50
post_phase12_module1_M1-B,M1-B,R041,کمار سانو ke khilaf school function mein raat bhar gaana gaane par kya case bana,KI,67310,MIXED,urdu_bm25,28,7402,8.376023292541504,50
post_phase12_module1_M1-B,M1-B,R041,کمار سانو ke khilaf school function mein raat bhar gaana gaane par kya case bana,KI,67310,MIXED,urdu_bm25,29,99556,8.358530044555664,50
post_phase12_module1_M1-B,M1-B,R041,کمار سانو ke khilaf school function mein raat bhar gaana gaane par kya case bana,KI,67310,MIXED,urdu_bm25,30,10587,8.342754364013672,50
post_phase12_module1_M1-B,M1-B,R041,کمار سانو ke khilaf school function mein raat bhar gaana gaane par kya case bana,KI,67310,MIXED,urdu_bm25,31,99785,8.330629348754883,50
post_phase12_module1_M1-B,M1-B,R041,کمار سانو ke khilaf school function mein raat bhar gaana gaane par kya case bana,KI,67310,MIXED,urdu_bm25,32,99782,8.315726280212402,50
post_phase12_module1_M1-B,M1-B,R041,کمار سانو ke khilaf school function mein raat bhar gaana gaane par kya case bana,KI,67310,MIXED,urdu_bm25,33,100197,8.31232738494873,50
post_phase12_module1_M1-B,M1-B,R041,کمار سانو ke khilaf school function mein raat bhar gaana gaane par kya case bana,KI,67310,MIXED,urdu_bm25,34,11182,8.310975074768066,50
post_phase12_module1_M1-B,M1-B,R041,کمار سانو ke khilaf school function mein raat bhar gaana gaane par kya case bana,KI,67310,MIXED,urdu_bm25,35,68315,8.308293342590332,50
post_phase12_module1_M1-B,M1-B,R041,کمار سانو ke khilaf school function mein raat bhar gaana gaane par kya case bana,KI,67310,MIXED,urdu_bm25,36,100155,8.304226875305176,50
post_phase12_module1_M1-B,M1-B,R041,کمار سانو ke khilaf school function mein raat bhar gaana gaane par kya case bana,KI,67310,MIXED,urdu_bm25,37,100200,8.282703399658203,50
post_phase12_module1_M1-B,M1-B,R041,کمار سانو ke khilaf school function mein raat bhar gaana gaane par kya case bana,KI,67310,MIXED,urdu_bm25,38,13204,8.279848098754883,50
post_phase12_module1_M1-B,M1-B,R041,کمار سانو ke khilaf school function mein raat bhar gaana gaane par kya case bana,KI,67310,MIXED,urdu_bm25,39,69203,8.217917442321777,50
post_phase12_module1_M1-B,M1-B,R041,کمار سانو ke khilaf school function mein raat bhar gaana gaane par kya case bana,KI,67310,MIXED,urdu_bm25,40,8234,8.216153144836426,50
post_phase12_module1_M1-B,M1-B,R041,کمار سانو ke khilaf school function mein raat bhar gaana gaane par kya case bana,KI,67310,MIXED,urdu_bm25,41,67168,8.213513374328613,50
post_phase12_module1_M1-B,M1-B,R041,کمار سانو ke khilaf school function mein raat bhar gaana gaane par kya case bana,KI,67310,MIXED,urdu_bm25,42,69453,8.205621719360352,50
post_phase12_module1_M1-B,M1-B,R041,کمار سانو ke khilaf school function mein raat bhar gaana gaane par kya case bana,KI,67310,MIXED,urdu_bm25,43,7318,8.199254035949707,50
post_phase12_module1_M1-B,M1-B,R041,کمار سانو ke khilaf school function mein raat bhar gaana gaane par kya case bana,KI,67310,MIXED,urdu_bm25,44,10997,8.198385238647461,50
post_phase12_module1_M1-B,M1-B,R041,کمار سانو ke khilaf school function mein raat bhar gaana gaane par kya case bana,KI,67310,MIXED,urdu_bm25,45,66925,8.196900367736816,50
post_phase12_module1_M1-B,M1-B,R041,کمار سانو ke khilaf school function mein raat bhar gaana gaane par kya case bana,KI,67310,MIXED,urdu_bm25,46,8326,8.192286491394043,50
post_phase12_module1_M1-B,M1-B,R041,کمار سانو ke khilaf school function mein raat bhar gaana gaane par kya case bana,KI,67310,MIXED,urdu_bm25,47,66894,8.165881156921387,50
post_phase12_module1_M1-B,M1-B,R041,کمار سانو ke khilaf school function mein raat bhar gaana gaane par kya case bana,KI,67310,MIXED,urdu_bm25,48,106711,8.15925407409668,50
post_phase12_module1_M1-B,M1-B,R041,کمار سانو ke khilaf school function mein raat bhar gaana gaane par kya case bana,KI,67310,MIXED,urdu_bm25,49,8121,8.158467292785645,50
post_phase12_module1_M1-B,M1-B,R041,کمار سانو ke khilaf school function mein raat bhar gaana gaane par kya case bana,KI,67310,MIXED,urdu_bm25,50,13212,8.157617568969727,50
post_phase12_module1_M1-B,M1-B,R042,Iran ne 100 meter door se corona mareez pehchanne wala kya device mutaarif karaya,KI,19807,ROMAN,roman_bm25_method_D,1,78784,15.162413597106934,50
post_phase12_module1_M1-B,M1-B,R042,Iran ne 100 meter door se corona mareez pehchanne wala kya device mutaarif karaya,KI,19807,ROMAN,roman_bm25_method_D,2,92356,14.948206901550293,50
post_phase12_module1_M1-B,M1-B,R042,Iran ne 100 meter door se corona mareez pehchanne wala kya device mutaarif karaya,KI,19807,ROMAN,roman_bm25_method_D,3,8481,7.8282952308654785,50
post_phase12_module1_M1-B,M1-B,R042,Iran ne 100 meter door se corona mareez pehchanne wala kya device mutaarif karaya,KI,19807,ROMAN,roman_bm25_method_D,4,67129,7.229670524597168,50
post_phase12_module1_M1-B,M1-B,R042,Iran ne 100 meter door se corona mareez pehchanne wala kya device mutaarif karaya,KI,19807,ROMAN,roman_bm25_method_D,5,7540,7.194223880767822,50
post_phase12_module1_M1-B,M1-B,R042,Iran ne 100 meter door se corona mareez pehchanne wala kya device mutaarif karaya,KI,19807,ROMAN,roman_bm25_method_D,6,70472,7.14598274230957,50
post_phase12_module1_M1-B,M1-B,R042,Iran ne 100 meter door se corona mareez pehchanne wala kya device mutaarif karaya,KI,19807,ROMAN,roman_bm25_method_D,7,70477,7.136524677276611,50
post_phase12_module1_M1-B,M1-B,R042,Iran ne 100 meter door se corona mareez pehchanne wala kya device mutaarif karaya,KI,19807,ROMAN,roman_bm25_method_D,8,45559,7.12318754196167,50
post_phase12_module1_M1-B,M1-B,R042,Iran ne 100 meter door se corona mareez pehchanne wala kya device mutaarif karaya,KI,19807,ROMAN,roman_bm25_method_D,9,65213,7.10757303237915,50
post_phase12_module1_M1-B,M1-B,R042,Iran ne 100 meter door se corona mareez pehchanne wala kya device mutaarif karaya,KI,19807,ROMAN,roman_bm25_method_D,10,9225,7.064379692077637,50
post_phase12_module1_M1-B,M1-B,R042,Iran ne 100 meter door se corona mareez pehchanne wala kya device mutaarif karaya,KI,19807,ROMAN,roman_bm25_method_D,11,98882,7.059946537017822,50
post_phase12_module1_M1-B,M1-B,R042,Iran ne 100 meter door se corona mareez pehchanne wala kya device mutaarif karaya,KI,19807,ROMAN,roman_bm25_method_D,12,65241,7.056487083435059,50
post_phase12_module1_M1-B,M1-B,R042,Iran ne 100 meter door se corona mareez pehchanne wala kya device mutaarif karaya,KI,19807,ROMAN,roman_bm25_method_D,13,100732,7.054567813873291,50
post_phase12_module1_M1-B,M1-B,R042,Iran ne 100 meter door se corona mareez pehchanne wala kya device mutaarif karaya,KI,19807,ROMAN,roman_bm25_method_D,14,71809,7.044829845428467,50
post_phase12_module1_M1-B,M1-B,R042,Iran ne 100 meter door se corona mareez pehchanne wala kya device mutaarif karaya,KI,19807,ROMAN,roman_bm25_method_D,15,32646,7.0291290283203125,50
post_phase12_module1_M1-B,M1-B,R042,Iran ne 100 meter door se corona mareez pehchanne wala kya device mutaarif karaya,KI,19807,ROMAN,roman_bm25_method_D,16,71870,7.026236057281494,50
post_phase12_module1_M1-B,M1-B,R042,Iran ne 100 meter door se corona mareez pehchanne wala kya device mutaarif karaya,KI,19807,ROMAN,roman_bm25_method_D,17,70492,7.008525371551514,50
post_phase12_module1_M1-B,M1-B,R042,Iran ne 100 meter door se corona mareez pehchanne wala kya device mutaarif karaya,KI,19807,ROMAN,roman_bm25_method_D,18,64669,7.00448751449585,50
post_phase12_module1_M1-B,M1-B,R042,Iran ne 100 meter door se corona mareez pehchanne wala kya device mutaarif karaya,KI,19807,ROMAN,roman_bm25_method_D,19,6360,7.001450538635254,50
post_phase12_module1_M1-B,M1-B,R042,Iran ne 100 meter door se corona mareez pehchanne wala kya device mutaarif karaya,KI,19807,ROMAN,roman_bm25_method_D,20,78041,6.998196125030518,50
post_phase12_module1_M1-B,M1-B,R042,Iran ne 100 meter door se corona mareez pehchanne wala kya device mutaarif karaya,KI,19807,ROMAN,roman_bm25_method_D,21,71075,6.990621566772461,50
post_phase12_module1_M1-B,M1-B,R042,Iran ne 100 meter door se corona mareez pehchanne wala kya device mutaarif karaya,KI,19807,ROMAN,roman_bm25_method_D,22,67111,6.990506649017334,50
post_phase12_module1_M1-B,M1-B,R042,Iran ne 100 meter door se corona mareez pehchanne wala kya device mutaarif karaya,KI,19807,ROMAN,roman_bm25_method_D,23,38770,6.9791388511657715,50
post_phase12_module1_M1-B,M1-B,R042,Iran ne 100 meter door se corona mareez pehchanne wala kya device mutaarif karaya,KI,19807,ROMAN,roman_bm25_method_D,24,71887,6.974547863006592,50
post_phase12_module1_M1-B,M1-B,R042,Iran ne 100 meter door se corona mareez pehchanne wala kya device mutaarif karaya,KI,19807,ROMAN,roman_bm25_method_D,25,110832,6.965027809143066,50
post_phase12_module1_M1-B,M1-B,R042,Iran ne 100 meter door se corona mareez pehchanne wala kya device mutaarif karaya,KI,19807,ROMAN,roman_bm25_method_D,26,100149,6.956103801727295,50
post_phase12_module1_M1-B,M1-B,R042,Iran ne 100 meter door se corona mareez pehchanne wala kya device mutaarif karaya,KI,19807,ROMAN,roman_bm25_method_D,27,72722,6.949519157409668,50
post_phase12_module1_M1-B,M1-B,R042,Iran ne 100 meter door se corona mareez pehchanne wala kya device mutaarif karaya,KI,19807,ROMAN,roman_bm25_method_D,28,100087,6.9400835037231445,50
post_phase12_module1_M1-B,M1-B,R042,Iran ne 100 meter door se corona mareez pehchanne wala kya device mutaarif karaya,KI,19807,ROMAN,roman_bm25_method_D,29,65065,6.937368869781494,50
post_phase12_module1_M1-B,M1-B,R042,Iran ne 100 meter door se corona mareez pehchanne wala kya device mutaarif karaya,KI,19807,ROMAN,roman_bm25_method_D,30,72143,6.9321465492248535,50
post_phase12_module1_M1-B,M1-B,R042,Iran ne 100 meter door se corona mareez pehchanne wala kya device mutaarif karaya,KI,19807,ROMAN,roman_bm25_method_D,31,39866,6.930267333984375,50
post_phase12_module1_M1-B,M1-B,R042,Iran ne 100 meter door se corona mareez pehchanne wala kya device mutaarif karaya,KI,19807,ROMAN,roman_bm25_method_D,32,8434,6.910434722900391,50
post_phase12_module1_M1-B,M1-B,R042,Iran ne 100 meter door se corona mareez pehchanne wala kya device mutaarif karaya,KI,19807,ROMAN,roman_bm25_method_D,33,48590,6.90410852432251,50
post_phase12_module1_M1-B,M1-B,R042,Iran ne 100 meter door se corona mareez pehchanne wala kya device mutaarif karaya,KI,19807,ROMAN,roman_bm25_method_D,34,65587,6.902411937713623,50
post_phase12_module1_M1-B,M1-B,R042,Iran ne 100 meter door se corona mareez pehchanne wala kya device mutaarif karaya,KI,19807,ROMAN,roman_bm25_method_D,35,76223,6.900211334228516,50
post_phase12_module1_M1-B,M1-B,R042,Iran ne 100 meter door se corona mareez pehchanne wala kya device mutaarif karaya,KI,19807,ROMAN,roman_bm25_method_D,36,65254,6.893709659576416,50
post_phase12_module1_M1-B,M1-B,R042,Iran ne 100 meter door se corona mareez pehchanne wala kya device mutaarif karaya,KI,19807,ROMAN,roman_bm25_method_D,37,73220,6.889318466186523,50
post_phase12_module1_M1-B,M1-B,R042,Iran ne 100 meter door se corona mareez pehchanne wala kya device mutaarif karaya,KI,19807,ROMAN,roman_bm25_method_D,38,110713,6.8873515129089355,50
post_phase12_module1_M1-B,M1-B,R042,Iran ne 100 meter door se corona mareez pehchanne wala kya device mutaarif karaya,KI,19807,ROMAN,roman_bm25_method_D,39,65654,6.886773109436035,50
post_phase12_module1_M1-B,M1-B,R042,Iran ne 100 meter door se corona mareez pehchanne wala kya device mutaarif karaya,KI,19807,ROMAN,roman_bm25_method_D,40,42428,6.8747992515563965,50
post_phase12_module1_M1-B,M1-B,R042,Iran ne 100 meter door se corona mareez pehchanne wala kya device mutaarif karaya,KI,19807,ROMAN,roman_bm25_method_D,41,71833,6.866776943206787,50
post_phase12_module1_M1-B,M1-B,R042,Iran ne 100 meter door se corona mareez pehchanne wala kya device mutaarif karaya,KI,19807,ROMAN,roman_bm25_method_D,42,84350,6.854118824005127,50
post_phase12_module1_M1-B,M1-B,R042,Iran ne 100 meter door se corona mareez pehchanne wala kya device mutaarif karaya,KI,19807,ROMAN,roman_bm25_method_D,43,41198,6.8516106605529785,50
post_phase12_module1_M1-B,M1-B,R042,Iran ne 100 meter door se corona mareez pehchanne wala kya device mutaarif karaya,KI,19807,ROMAN,roman_bm25_method_D,44,27591,6.847770690917969,50
post_phase12_module1_M1-B,M1-B,R042,Iran ne 100 meter door se corona mareez pehchanne wala kya device mutaarif karaya,KI,19807,ROMAN,roman_bm25_method_D,45,77192,6.842895984649658,50
post_phase12_module1_M1-B,M1-B,R042,Iran ne 100 meter door se corona mareez pehchanne wala kya device mutaarif karaya,KI,19807,ROMAN,roman_bm25_method_D,46,27735,6.840705871582031,50
post_phase12_module1_M1-B,M1-B,R042,Iran ne 100 meter door se corona mareez pehchanne wala kya device mutaarif karaya,KI,19807,ROMAN,roman_bm25_method_D,47,64602,6.835850715637207,50
post_phase12_module1_M1-B,M1-B,R042,Iran ne 100 meter door se corona mareez pehchanne wala kya device mutaarif karaya,KI,19807,ROMAN,roman_bm25_method_D,48,72282,6.832122802734375,50
post_phase12_module1_M1-B,M1-B,R042,Iran ne 100 meter door se corona mareez pehchanne wala kya device mutaarif karaya,KI,19807,ROMAN,roman_bm25_method_D,49,28911,6.823822498321533,50
post_phase12_module1_M1-B,M1-B,R042,Iran ne 100 meter door se corona mareez pehchanne wala kya device mutaarif karaya,KI,19807,ROMAN,roman_bm25_method_D,50,76345,6.821781158447266,50
post_phase12_module1_M1-B,M1-B,R043,نرگس فخری ne hamla hone ki afwahon par kya jawab diya,KI,7449,MIXED,urdu_bm25,1,69964,29.557559967041016,50
post_phase12_module1_M1-B,M1-B,R043,نرگس فخری ne hamla hone ki afwahon par kya jawab diya,KI,7449,MIXED,urdu_bm25,2,10081,29.36058807373047,50
post_phase12_module1_M1-B,M1-B,R043,نرگس فخری ne hamla hone ki afwahon par kya jawab diya,KI,7449,MIXED,urdu_bm25,3,101952,29.041542053222656,50
post_phase12_module1_M1-B,M1-B,R043,نرگس فخری ne hamla hone ki afwahon par kya jawab diya,KI,7449,MIXED,urdu_bm25,4,7449,28.457115173339844,50
post_phase12_module1_M1-B,M1-B,R043,نرگس فخری ne hamla hone ki afwahon par kya jawab diya,KI,7449,MIXED,urdu_bm25,5,106941,28.257335662841797,50
post_phase12_module1_M1-B,M1-B,R043,نرگس فخری ne hamla hone ki afwahon par kya jawab diya,KI,7449,MIXED,urdu_bm25,6,12744,28.190034866333008,50
post_phase12_module1_M1-B,M1-B,R043,نرگس فخری ne hamla hone ki afwahon par kya jawab diya,KI,7449,MIXED,urdu_bm25,7,11696,28.056095123291016,50
post_phase12_module1_M1-B,M1-B,R043,نرگس فخری ne hamla hone ki afwahon par kya jawab diya,KI,7449,MIXED,urdu_bm25,8,68624,28.014881134033203,50
post_phase12_module1_M1-B,M1-B,R043,نرگس فخری ne hamla hone ki afwahon par kya jawab diya,KI,7449,MIXED,urdu_bm25,9,107705,27.55956268310547,50
post_phase12_module1_M1-B,M1-B,R043,نرگس فخری ne hamla hone ki afwahon par kya jawab diya,KI,7449,MIXED,urdu_bm25,10,50755,27.536746978759766,50
post_phase12_module1_M1-B,M1-B,R043,نرگس فخری ne hamla hone ki afwahon par kya jawab diya,KI,7449,MIXED,urdu_bm25,11,12417,27.459827423095703,50
post_phase12_module1_M1-B,M1-B,R043,نرگس فخری ne hamla hone ki afwahon par kya jawab diya,KI,7449,MIXED,urdu_bm25,12,107708,27.28445816040039,50
post_phase12_module1_M1-B,M1-B,R043,نرگس فخری ne hamla hone ki afwahon par kya jawab diya,KI,7449,MIXED,urdu_bm25,13,106939,26.696910858154297,50
post_phase12_module1_M1-B,M1-B,R043,نرگس فخری ne hamla hone ki afwahon par kya jawab diya,KI,7449,MIXED,urdu_bm25,14,108286,26.67916488647461,50
post_phase12_module1_M1-B,M1-B,R043,نرگس فخری ne hamla hone ki afwahon par kya jawab diya,KI,7449,MIXED,urdu_bm25,15,67733,26.429977416992188,50
post_phase12_module1_M1-B,M1-B,R043,نرگس فخری ne hamla hone ki afwahon par kya jawab diya,KI,7449,MIXED,urdu_bm25,16,50060,26.32309341430664,50
post_phase12_module1_M1-B,M1-B,R043,نرگس فخری ne hamla hone ki afwahon par kya jawab diya,KI,7449,MIXED,urdu_bm25,17,13161,26.31402587890625,50
post_phase12_module1_M1-B,M1-B,R043,نرگس فخری ne hamla hone ki afwahon par kya jawab diya,KI,7449,MIXED,urdu_bm25,18,68272,26.242321014404297,50
post_phase12_module1_M1-B,M1-B,R043,نرگس فخری ne hamla hone ki afwahon par kya jawab diya,KI,7449,MIXED,urdu_bm25,19,10207,26.077367782592773,50
post_phase12_module1_M1-B,M1-B,R043,نرگس فخری ne hamla hone ki afwahon par kya jawab diya,KI,7449,MIXED,urdu_bm25,20,101934,25.967458724975586,50
post_phase12_module1_M1-B,M1-B,R043,نرگس فخری ne hamla hone ki afwahon par kya jawab diya,KI,7449,MIXED,urdu_bm25,21,102602,25.805744171142578,50
post_phase12_module1_M1-B,M1-B,R043,نرگس فخری ne hamla hone ki afwahon par kya jawab diya,KI,7449,MIXED,urdu_bm25,22,106890,25.525863647460938,50
post_phase12_module1_M1-B,M1-B,R043,نرگس فخری ne hamla hone ki afwahon par kya jawab diya,KI,7449,MIXED,urdu_bm25,23,107242,25.397581100463867,50
post_phase12_module1_M1-B,M1-B,R043,نرگس فخری ne hamla hone ki afwahon par kya jawab diya,KI,7449,MIXED,urdu_bm25,24,105760,25.2060546875,50
post_phase12_module1_M1-B,M1-B,R043,نرگس فخری ne hamla hone ki afwahon par kya jawab diya,KI,7449,MIXED,urdu_bm25,25,13706,25.169334411621094,50
post_phase12_module1_M1-B,M1-B,R043,نرگس فخری ne hamla hone ki afwahon par kya jawab diya,KI,7449,MIXED,urdu_bm25,26,12548,24.935333251953125,50
post_phase12_module1_M1-B,M1-B,R043,نرگس فخری ne hamla hone ki afwahon par kya jawab diya,KI,7449,MIXED,urdu_bm25,27,106873,24.83548355102539,50
post_phase12_module1_M1-B,M1-B,R043,نرگس فخری ne hamla hone ki afwahon par kya jawab diya,KI,7449,MIXED,urdu_bm25,28,107073,24.4667911529541,50
post_phase12_module1_M1-B,M1-B,R043,نرگس فخری ne hamla hone ki afwahon par kya jawab diya,KI,7449,MIXED,urdu_bm25,29,100990,24.367950439453125,50
post_phase12_module1_M1-B,M1-B,R043,نرگس فخری ne hamla hone ki afwahon par kya jawab diya,KI,7449,MIXED,urdu_bm25,30,69163,24.260658264160156,50
post_phase12_module1_M1-B,M1-B,R043,نرگس فخری ne hamla hone ki afwahon par kya jawab diya,KI,7449,MIXED,urdu_bm25,31,48473,24.179441452026367,50
post_phase12_module1_M1-B,M1-B,R043,نرگس فخری ne hamla hone ki afwahon par kya jawab diya,KI,7449,MIXED,urdu_bm25,32,106805,24.017017364501953,50
post_phase12_module1_M1-B,M1-B,R043,نرگس فخری ne hamla hone ki afwahon par kya jawab diya,KI,7449,MIXED,urdu_bm25,33,106928,23.788005828857422,50
post_phase12_module1_M1-B,M1-B,R043,نرگس فخری ne hamla hone ki afwahon par kya jawab diya,KI,7449,MIXED,urdu_bm25,34,24064,23.46016502380371,50
post_phase12_module1_M1-B,M1-B,R043,نرگس فخری ne hamla hone ki afwahon par kya jawab diya,KI,7449,MIXED,urdu_bm25,35,108122,23.08278465270996,50
post_phase12_module1_M1-B,M1-B,R043,نرگس فخری ne hamla hone ki afwahon par kya jawab diya,KI,7449,MIXED,urdu_bm25,36,69195,23.08278465270996,50
post_phase12_module1_M1-B,M1-B,R043,نرگس فخری ne hamla hone ki afwahon par kya jawab diya,KI,7449,MIXED,urdu_bm25,37,69771,23.018888473510742,50
post_phase12_module1_M1-B,M1-B,R043,نرگس فخری ne hamla hone ki afwahon par kya jawab diya,KI,7449,MIXED,urdu_bm25,38,18621,22.170001983642578,50
post_phase12_module1_M1-B,M1-B,R043,نرگس فخری ne hamla hone ki afwahon par kya jawab diya,KI,7449,MIXED,urdu_bm25,39,69692,21.78280258178711,50
post_phase12_module1_M1-B,M1-B,R043,نرگس فخری ne hamla hone ki afwahon par kya jawab diya,KI,7449,MIXED,urdu_bm25,40,105894,21.139236450195312,50
post_phase12_module1_M1-B,M1-B,R043,نرگس فخری ne hamla hone ki afwahon par kya jawab diya,KI,7449,MIXED,urdu_bm25,41,106849,20.9379825592041,50
post_phase12_module1_M1-B,M1-B,R043,نرگس فخری ne hamla hone ki afwahon par kya jawab diya,KI,7449,MIXED,urdu_bm25,42,13121,20.91033172607422,50
post_phase12_module1_M1-B,M1-B,R043,نرگس فخری ne hamla hone ki afwahon par kya jawab diya,KI,7449,MIXED,urdu_bm25,43,12473,20.775997161865234,50
post_phase12_module1_M1-B,M1-B,R043,نرگس فخری ne hamla hone ki afwahon par kya jawab diya,KI,7449,MIXED,urdu_bm25,44,106574,20.612506866455078,50
post_phase12_module1_M1-B,M1-B,R043,نرگس فخری ne hamla hone ki afwahon par kya jawab diya,KI,7449,MIXED,urdu_bm25,45,105929,19.96869659423828,50
post_phase12_module1_M1-B,M1-B,R043,نرگس فخری ne hamla hone ki afwahon par kya jawab diya,KI,7449,MIXED,urdu_bm25,46,15721,19.535240173339844,50
post_phase12_module1_M1-B,M1-B,R043,نرگس فخری ne hamla hone ki afwahon par kya jawab diya,KI,7449,MIXED,urdu_bm25,47,106876,18.827804565429688,50
post_phase12_module1_M1-B,M1-B,R043,نرگس فخری ne hamla hone ki afwahon par kya jawab diya,KI,7449,MIXED,urdu_bm25,48,69690,18.591062545776367,50
post_phase12_module1_M1-B,M1-B,R043,نرگس فخری ne hamla hone ki afwahon par kya jawab diya,KI,7449,MIXED,urdu_bm25,49,102862,18.385543823242188,50
post_phase12_module1_M1-B,M1-B,R043,نرگس فخری ne hamla hone ki afwahon par kya jawab diya,KI,7449,MIXED,urdu_bm25,50,69814,18.264404296875,50
post_phase12_module1_M1-B,M1-B,R044,اسحاق ڈار ne SECP ki karکردagi par kya raay di,KI,40802,MIXED,urdu_bm25,1,71987,19.891756057739258,50
post_phase12_module1_M1-B,M1-B,R044,اسحاق ڈار ne SECP ki karکردagi par kya raay di,KI,40802,MIXED,urdu_bm25,2,73016,19.793106079101562,50
post_phase12_module1_M1-B,M1-B,R044,اسحاق ڈار ne SECP ki karکردagi par kya raay di,KI,40802,MIXED,urdu_bm25,3,61937,19.32879638671875,50
post_phase12_module1_M1-B,M1-B,R044,اسحاق ڈار ne SECP ki karکردagi par kya raay di,KI,40802,MIXED,urdu_bm25,4,61814,19.173778533935547,50
post_phase12_module1_M1-B,M1-B,R044,اسحاق ڈار ne SECP ki karکردagi par kya raay di,KI,40802,MIXED,urdu_bm25,5,60898,19.134918212890625,50
post_phase12_module1_M1-B,M1-B,R044,اسحاق ڈار ne SECP ki karکردagi par kya raay di,KI,40802,MIXED,urdu_bm25,6,72184,19.134918212890625,50
post_phase12_module1_M1-B,M1-B,R044,اسحاق ڈار ne SECP ki karکردagi par kya raay di,KI,40802,MIXED,urdu_bm25,7,75862,19.105613708496094,50
post_phase12_module1_M1-B,M1-B,R044,اسحاق ڈار ne SECP ki karکردagi par kya raay di,KI,40802,MIXED,urdu_bm25,8,39931,19.039661407470703,50
post_phase12_module1_M1-B,M1-B,R044,اسحاق ڈار ne SECP ki karکردagi par kya raay di,KI,40802,MIXED,urdu_bm25,9,61372,18.958232879638672,50
post_phase12_module1_M1-B,M1-B,R044,اسحاق ڈار ne SECP ki karکردagi par kya raay di,KI,40802,MIXED,urdu_bm25,10,76104,18.945858001708984,50
post_phase12_module1_M1-B,M1-B,R044,اسحاق ڈار ne SECP ki karکردagi par kya raay di,KI,40802,MIXED,urdu_bm25,11,61348,18.930461883544922,50
post_phase12_module1_M1-B,M1-B,R044,اسحاق ڈار ne SECP ki karکردagi par kya raay di,KI,40802,MIXED,urdu_bm25,12,61973,18.93029022216797,50
post_phase12_module1_M1-B,M1-B,R044,اسحاق ڈار ne SECP ki karکردagi par kya raay di,KI,40802,MIXED,urdu_bm25,13,61306,18.919923782348633,50
post_phase12_module1_M1-B,M1-B,R044,اسحاق ڈار ne SECP ki karکردagi par kya raay di,KI,40802,MIXED,urdu_bm25,14,60965,18.858837127685547,50
post_phase12_module1_M1-B,M1-B,R044,اسحاق ڈار ne SECP ki karکردagi par kya raay di,KI,40802,MIXED,urdu_bm25,15,72035,18.848915100097656,50
post_phase12_module1_M1-B,M1-B,R044,اسحاق ڈار ne SECP ki karکردagi par kya raay di,KI,40802,MIXED,urdu_bm25,16,76552,18.774208068847656,50
post_phase12_module1_M1-B,M1-B,R044,اسحاق ڈار ne SECP ki karکردagi par kya raay di,KI,40802,MIXED,urdu_bm25,17,60963,18.738367080688477,50
post_phase12_module1_M1-B,M1-B,R044,اسحاق ڈار ne SECP ki karکردagi par kya raay di,KI,40802,MIXED,urdu_bm25,18,62915,18.726642608642578,50
post_phase12_module1_M1-B,M1-B,R044,اسحاق ڈار ne SECP ki karکردagi par kya raay di,KI,40802,MIXED,urdu_bm25,19,62485,18.72265625,50
post_phase12_module1_M1-B,M1-B,R044,اسحاق ڈار ne SECP ki karکردagi par kya raay di,KI,40802,MIXED,urdu_bm25,20,41000,18.7210636138916,50
post_phase12_module1_M1-B,M1-B,R044,اسحاق ڈار ne SECP ki karکردagi par kya raay di,KI,40802,MIXED,urdu_bm25,21,75137,18.68032455444336,50
post_phase12_module1_M1-B,M1-B,R044,اسحاق ڈار ne SECP ki karکردagi par kya raay di,KI,40802,MIXED,urdu_bm25,22,74076,18.662342071533203,50
post_phase12_module1_M1-B,M1-B,R044,اسحاق ڈار ne SECP ki karکردagi par kya raay di,KI,40802,MIXED,urdu_bm25,23,74798,18.64957618713379,50
post_phase12_module1_M1-B,M1-B,R044,اسحاق ڈار ne SECP ki karکردagi par kya raay di,KI,40802,MIXED,urdu_bm25,24,62679,18.64957618713379,50
post_phase12_module1_M1-B,M1-B,R044,اسحاق ڈار ne SECP ki karکردagi par kya raay di,KI,40802,MIXED,urdu_bm25,25,61201,18.635082244873047,50
post_phase12_module1_M1-B,M1-B,R044,اسحاق ڈار ne SECP ki karکردagi par kya raay di,KI,40802,MIXED,urdu_bm25,26,73324,18.635053634643555,50
post_phase12_module1_M1-B,M1-B,R044,اسحاق ڈار ne SECP ki karکردagi par kya raay di,KI,40802,MIXED,urdu_bm25,27,73631,18.590892791748047,50
post_phase12_module1_M1-B,M1-B,R044,اسحاق ڈار ne SECP ki karکردagi par kya raay di,KI,40802,MIXED,urdu_bm25,28,73250,18.5684814453125,50
post_phase12_module1_M1-B,M1-B,R044,اسحاق ڈار ne SECP ki karکردagi par kya raay di,KI,40802,MIXED,urdu_bm25,29,61088,18.557926177978516,50
post_phase12_module1_M1-B,M1-B,R044,اسحاق ڈار ne SECP ki karکردagi par kya raay di,KI,40802,MIXED,urdu_bm25,30,61250,18.552600860595703,50
post_phase12_module1_M1-B,M1-B,R044,اسحاق ڈار ne SECP ki karکردagi par kya raay di,KI,40802,MIXED,urdu_bm25,31,72747,18.507810592651367,50
post_phase12_module1_M1-B,M1-B,R044,اسحاق ڈار ne SECP ki karکردagi par kya raay di,KI,40802,MIXED,urdu_bm25,32,39712,18.471311569213867,50
post_phase12_module1_M1-B,M1-B,R044,اسحاق ڈار ne SECP ki karکردagi par kya raay di,KI,40802,MIXED,urdu_bm25,33,61284,18.467586517333984,50
post_phase12_module1_M1-B,M1-B,R044,اسحاق ڈار ne SECP ki karکردagi par kya raay di,KI,40802,MIXED,urdu_bm25,34,72167,18.449378967285156,50
post_phase12_module1_M1-B,M1-B,R044,اسحاق ڈار ne SECP ki karکردagi par kya raay di,KI,40802,MIXED,urdu_bm25,35,76899,18.434268951416016,50
post_phase12_module1_M1-B,M1-B,R044,اسحاق ڈار ne SECP ki karکردagi par kya raay di,KI,40802,MIXED,urdu_bm25,36,73517,18.36563491821289,50
post_phase12_module1_M1-B,M1-B,R044,اسحاق ڈار ne SECP ki karکردagi par kya raay di,KI,40802,MIXED,urdu_bm25,37,63017,18.347545623779297,50
post_phase12_module1_M1-B,M1-B,R044,اسحاق ڈار ne SECP ki karکردagi par kya raay di,KI,40802,MIXED,urdu_bm25,38,76328,18.337242126464844,50
post_phase12_module1_M1-B,M1-B,R044,اسحاق ڈار ne SECP ki karکردagi par kya raay di,KI,40802,MIXED,urdu_bm25,39,73123,18.329975128173828,50
post_phase12_module1_M1-B,M1-B,R044,اسحاق ڈار ne SECP ki karکردagi par kya raay di,KI,40802,MIXED,urdu_bm25,40,75883,18.31747817993164,50
post_phase12_module1_M1-B,M1-B,R044,اسحاق ڈار ne SECP ki karکردagi par kya raay di,KI,40802,MIXED,urdu_bm25,41,62897,18.278072357177734,50
post_phase12_module1_M1-B,M1-B,R044,اسحاق ڈار ne SECP ki karکردagi par kya raay di,KI,40802,MIXED,urdu_bm25,42,72150,18.273561477661133,50
post_phase12_module1_M1-B,M1-B,R044,اسحاق ڈار ne SECP ki karکردagi par kya raay di,KI,40802,MIXED,urdu_bm25,43,72420,18.273561477661133,50
post_phase12_module1_M1-B,M1-B,R044,اسحاق ڈار ne SECP ki karکردagi par kya raay di,KI,40802,MIXED,urdu_bm25,44,73118,18.270854949951172,50
post_phase12_module1_M1-B,M1-B,R044,اسحاق ڈار ne SECP ki karکردagi par kya raay di,KI,40802,MIXED,urdu_bm25,45,74311,18.25843620300293,50
post_phase12_module1_M1-B,M1-B,R044,اسحاق ڈار ne SECP ki karکردagi par kya raay di,KI,40802,MIXED,urdu_bm25,46,61609,18.212112426757812,50
post_phase12_module1_M1-B,M1-B,R044,اسحاق ڈار ne SECP ki karکردagi par kya raay di,KI,40802,MIXED,urdu_bm25,47,75673,18.180301666259766,50
post_phase12_module1_M1-B,M1-B,R044,اسحاق ڈار ne SECP ki karکردagi par kya raay di,KI,40802,MIXED,urdu_bm25,48,75401,18.180301666259766,50
post_phase12_module1_M1-B,M1-B,R044,اسحاق ڈار ne SECP ki karکردagi par kya raay di,KI,40802,MIXED,urdu_bm25,49,62935,18.15056800842285,50
post_phase12_module1_M1-B,M1-B,R044,اسحاق ڈار ne SECP ki karکردagi par kya raay di,KI,40802,MIXED,urdu_bm25,50,62914,18.139076232910156,50
post_phase12_module1_M1-B,M1-B,R045,Galaxy S10 ke kitne alag versions leak hokar samne aaye hain,KI,21313,ROMAN,roman_bm25_method_D,1,73052,5.458777904510498,50
post_phase12_module1_M1-B,M1-B,R045,Galaxy S10 ke kitne alag versions leak hokar samne aaye hain,KI,21313,ROMAN,roman_bm25_method_D,2,23083,5.1969313621521,50
post_phase12_module1_M1-B,M1-B,R045,Galaxy S10 ke kitne alag versions leak hokar samne aaye hain,KI,21313,ROMAN,roman_bm25_method_D,3,21572,5.180606842041016,50
post_phase12_module1_M1-B,M1-B,R045,Galaxy S10 ke kitne alag versions leak hokar samne aaye hain,KI,21313,ROMAN,roman_bm25_method_D,4,97317,5.154403209686279,50
post_phase12_module1_M1-B,M1-B,R045,Galaxy S10 ke kitne alag versions leak hokar samne aaye hain,KI,21313,ROMAN,roman_bm25_method_D,5,86736,5.150448322296143,50
post_phase12_module1_M1-B,M1-B,R045,Galaxy S10 ke kitne alag versions leak hokar samne aaye hain,KI,21313,ROMAN,roman_bm25_method_D,6,86780,5.124221324920654,50
post_phase12_module1_M1-B,M1-B,R045,Galaxy S10 ke kitne alag versions leak hokar samne aaye hain,KI,21313,ROMAN,roman_bm25_method_D,7,94510,5.120762825012207,50
post_phase12_module1_M1-B,M1-B,R045,Galaxy S10 ke kitne alag versions leak hokar samne aaye hain,KI,21313,ROMAN,roman_bm25_method_D,8,85556,5.064587593078613,50
post_phase12_module1_M1-B,M1-B,R045,Galaxy S10 ke kitne alag versions leak hokar samne aaye hain,KI,21313,ROMAN,roman_bm25_method_D,9,88555,5.035286903381348,50
post_phase12_module1_M1-B,M1-B,R045,Galaxy S10 ke kitne alag versions leak hokar samne aaye hain,KI,21313,ROMAN,roman_bm25_method_D,10,48285,5.029493808746338,50
post_phase12_module1_M1-B,M1-B,R045,Galaxy S10 ke kitne alag versions leak hokar samne aaye hain,KI,21313,ROMAN,roman_bm25_method_D,11,15261,5.011438846588135,50
post_phase12_module1_M1-B,M1-B,R045,Galaxy S10 ke kitne alag versions leak hokar samne aaye hain,KI,21313,ROMAN,roman_bm25_method_D,12,57812,5.009093761444092,50
post_phase12_module1_M1-B,M1-B,R045,Galaxy S10 ke kitne alag versions leak hokar samne aaye hain,KI,21313,ROMAN,roman_bm25_method_D,13,18321,5.004133701324463,50
post_phase12_module1_M1-B,M1-B,R045,Galaxy S10 ke kitne alag versions leak hokar samne aaye hain,KI,21313,ROMAN,roman_bm25_method_D,14,53658,4.990732669830322,50
post_phase12_module1_M1-B,M1-B,R045,Galaxy S10 ke kitne alag versions leak hokar samne aaye hain,KI,21313,ROMAN,roman_bm25_method_D,15,86427,4.986666202545166,50
post_phase12_module1_M1-B,M1-B,R045,Galaxy S10 ke kitne alag versions leak hokar samne aaye hain,KI,21313,ROMAN,roman_bm25_method_D,16,6202,4.963047981262207,50
post_phase12_module1_M1-B,M1-B,R045,Galaxy S10 ke kitne alag versions leak hokar samne aaye hain,KI,21313,ROMAN,roman_bm25_method_D,17,102128,4.9483962059021,50
post_phase12_module1_M1-B,M1-B,R045,Galaxy S10 ke kitne alag versions leak hokar samne aaye hain,KI,21313,ROMAN,roman_bm25_method_D,18,5269,4.943750381469727,50
post_phase12_module1_M1-B,M1-B,R045,Galaxy S10 ke kitne alag versions leak hokar samne aaye hain,KI,21313,ROMAN,roman_bm25_method_D,19,23554,4.941823482513428,50
post_phase12_module1_M1-B,M1-B,R045,Galaxy S10 ke kitne alag versions leak hokar samne aaye hain,KI,21313,ROMAN,roman_bm25_method_D,20,60985,4.923967361450195,50
post_phase12_module1_M1-B,M1-B,R045,Galaxy S10 ke kitne alag versions leak hokar samne aaye hain,KI,21313,ROMAN,roman_bm25_method_D,21,103519,4.918853282928467,50
post_phase12_module1_M1-B,M1-B,R045,Galaxy S10 ke kitne alag versions leak hokar samne aaye hain,KI,21313,ROMAN,roman_bm25_method_D,22,6813,4.912369728088379,50
post_phase12_module1_M1-B,M1-B,R045,Galaxy S10 ke kitne alag versions leak hokar samne aaye hain,KI,21313,ROMAN,roman_bm25_method_D,23,22858,4.909616947174072,50
post_phase12_module1_M1-B,M1-B,R045,Galaxy S10 ke kitne alag versions leak hokar samne aaye hain,KI,21313,ROMAN,roman_bm25_method_D,24,44744,4.90877628326416,50
post_phase12_module1_M1-B,M1-B,R045,Galaxy S10 ke kitne alag versions leak hokar samne aaye hain,KI,21313,ROMAN,roman_bm25_method_D,25,59702,4.90424919128418,50
post_phase12_module1_M1-B,M1-B,R045,Galaxy S10 ke kitne alag versions leak hokar samne aaye hain,KI,21313,ROMAN,roman_bm25_method_D,26,85874,4.896999835968018,50
post_phase12_module1_M1-B,M1-B,R045,Galaxy S10 ke kitne alag versions leak hokar samne aaye hain,KI,21313,ROMAN,roman_bm25_method_D,27,94934,4.890307903289795,50
post_phase12_module1_M1-B,M1-B,R045,Galaxy S10 ke kitne alag versions leak hokar samne aaye hain,KI,21313,ROMAN,roman_bm25_method_D,28,18601,4.874386787414551,50
post_phase12_module1_M1-B,M1-B,R045,Galaxy S10 ke kitne alag versions leak hokar samne aaye hain,KI,21313,ROMAN,roman_bm25_method_D,29,22031,4.861344814300537,50
post_phase12_module1_M1-B,M1-B,R045,Galaxy S10 ke kitne alag versions leak hokar samne aaye hain,KI,21313,ROMAN,roman_bm25_method_D,30,22894,4.860292434692383,50
post_phase12_module1_M1-B,M1-B,R045,Galaxy S10 ke kitne alag versions leak hokar samne aaye hain,KI,21313,ROMAN,roman_bm25_method_D,31,89570,4.849728107452393,50
post_phase12_module1_M1-B,M1-B,R045,Galaxy S10 ke kitne alag versions leak hokar samne aaye hain,KI,21313,ROMAN,roman_bm25_method_D,32,86737,4.846779823303223,50
post_phase12_module1_M1-B,M1-B,R045,Galaxy S10 ke kitne alag versions leak hokar samne aaye hain,KI,21313,ROMAN,roman_bm25_method_D,33,22463,4.83915901184082,50
post_phase12_module1_M1-B,M1-B,R045,Galaxy S10 ke kitne alag versions leak hokar samne aaye hain,KI,21313,ROMAN,roman_bm25_method_D,34,22696,4.82010555267334,50
post_phase12_module1_M1-B,M1-B,R045,Galaxy S10 ke kitne alag versions leak hokar samne aaye hain,KI,21313,ROMAN,roman_bm25_method_D,35,51192,4.806049346923828,50
post_phase12_module1_M1-B,M1-B,R045,Galaxy S10 ke kitne alag versions leak hokar samne aaye hain,KI,21313,ROMAN,roman_bm25_method_D,36,47071,4.802624225616455,50
post_phase12_module1_M1-B,M1-B,R045,Galaxy S10 ke kitne alag versions leak hokar samne aaye hain,KI,21313,ROMAN,roman_bm25_method_D,37,5894,4.797111511230469,50
post_phase12_module1_M1-B,M1-B,R045,Galaxy S10 ke kitne alag versions leak hokar samne aaye hain,KI,21313,ROMAN,roman_bm25_method_D,38,56721,4.792209148406982,50
post_phase12_module1_M1-B,M1-B,R045,Galaxy S10 ke kitne alag versions leak hokar samne aaye hain,KI,21313,ROMAN,roman_bm25_method_D,39,21012,4.774190902709961,50
post_phase12_module1_M1-B,M1-B,R045,Galaxy S10 ke kitne alag versions leak hokar samne aaye hain,KI,21313,ROMAN,roman_bm25_method_D,40,57093,4.769157886505127,50
post_phase12_module1_M1-B,M1-B,R045,Galaxy S10 ke kitne alag versions leak hokar samne aaye hain,KI,21313,ROMAN,roman_bm25_method_D,41,20996,4.766967296600342,50
post_phase12_module1_M1-B,M1-B,R045,Galaxy S10 ke kitne alag versions leak hokar samne aaye hain,KI,21313,ROMAN,roman_bm25_method_D,42,99576,4.753908157348633,50
post_phase12_module1_M1-B,M1-B,R045,Galaxy S10 ke kitne alag versions leak hokar samne aaye hain,KI,21313,ROMAN,roman_bm25_method_D,43,5301,4.753147125244141,50
post_phase12_module1_M1-B,M1-B,R045,Galaxy S10 ke kitne alag versions leak hokar samne aaye hain,KI,21313,ROMAN,roman_bm25_method_D,44,8768,4.734747886657715,50
post_phase12_module1_M1-B,M1-B,R045,Galaxy S10 ke kitne alag versions leak hokar samne aaye hain,KI,21313,ROMAN,roman_bm25_method_D,45,101801,4.722883701324463,50
post_phase12_module1_M1-B,M1-B,R045,Galaxy S10 ke kitne alag versions leak hokar samne aaye hain,KI,21313,ROMAN,roman_bm25_method_D,46,23705,4.721977710723877,50
post_phase12_module1_M1-B,M1-B,R045,Galaxy S10 ke kitne alag versions leak hokar samne aaye hain,KI,21313,ROMAN,roman_bm25_method_D,47,20926,4.718838214874268,50
post_phase12_module1_M1-B,M1-B,R045,Galaxy S10 ke kitne alag versions leak hokar samne aaye hain,KI,21313,ROMAN,roman_bm25_method_D,48,41749,4.714437484741211,50
post_phase12_module1_M1-B,M1-B,R045,Galaxy S10 ke kitne alag versions leak hokar samne aaye hain,KI,21313,ROMAN,roman_bm25_method_D,49,21450,4.71251106262207,50
post_phase12_module1_M1-B,M1-B,R045,Galaxy S10 ke kitne alag versions leak hokar samne aaye hain,KI,21313,ROMAN,roman_bm25_method_D,50,72483,4.710330486297607,50
post_phase12_module1_M1-B,M1-B,R046,میرا ke jhoothi shadi ke case mein Atiq ur Rehman ko adalat ne kyun bulaya,KI,68052,MIXED,urdu_bm25,1,105284,7.828994274139404,50
post_phase12_module1_M1-B,M1-B,R046,میرا ke jhoothi shadi ke case mein Atiq ur Rehman ko adalat ne kyun bulaya,KI,68052,MIXED,urdu_bm25,2,108477,7.807292461395264,50
post_phase12_module1_M1-B,M1-B,R046,میرا ke jhoothi shadi ke case mein Atiq ur Rehman ko adalat ne kyun bulaya,KI,68052,MIXED,urdu_bm25,3,67152,7.793129920959473,50
post_phase12_module1_M1-B,M1-B,R046,میرا ke jhoothi shadi ke case mein Atiq ur Rehman ko adalat ne kyun bulaya,KI,68052,MIXED,urdu_bm25,4,99221,7.77763557434082,50
post_phase12_module1_M1-B,M1-B,R046,میرا ke jhoothi shadi ke case mein Atiq ur Rehman ko adalat ne kyun bulaya,KI,68052,MIXED,urdu_bm25,5,103726,7.777223587036133,50
post_phase12_module1_M1-B,M1-B,R046,میرا ke jhoothi shadi ke case mein Atiq ur Rehman ko adalat ne kyun bulaya,KI,68052,MIXED,urdu_bm25,6,69602,7.772319316864014,50
post_phase12_module1_M1-B,M1-B,R046,میرا ke jhoothi shadi ke case mein Atiq ur Rehman ko adalat ne kyun bulaya,KI,68052,MIXED,urdu_bm25,7,68144,7.74978494644165,50
post_phase12_module1_M1-B,M1-B,R046,میرا ke jhoothi shadi ke case mein Atiq ur Rehman ko adalat ne kyun bulaya,KI,68052,MIXED,urdu_bm25,8,67638,7.749040126800537,50
post_phase12_module1_M1-B,M1-B,R046,میرا ke jhoothi shadi ke case mein Atiq ur Rehman ko adalat ne kyun bulaya,KI,68052,MIXED,urdu_bm25,9,68122,7.721799850463867,50
post_phase12_module1_M1-B,M1-B,R046,میرا ke jhoothi shadi ke case mein Atiq ur Rehman ko adalat ne kyun bulaya,KI,68052,MIXED,urdu_bm25,10,100753,7.721799850463867,50
post_phase12_module1_M1-B,M1-B,R046,میرا ke jhoothi shadi ke case mein Atiq ur Rehman ko adalat ne kyun bulaya,KI,68052,MIXED,urdu_bm25,11,100987,7.71349573135376,50
post_phase12_module1_M1-B,M1-B,R046,میرا ke jhoothi shadi ke case mein Atiq ur Rehman ko adalat ne kyun bulaya,KI,68052,MIXED,urdu_bm25,12,102150,7.704155445098877,50
post_phase12_module1_M1-B,M1-B,R046,میرا ke jhoothi shadi ke case mein Atiq ur Rehman ko adalat ne kyun bulaya,KI,68052,MIXED,urdu_bm25,13,103904,7.699500560760498,50
post_phase12_module1_M1-B,M1-B,R046,میرا ke jhoothi shadi ke case mein Atiq ur Rehman ko adalat ne kyun bulaya,KI,68052,MIXED,urdu_bm25,14,7895,7.698543071746826,50
post_phase12_module1_M1-B,M1-B,R046,میرا ke jhoothi shadi ke case mein Atiq ur Rehman ko adalat ne kyun bulaya,KI,68052,MIXED,urdu_bm25,15,104089,7.693524360656738,50
post_phase12_module1_M1-B,M1-B,R046,میرا ke jhoothi shadi ke case mein Atiq ur Rehman ko adalat ne kyun bulaya,KI,68052,MIXED,urdu_bm25,16,105283,7.685695171356201,50
post_phase12_module1_M1-B,M1-B,R046,میرا ke jhoothi shadi ke case mein Atiq ur Rehman ko adalat ne kyun bulaya,KI,68052,MIXED,urdu_bm25,17,50652,7.682626724243164,50
post_phase12_module1_M1-B,M1-B,R046,میرا ke jhoothi shadi ke case mein Atiq ur Rehman ko adalat ne kyun bulaya,KI,68052,MIXED,urdu_bm25,18,69144,7.6707024574279785,50
post_phase12_module1_M1-B,M1-B,R046,میرا ke jhoothi shadi ke case mein Atiq ur Rehman ko adalat ne kyun bulaya,KI,68052,MIXED,urdu_bm25,19,98362,7.6682024002075195,50
post_phase12_module1_M1-B,M1-B,R046,میرا ke jhoothi shadi ke case mein Atiq ur Rehman ko adalat ne kyun bulaya,KI,68052,MIXED,urdu_bm25,20,69270,7.665002346038818,50
post_phase12_module1_M1-B,M1-B,R046,میرا ke jhoothi shadi ke case mein Atiq ur Rehman ko adalat ne kyun bulaya,KI,68052,MIXED,urdu_bm25,21,68148,7.663684368133545,50
post_phase12_module1_M1-B,M1-B,R046,میرا ke jhoothi shadi ke case mein Atiq ur Rehman ko adalat ne kyun bulaya,KI,68052,MIXED,urdu_bm25,22,107409,7.661568641662598,50
post_phase12_module1_M1-B,M1-B,R046,میرا ke jhoothi shadi ke case mein Atiq ur Rehman ko adalat ne kyun bulaya,KI,68052,MIXED,urdu_bm25,23,51478,7.658195495605469,50
post_phase12_module1_M1-B,M1-B,R046,میرا ke jhoothi shadi ke case mein Atiq ur Rehman ko adalat ne kyun bulaya,KI,68052,MIXED,urdu_bm25,24,18289,7.648914813995361,50
post_phase12_module1_M1-B,M1-B,R046,میرا ke jhoothi shadi ke case mein Atiq ur Rehman ko adalat ne kyun bulaya,KI,68052,MIXED,urdu_bm25,25,105956,7.638209819793701,50
post_phase12_module1_M1-B,M1-B,R046,میرا ke jhoothi shadi ke case mein Atiq ur Rehman ko adalat ne kyun bulaya,KI,68052,MIXED,urdu_bm25,26,107227,7.63071870803833,50
post_phase12_module1_M1-B,M1-B,R046,میرا ke jhoothi shadi ke case mein Atiq ur Rehman ko adalat ne kyun bulaya,KI,68052,MIXED,urdu_bm25,27,106065,7.626182556152344,50
post_phase12_module1_M1-B,M1-B,R046,میرا ke jhoothi shadi ke case mein Atiq ur Rehman ko adalat ne kyun bulaya,KI,68052,MIXED,urdu_bm25,28,97801,7.623467445373535,50
post_phase12_module1_M1-B,M1-B,R046,میرا ke jhoothi shadi ke case mein Atiq ur Rehman ko adalat ne kyun bulaya,KI,68052,MIXED,urdu_bm25,29,66213,7.619767665863037,50
post_phase12_module1_M1-B,M1-B,R046,میرا ke jhoothi shadi ke case mein Atiq ur Rehman ko adalat ne kyun bulaya,KI,68052,MIXED,urdu_bm25,30,98380,7.617275238037109,50
post_phase12_module1_M1-B,M1-B,R046,میرا ke jhoothi shadi ke case mein Atiq ur Rehman ko adalat ne kyun bulaya,KI,68052,MIXED,urdu_bm25,31,68329,7.6152424812316895,50
post_phase12_module1_M1-B,M1-B,R046,میرا ke jhoothi shadi ke case mein Atiq ur Rehman ko adalat ne kyun bulaya,KI,68052,MIXED,urdu_bm25,32,9036,7.606436729431152,50
post_phase12_module1_M1-B,M1-B,R046,میرا ke jhoothi shadi ke case mein Atiq ur Rehman ko adalat ne kyun bulaya,KI,68052,MIXED,urdu_bm25,33,14256,7.603783130645752,50
post_phase12_module1_M1-B,M1-B,R046,میرا ke jhoothi shadi ke case mein Atiq ur Rehman ko adalat ne kyun bulaya,KI,68052,MIXED,urdu_bm25,34,108609,7.5997772216796875,50
post_phase12_module1_M1-B,M1-B,R046,میرا ke jhoothi shadi ke case mein Atiq ur Rehman ko adalat ne kyun bulaya,KI,68052,MIXED,urdu_bm25,35,17143,7.598108291625977,50
post_phase12_module1_M1-B,M1-B,R046,میرا ke jhoothi shadi ke case mein Atiq ur Rehman ko adalat ne kyun bulaya,KI,68052,MIXED,urdu_bm25,36,66720,7.597703456878662,50
post_phase12_module1_M1-B,M1-B,R046,میرا ke jhoothi shadi ke case mein Atiq ur Rehman ko adalat ne kyun bulaya,KI,68052,MIXED,urdu_bm25,37,97855,7.592225074768066,50
post_phase12_module1_M1-B,M1-B,R046,میرا ke jhoothi shadi ke case mein Atiq ur Rehman ko adalat ne kyun bulaya,KI,68052,MIXED,urdu_bm25,38,67075,7.591709136962891,50
post_phase12_module1_M1-B,M1-B,R046,میرا ke jhoothi shadi ke case mein Atiq ur Rehman ko adalat ne kyun bulaya,KI,68052,MIXED,urdu_bm25,39,11149,7.587543964385986,50
post_phase12_module1_M1-B,M1-B,R046,میرا ke jhoothi shadi ke case mein Atiq ur Rehman ko adalat ne kyun bulaya,KI,68052,MIXED,urdu_bm25,40,99232,7.58681583404541,50
post_phase12_module1_M1-B,M1-B,R046,میرا ke jhoothi shadi ke case mein Atiq ur Rehman ko adalat ne kyun bulaya,KI,68052,MIXED,urdu_bm25,41,14785,7.58681583404541,50
post_phase12_module1_M1-B,M1-B,R046,میرا ke jhoothi shadi ke case mein Atiq ur Rehman ko adalat ne kyun bulaya,KI,68052,MIXED,urdu_bm25,42,98039,7.5794758796691895,50
post_phase12_module1_M1-B,M1-B,R046,میرا ke jhoothi shadi ke case mein Atiq ur Rehman ko adalat ne kyun bulaya,KI,68052,MIXED,urdu_bm25,43,97526,7.574370384216309,50
post_phase12_module1_M1-B,M1-B,R046,میرا ke jhoothi shadi ke case mein Atiq ur Rehman ko adalat ne kyun bulaya,KI,68052,MIXED,urdu_bm25,44,67122,7.566681385040283,50
post_phase12_module1_M1-B,M1-B,R046,میرا ke jhoothi shadi ke case mein Atiq ur Rehman ko adalat ne kyun bulaya,KI,68052,MIXED,urdu_bm25,45,16323,7.55665397644043,50
post_phase12_module1_M1-B,M1-B,R046,میرا ke jhoothi shadi ke case mein Atiq ur Rehman ko adalat ne kyun bulaya,KI,68052,MIXED,urdu_bm25,46,108473,7.554337978363037,50
post_phase12_module1_M1-B,M1-B,R046,میرا ke jhoothi shadi ke case mein Atiq ur Rehman ko adalat ne kyun bulaya,KI,68052,MIXED,urdu_bm25,47,68063,7.552977561950684,50
post_phase12_module1_M1-B,M1-B,R046,میرا ke jhoothi shadi ke case mein Atiq ur Rehman ko adalat ne kyun bulaya,KI,68052,MIXED,urdu_bm25,48,69554,7.549893379211426,50
post_phase12_module1_M1-B,M1-B,R046,میرا ke jhoothi shadi ke case mein Atiq ur Rehman ko adalat ne kyun bulaya,KI,68052,MIXED,urdu_bm25,49,105089,7.549820899963379,50
post_phase12_module1_M1-B,M1-B,R046,میرا ke jhoothi shadi ke case mein Atiq ur Rehman ko adalat ne kyun bulaya,KI,68052,MIXED,urdu_bm25,50,4159,7.547635555267334,50
post_phase12_module1_M1-B,M1-B,R047,فرانس ne Chitral aur Dargai hydropower plants ke liye kitna euro qarz diya,KI,110281,MIXED,urdu_bm25,1,88270,9.693524360656738,50
post_phase12_module1_M1-B,M1-B,R047,فرانس ne Chitral aur Dargai hydropower plants ke liye kitna euro qarz diya,KI,110281,MIXED,urdu_bm25,2,88265,9.509617805480957,50
post_phase12_module1_M1-B,M1-B,R047,فرانس ne Chitral aur Dargai hydropower plants ke liye kitna euro qarz diya,KI,110281,MIXED,urdu_bm25,3,88290,9.502758026123047,50
post_phase12_module1_M1-B,M1-B,R047,فرانس ne Chitral aur Dargai hydropower plants ke liye kitna euro qarz diya,KI,110281,MIXED,urdu_bm25,4,45893,9.433794975280762,50
post_phase12_module1_M1-B,M1-B,R047,فرانس ne Chitral aur Dargai hydropower plants ke liye kitna euro qarz diya,KI,110281,MIXED,urdu_bm25,5,57387,9.412792205810547,50
post_phase12_module1_M1-B,M1-B,R047,فرانس ne Chitral aur Dargai hydropower plants ke liye kitna euro qarz diya,KI,110281,MIXED,urdu_bm25,6,88445,9.36648941040039,50
post_phase12_module1_M1-B,M1-B,R047,فرانس ne Chitral aur Dargai hydropower plants ke liye kitna euro qarz diya,KI,110281,MIXED,urdu_bm25,7,84000,9.329797744750977,50
post_phase12_module1_M1-B,M1-B,R047,فرانس ne Chitral aur Dargai hydropower plants ke liye kitna euro qarz diya,KI,110281,MIXED,urdu_bm25,8,43633,9.320256233215332,50
post_phase12_module1_M1-B,M1-B,R047,فرانس ne Chitral aur Dargai hydropower plants ke liye kitna euro qarz diya,KI,110281,MIXED,urdu_bm25,9,35600,9.310050964355469,50
post_phase12_module1_M1-B,M1-B,R047,فرانس ne Chitral aur Dargai hydropower plants ke liye kitna euro qarz diya,KI,110281,MIXED,urdu_bm25,10,65938,9.287497520446777,50
post_phase12_module1_M1-B,M1-B,R047,فرانس ne Chitral aur Dargai hydropower plants ke liye kitna euro qarz diya,KI,110281,MIXED,urdu_bm25,11,57394,9.28044605255127,50
post_phase12_module1_M1-B,M1-B,R047,فرانس ne Chitral aur Dargai hydropower plants ke liye kitna euro qarz diya,KI,110281,MIXED,urdu_bm25,12,43611,9.260229110717773,50
post_phase12_module1_M1-B,M1-B,R047,فرانس ne Chitral aur Dargai hydropower plants ke liye kitna euro qarz diya,KI,110281,MIXED,urdu_bm25,13,43583,9.161308288574219,50
post_phase12_module1_M1-B,M1-B,R047,فرانس ne Chitral aur Dargai hydropower plants ke liye kitna euro qarz diya,KI,110281,MIXED,urdu_bm25,14,57395,9.146596908569336,50
post_phase12_module1_M1-B,M1-B,R047,فرانس ne Chitral aur Dargai hydropower plants ke liye kitna euro qarz diya,KI,110281,MIXED,urdu_bm25,15,88262,9.12827205657959,50
post_phase12_module1_M1-B,M1-B,R047,فرانس ne Chitral aur Dargai hydropower plants ke liye kitna euro qarz diya,KI,110281,MIXED,urdu_bm25,16,89791,9.11810302734375,50
post_phase12_module1_M1-B,M1-B,R047,فرانس ne Chitral aur Dargai hydropower plants ke liye kitna euro qarz diya,KI,110281,MIXED,urdu_bm25,17,89620,9.117056846618652,50
post_phase12_module1_M1-B,M1-B,R047,فرانس ne Chitral aur Dargai hydropower plants ke liye kitna euro qarz diya,KI,110281,MIXED,urdu_bm25,18,43599,9.098221778869629,50
post_phase12_module1_M1-B,M1-B,R047,فرانس ne Chitral aur Dargai hydropower plants ke liye kitna euro qarz diya,KI,110281,MIXED,urdu_bm25,19,31743,9.082013130187988,50
post_phase12_module1_M1-B,M1-B,R047,فرانس ne Chitral aur Dargai hydropower plants ke liye kitna euro qarz diya,KI,110281,MIXED,urdu_bm25,20,94423,9.07331371307373,50
post_phase12_module1_M1-B,M1-B,R047,فرانس ne Chitral aur Dargai hydropower plants ke liye kitna euro qarz diya,KI,110281,MIXED,urdu_bm25,21,41417,9.049798011779785,50
post_phase12_module1_M1-B,M1-B,R047,فرانس ne Chitral aur Dargai hydropower plants ke liye kitna euro qarz diya,KI,110281,MIXED,urdu_bm25,22,88406,9.042326927185059,50
post_phase12_module1_M1-B,M1-B,R047,فرانس ne Chitral aur Dargai hydropower plants ke liye kitna euro qarz diya,KI,110281,MIXED,urdu_bm25,23,43656,9.042265892028809,50
post_phase12_module1_M1-B,M1-B,R047,فرانس ne Chitral aur Dargai hydropower plants ke liye kitna euro qarz diya,KI,110281,MIXED,urdu_bm25,24,88277,9.024680137634277,50
post_phase12_module1_M1-B,M1-B,R047,فرانس ne Chitral aur Dargai hydropower plants ke liye kitna euro qarz diya,KI,110281,MIXED,urdu_bm25,25,43475,9.023655891418457,50
post_phase12_module1_M1-B,M1-B,R047,فرانس ne Chitral aur Dargai hydropower plants ke liye kitna euro qarz diya,KI,110281,MIXED,urdu_bm25,26,57689,9.01891040802002,50
post_phase12_module1_M1-B,M1-B,R047,فرانس ne Chitral aur Dargai hydropower plants ke liye kitna euro qarz diya,KI,110281,MIXED,urdu_bm25,27,47417,9.002717971801758,50
post_phase12_module1_M1-B,M1-B,R047,فرانس ne Chitral aur Dargai hydropower plants ke liye kitna euro qarz diya,KI,110281,MIXED,urdu_bm25,28,45874,8.996193885803223,50
post_phase12_module1_M1-B,M1-B,R047,فرانس ne Chitral aur Dargai hydropower plants ke liye kitna euro qarz diya,KI,110281,MIXED,urdu_bm25,29,54947,8.95044231414795,50
post_phase12_module1_M1-B,M1-B,R047,فرانس ne Chitral aur Dargai hydropower plants ke liye kitna euro qarz diya,KI,110281,MIXED,urdu_bm25,30,49794,8.942604064941406,50
post_phase12_module1_M1-B,M1-B,R047,فرانس ne Chitral aur Dargai hydropower plants ke liye kitna euro qarz diya,KI,110281,MIXED,urdu_bm25,31,88400,8.928839683532715,50
post_phase12_module1_M1-B,M1-B,R047,فرانس ne Chitral aur Dargai hydropower plants ke liye kitna euro qarz diya,KI,110281,MIXED,urdu_bm25,32,54971,8.927498817443848,50
post_phase12_module1_M1-B,M1-B,R047,فرانس ne Chitral aur Dargai hydropower plants ke liye kitna euro qarz diya,KI,110281,MIXED,urdu_bm25,33,88380,8.925190925598145,50
post_phase12_module1_M1-B,M1-B,R047,فرانس ne Chitral aur Dargai hydropower plants ke liye kitna euro qarz diya,KI,110281,MIXED,urdu_bm25,34,43071,8.920086860656738,50
post_phase12_module1_M1-B,M1-B,R047,فرانس ne Chitral aur Dargai hydropower plants ke liye kitna euro qarz diya,KI,110281,MIXED,urdu_bm25,35,57451,8.920086860656738,50
post_phase12_module1_M1-B,M1-B,R047,فرانس ne Chitral aur Dargai hydropower plants ke liye kitna euro qarz diya,KI,110281,MIXED,urdu_bm25,36,57477,8.919963836669922,50
post_phase12_module1_M1-B,M1-B,R047,فرانس ne Chitral aur Dargai hydropower plants ke liye kitna euro qarz diya,KI,110281,MIXED,urdu_bm25,37,84022,8.902056694030762,50
post_phase12_module1_M1-B,M1-B,R047,فرانس ne Chitral aur Dargai hydropower plants ke liye kitna euro qarz diya,KI,110281,MIXED,urdu_bm25,38,44686,8.898771286010742,50
post_phase12_module1_M1-B,M1-B,R047,فرانس ne Chitral aur Dargai hydropower plants ke liye kitna euro qarz diya,KI,110281,MIXED,urdu_bm25,39,88291,8.894000053405762,50
post_phase12_module1_M1-B,M1-B,R047,فرانس ne Chitral aur Dargai hydropower plants ke liye kitna euro qarz diya,KI,110281,MIXED,urdu_bm25,40,37719,8.890076637268066,50
post_phase12_module1_M1-B,M1-B,R047,فرانس ne Chitral aur Dargai hydropower plants ke liye kitna euro qarz diya,KI,110281,MIXED,urdu_bm25,41,43357,8.885175704956055,50
post_phase12_module1_M1-B,M1-B,R047,فرانس ne Chitral aur Dargai hydropower plants ke liye kitna euro qarz diya,KI,110281,MIXED,urdu_bm25,42,39946,8.884099006652832,50
post_phase12_module1_M1-B,M1-B,R047,فرانس ne Chitral aur Dargai hydropower plants ke liye kitna euro qarz diya,KI,110281,MIXED,urdu_bm25,43,110281,8.878129005432129,50
post_phase12_module1_M1-B,M1-B,R047,فرانس ne Chitral aur Dargai hydropower plants ke liye kitna euro qarz diya,KI,110281,MIXED,urdu_bm25,44,27670,8.869717597961426,50
post_phase12_module1_M1-B,M1-B,R047,فرانس ne Chitral aur Dargai hydropower plants ke liye kitna euro qarz diya,KI,110281,MIXED,urdu_bm25,45,43493,8.867579460144043,50
post_phase12_module1_M1-B,M1-B,R047,فرانس ne Chitral aur Dargai hydropower plants ke liye kitna euro qarz diya,KI,110281,MIXED,urdu_bm25,46,111047,8.867579460144043,50
post_phase12_module1_M1-B,M1-B,R047,فرانس ne Chitral aur Dargai hydropower plants ke liye kitna euro qarz diya,KI,110281,MIXED,urdu_bm25,47,61222,8.865303039550781,50
post_phase12_module1_M1-B,M1-B,R047,فرانس ne Chitral aur Dargai hydropower plants ke liye kitna euro qarz diya,KI,110281,MIXED,urdu_bm25,48,43629,8.865303039550781,50
post_phase12_module1_M1-B,M1-B,R047,فرانس ne Chitral aur Dargai hydropower plants ke liye kitna euro qarz diya,KI,110281,MIXED,urdu_bm25,49,88448,8.860267639160156,50
post_phase12_module1_M1-B,M1-B,R047,فرانس ne Chitral aur Dargai hydropower plants ke liye kitna euro qarz diya,KI,110281,MIXED,urdu_bm25,50,48945,8.850052833557129,50
post_phase12_module1_M1-B,M1-B,R048,جراسک ورلڈ ne doosre hafte bhi US box office par kya position barqarar rakhi,KI,51465,MIXED,urdu_bm25,1,10123,20.454572677612305,50
post_phase12_module1_M1-B,M1-B,R048,جراسک ورلڈ ne doosre hafte bhi US box office par kya position barqarar rakhi,KI,51465,MIXED,urdu_bm25,2,10059,19.906286239624023,50
post_phase12_module1_M1-B,M1-B,R048,جراسک ورلڈ ne doosre hafte bhi US box office par kya position barqarar rakhi,KI,51465,MIXED,urdu_bm25,3,8965,19.872549057006836,50
post_phase12_module1_M1-B,M1-B,R048,جراسک ورلڈ ne doosre hafte bhi US box office par kya position barqarar rakhi,KI,51465,MIXED,urdu_bm25,4,104554,19.826858520507812,50
post_phase12_module1_M1-B,M1-B,R048,جراسک ورلڈ ne doosre hafte bhi US box office par kya position barqarar rakhi,KI,51465,MIXED,urdu_bm25,5,104186,19.694150924682617,50
post_phase12_module1_M1-B,M1-B,R048,جراسک ورلڈ ne doosre hafte bhi US box office par kya position barqarar rakhi,KI,51465,MIXED,urdu_bm25,6,14775,19.663122177124023,50
post_phase12_module1_M1-B,M1-B,R048,جراسک ورلڈ ne doosre hafte bhi US box office par kya position barqarar rakhi,KI,51465,MIXED,urdu_bm25,7,104137,19.501583099365234,50
post_phase12_module1_M1-B,M1-B,R048,جراسک ورلڈ ne doosre hafte bhi US box office par kya position barqarar rakhi,KI,51465,MIXED,urdu_bm25,8,15381,19.304058074951172,50
post_phase12_module1_M1-B,M1-B,R048,جراسک ورلڈ ne doosre hafte bhi US box office par kya position barqarar rakhi,KI,51465,MIXED,urdu_bm25,9,104099,19.28213882446289,50
post_phase12_module1_M1-B,M1-B,R048,جراسک ورلڈ ne doosre hafte bhi US box office par kya position barqarar rakhi,KI,51465,MIXED,urdu_bm25,10,8916,19.143911361694336,50
post_phase12_module1_M1-B,M1-B,R048,جراسک ورلڈ ne doosre hafte bhi US box office par kya position barqarar rakhi,KI,51465,MIXED,urdu_bm25,11,51366,19.061031341552734,50
post_phase12_module1_M1-B,M1-B,R048,جراسک ورلڈ ne doosre hafte bhi US box office par kya position barqarar rakhi,KI,51465,MIXED,urdu_bm25,12,4009,18.949148178100586,50
post_phase12_module1_M1-B,M1-B,R048,جراسک ورلڈ ne doosre hafte bhi US box office par kya position barqarar rakhi,KI,51465,MIXED,urdu_bm25,13,4018,18.765398025512695,50
post_phase12_module1_M1-B,M1-B,R048,جراسک ورلڈ ne doosre hafte bhi US box office par kya position barqarar rakhi,KI,51465,MIXED,urdu_bm25,14,51517,18.707534790039062,50
post_phase12_module1_M1-B,M1-B,R048,جراسک ورلڈ ne doosre hafte bhi US box office par kya position barqarar rakhi,KI,51465,MIXED,urdu_bm25,15,49294,18.706825256347656,50
post_phase12_module1_M1-B,M1-B,R048,جراسک ورلڈ ne doosre hafte bhi US box office par kya position barqarar rakhi,KI,51465,MIXED,urdu_bm25,16,48908,18.63863182067871,50
post_phase12_module1_M1-B,M1-B,R048,جراسک ورلڈ ne doosre hafte bhi US box office par kya position barqarar rakhi,KI,51465,MIXED,urdu_bm25,17,49590,18.59345245361328,50
post_phase12_module1_M1-B,M1-B,R048,جراسک ورلڈ ne doosre hafte bhi US box office par kya position barqarar rakhi,KI,51465,MIXED,urdu_bm25,18,15073,18.48147964477539,50
post_phase12_module1_M1-B,M1-B,R048,جراسک ورلڈ ne doosre hafte bhi US box office par kya position barqarar rakhi,KI,51465,MIXED,urdu_bm25,19,51465,18.446447372436523,50
post_phase12_module1_M1-B,M1-B,R048,جراسک ورلڈ ne doosre hafte bhi US box office par kya position barqarar rakhi,KI,51465,MIXED,urdu_bm25,20,51469,18.383033752441406,50
post_phase12_module1_M1-B,M1-B,R048,جراسک ورلڈ ne doosre hafte bhi US box office par kya position barqarar rakhi,KI,51465,MIXED,urdu_bm25,21,14582,17.88566780090332,50
post_phase12_module1_M1-B,M1-B,R048,جراسک ورلڈ ne doosre hafte bhi US box office par kya position barqarar rakhi,KI,51465,MIXED,urdu_bm25,22,49155,17.825796127319336,50
post_phase12_module1_M1-B,M1-B,R048,جراسک ورلڈ ne doosre hafte bhi US box office par kya position barqarar rakhi,KI,51465,MIXED,urdu_bm25,23,51442,17.592002868652344,50
post_phase12_module1_M1-B,M1-B,R048,جراسک ورلڈ ne doosre hafte bhi US box office par kya position barqarar rakhi,KI,51465,MIXED,urdu_bm25,24,104935,17.441396713256836,50
post_phase12_module1_M1-B,M1-B,R048,جراسک ورلڈ ne doosre hafte bhi US box office par kya position barqarar rakhi,KI,51465,MIXED,urdu_bm25,25,104383,17.382822036743164,50
post_phase12_module1_M1-B,M1-B,R048,جراسک ورلڈ ne doosre hafte bhi US box office par kya position barqarar rakhi,KI,51465,MIXED,urdu_bm25,26,49579,17.37394905090332,50
post_phase12_module1_M1-B,M1-B,R048,جراسک ورلڈ ne doosre hafte bhi US box office par kya position barqarar rakhi,KI,51465,MIXED,urdu_bm25,27,51455,17.34990119934082,50
post_phase12_module1_M1-B,M1-B,R048,جراسک ورلڈ ne doosre hafte bhi US box office par kya position barqarar rakhi,KI,51465,MIXED,urdu_bm25,28,14742,17.345840454101562,50
post_phase12_module1_M1-B,M1-B,R048,جراسک ورلڈ ne doosre hafte bhi US box office par kya position barqarar rakhi,KI,51465,MIXED,urdu_bm25,29,104121,17.313121795654297,50
post_phase12_module1_M1-B,M1-B,R048,جراسک ورلڈ ne doosre hafte bhi US box office par kya position barqarar rakhi,KI,51465,MIXED,urdu_bm25,30,51472,17.310197830200195,50
post_phase12_module1_M1-B,M1-B,R048,جراسک ورلڈ ne doosre hafte bhi US box office par kya position barqarar rakhi,KI,51465,MIXED,urdu_bm25,31,106764,17.21992301940918,50
post_phase12_module1_M1-B,M1-B,R048,جراسک ورلڈ ne doosre hafte bhi US box office par kya position barqarar rakhi,KI,51465,MIXED,urdu_bm25,32,67866,17.179969787597656,50
post_phase12_module1_M1-B,M1-B,R048,جراسک ورلڈ ne doosre hafte bhi US box office par kya position barqarar rakhi,KI,51465,MIXED,urdu_bm25,33,104103,16.892719268798828,50
post_phase12_module1_M1-B,M1-B,R048,جراسک ورلڈ ne doosre hafte bhi US box office par kya position barqarar rakhi,KI,51465,MIXED,urdu_bm25,34,16501,16.68109893798828,50
post_phase12_module1_M1-B,M1-B,R048,جراسک ورلڈ ne doosre hafte bhi US box office par kya position barqarar rakhi,KI,51465,MIXED,urdu_bm25,35,49096,16.62438201904297,50
post_phase12_module1_M1-B,M1-B,R048,جراسک ورلڈ ne doosre hafte bhi US box office par kya position barqarar rakhi,KI,51465,MIXED,urdu_bm25,36,69872,16.62350845336914,50
post_phase12_module1_M1-B,M1-B,R048,جراسک ورلڈ ne doosre hafte bhi US box office par kya position barqarar rakhi,KI,51465,MIXED,urdu_bm25,37,69734,16.616985321044922,50
post_phase12_module1_M1-B,M1-B,R048,جراسک ورلڈ ne doosre hafte bhi US box office par kya position barqarar rakhi,KI,51465,MIXED,urdu_bm25,38,104058,16.587804794311523,50
post_phase12_module1_M1-B,M1-B,R048,جراسک ورلڈ ne doosre hafte bhi US box office par kya position barqarar rakhi,KI,51465,MIXED,urdu_bm25,39,104078,16.552167892456055,50
post_phase12_module1_M1-B,M1-B,R048,جراسک ورلڈ ne doosre hafte bhi US box office par kya position barqarar rakhi,KI,51465,MIXED,urdu_bm25,40,103997,16.34804344177246,50
post_phase12_module1_M1-B,M1-B,R048,جراسک ورلڈ ne doosre hafte bhi US box office par kya position barqarar rakhi,KI,51465,MIXED,urdu_bm25,41,104028,16.324275970458984,50
post_phase12_module1_M1-B,M1-B,R048,جراسک ورلڈ ne doosre hafte bhi US box office par kya position barqarar rakhi,KI,51465,MIXED,urdu_bm25,42,51565,16.06911849975586,50
post_phase12_module1_M1-B,M1-B,R048,جراسک ورلڈ ne doosre hafte bhi US box office par kya position barqarar rakhi,KI,51465,MIXED,urdu_bm25,43,50990,16.060277938842773,50
post_phase12_module1_M1-B,M1-B,R048,جراسک ورلڈ ne doosre hafte bhi US box office par kya position barqarar rakhi,KI,51465,MIXED,urdu_bm25,44,104640,15.995599746704102,50
post_phase12_module1_M1-B,M1-B,R048,جراسک ورلڈ ne doosre hafte bhi US box office par kya position barqarar rakhi,KI,51465,MIXED,urdu_bm25,45,103284,15.845626831054688,50
post_phase12_module1_M1-B,M1-B,R048,جراسک ورلڈ ne doosre hafte bhi US box office par kya position barqarar rakhi,KI,51465,MIXED,urdu_bm25,46,15671,15.785833358764648,50
post_phase12_module1_M1-B,M1-B,R048,جراسک ورلڈ ne doosre hafte bhi US box office par kya position barqarar rakhi,KI,51465,MIXED,urdu_bm25,47,104282,15.638725280761719,50
post_phase12_module1_M1-B,M1-B,R048,جراسک ورلڈ ne doosre hafte bhi US box office par kya position barqarar rakhi,KI,51465,MIXED,urdu_bm25,48,104297,15.624188423156738,50
post_phase12_module1_M1-B,M1-B,R048,جراسک ورلڈ ne doosre hafte bhi US box office par kya position barqarar rakhi,KI,51465,MIXED,urdu_bm25,49,14600,15.584100723266602,50
post_phase12_module1_M1-B,M1-B,R048,جراسک ورلڈ ne doosre hafte bhi US box office par kya position barqarar rakhi,KI,51465,MIXED,urdu_bm25,50,48857,15.448747634887695,50
post_phase12_module1_M1-B,M1-B,R049,Anne Hathaway ki film Song One ka pehla trailer kab release hua,KI,104969,ROMAN,roman_bm25_method_D,1,18668,20.185928344726562,50
post_phase12_module1_M1-B,M1-B,R049,Anne Hathaway ki film Song One ka pehla trailer kab release hua,KI,104969,ROMAN,roman_bm25_method_D,2,104047,19.388057708740234,50
post_phase12_module1_M1-B,M1-B,R049,Anne Hathaway ki film Song One ka pehla trailer kab release hua,KI,104969,ROMAN,roman_bm25_method_D,3,104969,15.791058540344238,50
post_phase12_module1_M1-B,M1-B,R049,Anne Hathaway ki film Song One ka pehla trailer kab release hua,KI,104969,ROMAN,roman_bm25_method_D,4,108875,15.68441390991211,50
post_phase12_module1_M1-B,M1-B,R049,Anne Hathaway ki film Song One ka pehla trailer kab release hua,KI,104969,ROMAN,roman_bm25_method_D,5,106349,15.668521881103516,50
post_phase12_module1_M1-B,M1-B,R049,Anne Hathaway ki film Song One ka pehla trailer kab release hua,KI,104969,ROMAN,roman_bm25_method_D,6,69927,15.450879096984863,50
post_phase12_module1_M1-B,M1-B,R049,Anne Hathaway ki film Song One ka pehla trailer kab release hua,KI,104969,ROMAN,roman_bm25_method_D,7,102252,15.363997459411621,50
post_phase12_module1_M1-B,M1-B,R049,Anne Hathaway ki film Song One ka pehla trailer kab release hua,KI,104969,ROMAN,roman_bm25_method_D,8,108443,15.344409942626953,50
post_phase12_module1_M1-B,M1-B,R049,Anne Hathaway ki film Song One ka pehla trailer kab release hua,KI,104969,ROMAN,roman_bm25_method_D,9,108184,15.221807479858398,50
post_phase12_module1_M1-B,M1-B,R049,Anne Hathaway ki film Song One ka pehla trailer kab release hua,KI,104969,ROMAN,roman_bm25_method_D,10,12944,15.157946586608887,50
post_phase12_module1_M1-B,M1-B,R049,Anne Hathaway ki film Song One ka pehla trailer kab release hua,KI,104969,ROMAN,roman_bm25_method_D,11,108293,15.131796836853027,50
post_phase12_module1_M1-B,M1-B,R049,Anne Hathaway ki film Song One ka pehla trailer kab release hua,KI,104969,ROMAN,roman_bm25_method_D,12,108440,15.097495079040527,50
post_phase12_module1_M1-B,M1-B,R049,Anne Hathaway ki film Song One ka pehla trailer kab release hua,KI,104969,ROMAN,roman_bm25_method_D,13,106567,14.894856452941895,50
post_phase12_module1_M1-B,M1-B,R049,Anne Hathaway ki film Song One ka pehla trailer kab release hua,KI,104969,ROMAN,roman_bm25_method_D,14,69963,14.793713569641113,50
post_phase12_module1_M1-B,M1-B,R049,Anne Hathaway ki film Song One ka pehla trailer kab release hua,KI,104969,ROMAN,roman_bm25_method_D,15,108541,14.774957656860352,50
post_phase12_module1_M1-B,M1-B,R049,Anne Hathaway ki film Song One ka pehla trailer kab release hua,KI,104969,ROMAN,roman_bm25_method_D,16,108581,14.749268531799316,50
post_phase12_module1_M1-B,M1-B,R049,Anne Hathaway ki film Song One ka pehla trailer kab release hua,KI,104969,ROMAN,roman_bm25_method_D,17,108532,14.619784355163574,50
post_phase12_module1_M1-B,M1-B,R049,Anne Hathaway ki film Song One ka pehla trailer kab release hua,KI,104969,ROMAN,roman_bm25_method_D,18,108626,14.614383697509766,50
post_phase12_module1_M1-B,M1-B,R049,Anne Hathaway ki film Song One ka pehla trailer kab release hua,KI,104969,ROMAN,roman_bm25_method_D,19,14360,14.53423023223877,50
post_phase12_module1_M1-B,M1-B,R049,Anne Hathaway ki film Song One ka pehla trailer kab release hua,KI,104969,ROMAN,roman_bm25_method_D,20,66364,14.493232727050781,50
post_phase12_module1_M1-B,M1-B,R049,Anne Hathaway ki film Song One ka pehla trailer kab release hua,KI,104969,ROMAN,roman_bm25_method_D,21,107332,14.482056617736816,50
post_phase12_module1_M1-B,M1-B,R049,Anne Hathaway ki film Song One ka pehla trailer kab release hua,KI,104969,ROMAN,roman_bm25_method_D,22,107399,14.432209014892578,50
post_phase12_module1_M1-B,M1-B,R049,Anne Hathaway ki film Song One ka pehla trailer kab release hua,KI,104969,ROMAN,roman_bm25_method_D,23,15038,14.419445991516113,50
post_phase12_module1_M1-B,M1-B,R049,Anne Hathaway ki film Song One ka pehla trailer kab release hua,KI,104969,ROMAN,roman_bm25_method_D,24,108750,14.382174491882324,50
post_phase12_module1_M1-B,M1-B,R049,Anne Hathaway ki film Song One ka pehla trailer kab release hua,KI,104969,ROMAN,roman_bm25_method_D,25,108037,14.363783836364746,50
post_phase12_module1_M1-B,M1-B,R049,Anne Hathaway ki film Song One ka pehla trailer kab release hua,KI,104969,ROMAN,roman_bm25_method_D,26,102585,14.329187393188477,50
post_phase12_module1_M1-B,M1-B,R049,Anne Hathaway ki film Song One ka pehla trailer kab release hua,KI,104969,ROMAN,roman_bm25_method_D,27,106809,14.297341346740723,50
post_phase12_module1_M1-B,M1-B,R049,Anne Hathaway ki film Song One ka pehla trailer kab release hua,KI,104969,ROMAN,roman_bm25_method_D,28,69195,14.201681137084961,50
post_phase12_module1_M1-B,M1-B,R049,Anne Hathaway ki film Song One ka pehla trailer kab release hua,KI,104969,ROMAN,roman_bm25_method_D,29,106308,14.19397258758545,50
post_phase12_module1_M1-B,M1-B,R049,Anne Hathaway ki film Song One ka pehla trailer kab release hua,KI,104969,ROMAN,roman_bm25_method_D,30,108015,14.154208183288574,50
post_phase12_module1_M1-B,M1-B,R049,Anne Hathaway ki film Song One ka pehla trailer kab release hua,KI,104969,ROMAN,roman_bm25_method_D,31,107425,14.13541030883789,50
post_phase12_module1_M1-B,M1-B,R049,Anne Hathaway ki film Song One ka pehla trailer kab release hua,KI,104969,ROMAN,roman_bm25_method_D,32,106437,14.100422859191895,50
post_phase12_module1_M1-B,M1-B,R049,Anne Hathaway ki film Song One ka pehla trailer kab release hua,KI,104969,ROMAN,roman_bm25_method_D,33,69193,14.061935424804688,50
post_phase12_module1_M1-B,M1-B,R049,Anne Hathaway ki film Song One ka pehla trailer kab release hua,KI,104969,ROMAN,roman_bm25_method_D,34,12421,14.056963920593262,50
post_phase12_module1_M1-B,M1-B,R049,Anne Hathaway ki film Song One ka pehla trailer kab release hua,KI,104969,ROMAN,roman_bm25_method_D,35,104622,14.013411521911621,50
post_phase12_module1_M1-B,M1-B,R049,Anne Hathaway ki film Song One ka pehla trailer kab release hua,KI,104969,ROMAN,roman_bm25_method_D,36,105999,13.96972942352295,50
post_phase12_module1_M1-B,M1-B,R049,Anne Hathaway ki film Song One ka pehla trailer kab release hua,KI,104969,ROMAN,roman_bm25_method_D,37,102175,13.940052032470703,50
post_phase12_module1_M1-B,M1-B,R049,Anne Hathaway ki film Song One ka pehla trailer kab release hua,KI,104969,ROMAN,roman_bm25_method_D,38,105313,13.935467720031738,50
post_phase12_module1_M1-B,M1-B,R049,Anne Hathaway ki film Song One ka pehla trailer kab release hua,KI,104969,ROMAN,roman_bm25_method_D,39,107072,13.931864738464355,50
post_phase12_module1_M1-B,M1-B,R049,Anne Hathaway ki film Song One ka pehla trailer kab release hua,KI,104969,ROMAN,roman_bm25_method_D,40,108645,13.905200958251953,50
post_phase12_module1_M1-B,M1-B,R049,Anne Hathaway ki film Song One ka pehla trailer kab release hua,KI,104969,ROMAN,roman_bm25_method_D,41,105570,13.884838104248047,50
post_phase12_module1_M1-B,M1-B,R049,Anne Hathaway ki film Song One ka pehla trailer kab release hua,KI,104969,ROMAN,roman_bm25_method_D,42,106769,13.865199089050293,50
post_phase12_module1_M1-B,M1-B,R049,Anne Hathaway ki film Song One ka pehla trailer kab release hua,KI,104969,ROMAN,roman_bm25_method_D,43,108164,13.864030838012695,50
post_phase12_module1_M1-B,M1-B,R049,Anne Hathaway ki film Song One ka pehla trailer kab release hua,KI,104969,ROMAN,roman_bm25_method_D,44,105499,13.849807739257812,50
post_phase12_module1_M1-B,M1-B,R049,Anne Hathaway ki film Song One ka pehla trailer kab release hua,KI,104969,ROMAN,roman_bm25_method_D,45,15258,13.831205368041992,50
post_phase12_module1_M1-B,M1-B,R049,Anne Hathaway ki film Song One ka pehla trailer kab release hua,KI,104969,ROMAN,roman_bm25_method_D,46,69279,13.823760032653809,50
post_phase12_module1_M1-B,M1-B,R049,Anne Hathaway ki film Song One ka pehla trailer kab release hua,KI,104969,ROMAN,roman_bm25_method_D,47,14201,13.7957763671875,50
post_phase12_module1_M1-B,M1-B,R049,Anne Hathaway ki film Song One ka pehla trailer kab release hua,KI,104969,ROMAN,roman_bm25_method_D,48,106384,13.757378578186035,50
post_phase12_module1_M1-B,M1-B,R049,Anne Hathaway ki film Song One ka pehla trailer kab release hua,KI,104969,ROMAN,roman_bm25_method_D,49,105440,13.693549156188965,50
post_phase12_module1_M1-B,M1-B,R049,Anne Hathaway ki film Song One ka pehla trailer kab release hua,KI,104969,ROMAN,roman_bm25_method_D,50,107561,13.654328346252441,50
post_phase12_module1_M1-B,M1-B,R050,انڈر 19 ایشیا کپ فائنل Pakistan aur Bharat ka match kis natije par khatam hua,KI,96393,MIXED,urdu_bm25,1,85086,30.663671493530273,50
post_phase12_module1_M1-B,M1-B,R050,انڈر 19 ایشیا کپ فائنل Pakistan aur Bharat ka match kis natije par khatam hua,KI,96393,MIXED,urdu_bm25,2,44458,30.338714599609375,50
post_phase12_module1_M1-B,M1-B,R050,انڈر 19 ایشیا کپ فائنل Pakistan aur Bharat ka match kis natije par khatam hua,KI,96393,MIXED,urdu_bm25,3,85090,30.30851173400879,50
post_phase12_module1_M1-B,M1-B,R050,انڈر 19 ایشیا کپ فائنل Pakistan aur Bharat ka match kis natije par khatam hua,KI,96393,MIXED,urdu_bm25,4,43401,30.11703109741211,50
post_phase12_module1_M1-B,M1-B,R050,انڈر 19 ایشیا کپ فائنل Pakistan aur Bharat ka match kis natije par khatam hua,KI,96393,MIXED,urdu_bm25,5,28784,29.87047576904297,50
post_phase12_module1_M1-B,M1-B,R050,انڈر 19 ایشیا کپ فائنل Pakistan aur Bharat ka match kis natije par khatam hua,KI,96393,MIXED,urdu_bm25,6,93250,29.269933700561523,50
post_phase12_module1_M1-B,M1-B,R050,انڈر 19 ایشیا کپ فائنل Pakistan aur Bharat ka match kis natije par khatam hua,KI,96393,MIXED,urdu_bm25,7,85013,29.251510620117188,50
post_phase12_module1_M1-B,M1-B,R050,انڈر 19 ایشیا کپ فائنل Pakistan aur Bharat ka match kis natije par khatam hua,KI,96393,MIXED,urdu_bm25,8,96381,29.246814727783203,50
post_phase12_module1_M1-B,M1-B,R050,انڈر 19 ایشیا کپ فائنل Pakistan aur Bharat ka match kis natije par khatam hua,KI,96393,MIXED,urdu_bm25,9,96403,29.21879005432129,50
post_phase12_module1_M1-B,M1-B,R050,انڈر 19 ایشیا کپ فائنل Pakistan aur Bharat ka match kis natije par khatam hua,KI,96393,MIXED,urdu_bm25,10,96418,28.564882278442383,50
post_phase12_module1_M1-B,M1-B,R050,انڈر 19 ایشیا کپ فائنل Pakistan aur Bharat ka match kis natije par khatam hua,KI,96393,MIXED,urdu_bm25,11,96427,28.486778259277344,50
post_phase12_module1_M1-B,M1-B,R050,انڈر 19 ایشیا کپ فائنل Pakistan aur Bharat ka match kis natije par khatam hua,KI,96393,MIXED,urdu_bm25,12,85084,28.20102882385254,50
post_phase12_module1_M1-B,M1-B,R050,انڈر 19 ایشیا کپ فائنل Pakistan aur Bharat ka match kis natije par khatam hua,KI,96393,MIXED,urdu_bm25,13,44451,27.587980270385742,50
post_phase12_module1_M1-B,M1-B,R050,انڈر 19 ایشیا کپ فائنل Pakistan aur Bharat ka match kis natije par khatam hua,KI,96393,MIXED,urdu_bm25,14,52897,27.419200897216797,50
post_phase12_module1_M1-B,M1-B,R050,انڈر 19 ایشیا کپ فائنل Pakistan aur Bharat ka match kis natije par khatam hua,KI,96393,MIXED,urdu_bm25,15,96396,27.39374351501465,50
post_phase12_module1_M1-B,M1-B,R050,انڈر 19 ایشیا کپ فائنل Pakistan aur Bharat ka match kis natije par khatam hua,KI,96393,MIXED,urdu_bm25,16,87201,27.283008575439453,50
post_phase12_module1_M1-B,M1-B,R050,انڈر 19 ایشیا کپ فائنل Pakistan aur Bharat ka match kis natije par khatam hua,KI,96393,MIXED,urdu_bm25,17,96393,27.18946075439453,50
post_phase12_module1_M1-B,M1-B,R050,انڈر 19 ایشیا کپ فائنل Pakistan aur Bharat ka match kis natije par khatam hua,KI,96393,MIXED,urdu_bm25,18,52926,27.002086639404297,50
post_phase12_module1_M1-B,M1-B,R050,انڈر 19 ایشیا کپ فائنل Pakistan aur Bharat ka match kis natije par khatam hua,KI,96393,MIXED,urdu_bm25,19,43419,26.791078567504883,50
post_phase12_module1_M1-B,M1-B,R050,انڈر 19 ایشیا کپ فائنل Pakistan aur Bharat ka match kis natije par khatam hua,KI,96393,MIXED,urdu_bm25,20,94775,26.760883331298828,50
post_phase12_module1_M1-B,M1-B,R050,انڈر 19 ایشیا کپ فائنل Pakistan aur Bharat ka match kis natije par khatam hua,KI,96393,MIXED,urdu_bm25,21,45449,26.693038940429688,50
post_phase12_module1_M1-B,M1-B,R050,انڈر 19 ایشیا کپ فائنل Pakistan aur Bharat ka match kis natije par khatam hua,KI,96393,MIXED,urdu_bm25,22,96604,26.270294189453125,50
post_phase12_module1_M1-B,M1-B,R050,انڈر 19 ایشیا کپ فائنل Pakistan aur Bharat ka match kis natije par khatam hua,KI,96393,MIXED,urdu_bm25,23,87170,26.003652572631836,50
post_phase12_module1_M1-B,M1-B,R050,انڈر 19 ایشیا کپ فائنل Pakistan aur Bharat ka match kis natije par khatam hua,KI,96393,MIXED,urdu_bm25,24,42501,25.668521881103516,50
post_phase12_module1_M1-B,M1-B,R050,انڈر 19 ایشیا کپ فائنل Pakistan aur Bharat ka match kis natije par khatam hua,KI,96393,MIXED,urdu_bm25,25,46128,25.410633087158203,50
post_phase12_module1_M1-B,M1-B,R050,انڈر 19 ایشیا کپ فائنل Pakistan aur Bharat ka match kis natije par khatam hua,KI,96393,MIXED,urdu_bm25,26,85081,25.10495948791504,50
post_phase12_module1_M1-B,M1-B,R050,انڈر 19 ایشیا کپ فائنل Pakistan aur Bharat ka match kis natije par khatam hua,KI,96393,MIXED,urdu_bm25,27,52916,24.935312271118164,50
post_phase12_module1_M1-B,M1-B,R050,انڈر 19 ایشیا کپ فائنل Pakistan aur Bharat ka match kis natije par khatam hua,KI,96393,MIXED,urdu_bm25,28,96392,24.67940902709961,50
post_phase12_module1_M1-B,M1-B,R050,انڈر 19 ایشیا کپ فائنل Pakistan aur Bharat ka match kis natije par khatam hua,KI,96393,MIXED,urdu_bm25,29,92961,24.644453048706055,50
post_phase12_module1_M1-B,M1-B,R050,انڈر 19 ایشیا کپ فائنل Pakistan aur Bharat ka match kis natije par khatam hua,KI,96393,MIXED,urdu_bm25,30,28461,24.585468292236328,50
post_phase12_module1_M1-B,M1-B,R050,انڈر 19 ایشیا کپ فائنل Pakistan aur Bharat ka match kis natije par khatam hua,KI,96393,MIXED,urdu_bm25,31,82307,24.504379272460938,50
post_phase12_module1_M1-B,M1-B,R050,انڈر 19 ایشیا کپ فائنل Pakistan aur Bharat ka match kis natije par khatam hua,KI,96393,MIXED,urdu_bm25,32,96106,24.342994689941406,50
post_phase12_module1_M1-B,M1-B,R050,انڈر 19 ایشیا کپ فائنل Pakistan aur Bharat ka match kis natije par khatam hua,KI,96393,MIXED,urdu_bm25,33,84821,24.19890022277832,50
post_phase12_module1_M1-B,M1-B,R050,انڈر 19 ایشیا کپ فائنل Pakistan aur Bharat ka match kis natije par khatam hua,KI,96393,MIXED,urdu_bm25,34,81920,24.153614044189453,50
post_phase12_module1_M1-B,M1-B,R050,انڈر 19 ایشیا کپ فائنل Pakistan aur Bharat ka match kis natije par khatam hua,KI,96393,MIXED,urdu_bm25,35,92986,24.125080108642578,50
post_phase12_module1_M1-B,M1-B,R050,انڈر 19 ایشیا کپ فائنل Pakistan aur Bharat ka match kis natije par khatam hua,KI,96393,MIXED,urdu_bm25,36,84804,24.10283088684082,50
post_phase12_module1_M1-B,M1-B,R050,انڈر 19 ایشیا کپ فائنل Pakistan aur Bharat ka match kis natije par khatam hua,KI,96393,MIXED,urdu_bm25,37,28457,24.09954071044922,50
post_phase12_module1_M1-B,M1-B,R050,انڈر 19 ایشیا کپ فائنل Pakistan aur Bharat ka match kis natije par khatam hua,KI,96393,MIXED,urdu_bm25,38,96357,24.016857147216797,50
post_phase12_module1_M1-B,M1-B,R050,انڈر 19 ایشیا کپ فائنل Pakistan aur Bharat ka match kis natije par khatam hua,KI,96393,MIXED,urdu_bm25,39,41936,24.003673553466797,50
post_phase12_module1_M1-B,M1-B,R050,انڈر 19 ایشیا کپ فائنل Pakistan aur Bharat ka match kis natije par khatam hua,KI,96393,MIXED,urdu_bm25,40,52540,23.989910125732422,50
post_phase12_module1_M1-B,M1-B,R050,انڈر 19 ایشیا کپ فائنل Pakistan aur Bharat ka match kis natije par khatam hua,KI,96393,MIXED,urdu_bm25,41,44210,23.953454971313477,50
post_phase12_module1_M1-B,M1-B,R050,انڈر 19 ایشیا کپ فائنل Pakistan aur Bharat ka match kis natije par khatam hua,KI,96393,MIXED,urdu_bm25,42,25500,23.89084815979004,50
post_phase12_module1_M1-B,M1-B,R050,انڈر 19 ایشیا کپ فائنل Pakistan aur Bharat ka match kis natije par khatam hua,KI,96393,MIXED,urdu_bm25,43,96451,23.880638122558594,50
post_phase12_module1_M1-B,M1-B,R050,انڈر 19 ایشیا کپ فائنل Pakistan aur Bharat ka match kis natije par khatam hua,KI,96393,MIXED,urdu_bm25,44,44199,23.791837692260742,50
post_phase12_module1_M1-B,M1-B,R050,انڈر 19 ایشیا کپ فائنل Pakistan aur Bharat ka match kis natije par khatam hua,KI,96393,MIXED,urdu_bm25,45,54693,23.77743148803711,50
post_phase12_module1_M1-B,M1-B,R050,انڈر 19 ایشیا کپ فائنل Pakistan aur Bharat ka match kis natije par khatam hua,KI,96393,MIXED,urdu_bm25,46,96092,23.72703742980957,50
post_phase12_module1_M1-B,M1-B,R050,انڈر 19 ایشیا کپ فائنل Pakistan aur Bharat ka match kis natije par khatam hua,KI,96393,MIXED,urdu_bm25,47,96546,23.71302032470703,50
post_phase12_module1_M1-B,M1-B,R050,انڈر 19 ایشیا کپ فائنل Pakistan aur Bharat ka match kis natije par khatam hua,KI,96393,MIXED,urdu_bm25,48,96099,23.617156982421875,50
post_phase12_module1_M1-B,M1-B,R050,انڈر 19 ایشیا کپ فائنل Pakistan aur Bharat ka match kis natije par khatam hua,KI,96393,MIXED,urdu_bm25,49,29236,23.61623764038086,50
post_phase12_module1_M1-B,M1-B,R050,انڈر 19 ایشیا کپ فائنل Pakistan aur Bharat ka match kis natije par khatam hua,KI,96393,MIXED,urdu_bm25,50,29253,23.58382225036621,50
post_phase12_module1_M1-B,M1-B,R051,aaj Pakistan ka cricket match kahan khela ja raha hai,NAT,,ROMAN,roman_bm25_method_D,1,58393,18.343660354614258,50
post_phase12_module1_M1-B,M1-B,R051,aaj Pakistan ka cricket match kahan khela ja raha hai,NAT,,ROMAN,roman_bm25_method_D,2,87425,14.952534675598145,50
post_phase12_module1_M1-B,M1-B,R051,aaj Pakistan ka cricket match kahan khela ja raha hai,NAT,,ROMAN,roman_bm25_method_D,3,88349,14.79020881652832,50
post_phase12_module1_M1-B,M1-B,R051,aaj Pakistan ka cricket match kahan khela ja raha hai,NAT,,ROMAN,roman_bm25_method_D,4,82498,14.590714454650879,50
post_phase12_module1_M1-B,M1-B,R051,aaj Pakistan ka cricket match kahan khela ja raha hai,NAT,,ROMAN,roman_bm25_method_D,5,87370,14.195204734802246,50
post_phase12_module1_M1-B,M1-B,R051,aaj Pakistan ka cricket match kahan khela ja raha hai,NAT,,ROMAN,roman_bm25_method_D,6,42603,14.064212799072266,50
post_phase12_module1_M1-B,M1-B,R051,aaj Pakistan ka cricket match kahan khela ja raha hai,NAT,,ROMAN,roman_bm25_method_D,7,80792,13.858325958251953,50
post_phase12_module1_M1-B,M1-B,R051,aaj Pakistan ka cricket match kahan khela ja raha hai,NAT,,ROMAN,roman_bm25_method_D,8,83084,13.81002140045166,50
post_phase12_module1_M1-B,M1-B,R051,aaj Pakistan ka cricket match kahan khela ja raha hai,NAT,,ROMAN,roman_bm25_method_D,9,81884,13.616419792175293,50
post_phase12_module1_M1-B,M1-B,R051,aaj Pakistan ka cricket match kahan khela ja raha hai,NAT,,ROMAN,roman_bm25_method_D,10,85487,13.585230827331543,50
post_phase12_module1_M1-B,M1-B,R051,aaj Pakistan ka cricket match kahan khela ja raha hai,NAT,,ROMAN,roman_bm25_method_D,11,91548,13.339329719543457,50
post_phase12_module1_M1-B,M1-B,R051,aaj Pakistan ka cricket match kahan khela ja raha hai,NAT,,ROMAN,roman_bm25_method_D,12,42649,13.241781234741211,50
post_phase12_module1_M1-B,M1-B,R051,aaj Pakistan ka cricket match kahan khela ja raha hai,NAT,,ROMAN,roman_bm25_method_D,13,86684,13.161114692687988,50
post_phase12_module1_M1-B,M1-B,R051,aaj Pakistan ka cricket match kahan khela ja raha hai,NAT,,ROMAN,roman_bm25_method_D,14,85980,13.097665786743164,50
post_phase12_module1_M1-B,M1-B,R051,aaj Pakistan ka cricket match kahan khela ja raha hai,NAT,,ROMAN,roman_bm25_method_D,15,86483,13.006758689880371,50
post_phase12_module1_M1-B,M1-B,R051,aaj Pakistan ka cricket match kahan khela ja raha hai,NAT,,ROMAN,roman_bm25_method_D,16,89232,12.918643951416016,50
post_phase12_module1_M1-B,M1-B,R051,aaj Pakistan ka cricket match kahan khela ja raha hai,NAT,,ROMAN,roman_bm25_method_D,17,45862,12.899754524230957,50
post_phase12_module1_M1-B,M1-B,R051,aaj Pakistan ka cricket match kahan khela ja raha hai,NAT,,ROMAN,roman_bm25_method_D,18,47613,12.860980033874512,50
post_phase12_module1_M1-B,M1-B,R051,aaj Pakistan ka cricket match kahan khela ja raha hai,NAT,,ROMAN,roman_bm25_method_D,19,42677,12.844620704650879,50
post_phase12_module1_M1-B,M1-B,R051,aaj Pakistan ka cricket match kahan khela ja raha hai,NAT,,ROMAN,roman_bm25_method_D,20,80909,12.830953598022461,50
post_phase12_module1_M1-B,M1-B,R051,aaj Pakistan ka cricket match kahan khela ja raha hai,NAT,,ROMAN,roman_bm25_method_D,21,46851,12.803964614868164,50
post_phase12_module1_M1-B,M1-B,R051,aaj Pakistan ka cricket match kahan khela ja raha hai,NAT,,ROMAN,roman_bm25_method_D,22,46392,12.67007827758789,50
post_phase12_module1_M1-B,M1-B,R051,aaj Pakistan ka cricket match kahan khela ja raha hai,NAT,,ROMAN,roman_bm25_method_D,23,25544,12.655616760253906,50
post_phase12_module1_M1-B,M1-B,R051,aaj Pakistan ka cricket match kahan khela ja raha hai,NAT,,ROMAN,roman_bm25_method_D,24,90860,12.649093627929688,50
post_phase12_module1_M1-B,M1-B,R051,aaj Pakistan ka cricket match kahan khela ja raha hai,NAT,,ROMAN,roman_bm25_method_D,25,46253,12.54382610321045,50
post_phase12_module1_M1-B,M1-B,R051,aaj Pakistan ka cricket match kahan khela ja raha hai,NAT,,ROMAN,roman_bm25_method_D,26,35038,12.49950885772705,50
post_phase12_module1_M1-B,M1-B,R051,aaj Pakistan ka cricket match kahan khela ja raha hai,NAT,,ROMAN,roman_bm25_method_D,27,85498,12.497989654541016,50
post_phase12_module1_M1-B,M1-B,R051,aaj Pakistan ka cricket match kahan khela ja raha hai,NAT,,ROMAN,roman_bm25_method_D,28,91367,12.433913230895996,50
post_phase12_module1_M1-B,M1-B,R051,aaj Pakistan ka cricket match kahan khela ja raha hai,NAT,,ROMAN,roman_bm25_method_D,29,86891,12.355807304382324,50
post_phase12_module1_M1-B,M1-B,R051,aaj Pakistan ka cricket match kahan khela ja raha hai,NAT,,ROMAN,roman_bm25_method_D,30,31380,12.348406791687012,50
post_phase12_module1_M1-B,M1-B,R051,aaj Pakistan ka cricket match kahan khela ja raha hai,NAT,,ROMAN,roman_bm25_method_D,31,83080,12.306608200073242,50
post_phase12_module1_M1-B,M1-B,R051,aaj Pakistan ka cricket match kahan khela ja raha hai,NAT,,ROMAN,roman_bm25_method_D,32,28930,12.306280136108398,50
post_phase12_module1_M1-B,M1-B,R051,aaj Pakistan ka cricket match kahan khela ja raha hai,NAT,,ROMAN,roman_bm25_method_D,33,81788,12.292623519897461,50
post_phase12_module1_M1-B,M1-B,R051,aaj Pakistan ka cricket match kahan khela ja raha hai,NAT,,ROMAN,roman_bm25_method_D,34,45803,12.288636207580566,50
post_phase12_module1_M1-B,M1-B,R051,aaj Pakistan ka cricket match kahan khela ja raha hai,NAT,,ROMAN,roman_bm25_method_D,35,85333,12.286386489868164,50
post_phase12_module1_M1-B,M1-B,R051,aaj Pakistan ka cricket match kahan khela ja raha hai,NAT,,ROMAN,roman_bm25_method_D,36,91797,12.237581253051758,50
post_phase12_module1_M1-B,M1-B,R051,aaj Pakistan ka cricket match kahan khela ja raha hai,NAT,,ROMAN,roman_bm25_method_D,37,84766,12.236529350280762,50
post_phase12_module1_M1-B,M1-B,R051,aaj Pakistan ka cricket match kahan khela ja raha hai,NAT,,ROMAN,roman_bm25_method_D,38,92220,12.231307983398438,50
post_phase12_module1_M1-B,M1-B,R051,aaj Pakistan ka cricket match kahan khela ja raha hai,NAT,,ROMAN,roman_bm25_method_D,39,84825,12.213953018188477,50
post_phase12_module1_M1-B,M1-B,R051,aaj Pakistan ka cricket match kahan khela ja raha hai,NAT,,ROMAN,roman_bm25_method_D,40,53415,12.197555541992188,50
post_phase12_module1_M1-B,M1-B,R051,aaj Pakistan ka cricket match kahan khela ja raha hai,NAT,,ROMAN,roman_bm25_method_D,41,46514,12.175649642944336,50
post_phase12_module1_M1-B,M1-B,R051,aaj Pakistan ka cricket match kahan khela ja raha hai,NAT,,ROMAN,roman_bm25_method_D,42,45702,12.138830184936523,50
post_phase12_module1_M1-B,M1-B,R051,aaj Pakistan ka cricket match kahan khela ja raha hai,NAT,,ROMAN,roman_bm25_method_D,43,95349,12.127936363220215,50
post_phase12_module1_M1-B,M1-B,R051,aaj Pakistan ka cricket match kahan khela ja raha hai,NAT,,ROMAN,roman_bm25_method_D,44,38209,12.12242317199707,50
post_phase12_module1_M1-B,M1-B,R051,aaj Pakistan ka cricket match kahan khela ja raha hai,NAT,,ROMAN,roman_bm25_method_D,45,25548,12.103958129882812,50
post_phase12_module1_M1-B,M1-B,R051,aaj Pakistan ka cricket match kahan khela ja raha hai,NAT,,ROMAN,roman_bm25_method_D,46,43767,12.102960586547852,50
post_phase12_module1_M1-B,M1-B,R051,aaj Pakistan ka cricket match kahan khela ja raha hai,NAT,,ROMAN,roman_bm25_method_D,47,35252,12.09157657623291,50
post_phase12_module1_M1-B,M1-B,R051,aaj Pakistan ka cricket match kahan khela ja raha hai,NAT,,ROMAN,roman_bm25_method_D,48,87239,12.08558464050293,50
post_phase12_module1_M1-B,M1-B,R051,aaj Pakistan ka cricket match kahan khela ja raha hai,NAT,,ROMAN,roman_bm25_method_D,49,94528,12.08230972290039,50
post_phase12_module1_M1-B,M1-B,R051,aaj Pakistan ka cricket match kahan khela ja raha hai,NAT,,ROMAN,roman_bm25_method_D,50,84887,12.077679634094238,50
post_phase12_module1_M1-B,M1-B,R052,موجودہ ڈالر کی اوپن مارکیٹ قیمت کیا ہے,NAT,,URDU,urdu_bm25,1,65778,25.865205764770508,50
post_phase12_module1_M1-B,M1-B,R052,موجودہ ڈالر کی اوپن مارکیٹ قیمت کیا ہے,NAT,,URDU,urdu_bm25,2,65867,25.515623092651367,50
post_phase12_module1_M1-B,M1-B,R052,موجودہ ڈالر کی اوپن مارکیٹ قیمت کیا ہے,NAT,,URDU,urdu_bm25,3,71095,25.50870132446289,50
post_phase12_module1_M1-B,M1-B,R052,موجودہ ڈالر کی اوپن مارکیٹ قیمت کیا ہے,NAT,,URDU,urdu_bm25,4,64775,25.203645706176758,50
post_phase12_module1_M1-B,M1-B,R052,موجودہ ڈالر کی اوپن مارکیٹ قیمت کیا ہے,NAT,,URDU,urdu_bm25,5,61511,25.006847381591797,50
post_phase12_module1_M1-B,M1-B,R052,موجودہ ڈالر کی اوپن مارکیٹ قیمت کیا ہے,NAT,,URDU,urdu_bm25,6,38964,25.001054763793945,50
post_phase12_module1_M1-B,M1-B,R052,موجودہ ڈالر کی اوپن مارکیٹ قیمت کیا ہے,NAT,,URDU,urdu_bm25,7,71077,25.000398635864258,50
post_phase12_module1_M1-B,M1-B,R052,موجودہ ڈالر کی اوپن مارکیٹ قیمت کیا ہے,NAT,,URDU,urdu_bm25,8,63868,24.750703811645508,50
post_phase12_module1_M1-B,M1-B,R052,موجودہ ڈالر کی اوپن مارکیٹ قیمت کیا ہے,NAT,,URDU,urdu_bm25,9,2252,24.728912353515625,50
post_phase12_module1_M1-B,M1-B,R052,موجودہ ڈالر کی اوپن مارکیٹ قیمت کیا ہے,NAT,,URDU,urdu_bm25,10,65861,24.682479858398438,50
post_phase12_module1_M1-B,M1-B,R052,موجودہ ڈالر کی اوپن مارکیٹ قیمت کیا ہے,NAT,,URDU,urdu_bm25,11,108910,24.610631942749023,50
post_phase12_module1_M1-B,M1-B,R052,موجودہ ڈالر کی اوپن مارکیٹ قیمت کیا ہے,NAT,,URDU,urdu_bm25,12,108899,24.602272033691406,50
post_phase12_module1_M1-B,M1-B,R052,موجودہ ڈالر کی اوپن مارکیٹ قیمت کیا ہے,NAT,,URDU,urdu_bm25,13,71061,24.599458694458008,50
post_phase12_module1_M1-B,M1-B,R052,موجودہ ڈالر کی اوپن مارکیٹ قیمت کیا ہے,NAT,,URDU,urdu_bm25,14,71886,24.56637954711914,50
post_phase12_module1_M1-B,M1-B,R052,موجودہ ڈالر کی اوپن مارکیٹ قیمت کیا ہے,NAT,,URDU,urdu_bm25,15,2331,24.536317825317383,50
post_phase12_module1_M1-B,M1-B,R052,موجودہ ڈالر کی اوپن مارکیٹ قیمت کیا ہے,NAT,,URDU,urdu_bm25,16,111179,24.359272003173828,50
post_phase12_module1_M1-B,M1-B,R052,موجودہ ڈالر کی اوپن مارکیٹ قیمت کیا ہے,NAT,,URDU,urdu_bm25,17,64695,24.34723663330078,50
post_phase12_module1_M1-B,M1-B,R052,موجودہ ڈالر کی اوپن مارکیٹ قیمت کیا ہے,NAT,,URDU,urdu_bm25,18,65756,24.324207305908203,50
post_phase12_module1_M1-B,M1-B,R052,موجودہ ڈالر کی اوپن مارکیٹ قیمت کیا ہے,NAT,,URDU,urdu_bm25,19,72545,24.314865112304688,50
post_phase12_module1_M1-B,M1-B,R052,موجودہ ڈالر کی اوپن مارکیٹ قیمت کیا ہے,NAT,,URDU,urdu_bm25,20,71396,24.294126510620117,50
post_phase12_module1_M1-B,M1-B,R052,موجودہ ڈالر کی اوپن مارکیٹ قیمت کیا ہے,NAT,,URDU,urdu_bm25,21,63653,24.291641235351562,50
post_phase12_module1_M1-B,M1-B,R052,موجودہ ڈالر کی اوپن مارکیٹ قیمت کیا ہے,NAT,,URDU,urdu_bm25,22,1464,24.279312133789062,50
post_phase12_module1_M1-B,M1-B,R052,موجودہ ڈالر کی اوپن مارکیٹ قیمت کیا ہے,NAT,,URDU,urdu_bm25,23,110541,24.263687133789062,50
post_phase12_module1_M1-B,M1-B,R052,موجودہ ڈالر کی اوپن مارکیٹ قیمت کیا ہے,NAT,,URDU,urdu_bm25,24,77220,24.21177864074707,50
post_phase12_module1_M1-B,M1-B,R052,موجودہ ڈالر کی اوپن مارکیٹ قیمت کیا ہے,NAT,,URDU,urdu_bm25,25,65074,24.207828521728516,50
post_phase12_module1_M1-B,M1-B,R052,موجودہ ڈالر کی اوپن مارکیٹ قیمت کیا ہے,NAT,,URDU,urdu_bm25,26,1484,24.159854888916016,50
post_phase12_module1_M1-B,M1-B,R052,موجودہ ڈالر کی اوپن مارکیٹ قیمت کیا ہے,NAT,,URDU,urdu_bm25,27,39378,24.144411087036133,50
post_phase12_module1_M1-B,M1-B,R052,موجودہ ڈالر کی اوپن مارکیٹ قیمت کیا ہے,NAT,,URDU,urdu_bm25,28,110572,24.13551902770996,50
post_phase12_module1_M1-B,M1-B,R052,موجودہ ڈالر کی اوپن مارکیٹ قیمت کیا ہے,NAT,,URDU,urdu_bm25,29,64962,24.11927032470703,50
post_phase12_module1_M1-B,M1-B,R052,موجودہ ڈالر کی اوپن مارکیٹ قیمت کیا ہے,NAT,,URDU,urdu_bm25,30,65536,24.103267669677734,50
post_phase12_module1_M1-B,M1-B,R052,موجودہ ڈالر کی اوپن مارکیٹ قیمت کیا ہے,NAT,,URDU,urdu_bm25,31,65519,24.103038787841797,50
post_phase12_module1_M1-B,M1-B,R052,موجودہ ڈالر کی اوپن مارکیٹ قیمت کیا ہے,NAT,,URDU,urdu_bm25,32,111787,24.095264434814453,50
post_phase12_module1_M1-B,M1-B,R052,موجودہ ڈالر کی اوپن مارکیٹ قیمت کیا ہے,NAT,,URDU,urdu_bm25,33,110633,24.046175003051758,50
post_phase12_module1_M1-B,M1-B,R052,موجودہ ڈالر کی اوپن مارکیٹ قیمت کیا ہے,NAT,,URDU,urdu_bm25,34,71058,23.907079696655273,50
post_phase12_module1_M1-B,M1-B,R052,موجودہ ڈالر کی اوپن مارکیٹ قیمت کیا ہے,NAT,,URDU,urdu_bm25,35,71043,23.878353118896484,50
post_phase12_module1_M1-B,M1-B,R052,موجودہ ڈالر کی اوپن مارکیٹ قیمت کیا ہے,NAT,,URDU,urdu_bm25,36,111659,23.87700653076172,50
post_phase12_module1_M1-B,M1-B,R052,موجودہ ڈالر کی اوپن مارکیٹ قیمت کیا ہے,NAT,,URDU,urdu_bm25,37,111668,23.856962203979492,50
post_phase12_module1_M1-B,M1-B,R052,موجودہ ڈالر کی اوپن مارکیٹ قیمت کیا ہے,NAT,,URDU,urdu_bm25,38,71081,23.83090591430664,50
post_phase12_module1_M1-B,M1-B,R052,موجودہ ڈالر کی اوپن مارکیٹ قیمت کیا ہے,NAT,,URDU,urdu_bm25,39,2248,23.829015731811523,50
post_phase12_module1_M1-B,M1-B,R052,موجودہ ڈالر کی اوپن مارکیٹ قیمت کیا ہے,NAT,,URDU,urdu_bm25,40,71035,23.827892303466797,50
post_phase12_module1_M1-B,M1-B,R052,موجودہ ڈالر کی اوپن مارکیٹ قیمت کیا ہے,NAT,,URDU,urdu_bm25,41,71382,23.815967559814453,50
post_phase12_module1_M1-B,M1-B,R052,موجودہ ڈالر کی اوپن مارکیٹ قیمت کیا ہے,NAT,,URDU,urdu_bm25,42,64975,23.783740997314453,50
post_phase12_module1_M1-B,M1-B,R052,موجودہ ڈالر کی اوپن مارکیٹ قیمت کیا ہے,NAT,,URDU,urdu_bm25,43,64626,23.75864601135254,50
post_phase12_module1_M1-B,M1-B,R052,موجودہ ڈالر کی اوپن مارکیٹ قیمت کیا ہے,NAT,,URDU,urdu_bm25,44,61386,23.748493194580078,50
post_phase12_module1_M1-B,M1-B,R052,موجودہ ڈالر کی اوپن مارکیٹ قیمت کیا ہے,NAT,,URDU,urdu_bm25,45,65954,23.74674415588379,50
post_phase12_module1_M1-B,M1-B,R052,موجودہ ڈالر کی اوپن مارکیٹ قیمت کیا ہے,NAT,,URDU,urdu_bm25,46,70299,23.7167911529541,50
post_phase12_module1_M1-B,M1-B,R052,موجودہ ڈالر کی اوپن مارکیٹ قیمت کیا ہے,NAT,,URDU,urdu_bm25,47,62458,23.661396026611328,50
post_phase12_module1_M1-B,M1-B,R052,موجودہ ڈالر کی اوپن مارکیٹ قیمت کیا ہے,NAT,,URDU,urdu_bm25,48,60654,23.639568328857422,50
post_phase12_module1_M1-B,M1-B,R052,موجودہ ڈالر کی اوپن مارکیٹ قیمت کیا ہے,NAT,,URDU,urdu_bm25,49,64715,23.63558578491211,50
post_phase12_module1_M1-B,M1-B,R052,موجودہ ڈالر کی اوپن مارکیٹ قیمت کیا ہے,NAT,,URDU,urdu_bm25,50,108882,23.5988712310791,50
post_phase12_module1_M1-B,M1-B,R053,پٹرول ki qeemat mein kal kya tabdeeli hui,NAT,,MIXED,urdu_bm25,1,38475,11.945455551147461,50
post_phase12_module1_M1-B,M1-B,R053,پٹرول ki qeemat mein kal kya tabdeeli hui,NAT,,MIXED,urdu_bm25,2,75208,11.881705284118652,50
post_phase12_module1_M1-B,M1-B,R053,پٹرول ki qeemat mein kal kya tabdeeli hui,NAT,,MIXED,urdu_bm25,3,78276,11.8480806350708,50
post_phase12_module1_M1-B,M1-B,R053,پٹرول ki qeemat mein kal kya tabdeeli hui,NAT,,MIXED,urdu_bm25,4,75103,11.71609115600586,50
post_phase12_module1_M1-B,M1-B,R053,پٹرول ki qeemat mein kal kya tabdeeli hui,NAT,,MIXED,urdu_bm25,5,77577,11.706342697143555,50
post_phase12_module1_M1-B,M1-B,R053,پٹرول ki qeemat mein kal kya tabdeeli hui,NAT,,MIXED,urdu_bm25,6,76343,11.694643020629883,50
post_phase12_module1_M1-B,M1-B,R053,پٹرول ki qeemat mein kal kya tabdeeli hui,NAT,,MIXED,urdu_bm25,7,110678,11.67133903503418,50
post_phase12_module1_M1-B,M1-B,R053,پٹرول ki qeemat mein kal kya tabdeeli hui,NAT,,MIXED,urdu_bm25,8,73357,11.6690092086792,50
post_phase12_module1_M1-B,M1-B,R053,پٹرول ki qeemat mein kal kya tabdeeli hui,NAT,,MIXED,urdu_bm25,9,75031,11.622303009033203,50
post_phase12_module1_M1-B,M1-B,R053,پٹرول ki qeemat mein kal kya tabdeeli hui,NAT,,MIXED,urdu_bm25,10,75063,11.605324745178223,50
post_phase12_module1_M1-B,M1-B,R053,پٹرول ki qeemat mein kal kya tabdeeli hui,NAT,,MIXED,urdu_bm25,11,75065,11.591336250305176,50
post_phase12_module1_M1-B,M1-B,R053,پٹرول ki qeemat mein kal kya tabdeeli hui,NAT,,MIXED,urdu_bm25,12,63468,11.590129852294922,50
post_phase12_module1_M1-B,M1-B,R053,پٹرول ki qeemat mein kal kya tabdeeli hui,NAT,,MIXED,urdu_bm25,13,75533,11.485352516174316,50
post_phase12_module1_M1-B,M1-B,R053,پٹرول ki qeemat mein kal kya tabdeeli hui,NAT,,MIXED,urdu_bm25,14,75058,11.480305671691895,50
post_phase12_module1_M1-B,M1-B,R053,پٹرول ki qeemat mein kal kya tabdeeli hui,NAT,,MIXED,urdu_bm25,15,61030,11.477180480957031,50
post_phase12_module1_M1-B,M1-B,R053,پٹرول ki qeemat mein kal kya tabdeeli hui,NAT,,MIXED,urdu_bm25,16,41109,11.468354225158691,50
post_phase12_module1_M1-B,M1-B,R053,پٹرول ki qeemat mein kal kya tabdeeli hui,NAT,,MIXED,urdu_bm25,17,40501,11.426884651184082,50
post_phase12_module1_M1-B,M1-B,R053,پٹرول ki qeemat mein kal kya tabdeeli hui,NAT,,MIXED,urdu_bm25,18,75045,11.384576797485352,50
post_phase12_module1_M1-B,M1-B,R053,پٹرول ki qeemat mein kal kya tabdeeli hui,NAT,,MIXED,urdu_bm25,19,75041,11.357667922973633,50
post_phase12_module1_M1-B,M1-B,R053,پٹرول ki qeemat mein kal kya tabdeeli hui,NAT,,MIXED,urdu_bm25,20,61028,11.337650299072266,50
post_phase12_module1_M1-B,M1-B,R053,پٹرول ki qeemat mein kal kya tabdeeli hui,NAT,,MIXED,urdu_bm25,21,39587,11.297468185424805,50
post_phase12_module1_M1-B,M1-B,R053,پٹرول ki qeemat mein kal kya tabdeeli hui,NAT,,MIXED,urdu_bm25,22,75059,11.293556213378906,50
post_phase12_module1_M1-B,M1-B,R053,پٹرول ki qeemat mein kal kya tabdeeli hui,NAT,,MIXED,urdu_bm25,23,75055,11.287487030029297,50
post_phase12_module1_M1-B,M1-B,R053,پٹرول ki qeemat mein kal kya tabdeeli hui,NAT,,MIXED,urdu_bm25,24,75039,11.257514953613281,50
post_phase12_module1_M1-B,M1-B,R053,پٹرول ki qeemat mein kal kya tabdeeli hui,NAT,,MIXED,urdu_bm25,25,75050,11.224547386169434,50
post_phase12_module1_M1-B,M1-B,R053,پٹرول ki qeemat mein kal kya tabdeeli hui,NAT,,MIXED,urdu_bm25,26,74994,11.220870018005371,50
post_phase12_module1_M1-B,M1-B,R053,پٹرول ki qeemat mein kal kya tabdeeli hui,NAT,,MIXED,urdu_bm25,27,75036,11.202126502990723,50
post_phase12_module1_M1-B,M1-B,R053,پٹرول ki qeemat mein kal kya tabdeeli hui,NAT,,MIXED,urdu_bm25,28,75535,11.178850173950195,50
post_phase12_module1_M1-B,M1-B,R053,پٹرول ki qeemat mein kal kya tabdeeli hui,NAT,,MIXED,urdu_bm25,29,60882,11.175999641418457,50
post_phase12_module1_M1-B,M1-B,R053,پٹرول ki qeemat mein kal kya tabdeeli hui,NAT,,MIXED,urdu_bm25,30,75062,11.164198875427246,50
post_phase12_module1_M1-B,M1-B,R053,پٹرول ki qeemat mein kal kya tabdeeli hui,NAT,,MIXED,urdu_bm25,31,75038,11.143511772155762,50
post_phase12_module1_M1-B,M1-B,R053,پٹرول ki qeemat mein kal kya tabdeeli hui,NAT,,MIXED,urdu_bm25,32,76334,11.135741233825684,50
post_phase12_module1_M1-B,M1-B,R053,پٹرول ki qeemat mein kal kya tabdeeli hui,NAT,,MIXED,urdu_bm25,33,75056,11.126794815063477,50
post_phase12_module1_M1-B,M1-B,R053,پٹرول ki qeemat mein kal kya tabdeeli hui,NAT,,MIXED,urdu_bm25,34,74403,11.120414733886719,50
post_phase12_module1_M1-B,M1-B,R053,پٹرول ki qeemat mein kal kya tabdeeli hui,NAT,,MIXED,urdu_bm25,35,38473,11.094588279724121,50
post_phase12_module1_M1-B,M1-B,R053,پٹرول ki qeemat mein kal kya tabdeeli hui,NAT,,MIXED,urdu_bm25,36,71779,11.073173522949219,50
post_phase12_module1_M1-B,M1-B,R053,پٹرول ki qeemat mein kal kya tabdeeli hui,NAT,,MIXED,urdu_bm25,37,39177,11.050981521606445,50
post_phase12_module1_M1-B,M1-B,R053,پٹرول ki qeemat mein kal kya tabdeeli hui,NAT,,MIXED,urdu_bm25,38,39504,11.043182373046875,50
post_phase12_module1_M1-B,M1-B,R053,پٹرول ki qeemat mein kal kya tabdeeli hui,NAT,,MIXED,urdu_bm25,39,39351,11.027177810668945,50
post_phase12_module1_M1-B,M1-B,R053,پٹرول ki qeemat mein kal kya tabdeeli hui,NAT,,MIXED,urdu_bm25,40,75359,11.018047332763672,50
post_phase12_module1_M1-B,M1-B,R053,پٹرول ki qeemat mein kal kya tabdeeli hui,NAT,,MIXED,urdu_bm25,41,40351,10.997711181640625,50
post_phase12_module1_M1-B,M1-B,R053,پٹرول ki qeemat mein kal kya tabdeeli hui,NAT,,MIXED,urdu_bm25,42,76270,10.975037574768066,50
post_phase12_module1_M1-B,M1-B,R053,پٹرول ki qeemat mein kal kya tabdeeli hui,NAT,,MIXED,urdu_bm25,43,78528,10.973883628845215,50
post_phase12_module1_M1-B,M1-B,R053,پٹرول ki qeemat mein kal kya tabdeeli hui,NAT,,MIXED,urdu_bm25,44,62819,10.92249584197998,50
post_phase12_module1_M1-B,M1-B,R053,پٹرول ki qeemat mein kal kya tabdeeli hui,NAT,,MIXED,urdu_bm25,45,72241,10.917619705200195,50
post_phase12_module1_M1-B,M1-B,R053,پٹرول ki qeemat mein kal kya tabdeeli hui,NAT,,MIXED,urdu_bm25,46,38461,10.907880783081055,50
post_phase12_module1_M1-B,M1-B,R053,پٹرول ki qeemat mein kal kya tabdeeli hui,NAT,,MIXED,urdu_bm25,47,40655,10.900132179260254,50
post_phase12_module1_M1-B,M1-B,R053,پٹرول ki qeemat mein kal kya tabdeeli hui,NAT,,MIXED,urdu_bm25,48,72469,10.877859115600586,50
post_phase12_module1_M1-B,M1-B,R053,پٹرول ki qeemat mein kal kya tabdeeli hui,NAT,,MIXED,urdu_bm25,49,17585,10.870454788208008,50
post_phase12_module1_M1-B,M1-B,R053,پٹرول ki qeemat mein kal kya tabdeeli hui,NAT,,MIXED,urdu_bm25,50,75052,10.8189058303833,50
post_phase12_module1_M1-B,M1-B,R054,Pakistan mein mehngai kam kyun nahi ho rahi aur aam admi par asar kya hai,NAT,,ROMAN,roman_bm25_method_D,1,73822,30.051555633544922,50
post_phase12_module1_M1-B,M1-B,R054,Pakistan mein mehngai kam kyun nahi ho rahi aur aam admi par asar kya hai,NAT,,ROMAN,roman_bm25_method_D,2,72079,27.439626693725586,50
post_phase12_module1_M1-B,M1-B,R054,Pakistan mein mehngai kam kyun nahi ho rahi aur aam admi par asar kya hai,NAT,,ROMAN,roman_bm25_method_D,3,72719,26.45527458190918,50
post_phase12_module1_M1-B,M1-B,R054,Pakistan mein mehngai kam kyun nahi ho rahi aur aam admi par asar kya hai,NAT,,ROMAN,roman_bm25_method_D,4,74564,24.183380126953125,50
post_phase12_module1_M1-B,M1-B,R054,Pakistan mein mehngai kam kyun nahi ho rahi aur aam admi par asar kya hai,NAT,,ROMAN,roman_bm25_method_D,5,60587,23.86893081665039,50
post_phase12_module1_M1-B,M1-B,R054,Pakistan mein mehngai kam kyun nahi ho rahi aur aam admi par asar kya hai,NAT,,ROMAN,roman_bm25_method_D,6,109441,23.48365020751953,50
post_phase12_module1_M1-B,M1-B,R054,Pakistan mein mehngai kam kyun nahi ho rahi aur aam admi par asar kya hai,NAT,,ROMAN,roman_bm25_method_D,7,39099,22.488685607910156,50
post_phase12_module1_M1-B,M1-B,R054,Pakistan mein mehngai kam kyun nahi ho rahi aur aam admi par asar kya hai,NAT,,ROMAN,roman_bm25_method_D,8,75515,22.37469482421875,50
post_phase12_module1_M1-B,M1-B,R054,Pakistan mein mehngai kam kyun nahi ho rahi aur aam admi par asar kya hai,NAT,,ROMAN,roman_bm25_method_D,9,40331,21.820274353027344,50
post_phase12_module1_M1-B,M1-B,R054,Pakistan mein mehngai kam kyun nahi ho rahi aur aam admi par asar kya hai,NAT,,ROMAN,roman_bm25_method_D,10,101309,21.81232261657715,50
post_phase12_module1_M1-B,M1-B,R054,Pakistan mein mehngai kam kyun nahi ho rahi aur aam admi par asar kya hai,NAT,,ROMAN,roman_bm25_method_D,11,111755,21.686660766601562,50
post_phase12_module1_M1-B,M1-B,R054,Pakistan mein mehngai kam kyun nahi ho rahi aur aam admi par asar kya hai,NAT,,ROMAN,roman_bm25_method_D,12,48389,21.60804557800293,50
post_phase12_module1_M1-B,M1-B,R054,Pakistan mein mehngai kam kyun nahi ho rahi aur aam admi par asar kya hai,NAT,,ROMAN,roman_bm25_method_D,13,75338,21.555477142333984,50
post_phase12_module1_M1-B,M1-B,R054,Pakistan mein mehngai kam kyun nahi ho rahi aur aam admi par asar kya hai,NAT,,ROMAN,roman_bm25_method_D,14,38916,21.417530059814453,50
post_phase12_module1_M1-B,M1-B,R054,Pakistan mein mehngai kam kyun nahi ho rahi aur aam admi par asar kya hai,NAT,,ROMAN,roman_bm25_method_D,15,50976,21.34392738342285,50
post_phase12_module1_M1-B,M1-B,R054,Pakistan mein mehngai kam kyun nahi ho rahi aur aam admi par asar kya hai,NAT,,ROMAN,roman_bm25_method_D,16,50165,21.308897018432617,50
post_phase12_module1_M1-B,M1-B,R054,Pakistan mein mehngai kam kyun nahi ho rahi aur aam admi par asar kya hai,NAT,,ROMAN,roman_bm25_method_D,17,75221,21.103168487548828,50
post_phase12_module1_M1-B,M1-B,R054,Pakistan mein mehngai kam kyun nahi ho rahi aur aam admi par asar kya hai,NAT,,ROMAN,roman_bm25_method_D,18,74027,21.045087814331055,50
post_phase12_module1_M1-B,M1-B,R054,Pakistan mein mehngai kam kyun nahi ho rahi aur aam admi par asar kya hai,NAT,,ROMAN,roman_bm25_method_D,19,109376,20.975278854370117,50
post_phase12_module1_M1-B,M1-B,R054,Pakistan mein mehngai kam kyun nahi ho rahi aur aam admi par asar kya hai,NAT,,ROMAN,roman_bm25_method_D,20,71995,20.787925720214844,50
post_phase12_module1_M1-B,M1-B,R054,Pakistan mein mehngai kam kyun nahi ho rahi aur aam admi par asar kya hai,NAT,,ROMAN,roman_bm25_method_D,21,74033,20.55033302307129,50
post_phase12_module1_M1-B,M1-B,R054,Pakistan mein mehngai kam kyun nahi ho rahi aur aam admi par asar kya hai,NAT,,ROMAN,roman_bm25_method_D,22,73410,20.520002365112305,50
post_phase12_module1_M1-B,M1-B,R054,Pakistan mein mehngai kam kyun nahi ho rahi aur aam admi par asar kya hai,NAT,,ROMAN,roman_bm25_method_D,23,110939,20.479618072509766,50
post_phase12_module1_M1-B,M1-B,R054,Pakistan mein mehngai kam kyun nahi ho rahi aur aam admi par asar kya hai,NAT,,ROMAN,roman_bm25_method_D,24,13543,20.438875198364258,50
post_phase12_module1_M1-B,M1-B,R054,Pakistan mein mehngai kam kyun nahi ho rahi aur aam admi par asar kya hai,NAT,,ROMAN,roman_bm25_method_D,25,74658,20.045917510986328,50
post_phase12_module1_M1-B,M1-B,R054,Pakistan mein mehngai kam kyun nahi ho rahi aur aam admi par asar kya hai,NAT,,ROMAN,roman_bm25_method_D,26,64470,19.84014320373535,50
post_phase12_module1_M1-B,M1-B,R054,Pakistan mein mehngai kam kyun nahi ho rahi aur aam admi par asar kya hai,NAT,,ROMAN,roman_bm25_method_D,27,74123,19.70172691345215,50
post_phase12_module1_M1-B,M1-B,R054,Pakistan mein mehngai kam kyun nahi ho rahi aur aam admi par asar kya hai,NAT,,ROMAN,roman_bm25_method_D,28,73251,19.547286987304688,50
post_phase12_module1_M1-B,M1-B,R054,Pakistan mein mehngai kam kyun nahi ho rahi aur aam admi par asar kya hai,NAT,,ROMAN,roman_bm25_method_D,29,39536,19.45073699951172,50
post_phase12_module1_M1-B,M1-B,R054,Pakistan mein mehngai kam kyun nahi ho rahi aur aam admi par asar kya hai,NAT,,ROMAN,roman_bm25_method_D,30,40690,19.429414749145508,50
post_phase12_module1_M1-B,M1-B,R054,Pakistan mein mehngai kam kyun nahi ho rahi aur aam admi par asar kya hai,NAT,,ROMAN,roman_bm25_method_D,31,72067,19.37013053894043,50
post_phase12_module1_M1-B,M1-B,R054,Pakistan mein mehngai kam kyun nahi ho rahi aur aam admi par asar kya hai,NAT,,ROMAN,roman_bm25_method_D,32,109601,19.345321655273438,50
post_phase12_module1_M1-B,M1-B,R054,Pakistan mein mehngai kam kyun nahi ho rahi aur aam admi par asar kya hai,NAT,,ROMAN,roman_bm25_method_D,33,98166,19.345285415649414,50
post_phase12_module1_M1-B,M1-B,R054,Pakistan mein mehngai kam kyun nahi ho rahi aur aam admi par asar kya hai,NAT,,ROMAN,roman_bm25_method_D,34,76189,19.12244415283203,50
post_phase12_module1_M1-B,M1-B,R054,Pakistan mein mehngai kam kyun nahi ho rahi aur aam admi par asar kya hai,NAT,,ROMAN,roman_bm25_method_D,35,89601,19.11514663696289,50
post_phase12_module1_M1-B,M1-B,R054,Pakistan mein mehngai kam kyun nahi ho rahi aur aam admi par asar kya hai,NAT,,ROMAN,roman_bm25_method_D,36,5544,18.92037582397461,50
post_phase12_module1_M1-B,M1-B,R054,Pakistan mein mehngai kam kyun nahi ho rahi aur aam admi par asar kya hai,NAT,,ROMAN,roman_bm25_method_D,37,102053,18.90987777709961,50
post_phase12_module1_M1-B,M1-B,R054,Pakistan mein mehngai kam kyun nahi ho rahi aur aam admi par asar kya hai,NAT,,ROMAN,roman_bm25_method_D,38,48092,18.76625633239746,50
post_phase12_module1_M1-B,M1-B,R054,Pakistan mein mehngai kam kyun nahi ho rahi aur aam admi par asar kya hai,NAT,,ROMAN,roman_bm25_method_D,39,15513,18.589256286621094,50
post_phase12_module1_M1-B,M1-B,R054,Pakistan mein mehngai kam kyun nahi ho rahi aur aam admi par asar kya hai,NAT,,ROMAN,roman_bm25_method_D,40,73997,18.377849578857422,50
post_phase12_module1_M1-B,M1-B,R054,Pakistan mein mehngai kam kyun nahi ho rahi aur aam admi par asar kya hai,NAT,,ROMAN,roman_bm25_method_D,41,101547,18.298032760620117,50
post_phase12_module1_M1-B,M1-B,R054,Pakistan mein mehngai kam kyun nahi ho rahi aur aam admi par asar kya hai,NAT,,ROMAN,roman_bm25_method_D,42,60708,18.238842010498047,50
post_phase12_module1_M1-B,M1-B,R054,Pakistan mein mehngai kam kyun nahi ho rahi aur aam admi par asar kya hai,NAT,,ROMAN,roman_bm25_method_D,43,40376,18.05280876159668,50
post_phase12_module1_M1-B,M1-B,R054,Pakistan mein mehngai kam kyun nahi ho rahi aur aam admi par asar kya hai,NAT,,ROMAN,roman_bm25_method_D,44,90250,17.993244171142578,50
post_phase12_module1_M1-B,M1-B,R054,Pakistan mein mehngai kam kyun nahi ho rahi aur aam admi par asar kya hai,NAT,,ROMAN,roman_bm25_method_D,45,106804,17.908872604370117,50
post_phase12_module1_M1-B,M1-B,R054,Pakistan mein mehngai kam kyun nahi ho rahi aur aam admi par asar kya hai,NAT,,ROMAN,roman_bm25_method_D,46,66314,17.775293350219727,50
post_phase12_module1_M1-B,M1-B,R054,Pakistan mein mehngai kam kyun nahi ho rahi aur aam admi par asar kya hai,NAT,,ROMAN,roman_bm25_method_D,47,38662,17.721031188964844,50
post_phase12_module1_M1-B,M1-B,R054,Pakistan mein mehngai kam kyun nahi ho rahi aur aam admi par asar kya hai,NAT,,ROMAN,roman_bm25_method_D,48,66936,17.601518630981445,50
post_phase12_module1_M1-B,M1-B,R054,Pakistan mein mehngai kam kyun nahi ho rahi aur aam admi par asar kya hai,NAT,,ROMAN,roman_bm25_method_D,49,49456,17.550783157348633,50
post_phase12_module1_M1-B,M1-B,R054,Pakistan mein mehngai kam kyun nahi ho rahi aur aam admi par asar kya hai,NAT,,ROMAN,roman_bm25_method_D,50,104758,17.384429931640625,50
post_phase12_module1_M1-B,M1-B,R055,psl 2026 playoff schedule kab announce hoga,NAT,,ROMAN,roman_bm25_method_D,1,18668,19.96223258972168,50
post_phase12_module1_M1-B,M1-B,R055,psl 2026 playoff schedule kab announce hoga,NAT,,ROMAN,roman_bm25_method_D,2,84126,19.643722534179688,50
post_phase12_module1_M1-B,M1-B,R055,psl 2026 playoff schedule kab announce hoga,NAT,,ROMAN,roman_bm25_method_D,3,55132,19.05584716796875,50
post_phase12_module1_M1-B,M1-B,R055,psl 2026 playoff schedule kab announce hoga,NAT,,ROMAN,roman_bm25_method_D,4,30560,16.9284610748291,50
post_phase12_module1_M1-B,M1-B,R055,psl 2026 playoff schedule kab announce hoga,NAT,,ROMAN,roman_bm25_method_D,5,31206,14.599864959716797,50
post_phase12_module1_M1-B,M1-B,R055,psl 2026 playoff schedule kab announce hoga,NAT,,ROMAN,roman_bm25_method_D,6,24416,13.826825141906738,50
post_phase12_module1_M1-B,M1-B,R055,psl 2026 playoff schedule kab announce hoga,NAT,,ROMAN,roman_bm25_method_D,7,26590,13.325119972229004,50
post_phase12_module1_M1-B,M1-B,R055,psl 2026 playoff schedule kab announce hoga,NAT,,ROMAN,roman_bm25_method_D,8,27820,12.433928489685059,50
post_phase12_module1_M1-B,M1-B,R055,psl 2026 playoff schedule kab announce hoga,NAT,,ROMAN,roman_bm25_method_D,9,80876,12.328522682189941,50
post_phase12_module1_M1-B,M1-B,R055,psl 2026 playoff schedule kab announce hoga,NAT,,ROMAN,roman_bm25_method_D,10,59763,12.24689769744873,50
post_phase12_module1_M1-B,M1-B,R055,psl 2026 playoff schedule kab announce hoga,NAT,,ROMAN,roman_bm25_method_D,11,33113,11.306136131286621,50
post_phase12_module1_M1-B,M1-B,R055,psl 2026 playoff schedule kab announce hoga,NAT,,ROMAN,roman_bm25_method_D,12,90442,10.690716743469238,50
post_phase12_module1_M1-B,M1-B,R055,psl 2026 playoff schedule kab announce hoga,NAT,,ROMAN,roman_bm25_method_D,13,55025,10.241012573242188,50
post_phase12_module1_M1-B,M1-B,R055,psl 2026 playoff schedule kab announce hoga,NAT,,ROMAN,roman_bm25_method_D,14,28999,9.241397857666016,50
post_phase12_module1_M1-B,M1-B,R055,psl 2026 playoff schedule kab announce hoga,NAT,,ROMAN,roman_bm25_method_D,15,47508,9.191554069519043,50
post_phase12_module1_M1-B,M1-B,R055,psl 2026 playoff schedule kab announce hoga,NAT,,ROMAN,roman_bm25_method_D,16,39149,8.21660041809082,50
post_phase12_module1_M1-B,M1-B,R055,psl 2026 playoff schedule kab announce hoga,NAT,,ROMAN,roman_bm25_method_D,17,24681,8.193611145019531,50
post_phase12_module1_M1-B,M1-B,R055,psl 2026 playoff schedule kab announce hoga,NAT,,ROMAN,roman_bm25_method_D,18,1364,8.034310340881348,50
post_phase12_module1_M1-B,M1-B,R055,psl 2026 playoff schedule kab announce hoga,NAT,,ROMAN,roman_bm25_method_D,19,3148,7.874889850616455,50
post_phase12_module1_M1-B,M1-B,R055,psl 2026 playoff schedule kab announce hoga,NAT,,ROMAN,roman_bm25_method_D,20,27819,7.628148078918457,50
post_phase12_module1_M1-B,M1-B,R055,psl 2026 playoff schedule kab announce hoga,NAT,,ROMAN,roman_bm25_method_D,21,25466,7.504974842071533,50
post_phase12_module1_M1-B,M1-B,R055,psl 2026 playoff schedule kab announce hoga,NAT,,ROMAN,roman_bm25_method_D,22,2633,7.013638496398926,50
post_phase12_module1_M1-B,M1-B,R055,psl 2026 playoff schedule kab announce hoga,NAT,,ROMAN,roman_bm25_method_D,23,13540,6.092025279998779,50
post_phase12_module1_M1-B,M1-B,R055,psl 2026 playoff schedule kab announce hoga,NAT,,ROMAN,roman_bm25_method_D,24,4092,6.063126564025879,50
post_phase12_module1_M1-B,M1-B,R055,psl 2026 playoff schedule kab announce hoga,NAT,,ROMAN,roman_bm25_method_D,25,1358,5.801674842834473,50
post_phase12_module1_M1-B,M1-B,R055,psl 2026 playoff schedule kab announce hoga,NAT,,ROMAN,roman_bm25_method_D,26,24664,5.519804954528809,50
post_phase12_module1_M1-B,M1-B,R055,psl 2026 playoff schedule kab announce hoga,NAT,,ROMAN,roman_bm25_method_D,27,3821,5.3690900802612305,50
post_phase12_module1_M1-B,M1-B,R055,psl 2026 playoff schedule kab announce hoga,NAT,,ROMAN,roman_bm25_method_D,28,1796,5.363457202911377,50
post_phase12_module1_M1-B,M1-B,R055,psl 2026 playoff schedule kab announce hoga,NAT,,ROMAN,roman_bm25_method_D,29,26775,5.106327533721924,50
post_phase12_module1_M1-B,M1-B,R055,psl 2026 playoff schedule kab announce hoga,NAT,,ROMAN,roman_bm25_method_D,30,10990,5.065850257873535,50
post_phase12_module1_M1-B,M1-B,R055,psl 2026 playoff schedule kab announce hoga,NAT,,ROMAN,roman_bm25_method_D,31,342,4.91016149520874,50
post_phase12_module1_M1-B,M1-B,R055,psl 2026 playoff schedule kab announce hoga,NAT,,ROMAN,roman_bm25_method_D,32,59743,4.500375747680664,50
post_phase12_module1_M1-B,M1-B,R055,psl 2026 playoff schedule kab announce hoga,NAT,,ROMAN,roman_bm25_method_D,33,79644,4.471360683441162,50
post_phase12_module1_M1-B,M1-B,R055,psl 2026 playoff schedule kab announce hoga,NAT,,ROMAN,roman_bm25_method_D,34,18103,4.428459644317627,50
post_phase12_module1_M1-B,M1-B,R055,psl 2026 playoff schedule kab announce hoga,NAT,,ROMAN,roman_bm25_method_D,35,80124,4.426993370056152,50
post_phase12_module1_M1-B,M1-B,R055,psl 2026 playoff schedule kab announce hoga,NAT,,ROMAN,roman_bm25_method_D,36,72414,4.318150520324707,50
post_phase12_module1_M1-B,M1-B,R055,psl 2026 playoff schedule kab announce hoga,NAT,,ROMAN,roman_bm25_method_D,37,63987,4.270645618438721,50
post_phase12_module1_M1-B,M1-B,R055,psl 2026 playoff schedule kab announce hoga,NAT,,ROMAN,roman_bm25_method_D,38,19369,4.269981384277344,50
post_phase12_module1_M1-B,M1-B,R055,psl 2026 playoff schedule kab announce hoga,NAT,,ROMAN,roman_bm25_method_D,39,59896,4.2644944190979,50
post_phase12_module1_M1-B,M1-B,R055,psl 2026 playoff schedule kab announce hoga,NAT,,ROMAN,roman_bm25_method_D,40,57219,4.256039142608643,50
post_phase12_module1_M1-B,M1-B,R055,psl 2026 playoff schedule kab announce hoga,NAT,,ROMAN,roman_bm25_method_D,41,53314,4.256039142608643,50
post_phase12_module1_M1-B,M1-B,R055,psl 2026 playoff schedule kab announce hoga,NAT,,ROMAN,roman_bm25_method_D,42,18240,4.235330104827881,50
post_phase12_module1_M1-B,M1-B,R055,psl 2026 playoff schedule kab announce hoga,NAT,,ROMAN,roman_bm25_method_D,43,60183,4.232875823974609,50
post_phase12_module1_M1-B,M1-B,R055,psl 2026 playoff schedule kab announce hoga,NAT,,ROMAN,roman_bm25_method_D,44,95692,4.232875823974609,50
post_phase12_module1_M1-B,M1-B,R055,psl 2026 playoff schedule kab announce hoga,NAT,,ROMAN,roman_bm25_method_D,45,59246,4.2263617515563965,50
post_phase12_module1_M1-B,M1-B,R055,psl 2026 playoff schedule kab announce hoga,NAT,,ROMAN,roman_bm25_method_D,46,110191,4.2242536544799805,50
post_phase12_module1_M1-B,M1-B,R055,psl 2026 playoff schedule kab announce hoga,NAT,,ROMAN,roman_bm25_method_D,47,20905,4.217759609222412,50
post_phase12_module1_M1-B,M1-B,R055,psl 2026 playoff schedule kab announce hoga,NAT,,ROMAN,roman_bm25_method_D,48,23096,4.209606170654297,50
post_phase12_module1_M1-B,M1-B,R055,psl 2026 playoff schedule kab announce hoga,NAT,,ROMAN,roman_bm25_method_D,49,90946,4.204939365386963,50
post_phase12_module1_M1-B,M1-B,R055,psl 2026 playoff schedule kab announce hoga,NAT,,ROMAN,roman_bm25_method_D,50,59972,4.195216655731201,50
post_phase12_module1_M1-B,M1-B,R056,shaheen shah afridi ki bowling form ka kya haal hai,NAT,,ROMAN,roman_bm25_method_D,1,43214,23.136722564697266,50
post_phase12_module1_M1-B,M1-B,R056,shaheen shah afridi ki bowling form ka kya haal hai,NAT,,ROMAN,roman_bm25_method_D,2,42656,22.889698028564453,50
post_phase12_module1_M1-B,M1-B,R056,shaheen shah afridi ki bowling form ka kya haal hai,NAT,,ROMAN,roman_bm25_method_D,3,24851,22.47105598449707,50
post_phase12_module1_M1-B,M1-B,R056,shaheen shah afridi ki bowling form ka kya haal hai,NAT,,ROMAN,roman_bm25_method_D,4,84542,21.64685821533203,50
post_phase12_module1_M1-B,M1-B,R056,shaheen shah afridi ki bowling form ka kya haal hai,NAT,,ROMAN,roman_bm25_method_D,5,98120,21.417619705200195,50
post_phase12_module1_M1-B,M1-B,R056,shaheen shah afridi ki bowling form ka kya haal hai,NAT,,ROMAN,roman_bm25_method_D,6,44673,21.282184600830078,50
post_phase12_module1_M1-B,M1-B,R056,shaheen shah afridi ki bowling form ka kya haal hai,NAT,,ROMAN,roman_bm25_method_D,7,81227,20.652488708496094,50
post_phase12_module1_M1-B,M1-B,R056,shaheen shah afridi ki bowling form ka kya haal hai,NAT,,ROMAN,roman_bm25_method_D,8,84596,20.501731872558594,50
post_phase12_module1_M1-B,M1-B,R056,shaheen shah afridi ki bowling form ka kya haal hai,NAT,,ROMAN,roman_bm25_method_D,9,81735,20.393083572387695,50
post_phase12_module1_M1-B,M1-B,R056,shaheen shah afridi ki bowling form ka kya haal hai,NAT,,ROMAN,roman_bm25_method_D,10,81051,20.351516723632812,50
post_phase12_module1_M1-B,M1-B,R056,shaheen shah afridi ki bowling form ka kya haal hai,NAT,,ROMAN,roman_bm25_method_D,11,53107,19.976890563964844,50
post_phase12_module1_M1-B,M1-B,R056,shaheen shah afridi ki bowling form ka kya haal hai,NAT,,ROMAN,roman_bm25_method_D,12,82546,19.549739837646484,50
post_phase12_module1_M1-B,M1-B,R056,shaheen shah afridi ki bowling form ka kya haal hai,NAT,,ROMAN,roman_bm25_method_D,13,52569,19.193395614624023,50
post_phase12_module1_M1-B,M1-B,R056,shaheen shah afridi ki bowling form ka kya haal hai,NAT,,ROMAN,roman_bm25_method_D,14,82483,19.177595138549805,50
post_phase12_module1_M1-B,M1-B,R056,shaheen shah afridi ki bowling form ka kya haal hai,NAT,,ROMAN,roman_bm25_method_D,15,41345,19.055316925048828,50
post_phase12_module1_M1-B,M1-B,R056,shaheen shah afridi ki bowling form ka kya haal hai,NAT,,ROMAN,roman_bm25_method_D,16,52269,18.97501564025879,50
post_phase12_module1_M1-B,M1-B,R056,shaheen shah afridi ki bowling form ka kya haal hai,NAT,,ROMAN,roman_bm25_method_D,17,29135,18.865694046020508,50
post_phase12_module1_M1-B,M1-B,R056,shaheen shah afridi ki bowling form ka kya haal hai,NAT,,ROMAN,roman_bm25_method_D,18,41384,18.855680465698242,50
post_phase12_module1_M1-B,M1-B,R056,shaheen shah afridi ki bowling form ka kya haal hai,NAT,,ROMAN,roman_bm25_method_D,19,54585,18.703426361083984,50
post_phase12_module1_M1-B,M1-B,R056,shaheen shah afridi ki bowling form ka kya haal hai,NAT,,ROMAN,roman_bm25_method_D,20,42776,18.599163055419922,50
post_phase12_module1_M1-B,M1-B,R056,shaheen shah afridi ki bowling form ka kya haal hai,NAT,,ROMAN,roman_bm25_method_D,21,80625,18.58991241455078,50
post_phase12_module1_M1-B,M1-B,R056,shaheen shah afridi ki bowling form ka kya haal hai,NAT,,ROMAN,roman_bm25_method_D,22,53069,18.431949615478516,50
post_phase12_module1_M1-B,M1-B,R056,shaheen shah afridi ki bowling form ka kya haal hai,NAT,,ROMAN,roman_bm25_method_D,23,27217,18.11947250366211,50
post_phase12_module1_M1-B,M1-B,R056,shaheen shah afridi ki bowling form ka kya haal hai,NAT,,ROMAN,roman_bm25_method_D,24,80663,18.066242218017578,50
post_phase12_module1_M1-B,M1-B,R056,shaheen shah afridi ki bowling form ka kya haal hai,NAT,,ROMAN,roman_bm25_method_D,25,42659,17.784177780151367,50
post_phase12_module1_M1-B,M1-B,R056,shaheen shah afridi ki bowling form ka kya haal hai,NAT,,ROMAN,roman_bm25_method_D,26,80802,17.718875885009766,50
post_phase12_module1_M1-B,M1-B,R056,shaheen shah afridi ki bowling form ka kya haal hai,NAT,,ROMAN,roman_bm25_method_D,27,43935,17.71170425415039,50
post_phase12_module1_M1-B,M1-B,R056,shaheen shah afridi ki bowling form ka kya haal hai,NAT,,ROMAN,roman_bm25_method_D,28,42174,17.643138885498047,50
post_phase12_module1_M1-B,M1-B,R056,shaheen shah afridi ki bowling form ka kya haal hai,NAT,,ROMAN,roman_bm25_method_D,29,82544,17.628984451293945,50
post_phase12_module1_M1-B,M1-B,R056,shaheen shah afridi ki bowling form ka kya haal hai,NAT,,ROMAN,roman_bm25_method_D,30,41782,17.3414363861084,50
post_phase12_module1_M1-B,M1-B,R056,shaheen shah afridi ki bowling form ka kya haal hai,NAT,,ROMAN,roman_bm25_method_D,31,80972,17.26096534729004,50
post_phase12_module1_M1-B,M1-B,R056,shaheen shah afridi ki bowling form ka kya haal hai,NAT,,ROMAN,roman_bm25_method_D,32,43034,17.23636245727539,50
post_phase12_module1_M1-B,M1-B,R056,shaheen shah afridi ki bowling form ka kya haal hai,NAT,,ROMAN,roman_bm25_method_D,33,52268,17.07919692993164,50
post_phase12_module1_M1-B,M1-B,R056,shaheen shah afridi ki bowling form ka kya haal hai,NAT,,ROMAN,roman_bm25_method_D,34,26989,17.034900665283203,50
post_phase12_module1_M1-B,M1-B,R056,shaheen shah afridi ki bowling form ka kya haal hai,NAT,,ROMAN,roman_bm25_method_D,35,81581,17.020116806030273,50
post_phase12_module1_M1-B,M1-B,R056,shaheen shah afridi ki bowling form ka kya haal hai,NAT,,ROMAN,roman_bm25_method_D,36,27247,16.986305236816406,50
post_phase12_module1_M1-B,M1-B,R056,shaheen shah afridi ki bowling form ka kya haal hai,NAT,,ROMAN,roman_bm25_method_D,37,42870,16.96070671081543,50
post_phase12_module1_M1-B,M1-B,R056,shaheen shah afridi ki bowling form ka kya haal hai,NAT,,ROMAN,roman_bm25_method_D,38,80749,16.918317794799805,50
post_phase12_module1_M1-B,M1-B,R056,shaheen shah afridi ki bowling form ka kya haal hai,NAT,,ROMAN,roman_bm25_method_D,39,83056,16.895246505737305,50
post_phase12_module1_M1-B,M1-B,R056,shaheen shah afridi ki bowling form ka kya haal hai,NAT,,ROMAN,roman_bm25_method_D,40,41870,16.837678909301758,50
post_phase12_module1_M1-B,M1-B,R056,shaheen shah afridi ki bowling form ka kya haal hai,NAT,,ROMAN,roman_bm25_method_D,41,24850,16.78377342224121,50
post_phase12_module1_M1-B,M1-B,R056,shaheen shah afridi ki bowling form ka kya haal hai,NAT,,ROMAN,roman_bm25_method_D,42,27219,16.637248992919922,50
post_phase12_module1_M1-B,M1-B,R056,shaheen shah afridi ki bowling form ka kya haal hai,NAT,,ROMAN,roman_bm25_method_D,43,51806,16.592988967895508,50
post_phase12_module1_M1-B,M1-B,R056,shaheen shah afridi ki bowling form ka kya haal hai,NAT,,ROMAN,roman_bm25_method_D,44,27429,16.56121253967285,50
post_phase12_module1_M1-B,M1-B,R056,shaheen shah afridi ki bowling form ka kya haal hai,NAT,,ROMAN,roman_bm25_method_D,45,41261,16.541576385498047,50
post_phase12_module1_M1-B,M1-B,R056,shaheen shah afridi ki bowling form ka kya haal hai,NAT,,ROMAN,roman_bm25_method_D,46,81486,16.513874053955078,50
post_phase12_module1_M1-B,M1-B,R056,shaheen shah afridi ki bowling form ka kya haal hai,NAT,,ROMAN,roman_bm25_method_D,47,24844,16.510095596313477,50
post_phase12_module1_M1-B,M1-B,R056,shaheen shah afridi ki bowling form ka kya haal hai,NAT,,ROMAN,roman_bm25_method_D,48,84423,16.31201934814453,50
post_phase12_module1_M1-B,M1-B,R056,shaheen shah afridi ki bowling form ka kya haal hai,NAT,,ROMAN,roman_bm25_method_D,49,24757,16.275184631347656,50
post_phase12_module1_M1-B,M1-B,R056,shaheen shah afridi ki bowling form ka kya haal hai,NAT,,ROMAN,roman_bm25_method_D,50,41487,16.27105140686035,50
post_phase12_module1_M1-B,M1-B,R057,lahore se rawalpindi train ka kiraya kitna hai,NAT,,ROMAN,roman_bm25_method_D,1,50863,18.210294723510742,50
post_phase12_module1_M1-B,M1-B,R057,lahore se rawalpindi train ka kiraya kitna hai,NAT,,ROMAN,roman_bm25_method_D,2,96989,13.825366973876953,50
post_phase12_module1_M1-B,M1-B,R057,lahore se rawalpindi train ka kiraya kitna hai,NAT,,ROMAN,roman_bm25_method_D,3,65656,13.547414779663086,50
post_phase12_module1_M1-B,M1-B,R057,lahore se rawalpindi train ka kiraya kitna hai,NAT,,ROMAN,roman_bm25_method_D,4,44405,13.543217658996582,50
post_phase12_module1_M1-B,M1-B,R057,lahore se rawalpindi train ka kiraya kitna hai,NAT,,ROMAN,roman_bm25_method_D,5,87804,13.41180419921875,50
post_phase12_module1_M1-B,M1-B,R057,lahore se rawalpindi train ka kiraya kitna hai,NAT,,ROMAN,roman_bm25_method_D,6,72749,13.408308029174805,50
post_phase12_module1_M1-B,M1-B,R057,lahore se rawalpindi train ka kiraya kitna hai,NAT,,ROMAN,roman_bm25_method_D,7,45817,13.345702171325684,50
post_phase12_module1_M1-B,M1-B,R057,lahore se rawalpindi train ka kiraya kitna hai,NAT,,ROMAN,roman_bm25_method_D,8,87674,13.189847946166992,50
post_phase12_module1_M1-B,M1-B,R057,lahore se rawalpindi train ka kiraya kitna hai,NAT,,ROMAN,roman_bm25_method_D,9,80567,13.170177459716797,50
post_phase12_module1_M1-B,M1-B,R057,lahore se rawalpindi train ka kiraya kitna hai,NAT,,ROMAN,roman_bm25_method_D,10,58670,12.9264497756958,50
post_phase12_module1_M1-B,M1-B,R057,lahore se rawalpindi train ka kiraya kitna hai,NAT,,ROMAN,roman_bm25_method_D,11,87683,12.918656349182129,50
post_phase12_module1_M1-B,M1-B,R057,lahore se rawalpindi train ka kiraya kitna hai,NAT,,ROMAN,roman_bm25_method_D,12,41817,12.877066612243652,50
post_phase12_module1_M1-B,M1-B,R057,lahore se rawalpindi train ka kiraya kitna hai,NAT,,ROMAN,roman_bm25_method_D,13,82649,12.864218711853027,50
post_phase12_module1_M1-B,M1-B,R057,lahore se rawalpindi train ka kiraya kitna hai,NAT,,ROMAN,roman_bm25_method_D,14,42348,12.80565357208252,50
post_phase12_module1_M1-B,M1-B,R057,lahore se rawalpindi train ka kiraya kitna hai,NAT,,ROMAN,roman_bm25_method_D,15,77612,12.796525001525879,50
post_phase12_module1_M1-B,M1-B,R057,lahore se rawalpindi train ka kiraya kitna hai,NAT,,ROMAN,roman_bm25_method_D,16,52323,12.645440101623535,50
post_phase12_module1_M1-B,M1-B,R057,lahore se rawalpindi train ka kiraya kitna hai,NAT,,ROMAN,roman_bm25_method_D,17,87722,12.60252571105957,50
post_phase12_module1_M1-B,M1-B,R057,lahore se rawalpindi train ka kiraya kitna hai,NAT,,ROMAN,roman_bm25_method_D,18,25499,12.540822982788086,50
post_phase12_module1_M1-B,M1-B,R057,lahore se rawalpindi train ka kiraya kitna hai,NAT,,ROMAN,roman_bm25_method_D,19,51879,12.533488273620605,50
post_phase12_module1_M1-B,M1-B,R057,lahore se rawalpindi train ka kiraya kitna hai,NAT,,ROMAN,roman_bm25_method_D,20,46461,12.464444160461426,50
post_phase12_module1_M1-B,M1-B,R057,lahore se rawalpindi train ka kiraya kitna hai,NAT,,ROMAN,roman_bm25_method_D,21,52546,12.453908920288086,50
post_phase12_module1_M1-B,M1-B,R057,lahore se rawalpindi train ka kiraya kitna hai,NAT,,ROMAN,roman_bm25_method_D,22,80610,12.43376636505127,50
post_phase12_module1_M1-B,M1-B,R057,lahore se rawalpindi train ka kiraya kitna hai,NAT,,ROMAN,roman_bm25_method_D,23,88156,12.419747352600098,50
post_phase12_module1_M1-B,M1-B,R057,lahore se rawalpindi train ka kiraya kitna hai,NAT,,ROMAN,roman_bm25_method_D,24,87705,12.403353691101074,50
post_phase12_module1_M1-B,M1-B,R057,lahore se rawalpindi train ka kiraya kitna hai,NAT,,ROMAN,roman_bm25_method_D,25,61832,12.32642936706543,50
post_phase12_module1_M1-B,M1-B,R057,lahore se rawalpindi train ka kiraya kitna hai,NAT,,ROMAN,roman_bm25_method_D,26,2810,12.31347370147705,50
post_phase12_module1_M1-B,M1-B,R057,lahore se rawalpindi train ka kiraya kitna hai,NAT,,ROMAN,roman_bm25_method_D,27,47638,12.295092582702637,50
post_phase12_module1_M1-B,M1-B,R057,lahore se rawalpindi train ka kiraya kitna hai,NAT,,ROMAN,roman_bm25_method_D,28,40707,12.284757614135742,50
post_phase12_module1_M1-B,M1-B,R057,lahore se rawalpindi train ka kiraya kitna hai,NAT,,ROMAN,roman_bm25_method_D,29,60204,12.283393859863281,50
post_phase12_module1_M1-B,M1-B,R057,lahore se rawalpindi train ka kiraya kitna hai,NAT,,ROMAN,roman_bm25_method_D,30,41075,12.281759262084961,50
post_phase12_module1_M1-B,M1-B,R057,lahore se rawalpindi train ka kiraya kitna hai,NAT,,ROMAN,roman_bm25_method_D,31,52278,12.262388229370117,50
post_phase12_module1_M1-B,M1-B,R057,lahore se rawalpindi train ka kiraya kitna hai,NAT,,ROMAN,roman_bm25_method_D,32,96956,12.252598762512207,50
post_phase12_module1_M1-B,M1-B,R057,lahore se rawalpindi train ka kiraya kitna hai,NAT,,ROMAN,roman_bm25_method_D,33,44488,12.237361907958984,50
post_phase12_module1_M1-B,M1-B,R057,lahore se rawalpindi train ka kiraya kitna hai,NAT,,ROMAN,roman_bm25_method_D,34,28807,12.229268074035645,50
post_phase12_module1_M1-B,M1-B,R057,lahore se rawalpindi train ka kiraya kitna hai,NAT,,ROMAN,roman_bm25_method_D,35,63356,12.122824668884277,50
post_phase12_module1_M1-B,M1-B,R057,lahore se rawalpindi train ka kiraya kitna hai,NAT,,ROMAN,roman_bm25_method_D,36,52440,12.120487213134766,50
post_phase12_module1_M1-B,M1-B,R057,lahore se rawalpindi train ka kiraya kitna hai,NAT,,ROMAN,roman_bm25_method_D,37,24810,12.093448638916016,50
post_phase12_module1_M1-B,M1-B,R057,lahore se rawalpindi train ka kiraya kitna hai,NAT,,ROMAN,roman_bm25_method_D,38,41816,12.004714965820312,50
post_phase12_module1_M1-B,M1-B,R057,lahore se rawalpindi train ka kiraya kitna hai,NAT,,ROMAN,roman_bm25_method_D,39,61853,11.997007369995117,50
post_phase12_module1_M1-B,M1-B,R057,lahore se rawalpindi train ka kiraya kitna hai,NAT,,ROMAN,roman_bm25_method_D,40,28767,11.993557929992676,50
post_phase12_module1_M1-B,M1-B,R057,lahore se rawalpindi train ka kiraya kitna hai,NAT,,ROMAN,roman_bm25_method_D,41,51918,11.990373611450195,50
post_phase12_module1_M1-B,M1-B,R057,lahore se rawalpindi train ka kiraya kitna hai,NAT,,ROMAN,roman_bm25_method_D,42,27541,11.937479019165039,50
post_phase12_module1_M1-B,M1-B,R057,lahore se rawalpindi train ka kiraya kitna hai,NAT,,ROMAN,roman_bm25_method_D,43,53658,11.924877166748047,50
post_phase12_module1_M1-B,M1-B,R057,lahore se rawalpindi train ka kiraya kitna hai,NAT,,ROMAN,roman_bm25_method_D,44,77406,11.858658790588379,50
post_phase12_module1_M1-B,M1-B,R057,lahore se rawalpindi train ka kiraya kitna hai,NAT,,ROMAN,roman_bm25_method_D,45,96984,11.851375579833984,50
post_phase12_module1_M1-B,M1-B,R057,lahore se rawalpindi train ka kiraya kitna hai,NAT,,ROMAN,roman_bm25_method_D,46,46637,11.81250286102295,50
post_phase12_module1_M1-B,M1-B,R057,lahore se rawalpindi train ka kiraya kitna hai,NAT,,ROMAN,roman_bm25_method_D,47,52322,11.807106971740723,50
post_phase12_module1_M1-B,M1-B,R057,lahore se rawalpindi train ka kiraya kitna hai,NAT,,ROMAN,roman_bm25_method_D,48,61154,11.767273902893066,50
post_phase12_module1_M1-B,M1-B,R057,lahore se rawalpindi train ka kiraya kitna hai,NAT,,ROMAN,roman_bm25_method_D,49,43424,11.724442481994629,50
post_phase12_module1_M1-B,M1-B,R057,lahore se rawalpindi train ka kiraya kitna hai,NAT,,ROMAN,roman_bm25_method_D,50,89026,11.722561836242676,50
post_phase12_module1_M1-B,M1-B,R058,Pakistan mein mobile internet speed slow kyun rehti hai,NAT,,ROMAN,roman_bm25_method_D,1,80347,17.33011245727539,50
post_phase12_module1_M1-B,M1-B,R058,Pakistan mein mobile internet speed slow kyun rehti hai,NAT,,ROMAN,roman_bm25_method_D,2,20831,16.905431747436523,50
post_phase12_module1_M1-B,M1-B,R058,Pakistan mein mobile internet speed slow kyun rehti hai,NAT,,ROMAN,roman_bm25_method_D,3,59513,16.523786544799805,50
post_phase12_module1_M1-B,M1-B,R058,Pakistan mein mobile internet speed slow kyun rehti hai,NAT,,ROMAN,roman_bm25_method_D,4,19998,16.112272262573242,50
post_phase12_module1_M1-B,M1-B,R058,Pakistan mein mobile internet speed slow kyun rehti hai,NAT,,ROMAN,roman_bm25_method_D,5,19895,16.093347549438477,50
post_phase12_module1_M1-B,M1-B,R058,Pakistan mein mobile internet speed slow kyun rehti hai,NAT,,ROMAN,roman_bm25_method_D,6,20356,16.06673812866211,50
post_phase12_module1_M1-B,M1-B,R058,Pakistan mein mobile internet speed slow kyun rehti hai,NAT,,ROMAN,roman_bm25_method_D,7,24422,15.676618576049805,50
post_phase12_module1_M1-B,M1-B,R058,Pakistan mein mobile internet speed slow kyun rehti hai,NAT,,ROMAN,roman_bm25_method_D,8,21868,15.529220581054688,50
post_phase12_module1_M1-B,M1-B,R058,Pakistan mein mobile internet speed slow kyun rehti hai,NAT,,ROMAN,roman_bm25_method_D,9,24460,15.462454795837402,50
post_phase12_module1_M1-B,M1-B,R058,Pakistan mein mobile internet speed slow kyun rehti hai,NAT,,ROMAN,roman_bm25_method_D,10,23208,15.057136535644531,50
post_phase12_module1_M1-B,M1-B,R058,Pakistan mein mobile internet speed slow kyun rehti hai,NAT,,ROMAN,roman_bm25_method_D,11,24136,14.888677597045898,50
post_phase12_module1_M1-B,M1-B,R058,Pakistan mein mobile internet speed slow kyun rehti hai,NAT,,ROMAN,roman_bm25_method_D,12,74761,14.877922058105469,50
post_phase12_module1_M1-B,M1-B,R058,Pakistan mein mobile internet speed slow kyun rehti hai,NAT,,ROMAN,roman_bm25_method_D,13,21184,14.87441349029541,50
post_phase12_module1_M1-B,M1-B,R058,Pakistan mein mobile internet speed slow kyun rehti hai,NAT,,ROMAN,roman_bm25_method_D,14,22825,14.750860214233398,50
post_phase12_module1_M1-B,M1-B,R058,Pakistan mein mobile internet speed slow kyun rehti hai,NAT,,ROMAN,roman_bm25_method_D,15,62774,14.71600341796875,50
post_phase12_module1_M1-B,M1-B,R058,Pakistan mein mobile internet speed slow kyun rehti hai,NAT,,ROMAN,roman_bm25_method_D,16,73903,14.467567443847656,50
post_phase12_module1_M1-B,M1-B,R058,Pakistan mein mobile internet speed slow kyun rehti hai,NAT,,ROMAN,roman_bm25_method_D,17,22019,14.463204383850098,50
post_phase12_module1_M1-B,M1-B,R058,Pakistan mein mobile internet speed slow kyun rehti hai,NAT,,ROMAN,roman_bm25_method_D,18,22049,14.344688415527344,50
post_phase12_module1_M1-B,M1-B,R058,Pakistan mein mobile internet speed slow kyun rehti hai,NAT,,ROMAN,roman_bm25_method_D,19,23270,14.334526062011719,50
post_phase12_module1_M1-B,M1-B,R058,Pakistan mein mobile internet speed slow kyun rehti hai,NAT,,ROMAN,roman_bm25_method_D,20,20426,14.24744987487793,50
post_phase12_module1_M1-B,M1-B,R058,Pakistan mein mobile internet speed slow kyun rehti hai,NAT,,ROMAN,roman_bm25_method_D,21,1853,14.212574005126953,50
post_phase12_module1_M1-B,M1-B,R058,Pakistan mein mobile internet speed slow kyun rehti hai,NAT,,ROMAN,roman_bm25_method_D,22,15772,14.05919361114502,50
post_phase12_module1_M1-B,M1-B,R058,Pakistan mein mobile internet speed slow kyun rehti hai,NAT,,ROMAN,roman_bm25_method_D,23,79364,14.029491424560547,50
post_phase12_module1_M1-B,M1-B,R058,Pakistan mein mobile internet speed slow kyun rehti hai,NAT,,ROMAN,roman_bm25_method_D,24,22099,14.025840759277344,50
post_phase12_module1_M1-B,M1-B,R058,Pakistan mein mobile internet speed slow kyun rehti hai,NAT,,ROMAN,roman_bm25_method_D,25,16350,13.977130889892578,50
post_phase12_module1_M1-B,M1-B,R058,Pakistan mein mobile internet speed slow kyun rehti hai,NAT,,ROMAN,roman_bm25_method_D,26,23229,13.964359283447266,50
post_phase12_module1_M1-B,M1-B,R058,Pakistan mein mobile internet speed slow kyun rehti hai,NAT,,ROMAN,roman_bm25_method_D,27,21880,13.959189414978027,50
post_phase12_module1_M1-B,M1-B,R058,Pakistan mein mobile internet speed slow kyun rehti hai,NAT,,ROMAN,roman_bm25_method_D,28,72219,13.876392364501953,50
post_phase12_module1_M1-B,M1-B,R058,Pakistan mein mobile internet speed slow kyun rehti hai,NAT,,ROMAN,roman_bm25_method_D,29,21112,13.774402618408203,50
post_phase12_module1_M1-B,M1-B,R058,Pakistan mein mobile internet speed slow kyun rehti hai,NAT,,ROMAN,roman_bm25_method_D,30,3505,13.772514343261719,50
post_phase12_module1_M1-B,M1-B,R058,Pakistan mein mobile internet speed slow kyun rehti hai,NAT,,ROMAN,roman_bm25_method_D,31,71945,13.769139289855957,50
post_phase12_module1_M1-B,M1-B,R058,Pakistan mein mobile internet speed slow kyun rehti hai,NAT,,ROMAN,roman_bm25_method_D,32,76595,13.706144332885742,50
post_phase12_module1_M1-B,M1-B,R058,Pakistan mein mobile internet speed slow kyun rehti hai,NAT,,ROMAN,roman_bm25_method_D,33,24146,13.658447265625,50
post_phase12_module1_M1-B,M1-B,R058,Pakistan mein mobile internet speed slow kyun rehti hai,NAT,,ROMAN,roman_bm25_method_D,34,24522,13.54983139038086,50
post_phase12_module1_M1-B,M1-B,R058,Pakistan mein mobile internet speed slow kyun rehti hai,NAT,,ROMAN,roman_bm25_method_D,35,21341,13.4468412399292,50
post_phase12_module1_M1-B,M1-B,R058,Pakistan mein mobile internet speed slow kyun rehti hai,NAT,,ROMAN,roman_bm25_method_D,36,14275,13.320209503173828,50
post_phase12_module1_M1-B,M1-B,R058,Pakistan mein mobile internet speed slow kyun rehti hai,NAT,,ROMAN,roman_bm25_method_D,37,109136,13.281929016113281,50
post_phase12_module1_M1-B,M1-B,R058,Pakistan mein mobile internet speed slow kyun rehti hai,NAT,,ROMAN,roman_bm25_method_D,38,24186,13.261435508728027,50
post_phase12_module1_M1-B,M1-B,R058,Pakistan mein mobile internet speed slow kyun rehti hai,NAT,,ROMAN,roman_bm25_method_D,39,60095,13.239948272705078,50
post_phase12_module1_M1-B,M1-B,R058,Pakistan mein mobile internet speed slow kyun rehti hai,NAT,,ROMAN,roman_bm25_method_D,40,24113,13.219430923461914,50
post_phase12_module1_M1-B,M1-B,R058,Pakistan mein mobile internet speed slow kyun rehti hai,NAT,,ROMAN,roman_bm25_method_D,41,2054,13.190382957458496,50
post_phase12_module1_M1-B,M1-B,R058,Pakistan mein mobile internet speed slow kyun rehti hai,NAT,,ROMAN,roman_bm25_method_D,42,22944,13.134239196777344,50
post_phase12_module1_M1-B,M1-B,R058,Pakistan mein mobile internet speed slow kyun rehti hai,NAT,,ROMAN,roman_bm25_method_D,43,15230,13.040484428405762,50
post_phase12_module1_M1-B,M1-B,R058,Pakistan mein mobile internet speed slow kyun rehti hai,NAT,,ROMAN,roman_bm25_method_D,44,21797,12.971433639526367,50
post_phase12_module1_M1-B,M1-B,R058,Pakistan mein mobile internet speed slow kyun rehti hai,NAT,,ROMAN,roman_bm25_method_D,45,22754,12.945131301879883,50
post_phase12_module1_M1-B,M1-B,R058,Pakistan mein mobile internet speed slow kyun rehti hai,NAT,,ROMAN,roman_bm25_method_D,46,40793,12.899382591247559,50
post_phase12_module1_M1-B,M1-B,R058,Pakistan mein mobile internet speed slow kyun rehti hai,NAT,,ROMAN,roman_bm25_method_D,47,21157,12.888731002807617,50
post_phase12_module1_M1-B,M1-B,R058,Pakistan mein mobile internet speed slow kyun rehti hai,NAT,,ROMAN,roman_bm25_method_D,48,60311,12.886394500732422,50
post_phase12_module1_M1-B,M1-B,R058,Pakistan mein mobile internet speed slow kyun rehti hai,NAT,,ROMAN,roman_bm25_method_D,49,656,12.808539390563965,50
post_phase12_module1_M1-B,M1-B,R058,Pakistan mein mobile internet speed slow kyun rehti hai,NAT,,ROMAN,roman_bm25_method_D,50,21869,12.787128448486328,50
post_phase12_module1_M1-B,M1-B,R059,netflix Pakistan subscription price,NAT,,ROMAN,roman_bm25_method_D,1,61386,7.693826675415039,50
post_phase12_module1_M1-B,M1-B,R059,netflix Pakistan subscription price,NAT,,ROMAN,roman_bm25_method_D,2,109592,7.6288299560546875,50
post_phase12_module1_M1-B,M1-B,R059,netflix Pakistan subscription price,NAT,,ROMAN,roman_bm25_method_D,3,71940,7.5326828956604,50
post_phase12_module1_M1-B,M1-B,R059,netflix Pakistan subscription price,NAT,,ROMAN,roman_bm25_method_D,4,63046,7.521690368652344,50
post_phase12_module1_M1-B,M1-B,R059,netflix Pakistan subscription price,NAT,,ROMAN,roman_bm25_method_D,5,64016,7.50394344329834,50
post_phase12_module1_M1-B,M1-B,R059,netflix Pakistan subscription price,NAT,,ROMAN,roman_bm25_method_D,6,110496,7.501404285430908,50
post_phase12_module1_M1-B,M1-B,R059,netflix Pakistan subscription price,NAT,,ROMAN,roman_bm25_method_D,7,109037,7.499317169189453,50
post_phase12_module1_M1-B,M1-B,R059,netflix Pakistan subscription price,NAT,,ROMAN,roman_bm25_method_D,8,64344,7.427347660064697,50
post_phase12_module1_M1-B,M1-B,R059,netflix Pakistan subscription price,NAT,,ROMAN,roman_bm25_method_D,9,110731,7.426802635192871,50
post_phase12_module1_M1-B,M1-B,R059,netflix Pakistan subscription price,NAT,,ROMAN,roman_bm25_method_D,10,64789,7.420985698699951,50
post_phase12_module1_M1-B,M1-B,R059,netflix Pakistan subscription price,NAT,,ROMAN,roman_bm25_method_D,11,60543,7.39456844329834,50
post_phase12_module1_M1-B,M1-B,R059,netflix Pakistan subscription price,NAT,,ROMAN,roman_bm25_method_D,12,65152,7.392632961273193,50
post_phase12_module1_M1-B,M1-B,R059,netflix Pakistan subscription price,NAT,,ROMAN,roman_bm25_method_D,13,70551,7.38886022567749,50
post_phase12_module1_M1-B,M1-B,R059,netflix Pakistan subscription price,NAT,,ROMAN,roman_bm25_method_D,14,65207,7.383134841918945,50
post_phase12_module1_M1-B,M1-B,R059,netflix Pakistan subscription price,NAT,,ROMAN,roman_bm25_method_D,15,109403,7.373569011688232,50
post_phase12_module1_M1-B,M1-B,R059,netflix Pakistan subscription price,NAT,,ROMAN,roman_bm25_method_D,16,70466,7.37231969833374,50
post_phase12_module1_M1-B,M1-B,R059,netflix Pakistan subscription price,NAT,,ROMAN,roman_bm25_method_D,17,64642,7.371799945831299,50
post_phase12_module1_M1-B,M1-B,R059,netflix Pakistan subscription price,NAT,,ROMAN,roman_bm25_method_D,18,73753,7.371799945831299,50
post_phase12_module1_M1-B,M1-B,R059,netflix Pakistan subscription price,NAT,,ROMAN,roman_bm25_method_D,19,70411,7.357177734375,50
post_phase12_module1_M1-B,M1-B,R059,netflix Pakistan subscription price,NAT,,ROMAN,roman_bm25_method_D,20,38443,7.354969024658203,50
post_phase12_module1_M1-B,M1-B,R059,netflix Pakistan subscription price,NAT,,ROMAN,roman_bm25_method_D,21,199,7.3514299392700195,50
post_phase12_module1_M1-B,M1-B,R059,netflix Pakistan subscription price,NAT,,ROMAN,roman_bm25_method_D,22,3479,7.3461012840271,50
post_phase12_module1_M1-B,M1-B,R059,netflix Pakistan subscription price,NAT,,ROMAN,roman_bm25_method_D,23,258,7.3371148109436035,50
post_phase12_module1_M1-B,M1-B,R059,netflix Pakistan subscription price,NAT,,ROMAN,roman_bm25_method_D,24,70322,7.32710599899292,50
post_phase12_module1_M1-B,M1-B,R059,netflix Pakistan subscription price,NAT,,ROMAN,roman_bm25_method_D,25,108913,7.321291923522949,50
post_phase12_module1_M1-B,M1-B,R059,netflix Pakistan subscription price,NAT,,ROMAN,roman_bm25_method_D,26,72545,7.311554908752441,50
post_phase12_module1_M1-B,M1-B,R059,netflix Pakistan subscription price,NAT,,ROMAN,roman_bm25_method_D,27,73384,7.301407814025879,50
post_phase12_module1_M1-B,M1-B,R059,netflix Pakistan subscription price,NAT,,ROMAN,roman_bm25_method_D,28,65371,7.299499034881592,50
post_phase12_module1_M1-B,M1-B,R059,netflix Pakistan subscription price,NAT,,ROMAN,roman_bm25_method_D,29,79302,7.298866271972656,50
post_phase12_module1_M1-B,M1-B,R059,netflix Pakistan subscription price,NAT,,ROMAN,roman_bm25_method_D,30,63400,7.288525581359863,50
post_phase12_module1_M1-B,M1-B,R059,netflix Pakistan subscription price,NAT,,ROMAN,roman_bm25_method_D,31,109494,7.282623291015625,50
post_phase12_module1_M1-B,M1-B,R059,netflix Pakistan subscription price,NAT,,ROMAN,roman_bm25_method_D,32,109289,7.28261661529541,50
post_phase12_module1_M1-B,M1-B,R059,netflix Pakistan subscription price,NAT,,ROMAN,roman_bm25_method_D,33,109314,7.281358242034912,50
post_phase12_module1_M1-B,M1-B,R059,netflix Pakistan subscription price,NAT,,ROMAN,roman_bm25_method_D,34,65279,7.278616428375244,50
post_phase12_module1_M1-B,M1-B,R059,netflix Pakistan subscription price,NAT,,ROMAN,roman_bm25_method_D,35,109201,7.278616428375244,50
post_phase12_module1_M1-B,M1-B,R059,netflix Pakistan subscription price,NAT,,ROMAN,roman_bm25_method_D,36,65074,7.263060569763184,50
post_phase12_module1_M1-B,M1-B,R059,netflix Pakistan subscription price,NAT,,ROMAN,roman_bm25_method_D,37,38495,7.246845722198486,50
post_phase12_module1_M1-B,M1-B,R059,netflix Pakistan subscription price,NAT,,ROMAN,roman_bm25_method_D,38,52857,7.243349552154541,50
post_phase12_module1_M1-B,M1-B,R059,netflix Pakistan subscription price,NAT,,ROMAN,roman_bm25_method_D,39,64508,7.230882167816162,50
post_phase12_module1_M1-B,M1-B,R059,netflix Pakistan subscription price,NAT,,ROMAN,roman_bm25_method_D,40,76656,7.228864669799805,50
post_phase12_module1_M1-B,M1-B,R059,netflix Pakistan subscription price,NAT,,ROMAN,roman_bm25_method_D,41,62761,7.223498344421387,50
post_phase12_module1_M1-B,M1-B,R059,netflix Pakistan subscription price,NAT,,ROMAN,roman_bm25_method_D,42,77949,7.218141078948975,50
post_phase12_module1_M1-B,M1-B,R059,netflix Pakistan subscription price,NAT,,ROMAN,roman_bm25_method_D,43,17352,7.210833549499512,50
post_phase12_module1_M1-B,M1-B,R059,netflix Pakistan subscription price,NAT,,ROMAN,roman_bm25_method_D,44,65017,7.207282066345215,50
post_phase12_module1_M1-B,M1-B,R059,netflix Pakistan subscription price,NAT,,ROMAN,roman_bm25_method_D,45,108975,7.203393459320068,50
post_phase12_module1_M1-B,M1-B,R059,netflix Pakistan subscription price,NAT,,ROMAN,roman_bm25_method_D,46,76967,7.2031636238098145,50
post_phase12_module1_M1-B,M1-B,R059,netflix Pakistan subscription price,NAT,,ROMAN,roman_bm25_method_D,47,109252,7.200375556945801,50
post_phase12_module1_M1-B,M1-B,R059,netflix Pakistan subscription price,NAT,,ROMAN,roman_bm25_method_D,48,109250,7.200375556945801,50
post_phase12_module1_M1-B,M1-B,R059,netflix Pakistan subscription price,NAT,,ROMAN,roman_bm25_method_D,49,109099,7.200375556945801,50
post_phase12_module1_M1-B,M1-B,R059,netflix Pakistan subscription price,NAT,,ROMAN,roman_bm25_method_D,50,71602,7.196271896362305,50
post_phase12_module1_M1-B,M1-B,R060,کراچی mein aaj raat load shedding ka schedule,NAT,,MIXED,urdu_bm25,1,57899,4.645773887634277,50
post_phase12_module1_M1-B,M1-B,R060,کراچی mein aaj raat load shedding ka schedule,NAT,,MIXED,urdu_bm25,2,111021,4.578675746917725,50
post_phase12_module1_M1-B,M1-B,R060,کراچی mein aaj raat load shedding ka schedule,NAT,,MIXED,urdu_bm25,3,62963,4.5757246017456055,50
post_phase12_module1_M1-B,M1-B,R060,کراچی mein aaj raat load shedding ka schedule,NAT,,MIXED,urdu_bm25,4,65584,4.566045761108398,50
post_phase12_module1_M1-B,M1-B,R060,کراچی mein aaj raat load shedding ka schedule,NAT,,MIXED,urdu_bm25,5,86673,4.544774532318115,50
post_phase12_module1_M1-B,M1-B,R060,کراچی mein aaj raat load shedding ka schedule,NAT,,MIXED,urdu_bm25,6,88959,4.542078018188477,50
post_phase12_module1_M1-B,M1-B,R060,کراچی mein aaj raat load shedding ka schedule,NAT,,MIXED,urdu_bm25,7,61585,4.541404724121094,50
post_phase12_module1_M1-B,M1-B,R060,کراچی mein aaj raat load shedding ka schedule,NAT,,MIXED,urdu_bm25,8,76727,4.538113594055176,50
post_phase12_module1_M1-B,M1-B,R060,کراچی mein aaj raat load shedding ka schedule,NAT,,MIXED,urdu_bm25,9,42875,4.517287254333496,50
post_phase12_module1_M1-B,M1-B,R060,کراچی mein aaj raat load shedding ka schedule,NAT,,MIXED,urdu_bm25,10,41749,4.515644073486328,50
post_phase12_module1_M1-B,M1-B,R060,کراچی mein aaj raat load shedding ka schedule,NAT,,MIXED,urdu_bm25,11,87797,4.512706279754639,50
post_phase12_module1_M1-B,M1-B,R060,کراچی mein aaj raat load shedding ka schedule,NAT,,MIXED,urdu_bm25,12,47208,4.510707378387451,50
post_phase12_module1_M1-B,M1-B,R060,کراچی mein aaj raat load shedding ka schedule,NAT,,MIXED,urdu_bm25,13,87791,4.505715847015381,50
post_phase12_module1_M1-B,M1-B,R060,کراچی mein aaj raat load shedding ka schedule,NAT,,MIXED,urdu_bm25,14,77565,4.502509593963623,50
post_phase12_module1_M1-B,M1-B,R060,کراچی mein aaj raat load shedding ka schedule,NAT,,MIXED,urdu_bm25,15,95009,4.501319408416748,50
post_phase12_module1_M1-B,M1-B,R060,کراچی mein aaj raat load shedding ka schedule,NAT,,MIXED,urdu_bm25,16,80524,4.50091028213501,50
post_phase12_module1_M1-B,M1-B,R060,کراچی mein aaj raat load shedding ka schedule,NAT,,MIXED,urdu_bm25,17,45667,4.499807357788086,50
post_phase12_module1_M1-B,M1-B,R060,کراچی mein aaj raat load shedding ka schedule,NAT,,MIXED,urdu_bm25,18,41760,4.4976487159729,50
post_phase12_module1_M1-B,M1-B,R060,کراچی mein aaj raat load shedding ka schedule,NAT,,MIXED,urdu_bm25,19,86193,4.495884418487549,50
post_phase12_module1_M1-B,M1-B,R060,کراچی mein aaj raat load shedding ka schedule,NAT,,MIXED,urdu_bm25,20,77137,4.4920125007629395,50
post_phase12_module1_M1-B,M1-B,R060,کراچی mein aaj raat load shedding ka schedule,NAT,,MIXED,urdu_bm25,21,42264,4.468912124633789,50
post_phase12_module1_M1-B,M1-B,R060,کراچی mein aaj raat load shedding ka schedule,NAT,,MIXED,urdu_bm25,22,62221,4.464320659637451,50
post_phase12_module1_M1-B,M1-B,R060,کراچی mein aaj raat load shedding ka schedule,NAT,,MIXED,urdu_bm25,23,42907,4.463555335998535,50
post_phase12_module1_M1-B,M1-B,R060,کراچی mein aaj raat load shedding ka schedule,NAT,,MIXED,urdu_bm25,24,58722,4.460770606994629,50
post_phase12_module1_M1-B,M1-B,R060,کراچی mein aaj raat load shedding ka schedule,NAT,,MIXED,urdu_bm25,25,77922,4.453993320465088,50
post_phase12_module1_M1-B,M1-B,R060,کراچی mein aaj raat load shedding ka schedule,NAT,,MIXED,urdu_bm25,26,62469,4.451404094696045,50
post_phase12_module1_M1-B,M1-B,R060,کراچی mein aaj raat load shedding ka schedule,NAT,,MIXED,urdu_bm25,27,95760,4.450603008270264,50
post_phase12_module1_M1-B,M1-B,R060,کراچی mein aaj raat load shedding ka schedule,NAT,,MIXED,urdu_bm25,28,75320,4.448673248291016,50
post_phase12_module1_M1-B,M1-B,R060,کراچی mein aaj raat load shedding ka schedule,NAT,,MIXED,urdu_bm25,29,28181,4.444512844085693,50
post_phase12_module1_M1-B,M1-B,R060,کراچی mein aaj raat load shedding ka schedule,NAT,,MIXED,urdu_bm25,30,57113,4.444082260131836,50
post_phase12_module1_M1-B,M1-B,R060,کراچی mein aaj raat load shedding ka schedule,NAT,,MIXED,urdu_bm25,31,40927,4.436968803405762,50
post_phase12_module1_M1-B,M1-B,R060,کراچی mein aaj raat load shedding ka schedule,NAT,,MIXED,urdu_bm25,32,53692,4.434704780578613,50
post_phase12_module1_M1-B,M1-B,R060,کراچی mein aaj raat load shedding ka schedule,NAT,,MIXED,urdu_bm25,33,53783,4.43416166305542,50
post_phase12_module1_M1-B,M1-B,R060,کراچی mein aaj raat load shedding ka schedule,NAT,,MIXED,urdu_bm25,34,41756,4.432183265686035,50
post_phase12_module1_M1-B,M1-B,R060,کراچی mein aaj raat load shedding ka schedule,NAT,,MIXED,urdu_bm25,35,97426,4.431820392608643,50
post_phase12_module1_M1-B,M1-B,R060,کراچی mein aaj raat load shedding ka schedule,NAT,,MIXED,urdu_bm25,36,53743,4.430224418640137,50
post_phase12_module1_M1-B,M1-B,R060,کراچی mein aaj raat load shedding ka schedule,NAT,,MIXED,urdu_bm25,37,18314,4.430152893066406,50
post_phase12_module1_M1-B,M1-B,R060,کراچی mein aaj raat load shedding ka schedule,NAT,,MIXED,urdu_bm25,38,53722,4.42751932144165,50
post_phase12_module1_M1-B,M1-B,R060,کراچی mein aaj raat load shedding ka schedule,NAT,,MIXED,urdu_bm25,39,3707,4.423380374908447,50
post_phase12_module1_M1-B,M1-B,R060,کراچی mein aaj raat load shedding ka schedule,NAT,,MIXED,urdu_bm25,40,52348,4.419638156890869,50
post_phase12_module1_M1-B,M1-B,R060,کراچی mein aaj raat load shedding ka schedule,NAT,,MIXED,urdu_bm25,41,49081,4.418919563293457,50
post_phase12_module1_M1-B,M1-B,R060,کراچی mein aaj raat load shedding ka schedule,NAT,,MIXED,urdu_bm25,42,41755,4.417352676391602,50
post_phase12_module1_M1-B,M1-B,R060,کراچی mein aaj raat load shedding ka schedule,NAT,,MIXED,urdu_bm25,43,51801,4.416416168212891,50
post_phase12_module1_M1-B,M1-B,R060,کراچی mein aaj raat load shedding ka schedule,NAT,,MIXED,urdu_bm25,44,111638,4.412491798400879,50
post_phase12_module1_M1-B,M1-B,R060,کراچی mein aaj raat load shedding ka schedule,NAT,,MIXED,urdu_bm25,45,52349,4.411785125732422,50
post_phase12_module1_M1-B,M1-B,R060,کراچی mein aaj raat load shedding ka schedule,NAT,,MIXED,urdu_bm25,46,26722,4.39614725112915,50
post_phase12_module1_M1-B,M1-B,R060,کراچی mein aaj raat load shedding ka schedule,NAT,,MIXED,urdu_bm25,47,85617,4.395368576049805,50
post_phase12_module1_M1-B,M1-B,R060,کراچی mein aaj raat load shedding ka schedule,NAT,,MIXED,urdu_bm25,48,88986,4.394608020782471,50
post_phase12_module1_M1-B,M1-B,R060,کراچی mein aaj raat load shedding ka schedule,NAT,,MIXED,urdu_bm25,49,43988,4.392490863800049,50
post_phase12_module1_M1-B,M1-B,R060,کراچی mein aaj raat load shedding ka schedule,NAT,,MIXED,urdu_bm25,50,45167,4.385469913482666,50
post_phase12_module1_M1-B,M1-B,R061,آئی ایم ایف program se awam par kya asraat par rahe hain,NAT,,MIXED,urdu_bm25,1,71352,11.804314613342285,50
post_phase12_module1_M1-B,M1-B,R061,آئی ایم ایف program se awam par kya asraat par rahe hain,NAT,,MIXED,urdu_bm25,2,65597,11.73912239074707,50
post_phase12_module1_M1-B,M1-B,R061,آئی ایم ایف program se awam par kya asraat par rahe hain,NAT,,MIXED,urdu_bm25,3,71342,11.718719482421875,50
post_phase12_module1_M1-B,M1-B,R061,آئی ایم ایف program se awam par kya asraat par rahe hain,NAT,,MIXED,urdu_bm25,4,71362,11.71722412109375,50
post_phase12_module1_M1-B,M1-B,R061,آئی ایم ایف program se awam par kya asraat par rahe hain,NAT,,MIXED,urdu_bm25,5,76714,11.673086166381836,50
post_phase12_module1_M1-B,M1-B,R061,آئی ایم ایف program se awam par kya asraat par rahe hain,NAT,,MIXED,urdu_bm25,6,66649,11.66313362121582,50
post_phase12_module1_M1-B,M1-B,R061,آئی ایم ایف program se awam par kya asraat par rahe hain,NAT,,MIXED,urdu_bm25,7,65604,11.657730102539062,50
post_phase12_module1_M1-B,M1-B,R061,آئی ایم ایف program se awam par kya asraat par rahe hain,NAT,,MIXED,urdu_bm25,8,64991,11.649982452392578,50
post_phase12_module1_M1-B,M1-B,R061,آئی ایم ایف program se awam par kya asraat par rahe hain,NAT,,MIXED,urdu_bm25,9,71374,11.646745681762695,50
post_phase12_module1_M1-B,M1-B,R061,آئی ایم ایف program se awam par kya asraat par rahe hain,NAT,,MIXED,urdu_bm25,10,108965,11.620524406433105,50
post_phase12_module1_M1-B,M1-B,R061,آئی ایم ایف program se awam par kya asraat par rahe hain,NAT,,MIXED,urdu_bm25,11,61606,11.617229461669922,50
post_phase12_module1_M1-B,M1-B,R061,آئی ایم ایف program se awam par kya asraat par rahe hain,NAT,,MIXED,urdu_bm25,12,38785,11.613510131835938,50
post_phase12_module1_M1-B,M1-B,R061,آئی ایم ایف program se awam par kya asraat par rahe hain,NAT,,MIXED,urdu_bm25,13,65381,11.604056358337402,50
post_phase12_module1_M1-B,M1-B,R061,آئی ایم ایف program se awam par kya asraat par rahe hain,NAT,,MIXED,urdu_bm25,14,110819,11.589214324951172,50
post_phase12_module1_M1-B,M1-B,R061,آئی ایم ایف program se awam par kya asraat par rahe hain,NAT,,MIXED,urdu_bm25,15,110286,11.585824966430664,50
post_phase12_module1_M1-B,M1-B,R061,آئی ایم ایف program se awam par kya asraat par rahe hain,NAT,,MIXED,urdu_bm25,16,64903,11.558751106262207,50
post_phase12_module1_M1-B,M1-B,R061,آئی ایم ایف program se awam par kya asraat par rahe hain,NAT,,MIXED,urdu_bm25,17,78497,11.552897453308105,50
post_phase12_module1_M1-B,M1-B,R061,آئی ایم ایف program se awam par kya asraat par rahe hain,NAT,,MIXED,urdu_bm25,18,109078,11.548778533935547,50
post_phase12_module1_M1-B,M1-B,R061,آئی ایم ایف program se awam par kya asraat par rahe hain,NAT,,MIXED,urdu_bm25,19,64985,11.531469345092773,50
post_phase12_module1_M1-B,M1-B,R061,آئی ایم ایف program se awam par kya asraat par rahe hain,NAT,,MIXED,urdu_bm25,20,71235,11.521949768066406,50
post_phase12_module1_M1-B,M1-B,R061,آئی ایم ایف program se awam par kya asraat par rahe hain,NAT,,MIXED,urdu_bm25,21,61785,11.517890930175781,50
post_phase12_module1_M1-B,M1-B,R061,آئی ایم ایف program se awam par kya asraat par rahe hain,NAT,,MIXED,urdu_bm25,22,65417,11.51671314239502,50
post_phase12_module1_M1-B,M1-B,R061,آئی ایم ایف program se awam par kya asraat par rahe hain,NAT,,MIXED,urdu_bm25,23,63958,11.511610984802246,50
post_phase12_module1_M1-B,M1-B,R061,آئی ایم ایف program se awam par kya asraat par rahe hain,NAT,,MIXED,urdu_bm25,24,64865,11.506538391113281,50
post_phase12_module1_M1-B,M1-B,R061,آئی ایم ایف program se awam par kya asraat par rahe hain,NAT,,MIXED,urdu_bm25,25,71278,11.503544807434082,50
post_phase12_module1_M1-B,M1-B,R061,آئی ایم ایف program se awam par kya asraat par rahe hain,NAT,,MIXED,urdu_bm25,26,71424,11.503252029418945,50
post_phase12_module1_M1-B,M1-B,R061,آئی ایم ایف program se awam par kya asraat par rahe hain,NAT,,MIXED,urdu_bm25,27,109951,11.49618911743164,50
post_phase12_module1_M1-B,M1-B,R061,آئی ایم ایف program se awam par kya asraat par rahe hain,NAT,,MIXED,urdu_bm25,28,64594,11.49403190612793,50
post_phase12_module1_M1-B,M1-B,R061,آئی ایم ایف program se awam par kya asraat par rahe hain,NAT,,MIXED,urdu_bm25,29,70659,11.491168975830078,50
post_phase12_module1_M1-B,M1-B,R061,آئی ایم ایف program se awam par kya asraat par rahe hain,NAT,,MIXED,urdu_bm25,30,70859,11.490184783935547,50
post_phase12_module1_M1-B,M1-B,R061,آئی ایم ایف program se awam par kya asraat par rahe hain,NAT,,MIXED,urdu_bm25,31,109083,11.48666763305664,50
post_phase12_module1_M1-B,M1-B,R061,آئی ایم ایف program se awam par kya asraat par rahe hain,NAT,,MIXED,urdu_bm25,32,111162,11.478982925415039,50
post_phase12_module1_M1-B,M1-B,R061,آئی ایم ایف program se awam par kya asraat par rahe hain,NAT,,MIXED,urdu_bm25,33,71338,11.478160858154297,50
post_phase12_module1_M1-B,M1-B,R061,آئی ایم ایف program se awam par kya asraat par rahe hain,NAT,,MIXED,urdu_bm25,34,71123,11.472825050354004,50
post_phase12_module1_M1-B,M1-B,R061,آئی ایم ایف program se awam par kya asraat par rahe hain,NAT,,MIXED,urdu_bm25,35,1656,11.470915794372559,50
post_phase12_module1_M1-B,M1-B,R061,آئی ایم ایف program se awam par kya asraat par rahe hain,NAT,,MIXED,urdu_bm25,36,2065,11.468213081359863,50
post_phase12_module1_M1-B,M1-B,R061,آئی ایم ایف program se awam par kya asraat par rahe hain,NAT,,MIXED,urdu_bm25,37,111081,11.46485424041748,50
post_phase12_module1_M1-B,M1-B,R061,آئی ایم ایف program se awam par kya asraat par rahe hain,NAT,,MIXED,urdu_bm25,38,77016,11.46485424041748,50
post_phase12_module1_M1-B,M1-B,R061,آئی ایم ایف program se awam par kya asraat par rahe hain,NAT,,MIXED,urdu_bm25,39,3408,11.462181091308594,50
post_phase12_module1_M1-B,M1-B,R061,آئی ایم ایف program se awam par kya asraat par rahe hain,NAT,,MIXED,urdu_bm25,40,70709,11.461795806884766,50
post_phase12_module1_M1-B,M1-B,R061,آئی ایم ایف program se awam par kya asraat par rahe hain,NAT,,MIXED,urdu_bm25,41,64866,11.46157455444336,50
post_phase12_module1_M1-B,M1-B,R061,آئی ایم ایف program se awam par kya asraat par rahe hain,NAT,,MIXED,urdu_bm25,42,71137,11.457196235656738,50
post_phase12_module1_M1-B,M1-B,R061,آئی ایم ایف program se awam par kya asraat par rahe hain,NAT,,MIXED,urdu_bm25,43,77602,11.453224182128906,50
post_phase12_module1_M1-B,M1-B,R061,آئی ایم ایف program se awam par kya asraat par rahe hain,NAT,,MIXED,urdu_bm25,44,70931,11.447938919067383,50
post_phase12_module1_M1-B,M1-B,R061,آئی ایم ایف program se awam par kya asraat par rahe hain,NAT,,MIXED,urdu_bm25,45,71265,11.446399688720703,50
post_phase12_module1_M1-B,M1-B,R061,آئی ایم ایف program se awam par kya asraat par rahe hain,NAT,,MIXED,urdu_bm25,46,70683,11.441263198852539,50
post_phase12_module1_M1-B,M1-B,R061,آئی ایم ایف program se awam par kya asraat par rahe hain,NAT,,MIXED,urdu_bm25,47,70416,11.435823440551758,50
post_phase12_module1_M1-B,M1-B,R061,آئی ایم ایف program se awam par kya asraat par rahe hain,NAT,,MIXED,urdu_bm25,48,38786,11.429845809936523,50
post_phase12_module1_M1-B,M1-B,R061,آئی ایم ایف program se awam par kya asraat par rahe hain,NAT,,MIXED,urdu_bm25,49,109103,11.425941467285156,50
post_phase12_module1_M1-B,M1-B,R061,آئی ایم ایف program se awam par kya asraat par rahe hain,NAT,,MIXED,urdu_bm25,50,72172,11.418039321899414,50
post_phase12_module1_M1-B,M1-B,R062,5G Pakistan mein kab available hogi,NAT,,ROMAN,roman_bm25_method_D,1,18668,19.9918155670166,50
post_phase12_module1_M1-B,M1-B,R062,5G Pakistan mein kab available hogi,NAT,,ROMAN,roman_bm25_method_D,2,87540,7.055657386779785,50
post_phase12_module1_M1-B,M1-B,R062,5G Pakistan mein kab available hogi,NAT,,ROMAN,roman_bm25_method_D,3,87034,7.007014274597168,50
post_phase12_module1_M1-B,M1-B,R062,5G Pakistan mein kab available hogi,NAT,,ROMAN,roman_bm25_method_D,4,73476,6.885694980621338,50
post_phase12_module1_M1-B,M1-B,R062,5G Pakistan mein kab available hogi,NAT,,ROMAN,roman_bm25_method_D,5,95368,6.857235908508301,50
post_phase12_module1_M1-B,M1-B,R062,5G Pakistan mein kab available hogi,NAT,,ROMAN,roman_bm25_method_D,6,91237,6.8537068367004395,50
post_phase12_module1_M1-B,M1-B,R062,5G Pakistan mein kab available hogi,NAT,,ROMAN,roman_bm25_method_D,7,85844,6.827243804931641,50
post_phase12_module1_M1-B,M1-B,R062,5G Pakistan mein kab available hogi,NAT,,ROMAN,roman_bm25_method_D,8,95210,6.795395851135254,50
post_phase12_module1_M1-B,M1-B,R062,5G Pakistan mein kab available hogi,NAT,,ROMAN,roman_bm25_method_D,9,95209,6.792172431945801,50
post_phase12_module1_M1-B,M1-B,R062,5G Pakistan mein kab available hogi,NAT,,ROMAN,roman_bm25_method_D,10,91227,6.776155471801758,50
post_phase12_module1_M1-B,M1-B,R062,5G Pakistan mein kab available hogi,NAT,,ROMAN,roman_bm25_method_D,11,111435,6.755186080932617,50
post_phase12_module1_M1-B,M1-B,R062,5G Pakistan mein kab available hogi,NAT,,ROMAN,roman_bm25_method_D,12,77602,6.750552654266357,50
post_phase12_module1_M1-B,M1-B,R062,5G Pakistan mein kab available hogi,NAT,,ROMAN,roman_bm25_method_D,13,85617,6.7481231689453125,50
post_phase12_module1_M1-B,M1-B,R062,5G Pakistan mein kab available hogi,NAT,,ROMAN,roman_bm25_method_D,14,86489,6.718061923980713,50
post_phase12_module1_M1-B,M1-B,R062,5G Pakistan mein kab available hogi,NAT,,ROMAN,roman_bm25_method_D,15,86853,6.690643787384033,50
post_phase12_module1_M1-B,M1-B,R062,5G Pakistan mein kab available hogi,NAT,,ROMAN,roman_bm25_method_D,16,64994,6.66838264465332,50
post_phase12_module1_M1-B,M1-B,R062,5G Pakistan mein kab available hogi,NAT,,ROMAN,roman_bm25_method_D,17,57357,6.663384437561035,50
post_phase12_module1_M1-B,M1-B,R062,5G Pakistan mein kab available hogi,NAT,,ROMAN,roman_bm25_method_D,18,86716,6.650297164916992,50
post_phase12_module1_M1-B,M1-B,R062,5G Pakistan mein kab available hogi,NAT,,ROMAN,roman_bm25_method_D,19,58509,6.639712333679199,50
post_phase12_module1_M1-B,M1-B,R062,5G Pakistan mein kab available hogi,NAT,,ROMAN,roman_bm25_method_D,20,86870,6.631363391876221,50
post_phase12_module1_M1-B,M1-B,R062,5G Pakistan mein kab available hogi,NAT,,ROMAN,roman_bm25_method_D,21,38735,6.609833240509033,50
post_phase12_module1_M1-B,M1-B,R062,5G Pakistan mein kab available hogi,NAT,,ROMAN,roman_bm25_method_D,22,88746,6.592531204223633,50
post_phase12_module1_M1-B,M1-B,R062,5G Pakistan mein kab available hogi,NAT,,ROMAN,roman_bm25_method_D,23,72959,6.558202743530273,50
post_phase12_module1_M1-B,M1-B,R062,5G Pakistan mein kab available hogi,NAT,,ROMAN,roman_bm25_method_D,24,61061,6.554422378540039,50
post_phase12_module1_M1-B,M1-B,R062,5G Pakistan mein kab available hogi,NAT,,ROMAN,roman_bm25_method_D,25,95545,6.528390884399414,50
post_phase12_module1_M1-B,M1-B,R062,5G Pakistan mein kab available hogi,NAT,,ROMAN,roman_bm25_method_D,26,90279,6.513858795166016,50
post_phase12_module1_M1-B,M1-B,R062,5G Pakistan mein kab available hogi,NAT,,ROMAN,roman_bm25_method_D,27,71829,6.5108137130737305,50
post_phase12_module1_M1-B,M1-B,R062,5G Pakistan mein kab available hogi,NAT,,ROMAN,roman_bm25_method_D,28,107804,6.500399589538574,50
post_phase12_module1_M1-B,M1-B,R062,5G Pakistan mein kab available hogi,NAT,,ROMAN,roman_bm25_method_D,29,90988,6.490866661071777,50
post_phase12_module1_M1-B,M1-B,R062,5G Pakistan mein kab available hogi,NAT,,ROMAN,roman_bm25_method_D,30,85890,6.480174541473389,50
post_phase12_module1_M1-B,M1-B,R062,5G Pakistan mein kab available hogi,NAT,,ROMAN,roman_bm25_method_D,31,59766,6.472303867340088,50
post_phase12_module1_M1-B,M1-B,R062,5G Pakistan mein kab available hogi,NAT,,ROMAN,roman_bm25_method_D,32,88534,6.467572212219238,50
post_phase12_module1_M1-B,M1-B,R062,5G Pakistan mein kab available hogi,NAT,,ROMAN,roman_bm25_method_D,33,38799,6.465120315551758,50
post_phase12_module1_M1-B,M1-B,R062,5G Pakistan mein kab available hogi,NAT,,ROMAN,roman_bm25_method_D,34,96691,6.449528217315674,50
post_phase12_module1_M1-B,M1-B,R062,5G Pakistan mein kab available hogi,NAT,,ROMAN,roman_bm25_method_D,35,94208,6.448286533355713,50
post_phase12_module1_M1-B,M1-B,R062,5G Pakistan mein kab available hogi,NAT,,ROMAN,roman_bm25_method_D,36,71189,6.437782287597656,50
post_phase12_module1_M1-B,M1-B,R062,5G Pakistan mein kab available hogi,NAT,,ROMAN,roman_bm25_method_D,37,27640,6.426577568054199,50
post_phase12_module1_M1-B,M1-B,R062,5G Pakistan mein kab available hogi,NAT,,ROMAN,roman_bm25_method_D,38,95724,6.415643692016602,50
post_phase12_module1_M1-B,M1-B,R062,5G Pakistan mein kab available hogi,NAT,,ROMAN,roman_bm25_method_D,39,54862,6.41121768951416,50
post_phase12_module1_M1-B,M1-B,R062,5G Pakistan mein kab available hogi,NAT,,ROMAN,roman_bm25_method_D,40,72804,6.402356147766113,50
post_phase12_module1_M1-B,M1-B,R062,5G Pakistan mein kab available hogi,NAT,,ROMAN,roman_bm25_method_D,41,89491,6.393874168395996,50
post_phase12_module1_M1-B,M1-B,R062,5G Pakistan mein kab available hogi,NAT,,ROMAN,roman_bm25_method_D,42,44028,6.3775129318237305,50
post_phase12_module1_M1-B,M1-B,R062,5G Pakistan mein kab available hogi,NAT,,ROMAN,roman_bm25_method_D,43,11126,6.377140998840332,50
post_phase12_module1_M1-B,M1-B,R062,5G Pakistan mein kab available hogi,NAT,,ROMAN,roman_bm25_method_D,44,71347,6.370065689086914,50
post_phase12_module1_M1-B,M1-B,R062,5G Pakistan mein kab available hogi,NAT,,ROMAN,roman_bm25_method_D,45,54191,6.363398551940918,50
post_phase12_module1_M1-B,M1-B,R062,5G Pakistan mein kab available hogi,NAT,,ROMAN,roman_bm25_method_D,46,87835,6.3600592613220215,50
post_phase12_module1_M1-B,M1-B,R062,5G Pakistan mein kab available hogi,NAT,,ROMAN,roman_bm25_method_D,47,65385,6.330718994140625,50
post_phase12_module1_M1-B,M1-B,R062,5G Pakistan mein kab available hogi,NAT,,ROMAN,roman_bm25_method_D,48,75185,6.3262038230896,50
post_phase12_module1_M1-B,M1-B,R062,5G Pakistan mein kab available hogi,NAT,,ROMAN,roman_bm25_method_D,49,59220,6.317718029022217,50
post_phase12_module1_M1-B,M1-B,R062,5G Pakistan mein kab available hogi,NAT,,ROMAN,roman_bm25_method_D,50,77328,6.295735836029053,50
post_phase12_module1_M1-B,M1-B,R063,شہbaz sharif,NAT,,MIXED,urdu_bm25,1,77962,11.45117473602295,50
post_phase12_module1_M1-B,M1-B,R063,شہbaz sharif,NAT,,MIXED,urdu_bm25,2,98048,10.852825164794922,50
post_phase12_module1_M1-B,M1-B,R063,شہbaz sharif,NAT,,MIXED,urdu_bm25,3,61896,10.015493392944336,50
post_phase12_module1_M1-B,M1-B,R063,شہbaz sharif,NAT,,MIXED,urdu_bm25,4,87287,9.779701232910156,50
post_phase12_module1_M1-B,M1-B,R063,شہbaz sharif,NAT,,MIXED,urdu_bm25,5,18425,9.721548080444336,50
post_phase12_module1_M1-B,M1-B,R063,شہbaz sharif,NAT,,MIXED,urdu_bm25,6,37943,9.698850631713867,50
post_phase12_module1_M1-B,M1-B,R063,شہbaz sharif,NAT,,MIXED,urdu_bm25,7,94086,9.521011352539062,50
post_phase12_module1_M1-B,M1-B,R063,شہbaz sharif,NAT,,MIXED,urdu_bm25,8,5308,9.511002540588379,50
post_phase12_module1_M1-B,M1-B,R063,شہbaz sharif,NAT,,MIXED,urdu_bm25,9,40239,9.370668411254883,50
post_phase12_module1_M1-B,M1-B,R063,شہbaz sharif,NAT,,MIXED,urdu_bm25,10,71993,9.164772987365723,50
post_phase12_module1_M1-B,M1-B,R063,شہbaz sharif,NAT,,MIXED,urdu_bm25,11,103184,9.044235229492188,50
post_phase12_module1_M1-B,M1-B,R063,شہbaz sharif,NAT,,MIXED,urdu_bm25,12,101512,8.947626113891602,50
post_phase12_module1_M1-B,M1-B,R063,شہbaz sharif,NAT,,MIXED,urdu_bm25,13,19045,8.927610397338867,50
post_phase12_module1_M1-B,M1-B,R063,شہbaz sharif,NAT,,MIXED,urdu_bm25,14,51440,8.776710510253906,50
post_phase12_module1_M1-B,M1-B,R063,شہbaz sharif,NAT,,MIXED,urdu_bm25,15,86921,8.703902244567871,50
post_phase12_module1_M1-B,M1-B,R063,شہbaz sharif,NAT,,MIXED,urdu_bm25,16,98710,8.648796081542969,50
post_phase12_module1_M1-B,M1-B,R063,شہbaz sharif,NAT,,MIXED,urdu_bm25,17,68130,8.648796081542969,50
post_phase12_module1_M1-B,M1-B,R063,شہbaz sharif,NAT,,MIXED,urdu_bm25,18,51519,8.595110893249512,50
post_phase12_module1_M1-B,M1-B,R063,شہbaz sharif,NAT,,MIXED,urdu_bm25,19,100352,8.542803764343262,50
post_phase12_module1_M1-B,M1-B,R063,شہbaz sharif,NAT,,MIXED,urdu_bm25,20,108350,8.455153465270996,50
post_phase12_module1_M1-B,M1-B,R063,شہbaz sharif,NAT,,MIXED,urdu_bm25,21,71805,8.437978744506836,50
post_phase12_module1_M1-B,M1-B,R063,شہbaz sharif,NAT,,MIXED,urdu_bm25,22,100361,8.362234115600586,50
post_phase12_module1_M1-B,M1-B,R063,شہbaz sharif,NAT,,MIXED,urdu_bm25,23,101252,8.320361137390137,50
post_phase12_module1_M1-B,M1-B,R063,شہbaz sharif,NAT,,MIXED,urdu_bm25,24,44483,8.319680213928223,50
post_phase12_module1_M1-B,M1-B,R063,شہbaz sharif,NAT,,MIXED,urdu_bm25,25,50512,8.220891952514648,50
post_phase12_module1_M1-B,M1-B,R063,شہbaz sharif,NAT,,MIXED,urdu_bm25,26,92911,8.204654693603516,50
post_phase12_module1_M1-B,M1-B,R063,شہbaz sharif,NAT,,MIXED,urdu_bm25,27,98147,8.188481330871582,50
post_phase12_module1_M1-B,M1-B,R063,شہbaz sharif,NAT,,MIXED,urdu_bm25,28,46600,8.172371864318848,50
post_phase12_module1_M1-B,M1-B,R063,شہbaz sharif,NAT,,MIXED,urdu_bm25,29,15492,8.077030181884766,50
post_phase12_module1_M1-B,M1-B,R063,شہbaz sharif,NAT,,MIXED,urdu_bm25,30,99647,8.014695167541504,50
post_phase12_module1_M1-B,M1-B,R063,شہbaz sharif,NAT,,MIXED,urdu_bm25,31,50993,7.818589210510254,50
post_phase12_module1_M1-B,M1-B,R063,شہbaz sharif,NAT,,MIXED,urdu_bm25,32,99755,7.7456955909729,50
post_phase12_module1_M1-B,M1-B,R063,شہbaz sharif,NAT,,MIXED,urdu_bm25,33,81555,7.7456955909729,50
post_phase12_module1_M1-B,M1-B,R063,شہbaz sharif,NAT,,MIXED,urdu_bm25,34,67731,7.702608108520508,50
post_phase12_module1_M1-B,M1-B,R063,شہbaz sharif,NAT,,MIXED,urdu_bm25,35,15956,7.674149036407471,50
post_phase12_module1_M1-B,M1-B,R063,شہbaz sharif,NAT,,MIXED,urdu_bm25,36,25999,7.674149036407471,50
post_phase12_module1_M1-B,M1-B,R063,شہbaz sharif,NAT,,MIXED,urdu_bm25,37,85676,7.6044793128967285,50
post_phase12_module1_M1-B,M1-B,R063,شہbaz sharif,NAT,,MIXED,urdu_bm25,38,15535,7.590017795562744,50
post_phase12_module1_M1-B,M1-B,R063,شہbaz sharif,NAT,,MIXED,urdu_bm25,39,101696,7.583654403686523,50
post_phase12_module1_M1-B,M1-B,R063,شہbaz sharif,NAT,,MIXED,urdu_bm25,40,41910,7.562382221221924,50
post_phase12_module1_M1-B,M1-B,R063,شہbaz sharif,NAT,,MIXED,urdu_bm25,41,42384,7.534947395324707,50
post_phase12_module1_M1-B,M1-B,R063,شہbaz sharif,NAT,,MIXED,urdu_bm25,42,48000,7.534947395324707,50
post_phase12_module1_M1-B,M1-B,R063,شہbaz sharif,NAT,,MIXED,urdu_bm25,43,13766,7.534947395324707,50
post_phase12_module1_M1-B,M1-B,R063,شہbaz sharif,NAT,,MIXED,urdu_bm25,44,99773,7.521304130554199,50
post_phase12_module1_M1-B,M1-B,R063,شہbaz sharif,NAT,,MIXED,urdu_bm25,45,6617,7.481220245361328,50
post_phase12_module1_M1-B,M1-B,R063,شہbaz sharif,NAT,,MIXED,urdu_bm25,46,34734,7.440473556518555,50
post_phase12_module1_M1-B,M1-B,R063,شہbaz sharif,NAT,,MIXED,urdu_bm25,47,104958,7.4271697998046875,50
post_phase12_module1_M1-B,M1-B,R063,شہbaz sharif,NAT,,MIXED,urdu_bm25,48,15787,7.361361503601074,50
post_phase12_module1_M1-B,M1-B,R063,شہbaz sharif,NAT,,MIXED,urdu_bm25,49,84054,7.32942008972168,50
post_phase12_module1_M1-B,M1-B,R063,شہbaz sharif,NAT,,MIXED,urdu_bm25,50,98952,7.296709060668945,50
post_phase12_module1_M1-B,M1-B,R064,سونے ki aaj ki qeemat,NAT,,MIXED,urdu_bm25,1,73178,9.275211334228516,50
post_phase12_module1_M1-B,M1-B,R064,سونے ki aaj ki qeemat,NAT,,MIXED,urdu_bm25,2,65293,9.227102279663086,50
post_phase12_module1_M1-B,M1-B,R064,سونے ki aaj ki qeemat,NAT,,MIXED,urdu_bm25,3,71940,9.218217849731445,50
post_phase12_module1_M1-B,M1-B,R064,سونے ki aaj ki qeemat,NAT,,MIXED,urdu_bm25,4,71277,9.186023712158203,50
post_phase12_module1_M1-B,M1-B,R064,سونے ki aaj ki qeemat,NAT,,MIXED,urdu_bm25,5,111418,9.185640335083008,50
post_phase12_module1_M1-B,M1-B,R064,سونے ki aaj ki qeemat,NAT,,MIXED,urdu_bm25,6,110499,9.185482025146484,50
post_phase12_module1_M1-B,M1-B,R064,سونے ki aaj ki qeemat,NAT,,MIXED,urdu_bm25,7,78757,9.178173065185547,50
post_phase12_module1_M1-B,M1-B,R064,سونے ki aaj ki qeemat,NAT,,MIXED,urdu_bm25,8,199,9.142441749572754,50
post_phase12_module1_M1-B,M1-B,R064,سونے ki aaj ki qeemat,NAT,,MIXED,urdu_bm25,9,72799,9.13548755645752,50
post_phase12_module1_M1-B,M1-B,R064,سونے ki aaj ki qeemat,NAT,,MIXED,urdu_bm25,10,3367,9.12969970703125,50
post_phase12_module1_M1-B,M1-B,R064,سونے ki aaj ki qeemat,NAT,,MIXED,urdu_bm25,11,111783,9.129417419433594,50
post_phase12_module1_M1-B,M1-B,R064,سونے ki aaj ki qeemat,NAT,,MIXED,urdu_bm25,12,3457,9.126386642456055,50
post_phase12_module1_M1-B,M1-B,R064,سونے ki aaj ki qeemat,NAT,,MIXED,urdu_bm25,13,3438,9.125994682312012,50
post_phase12_module1_M1-B,M1-B,R064,سونے ki aaj ki qeemat,NAT,,MIXED,urdu_bm25,14,859,9.125373840332031,50
post_phase12_module1_M1-B,M1-B,R064,سونے ki aaj ki qeemat,NAT,,MIXED,urdu_bm25,15,64668,9.119593620300293,50
post_phase12_module1_M1-B,M1-B,R064,سونے ki aaj ki qeemat,NAT,,MIXED,urdu_bm25,16,109592,9.1185941696167,50
post_phase12_module1_M1-B,M1-B,R064,سونے ki aaj ki qeemat,NAT,,MIXED,urdu_bm25,17,109259,9.114557266235352,50
post_phase12_module1_M1-B,M1-B,R064,سونے ki aaj ki qeemat,NAT,,MIXED,urdu_bm25,18,62647,9.111204147338867,50
post_phase12_module1_M1-B,M1-B,R064,سونے ki aaj ki qeemat,NAT,,MIXED,urdu_bm25,19,72736,9.107514381408691,50
post_phase12_module1_M1-B,M1-B,R064,سونے ki aaj ki qeemat,NAT,,MIXED,urdu_bm25,20,111431,9.094584465026855,50
post_phase12_module1_M1-B,M1-B,R064,سونے ki aaj ki qeemat,NAT,,MIXED,urdu_bm25,21,110737,9.093171119689941,50
post_phase12_module1_M1-B,M1-B,R064,سونے ki aaj ki qeemat,NAT,,MIXED,urdu_bm25,22,61411,9.090448379516602,50
post_phase12_module1_M1-B,M1-B,R064,سونے ki aaj ki qeemat,NAT,,MIXED,urdu_bm25,23,290,9.083269119262695,50
post_phase12_module1_M1-B,M1-B,R064,سونے ki aaj ki qeemat,NAT,,MIXED,urdu_bm25,24,110057,9.065710067749023,50
post_phase12_module1_M1-B,M1-B,R064,سونے ki aaj ki qeemat,NAT,,MIXED,urdu_bm25,25,110798,9.065710067749023,50
post_phase12_module1_M1-B,M1-B,R064,سونے ki aaj ki qeemat,NAT,,MIXED,urdu_bm25,26,3414,9.06346321105957,50
post_phase12_module1_M1-B,M1-B,R064,سونے ki aaj ki qeemat,NAT,,MIXED,urdu_bm25,27,110570,9.061667442321777,50
post_phase12_module1_M1-B,M1-B,R064,سونے ki aaj ki qeemat,NAT,,MIXED,urdu_bm25,28,78666,9.059206008911133,50
post_phase12_module1_M1-B,M1-B,R064,سونے ki aaj ki qeemat,NAT,,MIXED,urdu_bm25,29,62779,9.058382034301758,50
post_phase12_module1_M1-B,M1-B,R064,سونے ki aaj ki qeemat,NAT,,MIXED,urdu_bm25,30,76959,9.057494163513184,50
post_phase12_module1_M1-B,M1-B,R064,سونے ki aaj ki qeemat,NAT,,MIXED,urdu_bm25,31,111314,9.057494163513184,50
post_phase12_module1_M1-B,M1-B,R064,سونے ki aaj ki qeemat,NAT,,MIXED,urdu_bm25,32,70359,9.054515838623047,50
post_phase12_module1_M1-B,M1-B,R064,سونے ki aaj ki qeemat,NAT,,MIXED,urdu_bm25,33,71038,9.049830436706543,50
post_phase12_module1_M1-B,M1-B,R064,سونے ki aaj ki qeemat,NAT,,MIXED,urdu_bm25,34,65152,9.04929256439209,50
post_phase12_module1_M1-B,M1-B,R064,سونے ki aaj ki qeemat,NAT,,MIXED,urdu_bm25,35,76977,9.045198440551758,50
post_phase12_module1_M1-B,M1-B,R064,سونے ki aaj ki qeemat,NAT,,MIXED,urdu_bm25,36,70035,9.045198440551758,50
post_phase12_module1_M1-B,M1-B,R064,سونے ki aaj ki qeemat,NAT,,MIXED,urdu_bm25,37,64822,9.041598320007324,50
post_phase12_module1_M1-B,M1-B,R064,سونے ki aaj ki qeemat,NAT,,MIXED,urdu_bm25,38,110836,9.039855003356934,50
post_phase12_module1_M1-B,M1-B,R064,سونے ki aaj ki qeemat,NAT,,MIXED,urdu_bm25,39,30,9.038330078125,50
post_phase12_module1_M1-B,M1-B,R064,سونے ki aaj ki qeemat,NAT,,MIXED,urdu_bm25,40,110035,9.0379638671875,50
post_phase12_module1_M1-B,M1-B,R064,سونے ki aaj ki qeemat,NAT,,MIXED,urdu_bm25,41,70124,9.03580379486084,50
post_phase12_module1_M1-B,M1-B,R064,سونے ki aaj ki qeemat,NAT,,MIXED,urdu_bm25,42,109992,9.030704498291016,50
post_phase12_module1_M1-B,M1-B,R064,سونے ki aaj ki qeemat,NAT,,MIXED,urdu_bm25,43,110814,9.030704498291016,50
post_phase12_module1_M1-B,M1-B,R064,سونے ki aaj ki qeemat,NAT,,MIXED,urdu_bm25,44,61593,9.028855323791504,50
post_phase12_module1_M1-B,M1-B,R064,سونے ki aaj ki qeemat,NAT,,MIXED,urdu_bm25,45,110548,9.02746295928955,50
post_phase12_module1_M1-B,M1-B,R064,سونے ki aaj ki qeemat,NAT,,MIXED,urdu_bm25,46,62853,9.024778366088867,50
post_phase12_module1_M1-B,M1-B,R064,سونے ki aaj ki qeemat,NAT,,MIXED,urdu_bm25,47,109664,9.018575668334961,50
post_phase12_module1_M1-B,M1-B,R064,سونے ki aaj ki qeemat,NAT,,MIXED,urdu_bm25,48,111664,9.016221046447754,50
post_phase12_module1_M1-B,M1-B,R064,سونے ki aaj ki qeemat,NAT,,MIXED,urdu_bm25,49,109395,9.012606620788574,50
post_phase12_module1_M1-B,M1-B,R064,سونے ki aaj ki qeemat,NAT,,MIXED,urdu_bm25,50,110459,9.007699012756348,50
post_phase12_module1_M1-B,M1-B,R065,Pakistan cricket team recent tours par performance kyun inconsistent hai,NAT,,ROMAN,roman_bm25_method_D,1,87538,8.891670227050781,50
post_phase12_module1_M1-B,M1-B,R065,Pakistan cricket team recent tours par performance kyun inconsistent hai,NAT,,ROMAN,roman_bm25_method_D,2,87394,8.779153823852539,50
post_phase12_module1_M1-B,M1-B,R065,Pakistan cricket team recent tours par performance kyun inconsistent hai,NAT,,ROMAN,roman_bm25_method_D,3,94940,8.777567863464355,50
post_phase12_module1_M1-B,M1-B,R065,Pakistan cricket team recent tours par performance kyun inconsistent hai,NAT,,ROMAN,roman_bm25_method_D,4,94522,8.776437759399414,50
post_phase12_module1_M1-B,M1-B,R065,Pakistan cricket team recent tours par performance kyun inconsistent hai,NAT,,ROMAN,roman_bm25_method_D,5,87447,8.770745277404785,50
post_phase12_module1_M1-B,M1-B,R065,Pakistan cricket team recent tours par performance kyun inconsistent hai,NAT,,ROMAN,roman_bm25_method_D,6,58925,8.74223804473877,50
post_phase12_module1_M1-B,M1-B,R065,Pakistan cricket team recent tours par performance kyun inconsistent hai,NAT,,ROMAN,roman_bm25_method_D,7,86993,8.742205619812012,50
post_phase12_module1_M1-B,M1-B,R065,Pakistan cricket team recent tours par performance kyun inconsistent hai,NAT,,ROMAN,roman_bm25_method_D,8,87409,8.73117446899414,50
post_phase12_module1_M1-B,M1-B,R065,Pakistan cricket team recent tours par performance kyun inconsistent hai,NAT,,ROMAN,roman_bm25_method_D,9,96298,8.72551441192627,50
post_phase12_module1_M1-B,M1-B,R065,Pakistan cricket team recent tours par performance kyun inconsistent hai,NAT,,ROMAN,roman_bm25_method_D,10,85631,8.713041305541992,50
post_phase12_module1_M1-B,M1-B,R065,Pakistan cricket team recent tours par performance kyun inconsistent hai,NAT,,ROMAN,roman_bm25_method_D,11,86281,8.692914009094238,50
post_phase12_module1_M1-B,M1-B,R065,Pakistan cricket team recent tours par performance kyun inconsistent hai,NAT,,ROMAN,roman_bm25_method_D,12,58907,8.677419662475586,50
post_phase12_module1_M1-B,M1-B,R065,Pakistan cricket team recent tours par performance kyun inconsistent hai,NAT,,ROMAN,roman_bm25_method_D,13,30516,8.670722007751465,50
post_phase12_module1_M1-B,M1-B,R065,Pakistan cricket team recent tours par performance kyun inconsistent hai,NAT,,ROMAN,roman_bm25_method_D,14,90714,8.667145729064941,50
post_phase12_module1_M1-B,M1-B,R065,Pakistan cricket team recent tours par performance kyun inconsistent hai,NAT,,ROMAN,roman_bm25_method_D,15,55726,8.635663986206055,50
post_phase12_module1_M1-B,M1-B,R065,Pakistan cricket team recent tours par performance kyun inconsistent hai,NAT,,ROMAN,roman_bm25_method_D,16,54413,8.622822761535645,50
post_phase12_module1_M1-B,M1-B,R065,Pakistan cricket team recent tours par performance kyun inconsistent hai,NAT,,ROMAN,roman_bm25_method_D,17,92403,8.62161922454834,50
post_phase12_module1_M1-B,M1-B,R065,Pakistan cricket team recent tours par performance kyun inconsistent hai,NAT,,ROMAN,roman_bm25_method_D,18,57453,8.620099067687988,50
post_phase12_module1_M1-B,M1-B,R065,Pakistan cricket team recent tours par performance kyun inconsistent hai,NAT,,ROMAN,roman_bm25_method_D,19,81788,8.618877410888672,50
post_phase12_module1_M1-B,M1-B,R065,Pakistan cricket team recent tours par performance kyun inconsistent hai,NAT,,ROMAN,roman_bm25_method_D,20,45327,8.618631362915039,50
post_phase12_module1_M1-B,M1-B,R065,Pakistan cricket team recent tours par performance kyun inconsistent hai,NAT,,ROMAN,roman_bm25_method_D,21,55719,8.618213653564453,50
post_phase12_module1_M1-B,M1-B,R065,Pakistan cricket team recent tours par performance kyun inconsistent hai,NAT,,ROMAN,roman_bm25_method_D,22,93040,8.616610527038574,50
post_phase12_module1_M1-B,M1-B,R065,Pakistan cricket team recent tours par performance kyun inconsistent hai,NAT,,ROMAN,roman_bm25_method_D,23,41961,8.616588592529297,50
post_phase12_module1_M1-B,M1-B,R065,Pakistan cricket team recent tours par performance kyun inconsistent hai,NAT,,ROMAN,roman_bm25_method_D,24,58594,8.616551399230957,50
post_phase12_module1_M1-B,M1-B,R065,Pakistan cricket team recent tours par performance kyun inconsistent hai,NAT,,ROMAN,roman_bm25_method_D,25,90472,8.615411758422852,50
post_phase12_module1_M1-B,M1-B,R065,Pakistan cricket team recent tours par performance kyun inconsistent hai,NAT,,ROMAN,roman_bm25_method_D,26,54960,8.608920097351074,50
post_phase12_module1_M1-B,M1-B,R065,Pakistan cricket team recent tours par performance kyun inconsistent hai,NAT,,ROMAN,roman_bm25_method_D,27,81663,8.608814239501953,50
post_phase12_module1_M1-B,M1-B,R065,Pakistan cricket team recent tours par performance kyun inconsistent hai,NAT,,ROMAN,roman_bm25_method_D,28,56357,8.590622901916504,50
post_phase12_module1_M1-B,M1-B,R065,Pakistan cricket team recent tours par performance kyun inconsistent hai,NAT,,ROMAN,roman_bm25_method_D,29,47656,8.584534645080566,50
post_phase12_module1_M1-B,M1-B,R065,Pakistan cricket team recent tours par performance kyun inconsistent hai,NAT,,ROMAN,roman_bm25_method_D,30,95367,8.577905654907227,50
post_phase12_module1_M1-B,M1-B,R065,Pakistan cricket team recent tours par performance kyun inconsistent hai,NAT,,ROMAN,roman_bm25_method_D,31,88402,8.576983451843262,50
post_phase12_module1_M1-B,M1-B,R065,Pakistan cricket team recent tours par performance kyun inconsistent hai,NAT,,ROMAN,roman_bm25_method_D,32,53510,8.574719429016113,50
post_phase12_module1_M1-B,M1-B,R065,Pakistan cricket team recent tours par performance kyun inconsistent hai,NAT,,ROMAN,roman_bm25_method_D,33,82831,8.570974349975586,50
post_phase12_module1_M1-B,M1-B,R065,Pakistan cricket team recent tours par performance kyun inconsistent hai,NAT,,ROMAN,roman_bm25_method_D,34,46181,8.553457260131836,50
post_phase12_module1_M1-B,M1-B,R065,Pakistan cricket team recent tours par performance kyun inconsistent hai,NAT,,ROMAN,roman_bm25_method_D,35,30584,8.546562194824219,50
post_phase12_module1_M1-B,M1-B,R065,Pakistan cricket team recent tours par performance kyun inconsistent hai,NAT,,ROMAN,roman_bm25_method_D,36,82091,8.54006290435791,50
post_phase12_module1_M1-B,M1-B,R065,Pakistan cricket team recent tours par performance kyun inconsistent hai,NAT,,ROMAN,roman_bm25_method_D,37,83275,8.53851318359375,50
post_phase12_module1_M1-B,M1-B,R065,Pakistan cricket team recent tours par performance kyun inconsistent hai,NAT,,ROMAN,roman_bm25_method_D,38,96856,8.537530899047852,50
post_phase12_module1_M1-B,M1-B,R065,Pakistan cricket team recent tours par performance kyun inconsistent hai,NAT,,ROMAN,roman_bm25_method_D,39,24748,8.536887168884277,50
post_phase12_module1_M1-B,M1-B,R065,Pakistan cricket team recent tours par performance kyun inconsistent hai,NAT,,ROMAN,roman_bm25_method_D,40,47741,8.519454002380371,50
post_phase12_module1_M1-B,M1-B,R065,Pakistan cricket team recent tours par performance kyun inconsistent hai,NAT,,ROMAN,roman_bm25_method_D,41,29980,8.519442558288574,50
post_phase12_module1_M1-B,M1-B,R065,Pakistan cricket team recent tours par performance kyun inconsistent hai,NAT,,ROMAN,roman_bm25_method_D,42,82335,8.516419410705566,50
post_phase12_module1_M1-B,M1-B,R065,Pakistan cricket team recent tours par performance kyun inconsistent hai,NAT,,ROMAN,roman_bm25_method_D,43,86972,8.510986328125,50
post_phase12_module1_M1-B,M1-B,R065,Pakistan cricket team recent tours par performance kyun inconsistent hai,NAT,,ROMAN,roman_bm25_method_D,44,41339,8.497230529785156,50
post_phase12_module1_M1-B,M1-B,R065,Pakistan cricket team recent tours par performance kyun inconsistent hai,NAT,,ROMAN,roman_bm25_method_D,45,47187,8.494218826293945,50
post_phase12_module1_M1-B,M1-B,R065,Pakistan cricket team recent tours par performance kyun inconsistent hai,NAT,,ROMAN,roman_bm25_method_D,46,97121,8.493236541748047,50
post_phase12_module1_M1-B,M1-B,R065,Pakistan cricket team recent tours par performance kyun inconsistent hai,NAT,,ROMAN,roman_bm25_method_D,47,86880,8.491354942321777,50
post_phase12_module1_M1-B,M1-B,R065,Pakistan cricket team recent tours par performance kyun inconsistent hai,NAT,,ROMAN,roman_bm25_method_D,48,90422,8.489653587341309,50
post_phase12_module1_M1-B,M1-B,R065,Pakistan cricket team recent tours par performance kyun inconsistent hai,NAT,,ROMAN,roman_bm25_method_D,49,90623,8.4814453125,50
post_phase12_module1_M1-B,M1-B,R065,Pakistan cricket team recent tours par performance kyun inconsistent hai,NAT,,ROMAN,roman_bm25_method_D,50,53607,8.480622291564941,50
post_phase12_module1_M1-B,M1-B,R066,LUMS undergraduate admission deadline 2026,NAT,,ROMAN,roman_bm25_method_D,1,84126,17.14612579345703,29
post_phase12_module1_M1-B,M1-B,R066,LUMS undergraduate admission deadline 2026,NAT,,ROMAN,roman_bm25_method_D,2,55132,16.730907440185547,29
post_phase12_module1_M1-B,M1-B,R066,LUMS undergraduate admission deadline 2026,NAT,,ROMAN,roman_bm25_method_D,3,31206,14.599864959716797,29
post_phase12_module1_M1-B,M1-B,R066,LUMS undergraduate admission deadline 2026,NAT,,ROMAN,roman_bm25_method_D,4,30560,13.614726066589355,29
post_phase12_module1_M1-B,M1-B,R066,LUMS undergraduate admission deadline 2026,NAT,,ROMAN,roman_bm25_method_D,5,26590,13.325119972229004,29
post_phase12_module1_M1-B,M1-B,R066,LUMS undergraduate admission deadline 2026,NAT,,ROMAN,roman_bm25_method_D,6,27820,12.433928489685059,29
post_phase12_module1_M1-B,M1-B,R066,LUMS undergraduate admission deadline 2026,NAT,,ROMAN,roman_bm25_method_D,7,80876,12.328522682189941,29
post_phase12_module1_M1-B,M1-B,R066,LUMS undergraduate admission deadline 2026,NAT,,ROMAN,roman_bm25_method_D,8,33113,11.306136131286621,29
post_phase12_module1_M1-B,M1-B,R066,LUMS undergraduate admission deadline 2026,NAT,,ROMAN,roman_bm25_method_D,9,90442,10.690716743469238,29
post_phase12_module1_M1-B,M1-B,R066,LUMS undergraduate admission deadline 2026,NAT,,ROMAN,roman_bm25_method_D,10,59763,10.52631664276123,29
post_phase12_module1_M1-B,M1-B,R066,LUMS undergraduate admission deadline 2026,NAT,,ROMAN,roman_bm25_method_D,11,55025,10.241012573242188,29
post_phase12_module1_M1-B,M1-B,R066,LUMS undergraduate admission deadline 2026,NAT,,ROMAN,roman_bm25_method_D,12,28999,9.241397857666016,29
post_phase12_module1_M1-B,M1-B,R066,LUMS undergraduate admission deadline 2026,NAT,,ROMAN,roman_bm25_method_D,13,47508,9.191554069519043,29
post_phase12_module1_M1-B,M1-B,R066,LUMS undergraduate admission deadline 2026,NAT,,ROMAN,roman_bm25_method_D,14,39149,8.21660041809082,29
post_phase12_module1_M1-B,M1-B,R066,LUMS undergraduate admission deadline 2026,NAT,,ROMAN,roman_bm25_method_D,15,3148,7.874889850616455,29
post_phase12_module1_M1-B,M1-B,R066,LUMS undergraduate admission deadline 2026,NAT,,ROMAN,roman_bm25_method_D,16,27819,7.628148078918457,29
post_phase12_module1_M1-B,M1-B,R066,LUMS undergraduate admission deadline 2026,NAT,,ROMAN,roman_bm25_method_D,17,25466,7.504974842071533,29
post_phase12_module1_M1-B,M1-B,R066,LUMS undergraduate admission deadline 2026,NAT,,ROMAN,roman_bm25_method_D,18,1364,6.461599826812744,29
post_phase12_module1_M1-B,M1-B,R066,LUMS undergraduate admission deadline 2026,NAT,,ROMAN,roman_bm25_method_D,19,13540,6.092025279998779,29
post_phase12_module1_M1-B,M1-B,R066,LUMS undergraduate admission deadline 2026,NAT,,ROMAN,roman_bm25_method_D,20,4092,6.063126564025879,29
post_phase12_module1_M1-B,M1-B,R066,LUMS undergraduate admission deadline 2026,NAT,,ROMAN,roman_bm25_method_D,21,1358,5.801674842834473,29
post_phase12_module1_M1-B,M1-B,R066,LUMS undergraduate admission deadline 2026,NAT,,ROMAN,roman_bm25_method_D,22,24664,5.519804954528809,29
post_phase12_module1_M1-B,M1-B,R066,LUMS undergraduate admission deadline 2026,NAT,,ROMAN,roman_bm25_method_D,23,3821,5.3690900802612305,29
post_phase12_module1_M1-B,M1-B,R066,LUMS undergraduate admission deadline 2026,NAT,,ROMAN,roman_bm25_method_D,24,1796,5.363457202911377,29
post_phase12_module1_M1-B,M1-B,R066,LUMS undergraduate admission deadline 2026,NAT,,ROMAN,roman_bm25_method_D,25,26775,5.106327533721924,29
post_phase12_module1_M1-B,M1-B,R066,LUMS undergraduate admission deadline 2026,NAT,,ROMAN,roman_bm25_method_D,26,24681,5.080953121185303,29
post_phase12_module1_M1-B,M1-B,R066,LUMS undergraduate admission deadline 2026,NAT,,ROMAN,roman_bm25_method_D,27,10990,5.065850257873535,29
post_phase12_module1_M1-B,M1-B,R066,LUMS undergraduate admission deadline 2026,NAT,,ROMAN,roman_bm25_method_D,28,342,4.91016149520874,29
post_phase12_module1_M1-B,M1-B,R066,LUMS undergraduate admission deadline 2026,NAT,,ROMAN,roman_bm25_method_D,29,2633,4.668066501617432,29
post_phase12_module1_M1-B,M1-B,R067,Pakistani dramas ki stories pehle se kam strong kyun lagti hain,NAT,,ROMAN,roman_bm25_method_D,1,109112,20.462604522705078,50
post_phase12_module1_M1-B,M1-B,R067,Pakistani dramas ki stories pehle se kam strong kyun lagti hain,NAT,,ROMAN,roman_bm25_method_D,2,109104,12.5139741897583,50
post_phase12_module1_M1-B,M1-B,R067,Pakistani dramas ki stories pehle se kam strong kyun lagti hain,NAT,,ROMAN,roman_bm25_method_D,3,102011,4.107711315155029,50
post_phase12_module1_M1-B,M1-B,R067,Pakistani dramas ki stories pehle se kam strong kyun lagti hain,NAT,,ROMAN,roman_bm25_method_D,4,42846,4.081188678741455,50
post_phase12_module1_M1-B,M1-B,R067,Pakistani dramas ki stories pehle se kam strong kyun lagti hain,NAT,,ROMAN,roman_bm25_method_D,5,11438,4.0637311935424805,50
post_phase12_module1_M1-B,M1-B,R067,Pakistani dramas ki stories pehle se kam strong kyun lagti hain,NAT,,ROMAN,roman_bm25_method_D,6,109060,4.047379493713379,50
post_phase12_module1_M1-B,M1-B,R067,Pakistani dramas ki stories pehle se kam strong kyun lagti hain,NAT,,ROMAN,roman_bm25_method_D,7,59811,4.043168544769287,50
post_phase12_module1_M1-B,M1-B,R067,Pakistani dramas ki stories pehle se kam strong kyun lagti hain,NAT,,ROMAN,roman_bm25_method_D,8,17140,4.033219337463379,50
post_phase12_module1_M1-B,M1-B,R067,Pakistani dramas ki stories pehle se kam strong kyun lagti hain,NAT,,ROMAN,roman_bm25_method_D,9,12303,4.028520107269287,50
post_phase12_module1_M1-B,M1-B,R067,Pakistani dramas ki stories pehle se kam strong kyun lagti hain,NAT,,ROMAN,roman_bm25_method_D,10,15723,4.026708602905273,50
post_phase12_module1_M1-B,M1-B,R067,Pakistani dramas ki stories pehle se kam strong kyun lagti hain,NAT,,ROMAN,roman_bm25_method_D,11,14429,4.0148396492004395,50
post_phase12_module1_M1-B,M1-B,R067,Pakistani dramas ki stories pehle se kam strong kyun lagti hain,NAT,,ROMAN,roman_bm25_method_D,12,23064,3.978303909301758,50
post_phase12_module1_M1-B,M1-B,R067,Pakistani dramas ki stories pehle se kam strong kyun lagti hain,NAT,,ROMAN,roman_bm25_method_D,13,13708,3.9777588844299316,50
post_phase12_module1_M1-B,M1-B,R067,Pakistani dramas ki stories pehle se kam strong kyun lagti hain,NAT,,ROMAN,roman_bm25_method_D,14,2906,3.961714744567871,50
post_phase12_module1_M1-B,M1-B,R067,Pakistani dramas ki stories pehle se kam strong kyun lagti hain,NAT,,ROMAN,roman_bm25_method_D,15,109928,3.961479425430298,50
post_phase12_module1_M1-B,M1-B,R067,Pakistani dramas ki stories pehle se kam strong kyun lagti hain,NAT,,ROMAN,roman_bm25_method_D,16,40702,3.9599642753601074,50
post_phase12_module1_M1-B,M1-B,R067,Pakistani dramas ki stories pehle se kam strong kyun lagti hain,NAT,,ROMAN,roman_bm25_method_D,17,4836,3.9590237140655518,50
post_phase12_module1_M1-B,M1-B,R067,Pakistani dramas ki stories pehle se kam strong kyun lagti hain,NAT,,ROMAN,roman_bm25_method_D,18,6789,3.9573147296905518,50
post_phase12_module1_M1-B,M1-B,R067,Pakistani dramas ki stories pehle se kam strong kyun lagti hain,NAT,,ROMAN,roman_bm25_method_D,19,79392,3.9542086124420166,50
post_phase12_module1_M1-B,M1-B,R067,Pakistani dramas ki stories pehle se kam strong kyun lagti hain,NAT,,ROMAN,roman_bm25_method_D,20,79584,3.9538943767547607,50
post_phase12_module1_M1-B,M1-B,R067,Pakistani dramas ki stories pehle se kam strong kyun lagti hain,NAT,,ROMAN,roman_bm25_method_D,21,15940,3.943880796432495,50
post_phase12_module1_M1-B,M1-B,R067,Pakistani dramas ki stories pehle se kam strong kyun lagti hain,NAT,,ROMAN,roman_bm25_method_D,22,107356,3.9339215755462646,50
post_phase12_module1_M1-B,M1-B,R067,Pakistani dramas ki stories pehle se kam strong kyun lagti hain,NAT,,ROMAN,roman_bm25_method_D,23,16111,3.9332852363586426,50
post_phase12_module1_M1-B,M1-B,R067,Pakistani dramas ki stories pehle se kam strong kyun lagti hain,NAT,,ROMAN,roman_bm25_method_D,24,101727,3.9330012798309326,50
post_phase12_module1_M1-B,M1-B,R067,Pakistani dramas ki stories pehle se kam strong kyun lagti hain,NAT,,ROMAN,roman_bm25_method_D,25,16143,3.9283828735351562,50
post_phase12_module1_M1-B,M1-B,R067,Pakistani dramas ki stories pehle se kam strong kyun lagti hain,NAT,,ROMAN,roman_bm25_method_D,26,91985,3.9271624088287354,50
post_phase12_module1_M1-B,M1-B,R067,Pakistani dramas ki stories pehle se kam strong kyun lagti hain,NAT,,ROMAN,roman_bm25_method_D,27,79571,3.926807403564453,50
post_phase12_module1_M1-B,M1-B,R067,Pakistani dramas ki stories pehle se kam strong kyun lagti hain,NAT,,ROMAN,roman_bm25_method_D,28,100259,3.920807123184204,50
post_phase12_module1_M1-B,M1-B,R067,Pakistani dramas ki stories pehle se kam strong kyun lagti hain,NAT,,ROMAN,roman_bm25_method_D,29,59342,3.919732093811035,50
post_phase12_module1_M1-B,M1-B,R067,Pakistani dramas ki stories pehle se kam strong kyun lagti hain,NAT,,ROMAN,roman_bm25_method_D,30,109027,3.91562819480896,50
post_phase12_module1_M1-B,M1-B,R067,Pakistani dramas ki stories pehle se kam strong kyun lagti hain,NAT,,ROMAN,roman_bm25_method_D,31,19848,3.904967784881592,50
post_phase12_module1_M1-B,M1-B,R067,Pakistani dramas ki stories pehle se kam strong kyun lagti hain,NAT,,ROMAN,roman_bm25_method_D,32,78484,3.899655342102051,50
post_phase12_module1_M1-B,M1-B,R067,Pakistani dramas ki stories pehle se kam strong kyun lagti hain,NAT,,ROMAN,roman_bm25_method_D,33,63943,3.896362781524658,50
post_phase12_module1_M1-B,M1-B,R067,Pakistani dramas ki stories pehle se kam strong kyun lagti hain,NAT,,ROMAN,roman_bm25_method_D,34,15704,3.895791530609131,50
post_phase12_module1_M1-B,M1-B,R067,Pakistani dramas ki stories pehle se kam strong kyun lagti hain,NAT,,ROMAN,roman_bm25_method_D,35,73334,3.894833564758301,50
post_phase12_module1_M1-B,M1-B,R067,Pakistani dramas ki stories pehle se kam strong kyun lagti hain,NAT,,ROMAN,roman_bm25_method_D,36,8550,3.890868663787842,50
post_phase12_module1_M1-B,M1-B,R067,Pakistani dramas ki stories pehle se kam strong kyun lagti hain,NAT,,ROMAN,roman_bm25_method_D,37,11461,3.8895652294158936,50
post_phase12_module1_M1-B,M1-B,R067,Pakistani dramas ki stories pehle se kam strong kyun lagti hain,NAT,,ROMAN,roman_bm25_method_D,38,62770,3.888641595840454,50
post_phase12_module1_M1-B,M1-B,R067,Pakistani dramas ki stories pehle se kam strong kyun lagti hain,NAT,,ROMAN,roman_bm25_method_D,39,18230,3.8835387229919434,50
post_phase12_module1_M1-B,M1-B,R067,Pakistani dramas ki stories pehle se kam strong kyun lagti hain,NAT,,ROMAN,roman_bm25_method_D,40,13778,3.8823773860931396,50
post_phase12_module1_M1-B,M1-B,R067,Pakistani dramas ki stories pehle se kam strong kyun lagti hain,NAT,,ROMAN,roman_bm25_method_D,41,66950,3.879117488861084,50
post_phase12_module1_M1-B,M1-B,R067,Pakistani dramas ki stories pehle se kam strong kyun lagti hain,NAT,,ROMAN,roman_bm25_method_D,42,82905,3.8771417140960693,50
post_phase12_module1_M1-B,M1-B,R067,Pakistani dramas ki stories pehle se kam strong kyun lagti hain,NAT,,ROMAN,roman_bm25_method_D,43,9316,3.8761048316955566,50
post_phase12_module1_M1-B,M1-B,R067,Pakistani dramas ki stories pehle se kam strong kyun lagti hain,NAT,,ROMAN,roman_bm25_method_D,44,12825,3.8750460147857666,50
post_phase12_module1_M1-B,M1-B,R067,Pakistani dramas ki stories pehle se kam strong kyun lagti hain,NAT,,ROMAN,roman_bm25_method_D,45,67614,3.8736677169799805,50
post_phase12_module1_M1-B,M1-B,R067,Pakistani dramas ki stories pehle se kam strong kyun lagti hain,NAT,,ROMAN,roman_bm25_method_D,46,19336,3.8729653358459473,50
post_phase12_module1_M1-B,M1-B,R067,Pakistani dramas ki stories pehle se kam strong kyun lagti hain,NAT,,ROMAN,roman_bm25_method_D,47,11084,3.87119197845459,50
post_phase12_module1_M1-B,M1-B,R067,Pakistani dramas ki stories pehle se kam strong kyun lagti hain,NAT,,ROMAN,roman_bm25_method_D,48,86273,3.869192600250244,50
post_phase12_module1_M1-B,M1-B,R067,Pakistani dramas ki stories pehle se kam strong kyun lagti hain,NAT,,ROMAN,roman_bm25_method_D,49,100471,3.868380069732666,50
post_phase12_module1_M1-B,M1-B,R067,Pakistani dramas ki stories pehle se kam strong kyun lagti hain,NAT,,ROMAN,roman_bm25_method_D,50,8849,3.868065118789673,50
post_phase12_module1_M1-B,M1-B,R068,iphone 16 Pakistan price,NAT,,ROMAN,roman_bm25_method_D,1,63614,12.011040687561035,50
post_phase12_module1_M1-B,M1-B,R068,iphone 16 Pakistan price,NAT,,ROMAN,roman_bm25_method_D,2,65609,11.999550819396973,50
post_phase12_module1_M1-B,M1-B,R068,iphone 16 Pakistan price,NAT,,ROMAN,roman_bm25_method_D,3,61386,11.498274803161621,50
post_phase12_module1_M1-B,M1-B,R068,iphone 16 Pakistan price,NAT,,ROMAN,roman_bm25_method_D,4,64642,11.360108375549316,50
post_phase12_module1_M1-B,M1-B,R068,iphone 16 Pakistan price,NAT,,ROMAN,roman_bm25_method_D,5,63196,11.349552154541016,50
post_phase12_module1_M1-B,M1-B,R068,iphone 16 Pakistan price,NAT,,ROMAN,roman_bm25_method_D,6,63707,11.203907012939453,50
post_phase12_module1_M1-B,M1-B,R068,iphone 16 Pakistan price,NAT,,ROMAN,roman_bm25_method_D,7,63243,11.155790328979492,50
post_phase12_module1_M1-B,M1-B,R068,iphone 16 Pakistan price,NAT,,ROMAN,roman_bm25_method_D,8,72034,11.104560852050781,50
post_phase12_module1_M1-B,M1-B,R068,iphone 16 Pakistan price,NAT,,ROMAN,roman_bm25_method_D,9,78278,11.01779842376709,50
post_phase12_module1_M1-B,M1-B,R068,iphone 16 Pakistan price,NAT,,ROMAN,roman_bm25_method_D,10,72478,11.008684158325195,50
post_phase12_module1_M1-B,M1-B,R068,iphone 16 Pakistan price,NAT,,ROMAN,roman_bm25_method_D,11,61622,10.968866348266602,50
post_phase12_module1_M1-B,M1-B,R068,iphone 16 Pakistan price,NAT,,ROMAN,roman_bm25_method_D,12,70217,10.856831550598145,50
post_phase12_module1_M1-B,M1-B,R068,iphone 16 Pakistan price,NAT,,ROMAN,roman_bm25_method_D,13,77946,10.853302001953125,50
post_phase12_module1_M1-B,M1-B,R068,iphone 16 Pakistan price,NAT,,ROMAN,roman_bm25_method_D,14,64539,10.846969604492188,50
post_phase12_module1_M1-B,M1-B,R068,iphone 16 Pakistan price,NAT,,ROMAN,roman_bm25_method_D,15,22542,10.836283683776855,50
post_phase12_module1_M1-B,M1-B,R068,iphone 16 Pakistan price,NAT,,ROMAN,roman_bm25_method_D,16,38941,10.799673080444336,50
post_phase12_module1_M1-B,M1-B,R068,iphone 16 Pakistan price,NAT,,ROMAN,roman_bm25_method_D,17,70110,10.709514617919922,50
post_phase12_module1_M1-B,M1-B,R068,iphone 16 Pakistan price,NAT,,ROMAN,roman_bm25_method_D,18,70684,10.62291431427002,50
post_phase12_module1_M1-B,M1-B,R068,iphone 16 Pakistan price,NAT,,ROMAN,roman_bm25_method_D,19,76478,10.576333999633789,50
post_phase12_module1_M1-B,M1-B,R068,iphone 16 Pakistan price,NAT,,ROMAN,roman_bm25_method_D,20,78510,10.506914138793945,50
post_phase12_module1_M1-B,M1-B,R068,iphone 16 Pakistan price,NAT,,ROMAN,roman_bm25_method_D,21,65144,10.428970336914062,50
post_phase12_module1_M1-B,M1-B,R068,iphone 16 Pakistan price,NAT,,ROMAN,roman_bm25_method_D,22,65879,10.421483993530273,50
post_phase12_module1_M1-B,M1-B,R068,iphone 16 Pakistan price,NAT,,ROMAN,roman_bm25_method_D,23,63186,10.373401641845703,50
post_phase12_module1_M1-B,M1-B,R068,iphone 16 Pakistan price,NAT,,ROMAN,roman_bm25_method_D,24,77994,10.333041191101074,50
post_phase12_module1_M1-B,M1-B,R068,iphone 16 Pakistan price,NAT,,ROMAN,roman_bm25_method_D,25,38708,10.33199405670166,50
post_phase12_module1_M1-B,M1-B,R068,iphone 16 Pakistan price,NAT,,ROMAN,roman_bm25_method_D,26,63182,10.271814346313477,50
post_phase12_module1_M1-B,M1-B,R068,iphone 16 Pakistan price,NAT,,ROMAN,roman_bm25_method_D,27,23994,10.244304656982422,50
post_phase12_module1_M1-B,M1-B,R068,iphone 16 Pakistan price,NAT,,ROMAN,roman_bm25_method_D,28,70120,10.228105545043945,50
post_phase12_module1_M1-B,M1-B,R068,iphone 16 Pakistan price,NAT,,ROMAN,roman_bm25_method_D,29,73142,10.220020294189453,50
post_phase12_module1_M1-B,M1-B,R068,iphone 16 Pakistan price,NAT,,ROMAN,roman_bm25_method_D,30,78243,10.211983680725098,50
post_phase12_module1_M1-B,M1-B,R068,iphone 16 Pakistan price,NAT,,ROMAN,roman_bm25_method_D,31,64420,10.19799518585205,50
post_phase12_module1_M1-B,M1-B,R068,iphone 16 Pakistan price,NAT,,ROMAN,roman_bm25_method_D,32,78358,10.166787147521973,50
post_phase12_module1_M1-B,M1-B,R068,iphone 16 Pakistan price,NAT,,ROMAN,roman_bm25_method_D,33,2296,10.135065078735352,50
post_phase12_module1_M1-B,M1-B,R068,iphone 16 Pakistan price,NAT,,ROMAN,roman_bm25_method_D,34,63169,10.129356384277344,50
post_phase12_module1_M1-B,M1-B,R068,iphone 16 Pakistan price,NAT,,ROMAN,roman_bm25_method_D,35,38728,10.113945007324219,50
post_phase12_module1_M1-B,M1-B,R068,iphone 16 Pakistan price,NAT,,ROMAN,roman_bm25_method_D,36,73067,10.104381561279297,50
post_phase12_module1_M1-B,M1-B,R068,iphone 16 Pakistan price,NAT,,ROMAN,roman_bm25_method_D,37,73116,10.07911491394043,50
post_phase12_module1_M1-B,M1-B,R068,iphone 16 Pakistan price,NAT,,ROMAN,roman_bm25_method_D,38,70044,10.061861991882324,50
post_phase12_module1_M1-B,M1-B,R068,iphone 16 Pakistan price,NAT,,ROMAN,roman_bm25_method_D,39,39807,10.057558059692383,50
post_phase12_module1_M1-B,M1-B,R068,iphone 16 Pakistan price,NAT,,ROMAN,roman_bm25_method_D,40,73145,10.054226875305176,50
post_phase12_module1_M1-B,M1-B,R068,iphone 16 Pakistan price,NAT,,ROMAN,roman_bm25_method_D,41,39836,10.0303316116333,50
post_phase12_module1_M1-B,M1-B,R068,iphone 16 Pakistan price,NAT,,ROMAN,roman_bm25_method_D,42,22584,9.988188743591309,50
post_phase12_module1_M1-B,M1-B,R068,iphone 16 Pakistan price,NAT,,ROMAN,roman_bm25_method_D,43,63377,9.983163833618164,50
post_phase12_module1_M1-B,M1-B,R068,iphone 16 Pakistan price,NAT,,ROMAN,roman_bm25_method_D,44,63295,9.98128604888916,50
post_phase12_module1_M1-B,M1-B,R068,iphone 16 Pakistan price,NAT,,ROMAN,roman_bm25_method_D,45,78914,9.977065086364746,50
post_phase12_module1_M1-B,M1-B,R068,iphone 16 Pakistan price,NAT,,ROMAN,roman_bm25_method_D,46,77993,9.941261291503906,50
post_phase12_module1_M1-B,M1-B,R068,iphone 16 Pakistan price,NAT,,ROMAN,roman_bm25_method_D,47,72274,9.925467491149902,50
post_phase12_module1_M1-B,M1-B,R068,iphone 16 Pakistan price,NAT,,ROMAN,roman_bm25_method_D,48,70088,9.917407989501953,50
post_phase12_module1_M1-B,M1-B,R068,iphone 16 Pakistan price,NAT,,ROMAN,roman_bm25_method_D,49,22882,9.902693748474121,50
post_phase12_module1_M1-B,M1-B,R068,iphone 16 Pakistan price,NAT,,ROMAN,roman_bm25_method_D,50,73954,9.902252197265625,50
post_phase12_module1_M1-B,M1-B,R069,cristiano ronaldo al nassr news,NAT,,ROMAN,roman_bm25_method_D,1,44476,16.642454147338867,50
post_phase12_module1_M1-B,M1-B,R069,cristiano ronaldo al nassr news,NAT,,ROMAN,roman_bm25_method_D,2,49708,15.275167465209961,50
post_phase12_module1_M1-B,M1-B,R069,cristiano ronaldo al nassr news,NAT,,ROMAN,roman_bm25_method_D,3,29966,14.58481502532959,50
post_phase12_module1_M1-B,M1-B,R069,cristiano ronaldo al nassr news,NAT,,ROMAN,roman_bm25_method_D,4,27368,14.048150062561035,50
post_phase12_module1_M1-B,M1-B,R069,cristiano ronaldo al nassr news,NAT,,ROMAN,roman_bm25_method_D,5,8143,14.021620750427246,50
post_phase12_module1_M1-B,M1-B,R069,cristiano ronaldo al nassr news,NAT,,ROMAN,roman_bm25_method_D,6,8169,13.74483871459961,50
post_phase12_module1_M1-B,M1-B,R069,cristiano ronaldo al nassr news,NAT,,ROMAN,roman_bm25_method_D,7,26626,13.703727722167969,50
post_phase12_module1_M1-B,M1-B,R069,cristiano ronaldo al nassr news,NAT,,ROMAN,roman_bm25_method_D,8,81340,13.604131698608398,50
post_phase12_module1_M1-B,M1-B,R069,cristiano ronaldo al nassr news,NAT,,ROMAN,roman_bm25_method_D,9,37736,13.537769317626953,50
post_phase12_module1_M1-B,M1-B,R069,cristiano ronaldo al nassr news,NAT,,ROMAN,roman_bm25_method_D,10,81297,13.266221046447754,50
post_phase12_module1_M1-B,M1-B,R069,cristiano ronaldo al nassr news,NAT,,ROMAN,roman_bm25_method_D,11,26632,13.129796981811523,50
post_phase12_module1_M1-B,M1-B,R069,cristiano ronaldo al nassr news,NAT,,ROMAN,roman_bm25_method_D,12,26965,12.831604957580566,50
post_phase12_module1_M1-B,M1-B,R069,cristiano ronaldo al nassr news,NAT,,ROMAN,roman_bm25_method_D,13,54965,12.735404968261719,50
post_phase12_module1_M1-B,M1-B,R069,cristiano ronaldo al nassr news,NAT,,ROMAN,roman_bm25_method_D,14,82178,12.506978034973145,50
post_phase12_module1_M1-B,M1-B,R069,cristiano ronaldo al nassr news,NAT,,ROMAN,roman_bm25_method_D,15,24837,12.466719627380371,50
post_phase12_module1_M1-B,M1-B,R069,cristiano ronaldo al nassr news,NAT,,ROMAN,roman_bm25_method_D,16,25233,12.373725891113281,50
post_phase12_module1_M1-B,M1-B,R069,cristiano ronaldo al nassr news,NAT,,ROMAN,roman_bm25_method_D,17,81321,12.149911880493164,50
post_phase12_module1_M1-B,M1-B,R069,cristiano ronaldo al nassr news,NAT,,ROMAN,roman_bm25_method_D,18,41623,11.952269554138184,50
post_phase12_module1_M1-B,M1-B,R069,cristiano ronaldo al nassr news,NAT,,ROMAN,roman_bm25_method_D,19,56916,11.911494255065918,50
post_phase12_module1_M1-B,M1-B,R069,cristiano ronaldo al nassr news,NAT,,ROMAN,roman_bm25_method_D,20,43389,11.84447956085205,50
post_phase12_module1_M1-B,M1-B,R069,cristiano ronaldo al nassr news,NAT,,ROMAN,roman_bm25_method_D,21,42067,11.818836212158203,50
post_phase12_module1_M1-B,M1-B,R069,cristiano ronaldo al nassr news,NAT,,ROMAN,roman_bm25_method_D,22,83806,11.791522026062012,50
post_phase12_module1_M1-B,M1-B,R069,cristiano ronaldo al nassr news,NAT,,ROMAN,roman_bm25_method_D,23,51121,11.724630355834961,50
post_phase12_module1_M1-B,M1-B,R069,cristiano ronaldo al nassr news,NAT,,ROMAN,roman_bm25_method_D,24,88263,11.700854301452637,50
post_phase12_module1_M1-B,M1-B,R069,cristiano ronaldo al nassr news,NAT,,ROMAN,roman_bm25_method_D,25,54504,11.700854301452637,50
post_phase12_module1_M1-B,M1-B,R069,cristiano ronaldo al nassr news,NAT,,ROMAN,roman_bm25_method_D,26,86039,11.690783500671387,50
post_phase12_module1_M1-B,M1-B,R069,cristiano ronaldo al nassr news,NAT,,ROMAN,roman_bm25_method_D,27,44378,11.655644416809082,50
post_phase12_module1_M1-B,M1-B,R069,cristiano ronaldo al nassr news,NAT,,ROMAN,roman_bm25_method_D,28,86195,11.609457969665527,50
post_phase12_module1_M1-B,M1-B,R069,cristiano ronaldo al nassr news,NAT,,ROMAN,roman_bm25_method_D,29,47245,11.60114860534668,50
post_phase12_module1_M1-B,M1-B,R069,cristiano ronaldo al nassr news,NAT,,ROMAN,roman_bm25_method_D,30,31417,11.580948829650879,50
post_phase12_module1_M1-B,M1-B,R069,cristiano ronaldo al nassr news,NAT,,ROMAN,roman_bm25_method_D,31,47762,11.553881645202637,50
post_phase12_module1_M1-B,M1-B,R069,cristiano ronaldo al nassr news,NAT,,ROMAN,roman_bm25_method_D,32,54475,11.548669815063477,50
post_phase12_module1_M1-B,M1-B,R069,cristiano ronaldo al nassr news,NAT,,ROMAN,roman_bm25_method_D,33,103393,11.544390678405762,50
post_phase12_module1_M1-B,M1-B,R069,cristiano ronaldo al nassr news,NAT,,ROMAN,roman_bm25_method_D,34,87320,11.524950981140137,50
post_phase12_module1_M1-B,M1-B,R069,cristiano ronaldo al nassr news,NAT,,ROMAN,roman_bm25_method_D,35,56810,11.480480194091797,50
post_phase12_module1_M1-B,M1-B,R069,cristiano ronaldo al nassr news,NAT,,ROMAN,roman_bm25_method_D,36,33511,11.480294227600098,50
post_phase12_module1_M1-B,M1-B,R069,cristiano ronaldo al nassr news,NAT,,ROMAN,roman_bm25_method_D,37,86324,11.452051162719727,50
post_phase12_module1_M1-B,M1-B,R069,cristiano ronaldo al nassr news,NAT,,ROMAN,roman_bm25_method_D,38,88354,11.410123825073242,50
post_phase12_module1_M1-B,M1-B,R069,cristiano ronaldo al nassr news,NAT,,ROMAN,roman_bm25_method_D,39,82057,11.396441459655762,50
post_phase12_module1_M1-B,M1-B,R069,cristiano ronaldo al nassr news,NAT,,ROMAN,roman_bm25_method_D,40,54489,11.390321731567383,50
post_phase12_module1_M1-B,M1-B,R069,cristiano ronaldo al nassr news,NAT,,ROMAN,roman_bm25_method_D,41,43090,11.381738662719727,50
post_phase12_module1_M1-B,M1-B,R069,cristiano ronaldo al nassr news,NAT,,ROMAN,roman_bm25_method_D,42,85754,11.369376182556152,50
post_phase12_module1_M1-B,M1-B,R069,cristiano ronaldo al nassr news,NAT,,ROMAN,roman_bm25_method_D,43,32475,11.280681610107422,50
post_phase12_module1_M1-B,M1-B,R069,cristiano ronaldo al nassr news,NAT,,ROMAN,roman_bm25_method_D,44,30461,11.271900177001953,50
post_phase12_module1_M1-B,M1-B,R069,cristiano ronaldo al nassr news,NAT,,ROMAN,roman_bm25_method_D,45,29576,11.26537036895752,50
post_phase12_module1_M1-B,M1-B,R069,cristiano ronaldo al nassr news,NAT,,ROMAN,roman_bm25_method_D,46,86928,11.262687683105469,50
post_phase12_module1_M1-B,M1-B,R069,cristiano ronaldo al nassr news,NAT,,ROMAN,roman_bm25_method_D,47,42310,11.261455535888672,50
post_phase12_module1_M1-B,M1-B,R069,cristiano ronaldo al nassr news,NAT,,ROMAN,roman_bm25_method_D,48,30783,11.235368728637695,50
post_phase12_module1_M1-B,M1-B,R069,cristiano ronaldo al nassr news,NAT,,ROMAN,roman_bm25_method_D,49,57432,11.220794677734375,50
post_phase12_module1_M1-B,M1-B,R069,cristiano ronaldo al nassr news,NAT,,ROMAN,roman_bm25_method_D,50,43661,11.215644836425781,50
post_phase12_module1_M1-B,M1-B,R070,کراچی stock exchange aaj close par kitne points par band hua,NAT,,MIXED,urdu_bm25,1,57899,4.645773887634277,50
post_phase12_module1_M1-B,M1-B,R070,کراچی stock exchange aaj close par kitne points par band hua,NAT,,MIXED,urdu_bm25,2,111021,4.578675746917725,50
post_phase12_module1_M1-B,M1-B,R070,کراچی stock exchange aaj close par kitne points par band hua,NAT,,MIXED,urdu_bm25,3,62963,4.5757246017456055,50
post_phase12_module1_M1-B,M1-B,R070,کراچی stock exchange aaj close par kitne points par band hua,NAT,,MIXED,urdu_bm25,4,65584,4.566045761108398,50
post_phase12_module1_M1-B,M1-B,R070,کراچی stock exchange aaj close par kitne points par band hua,NAT,,MIXED,urdu_bm25,5,86673,4.544774532318115,50
post_phase12_module1_M1-B,M1-B,R070,کراچی stock exchange aaj close par kitne points par band hua,NAT,,MIXED,urdu_bm25,6,88959,4.542078018188477,50
post_phase12_module1_M1-B,M1-B,R070,کراچی stock exchange aaj close par kitne points par band hua,NAT,,MIXED,urdu_bm25,7,61585,4.541404724121094,50
post_phase12_module1_M1-B,M1-B,R070,کراچی stock exchange aaj close par kitne points par band hua,NAT,,MIXED,urdu_bm25,8,76727,4.538113594055176,50
post_phase12_module1_M1-B,M1-B,R070,کراچی stock exchange aaj close par kitne points par band hua,NAT,,MIXED,urdu_bm25,9,42875,4.517287254333496,50
post_phase12_module1_M1-B,M1-B,R070,کراچی stock exchange aaj close par kitne points par band hua,NAT,,MIXED,urdu_bm25,10,41749,4.515644073486328,50
post_phase12_module1_M1-B,M1-B,R070,کراچی stock exchange aaj close par kitne points par band hua,NAT,,MIXED,urdu_bm25,11,87797,4.512706279754639,50
post_phase12_module1_M1-B,M1-B,R070,کراچی stock exchange aaj close par kitne points par band hua,NAT,,MIXED,urdu_bm25,12,47208,4.510707378387451,50
post_phase12_module1_M1-B,M1-B,R070,کراچی stock exchange aaj close par kitne points par band hua,NAT,,MIXED,urdu_bm25,13,87791,4.505715847015381,50
post_phase12_module1_M1-B,M1-B,R070,کراچی stock exchange aaj close par kitne points par band hua,NAT,,MIXED,urdu_bm25,14,77565,4.502509593963623,50
post_phase12_module1_M1-B,M1-B,R070,کراچی stock exchange aaj close par kitne points par band hua,NAT,,MIXED,urdu_bm25,15,95009,4.501319408416748,50
post_phase12_module1_M1-B,M1-B,R070,کراچی stock exchange aaj close par kitne points par band hua,NAT,,MIXED,urdu_bm25,16,80524,4.50091028213501,50
post_phase12_module1_M1-B,M1-B,R070,کراچی stock exchange aaj close par kitne points par band hua,NAT,,MIXED,urdu_bm25,17,45667,4.499807357788086,50
post_phase12_module1_M1-B,M1-B,R070,کراچی stock exchange aaj close par kitne points par band hua,NAT,,MIXED,urdu_bm25,18,41760,4.4976487159729,50
post_phase12_module1_M1-B,M1-B,R070,کراچی stock exchange aaj close par kitne points par band hua,NAT,,MIXED,urdu_bm25,19,86193,4.495884418487549,50
post_phase12_module1_M1-B,M1-B,R070,کراچی stock exchange aaj close par kitne points par band hua,NAT,,MIXED,urdu_bm25,20,77137,4.4920125007629395,50
post_phase12_module1_M1-B,M1-B,R070,کراچی stock exchange aaj close par kitne points par band hua,NAT,,MIXED,urdu_bm25,21,42264,4.468912124633789,50
post_phase12_module1_M1-B,M1-B,R070,کراچی stock exchange aaj close par kitne points par band hua,NAT,,MIXED,urdu_bm25,22,62221,4.464320659637451,50
post_phase12_module1_M1-B,M1-B,R070,کراچی stock exchange aaj close par kitne points par band hua,NAT,,MIXED,urdu_bm25,23,42907,4.463555335998535,50
post_phase12_module1_M1-B,M1-B,R070,کراچی stock exchange aaj close par kitne points par band hua,NAT,,MIXED,urdu_bm25,24,58722,4.460770606994629,50
post_phase12_module1_M1-B,M1-B,R070,کراچی stock exchange aaj close par kitne points par band hua,NAT,,MIXED,urdu_bm25,25,77922,4.453993320465088,50
post_phase12_module1_M1-B,M1-B,R070,کراچی stock exchange aaj close par kitne points par band hua,NAT,,MIXED,urdu_bm25,26,62469,4.451404094696045,50
post_phase12_module1_M1-B,M1-B,R070,کراچی stock exchange aaj close par kitne points par band hua,NAT,,MIXED,urdu_bm25,27,95760,4.450603008270264,50
post_phase12_module1_M1-B,M1-B,R070,کراچی stock exchange aaj close par kitne points par band hua,NAT,,MIXED,urdu_bm25,28,75320,4.448673248291016,50
post_phase12_module1_M1-B,M1-B,R070,کراچی stock exchange aaj close par kitne points par band hua,NAT,,MIXED,urdu_bm25,29,28181,4.444512844085693,50
post_phase12_module1_M1-B,M1-B,R070,کراچی stock exchange aaj close par kitne points par band hua,NAT,,MIXED,urdu_bm25,30,57113,4.444082260131836,50
post_phase12_module1_M1-B,M1-B,R070,کراچی stock exchange aaj close par kitne points par band hua,NAT,,MIXED,urdu_bm25,31,40927,4.436968803405762,50
post_phase12_module1_M1-B,M1-B,R070,کراچی stock exchange aaj close par kitne points par band hua,NAT,,MIXED,urdu_bm25,32,53692,4.434704780578613,50
post_phase12_module1_M1-B,M1-B,R070,کراچی stock exchange aaj close par kitne points par band hua,NAT,,MIXED,urdu_bm25,33,53783,4.43416166305542,50
post_phase12_module1_M1-B,M1-B,R070,کراچی stock exchange aaj close par kitne points par band hua,NAT,,MIXED,urdu_bm25,34,41756,4.432183265686035,50
post_phase12_module1_M1-B,M1-B,R070,کراچی stock exchange aaj close par kitne points par band hua,NAT,,MIXED,urdu_bm25,35,97426,4.431820392608643,50
post_phase12_module1_M1-B,M1-B,R070,کراچی stock exchange aaj close par kitne points par band hua,NAT,,MIXED,urdu_bm25,36,53743,4.430224418640137,50
post_phase12_module1_M1-B,M1-B,R070,کراچی stock exchange aaj close par kitne points par band hua,NAT,,MIXED,urdu_bm25,37,18314,4.430152893066406,50
post_phase12_module1_M1-B,M1-B,R070,کراچی stock exchange aaj close par kitne points par band hua,NAT,,MIXED,urdu_bm25,38,53722,4.42751932144165,50
post_phase12_module1_M1-B,M1-B,R070,کراچی stock exchange aaj close par kitne points par band hua,NAT,,MIXED,urdu_bm25,39,3707,4.423380374908447,50
post_phase12_module1_M1-B,M1-B,R070,کراچی stock exchange aaj close par kitne points par band hua,NAT,,MIXED,urdu_bm25,40,52348,4.419638156890869,50
post_phase12_module1_M1-B,M1-B,R070,کراچی stock exchange aaj close par kitne points par band hua,NAT,,MIXED,urdu_bm25,41,49081,4.418919563293457,50
post_phase12_module1_M1-B,M1-B,R070,کراچی stock exchange aaj close par kitne points par band hua,NAT,,MIXED,urdu_bm25,42,41755,4.417352676391602,50
post_phase12_module1_M1-B,M1-B,R070,کراچی stock exchange aaj close par kitne points par band hua,NAT,,MIXED,urdu_bm25,43,51801,4.416416168212891,50
post_phase12_module1_M1-B,M1-B,R070,کراچی stock exchange aaj close par kitne points par band hua,NAT,,MIXED,urdu_bm25,44,111638,4.412491798400879,50
post_phase12_module1_M1-B,M1-B,R070,کراچی stock exchange aaj close par kitne points par band hua,NAT,,MIXED,urdu_bm25,45,52349,4.411785125732422,50
post_phase12_module1_M1-B,M1-B,R070,کراچی stock exchange aaj close par kitne points par band hua,NAT,,MIXED,urdu_bm25,46,26722,4.39614725112915,50
post_phase12_module1_M1-B,M1-B,R070,کراچی stock exchange aaj close par kitne points par band hua,NAT,,MIXED,urdu_bm25,47,85617,4.395368576049805,50
post_phase12_module1_M1-B,M1-B,R070,کراچی stock exchange aaj close par kitne points par band hua,NAT,,MIXED,urdu_bm25,48,88986,4.394608020782471,50
post_phase12_module1_M1-B,M1-B,R070,کراچی stock exchange aaj close par kitne points par band hua,NAT,,MIXED,urdu_bm25,49,43988,4.392490863800049,50
post_phase12_module1_M1-B,M1-B,R070,کراچی stock exchange aaj close par kitne points par band hua,NAT,,MIXED,urdu_bm25,50,45167,4.385469913482666,50
post_phase12_module1_M1-B,M1-B,R071,Lahore mein smog season mein schools band kyun hoti hain aur hukumat kya kar rahi hai,NAT,,ROMAN,roman_bm25_method_D,1,16051,21.50605583190918,50
post_phase12_module1_M1-B,M1-B,R071,Lahore mein smog season mein schools band kyun hoti hain aur hukumat kya kar rahi hai,NAT,,ROMAN,roman_bm25_method_D,2,66314,19.796127319335938,50
post_phase12_module1_M1-B,M1-B,R071,Lahore mein smog season mein schools band kyun hoti hain aur hukumat kya kar rahi hai,NAT,,ROMAN,roman_bm25_method_D,3,48092,19.76738166809082,50
post_phase12_module1_M1-B,M1-B,R071,Lahore mein smog season mein schools band kyun hoti hain aur hukumat kya kar rahi hai,NAT,,ROMAN,roman_bm25_method_D,4,5544,19.49307632446289,50
post_phase12_module1_M1-B,M1-B,R071,Lahore mein smog season mein schools band kyun hoti hain aur hukumat kya kar rahi hai,NAT,,ROMAN,roman_bm25_method_D,5,48389,19.17889976501465,50
post_phase12_module1_M1-B,M1-B,R071,Lahore mein smog season mein schools band kyun hoti hain aur hukumat kya kar rahi hai,NAT,,ROMAN,roman_bm25_method_D,6,49456,18.55709457397461,50
post_phase12_module1_M1-B,M1-B,R071,Lahore mein smog season mein schools band kyun hoti hain aur hukumat kya kar rahi hai,NAT,,ROMAN,roman_bm25_method_D,7,98166,18.518823623657227,50
post_phase12_module1_M1-B,M1-B,R071,Lahore mein smog season mein schools band kyun hoti hain aur hukumat kya kar rahi hai,NAT,,ROMAN,roman_bm25_method_D,8,50165,18.410959243774414,50
post_phase12_module1_M1-B,M1-B,R071,Lahore mein smog season mein schools band kyun hoti hain aur hukumat kya kar rahi hai,NAT,,ROMAN,roman_bm25_method_D,9,68720,18.295066833496094,50
post_phase12_module1_M1-B,M1-B,R071,Lahore mein smog season mein schools band kyun hoti hain aur hukumat kya kar rahi hai,NAT,,ROMAN,roman_bm25_method_D,10,102992,18.273569107055664,50
post_phase12_module1_M1-B,M1-B,R071,Lahore mein smog season mein schools band kyun hoti hain aur hukumat kya kar rahi hai,NAT,,ROMAN,roman_bm25_method_D,11,68015,17.84676170349121,50
post_phase12_module1_M1-B,M1-B,R071,Lahore mein smog season mein schools band kyun hoti hain aur hukumat kya kar rahi hai,NAT,,ROMAN,roman_bm25_method_D,12,1410,17.492948532104492,50
post_phase12_module1_M1-B,M1-B,R071,Lahore mein smog season mein schools band kyun hoti hain aur hukumat kya kar rahi hai,NAT,,ROMAN,roman_bm25_method_D,13,104528,17.275535583496094,50
post_phase12_module1_M1-B,M1-B,R071,Lahore mein smog season mein schools band kyun hoti hain aur hukumat kya kar rahi hai,NAT,,ROMAN,roman_bm25_method_D,14,48263,17.143455505371094,50
post_phase12_module1_M1-B,M1-B,R071,Lahore mein smog season mein schools band kyun hoti hain aur hukumat kya kar rahi hai,NAT,,ROMAN,roman_bm25_method_D,15,67242,17.14240837097168,50
post_phase12_module1_M1-B,M1-B,R071,Lahore mein smog season mein schools band kyun hoti hain aur hukumat kya kar rahi hai,NAT,,ROMAN,roman_bm25_method_D,16,40053,17.048725128173828,50
post_phase12_module1_M1-B,M1-B,R071,Lahore mein smog season mein schools band kyun hoti hain aur hukumat kya kar rahi hai,NAT,,ROMAN,roman_bm25_method_D,17,50976,17.006179809570312,50
post_phase12_module1_M1-B,M1-B,R071,Lahore mein smog season mein schools band kyun hoti hain aur hukumat kya kar rahi hai,NAT,,ROMAN,roman_bm25_method_D,18,49694,16.88412094116211,50
post_phase12_module1_M1-B,M1-B,R071,Lahore mein smog season mein schools band kyun hoti hain aur hukumat kya kar rahi hai,NAT,,ROMAN,roman_bm25_method_D,19,101309,16.73507308959961,50
post_phase12_module1_M1-B,M1-B,R071,Lahore mein smog season mein schools band kyun hoti hain aur hukumat kya kar rahi hai,NAT,,ROMAN,roman_bm25_method_D,20,63203,16.722211837768555,50
post_phase12_module1_M1-B,M1-B,R071,Lahore mein smog season mein schools band kyun hoti hain aur hukumat kya kar rahi hai,NAT,,ROMAN,roman_bm25_method_D,21,69099,16.68980598449707,50
post_phase12_module1_M1-B,M1-B,R071,Lahore mein smog season mein schools band kyun hoti hain aur hukumat kya kar rahi hai,NAT,,ROMAN,roman_bm25_method_D,22,106955,16.64561653137207,50
post_phase12_module1_M1-B,M1-B,R071,Lahore mein smog season mein schools band kyun hoti hain aur hukumat kya kar rahi hai,NAT,,ROMAN,roman_bm25_method_D,23,50470,16.63616943359375,50
post_phase12_module1_M1-B,M1-B,R071,Lahore mein smog season mein schools band kyun hoti hain aur hukumat kya kar rahi hai,NAT,,ROMAN,roman_bm25_method_D,24,44513,16.55254364013672,50
post_phase12_module1_M1-B,M1-B,R071,Lahore mein smog season mein schools band kyun hoti hain aur hukumat kya kar rahi hai,NAT,,ROMAN,roman_bm25_method_D,25,66936,16.34020233154297,50
post_phase12_module1_M1-B,M1-B,R071,Lahore mein smog season mein schools band kyun hoti hain aur hukumat kya kar rahi hai,NAT,,ROMAN,roman_bm25_method_D,26,104758,16.18575668334961,50
post_phase12_module1_M1-B,M1-B,R071,Lahore mein smog season mein schools band kyun hoti hain aur hukumat kya kar rahi hai,NAT,,ROMAN,roman_bm25_method_D,27,106775,16.174667358398438,50
post_phase12_module1_M1-B,M1-B,R071,Lahore mein smog season mein schools band kyun hoti hain aur hukumat kya kar rahi hai,NAT,,ROMAN,roman_bm25_method_D,28,106804,16.16455841064453,50
post_phase12_module1_M1-B,M1-B,R071,Lahore mein smog season mein schools band kyun hoti hain aur hukumat kya kar rahi hai,NAT,,ROMAN,roman_bm25_method_D,29,12302,15.991467475891113,50
post_phase12_module1_M1-B,M1-B,R071,Lahore mein smog season mein schools band kyun hoti hain aur hukumat kya kar rahi hai,NAT,,ROMAN,roman_bm25_method_D,30,102605,15.987507820129395,50
post_phase12_module1_M1-B,M1-B,R071,Lahore mein smog season mein schools band kyun hoti hain aur hukumat kya kar rahi hai,NAT,,ROMAN,roman_bm25_method_D,31,103738,15.986315727233887,50
post_phase12_module1_M1-B,M1-B,R071,Lahore mein smog season mein schools band kyun hoti hain aur hukumat kya kar rahi hai,NAT,,ROMAN,roman_bm25_method_D,32,41326,15.830198287963867,50
post_phase12_module1_M1-B,M1-B,R071,Lahore mein smog season mein schools band kyun hoti hain aur hukumat kya kar rahi hai,NAT,,ROMAN,roman_bm25_method_D,33,108178,15.747563362121582,50
post_phase12_module1_M1-B,M1-B,R071,Lahore mein smog season mein schools band kyun hoti hain aur hukumat kya kar rahi hai,NAT,,ROMAN,roman_bm25_method_D,34,3305,15.643413543701172,50
post_phase12_module1_M1-B,M1-B,R071,Lahore mein smog season mein schools band kyun hoti hain aur hukumat kya kar rahi hai,NAT,,ROMAN,roman_bm25_method_D,35,15572,15.609701156616211,50
post_phase12_module1_M1-B,M1-B,R071,Lahore mein smog season mein schools band kyun hoti hain aur hukumat kya kar rahi hai,NAT,,ROMAN,roman_bm25_method_D,36,15513,15.587772369384766,50
post_phase12_module1_M1-B,M1-B,R071,Lahore mein smog season mein schools band kyun hoti hain aur hukumat kya kar rahi hai,NAT,,ROMAN,roman_bm25_method_D,37,6233,15.584452629089355,50
post_phase12_module1_M1-B,M1-B,R071,Lahore mein smog season mein schools band kyun hoti hain aur hukumat kya kar rahi hai,NAT,,ROMAN,roman_bm25_method_D,38,44488,15.48905086517334,50
post_phase12_module1_M1-B,M1-B,R071,Lahore mein smog season mein schools band kyun hoti hain aur hukumat kya kar rahi hai,NAT,,ROMAN,roman_bm25_method_D,39,6488,15.279009819030762,50
post_phase12_module1_M1-B,M1-B,R071,Lahore mein smog season mein schools band kyun hoti hain aur hukumat kya kar rahi hai,NAT,,ROMAN,roman_bm25_method_D,40,6842,15.182112693786621,50
post_phase12_module1_M1-B,M1-B,R071,Lahore mein smog season mein schools band kyun hoti hain aur hukumat kya kar rahi hai,NAT,,ROMAN,roman_bm25_method_D,41,44552,15.17983341217041,50
post_phase12_module1_M1-B,M1-B,R071,Lahore mein smog season mein schools band kyun hoti hain aur hukumat kya kar rahi hai,NAT,,ROMAN,roman_bm25_method_D,42,5655,15.057234764099121,50
post_phase12_module1_M1-B,M1-B,R071,Lahore mein smog season mein schools band kyun hoti hain aur hukumat kya kar rahi hai,NAT,,ROMAN,roman_bm25_method_D,43,62641,15.02818775177002,50
post_phase12_module1_M1-B,M1-B,R071,Lahore mein smog season mein schools band kyun hoti hain aur hukumat kya kar rahi hai,NAT,,ROMAN,roman_bm25_method_D,44,39469,14.966329574584961,50
post_phase12_module1_M1-B,M1-B,R071,Lahore mein smog season mein schools band kyun hoti hain aur hukumat kya kar rahi hai,NAT,,ROMAN,roman_bm25_method_D,45,6416,14.907705307006836,50
post_phase12_module1_M1-B,M1-B,R071,Lahore mein smog season mein schools band kyun hoti hain aur hukumat kya kar rahi hai,NAT,,ROMAN,roman_bm25_method_D,46,66554,14.87397575378418,50
post_phase12_module1_M1-B,M1-B,R071,Lahore mein smog season mein schools band kyun hoti hain aur hukumat kya kar rahi hai,NAT,,ROMAN,roman_bm25_method_D,47,8995,14.830162048339844,50
post_phase12_module1_M1-B,M1-B,R071,Lahore mein smog season mein schools band kyun hoti hain aur hukumat kya kar rahi hai,NAT,,ROMAN,roman_bm25_method_D,48,102563,14.799903869628906,50
post_phase12_module1_M1-B,M1-B,R071,Lahore mein smog season mein schools band kyun hoti hain aur hukumat kya kar rahi hai,NAT,,ROMAN,roman_bm25_method_D,49,8113,14.657750129699707,50
post_phase12_module1_M1-B,M1-B,R071,Lahore mein smog season mein schools band kyun hoti hain aur hukumat kya kar rahi hai,NAT,,ROMAN,roman_bm25_method_D,50,97561,14.562792778015137,50
post_phase12_module1_M1-B,M1-B,R072,ایشیا کپ 2026 schedule Pakistan,NAT,,MIXED,urdu_bm25,1,26590,22.371501922607422,50
post_phase12_module1_M1-B,M1-B,R072,ایشیا کپ 2026 schedule Pakistan,NAT,,MIXED,urdu_bm25,2,84126,21.655916213989258,50
post_phase12_module1_M1-B,M1-B,R072,ایشیا کپ 2026 schedule Pakistan,NAT,,MIXED,urdu_bm25,3,55132,20.548049926757812,50
post_phase12_module1_M1-B,M1-B,R072,ایشیا کپ 2026 schedule Pakistan,NAT,,MIXED,urdu_bm25,4,31206,19.841140747070312,50
post_phase12_module1_M1-B,M1-B,R072,ایشیا کپ 2026 schedule Pakistan,NAT,,MIXED,urdu_bm25,5,27820,17.759273529052734,50
post_phase12_module1_M1-B,M1-B,R072,ایشیا کپ 2026 schedule Pakistan,NAT,,MIXED,urdu_bm25,6,30560,17.019432067871094,50
post_phase12_module1_M1-B,M1-B,R072,ایشیا کپ 2026 schedule Pakistan,NAT,,MIXED,urdu_bm25,7,33113,16.185104370117188,50
post_phase12_module1_M1-B,M1-B,R072,ایشیا کپ 2026 schedule Pakistan,NAT,,MIXED,urdu_bm25,8,90442,14.779539108276367,50
post_phase12_module1_M1-B,M1-B,R072,ایشیا کپ 2026 schedule Pakistan,NAT,,MIXED,urdu_bm25,9,47508,14.30890941619873,50
post_phase12_module1_M1-B,M1-B,R072,ایشیا کپ 2026 schedule Pakistan,NAT,,MIXED,urdu_bm25,10,28999,14.057592391967773,50
post_phase12_module1_M1-B,M1-B,R072,ایشیا کپ 2026 schedule Pakistan,NAT,,MIXED,urdu_bm25,11,54225,13.898176193237305,50
post_phase12_module1_M1-B,M1-B,R072,ایشیا کپ 2026 schedule Pakistan,NAT,,MIXED,urdu_bm25,12,43455,13.478729248046875,50
post_phase12_module1_M1-B,M1-B,R072,ایشیا کپ 2026 schedule Pakistan,NAT,,MIXED,urdu_bm25,13,41550,13.445158958435059,50
post_phase12_module1_M1-B,M1-B,R072,ایشیا کپ 2026 schedule Pakistan,NAT,,MIXED,urdu_bm25,14,89863,13.426068305969238,50
post_phase12_module1_M1-B,M1-B,R072,ایشیا کپ 2026 schedule Pakistan,NAT,,MIXED,urdu_bm25,15,43454,13.392417907714844,50
post_phase12_module1_M1-B,M1-B,R072,ایشیا کپ 2026 schedule Pakistan,NAT,,MIXED,urdu_bm25,16,81439,13.386241912841797,50
post_phase12_module1_M1-B,M1-B,R072,ایشیا کپ 2026 schedule Pakistan,NAT,,MIXED,urdu_bm25,17,80899,13.367912292480469,50
post_phase12_module1_M1-B,M1-B,R072,ایشیا کپ 2026 schedule Pakistan,NAT,,MIXED,urdu_bm25,18,43179,13.366504669189453,50
post_phase12_module1_M1-B,M1-B,R072,ایشیا کپ 2026 schedule Pakistan,NAT,,MIXED,urdu_bm25,19,58404,13.31833267211914,50
post_phase12_module1_M1-B,M1-B,R072,ایشیا کپ 2026 schedule Pakistan,NAT,,MIXED,urdu_bm25,20,58209,13.31341552734375,50
post_phase12_module1_M1-B,M1-B,R072,ایشیا کپ 2026 schedule Pakistan,NAT,,MIXED,urdu_bm25,21,81440,13.298168182373047,50
post_phase12_module1_M1-B,M1-B,R072,ایشیا کپ 2026 schedule Pakistan,NAT,,MIXED,urdu_bm25,22,83397,13.276983261108398,50
post_phase12_module1_M1-B,M1-B,R072,ایشیا کپ 2026 schedule Pakistan,NAT,,MIXED,urdu_bm25,23,81262,13.269966125488281,50
post_phase12_module1_M1-B,M1-B,R072,ایشیا کپ 2026 schedule Pakistan,NAT,,MIXED,urdu_bm25,24,54522,13.264607429504395,50
post_phase12_module1_M1-B,M1-B,R072,ایشیا کپ 2026 schedule Pakistan,NAT,,MIXED,urdu_bm25,25,25286,13.22593879699707,50
post_phase12_module1_M1-B,M1-B,R072,ایشیا کپ 2026 schedule Pakistan,NAT,,MIXED,urdu_bm25,26,81593,13.148050308227539,50
post_phase12_module1_M1-B,M1-B,R072,ایشیا کپ 2026 schedule Pakistan,NAT,,MIXED,urdu_bm25,27,87697,13.121033668518066,50
post_phase12_module1_M1-B,M1-B,R072,ایشیا کپ 2026 schedule Pakistan,NAT,,MIXED,urdu_bm25,28,25002,13.10812759399414,50
post_phase12_module1_M1-B,M1-B,R072,ایشیا کپ 2026 schedule Pakistan,NAT,,MIXED,urdu_bm25,29,58085,13.058859825134277,50
post_phase12_module1_M1-B,M1-B,R072,ایشیا کپ 2026 schedule Pakistan,NAT,,MIXED,urdu_bm25,30,83385,13.013936996459961,50
post_phase12_module1_M1-B,M1-B,R072,ایشیا کپ 2026 schedule Pakistan,NAT,,MIXED,urdu_bm25,31,83747,13.001420974731445,50
post_phase12_module1_M1-B,M1-B,R072,ایشیا کپ 2026 schedule Pakistan,NAT,,MIXED,urdu_bm25,32,92959,12.997421264648438,50
post_phase12_module1_M1-B,M1-B,R072,ایشیا کپ 2026 schedule Pakistan,NAT,,MIXED,urdu_bm25,33,34319,12.993057250976562,50
post_phase12_module1_M1-B,M1-B,R072,ایشیا کپ 2026 schedule Pakistan,NAT,,MIXED,urdu_bm25,34,54836,12.993057250976562,50
post_phase12_module1_M1-B,M1-B,R072,ایشیا کپ 2026 schedule Pakistan,NAT,,MIXED,urdu_bm25,35,84395,12.97476577758789,50
post_phase12_module1_M1-B,M1-B,R072,ایشیا کپ 2026 schedule Pakistan,NAT,,MIXED,urdu_bm25,36,46932,12.91215705871582,50
post_phase12_module1_M1-B,M1-B,R072,ایشیا کپ 2026 schedule Pakistan,NAT,,MIXED,urdu_bm25,37,46390,12.89854621887207,50
post_phase12_module1_M1-B,M1-B,R072,ایشیا کپ 2026 schedule Pakistan,NAT,,MIXED,urdu_bm25,38,92893,12.882673263549805,50
post_phase12_module1_M1-B,M1-B,R072,ایشیا کپ 2026 schedule Pakistan,NAT,,MIXED,urdu_bm25,39,43729,12.854827880859375,50
post_phase12_module1_M1-B,M1-B,R072,ایشیا کپ 2026 schedule Pakistan,NAT,,MIXED,urdu_bm25,40,43577,12.83346176147461,50
post_phase12_module1_M1-B,M1-B,R072,ایشیا کپ 2026 schedule Pakistan,NAT,,MIXED,urdu_bm25,41,97036,12.822364807128906,50
post_phase12_module1_M1-B,M1-B,R072,ایشیا کپ 2026 schedule Pakistan,NAT,,MIXED,urdu_bm25,42,84139,12.800814628601074,50
post_phase12_module1_M1-B,M1-B,R072,ایشیا کپ 2026 schedule Pakistan,NAT,,MIXED,urdu_bm25,43,54635,12.800004005432129,50
post_phase12_module1_M1-B,M1-B,R072,ایشیا کپ 2026 schedule Pakistan,NAT,,MIXED,urdu_bm25,44,55161,12.783201217651367,50
post_phase12_module1_M1-B,M1-B,R072,ایشیا کپ 2026 schedule Pakistan,NAT,,MIXED,urdu_bm25,45,93866,12.783036231994629,50
post_phase12_module1_M1-B,M1-B,R072,ایشیا کپ 2026 schedule Pakistan,NAT,,MIXED,urdu_bm25,46,54741,12.78231430053711,50
post_phase12_module1_M1-B,M1-B,R072,ایشیا کپ 2026 schedule Pakistan,NAT,,MIXED,urdu_bm25,47,54664,12.759662628173828,50
post_phase12_module1_M1-B,M1-B,R072,ایشیا کپ 2026 schedule Pakistan,NAT,,MIXED,urdu_bm25,48,94159,12.753702163696289,50
post_phase12_module1_M1-B,M1-B,R072,ایشیا کپ 2026 schedule Pakistan,NAT,,MIXED,urdu_bm25,49,54685,12.74903678894043,50
post_phase12_module1_M1-B,M1-B,R072,ایشیا کپ 2026 schedule Pakistan,NAT,,MIXED,urdu_bm25,50,96991,12.727851867675781,50
post_phase12_module1_M1-B,M1-B,R073,وفاقی budget 2026 kab present hoga,NAT,,MIXED,urdu_bm25,1,84126,17.146503448486328,50
post_phase12_module1_M1-B,M1-B,R073,وفاقی budget 2026 kab present hoga,NAT,,MIXED,urdu_bm25,2,55132,16.731353759765625,50
post_phase12_module1_M1-B,M1-B,R073,وفاقی budget 2026 kab present hoga,NAT,,MIXED,urdu_bm25,3,31206,14.600555419921875,50
post_phase12_module1_M1-B,M1-B,R073,وفاقی budget 2026 kab present hoga,NAT,,MIXED,urdu_bm25,4,30560,13.615461349487305,50
post_phase12_module1_M1-B,M1-B,R073,وفاقی budget 2026 kab present hoga,NAT,,MIXED,urdu_bm25,5,26590,13.325939178466797,50
post_phase12_module1_M1-B,M1-B,R073,وفاقی budget 2026 kab present hoga,NAT,,MIXED,urdu_bm25,6,27820,12.434818267822266,50
post_phase12_module1_M1-B,M1-B,R073,وفاقی budget 2026 kab present hoga,NAT,,MIXED,urdu_bm25,7,80876,12.329272270202637,50
post_phase12_module1_M1-B,M1-B,R073,وفاقی budget 2026 kab present hoga,NAT,,MIXED,urdu_bm25,8,33113,11.306963920593262,50
post_phase12_module1_M1-B,M1-B,R073,وفاقی budget 2026 kab present hoga,NAT,,MIXED,urdu_bm25,9,90442,10.669055938720703,50
post_phase12_module1_M1-B,M1-B,R073,وفاقی budget 2026 kab present hoga,NAT,,MIXED,urdu_bm25,10,59763,10.52718734741211,50
post_phase12_module1_M1-B,M1-B,R073,وفاقی budget 2026 kab present hoga,NAT,,MIXED,urdu_bm25,11,55025,10.241693496704102,50
post_phase12_module1_M1-B,M1-B,R073,وفاقی budget 2026 kab present hoga,NAT,,MIXED,urdu_bm25,12,28999,9.225468635559082,50
post_phase12_module1_M1-B,M1-B,R073,وفاقی budget 2026 kab present hoga,NAT,,MIXED,urdu_bm25,13,47508,9.192300796508789,50
post_phase12_module1_M1-B,M1-B,R073,وفاقی budget 2026 kab present hoga,NAT,,MIXED,urdu_bm25,14,39149,8.217381477355957,50
post_phase12_module1_M1-B,M1-B,R073,وفاقی budget 2026 kab present hoga,NAT,,MIXED,urdu_bm25,15,3148,7.875675678253174,50
post_phase12_module1_M1-B,M1-B,R073,وفاقی budget 2026 kab present hoga,NAT,,MIXED,urdu_bm25,16,27819,7.628936290740967,50
post_phase12_module1_M1-B,M1-B,R073,وفاقی budget 2026 kab present hoga,NAT,,MIXED,urdu_bm25,17,25466,7.505762577056885,50
post_phase12_module1_M1-B,M1-B,R073,وفاقی budget 2026 kab present hoga,NAT,,MIXED,urdu_bm25,18,1796,7.497214317321777,50
post_phase12_module1_M1-B,M1-B,R073,وفاقی budget 2026 kab present hoga,NAT,,MIXED,urdu_bm25,19,77050,7.376598358154297,50
post_phase12_module1_M1-B,M1-B,R073,وفاقی budget 2026 kab present hoga,NAT,,MIXED,urdu_bm25,20,61064,7.051365375518799,50
post_phase12_module1_M1-B,M1-B,R073,وفاقی budget 2026 kab present hoga,NAT,,MIXED,urdu_bm25,21,111327,7.047873497009277,50
post_phase12_module1_M1-B,M1-B,R073,وفاقی budget 2026 kab present hoga,NAT,,MIXED,urdu_bm25,22,75803,7.042595863342285,50
post_phase12_module1_M1-B,M1-B,R073,وفاقی budget 2026 kab present hoga,NAT,,MIXED,urdu_bm25,23,61379,7.038532733917236,50
post_phase12_module1_M1-B,M1-B,R073,وفاقی budget 2026 kab present hoga,NAT,,MIXED,urdu_bm25,24,72119,7.028362274169922,50
post_phase12_module1_M1-B,M1-B,R073,وفاقی budget 2026 kab present hoga,NAT,,MIXED,urdu_bm25,25,38617,7.001307487487793,50
post_phase12_module1_M1-B,M1-B,R073,وفاقی budget 2026 kab present hoga,NAT,,MIXED,urdu_bm25,26,78762,6.999353885650635,50
post_phase12_module1_M1-B,M1-B,R073,وفاقی budget 2026 kab present hoga,NAT,,MIXED,urdu_bm25,27,110061,6.978147029876709,50
post_phase12_module1_M1-B,M1-B,R073,وفاقی budget 2026 kab present hoga,NAT,,MIXED,urdu_bm25,28,60655,6.967720031738281,50
post_phase12_module1_M1-B,M1-B,R073,وفاقی budget 2026 kab present hoga,NAT,,MIXED,urdu_bm25,29,63476,6.945623874664307,50
post_phase12_module1_M1-B,M1-B,R073,وفاقی budget 2026 kab present hoga,NAT,,MIXED,urdu_bm25,30,73386,6.940515995025635,50
post_phase12_module1_M1-B,M1-B,R073,وفاقی budget 2026 kab present hoga,NAT,,MIXED,urdu_bm25,31,74709,6.939187049865723,50
post_phase12_module1_M1-B,M1-B,R073,وفاقی budget 2026 kab present hoga,NAT,,MIXED,urdu_bm25,32,78578,6.926644802093506,50
post_phase12_module1_M1-B,M1-B,R073,وفاقی budget 2026 kab present hoga,NAT,,MIXED,urdu_bm25,33,110225,6.919849395751953,50
post_phase12_module1_M1-B,M1-B,R073,وفاقی budget 2026 kab present hoga,NAT,,MIXED,urdu_bm25,34,40418,6.919849395751953,50
post_phase12_module1_M1-B,M1-B,R073,وفاقی budget 2026 kab present hoga,NAT,,MIXED,urdu_bm25,35,65800,6.915586948394775,50
post_phase12_module1_M1-B,M1-B,R073,وفاقی budget 2026 kab present hoga,NAT,,MIXED,urdu_bm25,36,63867,6.907037734985352,50
post_phase12_module1_M1-B,M1-B,R073,وفاقی budget 2026 kab present hoga,NAT,,MIXED,urdu_bm25,37,61453,6.896821975708008,50
post_phase12_module1_M1-B,M1-B,R073,وفاقی budget 2026 kab present hoga,NAT,,MIXED,urdu_bm25,38,39259,6.854420185089111,50
post_phase12_module1_M1-B,M1-B,R073,وفاقی budget 2026 kab present hoga,NAT,,MIXED,urdu_bm25,39,72187,6.853916645050049,50
post_phase12_module1_M1-B,M1-B,R073,وفاقی budget 2026 kab present hoga,NAT,,MIXED,urdu_bm25,40,73477,6.83139181137085,50
post_phase12_module1_M1-B,M1-B,R073,وفاقی budget 2026 kab present hoga,NAT,,MIXED,urdu_bm25,41,109431,6.823928356170654,50
post_phase12_module1_M1-B,M1-B,R073,وفاقی budget 2026 kab present hoga,NAT,,MIXED,urdu_bm25,42,76793,6.823822021484375,50
post_phase12_module1_M1-B,M1-B,R073,وفاقی budget 2026 kab present hoga,NAT,,MIXED,urdu_bm25,43,60711,6.815478801727295,50
post_phase12_module1_M1-B,M1-B,R073,وفاقی budget 2026 kab present hoga,NAT,,MIXED,urdu_bm25,44,73517,6.814449310302734,50
post_phase12_module1_M1-B,M1-B,R073,وفاقی budget 2026 kab present hoga,NAT,,MIXED,urdu_bm25,45,82375,6.810645580291748,50
post_phase12_module1_M1-B,M1-B,R073,وفاقی budget 2026 kab present hoga,NAT,,MIXED,urdu_bm25,46,38734,6.809062480926514,50
post_phase12_module1_M1-B,M1-B,R073,وفاقی budget 2026 kab present hoga,NAT,,MIXED,urdu_bm25,47,39638,6.809062480926514,50
post_phase12_module1_M1-B,M1-B,R073,وفاقی budget 2026 kab present hoga,NAT,,MIXED,urdu_bm25,48,72439,6.781383991241455,50
post_phase12_module1_M1-B,M1-B,R073,وفاقی budget 2026 kab present hoga,NAT,,MIXED,urdu_bm25,49,72907,6.77855920791626,50
post_phase12_module1_M1-B,M1-B,R073,وفاقی budget 2026 kab present hoga,NAT,,MIXED,urdu_bm25,50,64711,6.755808353424072,50
post_phase12_module1_M1-B,M1-B,R074,mahira khan new film,NAT,,ROMAN,roman_bm25_method_D,1,67109,7.4333882331848145,50
post_phase12_module1_M1-B,M1-B,R074,mahira khan new film,NAT,,ROMAN,roman_bm25_method_D,2,99924,7.415620803833008,50
post_phase12_module1_M1-B,M1-B,R074,mahira khan new film,NAT,,ROMAN,roman_bm25_method_D,3,102222,7.412784576416016,50
post_phase12_module1_M1-B,M1-B,R074,mahira khan new film,NAT,,ROMAN,roman_bm25_method_D,4,68379,7.392622947692871,50
post_phase12_module1_M1-B,M1-B,R074,mahira khan new film,NAT,,ROMAN,roman_bm25_method_D,5,101328,7.388480186462402,50
post_phase12_module1_M1-B,M1-B,R074,mahira khan new film,NAT,,ROMAN,roman_bm25_method_D,6,50383,7.3854475021362305,50
post_phase12_module1_M1-B,M1-B,R074,mahira khan new film,NAT,,ROMAN,roman_bm25_method_D,7,7907,7.378627777099609,50
post_phase12_module1_M1-B,M1-B,R074,mahira khan new film,NAT,,ROMAN,roman_bm25_method_D,8,99784,7.371072292327881,50
post_phase12_module1_M1-B,M1-B,R074,mahira khan new film,NAT,,ROMAN,roman_bm25_method_D,9,101001,7.36984920501709,50
post_phase12_module1_M1-B,M1-B,R074,mahira khan new film,NAT,,ROMAN,roman_bm25_method_D,10,9844,7.361927032470703,50
post_phase12_module1_M1-B,M1-B,R074,mahira khan new film,NAT,,ROMAN,roman_bm25_method_D,11,18339,7.358266353607178,50
post_phase12_module1_M1-B,M1-B,R074,mahira khan new film,NAT,,ROMAN,roman_bm25_method_D,12,9611,7.352057456970215,50
post_phase12_module1_M1-B,M1-B,R074,mahira khan new film,NAT,,ROMAN,roman_bm25_method_D,13,104776,7.350502967834473,50
post_phase12_module1_M1-B,M1-B,R074,mahira khan new film,NAT,,ROMAN,roman_bm25_method_D,14,11385,7.3428192138671875,50
post_phase12_module1_M1-B,M1-B,R074,mahira khan new film,NAT,,ROMAN,roman_bm25_method_D,15,101682,7.338076591491699,50
post_phase12_module1_M1-B,M1-B,R074,mahira khan new film,NAT,,ROMAN,roman_bm25_method_D,16,100360,7.335321426391602,50
post_phase12_module1_M1-B,M1-B,R074,mahira khan new film,NAT,,ROMAN,roman_bm25_method_D,17,68391,7.3337273597717285,50
post_phase12_module1_M1-B,M1-B,R074,mahira khan new film,NAT,,ROMAN,roman_bm25_method_D,18,13051,7.330656051635742,50
post_phase12_module1_M1-B,M1-B,R074,mahira khan new film,NAT,,ROMAN,roman_bm25_method_D,19,16074,7.3302154541015625,50
post_phase12_module1_M1-B,M1-B,R074,mahira khan new film,NAT,,ROMAN,roman_bm25_method_D,20,100387,7.323484420776367,50
post_phase12_module1_M1-B,M1-B,R074,mahira khan new film,NAT,,ROMAN,roman_bm25_method_D,21,10628,7.322019577026367,50
post_phase12_module1_M1-B,M1-B,R074,mahira khan new film,NAT,,ROMAN,roman_bm25_method_D,22,10340,7.3107452392578125,50
post_phase12_module1_M1-B,M1-B,R074,mahira khan new film,NAT,,ROMAN,roman_bm25_method_D,23,17656,7.304464340209961,50
post_phase12_module1_M1-B,M1-B,R074,mahira khan new film,NAT,,ROMAN,roman_bm25_method_D,24,99563,7.304383754730225,50
post_phase12_module1_M1-B,M1-B,R074,mahira khan new film,NAT,,ROMAN,roman_bm25_method_D,25,101506,7.2997283935546875,50
post_phase12_module1_M1-B,M1-B,R074,mahira khan new film,NAT,,ROMAN,roman_bm25_method_D,26,100688,7.2968902587890625,50
post_phase12_module1_M1-B,M1-B,R074,mahira khan new film,NAT,,ROMAN,roman_bm25_method_D,27,100265,7.2950849533081055,50
post_phase12_module1_M1-B,M1-B,R074,mahira khan new film,NAT,,ROMAN,roman_bm25_method_D,28,51418,7.293972015380859,50
post_phase12_module1_M1-B,M1-B,R074,mahira khan new film,NAT,,ROMAN,roman_bm25_method_D,29,98942,7.2909698486328125,50
post_phase12_module1_M1-B,M1-B,R074,mahira khan new film,NAT,,ROMAN,roman_bm25_method_D,30,106994,7.277005195617676,50
post_phase12_module1_M1-B,M1-B,R074,mahira khan new film,NAT,,ROMAN,roman_bm25_method_D,31,14983,7.273695468902588,50
post_phase12_module1_M1-B,M1-B,R074,mahira khan new film,NAT,,ROMAN,roman_bm25_method_D,32,69439,7.273695468902588,50
post_phase12_module1_M1-B,M1-B,R074,mahira khan new film,NAT,,ROMAN,roman_bm25_method_D,33,100531,7.26970911026001,50
post_phase12_module1_M1-B,M1-B,R074,mahira khan new film,NAT,,ROMAN,roman_bm25_method_D,34,15397,7.268144607543945,50
post_phase12_module1_M1-B,M1-B,R074,mahira khan new film,NAT,,ROMAN,roman_bm25_method_D,35,9638,7.265866756439209,50
post_phase12_module1_M1-B,M1-B,R074,mahira khan new film,NAT,,ROMAN,roman_bm25_method_D,36,100626,7.265012741088867,50
post_phase12_module1_M1-B,M1-B,R074,mahira khan new film,NAT,,ROMAN,roman_bm25_method_D,37,68815,7.264360427856445,50
post_phase12_module1_M1-B,M1-B,R074,mahira khan new film,NAT,,ROMAN,roman_bm25_method_D,38,7446,7.261087417602539,50
post_phase12_module1_M1-B,M1-B,R074,mahira khan new film,NAT,,ROMAN,roman_bm25_method_D,39,68351,7.260526657104492,50
post_phase12_module1_M1-B,M1-B,R074,mahira khan new film,NAT,,ROMAN,roman_bm25_method_D,40,10956,7.252009391784668,50
post_phase12_module1_M1-B,M1-B,R074,mahira khan new film,NAT,,ROMAN,roman_bm25_method_D,41,7379,7.251984596252441,50
post_phase12_module1_M1-B,M1-B,R074,mahira khan new film,NAT,,ROMAN,roman_bm25_method_D,42,11926,7.251167297363281,50
post_phase12_module1_M1-B,M1-B,R074,mahira khan new film,NAT,,ROMAN,roman_bm25_method_D,43,100527,7.249766826629639,50
post_phase12_module1_M1-B,M1-B,R074,mahira khan new film,NAT,,ROMAN,roman_bm25_method_D,44,3922,7.249607086181641,50
post_phase12_module1_M1-B,M1-B,R074,mahira khan new film,NAT,,ROMAN,roman_bm25_method_D,45,9043,7.248879432678223,50
post_phase12_module1_M1-B,M1-B,R074,mahira khan new film,NAT,,ROMAN,roman_bm25_method_D,46,99668,7.247646331787109,50
post_phase12_module1_M1-B,M1-B,R074,mahira khan new film,NAT,,ROMAN,roman_bm25_method_D,47,68491,7.24623966217041,50
post_phase12_module1_M1-B,M1-B,R074,mahira khan new film,NAT,,ROMAN,roman_bm25_method_D,48,105292,7.245637893676758,50
post_phase12_module1_M1-B,M1-B,R074,mahira khan new film,NAT,,ROMAN,roman_bm25_method_D,49,11297,7.244363784790039,50
post_phase12_module1_M1-B,M1-B,R074,mahira khan new film,NAT,,ROMAN,roman_bm25_method_D,50,100578,7.239614486694336,50
post_phase12_module1_M1-B,M1-B,R075,AI tools ki wajah se Pakistan mein naujawan developers ke liye opportunities ka kya hoga,NAT,,ROMAN,roman_bm25_method_D,1,73972,11.333598136901855,50
post_phase12_module1_M1-B,M1-B,R075,AI tools ki wajah se Pakistan mein naujawan developers ke liye opportunities ka kya hoga,NAT,,ROMAN,roman_bm25_method_D,2,60357,11.280860900878906,50
post_phase12_module1_M1-B,M1-B,R075,AI tools ki wajah se Pakistan mein naujawan developers ke liye opportunities ka kya hoga,NAT,,ROMAN,roman_bm25_method_D,3,52443,11.001460075378418,50
post_phase12_module1_M1-B,M1-B,R075,AI tools ki wajah se Pakistan mein naujawan developers ke liye opportunities ka kya hoga,NAT,,ROMAN,roman_bm25_method_D,4,111085,10.820152282714844,50
post_phase12_module1_M1-B,M1-B,R075,AI tools ki wajah se Pakistan mein naujawan developers ke liye opportunities ka kya hoga,NAT,,ROMAN,roman_bm25_method_D,5,55934,10.409358978271484,50
post_phase12_module1_M1-B,M1-B,R075,AI tools ki wajah se Pakistan mein naujawan developers ke liye opportunities ka kya hoga,NAT,,ROMAN,roman_bm25_method_D,6,1511,10.390535354614258,50
post_phase12_module1_M1-B,M1-B,R075,AI tools ki wajah se Pakistan mein naujawan developers ke liye opportunities ka kya hoga,NAT,,ROMAN,roman_bm25_method_D,7,77328,10.277145385742188,50
post_phase12_module1_M1-B,M1-B,R075,AI tools ki wajah se Pakistan mein naujawan developers ke liye opportunities ka kya hoga,NAT,,ROMAN,roman_bm25_method_D,8,54187,10.250837326049805,50
post_phase12_module1_M1-B,M1-B,R075,AI tools ki wajah se Pakistan mein naujawan developers ke liye opportunities ka kya hoga,NAT,,ROMAN,roman_bm25_method_D,9,89164,10.091390609741211,50
post_phase12_module1_M1-B,M1-B,R075,AI tools ki wajah se Pakistan mein naujawan developers ke liye opportunities ka kya hoga,NAT,,ROMAN,roman_bm25_method_D,10,60905,10.074838638305664,50
post_phase12_module1_M1-B,M1-B,R075,AI tools ki wajah se Pakistan mein naujawan developers ke liye opportunities ka kya hoga,NAT,,ROMAN,roman_bm25_method_D,11,54159,10.058878898620605,50
post_phase12_module1_M1-B,M1-B,R075,AI tools ki wajah se Pakistan mein naujawan developers ke liye opportunities ka kya hoga,NAT,,ROMAN,roman_bm25_method_D,12,57219,10.04983901977539,50
post_phase12_module1_M1-B,M1-B,R075,AI tools ki wajah se Pakistan mein naujawan developers ke liye opportunities ka kya hoga,NAT,,ROMAN,roman_bm25_method_D,13,61279,10.019512176513672,50
post_phase12_module1_M1-B,M1-B,R075,AI tools ki wajah se Pakistan mein naujawan developers ke liye opportunities ka kya hoga,NAT,,ROMAN,roman_bm25_method_D,14,23793,9.976822853088379,50
post_phase12_module1_M1-B,M1-B,R075,AI tools ki wajah se Pakistan mein naujawan developers ke liye opportunities ka kya hoga,NAT,,ROMAN,roman_bm25_method_D,15,83452,9.943377494812012,50
post_phase12_module1_M1-B,M1-B,R075,AI tools ki wajah se Pakistan mein naujawan developers ke liye opportunities ka kya hoga,NAT,,ROMAN,roman_bm25_method_D,16,56018,9.905357360839844,50
post_phase12_module1_M1-B,M1-B,R075,AI tools ki wajah se Pakistan mein naujawan developers ke liye opportunities ka kya hoga,NAT,,ROMAN,roman_bm25_method_D,17,55062,9.882193565368652,50
post_phase12_module1_M1-B,M1-B,R075,AI tools ki wajah se Pakistan mein naujawan developers ke liye opportunities ka kya hoga,NAT,,ROMAN,roman_bm25_method_D,18,110671,9.848175048828125,50
post_phase12_module1_M1-B,M1-B,R075,AI tools ki wajah se Pakistan mein naujawan developers ke liye opportunities ka kya hoga,NAT,,ROMAN,roman_bm25_method_D,19,54703,9.830215454101562,50
post_phase12_module1_M1-B,M1-B,R075,AI tools ki wajah se Pakistan mein naujawan developers ke liye opportunities ka kya hoga,NAT,,ROMAN,roman_bm25_method_D,20,63936,9.819598197937012,50
post_phase12_module1_M1-B,M1-B,R075,AI tools ki wajah se Pakistan mein naujawan developers ke liye opportunities ka kya hoga,NAT,,ROMAN,roman_bm25_method_D,21,88868,9.810537338256836,50
post_phase12_module1_M1-B,M1-B,R075,AI tools ki wajah se Pakistan mein naujawan developers ke liye opportunities ka kya hoga,NAT,,ROMAN,roman_bm25_method_D,22,3060,9.793451309204102,50
post_phase12_module1_M1-B,M1-B,R075,AI tools ki wajah se Pakistan mein naujawan developers ke liye opportunities ka kya hoga,NAT,,ROMAN,roman_bm25_method_D,23,3322,9.760150909423828,50
post_phase12_module1_M1-B,M1-B,R075,AI tools ki wajah se Pakistan mein naujawan developers ke liye opportunities ka kya hoga,NAT,,ROMAN,roman_bm25_method_D,24,52926,9.73607349395752,50
post_phase12_module1_M1-B,M1-B,R075,AI tools ki wajah se Pakistan mein naujawan developers ke liye opportunities ka kya hoga,NAT,,ROMAN,roman_bm25_method_D,25,53749,9.714095115661621,50
post_phase12_module1_M1-B,M1-B,R075,AI tools ki wajah se Pakistan mein naujawan developers ke liye opportunities ka kya hoga,NAT,,ROMAN,roman_bm25_method_D,26,54140,9.696802139282227,50
post_phase12_module1_M1-B,M1-B,R075,AI tools ki wajah se Pakistan mein naujawan developers ke liye opportunities ka kya hoga,NAT,,ROMAN,roman_bm25_method_D,27,9552,9.672137260437012,50
post_phase12_module1_M1-B,M1-B,R075,AI tools ki wajah se Pakistan mein naujawan developers ke liye opportunities ka kya hoga,NAT,,ROMAN,roman_bm25_method_D,28,93413,9.638591766357422,50
post_phase12_module1_M1-B,M1-B,R075,AI tools ki wajah se Pakistan mein naujawan developers ke liye opportunities ka kya hoga,NAT,,ROMAN,roman_bm25_method_D,29,109409,9.633245468139648,50
post_phase12_module1_M1-B,M1-B,R075,AI tools ki wajah se Pakistan mein naujawan developers ke liye opportunities ka kya hoga,NAT,,ROMAN,roman_bm25_method_D,30,109224,9.625223159790039,50
post_phase12_module1_M1-B,M1-B,R075,AI tools ki wajah se Pakistan mein naujawan developers ke liye opportunities ka kya hoga,NAT,,ROMAN,roman_bm25_method_D,31,20932,9.622767448425293,50
post_phase12_module1_M1-B,M1-B,R075,AI tools ki wajah se Pakistan mein naujawan developers ke liye opportunities ka kya hoga,NAT,,ROMAN,roman_bm25_method_D,32,63422,9.601593971252441,50
post_phase12_module1_M1-B,M1-B,R075,AI tools ki wajah se Pakistan mein naujawan developers ke liye opportunities ka kya hoga,NAT,,ROMAN,roman_bm25_method_D,33,72942,9.568855285644531,50
post_phase12_module1_M1-B,M1-B,R075,AI tools ki wajah se Pakistan mein naujawan developers ke liye opportunities ka kya hoga,NAT,,ROMAN,roman_bm25_method_D,34,73035,9.562394142150879,50
post_phase12_module1_M1-B,M1-B,R075,AI tools ki wajah se Pakistan mein naujawan developers ke liye opportunities ka kya hoga,NAT,,ROMAN,roman_bm25_method_D,35,56399,9.542177200317383,50
post_phase12_module1_M1-B,M1-B,R075,AI tools ki wajah se Pakistan mein naujawan developers ke liye opportunities ka kya hoga,NAT,,ROMAN,roman_bm25_method_D,36,52067,9.541386604309082,50
post_phase12_module1_M1-B,M1-B,R075,AI tools ki wajah se Pakistan mein naujawan developers ke liye opportunities ka kya hoga,NAT,,ROMAN,roman_bm25_method_D,37,55506,9.531827926635742,50
post_phase12_module1_M1-B,M1-B,R075,AI tools ki wajah se Pakistan mein naujawan developers ke liye opportunities ka kya hoga,NAT,,ROMAN,roman_bm25_method_D,38,111223,9.527631759643555,50
post_phase12_module1_M1-B,M1-B,R075,AI tools ki wajah se Pakistan mein naujawan developers ke liye opportunities ka kya hoga,NAT,,ROMAN,roman_bm25_method_D,39,58011,9.49654769897461,50
post_phase12_module1_M1-B,M1-B,R075,AI tools ki wajah se Pakistan mein naujawan developers ke liye opportunities ka kya hoga,NAT,,ROMAN,roman_bm25_method_D,40,59059,9.488480567932129,50
post_phase12_module1_M1-B,M1-B,R075,AI tools ki wajah se Pakistan mein naujawan developers ke liye opportunities ka kya hoga,NAT,,ROMAN,roman_bm25_method_D,41,62190,9.48193645477295,50
post_phase12_module1_M1-B,M1-B,R075,AI tools ki wajah se Pakistan mein naujawan developers ke liye opportunities ka kya hoga,NAT,,ROMAN,roman_bm25_method_D,42,88341,9.467397689819336,50
post_phase12_module1_M1-B,M1-B,R075,AI tools ki wajah se Pakistan mein naujawan developers ke liye opportunities ka kya hoga,NAT,,ROMAN,roman_bm25_method_D,43,20739,9.452543258666992,50
post_phase12_module1_M1-B,M1-B,R075,AI tools ki wajah se Pakistan mein naujawan developers ke liye opportunities ka kya hoga,NAT,,ROMAN,roman_bm25_method_D,44,56209,9.435745239257812,50
post_phase12_module1_M1-B,M1-B,R075,AI tools ki wajah se Pakistan mein naujawan developers ke liye opportunities ka kya hoga,NAT,,ROMAN,roman_bm25_method_D,45,88119,9.432186126708984,50
post_phase12_module1_M1-B,M1-B,R075,AI tools ki wajah se Pakistan mein naujawan developers ke liye opportunities ka kya hoga,NAT,,ROMAN,roman_bm25_method_D,46,52898,9.401016235351562,50
post_phase12_module1_M1-B,M1-B,R075,AI tools ki wajah se Pakistan mein naujawan developers ke liye opportunities ka kya hoga,NAT,,ROMAN,roman_bm25_method_D,47,72305,9.397333145141602,50
post_phase12_module1_M1-B,M1-B,R075,AI tools ki wajah se Pakistan mein naujawan developers ke liye opportunities ka kya hoga,NAT,,ROMAN,roman_bm25_method_D,48,21883,9.373923301696777,50
post_phase12_module1_M1-B,M1-B,R075,AI tools ki wajah se Pakistan mein naujawan developers ke liye opportunities ka kya hoga,NAT,,ROMAN,roman_bm25_method_D,49,111544,9.360051155090332,50
post_phase12_module1_M1-B,M1-B,R075,AI tools ki wajah se Pakistan mein naujawan developers ke liye opportunities ka kya hoga,NAT,,ROMAN,roman_bm25_method_D,50,12352,9.350428581237793,50
post_phase12_module1_M1-B,M1-B,R076,Islamabad ka موسم aaj kaisa hai,NAT,,MIXED,urdu_bm25,1,42714,9.280282020568848,50
post_phase12_module1_M1-B,M1-B,R076,Islamabad ka موسم aaj kaisa hai,NAT,,MIXED,urdu_bm25,2,50869,9.26279067993164,50
post_phase12_module1_M1-B,M1-B,R076,Islamabad ka موسم aaj kaisa hai,NAT,,MIXED,urdu_bm25,3,50089,9.155472755432129,50
post_phase12_module1_M1-B,M1-B,R076,Islamabad ka موسم aaj kaisa hai,NAT,,MIXED,urdu_bm25,4,49285,9.083083152770996,50
post_phase12_module1_M1-B,M1-B,R076,Islamabad ka موسم aaj kaisa hai,NAT,,MIXED,urdu_bm25,5,101094,9.065163612365723,50
post_phase12_module1_M1-B,M1-B,R076,Islamabad ka موسم aaj kaisa hai,NAT,,MIXED,urdu_bm25,6,48452,9.047042846679688,50
post_phase12_module1_M1-B,M1-B,R076,Islamabad ka موسم aaj kaisa hai,NAT,,MIXED,urdu_bm25,7,18336,9.022300720214844,50
post_phase12_module1_M1-B,M1-B,R076,Islamabad ka موسم aaj kaisa hai,NAT,,MIXED,urdu_bm25,8,36310,8.994190216064453,50
post_phase12_module1_M1-B,M1-B,R076,Islamabad ka موسم aaj kaisa hai,NAT,,MIXED,urdu_bm25,9,48525,8.887929916381836,50
post_phase12_module1_M1-B,M1-B,R076,Islamabad ka موسم aaj kaisa hai,NAT,,MIXED,urdu_bm25,10,60837,8.642207145690918,50
post_phase12_module1_M1-B,M1-B,R076,Islamabad ka موسم aaj kaisa hai,NAT,,MIXED,urdu_bm25,11,51756,8.616567611694336,50
post_phase12_module1_M1-B,M1-B,R076,Islamabad ka موسم aaj kaisa hai,NAT,,MIXED,urdu_bm25,12,75119,8.609504699707031,50
post_phase12_module1_M1-B,M1-B,R076,Islamabad ka موسم aaj kaisa hai,NAT,,MIXED,urdu_bm25,13,50934,8.595414161682129,50
post_phase12_module1_M1-B,M1-B,R076,Islamabad ka موسم aaj kaisa hai,NAT,,MIXED,urdu_bm25,14,49761,8.583516120910645,50
post_phase12_module1_M1-B,M1-B,R076,Islamabad ka موسم aaj kaisa hai,NAT,,MIXED,urdu_bm25,15,61780,8.574362754821777,50
post_phase12_module1_M1-B,M1-B,R076,Islamabad ka موسم aaj kaisa hai,NAT,,MIXED,urdu_bm25,16,48672,8.574172973632812,50
post_phase12_module1_M1-B,M1-B,R076,Islamabad ka موسم aaj kaisa hai,NAT,,MIXED,urdu_bm25,17,62585,8.56736946105957,50
post_phase12_module1_M1-B,M1-B,R076,Islamabad ka موسم aaj kaisa hai,NAT,,MIXED,urdu_bm25,18,50684,8.560386657714844,50
post_phase12_module1_M1-B,M1-B,R076,Islamabad ka موسم aaj kaisa hai,NAT,,MIXED,urdu_bm25,19,48223,8.535455703735352,50
post_phase12_module1_M1-B,M1-B,R076,Islamabad ka موسم aaj kaisa hai,NAT,,MIXED,urdu_bm25,20,69625,8.527762413024902,50
post_phase12_module1_M1-B,M1-B,R076,Islamabad ka موسم aaj kaisa hai,NAT,,MIXED,urdu_bm25,21,48667,8.512105941772461,50
post_phase12_module1_M1-B,M1-B,R076,Islamabad ka موسم aaj kaisa hai,NAT,,MIXED,urdu_bm25,22,100879,8.436727523803711,50
post_phase12_module1_M1-B,M1-B,R076,Islamabad ka موسم aaj kaisa hai,NAT,,MIXED,urdu_bm25,23,37449,8.431309700012207,50
post_phase12_module1_M1-B,M1-B,R076,Islamabad ka موسم aaj kaisa hai,NAT,,MIXED,urdu_bm25,24,100484,8.429845809936523,50
post_phase12_module1_M1-B,M1-B,R076,Islamabad ka موسم aaj kaisa hai,NAT,,MIXED,urdu_bm25,25,49158,8.400445938110352,50
post_phase12_module1_M1-B,M1-B,R076,Islamabad ka موسم aaj kaisa hai,NAT,,MIXED,urdu_bm25,26,72829,8.32974624633789,50
post_phase12_module1_M1-B,M1-B,R076,Islamabad ka موسم aaj kaisa hai,NAT,,MIXED,urdu_bm25,27,40599,8.322965621948242,50
post_phase12_module1_M1-B,M1-B,R076,Islamabad ka موسم aaj kaisa hai,NAT,,MIXED,urdu_bm25,28,102719,8.303048133850098,50
post_phase12_module1_M1-B,M1-B,R076,Islamabad ka موسم aaj kaisa hai,NAT,,MIXED,urdu_bm25,29,18590,8.302691459655762,50
post_phase12_module1_M1-B,M1-B,R076,Islamabad ka موسم aaj kaisa hai,NAT,,MIXED,urdu_bm25,30,18267,8.28958511352539,50
post_phase12_module1_M1-B,M1-B,R076,Islamabad ka موسم aaj kaisa hai,NAT,,MIXED,urdu_bm25,31,72898,8.285937309265137,50
post_phase12_module1_M1-B,M1-B,R076,Islamabad ka موسم aaj kaisa hai,NAT,,MIXED,urdu_bm25,32,60894,8.282381057739258,50
post_phase12_module1_M1-B,M1-B,R076,Islamabad ka موسم aaj kaisa hai,NAT,,MIXED,urdu_bm25,33,48203,8.24223518371582,50
post_phase12_module1_M1-B,M1-B,R076,Islamabad ka موسم aaj kaisa hai,NAT,,MIXED,urdu_bm25,34,40089,8.231644630432129,50
post_phase12_module1_M1-B,M1-B,R076,Islamabad ka موسم aaj kaisa hai,NAT,,MIXED,urdu_bm25,35,108455,8.22502326965332,50
post_phase12_module1_M1-B,M1-B,R076,Islamabad ka موسم aaj kaisa hai,NAT,,MIXED,urdu_bm25,36,44157,8.211811065673828,50
post_phase12_module1_M1-B,M1-B,R076,Islamabad ka موسم aaj kaisa hai,NAT,,MIXED,urdu_bm25,37,24710,8.208348274230957,50
post_phase12_module1_M1-B,M1-B,R076,Islamabad ka موسم aaj kaisa hai,NAT,,MIXED,urdu_bm25,38,72857,8.186904907226562,50
post_phase12_module1_M1-B,M1-B,R076,Islamabad ka موسم aaj kaisa hai,NAT,,MIXED,urdu_bm25,39,104469,8.186209678649902,50
post_phase12_module1_M1-B,M1-B,R076,Islamabad ka موسم aaj kaisa hai,NAT,,MIXED,urdu_bm25,40,64066,8.173815727233887,50
post_phase12_module1_M1-B,M1-B,R076,Islamabad ka موسم aaj kaisa hai,NAT,,MIXED,urdu_bm25,41,97485,8.159695625305176,50
post_phase12_module1_M1-B,M1-B,R076,Islamabad ka موسم aaj kaisa hai,NAT,,MIXED,urdu_bm25,42,76695,8.156888008117676,50
post_phase12_module1_M1-B,M1-B,R076,Islamabad ka موسم aaj kaisa hai,NAT,,MIXED,urdu_bm25,43,48297,8.140030860900879,50
post_phase12_module1_M1-B,M1-B,R076,Islamabad ka موسم aaj kaisa hai,NAT,,MIXED,urdu_bm25,44,19107,8.122900009155273,50
post_phase12_module1_M1-B,M1-B,R076,Islamabad ka موسم aaj kaisa hai,NAT,,MIXED,urdu_bm25,45,104252,8.098189353942871,50
post_phase12_module1_M1-B,M1-B,R076,Islamabad ka موسم aaj kaisa hai,NAT,,MIXED,urdu_bm25,46,106218,8.05677604675293,50
post_phase12_module1_M1-B,M1-B,R076,Islamabad ka موسم aaj kaisa hai,NAT,,MIXED,urdu_bm25,47,106094,8.011375427246094,50
post_phase12_module1_M1-B,M1-B,R076,Islamabad ka موسم aaj kaisa hai,NAT,,MIXED,urdu_bm25,48,40310,8.007636070251465,50
post_phase12_module1_M1-B,M1-B,R076,Islamabad ka موسم aaj kaisa hai,NAT,,MIXED,urdu_bm25,49,45960,8.007636070251465,50
post_phase12_module1_M1-B,M1-B,R076,Islamabad ka موسم aaj kaisa hai,NAT,,MIXED,urdu_bm25,50,49360,7.999172687530518,50
post_phase12_module1_M1-B,M1-B,R077,ghar ke liye solar panel price in Pakistan,NAT,,ROMAN,roman_bm25_method_D,1,60216,17.706584930419922,50
post_phase12_module1_M1-B,M1-B,R077,ghar ke liye solar panel price in Pakistan,NAT,,ROMAN,roman_bm25_method_D,2,37986,15.801169395446777,50
post_phase12_module1_M1-B,M1-B,R077,ghar ke liye solar panel price in Pakistan,NAT,,ROMAN,roman_bm25_method_D,3,73423,14.896953582763672,50
post_phase12_module1_M1-B,M1-B,R077,ghar ke liye solar panel price in Pakistan,NAT,,ROMAN,roman_bm25_method_D,4,72227,14.0321044921875,50
post_phase12_module1_M1-B,M1-B,R077,ghar ke liye solar panel price in Pakistan,NAT,,ROMAN,roman_bm25_method_D,5,64314,13.09189510345459,50
post_phase12_module1_M1-B,M1-B,R077,ghar ke liye solar panel price in Pakistan,NAT,,ROMAN,roman_bm25_method_D,6,64321,12.707053184509277,50
post_phase12_module1_M1-B,M1-B,R077,ghar ke liye solar panel price in Pakistan,NAT,,ROMAN,roman_bm25_method_D,7,3087,12.646722793579102,50
post_phase12_module1_M1-B,M1-B,R077,ghar ke liye solar panel price in Pakistan,NAT,,ROMAN,roman_bm25_method_D,8,64251,12.636123657226562,50
post_phase12_module1_M1-B,M1-B,R077,ghar ke liye solar panel price in Pakistan,NAT,,ROMAN,roman_bm25_method_D,9,19623,12.56941032409668,50
post_phase12_module1_M1-B,M1-B,R077,ghar ke liye solar panel price in Pakistan,NAT,,ROMAN,roman_bm25_method_D,10,79352,12.567852973937988,50
post_phase12_module1_M1-B,M1-B,R077,ghar ke liye solar panel price in Pakistan,NAT,,ROMAN,roman_bm25_method_D,11,64249,12.522226333618164,50
post_phase12_module1_M1-B,M1-B,R077,ghar ke liye solar panel price in Pakistan,NAT,,ROMAN,roman_bm25_method_D,12,64312,12.250244140625,50
post_phase12_module1_M1-B,M1-B,R077,ghar ke liye solar panel price in Pakistan,NAT,,ROMAN,roman_bm25_method_D,13,70736,12.205602645874023,50
post_phase12_module1_M1-B,M1-B,R077,ghar ke liye solar panel price in Pakistan,NAT,,ROMAN,roman_bm25_method_D,14,64245,12.184076309204102,50
post_phase12_module1_M1-B,M1-B,R077,ghar ke liye solar panel price in Pakistan,NAT,,ROMAN,roman_bm25_method_D,15,64288,12.15732479095459,50
post_phase12_module1_M1-B,M1-B,R077,ghar ke liye solar panel price in Pakistan,NAT,,ROMAN,roman_bm25_method_D,16,88851,12.079617500305176,50
post_phase12_module1_M1-B,M1-B,R077,ghar ke liye solar panel price in Pakistan,NAT,,ROMAN,roman_bm25_method_D,17,64286,12.018872261047363,50
post_phase12_module1_M1-B,M1-B,R077,ghar ke liye solar panel price in Pakistan,NAT,,ROMAN,roman_bm25_method_D,18,64294,11.919815063476562,50
post_phase12_module1_M1-B,M1-B,R077,ghar ke liye solar panel price in Pakistan,NAT,,ROMAN,roman_bm25_method_D,19,78316,11.858154296875,50
post_phase12_module1_M1-B,M1-B,R077,ghar ke liye solar panel price in Pakistan,NAT,,ROMAN,roman_bm25_method_D,20,72880,11.812984466552734,50
post_phase12_module1_M1-B,M1-B,R077,ghar ke liye solar panel price in Pakistan,NAT,,ROMAN,roman_bm25_method_D,21,64310,11.72336196899414,50
post_phase12_module1_M1-B,M1-B,R077,ghar ke liye solar panel price in Pakistan,NAT,,ROMAN,roman_bm25_method_D,22,75719,11.695488929748535,50
post_phase12_module1_M1-B,M1-B,R077,ghar ke liye solar panel price in Pakistan,NAT,,ROMAN,roman_bm25_method_D,23,64255,11.687568664550781,50
post_phase12_module1_M1-B,M1-B,R077,ghar ke liye solar panel price in Pakistan,NAT,,ROMAN,roman_bm25_method_D,24,28487,11.64780044555664,50
post_phase12_module1_M1-B,M1-B,R077,ghar ke liye solar panel price in Pakistan,NAT,,ROMAN,roman_bm25_method_D,25,108742,11.452817916870117,50
post_phase12_module1_M1-B,M1-B,R077,ghar ke liye solar panel price in Pakistan,NAT,,ROMAN,roman_bm25_method_D,26,64296,11.429121971130371,50
post_phase12_module1_M1-B,M1-B,R077,ghar ke liye solar panel price in Pakistan,NAT,,ROMAN,roman_bm25_method_D,27,64272,11.428634643554688,50
post_phase12_module1_M1-B,M1-B,R077,ghar ke liye solar panel price in Pakistan,NAT,,ROMAN,roman_bm25_method_D,28,86950,11.418651580810547,50
post_phase12_module1_M1-B,M1-B,R077,ghar ke liye solar panel price in Pakistan,NAT,,ROMAN,roman_bm25_method_D,29,82431,11.362661361694336,50
post_phase12_module1_M1-B,M1-B,R077,ghar ke liye solar panel price in Pakistan,NAT,,ROMAN,roman_bm25_method_D,30,64276,11.317858695983887,50
post_phase12_module1_M1-B,M1-B,R077,ghar ke liye solar panel price in Pakistan,NAT,,ROMAN,roman_bm25_method_D,31,75702,11.309179306030273,50
post_phase12_module1_M1-B,M1-B,R077,ghar ke liye solar panel price in Pakistan,NAT,,ROMAN,roman_bm25_method_D,32,64279,11.241969108581543,50
post_phase12_module1_M1-B,M1-B,R077,ghar ke liye solar panel price in Pakistan,NAT,,ROMAN,roman_bm25_method_D,33,77870,11.164630889892578,50
post_phase12_module1_M1-B,M1-B,R077,ghar ke liye solar panel price in Pakistan,NAT,,ROMAN,roman_bm25_method_D,34,79750,11.163721084594727,50
post_phase12_module1_M1-B,M1-B,R077,ghar ke liye solar panel price in Pakistan,NAT,,ROMAN,roman_bm25_method_D,35,87036,11.117568969726562,50
post_phase12_module1_M1-B,M1-B,R077,ghar ke liye solar panel price in Pakistan,NAT,,ROMAN,roman_bm25_method_D,36,107665,11.070141792297363,50
post_phase12_module1_M1-B,M1-B,R077,ghar ke liye solar panel price in Pakistan,NAT,,ROMAN,roman_bm25_method_D,37,40667,10.966489791870117,50
post_phase12_module1_M1-B,M1-B,R077,ghar ke liye solar panel price in Pakistan,NAT,,ROMAN,roman_bm25_method_D,38,2971,10.952779769897461,50
post_phase12_module1_M1-B,M1-B,R077,ghar ke liye solar panel price in Pakistan,NAT,,ROMAN,roman_bm25_method_D,39,45064,10.930957794189453,50
post_phase12_module1_M1-B,M1-B,R077,ghar ke liye solar panel price in Pakistan,NAT,,ROMAN,roman_bm25_method_D,40,55377,10.90115737915039,50
post_phase12_module1_M1-B,M1-B,R077,ghar ke liye solar panel price in Pakistan,NAT,,ROMAN,roman_bm25_method_D,41,64291,10.890355110168457,50
post_phase12_module1_M1-B,M1-B,R077,ghar ke liye solar panel price in Pakistan,NAT,,ROMAN,roman_bm25_method_D,42,21231,10.856478691101074,50
post_phase12_module1_M1-B,M1-B,R077,ghar ke liye solar panel price in Pakistan,NAT,,ROMAN,roman_bm25_method_D,43,40047,10.641397476196289,50
post_phase12_module1_M1-B,M1-B,R077,ghar ke liye solar panel price in Pakistan,NAT,,ROMAN,roman_bm25_method_D,44,64234,10.595956802368164,50
post_phase12_module1_M1-B,M1-B,R077,ghar ke liye solar panel price in Pakistan,NAT,,ROMAN,roman_bm25_method_D,45,851,10.578338623046875,50
post_phase12_module1_M1-B,M1-B,R077,ghar ke liye solar panel price in Pakistan,NAT,,ROMAN,roman_bm25_method_D,46,39454,10.537145614624023,50
post_phase12_module1_M1-B,M1-B,R077,ghar ke liye solar panel price in Pakistan,NAT,,ROMAN,roman_bm25_method_D,47,19619,10.518878936767578,50
post_phase12_module1_M1-B,M1-B,R077,ghar ke liye solar panel price in Pakistan,NAT,,ROMAN,roman_bm25_method_D,48,110957,10.5115385055542,50
post_phase12_module1_M1-B,M1-B,R077,ghar ke liye solar panel price in Pakistan,NAT,,ROMAN,roman_bm25_method_D,49,39188,10.505084037780762,50
post_phase12_module1_M1-B,M1-B,R077,ghar ke liye solar panel price in Pakistan,NAT,,ROMAN,roman_bm25_method_D,50,848,10.505043983459473,50
post_phase12_module1_M1-B,M1-B,R078,کراچی میں شاہراہِ فیصل پر روزانہ jam kyun lagta hai,NAT,,MIXED,urdu_bm25,1,77640,16.429645538330078,50
post_phase12_module1_M1-B,M1-B,R078,کراچی میں شاہراہِ فیصل پر روزانہ jam kyun lagta hai,NAT,,MIXED,urdu_bm25,2,52776,16.280141830444336,50
post_phase12_module1_M1-B,M1-B,R078,کراچی میں شاہراہِ فیصل پر روزانہ jam kyun lagta hai,NAT,,MIXED,urdu_bm25,3,28807,14.739509582519531,50
post_phase12_module1_M1-B,M1-B,R078,کراچی میں شاہراہِ فیصل پر روزانہ jam kyun lagta hai,NAT,,MIXED,urdu_bm25,4,77683,14.525629043579102,50
post_phase12_module1_M1-B,M1-B,R078,کراچی میں شاہراہِ فیصل پر روزانہ jam kyun lagta hai,NAT,,MIXED,urdu_bm25,5,78380,14.472305297851562,50
post_phase12_module1_M1-B,M1-B,R078,کراچی میں شاہراہِ فیصل پر روزانہ jam kyun lagta hai,NAT,,MIXED,urdu_bm25,6,77397,14.002252578735352,50
post_phase12_module1_M1-B,M1-B,R078,کراچی میں شاہراہِ فیصل پر روزانہ jam kyun lagta hai,NAT,,MIXED,urdu_bm25,7,73571,13.673080444335938,50
post_phase12_module1_M1-B,M1-B,R078,کراچی میں شاہراہِ فیصل پر روزانہ jam kyun lagta hai,NAT,,MIXED,urdu_bm25,8,103042,13.585668563842773,50
post_phase12_module1_M1-B,M1-B,R078,کراچی میں شاہراہِ فیصل پر روزانہ jam kyun lagta hai,NAT,,MIXED,urdu_bm25,9,77693,13.434076309204102,50
post_phase12_module1_M1-B,M1-B,R078,کراچی میں شاہراہِ فیصل پر روزانہ jam kyun lagta hai,NAT,,MIXED,urdu_bm25,10,87655,13.412800788879395,50
post_phase12_module1_M1-B,M1-B,R078,کراچی میں شاہراہِ فیصل پر روزانہ jam kyun lagta hai,NAT,,MIXED,urdu_bm25,11,57688,13.310572624206543,50
post_phase12_module1_M1-B,M1-B,R078,کراچی میں شاہراہِ فیصل پر روزانہ jam kyun lagta hai,NAT,,MIXED,urdu_bm25,12,111638,13.238266944885254,50
post_phase12_module1_M1-B,M1-B,R078,کراچی میں شاہراہِ فیصل پر روزانہ jam kyun lagta hai,NAT,,MIXED,urdu_bm25,13,39768,13.152976989746094,50
post_phase12_module1_M1-B,M1-B,R078,کراچی میں شاہراہِ فیصل پر روزانہ jam kyun lagta hai,NAT,,MIXED,urdu_bm25,14,110445,13.128311157226562,50
post_phase12_module1_M1-B,M1-B,R078,کراچی میں شاہراہِ فیصل پر روزانہ jam kyun lagta hai,NAT,,MIXED,urdu_bm25,15,40604,12.968130111694336,50
post_phase12_module1_M1-B,M1-B,R078,کراچی میں شاہراہِ فیصل پر روزانہ jam kyun lagta hai,NAT,,MIXED,urdu_bm25,16,90776,12.884785652160645,50
post_phase12_module1_M1-B,M1-B,R078,کراچی میں شاہراہِ فیصل پر روزانہ jam kyun lagta hai,NAT,,MIXED,urdu_bm25,17,44488,12.831007957458496,50
post_phase12_module1_M1-B,M1-B,R078,کراچی میں شاہراہِ فیصل پر روزانہ jam kyun lagta hai,NAT,,MIXED,urdu_bm25,18,57693,12.786706924438477,50
post_phase12_module1_M1-B,M1-B,R078,کراچی میں شاہراہِ فیصل پر روزانہ jam kyun lagta hai,NAT,,MIXED,urdu_bm25,19,91633,12.657447814941406,50
post_phase12_module1_M1-B,M1-B,R078,کراچی میں شاہراہِ فیصل پر روزانہ jam kyun lagta hai,NAT,,MIXED,urdu_bm25,20,47708,12.38097095489502,50
post_phase12_module1_M1-B,M1-B,R078,کراچی میں شاہراہِ فیصل پر روزانہ jam kyun lagta hai,NAT,,MIXED,urdu_bm25,21,41075,12.289512634277344,50
post_phase12_module1_M1-B,M1-B,R078,کراچی میں شاہراہِ فیصل پر روزانہ jam kyun lagta hai,NAT,,MIXED,urdu_bm25,22,79222,12.243980407714844,50
post_phase12_module1_M1-B,M1-B,R078,کراچی میں شاہراہِ فیصل پر روزانہ jam kyun lagta hai,NAT,,MIXED,urdu_bm25,23,34187,12.053606986999512,50
post_phase12_module1_M1-B,M1-B,R078,کراچی میں شاہراہِ فیصل پر روزانہ jam kyun lagta hai,NAT,,MIXED,urdu_bm25,24,96968,12.020879745483398,50
post_phase12_module1_M1-B,M1-B,R078,کراچی میں شاہراہِ فیصل پر روزانہ jam kyun lagta hai,NAT,,MIXED,urdu_bm25,25,48151,11.913753509521484,50
post_phase12_module1_M1-B,M1-B,R078,کراچی میں شاہراہِ فیصل پر روزانہ jam kyun lagta hai,NAT,,MIXED,urdu_bm25,26,41861,11.68479061126709,50
post_phase12_module1_M1-B,M1-B,R078,کراچی میں شاہراہِ فیصل پر روزانہ jam kyun lagta hai,NAT,,MIXED,urdu_bm25,27,47590,11.67780876159668,50
post_phase12_module1_M1-B,M1-B,R078,کراچی میں شاہراہِ فیصل پر روزانہ jam kyun lagta hai,NAT,,MIXED,urdu_bm25,28,47208,11.583895683288574,50
post_phase12_module1_M1-B,M1-B,R078,کراچی میں شاہراہِ فیصل پر روزانہ jam kyun lagta hai,NAT,,MIXED,urdu_bm25,29,58651,11.513006210327148,50
post_phase12_module1_M1-B,M1-B,R078,کراچی میں شاہراہِ فیصل پر روزانہ jam kyun lagta hai,NAT,,MIXED,urdu_bm25,30,6191,11.484659194946289,50
post_phase12_module1_M1-B,M1-B,R078,کراچی میں شاہراہِ فیصل پر روزانہ jam kyun lagta hai,NAT,,MIXED,urdu_bm25,31,90733,11.44931697845459,50
post_phase12_module1_M1-B,M1-B,R078,کراچی میں شاہراہِ فیصل پر روزانہ jam kyun lagta hai,NAT,,MIXED,urdu_bm25,32,96984,11.404563903808594,50
post_phase12_module1_M1-B,M1-B,R078,کراچی میں شاہراہِ فیصل پر روزانہ jam kyun lagta hai,NAT,,MIXED,urdu_bm25,33,73131,11.355731964111328,50
post_phase12_module1_M1-B,M1-B,R078,کراچی میں شاہراہِ فیصل پر روزانہ jam kyun lagta hai,NAT,,MIXED,urdu_bm25,34,73492,11.326969146728516,50
post_phase12_module1_M1-B,M1-B,R078,کراچی میں شاہراہِ فیصل پر روزانہ jam kyun lagta hai,NAT,,MIXED,urdu_bm25,35,96989,11.300153732299805,50
post_phase12_module1_M1-B,M1-B,R078,کراچی میں شاہراہِ فیصل پر روزانہ jam kyun lagta hai,NAT,,MIXED,urdu_bm25,36,33601,11.235810279846191,50
post_phase12_module1_M1-B,M1-B,R078,کراچی میں شاہراہِ فیصل پر روزانہ jam kyun lagta hai,NAT,,MIXED,urdu_bm25,37,98219,11.22865104675293,50
post_phase12_module1_M1-B,M1-B,R078,کراچی میں شاہراہِ فیصل پر روزانہ jam kyun lagta hai,NAT,,MIXED,urdu_bm25,38,43010,11.208746910095215,50
post_phase12_module1_M1-B,M1-B,R078,کراچی میں شاہراہِ فیصل پر روزانہ jam kyun lagta hai,NAT,,MIXED,urdu_bm25,39,46091,11.126830101013184,50
post_phase12_module1_M1-B,M1-B,R078,کراچی میں شاہراہِ فیصل پر روزانہ jam kyun lagta hai,NAT,,MIXED,urdu_bm25,40,77760,11.075187683105469,50
post_phase12_module1_M1-B,M1-B,R078,کراچی میں شاہراہِ فیصل پر روزانہ jam kyun lagta hai,NAT,,MIXED,urdu_bm25,41,63412,11.042981147766113,50
post_phase12_module1_M1-B,M1-B,R078,کراچی میں شاہراہِ فیصل پر روزانہ jam kyun lagta hai,NAT,,MIXED,urdu_bm25,42,39304,11.027240753173828,50
post_phase12_module1_M1-B,M1-B,R078,کراچی میں شاہراہِ فیصل پر روزانہ jam kyun lagta hai,NAT,,MIXED,urdu_bm25,43,47639,10.989949226379395,50
post_phase12_module1_M1-B,M1-B,R078,کراچی میں شاہراہِ فیصل پر روزانہ jam kyun lagta hai,NAT,,MIXED,urdu_bm25,44,60502,10.9249906539917,50
post_phase12_module1_M1-B,M1-B,R078,کراچی میں شاہراہِ فیصل پر روزانہ jam kyun lagta hai,NAT,,MIXED,urdu_bm25,45,94861,10.92311954498291,50
post_phase12_module1_M1-B,M1-B,R078,کراچی میں شاہراہِ فیصل پر روزانہ jam kyun lagta hai,NAT,,MIXED,urdu_bm25,46,58738,10.890546798706055,50
post_phase12_module1_M1-B,M1-B,R078,کراچی میں شاہراہِ فیصل پر روزانہ jam kyun lagta hai,NAT,,MIXED,urdu_bm25,47,85503,10.852031707763672,50
post_phase12_module1_M1-B,M1-B,R078,کراچی میں شاہراہِ فیصل پر روزانہ jam kyun lagta hai,NAT,,MIXED,urdu_bm25,48,91199,10.81166934967041,50
post_phase12_module1_M1-B,M1-B,R078,کراچی میں شاہراہِ فیصل پر روزانہ jam kyun lagta hai,NAT,,MIXED,urdu_bm25,49,77620,10.537313461303711,50
post_phase12_module1_M1-B,M1-B,R078,کراچی میں شاہراہِ فیصل پر روزانہ jam kyun lagta hai,NAT,,MIXED,urdu_bm25,50,58647,10.521007537841797,50
post_phase12_module1_M1-B,M1-B,R079,youtube premium family plan Pakistan,NAT,,ROMAN,roman_bm25_method_D,1,110170,11.247576713562012,50
post_phase12_module1_M1-B,M1-B,R079,youtube premium family plan Pakistan,NAT,,ROMAN,roman_bm25_method_D,2,59069,11.062459945678711,50
post_phase12_module1_M1-B,M1-B,R079,youtube premium family plan Pakistan,NAT,,ROMAN,roman_bm25_method_D,3,63683,10.969552040100098,50
post_phase12_module1_M1-B,M1-B,R079,youtube premium family plan Pakistan,NAT,,ROMAN,roman_bm25_method_D,4,60893,10.670756340026855,50
post_phase12_module1_M1-B,M1-B,R079,youtube premium family plan Pakistan,NAT,,ROMAN,roman_bm25_method_D,5,63672,10.582779884338379,50
post_phase12_module1_M1-B,M1-B,R079,youtube premium family plan Pakistan,NAT,,ROMAN,roman_bm25_method_D,6,58256,10.49736499786377,50
post_phase12_module1_M1-B,M1-B,R079,youtube premium family plan Pakistan,NAT,,ROMAN,roman_bm25_method_D,7,111253,10.485692024230957,50
post_phase12_module1_M1-B,M1-B,R079,youtube premium family plan Pakistan,NAT,,ROMAN,roman_bm25_method_D,8,44556,10.481362342834473,50
post_phase12_module1_M1-B,M1-B,R079,youtube premium family plan Pakistan,NAT,,ROMAN,roman_bm25_method_D,9,87224,10.448302268981934,50
post_phase12_module1_M1-B,M1-B,R079,youtube premium family plan Pakistan,NAT,,ROMAN,roman_bm25_method_D,10,40528,10.38676929473877,50
post_phase12_module1_M1-B,M1-B,R079,youtube premium family plan Pakistan,NAT,,ROMAN,roman_bm25_method_D,11,732,10.377937316894531,50
post_phase12_module1_M1-B,M1-B,R079,youtube premium family plan Pakistan,NAT,,ROMAN,roman_bm25_method_D,12,88790,10.343389511108398,50
post_phase12_module1_M1-B,M1-B,R079,youtube premium family plan Pakistan,NAT,,ROMAN,roman_bm25_method_D,13,70850,10.336935997009277,50
post_phase12_module1_M1-B,M1-B,R079,youtube premium family plan Pakistan,NAT,,ROMAN,roman_bm25_method_D,14,64358,10.287610054016113,50
post_phase12_module1_M1-B,M1-B,R079,youtube premium family plan Pakistan,NAT,,ROMAN,roman_bm25_method_D,15,81062,10.20944881439209,50
post_phase12_module1_M1-B,M1-B,R079,youtube premium family plan Pakistan,NAT,,ROMAN,roman_bm25_method_D,16,72069,10.205803871154785,50
post_phase12_module1_M1-B,M1-B,R079,youtube premium family plan Pakistan,NAT,,ROMAN,roman_bm25_method_D,17,72721,10.201587677001953,50
post_phase12_module1_M1-B,M1-B,R079,youtube premium family plan Pakistan,NAT,,ROMAN,roman_bm25_method_D,18,587,10.15341567993164,50
post_phase12_module1_M1-B,M1-B,R079,youtube premium family plan Pakistan,NAT,,ROMAN,roman_bm25_method_D,19,93751,10.054017066955566,50
post_phase12_module1_M1-B,M1-B,R079,youtube premium family plan Pakistan,NAT,,ROMAN,roman_bm25_method_D,20,893,9.986457824707031,50
post_phase12_module1_M1-B,M1-B,R079,youtube premium family plan Pakistan,NAT,,ROMAN,roman_bm25_method_D,21,1765,9.97716236114502,50
post_phase12_module1_M1-B,M1-B,R079,youtube premium family plan Pakistan,NAT,,ROMAN,roman_bm25_method_D,22,93054,9.973880767822266,50
post_phase12_module1_M1-B,M1-B,R079,youtube premium family plan Pakistan,NAT,,ROMAN,roman_bm25_method_D,23,62984,9.961732864379883,50
post_phase12_module1_M1-B,M1-B,R079,youtube premium family plan Pakistan,NAT,,ROMAN,roman_bm25_method_D,24,90307,9.943242073059082,50
post_phase12_module1_M1-B,M1-B,R079,youtube premium family plan Pakistan,NAT,,ROMAN,roman_bm25_method_D,25,36893,9.894312858581543,50
post_phase12_module1_M1-B,M1-B,R079,youtube premium family plan Pakistan,NAT,,ROMAN,roman_bm25_method_D,26,87799,9.893410682678223,50
post_phase12_module1_M1-B,M1-B,R079,youtube premium family plan Pakistan,NAT,,ROMAN,roman_bm25_method_D,27,81745,9.867399215698242,50
post_phase12_module1_M1-B,M1-B,R079,youtube premium family plan Pakistan,NAT,,ROMAN,roman_bm25_method_D,28,109967,9.867175102233887,50
post_phase12_module1_M1-B,M1-B,R079,youtube premium family plan Pakistan,NAT,,ROMAN,roman_bm25_method_D,29,111633,9.761222839355469,50
post_phase12_module1_M1-B,M1-B,R079,youtube premium family plan Pakistan,NAT,,ROMAN,roman_bm25_method_D,30,52376,9.749570846557617,50
post_phase12_module1_M1-B,M1-B,R079,youtube premium family plan Pakistan,NAT,,ROMAN,roman_bm25_method_D,31,65383,9.737189292907715,50
post_phase12_module1_M1-B,M1-B,R079,youtube premium family plan Pakistan,NAT,,ROMAN,roman_bm25_method_D,32,40253,9.735962867736816,50
post_phase12_module1_M1-B,M1-B,R079,youtube premium family plan Pakistan,NAT,,ROMAN,roman_bm25_method_D,33,735,9.68616771697998,50
post_phase12_module1_M1-B,M1-B,R079,youtube premium family plan Pakistan,NAT,,ROMAN,roman_bm25_method_D,34,997,9.649048805236816,50
post_phase12_module1_M1-B,M1-B,R079,youtube premium family plan Pakistan,NAT,,ROMAN,roman_bm25_method_D,35,330,9.6077880859375,50
post_phase12_module1_M1-B,M1-B,R079,youtube premium family plan Pakistan,NAT,,ROMAN,roman_bm25_method_D,36,28130,9.597822189331055,50
post_phase12_module1_M1-B,M1-B,R079,youtube premium family plan Pakistan,NAT,,ROMAN,roman_bm25_method_D,37,65119,9.57969856262207,50
post_phase12_module1_M1-B,M1-B,R079,youtube premium family plan Pakistan,NAT,,ROMAN,roman_bm25_method_D,38,52373,9.553442001342773,50
post_phase12_module1_M1-B,M1-B,R079,youtube premium family plan Pakistan,NAT,,ROMAN,roman_bm25_method_D,39,111214,9.51230525970459,50
post_phase12_module1_M1-B,M1-B,R079,youtube premium family plan Pakistan,NAT,,ROMAN,roman_bm25_method_D,40,82214,9.51230525970459,50
post_phase12_module1_M1-B,M1-B,R079,youtube premium family plan Pakistan,NAT,,ROMAN,roman_bm25_method_D,41,60716,9.51067066192627,50
post_phase12_module1_M1-B,M1-B,R079,youtube premium family plan Pakistan,NAT,,ROMAN,roman_bm25_method_D,42,77718,9.461434364318848,50
post_phase12_module1_M1-B,M1-B,R079,youtube premium family plan Pakistan,NAT,,ROMAN,roman_bm25_method_D,43,1056,9.439244270324707,50
post_phase12_module1_M1-B,M1-B,R079,youtube premium family plan Pakistan,NAT,,ROMAN,roman_bm25_method_D,44,85996,9.435129165649414,50
post_phase12_module1_M1-B,M1-B,R079,youtube premium family plan Pakistan,NAT,,ROMAN,roman_bm25_method_D,45,64395,9.431035041809082,50
post_phase12_module1_M1-B,M1-B,R079,youtube premium family plan Pakistan,NAT,,ROMAN,roman_bm25_method_D,46,724,9.409329414367676,50
post_phase12_module1_M1-B,M1-B,R079,youtube premium family plan Pakistan,NAT,,ROMAN,roman_bm25_method_D,47,110,9.382193565368652,50
post_phase12_module1_M1-B,M1-B,R079,youtube premium family plan Pakistan,NAT,,ROMAN,roman_bm25_method_D,48,56844,9.374382019042969,50
post_phase12_module1_M1-B,M1-B,R079,youtube premium family plan Pakistan,NAT,,ROMAN,roman_bm25_method_D,49,81769,9.34876823425293,50
post_phase12_module1_M1-B,M1-B,R079,youtube premium family plan Pakistan,NAT,,ROMAN,roman_bm25_method_D,50,111050,9.339068412780762,50
post_phase12_module1_M1-B,M1-B,R081,SUPARCO ne haal hi mein kya satellite mission announce kiya,NAT,,ROMAN,roman_bm25_method_D,1,102268,2.515972137451172,50
post_phase12_module1_M1-B,M1-B,R081,SUPARCO ne haal hi mein kya satellite mission announce kiya,NAT,,ROMAN,roman_bm25_method_D,2,108437,2.4732799530029297,50
post_phase12_module1_M1-B,M1-B,R081,SUPARCO ne haal hi mein kya satellite mission announce kiya,NAT,,ROMAN,roman_bm25_method_D,3,86248,2.4695076942443848,50
post_phase12_module1_M1-B,M1-B,R081,SUPARCO ne haal hi mein kya satellite mission announce kiya,NAT,,ROMAN,roman_bm25_method_D,4,87142,2.4522128105163574,50
post_phase12_module1_M1-B,M1-B,R081,SUPARCO ne haal hi mein kya satellite mission announce kiya,NAT,,ROMAN,roman_bm25_method_D,5,88097,2.4383249282836914,50
post_phase12_module1_M1-B,M1-B,R081,SUPARCO ne haal hi mein kya satellite mission announce kiya,NAT,,ROMAN,roman_bm25_method_D,6,88268,2.430628776550293,50
post_phase12_module1_M1-B,M1-B,R081,SUPARCO ne haal hi mein kya satellite mission announce kiya,NAT,,ROMAN,roman_bm25_method_D,7,98305,2.426421880722046,50
post_phase12_module1_M1-B,M1-B,R081,SUPARCO ne haal hi mein kya satellite mission announce kiya,NAT,,ROMAN,roman_bm25_method_D,8,17865,2.4249324798583984,50
post_phase12_module1_M1-B,M1-B,R081,SUPARCO ne haal hi mein kya satellite mission announce kiya,NAT,,ROMAN,roman_bm25_method_D,9,7208,2.424502372741699,50
post_phase12_module1_M1-B,M1-B,R081,SUPARCO ne haal hi mein kya satellite mission announce kiya,NAT,,ROMAN,roman_bm25_method_D,10,4564,2.413158655166626,50
post_phase12_module1_M1-B,M1-B,R081,SUPARCO ne haal hi mein kya satellite mission announce kiya,NAT,,ROMAN,roman_bm25_method_D,11,101240,2.4077157974243164,50
post_phase12_module1_M1-B,M1-B,R081,SUPARCO ne haal hi mein kya satellite mission announce kiya,NAT,,ROMAN,roman_bm25_method_D,12,61446,2.40618634223938,50
post_phase12_module1_M1-B,M1-B,R081,SUPARCO ne haal hi mein kya satellite mission announce kiya,NAT,,ROMAN,roman_bm25_method_D,13,100959,2.4051480293273926,50
post_phase12_module1_M1-B,M1-B,R081,SUPARCO ne haal hi mein kya satellite mission announce kiya,NAT,,ROMAN,roman_bm25_method_D,14,103373,2.403484344482422,50
post_phase12_module1_M1-B,M1-B,R081,SUPARCO ne haal hi mein kya satellite mission announce kiya,NAT,,ROMAN,roman_bm25_method_D,15,106884,2.4025845527648926,50
post_phase12_module1_M1-B,M1-B,R081,SUPARCO ne haal hi mein kya satellite mission announce kiya,NAT,,ROMAN,roman_bm25_method_D,16,103262,2.400951623916626,50
post_phase12_module1_M1-B,M1-B,R081,SUPARCO ne haal hi mein kya satellite mission announce kiya,NAT,,ROMAN,roman_bm25_method_D,17,91973,2.3950421810150146,50
post_phase12_module1_M1-B,M1-B,R081,SUPARCO ne haal hi mein kya satellite mission announce kiya,NAT,,ROMAN,roman_bm25_method_D,18,4246,2.3906173706054688,50
post_phase12_module1_M1-B,M1-B,R081,SUPARCO ne haal hi mein kya satellite mission announce kiya,NAT,,ROMAN,roman_bm25_method_D,19,108653,2.3888773918151855,50
post_phase12_module1_M1-B,M1-B,R081,SUPARCO ne haal hi mein kya satellite mission announce kiya,NAT,,ROMAN,roman_bm25_method_D,20,108327,2.3862438201904297,50
post_phase12_module1_M1-B,M1-B,R081,SUPARCO ne haal hi mein kya satellite mission announce kiya,NAT,,ROMAN,roman_bm25_method_D,21,7549,2.3801279067993164,50
post_phase12_module1_M1-B,M1-B,R081,SUPARCO ne haal hi mein kya satellite mission announce kiya,NAT,,ROMAN,roman_bm25_method_D,22,87935,2.379883289337158,50
post_phase12_module1_M1-B,M1-B,R081,SUPARCO ne haal hi mein kya satellite mission announce kiya,NAT,,ROMAN,roman_bm25_method_D,23,108170,2.3782966136932373,50
post_phase12_module1_M1-B,M1-B,R081,SUPARCO ne haal hi mein kya satellite mission announce kiya,NAT,,ROMAN,roman_bm25_method_D,24,8282,2.3759284019470215,50
post_phase12_module1_M1-B,M1-B,R081,SUPARCO ne haal hi mein kya satellite mission announce kiya,NAT,,ROMAN,roman_bm25_method_D,25,8662,2.375424861907959,50
post_phase12_module1_M1-B,M1-B,R081,SUPARCO ne haal hi mein kya satellite mission announce kiya,NAT,,ROMAN,roman_bm25_method_D,26,3733,2.375239849090576,50
post_phase12_module1_M1-B,M1-B,R081,SUPARCO ne haal hi mein kya satellite mission announce kiya,NAT,,ROMAN,roman_bm25_method_D,27,73562,2.3730759620666504,50
post_phase12_module1_M1-B,M1-B,R081,SUPARCO ne haal hi mein kya satellite mission announce kiya,NAT,,ROMAN,roman_bm25_method_D,28,8383,2.370819091796875,50
post_phase12_module1_M1-B,M1-B,R081,SUPARCO ne haal hi mein kya satellite mission announce kiya,NAT,,ROMAN,roman_bm25_method_D,29,91621,2.369081974029541,50
post_phase12_module1_M1-B,M1-B,R081,SUPARCO ne haal hi mein kya satellite mission announce kiya,NAT,,ROMAN,roman_bm25_method_D,30,67588,2.3688511848449707,50
post_phase12_module1_M1-B,M1-B,R081,SUPARCO ne haal hi mein kya satellite mission announce kiya,NAT,,ROMAN,roman_bm25_method_D,31,85641,2.368227958679199,50
post_phase12_module1_M1-B,M1-B,R081,SUPARCO ne haal hi mein kya satellite mission announce kiya,NAT,,ROMAN,roman_bm25_method_D,32,7204,2.3646223545074463,50
post_phase12_module1_M1-B,M1-B,R081,SUPARCO ne haal hi mein kya satellite mission announce kiya,NAT,,ROMAN,roman_bm25_method_D,33,97815,2.3629989624023438,50
post_phase12_module1_M1-B,M1-B,R081,SUPARCO ne haal hi mein kya satellite mission announce kiya,NAT,,ROMAN,roman_bm25_method_D,34,3870,2.362764596939087,50
post_phase12_module1_M1-B,M1-B,R081,SUPARCO ne haal hi mein kya satellite mission announce kiya,NAT,,ROMAN,roman_bm25_method_D,35,86326,2.3619961738586426,50
post_phase12_module1_M1-B,M1-B,R081,SUPARCO ne haal hi mein kya satellite mission announce kiya,NAT,,ROMAN,roman_bm25_method_D,36,86338,2.359018087387085,50
post_phase12_module1_M1-B,M1-B,R081,SUPARCO ne haal hi mein kya satellite mission announce kiya,NAT,,ROMAN,roman_bm25_method_D,37,4753,2.3548388481140137,50
post_phase12_module1_M1-B,M1-B,R081,SUPARCO ne haal hi mein kya satellite mission announce kiya,NAT,,ROMAN,roman_bm25_method_D,38,7105,2.3547585010528564,50
post_phase12_module1_M1-B,M1-B,R081,SUPARCO ne haal hi mein kya satellite mission announce kiya,NAT,,ROMAN,roman_bm25_method_D,39,54391,2.3547215461730957,50
post_phase12_module1_M1-B,M1-B,R081,SUPARCO ne haal hi mein kya satellite mission announce kiya,NAT,,ROMAN,roman_bm25_method_D,40,44658,2.354295015335083,50
post_phase12_module1_M1-B,M1-B,R081,SUPARCO ne haal hi mein kya satellite mission announce kiya,NAT,,ROMAN,roman_bm25_method_D,41,106783,2.353645086288452,50
post_phase12_module1_M1-B,M1-B,R081,SUPARCO ne haal hi mein kya satellite mission announce kiya,NAT,,ROMAN,roman_bm25_method_D,42,108174,2.3528363704681396,50
post_phase12_module1_M1-B,M1-B,R081,SUPARCO ne haal hi mein kya satellite mission announce kiya,NAT,,ROMAN,roman_bm25_method_D,43,60939,2.349701404571533,50
post_phase12_module1_M1-B,M1-B,R081,SUPARCO ne haal hi mein kya satellite mission announce kiya,NAT,,ROMAN,roman_bm25_method_D,44,9033,2.3495004177093506,50
post_phase12_module1_M1-B,M1-B,R081,SUPARCO ne haal hi mein kya satellite mission announce kiya,NAT,,ROMAN,roman_bm25_method_D,45,9623,2.343717575073242,50
post_phase12_module1_M1-B,M1-B,R081,SUPARCO ne haal hi mein kya satellite mission announce kiya,NAT,,ROMAN,roman_bm25_method_D,46,97933,2.3428263664245605,50
post_phase12_module1_M1-B,M1-B,R081,SUPARCO ne haal hi mein kya satellite mission announce kiya,NAT,,ROMAN,roman_bm25_method_D,47,75007,2.3423266410827637,50
post_phase12_module1_M1-B,M1-B,R081,SUPARCO ne haal hi mein kya satellite mission announce kiya,NAT,,ROMAN,roman_bm25_method_D,48,101398,2.3369433879852295,50
post_phase12_module1_M1-B,M1-B,R081,SUPARCO ne haal hi mein kya satellite mission announce kiya,NAT,,ROMAN,roman_bm25_method_D,49,89335,2.3347015380859375,50
post_phase12_module1_M1-B,M1-B,R081,SUPARCO ne haal hi mein kya satellite mission announce kiya,NAT,,ROMAN,roman_bm25_method_D,50,94026,2.333526134490967,50
post_phase12_module1_M1-B,M1-B,R082,Pakistan ki textile exports kam kyun ho rahi hain,NAT,,ROMAN,roman_bm25_method_D,1,101309,20.064952850341797,50
post_phase12_module1_M1-B,M1-B,R082,Pakistan ki textile exports kam kyun ho rahi hain,NAT,,ROMAN,roman_bm25_method_D,2,50165,19.585777282714844,50
post_phase12_module1_M1-B,M1-B,R082,Pakistan ki textile exports kam kyun ho rahi hain,NAT,,ROMAN,roman_bm25_method_D,3,50976,19.348432540893555,50
post_phase12_module1_M1-B,M1-B,R082,Pakistan ki textile exports kam kyun ho rahi hain,NAT,,ROMAN,roman_bm25_method_D,4,98166,18.845369338989258,50
post_phase12_module1_M1-B,M1-B,R082,Pakistan ki textile exports kam kyun ho rahi hain,NAT,,ROMAN,roman_bm25_method_D,5,5544,18.777864456176758,50
post_phase12_module1_M1-B,M1-B,R082,Pakistan ki textile exports kam kyun ho rahi hain,NAT,,ROMAN,roman_bm25_method_D,6,106804,18.212860107421875,50
post_phase12_module1_M1-B,M1-B,R082,Pakistan ki textile exports kam kyun ho rahi hain,NAT,,ROMAN,roman_bm25_method_D,7,48389,17.984085083007812,50
post_phase12_module1_M1-B,M1-B,R082,Pakistan ki textile exports kam kyun ho rahi hain,NAT,,ROMAN,roman_bm25_method_D,8,48092,17.846298217773438,50
post_phase12_module1_M1-B,M1-B,R082,Pakistan ki textile exports kam kyun ho rahi hain,NAT,,ROMAN,roman_bm25_method_D,9,68720,17.596681594848633,50
post_phase12_module1_M1-B,M1-B,R082,Pakistan ki textile exports kam kyun ho rahi hain,NAT,,ROMAN,roman_bm25_method_D,10,66314,17.54819679260254,50
post_phase12_module1_M1-B,M1-B,R082,Pakistan ki textile exports kam kyun ho rahi hain,NAT,,ROMAN,roman_bm25_method_D,11,66936,17.181381225585938,50
post_phase12_module1_M1-B,M1-B,R082,Pakistan ki textile exports kam kyun ho rahi hain,NAT,,ROMAN,roman_bm25_method_D,12,15513,17.172683715820312,50
post_phase12_module1_M1-B,M1-B,R082,Pakistan ki textile exports kam kyun ho rahi hain,NAT,,ROMAN,roman_bm25_method_D,13,68015,17.151561737060547,50
post_phase12_module1_M1-B,M1-B,R082,Pakistan ki textile exports kam kyun ho rahi hain,NAT,,ROMAN,roman_bm25_method_D,14,49456,16.748605728149414,50
post_phase12_module1_M1-B,M1-B,R082,Pakistan ki textile exports kam kyun ho rahi hain,NAT,,ROMAN,roman_bm25_method_D,15,104758,16.58322525024414,50
post_phase12_module1_M1-B,M1-B,R082,Pakistan ki textile exports kam kyun ho rahi hain,NAT,,ROMAN,roman_bm25_method_D,16,102992,16.47052001953125,50
post_phase12_module1_M1-B,M1-B,R082,Pakistan ki textile exports kam kyun ho rahi hain,NAT,,ROMAN,roman_bm25_method_D,17,50470,15.689728736877441,50
post_phase12_module1_M1-B,M1-B,R082,Pakistan ki textile exports kam kyun ho rahi hain,NAT,,ROMAN,roman_bm25_method_D,18,16051,15.274927139282227,50
post_phase12_module1_M1-B,M1-B,R082,Pakistan ki textile exports kam kyun ho rahi hain,NAT,,ROMAN,roman_bm25_method_D,19,102841,14.603269577026367,50
post_phase12_module1_M1-B,M1-B,R082,Pakistan ki textile exports kam kyun ho rahi hain,NAT,,ROMAN,roman_bm25_method_D,20,69404,14.270121574401855,50
post_phase12_module1_M1-B,M1-B,R082,Pakistan ki textile exports kam kyun ho rahi hain,NAT,,ROMAN,roman_bm25_method_D,21,49694,13.78508472442627,50
post_phase12_module1_M1-B,M1-B,R082,Pakistan ki textile exports kam kyun ho rahi hain,NAT,,ROMAN,roman_bm25_method_D,22,66577,13.624868392944336,50
post_phase12_module1_M1-B,M1-B,R082,Pakistan ki textile exports kam kyun ho rahi hain,NAT,,ROMAN,roman_bm25_method_D,23,105836,12.91781234741211,50
post_phase12_module1_M1-B,M1-B,R082,Pakistan ki textile exports kam kyun ho rahi hain,NAT,,ROMAN,roman_bm25_method_D,24,51350,12.808449745178223,50
post_phase12_module1_M1-B,M1-B,R082,Pakistan ki textile exports kam kyun ho rahi hain,NAT,,ROMAN,roman_bm25_method_D,25,15572,12.365588188171387,50
post_phase12_module1_M1-B,M1-B,R082,Pakistan ki textile exports kam kyun ho rahi hain,NAT,,ROMAN,roman_bm25_method_D,26,13020,12.281777381896973,50
post_phase12_module1_M1-B,M1-B,R082,Pakistan ki textile exports kam kyun ho rahi hain,NAT,,ROMAN,roman_bm25_method_D,27,15731,12.123390197753906,50
post_phase12_module1_M1-B,M1-B,R082,Pakistan ki textile exports kam kyun ho rahi hain,NAT,,ROMAN,roman_bm25_method_D,28,106450,12.014253616333008,50
post_phase12_module1_M1-B,M1-B,R082,Pakistan ki textile exports kam kyun ho rahi hain,NAT,,ROMAN,roman_bm25_method_D,29,103616,11.661833763122559,50
post_phase12_module1_M1-B,M1-B,R082,Pakistan ki textile exports kam kyun ho rahi hain,NAT,,ROMAN,roman_bm25_method_D,30,13543,11.63815975189209,50
post_phase12_module1_M1-B,M1-B,R082,Pakistan ki textile exports kam kyun ho rahi hain,NAT,,ROMAN,roman_bm25_method_D,31,88501,11.538275718688965,50
post_phase12_module1_M1-B,M1-B,R082,Pakistan ki textile exports kam kyun ho rahi hain,NAT,,ROMAN,roman_bm25_method_D,32,103409,11.181730270385742,50
post_phase12_module1_M1-B,M1-B,R082,Pakistan ki textile exports kam kyun ho rahi hain,NAT,,ROMAN,roman_bm25_method_D,33,16672,11.047325134277344,50
post_phase12_module1_M1-B,M1-B,R082,Pakistan ki textile exports kam kyun ho rahi hain,NAT,,ROMAN,roman_bm25_method_D,34,69901,11.042174339294434,50
post_phase12_module1_M1-B,M1-B,R082,Pakistan ki textile exports kam kyun ho rahi hain,NAT,,ROMAN,roman_bm25_method_D,35,81592,10.944720268249512,50
post_phase12_module1_M1-B,M1-B,R082,Pakistan ki textile exports kam kyun ho rahi hain,NAT,,ROMAN,roman_bm25_method_D,36,3569,10.914501190185547,50
post_phase12_module1_M1-B,M1-B,R082,Pakistan ki textile exports kam kyun ho rahi hain,NAT,,ROMAN,roman_bm25_method_D,37,50452,10.91063404083252,50
post_phase12_module1_M1-B,M1-B,R082,Pakistan ki textile exports kam kyun ho rahi hain,NAT,,ROMAN,roman_bm25_method_D,38,67988,10.691736221313477,50
post_phase12_module1_M1-B,M1-B,R082,Pakistan ki textile exports kam kyun ho rahi hain,NAT,,ROMAN,roman_bm25_method_D,39,14443,10.626900672912598,50
post_phase12_module1_M1-B,M1-B,R082,Pakistan ki textile exports kam kyun ho rahi hain,NAT,,ROMAN,roman_bm25_method_D,40,50967,10.588920593261719,50
post_phase12_module1_M1-B,M1-B,R082,Pakistan ki textile exports kam kyun ho rahi hain,NAT,,ROMAN,roman_bm25_method_D,41,68147,10.544761657714844,50
post_phase12_module1_M1-B,M1-B,R082,Pakistan ki textile exports kam kyun ho rahi hain,NAT,,ROMAN,roman_bm25_method_D,42,13028,10.421735763549805,50
post_phase12_module1_M1-B,M1-B,R082,Pakistan ki textile exports kam kyun ho rahi hain,NAT,,ROMAN,roman_bm25_method_D,43,103374,10.339826583862305,50
post_phase12_module1_M1-B,M1-B,R082,Pakistan ki textile exports kam kyun ho rahi hain,NAT,,ROMAN,roman_bm25_method_D,44,4647,10.307705879211426,50
post_phase12_module1_M1-B,M1-B,R082,Pakistan ki textile exports kam kyun ho rahi hain,NAT,,ROMAN,roman_bm25_method_D,45,49933,10.295907974243164,50
post_phase12_module1_M1-B,M1-B,R082,Pakistan ki textile exports kam kyun ho rahi hain,NAT,,ROMAN,roman_bm25_method_D,46,66987,10.282143592834473,50
post_phase12_module1_M1-B,M1-B,R082,Pakistan ki textile exports kam kyun ho rahi hain,NAT,,ROMAN,roman_bm25_method_D,47,68575,10.274862289428711,50
post_phase12_module1_M1-B,M1-B,R082,Pakistan ki textile exports kam kyun ho rahi hain,NAT,,ROMAN,roman_bm25_method_D,48,18466,10.140297889709473,50
post_phase12_module1_M1-B,M1-B,R082,Pakistan ki textile exports kam kyun ho rahi hain,NAT,,ROMAN,roman_bm25_method_D,49,43753,10.099889755249023,50
post_phase12_module1_M1-B,M1-B,R082,Pakistan ki textile exports kam kyun ho rahi hain,NAT,,ROMAN,roman_bm25_method_D,50,6547,10.070060729980469,50
post_phase12_module1_M1-B,M1-B,R083,Pakistani passport fees 2026,NAT,,ROMAN,roman_bm25_method_D,1,84126,17.14612579345703,29
post_phase12_module1_M1-B,M1-B,R083,Pakistani passport fees 2026,NAT,,ROMAN,roman_bm25_method_D,2,55132,16.730907440185547,29
post_phase12_module1_M1-B,M1-B,R083,Pakistani passport fees 2026,NAT,,ROMAN,roman_bm25_method_D,3,31206,14.599864959716797,29
post_phase12_module1_M1-B,M1-B,R083,Pakistani passport fees 2026,NAT,,ROMAN,roman_bm25_method_D,4,30560,13.614726066589355,29
post_phase12_module1_M1-B,M1-B,R083,Pakistani passport fees 2026,NAT,,ROMAN,roman_bm25_method_D,5,26590,13.325119972229004,29
post_phase12_module1_M1-B,M1-B,R083,Pakistani passport fees 2026,NAT,,ROMAN,roman_bm25_method_D,6,27820,12.433928489685059,29
post_phase12_module1_M1-B,M1-B,R083,Pakistani passport fees 2026,NAT,,ROMAN,roman_bm25_method_D,7,80876,12.328522682189941,29
post_phase12_module1_M1-B,M1-B,R083,Pakistani passport fees 2026,NAT,,ROMAN,roman_bm25_method_D,8,33113,11.306136131286621,29
post_phase12_module1_M1-B,M1-B,R083,Pakistani passport fees 2026,NAT,,ROMAN,roman_bm25_method_D,9,90442,10.690716743469238,29
post_phase12_module1_M1-B,M1-B,R083,Pakistani passport fees 2026,NAT,,ROMAN,roman_bm25_method_D,10,59763,10.52631664276123,29
post_phase12_module1_M1-B,M1-B,R083,Pakistani passport fees 2026,NAT,,ROMAN,roman_bm25_method_D,11,55025,10.241012573242188,29
post_phase12_module1_M1-B,M1-B,R083,Pakistani passport fees 2026,NAT,,ROMAN,roman_bm25_method_D,12,28999,9.241397857666016,29
post_phase12_module1_M1-B,M1-B,R083,Pakistani passport fees 2026,NAT,,ROMAN,roman_bm25_method_D,13,47508,9.191554069519043,29
post_phase12_module1_M1-B,M1-B,R083,Pakistani passport fees 2026,NAT,,ROMAN,roman_bm25_method_D,14,39149,8.21660041809082,29
post_phase12_module1_M1-B,M1-B,R083,Pakistani passport fees 2026,NAT,,ROMAN,roman_bm25_method_D,15,3148,7.874889850616455,29
post_phase12_module1_M1-B,M1-B,R083,Pakistani passport fees 2026,NAT,,ROMAN,roman_bm25_method_D,16,27819,7.628148078918457,29
post_phase12_module1_M1-B,M1-B,R083,Pakistani passport fees 2026,NAT,,ROMAN,roman_bm25_method_D,17,25466,7.504974842071533,29
post_phase12_module1_M1-B,M1-B,R083,Pakistani passport fees 2026,NAT,,ROMAN,roman_bm25_method_D,18,1364,6.461599826812744,29
post_phase12_module1_M1-B,M1-B,R083,Pakistani passport fees 2026,NAT,,ROMAN,roman_bm25_method_D,19,13540,6.092025279998779,29
post_phase12_module1_M1-B,M1-B,R083,Pakistani passport fees 2026,NAT,,ROMAN,roman_bm25_method_D,20,4092,6.063126564025879,29
post_phase12_module1_M1-B,M1-B,R083,Pakistani passport fees 2026,NAT,,ROMAN,roman_bm25_method_D,21,1358,5.801674842834473,29
post_phase12_module1_M1-B,M1-B,R083,Pakistani passport fees 2026,NAT,,ROMAN,roman_bm25_method_D,22,24664,5.519804954528809,29
post_phase12_module1_M1-B,M1-B,R083,Pakistani passport fees 2026,NAT,,ROMAN,roman_bm25_method_D,23,3821,5.3690900802612305,29
post_phase12_module1_M1-B,M1-B,R083,Pakistani passport fees 2026,NAT,,ROMAN,roman_bm25_method_D,24,1796,5.363457202911377,29
post_phase12_module1_M1-B,M1-B,R083,Pakistani passport fees 2026,NAT,,ROMAN,roman_bm25_method_D,25,26775,5.106327533721924,29
post_phase12_module1_M1-B,M1-B,R083,Pakistani passport fees 2026,NAT,,ROMAN,roman_bm25_method_D,26,24681,5.080953121185303,29
post_phase12_module1_M1-B,M1-B,R083,Pakistani passport fees 2026,NAT,,ROMAN,roman_bm25_method_D,27,10990,5.065850257873535,29
post_phase12_module1_M1-B,M1-B,R083,Pakistani passport fees 2026,NAT,,ROMAN,roman_bm25_method_D,28,342,4.91016149520874,29
post_phase12_module1_M1-B,M1-B,R083,Pakistani passport fees 2026,NAT,,ROMAN,roman_bm25_method_D,29,2633,4.668066501617432,29
post_phase12_module1_M1-B,M1-B,R084,HBL PSL 2026 final date and venue,NAT,,ROMAN,roman_bm25_method_D,1,84126,17.14612579345703,50
post_phase12_module1_M1-B,M1-B,R084,HBL PSL 2026 final date and venue,NAT,,ROMAN,roman_bm25_method_D,2,59624,17.037460327148438,50
post_phase12_module1_M1-B,M1-B,R084,HBL PSL 2026 final date and venue,NAT,,ROMAN,roman_bm25_method_D,3,55132,16.730907440185547,50
post_phase12_module1_M1-B,M1-B,R084,HBL PSL 2026 final date and venue,NAT,,ROMAN,roman_bm25_method_D,4,74218,14.658112525939941,50
post_phase12_module1_M1-B,M1-B,R084,HBL PSL 2026 final date and venue,NAT,,ROMAN,roman_bm25_method_D,5,31206,14.599864959716797,50
post_phase12_module1_M1-B,M1-B,R084,HBL PSL 2026 final date and venue,NAT,,ROMAN,roman_bm25_method_D,6,24485,14.413749694824219,50
post_phase12_module1_M1-B,M1-B,R084,HBL PSL 2026 final date and venue,NAT,,ROMAN,roman_bm25_method_D,7,24333,14.33470344543457,50
post_phase12_module1_M1-B,M1-B,R084,HBL PSL 2026 final date and venue,NAT,,ROMAN,roman_bm25_method_D,8,62866,13.870050430297852,50
post_phase12_module1_M1-B,M1-B,R084,HBL PSL 2026 final date and venue,NAT,,ROMAN,roman_bm25_method_D,9,68864,13.716235160827637,50
post_phase12_module1_M1-B,M1-B,R084,HBL PSL 2026 final date and venue,NAT,,ROMAN,roman_bm25_method_D,10,30560,13.614726066589355,50
post_phase12_module1_M1-B,M1-B,R084,HBL PSL 2026 final date and venue,NAT,,ROMAN,roman_bm25_method_D,11,26590,13.325119972229004,50
post_phase12_module1_M1-B,M1-B,R084,HBL PSL 2026 final date and venue,NAT,,ROMAN,roman_bm25_method_D,12,42716,13.012741088867188,50
post_phase12_module1_M1-B,M1-B,R084,HBL PSL 2026 final date and venue,NAT,,ROMAN,roman_bm25_method_D,13,20971,12.698993682861328,50
post_phase12_module1_M1-B,M1-B,R084,HBL PSL 2026 final date and venue,NAT,,ROMAN,roman_bm25_method_D,14,27820,12.433928489685059,50
post_phase12_module1_M1-B,M1-B,R084,HBL PSL 2026 final date and venue,NAT,,ROMAN,roman_bm25_method_D,15,24416,12.40342903137207,50
post_phase12_module1_M1-B,M1-B,R084,HBL PSL 2026 final date and venue,NAT,,ROMAN,roman_bm25_method_D,16,80876,12.328522682189941,50
post_phase12_module1_M1-B,M1-B,R084,HBL PSL 2026 final date and venue,NAT,,ROMAN,roman_bm25_method_D,17,24620,12.15833568572998,50
post_phase12_module1_M1-B,M1-B,R084,HBL PSL 2026 final date and venue,NAT,,ROMAN,roman_bm25_method_D,18,59363,12.095924377441406,50
post_phase12_module1_M1-B,M1-B,R084,HBL PSL 2026 final date and venue,NAT,,ROMAN,roman_bm25_method_D,19,111469,11.858677864074707,50
post_phase12_module1_M1-B,M1-B,R084,HBL PSL 2026 final date and venue,NAT,,ROMAN,roman_bm25_method_D,20,49806,11.801225662231445,50
post_phase12_module1_M1-B,M1-B,R084,HBL PSL 2026 final date and venue,NAT,,ROMAN,roman_bm25_method_D,21,33113,11.306136131286621,50
post_phase12_module1_M1-B,M1-B,R084,HBL PSL 2026 final date and venue,NAT,,ROMAN,roman_bm25_method_D,22,107699,10.773305892944336,50
post_phase12_module1_M1-B,M1-B,R084,HBL PSL 2026 final date and venue,NAT,,ROMAN,roman_bm25_method_D,23,90442,10.690716743469238,50
post_phase12_module1_M1-B,M1-B,R084,HBL PSL 2026 final date and venue,NAT,,ROMAN,roman_bm25_method_D,24,80254,10.642352104187012,50
post_phase12_module1_M1-B,M1-B,R084,HBL PSL 2026 final date and venue,NAT,,ROMAN,roman_bm25_method_D,25,59763,10.52631664276123,50
post_phase12_module1_M1-B,M1-B,R084,HBL PSL 2026 final date and venue,NAT,,ROMAN,roman_bm25_method_D,26,61199,10.521286964416504,50
post_phase12_module1_M1-B,M1-B,R084,HBL PSL 2026 final date and venue,NAT,,ROMAN,roman_bm25_method_D,27,55025,10.241012573242188,50
post_phase12_module1_M1-B,M1-B,R084,HBL PSL 2026 final date and venue,NAT,,ROMAN,roman_bm25_method_D,28,105863,10.217094421386719,50
post_phase12_module1_M1-B,M1-B,R084,HBL PSL 2026 final date and venue,NAT,,ROMAN,roman_bm25_method_D,29,60270,10.196038246154785,50
post_phase12_module1_M1-B,M1-B,R084,HBL PSL 2026 final date and venue,NAT,,ROMAN,roman_bm25_method_D,30,34649,9.990153312683105,50
post_phase12_module1_M1-B,M1-B,R084,HBL PSL 2026 final date and venue,NAT,,ROMAN,roman_bm25_method_D,31,79591,9.841012001037598,50
post_phase12_module1_M1-B,M1-B,R084,HBL PSL 2026 final date and venue,NAT,,ROMAN,roman_bm25_method_D,32,104371,9.773073196411133,50
post_phase12_module1_M1-B,M1-B,R084,HBL PSL 2026 final date and venue,NAT,,ROMAN,roman_bm25_method_D,33,59690,9.365028381347656,50
post_phase12_module1_M1-B,M1-B,R084,HBL PSL 2026 final date and venue,NAT,,ROMAN,roman_bm25_method_D,34,59691,9.348281860351562,50
post_phase12_module1_M1-B,M1-B,R084,HBL PSL 2026 final date and venue,NAT,,ROMAN,roman_bm25_method_D,35,28999,9.241397857666016,50
post_phase12_module1_M1-B,M1-B,R084,HBL PSL 2026 final date and venue,NAT,,ROMAN,roman_bm25_method_D,36,47508,9.191554069519043,50
post_phase12_module1_M1-B,M1-B,R084,HBL PSL 2026 final date and venue,NAT,,ROMAN,roman_bm25_method_D,37,60300,9.184054374694824,50
post_phase12_module1_M1-B,M1-B,R084,HBL PSL 2026 final date and venue,NAT,,ROMAN,roman_bm25_method_D,38,23363,9.119967460632324,50
post_phase12_module1_M1-B,M1-B,R084,HBL PSL 2026 final date and venue,NAT,,ROMAN,roman_bm25_method_D,39,64487,9.107416152954102,50
post_phase12_module1_M1-B,M1-B,R084,HBL PSL 2026 final date and venue,NAT,,ROMAN,roman_bm25_method_D,40,28363,9.074007987976074,50
post_phase12_module1_M1-B,M1-B,R084,HBL PSL 2026 final date and venue,NAT,,ROMAN,roman_bm25_method_D,41,68815,9.074007987976074,50
post_phase12_module1_M1-B,M1-B,R084,HBL PSL 2026 final date and venue,NAT,,ROMAN,roman_bm25_method_D,42,6501,8.752933502197266,50
post_phase12_module1_M1-B,M1-B,R084,HBL PSL 2026 final date and venue,NAT,,ROMAN,roman_bm25_method_D,43,65682,8.526652336120605,50
post_phase12_module1_M1-B,M1-B,R084,HBL PSL 2026 final date and venue,NAT,,ROMAN,roman_bm25_method_D,44,93340,8.38218879699707,50
post_phase12_module1_M1-B,M1-B,R084,HBL PSL 2026 final date and venue,NAT,,ROMAN,roman_bm25_method_D,45,56445,8.325764656066895,50
post_phase12_module1_M1-B,M1-B,R084,HBL PSL 2026 final date and venue,NAT,,ROMAN,roman_bm25_method_D,46,110711,8.325764656066895,50
post_phase12_module1_M1-B,M1-B,R084,HBL PSL 2026 final date and venue,NAT,,ROMAN,roman_bm25_method_D,47,39149,8.21660041809082,50
post_phase12_module1_M1-B,M1-B,R084,HBL PSL 2026 final date and venue,NAT,,ROMAN,roman_bm25_method_D,48,23500,8.12747573852539,50
post_phase12_module1_M1-B,M1-B,R084,HBL PSL 2026 final date and venue,NAT,,ROMAN,roman_bm25_method_D,49,60032,7.918203830718994,50
post_phase12_module1_M1-B,M1-B,R084,HBL PSL 2026 final date and venue,NAT,,ROMAN,roman_bm25_method_D,50,21915,7.910712242126465,50
post_phase12_module1_M1-B,M1-B,R085,Pakistan mein khawateen ke liye public transport safe kyun nahi samjhi jati,NAT,,ROMAN,roman_bm25_method_D,1,72475,14.687835693359375,50
post_phase12_module1_M1-B,M1-B,R085,Pakistan mein khawateen ke liye public transport safe kyun nahi samjhi jati,NAT,,ROMAN,roman_bm25_method_D,2,75043,13.963454246520996,50
post_phase12_module1_M1-B,M1-B,R085,Pakistan mein khawateen ke liye public transport safe kyun nahi samjhi jati,NAT,,ROMAN,roman_bm25_method_D,3,77897,13.47195053100586,50
post_phase12_module1_M1-B,M1-B,R085,Pakistan mein khawateen ke liye public transport safe kyun nahi samjhi jati,NAT,,ROMAN,roman_bm25_method_D,4,71837,13.317806243896484,50
post_phase12_module1_M1-B,M1-B,R085,Pakistan mein khawateen ke liye public transport safe kyun nahi samjhi jati,NAT,,ROMAN,roman_bm25_method_D,5,63587,13.285497665405273,50
post_phase12_module1_M1-B,M1-B,R085,Pakistan mein khawateen ke liye public transport safe kyun nahi samjhi jati,NAT,,ROMAN,roman_bm25_method_D,6,111211,12.996829986572266,50
post_phase12_module1_M1-B,M1-B,R085,Pakistan mein khawateen ke liye public transport safe kyun nahi samjhi jati,NAT,,ROMAN,roman_bm25_method_D,7,976,12.903690338134766,50
post_phase12_module1_M1-B,M1-B,R085,Pakistan mein khawateen ke liye public transport safe kyun nahi samjhi jati,NAT,,ROMAN,roman_bm25_method_D,8,72120,12.883398056030273,50
post_phase12_module1_M1-B,M1-B,R085,Pakistan mein khawateen ke liye public transport safe kyun nahi samjhi jati,NAT,,ROMAN,roman_bm25_method_D,9,76773,12.651103019714355,50
post_phase12_module1_M1-B,M1-B,R085,Pakistan mein khawateen ke liye public transport safe kyun nahi samjhi jati,NAT,,ROMAN,roman_bm25_method_D,10,63541,12.598525047302246,50
post_phase12_module1_M1-B,M1-B,R085,Pakistan mein khawateen ke liye public transport safe kyun nahi samjhi jati,NAT,,ROMAN,roman_bm25_method_D,11,63742,12.289478302001953,50
post_phase12_module1_M1-B,M1-B,R085,Pakistan mein khawateen ke liye public transport safe kyun nahi samjhi jati,NAT,,ROMAN,roman_bm25_method_D,12,62381,12.24862289428711,50
post_phase12_module1_M1-B,M1-B,R085,Pakistan mein khawateen ke liye public transport safe kyun nahi samjhi jati,NAT,,ROMAN,roman_bm25_method_D,13,72117,12.225192070007324,50
post_phase12_module1_M1-B,M1-B,R085,Pakistan mein khawateen ke liye public transport safe kyun nahi samjhi jati,NAT,,ROMAN,roman_bm25_method_D,14,40578,12.18221664428711,50
post_phase12_module1_M1-B,M1-B,R085,Pakistan mein khawateen ke liye public transport safe kyun nahi samjhi jati,NAT,,ROMAN,roman_bm25_method_D,15,61401,12.177452087402344,50
post_phase12_module1_M1-B,M1-B,R085,Pakistan mein khawateen ke liye public transport safe kyun nahi samjhi jati,NAT,,ROMAN,roman_bm25_method_D,16,65677,12.176031112670898,50
post_phase12_module1_M1-B,M1-B,R085,Pakistan mein khawateen ke liye public transport safe kyun nahi samjhi jati,NAT,,ROMAN,roman_bm25_method_D,17,110071,12.163361549377441,50
post_phase12_module1_M1-B,M1-B,R085,Pakistan mein khawateen ke liye public transport safe kyun nahi samjhi jati,NAT,,ROMAN,roman_bm25_method_D,18,75222,12.048187255859375,50
post_phase12_module1_M1-B,M1-B,R085,Pakistan mein khawateen ke liye public transport safe kyun nahi samjhi jati,NAT,,ROMAN,roman_bm25_method_D,19,77876,12.04326057434082,50
post_phase12_module1_M1-B,M1-B,R085,Pakistan mein khawateen ke liye public transport safe kyun nahi samjhi jati,NAT,,ROMAN,roman_bm25_method_D,20,72474,11.971561431884766,50
post_phase12_module1_M1-B,M1-B,R085,Pakistan mein khawateen ke liye public transport safe kyun nahi samjhi jati,NAT,,ROMAN,roman_bm25_method_D,21,73812,11.841554641723633,50
post_phase12_module1_M1-B,M1-B,R085,Pakistan mein khawateen ke liye public transport safe kyun nahi samjhi jati,NAT,,ROMAN,roman_bm25_method_D,22,77884,11.825668334960938,50
post_phase12_module1_M1-B,M1-B,R085,Pakistan mein khawateen ke liye public transport safe kyun nahi samjhi jati,NAT,,ROMAN,roman_bm25_method_D,23,75328,11.781476020812988,50
post_phase12_module1_M1-B,M1-B,R085,Pakistan mein khawateen ke liye public transport safe kyun nahi samjhi jati,NAT,,ROMAN,roman_bm25_method_D,24,70596,11.750160217285156,50
post_phase12_module1_M1-B,M1-B,R085,Pakistan mein khawateen ke liye public transport safe kyun nahi samjhi jati,NAT,,ROMAN,roman_bm25_method_D,25,109229,11.729544639587402,50
post_phase12_module1_M1-B,M1-B,R085,Pakistan mein khawateen ke liye public transport safe kyun nahi samjhi jati,NAT,,ROMAN,roman_bm25_method_D,26,75319,11.694018363952637,50
post_phase12_module1_M1-B,M1-B,R085,Pakistan mein khawateen ke liye public transport safe kyun nahi samjhi jati,NAT,,ROMAN,roman_bm25_method_D,27,63498,11.644185066223145,50
post_phase12_module1_M1-B,M1-B,R085,Pakistan mein khawateen ke liye public transport safe kyun nahi samjhi jati,NAT,,ROMAN,roman_bm25_method_D,28,68682,11.585053443908691,50
post_phase12_module1_M1-B,M1-B,R085,Pakistan mein khawateen ke liye public transport safe kyun nahi samjhi jati,NAT,,ROMAN,roman_bm25_method_D,29,61620,11.55724048614502,50
post_phase12_module1_M1-B,M1-B,R085,Pakistan mein khawateen ke liye public transport safe kyun nahi samjhi jati,NAT,,ROMAN,roman_bm25_method_D,30,60459,11.522627830505371,50
post_phase12_module1_M1-B,M1-B,R085,Pakistan mein khawateen ke liye public transport safe kyun nahi samjhi jati,NAT,,ROMAN,roman_bm25_method_D,31,109588,11.503249168395996,50
post_phase12_module1_M1-B,M1-B,R085,Pakistan mein khawateen ke liye public transport safe kyun nahi samjhi jati,NAT,,ROMAN,roman_bm25_method_D,32,65679,11.482870101928711,50
post_phase12_module1_M1-B,M1-B,R085,Pakistan mein khawateen ke liye public transport safe kyun nahi samjhi jati,NAT,,ROMAN,roman_bm25_method_D,33,38531,11.447895050048828,50
post_phase12_module1_M1-B,M1-B,R085,Pakistan mein khawateen ke liye public transport safe kyun nahi samjhi jati,NAT,,ROMAN,roman_bm25_method_D,34,63584,11.444599151611328,50
post_phase12_module1_M1-B,M1-B,R085,Pakistan mein khawateen ke liye public transport safe kyun nahi samjhi jati,NAT,,ROMAN,roman_bm25_method_D,35,62778,11.433499336242676,50
post_phase12_module1_M1-B,M1-B,R085,Pakistan mein khawateen ke liye public transport safe kyun nahi samjhi jati,NAT,,ROMAN,roman_bm25_method_D,36,801,11.421991348266602,50
post_phase12_module1_M1-B,M1-B,R085,Pakistan mein khawateen ke liye public transport safe kyun nahi samjhi jati,NAT,,ROMAN,roman_bm25_method_D,37,77915,11.420897483825684,50
post_phase12_module1_M1-B,M1-B,R085,Pakistan mein khawateen ke liye public transport safe kyun nahi samjhi jati,NAT,,ROMAN,roman_bm25_method_D,38,64605,11.397197723388672,50
post_phase12_module1_M1-B,M1-B,R085,Pakistan mein khawateen ke liye public transport safe kyun nahi samjhi jati,NAT,,ROMAN,roman_bm25_method_D,39,73673,11.366080284118652,50
post_phase12_module1_M1-B,M1-B,R085,Pakistan mein khawateen ke liye public transport safe kyun nahi samjhi jati,NAT,,ROMAN,roman_bm25_method_D,40,76377,11.3126220703125,50
post_phase12_module1_M1-B,M1-B,R085,Pakistan mein khawateen ke liye public transport safe kyun nahi samjhi jati,NAT,,ROMAN,roman_bm25_method_D,41,72678,11.295123100280762,50
post_phase12_module1_M1-B,M1-B,R085,Pakistan mein khawateen ke liye public transport safe kyun nahi samjhi jati,NAT,,ROMAN,roman_bm25_method_D,42,74982,11.285490036010742,50
post_phase12_module1_M1-B,M1-B,R085,Pakistan mein khawateen ke liye public transport safe kyun nahi samjhi jati,NAT,,ROMAN,roman_bm25_method_D,43,70893,11.279154777526855,50
post_phase12_module1_M1-B,M1-B,R085,Pakistan mein khawateen ke liye public transport safe kyun nahi samjhi jati,NAT,,ROMAN,roman_bm25_method_D,44,40201,11.277242660522461,50
post_phase12_module1_M1-B,M1-B,R085,Pakistan mein khawateen ke liye public transport safe kyun nahi samjhi jati,NAT,,ROMAN,roman_bm25_method_D,45,3302,11.253388404846191,50
post_phase12_module1_M1-B,M1-B,R085,Pakistan mein khawateen ke liye public transport safe kyun nahi samjhi jati,NAT,,ROMAN,roman_bm25_method_D,46,78382,11.236763954162598,50
post_phase12_module1_M1-B,M1-B,R085,Pakistan mein khawateen ke liye public transport safe kyun nahi samjhi jati,NAT,,ROMAN,roman_bm25_method_D,47,75100,11.20007038116455,50
post_phase12_module1_M1-B,M1-B,R085,Pakistan mein khawateen ke liye public transport safe kyun nahi samjhi jati,NAT,,ROMAN,roman_bm25_method_D,48,23030,11.195944786071777,50
post_phase12_module1_M1-B,M1-B,R085,Pakistan mein khawateen ke liye public transport safe kyun nahi samjhi jati,NAT,,ROMAN,roman_bm25_method_D,49,75314,11.002819061279297,50
post_phase12_module1_M1-B,M1-B,R085,Pakistan mein khawateen ke liye public transport safe kyun nahi samjhi jati,NAT,,ROMAN,roman_bm25_method_D,50,63491,10.924291610717773,50
post_phase12_module1_M1-B,M1-B,R086,روپے ki value ke baray mein latest update,NAT,,MIXED,urdu_bm25,1,108882,4.7935028076171875,50
post_phase12_module1_M1-B,M1-B,R086,روپے ki value ke baray mein latest update,NAT,,MIXED,urdu_bm25,2,109953,4.764981269836426,50
post_phase12_module1_M1-B,M1-B,R086,روپے ki value ke baray mein latest update,NAT,,MIXED,urdu_bm25,3,109962,4.760403633117676,50
post_phase12_module1_M1-B,M1-B,R086,روپے ki value ke baray mein latest update,NAT,,MIXED,urdu_bm25,4,72360,4.7496442794799805,50
post_phase12_module1_M1-B,M1-B,R086,روپے ki value ke baray mein latest update,NAT,,MIXED,urdu_bm25,5,72012,4.748159885406494,50
post_phase12_module1_M1-B,M1-B,R086,روپے ki value ke baray mein latest update,NAT,,MIXED,urdu_bm25,6,40393,4.745452404022217,50
post_phase12_module1_M1-B,M1-B,R086,روپے ki value ke baray mein latest update,NAT,,MIXED,urdu_bm25,7,108910,4.745294570922852,50
post_phase12_module1_M1-B,M1-B,R086,روپے ki value ke baray mein latest update,NAT,,MIXED,urdu_bm25,8,72033,4.74236536026001,50
post_phase12_module1_M1-B,M1-B,R086,روپے ki value ke baray mein latest update,NAT,,MIXED,urdu_bm25,9,111426,4.741152763366699,50
post_phase12_module1_M1-B,M1-B,R086,روپے ki value ke baray mein latest update,NAT,,MIXED,urdu_bm25,10,110140,4.734683990478516,50
post_phase12_module1_M1-B,M1-B,R086,روپے ki value ke baray mein latest update,NAT,,MIXED,urdu_bm25,11,72298,4.728070259094238,50
post_phase12_module1_M1-B,M1-B,R086,روپے ki value ke baray mein latest update,NAT,,MIXED,urdu_bm25,12,71400,4.726385116577148,50
post_phase12_module1_M1-B,M1-B,R086,روپے ki value ke baray mein latest update,NAT,,MIXED,urdu_bm25,13,111029,4.723421573638916,50
post_phase12_module1_M1-B,M1-B,R086,روپے ki value ke baray mein latest update,NAT,,MIXED,urdu_bm25,14,73539,4.721098899841309,50
post_phase12_module1_M1-B,M1-B,R086,روپے ki value ke baray mein latest update,NAT,,MIXED,urdu_bm25,15,72216,4.7204084396362305,50
post_phase12_module1_M1-B,M1-B,R086,روپے ki value ke baray mein latest update,NAT,,MIXED,urdu_bm25,16,38514,4.719560146331787,50
post_phase12_module1_M1-B,M1-B,R086,روپے ki value ke baray mein latest update,NAT,,MIXED,urdu_bm25,17,111166,4.719027519226074,50
post_phase12_module1_M1-B,M1-B,R086,روپے ki value ke baray mein latest update,NAT,,MIXED,urdu_bm25,18,111636,4.7167558670043945,50
post_phase12_module1_M1-B,M1-B,R086,روپے ki value ke baray mein latest update,NAT,,MIXED,urdu_bm25,19,72545,4.710214614868164,50
post_phase12_module1_M1-B,M1-B,R086,روپے ki value ke baray mein latest update,NAT,,MIXED,urdu_bm25,20,72060,4.70869255065918,50
post_phase12_module1_M1-B,M1-B,R086,روپے ki value ke baray mein latest update,NAT,,MIXED,urdu_bm25,21,1590,4.707672595977783,50
post_phase12_module1_M1-B,M1-B,R086,روپے ki value ke baray mein latest update,NAT,,MIXED,urdu_bm25,22,17165,4.705555438995361,50
post_phase12_module1_M1-B,M1-B,R086,روپے ki value ke baray mein latest update,NAT,,MIXED,urdu_bm25,23,73507,4.705499172210693,50
post_phase12_module1_M1-B,M1-B,R086,روپے ki value ke baray mein latest update,NAT,,MIXED,urdu_bm25,24,110395,4.705461025238037,50
post_phase12_module1_M1-B,M1-B,R086,روپے ki value ke baray mein latest update,NAT,,MIXED,urdu_bm25,25,65812,4.704935073852539,50
post_phase12_module1_M1-B,M1-B,R086,روپے ki value ke baray mein latest update,NAT,,MIXED,urdu_bm25,26,1306,4.704194068908691,50
post_phase12_module1_M1-B,M1-B,R086,روپے ki value ke baray mein latest update,NAT,,MIXED,urdu_bm25,27,17438,4.6993584632873535,50
post_phase12_module1_M1-B,M1-B,R086,روپے ki value ke baray mein latest update,NAT,,MIXED,urdu_bm25,28,65536,4.698122501373291,50
post_phase12_module1_M1-B,M1-B,R086,روپے ki value ke baray mein latest update,NAT,,MIXED,urdu_bm25,29,78344,4.696033477783203,50
post_phase12_module1_M1-B,M1-B,R086,روپے ki value ke baray mein latest update,NAT,,MIXED,urdu_bm25,30,17191,4.693648815155029,50
post_phase12_module1_M1-B,M1-B,R086,روپے ki value ke baray mein latest update,NAT,,MIXED,urdu_bm25,31,109551,4.693490505218506,50
post_phase12_module1_M1-B,M1-B,R086,روپے ki value ke baray mein latest update,NAT,,MIXED,urdu_bm25,32,12,4.691726207733154,50
post_phase12_module1_M1-B,M1-B,R086,روپے ki value ke baray mein latest update,NAT,,MIXED,urdu_bm25,33,64587,4.689133167266846,50
post_phase12_module1_M1-B,M1-B,R086,روپے ki value ke baray mein latest update,NAT,,MIXED,urdu_bm25,34,110969,4.688810348510742,50
post_phase12_module1_M1-B,M1-B,R086,روپے ki value ke baray mein latest update,NAT,,MIXED,urdu_bm25,35,71160,4.688138961791992,50
post_phase12_module1_M1-B,M1-B,R086,روپے ki value ke baray mein latest update,NAT,,MIXED,urdu_bm25,36,1797,4.687166213989258,50
post_phase12_module1_M1-B,M1-B,R086,روپے ki value ke baray mein latest update,NAT,,MIXED,urdu_bm25,37,75415,4.686075687408447,50
post_phase12_module1_M1-B,M1-B,R086,روپے ki value ke baray mein latest update,NAT,,MIXED,urdu_bm25,38,77008,4.6855974197387695,50
post_phase12_module1_M1-B,M1-B,R086,روپے ki value ke baray mein latest update,NAT,,MIXED,urdu_bm25,39,72038,4.684986114501953,50
post_phase12_module1_M1-B,M1-B,R086,روپے ki value ke baray mein latest update,NAT,,MIXED,urdu_bm25,40,62137,4.6842169761657715,50
post_phase12_module1_M1-B,M1-B,R086,روپے ki value ke baray mein latest update,NAT,,MIXED,urdu_bm25,41,108892,4.684090614318848,50
post_phase12_module1_M1-B,M1-B,R086,روپے ki value ke baray mein latest update,NAT,,MIXED,urdu_bm25,42,39516,4.683716297149658,50
post_phase12_module1_M1-B,M1-B,R086,روپے ki value ke baray mein latest update,NAT,,MIXED,urdu_bm25,43,85330,4.681537628173828,50
post_phase12_module1_M1-B,M1-B,R086,روپے ki value ke baray mein latest update,NAT,,MIXED,urdu_bm25,44,1379,4.680487155914307,50
post_phase12_module1_M1-B,M1-B,R086,روپے ki value ke baray mein latest update,NAT,,MIXED,urdu_bm25,45,72326,4.679333686828613,50
post_phase12_module1_M1-B,M1-B,R086,روپے ki value ke baray mein latest update,NAT,,MIXED,urdu_bm25,46,73340,4.676769256591797,50
post_phase12_module1_M1-B,M1-B,R086,روپے ki value ke baray mein latest update,NAT,,MIXED,urdu_bm25,47,109924,4.675319194793701,50
post_phase12_module1_M1-B,M1-B,R086,روپے ki value ke baray mein latest update,NAT,,MIXED,urdu_bm25,48,1435,4.674398899078369,50
post_phase12_module1_M1-B,M1-B,R086,روپے ki value ke baray mein latest update,NAT,,MIXED,urdu_bm25,49,77173,4.673858165740967,50
post_phase12_module1_M1-B,M1-B,R086,روپے ki value ke baray mein latest update,NAT,,MIXED,urdu_bm25,50,111768,4.672694206237793,50
post_phase12_module1_M1-B,M1-B,R087,gwadar port news,NAT,,ROMAN,roman_bm25_method_D,1,102141,13.496345520019531,50
post_phase12_module1_M1-B,M1-B,R087,gwadar port news,NAT,,ROMAN,roman_bm25_method_D,2,3209,11.925971984863281,50
post_phase12_module1_M1-B,M1-B,R087,gwadar port news,NAT,,ROMAN,roman_bm25_method_D,3,71683,11.058823585510254,50
post_phase12_module1_M1-B,M1-B,R087,gwadar port news,NAT,,ROMAN,roman_bm25_method_D,4,2333,10.924262046813965,50
post_phase12_module1_M1-B,M1-B,R087,gwadar port news,NAT,,ROMAN,roman_bm25_method_D,5,57617,10.856395721435547,50
post_phase12_module1_M1-B,M1-B,R087,gwadar port news,NAT,,ROMAN,roman_bm25_method_D,6,21278,10.798321723937988,50
post_phase12_module1_M1-B,M1-B,R087,gwadar port news,NAT,,ROMAN,roman_bm25_method_D,7,3267,10.66046142578125,50
post_phase12_module1_M1-B,M1-B,R087,gwadar port news,NAT,,ROMAN,roman_bm25_method_D,8,38909,10.538844108581543,50
post_phase12_module1_M1-B,M1-B,R087,gwadar port news,NAT,,ROMAN,roman_bm25_method_D,9,2708,10.269651412963867,50
post_phase12_module1_M1-B,M1-B,R087,gwadar port news,NAT,,ROMAN,roman_bm25_method_D,10,109392,10.017653465270996,50
post_phase12_module1_M1-B,M1-B,R087,gwadar port news,NAT,,ROMAN,roman_bm25_method_D,11,62812,10.015615463256836,50
post_phase12_module1_M1-B,M1-B,R087,gwadar port news,NAT,,ROMAN,roman_bm25_method_D,12,103058,9.990457534790039,50
post_phase12_module1_M1-B,M1-B,R087,gwadar port news,NAT,,ROMAN,roman_bm25_method_D,13,62873,9.907447814941406,50
post_phase12_module1_M1-B,M1-B,R087,gwadar port news,NAT,,ROMAN,roman_bm25_method_D,14,43707,9.788261413574219,50
post_phase12_module1_M1-B,M1-B,R087,gwadar port news,NAT,,ROMAN,roman_bm25_method_D,15,45064,9.73452377319336,50
post_phase12_module1_M1-B,M1-B,R087,gwadar port news,NAT,,ROMAN,roman_bm25_method_D,16,74726,9.719136238098145,50
post_phase12_module1_M1-B,M1-B,R087,gwadar port news,NAT,,ROMAN,roman_bm25_method_D,17,2654,9.689371109008789,50
post_phase12_module1_M1-B,M1-B,R087,gwadar port news,NAT,,ROMAN,roman_bm25_method_D,18,41052,9.66659164428711,50
post_phase12_module1_M1-B,M1-B,R087,gwadar port news,NAT,,ROMAN,roman_bm25_method_D,19,76457,9.66219711303711,50
post_phase12_module1_M1-B,M1-B,R087,gwadar port news,NAT,,ROMAN,roman_bm25_method_D,20,77107,9.645065307617188,50
post_phase12_module1_M1-B,M1-B,R087,gwadar port news,NAT,,ROMAN,roman_bm25_method_D,21,96467,9.593833923339844,50
post_phase12_module1_M1-B,M1-B,R087,gwadar port news,NAT,,ROMAN,roman_bm25_method_D,22,2513,9.592456817626953,50
post_phase12_module1_M1-B,M1-B,R087,gwadar port news,NAT,,ROMAN,roman_bm25_method_D,23,39305,9.549846649169922,50
post_phase12_module1_M1-B,M1-B,R087,gwadar port news,NAT,,ROMAN,roman_bm25_method_D,24,77514,9.537599563598633,50
post_phase12_module1_M1-B,M1-B,R087,gwadar port news,NAT,,ROMAN,roman_bm25_method_D,25,78815,9.509815216064453,50
post_phase12_module1_M1-B,M1-B,R087,gwadar port news,NAT,,ROMAN,roman_bm25_method_D,26,77426,9.50111198425293,50
post_phase12_module1_M1-B,M1-B,R087,gwadar port news,NAT,,ROMAN,roman_bm25_method_D,27,40135,9.47654914855957,50
post_phase12_module1_M1-B,M1-B,R087,gwadar port news,NAT,,ROMAN,roman_bm25_method_D,28,71816,9.44898509979248,50
post_phase12_module1_M1-B,M1-B,R087,gwadar port news,NAT,,ROMAN,roman_bm25_method_D,29,7500,9.437921524047852,50
post_phase12_module1_M1-B,M1-B,R087,gwadar port news,NAT,,ROMAN,roman_bm25_method_D,30,70529,9.410663604736328,50
post_phase12_module1_M1-B,M1-B,R087,gwadar port news,NAT,,ROMAN,roman_bm25_method_D,31,74452,9.410663604736328,50
post_phase12_module1_M1-B,M1-B,R087,gwadar port news,NAT,,ROMAN,roman_bm25_method_D,32,64337,9.410663604736328,50
post_phase12_module1_M1-B,M1-B,R087,gwadar port news,NAT,,ROMAN,roman_bm25_method_D,33,76072,9.404135704040527,50
post_phase12_module1_M1-B,M1-B,R087,gwadar port news,NAT,,ROMAN,roman_bm25_method_D,34,65869,9.366523742675781,50
post_phase12_module1_M1-B,M1-B,R087,gwadar port news,NAT,,ROMAN,roman_bm25_method_D,35,41169,9.345802307128906,50
post_phase12_module1_M1-B,M1-B,R087,gwadar port news,NAT,,ROMAN,roman_bm25_method_D,36,73167,9.322966575622559,50
post_phase12_module1_M1-B,M1-B,R087,gwadar port news,NAT,,ROMAN,roman_bm25_method_D,37,40106,9.320106506347656,50
post_phase12_module1_M1-B,M1-B,R087,gwadar port news,NAT,,ROMAN,roman_bm25_method_D,38,65182,9.271316528320312,50
post_phase12_module1_M1-B,M1-B,R087,gwadar port news,NAT,,ROMAN,roman_bm25_method_D,39,39261,9.25549602508545,50
post_phase12_module1_M1-B,M1-B,R087,gwadar port news,NAT,,ROMAN,roman_bm25_method_D,40,2533,9.226359367370605,50
post_phase12_module1_M1-B,M1-B,R087,gwadar port news,NAT,,ROMAN,roman_bm25_method_D,41,72424,9.208463668823242,50
post_phase12_module1_M1-B,M1-B,R087,gwadar port news,NAT,,ROMAN,roman_bm25_method_D,42,73241,9.183159828186035,50
post_phase12_module1_M1-B,M1-B,R087,gwadar port news,NAT,,ROMAN,roman_bm25_method_D,43,40481,9.168856620788574,50
post_phase12_module1_M1-B,M1-B,R087,gwadar port news,NAT,,ROMAN,roman_bm25_method_D,44,79387,9.118948936462402,50
post_phase12_module1_M1-B,M1-B,R087,gwadar port news,NAT,,ROMAN,roman_bm25_method_D,45,78136,9.117897033691406,50
post_phase12_module1_M1-B,M1-B,R087,gwadar port news,NAT,,ROMAN,roman_bm25_method_D,46,40597,9.115501403808594,50
post_phase12_module1_M1-B,M1-B,R087,gwadar port news,NAT,,ROMAN,roman_bm25_method_D,47,62093,9.110239028930664,50
post_phase12_module1_M1-B,M1-B,R087,gwadar port news,NAT,,ROMAN,roman_bm25_method_D,48,77445,9.10498332977295,50
post_phase12_module1_M1-B,M1-B,R087,gwadar port news,NAT,,ROMAN,roman_bm25_method_D,49,42405,9.100646018981934,50
post_phase12_module1_M1-B,M1-B,R087,gwadar port news,NAT,,ROMAN,roman_bm25_method_D,50,39151,9.099525451660156,50
post_phase12_module1_M1-B,M1-B,R088,Pakistani film box office Eid 2026,NAT,,ROMAN,roman_bm25_method_D,1,84126,17.14612579345703,50
post_phase12_module1_M1-B,M1-B,R088,Pakistani film box office Eid 2026,NAT,,ROMAN,roman_bm25_method_D,2,55132,16.730907440185547,50
post_phase12_module1_M1-B,M1-B,R088,Pakistani film box office Eid 2026,NAT,,ROMAN,roman_bm25_method_D,3,31206,14.599864959716797,50
post_phase12_module1_M1-B,M1-B,R088,Pakistani film box office Eid 2026,NAT,,ROMAN,roman_bm25_method_D,4,30560,13.614726066589355,50
post_phase12_module1_M1-B,M1-B,R088,Pakistani film box office Eid 2026,NAT,,ROMAN,roman_bm25_method_D,5,26590,13.325119972229004,50
post_phase12_module1_M1-B,M1-B,R088,Pakistani film box office Eid 2026,NAT,,ROMAN,roman_bm25_method_D,6,27820,12.433928489685059,50
post_phase12_module1_M1-B,M1-B,R088,Pakistani film box office Eid 2026,NAT,,ROMAN,roman_bm25_method_D,7,80876,12.328522682189941,50
post_phase12_module1_M1-B,M1-B,R088,Pakistani film box office Eid 2026,NAT,,ROMAN,roman_bm25_method_D,8,33113,11.306136131286621,50
post_phase12_module1_M1-B,M1-B,R088,Pakistani film box office Eid 2026,NAT,,ROMAN,roman_bm25_method_D,9,90442,10.690716743469238,50
post_phase12_module1_M1-B,M1-B,R088,Pakistani film box office Eid 2026,NAT,,ROMAN,roman_bm25_method_D,10,59763,10.52631664276123,50
post_phase12_module1_M1-B,M1-B,R088,Pakistani film box office Eid 2026,NAT,,ROMAN,roman_bm25_method_D,11,55025,10.241012573242188,50
post_phase12_module1_M1-B,M1-B,R088,Pakistani film box office Eid 2026,NAT,,ROMAN,roman_bm25_method_D,12,4092,9.263389587402344,50
post_phase12_module1_M1-B,M1-B,R088,Pakistani film box office Eid 2026,NAT,,ROMAN,roman_bm25_method_D,13,28999,9.241397857666016,50
post_phase12_module1_M1-B,M1-B,R088,Pakistani film box office Eid 2026,NAT,,ROMAN,roman_bm25_method_D,14,47508,9.191554069519043,50
post_phase12_module1_M1-B,M1-B,R088,Pakistani film box office Eid 2026,NAT,,ROMAN,roman_bm25_method_D,15,3821,8.635828018188477,50
post_phase12_module1_M1-B,M1-B,R088,Pakistani film box office Eid 2026,NAT,,ROMAN,roman_bm25_method_D,16,39149,8.21660041809082,50
post_phase12_module1_M1-B,M1-B,R088,Pakistani film box office Eid 2026,NAT,,ROMAN,roman_bm25_method_D,17,10990,7.909102439880371,50
post_phase12_module1_M1-B,M1-B,R088,Pakistani film box office Eid 2026,NAT,,ROMAN,roman_bm25_method_D,18,3148,7.874889850616455,50
post_phase12_module1_M1-B,M1-B,R088,Pakistani film box office Eid 2026,NAT,,ROMAN,roman_bm25_method_D,19,27819,7.628148078918457,50
post_phase12_module1_M1-B,M1-B,R088,Pakistani film box office Eid 2026,NAT,,ROMAN,roman_bm25_method_D,20,25466,7.504974842071533,50
post_phase12_module1_M1-B,M1-B,R088,Pakistani film box office Eid 2026,NAT,,ROMAN,roman_bm25_method_D,21,1364,6.461599826812744,50
post_phase12_module1_M1-B,M1-B,R088,Pakistani film box office Eid 2026,NAT,,ROMAN,roman_bm25_method_D,22,13540,6.092025279998779,50
post_phase12_module1_M1-B,M1-B,R088,Pakistani film box office Eid 2026,NAT,,ROMAN,roman_bm25_method_D,23,1358,5.801674842834473,50
post_phase12_module1_M1-B,M1-B,R088,Pakistani film box office Eid 2026,NAT,,ROMAN,roman_bm25_method_D,24,24664,5.519804954528809,50
post_phase12_module1_M1-B,M1-B,R088,Pakistani film box office Eid 2026,NAT,,ROMAN,roman_bm25_method_D,25,1796,5.363457202911377,50
post_phase12_module1_M1-B,M1-B,R088,Pakistani film box office Eid 2026,NAT,,ROMAN,roman_bm25_method_D,26,26775,5.106327533721924,50
post_phase12_module1_M1-B,M1-B,R088,Pakistani film box office Eid 2026,NAT,,ROMAN,roman_bm25_method_D,27,24681,5.080953121185303,50
post_phase12_module1_M1-B,M1-B,R088,Pakistani film box office Eid 2026,NAT,,ROMAN,roman_bm25_method_D,28,342,4.91016149520874,50
post_phase12_module1_M1-B,M1-B,R088,Pakistani film box office Eid 2026,NAT,,ROMAN,roman_bm25_method_D,29,2633,4.668066501617432,50
post_phase12_module1_M1-B,M1-B,R088,Pakistani film box office Eid 2026,NAT,,ROMAN,roman_bm25_method_D,30,49721,4.032383441925049,50
post_phase12_module1_M1-B,M1-B,R088,Pakistani film box office Eid 2026,NAT,,ROMAN,roman_bm25_method_D,31,66988,4.030421257019043,50
post_phase12_module1_M1-B,M1-B,R088,Pakistani film box office Eid 2026,NAT,,ROMAN,roman_bm25_method_D,32,67060,4.021703720092773,50
post_phase12_module1_M1-B,M1-B,R088,Pakistani film box office Eid 2026,NAT,,ROMAN,roman_bm25_method_D,33,17979,4.017566680908203,50
post_phase12_module1_M1-B,M1-B,R088,Pakistani film box office Eid 2026,NAT,,ROMAN,roman_bm25_method_D,34,108637,4.012545585632324,50
post_phase12_module1_M1-B,M1-B,R088,Pakistani film box office Eid 2026,NAT,,ROMAN,roman_bm25_method_D,35,101525,4.007071495056152,50
post_phase12_module1_M1-B,M1-B,R088,Pakistani film box office Eid 2026,NAT,,ROMAN,roman_bm25_method_D,36,101506,4.006890773773193,50
post_phase12_module1_M1-B,M1-B,R088,Pakistani film box office Eid 2026,NAT,,ROMAN,roman_bm25_method_D,37,100165,4.004600524902344,50
post_phase12_module1_M1-B,M1-B,R088,Pakistani film box office Eid 2026,NAT,,ROMAN,roman_bm25_method_D,38,66730,4.003881454467773,50
post_phase12_module1_M1-B,M1-B,R088,Pakistani film box office Eid 2026,NAT,,ROMAN,roman_bm25_method_D,39,10509,4.001791477203369,50
post_phase12_module1_M1-B,M1-B,R088,Pakistani film box office Eid 2026,NAT,,ROMAN,roman_bm25_method_D,40,6133,4.0014729499816895,50
post_phase12_module1_M1-B,M1-B,R088,Pakistani film box office Eid 2026,NAT,,ROMAN,roman_bm25_method_D,41,100408,4.000586032867432,50
post_phase12_module1_M1-B,M1-B,R088,Pakistani film box office Eid 2026,NAT,,ROMAN,roman_bm25_method_D,42,10193,3.9992198944091797,50
post_phase12_module1_M1-B,M1-B,R088,Pakistani film box office Eid 2026,NAT,,ROMAN,roman_bm25_method_D,43,99568,3.9983866214752197,50
post_phase12_module1_M1-B,M1-B,R088,Pakistani film box office Eid 2026,NAT,,ROMAN,roman_bm25_method_D,44,101406,3.9953954219818115,50
post_phase12_module1_M1-B,M1-B,R088,Pakistani film box office Eid 2026,NAT,,ROMAN,roman_bm25_method_D,45,6344,3.9940927028656006,50
post_phase12_module1_M1-B,M1-B,R088,Pakistani film box office Eid 2026,NAT,,ROMAN,roman_bm25_method_D,46,98499,3.9928860664367676,50
post_phase12_module1_M1-B,M1-B,R088,Pakistani film box office Eid 2026,NAT,,ROMAN,roman_bm25_method_D,47,66404,3.992765188217163,50
post_phase12_module1_M1-B,M1-B,R088,Pakistani film box office Eid 2026,NAT,,ROMAN,roman_bm25_method_D,48,100825,3.989126205444336,50
post_phase12_module1_M1-B,M1-B,R088,Pakistani film box office Eid 2026,NAT,,ROMAN,roman_bm25_method_D,49,15397,3.9883899688720703,50
post_phase12_module1_M1-B,M1-B,R088,Pakistani film box office Eid 2026,NAT,,ROMAN,roman_bm25_method_D,50,100261,3.987943410873413,50
post_phase12_module1_M1-B,M1-B,R089,online banking fraud se bachne ke liye users ko kya karna chahiye,NAT,,ROMAN,roman_bm25_method_D,1,77147,4.197887420654297,50
post_phase12_module1_M1-B,M1-B,R089,online banking fraud se bachne ke liye users ko kya karna chahiye,NAT,,ROMAN,roman_bm25_method_D,2,13564,4.186422348022461,50
post_phase12_module1_M1-B,M1-B,R089,online banking fraud se bachne ke liye users ko kya karna chahiye,NAT,,ROMAN,roman_bm25_method_D,3,86441,4.179910182952881,50
post_phase12_module1_M1-B,M1-B,R089,online banking fraud se bachne ke liye users ko kya karna chahiye,NAT,,ROMAN,roman_bm25_method_D,4,23750,4.172107219696045,50
post_phase12_module1_M1-B,M1-B,R089,online banking fraud se bachne ke liye users ko kya karna chahiye,NAT,,ROMAN,roman_bm25_method_D,5,18240,4.091057300567627,50
post_phase12_module1_M1-B,M1-B,R089,online banking fraud se bachne ke liye users ko kya karna chahiye,NAT,,ROMAN,roman_bm25_method_D,6,14114,4.086160182952881,50
post_phase12_module1_M1-B,M1-B,R089,online banking fraud se bachne ke liye users ko kya karna chahiye,NAT,,ROMAN,roman_bm25_method_D,7,78673,4.06364107131958,50
post_phase12_module1_M1-B,M1-B,R089,online banking fraud se bachne ke liye users ko kya karna chahiye,NAT,,ROMAN,roman_bm25_method_D,8,58593,4.050982475280762,50
post_phase12_module1_M1-B,M1-B,R089,online banking fraud se bachne ke liye users ko kya karna chahiye,NAT,,ROMAN,roman_bm25_method_D,9,108347,4.023463249206543,50
post_phase12_module1_M1-B,M1-B,R089,online banking fraud se bachne ke liye users ko kya karna chahiye,NAT,,ROMAN,roman_bm25_method_D,10,110915,4.003172874450684,50
post_phase12_module1_M1-B,M1-B,R089,online banking fraud se bachne ke liye users ko kya karna chahiye,NAT,,ROMAN,roman_bm25_method_D,11,85706,3.9992384910583496,50
post_phase12_module1_M1-B,M1-B,R089,online banking fraud se bachne ke liye users ko kya karna chahiye,NAT,,ROMAN,roman_bm25_method_D,12,36076,3.979323625564575,50
post_phase12_module1_M1-B,M1-B,R089,online banking fraud se bachne ke liye users ko kya karna chahiye,NAT,,ROMAN,roman_bm25_method_D,13,89187,3.975935935974121,50
post_phase12_module1_M1-B,M1-B,R089,online banking fraud se bachne ke liye users ko kya karna chahiye,NAT,,ROMAN,roman_bm25_method_D,14,85568,3.942918539047241,50
post_phase12_module1_M1-B,M1-B,R089,online banking fraud se bachne ke liye users ko kya karna chahiye,NAT,,ROMAN,roman_bm25_method_D,15,2907,3.9422667026519775,50
post_phase12_module1_M1-B,M1-B,R089,online banking fraud se bachne ke liye users ko kya karna chahiye,NAT,,ROMAN,roman_bm25_method_D,16,87180,3.930729627609253,50
post_phase12_module1_M1-B,M1-B,R089,online banking fraud se bachne ke liye users ko kya karna chahiye,NAT,,ROMAN,roman_bm25_method_D,17,88671,3.927384614944458,50
post_phase12_module1_M1-B,M1-B,R089,online banking fraud se bachne ke liye users ko kya karna chahiye,NAT,,ROMAN,roman_bm25_method_D,18,91047,3.9246256351470947,50
post_phase12_module1_M1-B,M1-B,R089,online banking fraud se bachne ke liye users ko kya karna chahiye,NAT,,ROMAN,roman_bm25_method_D,19,71783,3.920518636703491,50
post_phase12_module1_M1-B,M1-B,R089,online banking fraud se bachne ke liye users ko kya karna chahiye,NAT,,ROMAN,roman_bm25_method_D,20,30809,3.9197330474853516,50
post_phase12_module1_M1-B,M1-B,R089,online banking fraud se bachne ke liye users ko kya karna chahiye,NAT,,ROMAN,roman_bm25_method_D,21,11360,3.91766357421875,50
post_phase12_module1_M1-B,M1-B,R089,online banking fraud se bachne ke liye users ko kya karna chahiye,NAT,,ROMAN,roman_bm25_method_D,22,85662,3.9158568382263184,50
post_phase12_module1_M1-B,M1-B,R089,online banking fraud se bachne ke liye users ko kya karna chahiye,NAT,,ROMAN,roman_bm25_method_D,23,62689,3.913018226623535,50
post_phase12_module1_M1-B,M1-B,R089,online banking fraud se bachne ke liye users ko kya karna chahiye,NAT,,ROMAN,roman_bm25_method_D,24,95634,3.903756856918335,50
post_phase12_module1_M1-B,M1-B,R089,online banking fraud se bachne ke liye users ko kya karna chahiye,NAT,,ROMAN,roman_bm25_method_D,25,58124,3.902756690979004,50
post_phase12_module1_M1-B,M1-B,R089,online banking fraud se bachne ke liye users ko kya karna chahiye,NAT,,ROMAN,roman_bm25_method_D,26,41078,3.8999674320220947,50
post_phase12_module1_M1-B,M1-B,R089,online banking fraud se bachne ke liye users ko kya karna chahiye,NAT,,ROMAN,roman_bm25_method_D,27,10196,3.8982086181640625,50
post_phase12_module1_M1-B,M1-B,R089,online banking fraud se bachne ke liye users ko kya karna chahiye,NAT,,ROMAN,roman_bm25_method_D,28,88425,3.8966925144195557,50
post_phase12_module1_M1-B,M1-B,R089,online banking fraud se bachne ke liye users ko kya karna chahiye,NAT,,ROMAN,roman_bm25_method_D,29,18103,3.8893537521362305,50
post_phase12_module1_M1-B,M1-B,R089,online banking fraud se bachne ke liye users ko kya karna chahiye,NAT,,ROMAN,roman_bm25_method_D,30,37009,3.8889622688293457,50
post_phase12_module1_M1-B,M1-B,R089,online banking fraud se bachne ke liye users ko kya karna chahiye,NAT,,ROMAN,roman_bm25_method_D,31,100867,3.8793742656707764,50
post_phase12_module1_M1-B,M1-B,R089,online banking fraud se bachne ke liye users ko kya karna chahiye,NAT,,ROMAN,roman_bm25_method_D,32,21542,3.8776488304138184,50
post_phase12_module1_M1-B,M1-B,R089,online banking fraud se bachne ke liye users ko kya karna chahiye,NAT,,ROMAN,roman_bm25_method_D,33,79456,3.873913288116455,50
post_phase12_module1_M1-B,M1-B,R089,online banking fraud se bachne ke liye users ko kya karna chahiye,NAT,,ROMAN,roman_bm25_method_D,34,90286,3.869103193283081,50
post_phase12_module1_M1-B,M1-B,R089,online banking fraud se bachne ke liye users ko kya karna chahiye,NAT,,ROMAN,roman_bm25_method_D,35,110553,3.8678886890411377,50
post_phase12_module1_M1-B,M1-B,R089,online banking fraud se bachne ke liye users ko kya karna chahiye,NAT,,ROMAN,roman_bm25_method_D,36,62078,3.8673758506774902,50
post_phase12_module1_M1-B,M1-B,R089,online banking fraud se bachne ke liye users ko kya karna chahiye,NAT,,ROMAN,roman_bm25_method_D,37,20761,3.8652563095092773,50
post_phase12_module1_M1-B,M1-B,R089,online banking fraud se bachne ke liye users ko kya karna chahiye,NAT,,ROMAN,roman_bm25_method_D,38,55858,3.863607883453369,50
post_phase12_module1_M1-B,M1-B,R089,online banking fraud se bachne ke liye users ko kya karna chahiye,NAT,,ROMAN,roman_bm25_method_D,39,89242,3.863405227661133,50
post_phase12_module1_M1-B,M1-B,R089,online banking fraud se bachne ke liye users ko kya karna chahiye,NAT,,ROMAN,roman_bm25_method_D,40,88528,3.8625476360321045,50
post_phase12_module1_M1-B,M1-B,R089,online banking fraud se bachne ke liye users ko kya karna chahiye,NAT,,ROMAN,roman_bm25_method_D,41,64571,3.8598148822784424,50
post_phase12_module1_M1-B,M1-B,R089,online banking fraud se bachne ke liye users ko kya karna chahiye,NAT,,ROMAN,roman_bm25_method_D,42,45419,3.8590824604034424,50
post_phase12_module1_M1-B,M1-B,R089,online banking fraud se bachne ke liye users ko kya karna chahiye,NAT,,ROMAN,roman_bm25_method_D,43,49273,3.854731798171997,50
post_phase12_module1_M1-B,M1-B,R089,online banking fraud se bachne ke liye users ko kya karna chahiye,NAT,,ROMAN,roman_bm25_method_D,44,40612,3.8499677181243896,50
post_phase12_module1_M1-B,M1-B,R089,online banking fraud se bachne ke liye users ko kya karna chahiye,NAT,,ROMAN,roman_bm25_method_D,45,66105,3.8446767330169678,50
post_phase12_module1_M1-B,M1-B,R089,online banking fraud se bachne ke liye users ko kya karna chahiye,NAT,,ROMAN,roman_bm25_method_D,46,82407,3.8418426513671875,50
post_phase12_module1_M1-B,M1-B,R089,online banking fraud se bachne ke liye users ko kya karna chahiye,NAT,,ROMAN,roman_bm25_method_D,47,81214,3.840452194213867,50
post_phase12_module1_M1-B,M1-B,R089,online banking fraud se bachne ke liye users ko kya karna chahiye,NAT,,ROMAN,roman_bm25_method_D,48,89244,3.8401739597320557,50
post_phase12_module1_M1-B,M1-B,R089,online banking fraud se bachne ke liye users ko kya karna chahiye,NAT,,ROMAN,roman_bm25_method_D,49,8179,3.8399269580841064,50
post_phase12_module1_M1-B,M1-B,R089,online banking fraud se bachne ke liye users ko kya karna chahiye,NAT,,ROMAN,roman_bm25_method_D,50,14432,3.8386542797088623,50
post_phase12_module1_M1-B,M1-B,R090,matric result 2026 kab aye ga punjab,NAT,,ROMAN,roman_bm25_method_D,1,18668,19.96223258972168,50
post_phase12_module1_M1-B,M1-B,R090,matric result 2026 kab aye ga punjab,NAT,,ROMAN,roman_bm25_method_D,2,84126,18.86408805847168,50
post_phase12_module1_M1-B,M1-B,R090,matric result 2026 kab aye ga punjab,NAT,,ROMAN,roman_bm25_method_D,3,55132,16.730907440185547,50
post_phase12_module1_M1-B,M1-B,R090,matric result 2026 kab aye ga punjab,NAT,,ROMAN,roman_bm25_method_D,4,31206,16.492704391479492,50
post_phase12_module1_M1-B,M1-B,R090,matric result 2026 kab aye ga punjab,NAT,,ROMAN,roman_bm25_method_D,5,30560,15.894063949584961,50
post_phase12_module1_M1-B,M1-B,R090,matric result 2026 kab aye ga punjab,NAT,,ROMAN,roman_bm25_method_D,6,27820,14.694852828979492,50
post_phase12_module1_M1-B,M1-B,R090,matric result 2026 kab aye ga punjab,NAT,,ROMAN,roman_bm25_method_D,7,26590,13.325119972229004,50
post_phase12_module1_M1-B,M1-B,R090,matric result 2026 kab aye ga punjab,NAT,,ROMAN,roman_bm25_method_D,8,80876,12.328522682189941,50
post_phase12_module1_M1-B,M1-B,R090,matric result 2026 kab aye ga punjab,NAT,,ROMAN,roman_bm25_method_D,9,59763,12.288601875305176,50
post_phase12_module1_M1-B,M1-B,R090,matric result 2026 kab aye ga punjab,NAT,,ROMAN,roman_bm25_method_D,10,33113,11.306136131286621,50
post_phase12_module1_M1-B,M1-B,R090,matric result 2026 kab aye ga punjab,NAT,,ROMAN,roman_bm25_method_D,11,28999,10.788565635681152,50
post_phase12_module1_M1-B,M1-B,R090,matric result 2026 kab aye ga punjab,NAT,,ROMAN,roman_bm25_method_D,12,90442,10.690716743469238,50
post_phase12_module1_M1-B,M1-B,R090,matric result 2026 kab aye ga punjab,NAT,,ROMAN,roman_bm25_method_D,13,55025,10.241012573242188,50
post_phase12_module1_M1-B,M1-B,R090,matric result 2026 kab aye ga punjab,NAT,,ROMAN,roman_bm25_method_D,14,39149,9.592199325561523,50
post_phase12_module1_M1-B,M1-B,R090,matric result 2026 kab aye ga punjab,NAT,,ROMAN,roman_bm25_method_D,15,3148,9.193281173706055,50
post_phase12_module1_M1-B,M1-B,R090,matric result 2026 kab aye ga punjab,NAT,,ROMAN,roman_bm25_method_D,16,47508,9.191554069519043,50
post_phase12_module1_M1-B,M1-B,R090,matric result 2026 kab aye ga punjab,NAT,,ROMAN,roman_bm25_method_D,17,25466,8.761435508728027,50
post_phase12_module1_M1-B,M1-B,R090,matric result 2026 kab aye ga punjab,NAT,,ROMAN,roman_bm25_method_D,18,24681,7.722960472106934,50
post_phase12_module1_M1-B,M1-B,R090,matric result 2026 kab aye ga punjab,NAT,,ROMAN,roman_bm25_method_D,19,27819,7.628148078918457,50
post_phase12_module1_M1-B,M1-B,R090,matric result 2026 kab aye ga punjab,NAT,,ROMAN,roman_bm25_method_D,20,342,6.827446937561035,50
post_phase12_module1_M1-B,M1-B,R090,matric result 2026 kab aye ga punjab,NAT,,ROMAN,roman_bm25_method_D,21,1364,6.461599826812744,50
post_phase12_module1_M1-B,M1-B,R090,matric result 2026 kab aye ga punjab,NAT,,ROMAN,roman_bm25_method_D,22,24664,6.443914413452148,50
post_phase12_module1_M1-B,M1-B,R090,matric result 2026 kab aye ga punjab,NAT,,ROMAN,roman_bm25_method_D,23,2633,6.281457901000977,50
post_phase12_module1_M1-B,M1-B,R090,matric result 2026 kab aye ga punjab,NAT,,ROMAN,roman_bm25_method_D,24,13540,6.092025279998779,50
post_phase12_module1_M1-B,M1-B,R090,matric result 2026 kab aye ga punjab,NAT,,ROMAN,roman_bm25_method_D,25,4092,6.063126564025879,50
post_phase12_module1_M1-B,M1-B,R090,matric result 2026 kab aye ga punjab,NAT,,ROMAN,roman_bm25_method_D,26,1358,5.801674842834473,50
post_phase12_module1_M1-B,M1-B,R090,matric result 2026 kab aye ga punjab,NAT,,ROMAN,roman_bm25_method_D,27,3821,5.3690900802612305,50
post_phase12_module1_M1-B,M1-B,R090,matric result 2026 kab aye ga punjab,NAT,,ROMAN,roman_bm25_method_D,28,1796,5.363457202911377,50
post_phase12_module1_M1-B,M1-B,R090,matric result 2026 kab aye ga punjab,NAT,,ROMAN,roman_bm25_method_D,29,26775,5.106327533721924,50
post_phase12_module1_M1-B,M1-B,R090,matric result 2026 kab aye ga punjab,NAT,,ROMAN,roman_bm25_method_D,30,10990,5.065850257873535,50
post_phase12_module1_M1-B,M1-B,R090,matric result 2026 kab aye ga punjab,NAT,,ROMAN,roman_bm25_method_D,31,79297,3.143375873565674,50
post_phase12_module1_M1-B,M1-B,R090,matric result 2026 kab aye ga punjab,NAT,,ROMAN,roman_bm25_method_D,32,80067,3.132289171218872,50
post_phase12_module1_M1-B,M1-B,R090,matric result 2026 kab aye ga punjab,NAT,,ROMAN,roman_bm25_method_D,33,42708,3.094301223754883,50
post_phase12_module1_M1-B,M1-B,R090,matric result 2026 kab aye ga punjab,NAT,,ROMAN,roman_bm25_method_D,34,88350,3.0782272815704346,50
post_phase12_module1_M1-B,M1-B,R090,matric result 2026 kab aye ga punjab,NAT,,ROMAN,roman_bm25_method_D,35,89368,3.0753965377807617,50
post_phase12_module1_M1-B,M1-B,R090,matric result 2026 kab aye ga punjab,NAT,,ROMAN,roman_bm25_method_D,36,79797,3.0711398124694824,50
post_phase12_module1_M1-B,M1-B,R090,matric result 2026 kab aye ga punjab,NAT,,ROMAN,roman_bm25_method_D,37,45998,3.067523717880249,50
post_phase12_module1_M1-B,M1-B,R090,matric result 2026 kab aye ga punjab,NAT,,ROMAN,roman_bm25_method_D,38,73349,3.0674710273742676,50
post_phase12_module1_M1-B,M1-B,R090,matric result 2026 kab aye ga punjab,NAT,,ROMAN,roman_bm25_method_D,39,73202,3.0561647415161133,50
post_phase12_module1_M1-B,M1-B,R090,matric result 2026 kab aye ga punjab,NAT,,ROMAN,roman_bm25_method_D,40,65117,3.0536606311798096,50
post_phase12_module1_M1-B,M1-B,R090,matric result 2026 kab aye ga punjab,NAT,,ROMAN,roman_bm25_method_D,41,49420,3.048792839050293,50
post_phase12_module1_M1-B,M1-B,R090,matric result 2026 kab aye ga punjab,NAT,,ROMAN,roman_bm25_method_D,42,77527,3.0477428436279297,50
post_phase12_module1_M1-B,M1-B,R090,matric result 2026 kab aye ga punjab,NAT,,ROMAN,roman_bm25_method_D,43,59395,3.044193744659424,50
post_phase12_module1_M1-B,M1-B,R090,matric result 2026 kab aye ga punjab,NAT,,ROMAN,roman_bm25_method_D,44,110017,3.0431969165802,50
post_phase12_module1_M1-B,M1-B,R090,matric result 2026 kab aye ga punjab,NAT,,ROMAN,roman_bm25_method_D,45,52454,3.0347142219543457,50
post_phase12_module1_M1-B,M1-B,R090,matric result 2026 kab aye ga punjab,NAT,,ROMAN,roman_bm25_method_D,46,81031,3.0334017276763916,50
post_phase12_module1_M1-B,M1-B,R090,matric result 2026 kab aye ga punjab,NAT,,ROMAN,roman_bm25_method_D,47,79953,3.033369779586792,50
post_phase12_module1_M1-B,M1-B,R090,matric result 2026 kab aye ga punjab,NAT,,ROMAN,roman_bm25_method_D,48,46286,3.023853302001953,50
post_phase12_module1_M1-B,M1-B,R090,matric result 2026 kab aye ga punjab,NAT,,ROMAN,roman_bm25_method_D,49,88390,3.014329195022583,50
post_phase12_module1_M1-B,M1-B,R090,matric result 2026 kab aye ga punjab,NAT,,ROMAN,roman_bm25_method_D,50,60126,2.9967970848083496,50
post_phase12_module1_M1-B,M1-B,R091,CPEC projects se Pakistan par qarz ka bojh barhne ki baat kyun hoti hai,NAT,,ROMAN,roman_bm25_method_D,1,72481,17.051836013793945,50
post_phase12_module1_M1-B,M1-B,R091,CPEC projects se Pakistan par qarz ka bojh barhne ki baat kyun hoti hai,NAT,,ROMAN,roman_bm25_method_D,2,54618,15.948107719421387,50
post_phase12_module1_M1-B,M1-B,R091,CPEC projects se Pakistan par qarz ka bojh barhne ki baat kyun hoti hai,NAT,,ROMAN,roman_bm25_method_D,3,97059,13.563194274902344,50
post_phase12_module1_M1-B,M1-B,R091,CPEC projects se Pakistan par qarz ka bojh barhne ki baat kyun hoti hai,NAT,,ROMAN,roman_bm25_method_D,4,63415,12.446004867553711,50
post_phase12_module1_M1-B,M1-B,R091,CPEC projects se Pakistan par qarz ka bojh barhne ki baat kyun hoti hai,NAT,,ROMAN,roman_bm25_method_D,5,54605,12.091471672058105,50
post_phase12_module1_M1-B,M1-B,R091,CPEC projects se Pakistan par qarz ka bojh barhne ki baat kyun hoti hai,NAT,,ROMAN,roman_bm25_method_D,6,81045,11.850911140441895,50
post_phase12_module1_M1-B,M1-B,R091,CPEC projects se Pakistan par qarz ka bojh barhne ki baat kyun hoti hai,NAT,,ROMAN,roman_bm25_method_D,7,75940,11.635584831237793,50
post_phase12_module1_M1-B,M1-B,R091,CPEC projects se Pakistan par qarz ka bojh barhne ki baat kyun hoti hai,NAT,,ROMAN,roman_bm25_method_D,8,62844,11.28760051727295,50
post_phase12_module1_M1-B,M1-B,R091,CPEC projects se Pakistan par qarz ka bojh barhne ki baat kyun hoti hai,NAT,,ROMAN,roman_bm25_method_D,9,61559,11.23399543762207,50
post_phase12_module1_M1-B,M1-B,R091,CPEC projects se Pakistan par qarz ka bojh barhne ki baat kyun hoti hai,NAT,,ROMAN,roman_bm25_method_D,10,39092,11.22480297088623,50
post_phase12_module1_M1-B,M1-B,R091,CPEC projects se Pakistan par qarz ka bojh barhne ki baat kyun hoti hai,NAT,,ROMAN,roman_bm25_method_D,11,70029,11.16348934173584,50
post_phase12_module1_M1-B,M1-B,R091,CPEC projects se Pakistan par qarz ka bojh barhne ki baat kyun hoti hai,NAT,,ROMAN,roman_bm25_method_D,12,87036,11.126266479492188,50
post_phase12_module1_M1-B,M1-B,R091,CPEC projects se Pakistan par qarz ka bojh barhne ki baat kyun hoti hai,NAT,,ROMAN,roman_bm25_method_D,13,71799,11.117674827575684,50
post_phase12_module1_M1-B,M1-B,R091,CPEC projects se Pakistan par qarz ka bojh barhne ki baat kyun hoti hai,NAT,,ROMAN,roman_bm25_method_D,14,70677,11.05073356628418,50
post_phase12_module1_M1-B,M1-B,R091,CPEC projects se Pakistan par qarz ka bojh barhne ki baat kyun hoti hai,NAT,,ROMAN,roman_bm25_method_D,15,45211,10.984735488891602,50
post_phase12_module1_M1-B,M1-B,R091,CPEC projects se Pakistan par qarz ka bojh barhne ki baat kyun hoti hai,NAT,,ROMAN,roman_bm25_method_D,16,78471,10.92512035369873,50
post_phase12_module1_M1-B,M1-B,R091,CPEC projects se Pakistan par qarz ka bojh barhne ki baat kyun hoti hai,NAT,,ROMAN,roman_bm25_method_D,17,85529,10.902379989624023,50
post_phase12_module1_M1-B,M1-B,R091,CPEC projects se Pakistan par qarz ka bojh barhne ki baat kyun hoti hai,NAT,,ROMAN,roman_bm25_method_D,18,92758,10.852545738220215,50
post_phase12_module1_M1-B,M1-B,R091,CPEC projects se Pakistan par qarz ka bojh barhne ki baat kyun hoti hai,NAT,,ROMAN,roman_bm25_method_D,19,64027,10.700990676879883,50
post_phase12_module1_M1-B,M1-B,R091,CPEC projects se Pakistan par qarz ka bojh barhne ki baat kyun hoti hai,NAT,,ROMAN,roman_bm25_method_D,20,15708,10.522623062133789,50
post_phase12_module1_M1-B,M1-B,R091,CPEC projects se Pakistan par qarz ka bojh barhne ki baat kyun hoti hai,NAT,,ROMAN,roman_bm25_method_D,21,62058,10.513860702514648,50
post_phase12_module1_M1-B,M1-B,R091,CPEC projects se Pakistan par qarz ka bojh barhne ki baat kyun hoti hai,NAT,,ROMAN,roman_bm25_method_D,22,101683,10.485920906066895,50
post_phase12_module1_M1-B,M1-B,R091,CPEC projects se Pakistan par qarz ka bojh barhne ki baat kyun hoti hai,NAT,,ROMAN,roman_bm25_method_D,23,7754,10.438495635986328,50
post_phase12_module1_M1-B,M1-B,R091,CPEC projects se Pakistan par qarz ka bojh barhne ki baat kyun hoti hai,NAT,,ROMAN,roman_bm25_method_D,24,3238,10.385639190673828,50
post_phase12_module1_M1-B,M1-B,R091,CPEC projects se Pakistan par qarz ka bojh barhne ki baat kyun hoti hai,NAT,,ROMAN,roman_bm25_method_D,25,70945,10.360993385314941,50
post_phase12_module1_M1-B,M1-B,R091,CPEC projects se Pakistan par qarz ka bojh barhne ki baat kyun hoti hai,NAT,,ROMAN,roman_bm25_method_D,26,78849,10.296093940734863,50
post_phase12_module1_M1-B,M1-B,R091,CPEC projects se Pakistan par qarz ka bojh barhne ki baat kyun hoti hai,NAT,,ROMAN,roman_bm25_method_D,27,63102,10.241748809814453,50
post_phase12_module1_M1-B,M1-B,R091,CPEC projects se Pakistan par qarz ka bojh barhne ki baat kyun hoti hai,NAT,,ROMAN,roman_bm25_method_D,28,82513,10.21157455444336,50
post_phase12_module1_M1-B,M1-B,R091,CPEC projects se Pakistan par qarz ka bojh barhne ki baat kyun hoti hai,NAT,,ROMAN,roman_bm25_method_D,29,82489,10.06536865234375,50
post_phase12_module1_M1-B,M1-B,R091,CPEC projects se Pakistan par qarz ka bojh barhne ki baat kyun hoti hai,NAT,,ROMAN,roman_bm25_method_D,30,38858,10.036123275756836,50
post_phase12_module1_M1-B,M1-B,R091,CPEC projects se Pakistan par qarz ka bojh barhne ki baat kyun hoti hai,NAT,,ROMAN,roman_bm25_method_D,31,70739,10.023590087890625,50
post_phase12_module1_M1-B,M1-B,R091,CPEC projects se Pakistan par qarz ka bojh barhne ki baat kyun hoti hai,NAT,,ROMAN,roman_bm25_method_D,32,109175,9.956706047058105,50
post_phase12_module1_M1-B,M1-B,R091,CPEC projects se Pakistan par qarz ka bojh barhne ki baat kyun hoti hai,NAT,,ROMAN,roman_bm25_method_D,33,23769,9.951167106628418,50
post_phase12_module1_M1-B,M1-B,R091,CPEC projects se Pakistan par qarz ka bojh barhne ki baat kyun hoti hai,NAT,,ROMAN,roman_bm25_method_D,34,75519,9.932160377502441,50
post_phase12_module1_M1-B,M1-B,R091,CPEC projects se Pakistan par qarz ka bojh barhne ki baat kyun hoti hai,NAT,,ROMAN,roman_bm25_method_D,35,41184,9.9008207321167,50
post_phase12_module1_M1-B,M1-B,R091,CPEC projects se Pakistan par qarz ka bojh barhne ki baat kyun hoti hai,NAT,,ROMAN,roman_bm25_method_D,36,23402,9.89503002166748,50
post_phase12_module1_M1-B,M1-B,R091,CPEC projects se Pakistan par qarz ka bojh barhne ki baat kyun hoti hai,NAT,,ROMAN,roman_bm25_method_D,37,40082,9.840415954589844,50
post_phase12_module1_M1-B,M1-B,R091,CPEC projects se Pakistan par qarz ka bojh barhne ki baat kyun hoti hai,NAT,,ROMAN,roman_bm25_method_D,38,11965,9.826030731201172,50
post_phase12_module1_M1-B,M1-B,R091,CPEC projects se Pakistan par qarz ka bojh barhne ki baat kyun hoti hai,NAT,,ROMAN,roman_bm25_method_D,39,63602,9.821922302246094,50
post_phase12_module1_M1-B,M1-B,R091,CPEC projects se Pakistan par qarz ka bojh barhne ki baat kyun hoti hai,NAT,,ROMAN,roman_bm25_method_D,40,75150,9.754613876342773,50
post_phase12_module1_M1-B,M1-B,R091,CPEC projects se Pakistan par qarz ka bojh barhne ki baat kyun hoti hai,NAT,,ROMAN,roman_bm25_method_D,41,111284,9.738189697265625,50
post_phase12_module1_M1-B,M1-B,R091,CPEC projects se Pakistan par qarz ka bojh barhne ki baat kyun hoti hai,NAT,,ROMAN,roman_bm25_method_D,42,52116,9.706131935119629,50
post_phase12_module1_M1-B,M1-B,R091,CPEC projects se Pakistan par qarz ka bojh barhne ki baat kyun hoti hai,NAT,,ROMAN,roman_bm25_method_D,43,60639,9.608232498168945,50
post_phase12_module1_M1-B,M1-B,R091,CPEC projects se Pakistan par qarz ka bojh barhne ki baat kyun hoti hai,NAT,,ROMAN,roman_bm25_method_D,44,111291,9.574227333068848,50
post_phase12_module1_M1-B,M1-B,R091,CPEC projects se Pakistan par qarz ka bojh barhne ki baat kyun hoti hai,NAT,,ROMAN,roman_bm25_method_D,45,76785,9.568437576293945,50
post_phase12_module1_M1-B,M1-B,R091,CPEC projects se Pakistan par qarz ka bojh barhne ki baat kyun hoti hai,NAT,,ROMAN,roman_bm25_method_D,46,109384,9.552718162536621,50
post_phase12_module1_M1-B,M1-B,R091,CPEC projects se Pakistan par qarz ka bojh barhne ki baat kyun hoti hai,NAT,,ROMAN,roman_bm25_method_D,47,56290,9.502884864807129,50
post_phase12_module1_M1-B,M1-B,R091,CPEC projects se Pakistan par qarz ka bojh barhne ki baat kyun hoti hai,NAT,,ROMAN,roman_bm25_method_D,48,82555,9.489907264709473,50
post_phase12_module1_M1-B,M1-B,R091,CPEC projects se Pakistan par qarz ka bojh barhne ki baat kyun hoti hai,NAT,,ROMAN,roman_bm25_method_D,49,93651,9.489187240600586,50
post_phase12_module1_M1-B,M1-B,R091,CPEC projects se Pakistan par qarz ka bojh barhne ki baat kyun hoti hai,NAT,,ROMAN,roman_bm25_method_D,50,71131,9.486226081848145,50
post_phase12_module1_M1-B,M1-B,R092,Pakistan hockey team ranking,NAT,,ROMAN,roman_bm25_method_D,1,57901,4.6711835861206055,50
post_phase12_module1_M1-B,M1-B,R092,Pakistan hockey team ranking,NAT,,ROMAN,roman_bm25_method_D,2,58766,4.668391227722168,50
post_phase12_module1_M1-B,M1-B,R092,Pakistan hockey team ranking,NAT,,ROMAN,roman_bm25_method_D,3,47656,4.663734436035156,50
post_phase12_module1_M1-B,M1-B,R092,Pakistan hockey team ranking,NAT,,ROMAN,roman_bm25_method_D,4,87567,4.659185409545898,50
post_phase12_module1_M1-B,M1-B,R092,Pakistan hockey team ranking,NAT,,ROMAN,roman_bm25_method_D,5,87409,4.658989906311035,50
post_phase12_module1_M1-B,M1-B,R092,Pakistan hockey team ranking,NAT,,ROMAN,roman_bm25_method_D,6,87772,4.643992900848389,50
post_phase12_module1_M1-B,M1-B,R092,Pakistan hockey team ranking,NAT,,ROMAN,roman_bm25_method_D,7,54960,4.634921550750732,50
post_phase12_module1_M1-B,M1-B,R092,Pakistan hockey team ranking,NAT,,ROMAN,roman_bm25_method_D,8,58594,4.634596347808838,50
post_phase12_module1_M1-B,M1-B,R092,Pakistan hockey team ranking,NAT,,ROMAN,roman_bm25_method_D,9,87359,4.633561134338379,50
post_phase12_module1_M1-B,M1-B,R092,Pakistan hockey team ranking,NAT,,ROMAN,roman_bm25_method_D,10,11111,4.630958080291748,50
post_phase12_module1_M1-B,M1-B,R092,Pakistan hockey team ranking,NAT,,ROMAN,roman_bm25_method_D,11,56304,4.624870300292969,50
post_phase12_module1_M1-B,M1-B,R092,Pakistan hockey team ranking,NAT,,ROMAN,roman_bm25_method_D,12,87990,4.6235127449035645,50
post_phase12_module1_M1-B,M1-B,R092,Pakistan hockey team ranking,NAT,,ROMAN,roman_bm25_method_D,13,86905,4.620132923126221,50
post_phase12_module1_M1-B,M1-B,R092,Pakistan hockey team ranking,NAT,,ROMAN,roman_bm25_method_D,14,35065,4.614309310913086,50
post_phase12_module1_M1-B,M1-B,R092,Pakistan hockey team ranking,NAT,,ROMAN,roman_bm25_method_D,15,87780,4.609017848968506,50
post_phase12_module1_M1-B,M1-B,R092,Pakistan hockey team ranking,NAT,,ROMAN,roman_bm25_method_D,16,91237,4.607174873352051,50
post_phase12_module1_M1-B,M1-B,R092,Pakistan hockey team ranking,NAT,,ROMAN,roman_bm25_method_D,17,26833,4.606971740722656,50
post_phase12_module1_M1-B,M1-B,R092,Pakistan hockey team ranking,NAT,,ROMAN,roman_bm25_method_D,18,89274,4.606078624725342,50
post_phase12_module1_M1-B,M1-B,R092,Pakistan hockey team ranking,NAT,,ROMAN,roman_bm25_method_D,19,80497,4.600985527038574,50
post_phase12_module1_M1-B,M1-B,R092,Pakistan hockey team ranking,NAT,,ROMAN,roman_bm25_method_D,20,87885,4.599786758422852,50
post_phase12_module1_M1-B,M1-B,R092,Pakistan hockey team ranking,NAT,,ROMAN,roman_bm25_method_D,21,29258,4.598437309265137,50
post_phase12_module1_M1-B,M1-B,R092,Pakistan hockey team ranking,NAT,,ROMAN,roman_bm25_method_D,22,58732,4.597996234893799,50
post_phase12_module1_M1-B,M1-B,R092,Pakistan hockey team ranking,NAT,,ROMAN,roman_bm25_method_D,23,86972,4.597194671630859,50
post_phase12_module1_M1-B,M1-B,R092,Pakistan hockey team ranking,NAT,,ROMAN,roman_bm25_method_D,24,87425,4.590307235717773,50
post_phase12_module1_M1-B,M1-B,R092,Pakistan hockey team ranking,NAT,,ROMAN,roman_bm25_method_D,25,93732,4.5896148681640625,50
post_phase12_module1_M1-B,M1-B,R092,Pakistan hockey team ranking,NAT,,ROMAN,roman_bm25_method_D,26,87538,4.586503028869629,50
post_phase12_module1_M1-B,M1-B,R092,Pakistan hockey team ranking,NAT,,ROMAN,roman_bm25_method_D,27,87239,4.5848541259765625,50
post_phase12_module1_M1-B,M1-B,R092,Pakistan hockey team ranking,NAT,,ROMAN,roman_bm25_method_D,28,87304,4.583390235900879,50
post_phase12_module1_M1-B,M1-B,R092,Pakistan hockey team ranking,NAT,,ROMAN,roman_bm25_method_D,29,83868,4.583343505859375,50
post_phase12_module1_M1-B,M1-B,R092,Pakistan hockey team ranking,NAT,,ROMAN,roman_bm25_method_D,30,86929,4.577804088592529,50
post_phase12_module1_M1-B,M1-B,R092,Pakistan hockey team ranking,NAT,,ROMAN,roman_bm25_method_D,31,89250,4.577218055725098,50
post_phase12_module1_M1-B,M1-B,R092,Pakistan hockey team ranking,NAT,,ROMAN,roman_bm25_method_D,32,57611,4.57715368270874,50
post_phase12_module1_M1-B,M1-B,R092,Pakistan hockey team ranking,NAT,,ROMAN,roman_bm25_method_D,33,95406,4.575044631958008,50
post_phase12_module1_M1-B,M1-B,R092,Pakistan hockey team ranking,NAT,,ROMAN,roman_bm25_method_D,34,87871,4.574520587921143,50
post_phase12_module1_M1-B,M1-B,R092,Pakistan hockey team ranking,NAT,,ROMAN,roman_bm25_method_D,35,86816,4.574225902557373,50
post_phase12_module1_M1-B,M1-B,R092,Pakistan hockey team ranking,NAT,,ROMAN,roman_bm25_method_D,36,85741,4.571743011474609,50
post_phase12_module1_M1-B,M1-B,R092,Pakistan hockey team ranking,NAT,,ROMAN,roman_bm25_method_D,37,57801,4.571220874786377,50
post_phase12_module1_M1-B,M1-B,R092,Pakistan hockey team ranking,NAT,,ROMAN,roman_bm25_method_D,38,30584,4.57115364074707,50
post_phase12_module1_M1-B,M1-B,R092,Pakistan hockey team ranking,NAT,,ROMAN,roman_bm25_method_D,39,27146,4.568170547485352,50
post_phase12_module1_M1-B,M1-B,R092,Pakistan hockey team ranking,NAT,,ROMAN,roman_bm25_method_D,40,86786,4.567124366760254,50
post_phase12_module1_M1-B,M1-B,R092,Pakistan hockey team ranking,NAT,,ROMAN,roman_bm25_method_D,41,96156,4.566336631774902,50
post_phase12_module1_M1-B,M1-B,R092,Pakistan hockey team ranking,NAT,,ROMAN,roman_bm25_method_D,42,96617,4.5654168128967285,50
post_phase12_module1_M1-B,M1-B,R092,Pakistan hockey team ranking,NAT,,ROMAN,roman_bm25_method_D,43,54499,4.555789470672607,50
post_phase12_module1_M1-B,M1-B,R092,Pakistan hockey team ranking,NAT,,ROMAN,roman_bm25_method_D,44,96298,4.55186128616333,50
post_phase12_module1_M1-B,M1-B,R092,Pakistan hockey team ranking,NAT,,ROMAN,roman_bm25_method_D,45,54151,4.550424575805664,50
post_phase12_module1_M1-B,M1-B,R092,Pakistan hockey team ranking,NAT,,ROMAN,roman_bm25_method_D,46,87370,4.549237251281738,50
post_phase12_module1_M1-B,M1-B,R092,Pakistan hockey team ranking,NAT,,ROMAN,roman_bm25_method_D,47,91227,4.548640251159668,50
post_phase12_module1_M1-B,M1-B,R092,Pakistan hockey team ranking,NAT,,ROMAN,roman_bm25_method_D,48,87767,4.5477752685546875,50
post_phase12_module1_M1-B,M1-B,R092,Pakistan hockey team ranking,NAT,,ROMAN,roman_bm25_method_D,49,58183,4.54745626449585,50
post_phase12_module1_M1-B,M1-B,R092,Pakistan hockey team ranking,NAT,,ROMAN,roman_bm25_method_D,50,88038,4.546328067779541,50
post_phase12_module1_M1-B,M1-B,R093,UK visit visa processing time from Pakistan,NAT,,ROMAN,roman_bm25_method_D,1,47291,18.561342239379883,50
post_phase12_module1_M1-B,M1-B,R093,UK visit visa processing time from Pakistan,NAT,,ROMAN,roman_bm25_method_D,2,57377,18.22942543029785,50
post_phase12_module1_M1-B,M1-B,R093,UK visit visa processing time from Pakistan,NAT,,ROMAN,roman_bm25_method_D,3,88217,17.614425659179688,50
post_phase12_module1_M1-B,M1-B,R093,UK visit visa processing time from Pakistan,NAT,,ROMAN,roman_bm25_method_D,4,51746,16.084436416625977,50
post_phase12_module1_M1-B,M1-B,R093,UK visit visa processing time from Pakistan,NAT,,ROMAN,roman_bm25_method_D,5,104536,16.039154052734375,50
post_phase12_module1_M1-B,M1-B,R093,UK visit visa processing time from Pakistan,NAT,,ROMAN,roman_bm25_method_D,6,104478,16.039154052734375,50
post_phase12_module1_M1-B,M1-B,R093,UK visit visa processing time from Pakistan,NAT,,ROMAN,roman_bm25_method_D,7,44806,15.163971900939941,50
post_phase12_module1_M1-B,M1-B,R093,UK visit visa processing time from Pakistan,NAT,,ROMAN,roman_bm25_method_D,8,96265,12.767144203186035,50
post_phase12_module1_M1-B,M1-B,R093,UK visit visa processing time from Pakistan,NAT,,ROMAN,roman_bm25_method_D,9,92258,12.51473331451416,50
post_phase12_module1_M1-B,M1-B,R093,UK visit visa processing time from Pakistan,NAT,,ROMAN,roman_bm25_method_D,10,47148,10.644166946411133,50
post_phase12_module1_M1-B,M1-B,R093,UK visit visa processing time from Pakistan,NAT,,ROMAN,roman_bm25_method_D,11,17912,4.983440399169922,50
post_phase12_module1_M1-B,M1-B,R093,UK visit visa processing time from Pakistan,NAT,,ROMAN,roman_bm25_method_D,12,73193,2.0211193561553955,50
post_phase12_module1_M1-B,M1-B,R093,UK visit visa processing time from Pakistan,NAT,,ROMAN,roman_bm25_method_D,13,25334,2.0182199478149414,50
post_phase12_module1_M1-B,M1-B,R093,UK visit visa processing time from Pakistan,NAT,,ROMAN,roman_bm25_method_D,14,87516,2.0164852142333984,50
post_phase12_module1_M1-B,M1-B,R093,UK visit visa processing time from Pakistan,NAT,,ROMAN,roman_bm25_method_D,15,53658,2.015601396560669,50
post_phase12_module1_M1-B,M1-B,R093,UK visit visa processing time from Pakistan,NAT,,ROMAN,roman_bm25_method_D,16,58726,2.0121891498565674,50
post_phase12_module1_M1-B,M1-B,R093,UK visit visa processing time from Pakistan,NAT,,ROMAN,roman_bm25_method_D,17,57697,2.009272336959839,50
post_phase12_module1_M1-B,M1-B,R093,UK visit visa processing time from Pakistan,NAT,,ROMAN,roman_bm25_method_D,18,73080,2.0074102878570557,50
post_phase12_module1_M1-B,M1-B,R093,UK visit visa processing time from Pakistan,NAT,,ROMAN,roman_bm25_method_D,19,100171,2.003309488296509,50
post_phase12_module1_M1-B,M1-B,R093,UK visit visa processing time from Pakistan,NAT,,ROMAN,roman_bm25_method_D,20,97112,2.0028979778289795,50
post_phase12_module1_M1-B,M1-B,R093,UK visit visa processing time from Pakistan,NAT,,ROMAN,roman_bm25_method_D,21,9451,2.0018839836120605,50
post_phase12_module1_M1-B,M1-B,R093,UK visit visa processing time from Pakistan,NAT,,ROMAN,roman_bm25_method_D,22,86843,2.0015175342559814,50
post_phase12_module1_M1-B,M1-B,R093,UK visit visa processing time from Pakistan,NAT,,ROMAN,roman_bm25_method_D,23,81477,1.9988526105880737,50
post_phase12_module1_M1-B,M1-B,R093,UK visit visa processing time from Pakistan,NAT,,ROMAN,roman_bm25_method_D,24,43059,1.9972996711730957,50
post_phase12_module1_M1-B,M1-B,R093,UK visit visa processing time from Pakistan,NAT,,ROMAN,roman_bm25_method_D,25,72090,1.996356725692749,50
post_phase12_module1_M1-B,M1-B,R093,UK visit visa processing time from Pakistan,NAT,,ROMAN,roman_bm25_method_D,26,86359,1.995483636856079,50
post_phase12_module1_M1-B,M1-B,R093,UK visit visa processing time from Pakistan,NAT,,ROMAN,roman_bm25_method_D,27,72668,1.9932624101638794,50
post_phase12_module1_M1-B,M1-B,R093,UK visit visa processing time from Pakistan,NAT,,ROMAN,roman_bm25_method_D,28,57704,1.9924440383911133,50
post_phase12_module1_M1-B,M1-B,R093,UK visit visa processing time from Pakistan,NAT,,ROMAN,roman_bm25_method_D,29,25508,1.9919575452804565,50
post_phase12_module1_M1-B,M1-B,R093,UK visit visa processing time from Pakistan,NAT,,ROMAN,roman_bm25_method_D,30,56294,1.991006851196289,50
post_phase12_module1_M1-B,M1-B,R093,UK visit visa processing time from Pakistan,NAT,,ROMAN,roman_bm25_method_D,31,83080,1.9901063442230225,50
post_phase12_module1_M1-B,M1-B,R093,UK visit visa processing time from Pakistan,NAT,,ROMAN,roman_bm25_method_D,32,86575,1.9888734817504883,50
post_phase12_module1_M1-B,M1-B,R093,UK visit visa processing time from Pakistan,NAT,,ROMAN,roman_bm25_method_D,33,42195,1.9884617328643799,50
post_phase12_module1_M1-B,M1-B,R093,UK visit visa processing time from Pakistan,NAT,,ROMAN,roman_bm25_method_D,34,51799,1.9873988628387451,50
post_phase12_module1_M1-B,M1-B,R093,UK visit visa processing time from Pakistan,NAT,,ROMAN,roman_bm25_method_D,35,82553,1.986967921257019,50
post_phase12_module1_M1-B,M1-B,R093,UK visit visa processing time from Pakistan,NAT,,ROMAN,roman_bm25_method_D,36,41961,1.9865894317626953,50
post_phase12_module1_M1-B,M1-B,R093,UK visit visa processing time from Pakistan,NAT,,ROMAN,roman_bm25_method_D,37,86873,1.9863529205322266,50
post_phase12_module1_M1-B,M1-B,R093,UK visit visa processing time from Pakistan,NAT,,ROMAN,roman_bm25_method_D,38,57567,1.9857269525527954,50
post_phase12_module1_M1-B,M1-B,R093,UK visit visa processing time from Pakistan,NAT,,ROMAN,roman_bm25_method_D,39,89250,1.9848172664642334,50
post_phase12_module1_M1-B,M1-B,R093,UK visit visa processing time from Pakistan,NAT,,ROMAN,roman_bm25_method_D,40,47656,1.9847499132156372,50
post_phase12_module1_M1-B,M1-B,R093,UK visit visa processing time from Pakistan,NAT,,ROMAN,roman_bm25_method_D,41,87231,1.984055519104004,50
post_phase12_module1_M1-B,M1-B,R093,UK visit visa processing time from Pakistan,NAT,,ROMAN,roman_bm25_method_D,42,85669,1.9838310480117798,50
post_phase12_module1_M1-B,M1-B,R093,UK visit visa processing time from Pakistan,NAT,,ROMAN,roman_bm25_method_D,43,85691,1.9832078218460083,50
post_phase12_module1_M1-B,M1-B,R093,UK visit visa processing time from Pakistan,NAT,,ROMAN,roman_bm25_method_D,44,44809,1.9829052686691284,50
post_phase12_module1_M1-B,M1-B,R093,UK visit visa processing time from Pakistan,NAT,,ROMAN,roman_bm25_method_D,45,35141,1.9821237325668335,50
post_phase12_module1_M1-B,M1-B,R093,UK visit visa processing time from Pakistan,NAT,,ROMAN,roman_bm25_method_D,46,54692,1.9821112155914307,50
post_phase12_module1_M1-B,M1-B,R093,UK visit visa processing time from Pakistan,NAT,,ROMAN,roman_bm25_method_D,47,41481,1.9821078777313232,50
post_phase12_module1_M1-B,M1-B,R093,UK visit visa processing time from Pakistan,NAT,,ROMAN,roman_bm25_method_D,48,94251,1.9820988178253174,50
post_phase12_module1_M1-B,M1-B,R093,UK visit visa processing time from Pakistan,NAT,,ROMAN,roman_bm25_method_D,49,87667,1.9816352128982544,50
post_phase12_module1_M1-B,M1-B,R093,UK visit visa processing time from Pakistan,NAT,,ROMAN,roman_bm25_method_D,50,54822,1.9814482927322388,50
post_phase12_module1_M1-B,M1-B,R094,atif aslam concert Pakistan,NAT,,ROMAN,roman_bm25_method_D,1,41304,6.383075714111328,50
post_phase12_module1_M1-B,M1-B,R094,atif aslam concert Pakistan,NAT,,ROMAN,roman_bm25_method_D,2,66317,6.374702453613281,50
post_phase12_module1_M1-B,M1-B,R094,atif aslam concert Pakistan,NAT,,ROMAN,roman_bm25_method_D,3,41810,6.373955249786377,50
post_phase12_module1_M1-B,M1-B,R094,atif aslam concert Pakistan,NAT,,ROMAN,roman_bm25_method_D,4,46490,6.318516254425049,50
post_phase12_module1_M1-B,M1-B,R094,atif aslam concert Pakistan,NAT,,ROMAN,roman_bm25_method_D,5,81435,6.3011908531188965,50
post_phase12_module1_M1-B,M1-B,R094,atif aslam concert Pakistan,NAT,,ROMAN,roman_bm25_method_D,6,56008,6.300168991088867,50
post_phase12_module1_M1-B,M1-B,R094,atif aslam concert Pakistan,NAT,,ROMAN,roman_bm25_method_D,7,84577,6.268049240112305,50
post_phase12_module1_M1-B,M1-B,R094,atif aslam concert Pakistan,NAT,,ROMAN,roman_bm25_method_D,8,5467,6.264857769012451,50
post_phase12_module1_M1-B,M1-B,R094,atif aslam concert Pakistan,NAT,,ROMAN,roman_bm25_method_D,9,51886,6.253883361816406,50
post_phase12_module1_M1-B,M1-B,R094,atif aslam concert Pakistan,NAT,,ROMAN,roman_bm25_method_D,10,43231,6.241445541381836,50
post_phase12_module1_M1-B,M1-B,R094,atif aslam concert Pakistan,NAT,,ROMAN,roman_bm25_method_D,11,98172,6.227695941925049,50
post_phase12_module1_M1-B,M1-B,R094,atif aslam concert Pakistan,NAT,,ROMAN,roman_bm25_method_D,12,28090,6.224627494812012,50
post_phase12_module1_M1-B,M1-B,R094,atif aslam concert Pakistan,NAT,,ROMAN,roman_bm25_method_D,13,88785,6.211750507354736,50
post_phase12_module1_M1-B,M1-B,R094,atif aslam concert Pakistan,NAT,,ROMAN,roman_bm25_method_D,14,83060,6.2093400955200195,50
post_phase12_module1_M1-B,M1-B,R094,atif aslam concert Pakistan,NAT,,ROMAN,roman_bm25_method_D,15,41332,6.208863735198975,50
post_phase12_module1_M1-B,M1-B,R094,atif aslam concert Pakistan,NAT,,ROMAN,roman_bm25_method_D,16,46093,6.208200454711914,50
post_phase12_module1_M1-B,M1-B,R094,atif aslam concert Pakistan,NAT,,ROMAN,roman_bm25_method_D,17,5564,6.204556465148926,50
post_phase12_module1_M1-B,M1-B,R094,atif aslam concert Pakistan,NAT,,ROMAN,roman_bm25_method_D,18,86811,6.195949077606201,50
post_phase12_module1_M1-B,M1-B,R094,atif aslam concert Pakistan,NAT,,ROMAN,roman_bm25_method_D,19,41824,6.195176124572754,50
post_phase12_module1_M1-B,M1-B,R094,atif aslam concert Pakistan,NAT,,ROMAN,roman_bm25_method_D,20,92425,6.187661647796631,50
post_phase12_module1_M1-B,M1-B,R094,atif aslam concert Pakistan,NAT,,ROMAN,roman_bm25_method_D,21,41367,6.185505390167236,50
post_phase12_module1_M1-B,M1-B,R094,atif aslam concert Pakistan,NAT,,ROMAN,roman_bm25_method_D,22,41197,6.178916931152344,50
post_phase12_module1_M1-B,M1-B,R094,atif aslam concert Pakistan,NAT,,ROMAN,roman_bm25_method_D,23,5437,6.172707557678223,50
post_phase12_module1_M1-B,M1-B,R094,atif aslam concert Pakistan,NAT,,ROMAN,roman_bm25_method_D,24,50853,6.170736789703369,50
post_phase12_module1_M1-B,M1-B,R094,atif aslam concert Pakistan,NAT,,ROMAN,roman_bm25_method_D,25,30420,6.155129432678223,50
post_phase12_module1_M1-B,M1-B,R094,atif aslam concert Pakistan,NAT,,ROMAN,roman_bm25_method_D,26,53559,6.150254249572754,50
post_phase12_module1_M1-B,M1-B,R094,atif aslam concert Pakistan,NAT,,ROMAN,roman_bm25_method_D,27,57653,6.145133972167969,50
post_phase12_module1_M1-B,M1-B,R094,atif aslam concert Pakistan,NAT,,ROMAN,roman_bm25_method_D,28,59322,6.1418538093566895,50
post_phase12_module1_M1-B,M1-B,R094,atif aslam concert Pakistan,NAT,,ROMAN,roman_bm25_method_D,29,41823,6.141545295715332,50
post_phase12_module1_M1-B,M1-B,R094,atif aslam concert Pakistan,NAT,,ROMAN,roman_bm25_method_D,30,110321,6.1369404792785645,50
post_phase12_module1_M1-B,M1-B,R094,atif aslam concert Pakistan,NAT,,ROMAN,roman_bm25_method_D,31,89580,6.121181488037109,50
post_phase12_module1_M1-B,M1-B,R094,atif aslam concert Pakistan,NAT,,ROMAN,roman_bm25_method_D,32,85944,6.1186418533325195,50
post_phase12_module1_M1-B,M1-B,R094,atif aslam concert Pakistan,NAT,,ROMAN,roman_bm25_method_D,33,84551,6.114147186279297,50
post_phase12_module1_M1-B,M1-B,R094,atif aslam concert Pakistan,NAT,,ROMAN,roman_bm25_method_D,34,59622,6.096739768981934,50
post_phase12_module1_M1-B,M1-B,R094,atif aslam concert Pakistan,NAT,,ROMAN,roman_bm25_method_D,35,57678,6.086738109588623,50
post_phase12_module1_M1-B,M1-B,R094,atif aslam concert Pakistan,NAT,,ROMAN,roman_bm25_method_D,36,45749,6.0786638259887695,50
post_phase12_module1_M1-B,M1-B,R094,atif aslam concert Pakistan,NAT,,ROMAN,roman_bm25_method_D,37,12134,6.077901363372803,50
post_phase12_module1_M1-B,M1-B,R094,atif aslam concert Pakistan,NAT,,ROMAN,roman_bm25_method_D,38,61161,6.0715131759643555,50
post_phase12_module1_M1-B,M1-B,R094,atif aslam concert Pakistan,NAT,,ROMAN,roman_bm25_method_D,39,81807,6.069006443023682,50
post_phase12_module1_M1-B,M1-B,R094,atif aslam concert Pakistan,NAT,,ROMAN,roman_bm25_method_D,40,53872,6.057707786560059,50
post_phase12_module1_M1-B,M1-B,R094,atif aslam concert Pakistan,NAT,,ROMAN,roman_bm25_method_D,41,41749,6.049863815307617,50
post_phase12_module1_M1-B,M1-B,R094,atif aslam concert Pakistan,NAT,,ROMAN,roman_bm25_method_D,42,48091,6.048941612243652,50
post_phase12_module1_M1-B,M1-B,R094,atif aslam concert Pakistan,NAT,,ROMAN,roman_bm25_method_D,43,84528,6.041419982910156,50
post_phase12_module1_M1-B,M1-B,R094,atif aslam concert Pakistan,NAT,,ROMAN,roman_bm25_method_D,44,72856,6.0357232093811035,50
post_phase12_module1_M1-B,M1-B,R094,atif aslam concert Pakistan,NAT,,ROMAN,roman_bm25_method_D,45,44923,6.033268928527832,50
post_phase12_module1_M1-B,M1-B,R094,atif aslam concert Pakistan,NAT,,ROMAN,roman_bm25_method_D,46,46492,6.031894683837891,50
post_phase12_module1_M1-B,M1-B,R094,atif aslam concert Pakistan,NAT,,ROMAN,roman_bm25_method_D,47,90428,6.029794216156006,50
post_phase12_module1_M1-B,M1-B,R094,atif aslam concert Pakistan,NAT,,ROMAN,roman_bm25_method_D,48,89060,6.029214859008789,50
post_phase12_module1_M1-B,M1-B,R094,atif aslam concert Pakistan,NAT,,ROMAN,roman_bm25_method_D,49,110343,6.024811744689941,50
post_phase12_module1_M1-B,M1-B,R094,atif aslam concert Pakistan,NAT,,ROMAN,roman_bm25_method_D,50,54474,6.019367218017578,50
post_phase12_module1_M1-B,M1-B,R095,سیلاب ke baad kisanon ko fasal ke nuqsan ka muawza kyun late milta hai,NAT,,MIXED,urdu_bm25,1,103186,13.214484214782715,50
post_phase12_module1_M1-B,M1-B,R095,سیلاب ke baad kisanon ko fasal ke nuqsan ka muawza kyun late milta hai,NAT,,MIXED,urdu_bm25,2,103884,13.01606559753418,50
post_phase12_module1_M1-B,M1-B,R095,سیلاب ke baad kisanon ko fasal ke nuqsan ka muawza kyun late milta hai,NAT,,MIXED,urdu_bm25,3,62010,12.945382118225098,50
post_phase12_module1_M1-B,M1-B,R095,سیلاب ke baad kisanon ko fasal ke nuqsan ka muawza kyun late milta hai,NAT,,MIXED,urdu_bm25,4,67358,12.941108703613281,50
post_phase12_module1_M1-B,M1-B,R095,سیلاب ke baad kisanon ko fasal ke nuqsan ka muawza kyun late milta hai,NAT,,MIXED,urdu_bm25,5,76782,12.516156196594238,50
post_phase12_module1_M1-B,M1-B,R095,سیلاب ke baad kisanon ko fasal ke nuqsan ka muawza kyun late milta hai,NAT,,MIXED,urdu_bm25,6,75361,12.048048973083496,50
post_phase12_module1_M1-B,M1-B,R095,سیلاب ke baad kisanon ko fasal ke nuqsan ka muawza kyun late milta hai,NAT,,MIXED,urdu_bm25,7,40351,11.972412109375,50
post_phase12_module1_M1-B,M1-B,R095,سیلاب ke baad kisanon ko fasal ke nuqsan ka muawza kyun late milta hai,NAT,,MIXED,urdu_bm25,8,78637,11.90307331085205,50
post_phase12_module1_M1-B,M1-B,R095,سیلاب ke baad kisanon ko fasal ke nuqsan ka muawza kyun late milta hai,NAT,,MIXED,urdu_bm25,9,24353,11.799566268920898,50
post_phase12_module1_M1-B,M1-B,R095,سیلاب ke baad kisanon ko fasal ke nuqsan ka muawza kyun late milta hai,NAT,,MIXED,urdu_bm25,10,8430,11.795625686645508,50
post_phase12_module1_M1-B,M1-B,R095,سیلاب ke baad kisanon ko fasal ke nuqsan ka muawza kyun late milta hai,NAT,,MIXED,urdu_bm25,11,41070,11.703020095825195,50
post_phase12_module1_M1-B,M1-B,R095,سیلاب ke baad kisanon ko fasal ke nuqsan ka muawza kyun late milta hai,NAT,,MIXED,urdu_bm25,12,76744,11.691062927246094,50
post_phase12_module1_M1-B,M1-B,R095,سیلاب ke baad kisanon ko fasal ke nuqsan ka muawza kyun late milta hai,NAT,,MIXED,urdu_bm25,13,74465,11.691062927246094,50
post_phase12_module1_M1-B,M1-B,R095,سیلاب ke baad kisanon ko fasal ke nuqsan ka muawza kyun late milta hai,NAT,,MIXED,urdu_bm25,14,76808,11.445486068725586,50
post_phase12_module1_M1-B,M1-B,R095,سیلاب ke baad kisanon ko fasal ke nuqsan ka muawza kyun late milta hai,NAT,,MIXED,urdu_bm25,15,61635,11.377202987670898,50
post_phase12_module1_M1-B,M1-B,R095,سیلاب ke baad kisanon ko fasal ke nuqsan ka muawza kyun late milta hai,NAT,,MIXED,urdu_bm25,16,74479,11.287420272827148,50
post_phase12_module1_M1-B,M1-B,R095,سیلاب ke baad kisanon ko fasal ke nuqsan ka muawza kyun late milta hai,NAT,,MIXED,urdu_bm25,17,75163,11.23202133178711,50
post_phase12_module1_M1-B,M1-B,R095,سیلاب ke baad kisanon ko fasal ke nuqsan ka muawza kyun late milta hai,NAT,,MIXED,urdu_bm25,18,74036,11.199041366577148,50
post_phase12_module1_M1-B,M1-B,R095,سیلاب ke baad kisanon ko fasal ke nuqsan ka muawza kyun late milta hai,NAT,,MIXED,urdu_bm25,19,63280,10.936363220214844,50
post_phase12_module1_M1-B,M1-B,R095,سیلاب ke baad kisanon ko fasal ke nuqsan ka muawza kyun late milta hai,NAT,,MIXED,urdu_bm25,20,15174,10.931565284729004,50
post_phase12_module1_M1-B,M1-B,R095,سیلاب ke baad kisanon ko fasal ke nuqsan ka muawza kyun late milta hai,NAT,,MIXED,urdu_bm25,21,10960,10.927730560302734,50
post_phase12_module1_M1-B,M1-B,R095,سیلاب ke baad kisanon ko fasal ke nuqsan ka muawza kyun late milta hai,NAT,,MIXED,urdu_bm25,22,18791,10.874005317687988,50
post_phase12_module1_M1-B,M1-B,R095,سیلاب ke baad kisanon ko fasal ke nuqsan ka muawza kyun late milta hai,NAT,,MIXED,urdu_bm25,23,78333,10.781789779663086,50
post_phase12_module1_M1-B,M1-B,R095,سیلاب ke baad kisanon ko fasal ke nuqsan ka muawza kyun late milta hai,NAT,,MIXED,urdu_bm25,24,78146,10.70612907409668,50
post_phase12_module1_M1-B,M1-B,R095,سیلاب ke baad kisanon ko fasal ke nuqsan ka muawza kyun late milta hai,NAT,,MIXED,urdu_bm25,25,74499,10.636869430541992,50
post_phase12_module1_M1-B,M1-B,R095,سیلاب ke baad kisanon ko fasal ke nuqsan ka muawza kyun late milta hai,NAT,,MIXED,urdu_bm25,26,76696,10.385462760925293,50
post_phase12_module1_M1-B,M1-B,R095,سیلاب ke baad kisanon ko fasal ke nuqsan ka muawza kyun late milta hai,NAT,,MIXED,urdu_bm25,27,103229,10.357645034790039,50
post_phase12_module1_M1-B,M1-B,R095,سیلاب ke baad kisanon ko fasal ke nuqsan ka muawza kyun late milta hai,NAT,,MIXED,urdu_bm25,28,76713,10.287423133850098,50
post_phase12_module1_M1-B,M1-B,R095,سیلاب ke baad kisanon ko fasal ke nuqsan ka muawza kyun late milta hai,NAT,,MIXED,urdu_bm25,29,35339,10.157844543457031,50
post_phase12_module1_M1-B,M1-B,R095,سیلاب ke baad kisanon ko fasal ke nuqsan ka muawza kyun late milta hai,NAT,,MIXED,urdu_bm25,30,27713,10.074932098388672,50
post_phase12_module1_M1-B,M1-B,R095,سیلاب ke baad kisanon ko fasal ke nuqsan ka muawza kyun late milta hai,NAT,,MIXED,urdu_bm25,31,38244,10.055778503417969,50
post_phase12_module1_M1-B,M1-B,R095,سیلاب ke baad kisanon ko fasal ke nuqsan ka muawza kyun late milta hai,NAT,,MIXED,urdu_bm25,32,59852,10.004461288452148,50
post_phase12_module1_M1-B,M1-B,R095,سیلاب ke baad kisanon ko fasal ke nuqsan ka muawza kyun late milta hai,NAT,,MIXED,urdu_bm25,33,100974,9.925999641418457,50
post_phase12_module1_M1-B,M1-B,R095,سیلاب ke baad kisanon ko fasal ke nuqsan ka muawza kyun late milta hai,NAT,,MIXED,urdu_bm25,34,77793,9.798501014709473,50
post_phase12_module1_M1-B,M1-B,R095,سیلاب ke baad kisanon ko fasal ke nuqsan ka muawza kyun late milta hai,NAT,,MIXED,urdu_bm25,35,60315,9.625408172607422,50
post_phase12_module1_M1-B,M1-B,R095,سیلاب ke baad kisanon ko fasal ke nuqsan ka muawza kyun late milta hai,NAT,,MIXED,urdu_bm25,36,41120,9.529215812683105,50
post_phase12_module1_M1-B,M1-B,R095,سیلاب ke baad kisanon ko fasal ke nuqsan ka muawza kyun late milta hai,NAT,,MIXED,urdu_bm25,37,75452,9.47006607055664,50
post_phase12_module1_M1-B,M1-B,R095,سیلاب ke baad kisanon ko fasal ke nuqsan ka muawza kyun late milta hai,NAT,,MIXED,urdu_bm25,38,38293,9.410698890686035,50
post_phase12_module1_M1-B,M1-B,R095,سیلاب ke baad kisanon ko fasal ke nuqsan ka muawza kyun late milta hai,NAT,,MIXED,urdu_bm25,39,48984,9.318729400634766,50
post_phase12_module1_M1-B,M1-B,R095,سیلاب ke baad kisanon ko fasal ke nuqsan ka muawza kyun late milta hai,NAT,,MIXED,urdu_bm25,40,76700,9.162036895751953,50
post_phase12_module1_M1-B,M1-B,R095,سیلاب ke baad kisanon ko fasal ke nuqsan ka muawza kyun late milta hai,NAT,,MIXED,urdu_bm25,41,111240,9.119120597839355,50
post_phase12_module1_M1-B,M1-B,R095,سیلاب ke baad kisanon ko fasal ke nuqsan ka muawza kyun late milta hai,NAT,,MIXED,urdu_bm25,42,84183,9.086533546447754,50
post_phase12_module1_M1-B,M1-B,R095,سیلاب ke baad kisanon ko fasal ke nuqsan ka muawza kyun late milta hai,NAT,,MIXED,urdu_bm25,43,75377,8.990154266357422,50
post_phase12_module1_M1-B,M1-B,R095,سیلاب ke baad kisanon ko fasal ke nuqsan ka muawza kyun late milta hai,NAT,,MIXED,urdu_bm25,44,48893,8.82293701171875,50
post_phase12_module1_M1-B,M1-B,R095,سیلاب ke baad kisanon ko fasal ke nuqsan ka muawza kyun late milta hai,NAT,,MIXED,urdu_bm25,45,79330,8.798949241638184,50
post_phase12_module1_M1-B,M1-B,R095,سیلاب ke baad kisanon ko fasal ke nuqsan ka muawza kyun late milta hai,NAT,,MIXED,urdu_bm25,46,18818,8.722058296203613,50
post_phase12_module1_M1-B,M1-B,R095,سیلاب ke baad kisanon ko fasal ke nuqsan ka muawza kyun late milta hai,NAT,,MIXED,urdu_bm25,47,76777,8.584640502929688,50
post_phase12_module1_M1-B,M1-B,R095,سیلاب ke baad kisanon ko fasal ke nuqsan ka muawza kyun late milta hai,NAT,,MIXED,urdu_bm25,48,16716,8.54083251953125,50
post_phase12_module1_M1-B,M1-B,R095,سیلاب ke baad kisanon ko fasal ke nuqsan ka muawza kyun late milta hai,NAT,,MIXED,urdu_bm25,49,24555,8.515408515930176,50
post_phase12_module1_M1-B,M1-B,R095,سیلاب ke baad kisanon ko fasal ke nuqsan ka muawza kyun late milta hai,NAT,,MIXED,urdu_bm25,50,103030,8.470253944396973,50
post_phase12_module1_M1-B,M1-B,R096,Eid ka chand kab nazar aayega Pakistan,NAT,,ROMAN,roman_bm25_method_D,1,18668,20.126182556152344,50
post_phase12_module1_M1-B,M1-B,R096,Eid ka chand kab nazar aayega Pakistan,NAT,,ROMAN,roman_bm25_method_D,2,59335,12.486543655395508,50
post_phase12_module1_M1-B,M1-B,R096,Eid ka chand kab nazar aayega Pakistan,NAT,,ROMAN,roman_bm25_method_D,3,59336,12.316774368286133,50
post_phase12_module1_M1-B,M1-B,R096,Eid ka chand kab nazar aayega Pakistan,NAT,,ROMAN,roman_bm25_method_D,4,59559,12.233760833740234,50
post_phase12_module1_M1-B,M1-B,R096,Eid ka chand kab nazar aayega Pakistan,NAT,,ROMAN,roman_bm25_method_D,5,59558,12.174683570861816,50
post_phase12_module1_M1-B,M1-B,R096,Eid ka chand kab nazar aayega Pakistan,NAT,,ROMAN,roman_bm25_method_D,6,47233,12.061573028564453,50
post_phase12_module1_M1-B,M1-B,R096,Eid ka chand kab nazar aayega Pakistan,NAT,,ROMAN,roman_bm25_method_D,7,80067,11.982304573059082,50
post_phase12_module1_M1-B,M1-B,R096,Eid ka chand kab nazar aayega Pakistan,NAT,,ROMAN,roman_bm25_method_D,8,36568,11.966935157775879,50
post_phase12_module1_M1-B,M1-B,R096,Eid ka chand kab nazar aayega Pakistan,NAT,,ROMAN,roman_bm25_method_D,9,59896,11.964481353759766,50
post_phase12_module1_M1-B,M1-B,R096,Eid ka chand kab nazar aayega Pakistan,NAT,,ROMAN,roman_bm25_method_D,10,79518,11.907949447631836,50
post_phase12_module1_M1-B,M1-B,R096,Eid ka chand kab nazar aayega Pakistan,NAT,,ROMAN,roman_bm25_method_D,11,80173,11.902767181396484,50
post_phase12_module1_M1-B,M1-B,R096,Eid ka chand kab nazar aayega Pakistan,NAT,,ROMAN,roman_bm25_method_D,12,59894,11.843857765197754,50
post_phase12_module1_M1-B,M1-B,R096,Eid ka chand kab nazar aayega Pakistan,NAT,,ROMAN,roman_bm25_method_D,13,59743,11.828269004821777,50
post_phase12_module1_M1-B,M1-B,R096,Eid ka chand kab nazar aayega Pakistan,NAT,,ROMAN,roman_bm25_method_D,14,79953,11.748640060424805,50
post_phase12_module1_M1-B,M1-B,R096,Eid ka chand kab nazar aayega Pakistan,NAT,,ROMAN,roman_bm25_method_D,15,79951,11.743363380432129,50
post_phase12_module1_M1-B,M1-B,R096,Eid ka chand kab nazar aayega Pakistan,NAT,,ROMAN,roman_bm25_method_D,16,80050,11.724055290222168,50
post_phase12_module1_M1-B,M1-B,R096,Eid ka chand kab nazar aayega Pakistan,NAT,,ROMAN,roman_bm25_method_D,17,59246,11.709537506103516,50
post_phase12_module1_M1-B,M1-B,R096,Eid ka chand kab nazar aayega Pakistan,NAT,,ROMAN,roman_bm25_method_D,18,59325,11.701933860778809,50
post_phase12_module1_M1-B,M1-B,R096,Eid ka chand kab nazar aayega Pakistan,NAT,,ROMAN,roman_bm25_method_D,19,79563,11.696256637573242,50
post_phase12_module1_M1-B,M1-B,R096,Eid ka chand kab nazar aayega Pakistan,NAT,,ROMAN,roman_bm25_method_D,20,59424,11.613205909729004,50
post_phase12_module1_M1-B,M1-B,R096,Eid ka chand kab nazar aayega Pakistan,NAT,,ROMAN,roman_bm25_method_D,21,80310,11.52544116973877,50
post_phase12_module1_M1-B,M1-B,R096,Eid ka chand kab nazar aayega Pakistan,NAT,,ROMAN,roman_bm25_method_D,22,49381,11.517059326171875,50
post_phase12_module1_M1-B,M1-B,R096,Eid ka chand kab nazar aayega Pakistan,NAT,,ROMAN,roman_bm25_method_D,23,80174,11.510860443115234,50
post_phase12_module1_M1-B,M1-B,R096,Eid ka chand kab nazar aayega Pakistan,NAT,,ROMAN,roman_bm25_method_D,24,79644,11.507182121276855,50
post_phase12_module1_M1-B,M1-B,R096,Eid ka chand kab nazar aayega Pakistan,NAT,,ROMAN,roman_bm25_method_D,25,59724,11.48829174041748,50
post_phase12_module1_M1-B,M1-B,R096,Eid ka chand kab nazar aayega Pakistan,NAT,,ROMAN,roman_bm25_method_D,26,21877,11.479093551635742,50
post_phase12_module1_M1-B,M1-B,R096,Eid ka chand kab nazar aayega Pakistan,NAT,,ROMAN,roman_bm25_method_D,27,79568,11.449771881103516,50
post_phase12_module1_M1-B,M1-B,R096,Eid ka chand kab nazar aayega Pakistan,NAT,,ROMAN,roman_bm25_method_D,28,79786,11.42900562286377,50
post_phase12_module1_M1-B,M1-B,R096,Eid ka chand kab nazar aayega Pakistan,NAT,,ROMAN,roman_bm25_method_D,29,20587,11.357738494873047,50
post_phase12_module1_M1-B,M1-B,R096,Eid ka chand kab nazar aayega Pakistan,NAT,,ROMAN,roman_bm25_method_D,30,49487,11.22362995147705,50
post_phase12_module1_M1-B,M1-B,R096,Eid ka chand kab nazar aayega Pakistan,NAT,,ROMAN,roman_bm25_method_D,31,16494,11.222931861877441,50
post_phase12_module1_M1-B,M1-B,R096,Eid ka chand kab nazar aayega Pakistan,NAT,,ROMAN,roman_bm25_method_D,32,20605,11.217510223388672,50
post_phase12_module1_M1-B,M1-B,R096,Eid ka chand kab nazar aayega Pakistan,NAT,,ROMAN,roman_bm25_method_D,33,80338,11.189005851745605,50
post_phase12_module1_M1-B,M1-B,R096,Eid ka chand kab nazar aayega Pakistan,NAT,,ROMAN,roman_bm25_method_D,34,80069,11.181357383728027,50
post_phase12_module1_M1-B,M1-B,R096,Eid ka chand kab nazar aayega Pakistan,NAT,,ROMAN,roman_bm25_method_D,35,20461,10.934298515319824,50
post_phase12_module1_M1-B,M1-B,R096,Eid ka chand kab nazar aayega Pakistan,NAT,,ROMAN,roman_bm25_method_D,36,22013,10.889700889587402,50
post_phase12_module1_M1-B,M1-B,R096,Eid ka chand kab nazar aayega Pakistan,NAT,,ROMAN,roman_bm25_method_D,37,80187,10.771500587463379,50
post_phase12_module1_M1-B,M1-B,R096,Eid ka chand kab nazar aayega Pakistan,NAT,,ROMAN,roman_bm25_method_D,38,79361,10.707223892211914,50
post_phase12_module1_M1-B,M1-B,R096,Eid ka chand kab nazar aayega Pakistan,NAT,,ROMAN,roman_bm25_method_D,39,59340,10.671025276184082,50
post_phase12_module1_M1-B,M1-B,R096,Eid ka chand kab nazar aayega Pakistan,NAT,,ROMAN,roman_bm25_method_D,40,20081,10.662284851074219,50
post_phase12_module1_M1-B,M1-B,R096,Eid ka chand kab nazar aayega Pakistan,NAT,,ROMAN,roman_bm25_method_D,41,59932,10.654268264770508,50
post_phase12_module1_M1-B,M1-B,R096,Eid ka chand kab nazar aayega Pakistan,NAT,,ROMAN,roman_bm25_method_D,42,59727,10.65170669555664,50
post_phase12_module1_M1-B,M1-B,R096,Eid ka chand kab nazar aayega Pakistan,NAT,,ROMAN,roman_bm25_method_D,43,59243,10.545205116271973,50
post_phase12_module1_M1-B,M1-B,R096,Eid ka chand kab nazar aayega Pakistan,NAT,,ROMAN,roman_bm25_method_D,44,19652,10.542961120605469,50
post_phase12_module1_M1-B,M1-B,R096,Eid ka chand kab nazar aayega Pakistan,NAT,,ROMAN,roman_bm25_method_D,45,20561,10.539974212646484,50
post_phase12_module1_M1-B,M1-B,R096,Eid ka chand kab nazar aayega Pakistan,NAT,,ROMAN,roman_bm25_method_D,46,20665,10.51956558227539,50
post_phase12_module1_M1-B,M1-B,R096,Eid ka chand kab nazar aayega Pakistan,NAT,,ROMAN,roman_bm25_method_D,47,20660,10.508903503417969,50
post_phase12_module1_M1-B,M1-B,R096,Eid ka chand kab nazar aayega Pakistan,NAT,,ROMAN,roman_bm25_method_D,48,79369,10.493870735168457,50
post_phase12_module1_M1-B,M1-B,R096,Eid ka chand kab nazar aayega Pakistan,NAT,,ROMAN,roman_bm25_method_D,49,79317,10.493388175964355,50
post_phase12_module1_M1-B,M1-B,R096,Eid ka chand kab nazar aayega Pakistan,NAT,,ROMAN,roman_bm25_method_D,50,79880,10.472267150878906,50
post_phase12_module1_M1-B,M1-B,R097,Karachi property tax online payment ka tareeqa,NAT,,ROMAN,roman_bm25_method_D,1,57899,4.758752346038818,50
post_phase12_module1_M1-B,M1-B,R097,Karachi property tax online payment ka tareeqa,NAT,,ROMAN,roman_bm25_method_D,2,62963,4.748509883880615,50
post_phase12_module1_M1-B,M1-B,R097,Karachi property tax online payment ka tareeqa,NAT,,ROMAN,roman_bm25_method_D,3,111021,4.741668701171875,50
post_phase12_module1_M1-B,M1-B,R097,Karachi property tax online payment ka tareeqa,NAT,,ROMAN,roman_bm25_method_D,4,61585,4.718203067779541,50
post_phase12_module1_M1-B,M1-B,R097,Karachi property tax online payment ka tareeqa,NAT,,ROMAN,roman_bm25_method_D,5,65584,4.716708183288574,50
post_phase12_module1_M1-B,M1-B,R097,Karachi property tax online payment ka tareeqa,NAT,,ROMAN,roman_bm25_method_D,6,76727,4.710989475250244,50
post_phase12_module1_M1-B,M1-B,R097,Karachi property tax online payment ka tareeqa,NAT,,ROMAN,roman_bm25_method_D,7,86673,4.706775665283203,50
post_phase12_module1_M1-B,M1-B,R097,Karachi property tax online payment ka tareeqa,NAT,,ROMAN,roman_bm25_method_D,8,88959,4.680302143096924,50
post_phase12_module1_M1-B,M1-B,R097,Karachi property tax online payment ka tareeqa,NAT,,ROMAN,roman_bm25_method_D,9,77565,4.679314613342285,50
post_phase12_module1_M1-B,M1-B,R097,Karachi property tax online payment ka tareeqa,NAT,,ROMAN,roman_bm25_method_D,10,47208,4.677918910980225,50
post_phase12_module1_M1-B,M1-B,R097,Karachi property tax online payment ka tareeqa,NAT,,ROMAN,roman_bm25_method_D,11,87797,4.677484512329102,50
post_phase12_module1_M1-B,M1-B,R097,Karachi property tax online payment ka tareeqa,NAT,,ROMAN,roman_bm25_method_D,12,41760,4.667692184448242,50
post_phase12_module1_M1-B,M1-B,R097,Karachi property tax online payment ka tareeqa,NAT,,ROMAN,roman_bm25_method_D,13,95009,4.666618347167969,50
post_phase12_module1_M1-B,M1-B,R097,Karachi property tax online payment ka tareeqa,NAT,,ROMAN,roman_bm25_method_D,14,77137,4.656607151031494,50
post_phase12_module1_M1-B,M1-B,R097,Karachi property tax online payment ka tareeqa,NAT,,ROMAN,roman_bm25_method_D,15,42875,4.6527862548828125,50
post_phase12_module1_M1-B,M1-B,R097,Karachi property tax online payment ka tareeqa,NAT,,ROMAN,roman_bm25_method_D,16,87791,4.646634101867676,50
post_phase12_module1_M1-B,M1-B,R097,Karachi property tax online payment ka tareeqa,NAT,,ROMAN,roman_bm25_method_D,17,62469,4.636655807495117,50
post_phase12_module1_M1-B,M1-B,R097,Karachi property tax online payment ka tareeqa,NAT,,ROMAN,roman_bm25_method_D,18,62221,4.636266231536865,50
post_phase12_module1_M1-B,M1-B,R097,Karachi property tax online payment ka tareeqa,NAT,,ROMAN,roman_bm25_method_D,19,80524,4.634651184082031,50
post_phase12_module1_M1-B,M1-B,R097,Karachi property tax online payment ka tareeqa,NAT,,ROMAN,roman_bm25_method_D,20,75320,4.624128341674805,50
post_phase12_module1_M1-B,M1-B,R097,Karachi property tax online payment ka tareeqa,NAT,,ROMAN,roman_bm25_method_D,21,41749,4.615878582000732,50
post_phase12_module1_M1-B,M1-B,R097,Karachi property tax online payment ka tareeqa,NAT,,ROMAN,roman_bm25_method_D,22,41756,4.613683223724365,50
post_phase12_module1_M1-B,M1-B,R097,Karachi property tax online payment ka tareeqa,NAT,,ROMAN,roman_bm25_method_D,23,57113,4.610477924346924,50
post_phase12_module1_M1-B,M1-B,R097,Karachi property tax online payment ka tareeqa,NAT,,ROMAN,roman_bm25_method_D,24,77922,4.606062412261963,50
post_phase12_module1_M1-B,M1-B,R097,Karachi property tax online payment ka tareeqa,NAT,,ROMAN,roman_bm25_method_D,25,53692,4.604803562164307,50
post_phase12_module1_M1-B,M1-B,R097,Karachi property tax online payment ka tareeqa,NAT,,ROMAN,roman_bm25_method_D,26,45667,4.603673458099365,50
post_phase12_module1_M1-B,M1-B,R097,Karachi property tax online payment ka tareeqa,NAT,,ROMAN,roman_bm25_method_D,27,18314,4.595623016357422,50
post_phase12_module1_M1-B,M1-B,R097,Karachi property tax online payment ka tareeqa,NAT,,ROMAN,roman_bm25_method_D,28,52349,4.595398426055908,50
post_phase12_module1_M1-B,M1-B,R097,Karachi property tax online payment ka tareeqa,NAT,,ROMAN,roman_bm25_method_D,29,53722,4.5928120613098145,50
post_phase12_module1_M1-B,M1-B,R097,Karachi property tax online payment ka tareeqa,NAT,,ROMAN,roman_bm25_method_D,30,28181,4.591303825378418,50
post_phase12_module1_M1-B,M1-B,R097,Karachi property tax online payment ka tareeqa,NAT,,ROMAN,roman_bm25_method_D,31,42907,4.588695049285889,50
post_phase12_module1_M1-B,M1-B,R097,Karachi property tax online payment ka tareeqa,NAT,,ROMAN,roman_bm25_method_D,32,3707,4.588361740112305,50
post_phase12_module1_M1-B,M1-B,R097,Karachi property tax online payment ka tareeqa,NAT,,ROMAN,roman_bm25_method_D,33,49081,4.588040828704834,50
post_phase12_module1_M1-B,M1-B,R097,Karachi property tax online payment ka tareeqa,NAT,,ROMAN,roman_bm25_method_D,34,42264,4.582370758056641,50
post_phase12_module1_M1-B,M1-B,R097,Karachi property tax online payment ka tareeqa,NAT,,ROMAN,roman_bm25_method_D,35,51801,4.580950736999512,50
post_phase12_module1_M1-B,M1-B,R097,Karachi property tax online payment ka tareeqa,NAT,,ROMAN,roman_bm25_method_D,36,41755,4.578564643859863,50
post_phase12_module1_M1-B,M1-B,R097,Karachi property tax online payment ka tareeqa,NAT,,ROMAN,roman_bm25_method_D,37,111638,4.565976619720459,50
post_phase12_module1_M1-B,M1-B,R097,Karachi property tax online payment ka tareeqa,NAT,,ROMAN,roman_bm25_method_D,38,85617,4.562101364135742,50
post_phase12_module1_M1-B,M1-B,R097,Karachi property tax online payment ka tareeqa,NAT,,ROMAN,roman_bm25_method_D,39,95760,4.562097549438477,50
post_phase12_module1_M1-B,M1-B,R097,Karachi property tax online payment ka tareeqa,NAT,,ROMAN,roman_bm25_method_D,40,53743,4.561909198760986,50
post_phase12_module1_M1-B,M1-B,R097,Karachi property tax online payment ka tareeqa,NAT,,ROMAN,roman_bm25_method_D,41,88986,4.560675144195557,50
post_phase12_module1_M1-B,M1-B,R097,Karachi property tax online payment ka tareeqa,NAT,,ROMAN,roman_bm25_method_D,42,97426,4.558492660522461,50
post_phase12_module1_M1-B,M1-B,R097,Karachi property tax online payment ka tareeqa,NAT,,ROMAN,roman_bm25_method_D,43,62795,4.5575995445251465,50
post_phase12_module1_M1-B,M1-B,R097,Karachi property tax online payment ka tareeqa,NAT,,ROMAN,roman_bm25_method_D,44,44310,4.553150653839111,50
post_phase12_module1_M1-B,M1-B,R097,Karachi property tax online payment ka tareeqa,NAT,,ROMAN,roman_bm25_method_D,45,44578,4.552249908447266,50
post_phase12_module1_M1-B,M1-B,R097,Karachi property tax online payment ka tareeqa,NAT,,ROMAN,roman_bm25_method_D,46,26722,4.552087306976318,50
post_phase12_module1_M1-B,M1-B,R097,Karachi property tax online payment ka tareeqa,NAT,,ROMAN,roman_bm25_method_D,47,52519,4.550411224365234,50
post_phase12_module1_M1-B,M1-B,R097,Karachi property tax online payment ka tareeqa,NAT,,ROMAN,roman_bm25_method_D,48,87560,4.550131320953369,50
post_phase12_module1_M1-B,M1-B,R097,Karachi property tax online payment ka tareeqa,NAT,,ROMAN,roman_bm25_method_D,49,53678,4.5480523109436035,50
post_phase12_module1_M1-B,M1-B,R097,Karachi property tax online payment ka tareeqa,NAT,,ROMAN,roman_bm25_method_D,50,40927,4.547034740447998,50
post_phase12_module1_M1-B,M1-B,R098,Turkish dramas Pakistan mein itne popular kyun ho gaye hain,NAT,,ROMAN,roman_bm25_method_D,1,81170,5.558025360107422,50
post_phase12_module1_M1-B,M1-B,R098,Turkish dramas Pakistan mein itne popular kyun ho gaye hain,NAT,,ROMAN,roman_bm25_method_D,2,80869,5.430665969848633,50
post_phase12_module1_M1-B,M1-B,R098,Turkish dramas Pakistan mein itne popular kyun ho gaye hain,NAT,,ROMAN,roman_bm25_method_D,3,89567,5.420563697814941,50
post_phase12_module1_M1-B,M1-B,R098,Turkish dramas Pakistan mein itne popular kyun ho gaye hain,NAT,,ROMAN,roman_bm25_method_D,4,86199,5.3877058029174805,50
post_phase12_module1_M1-B,M1-B,R098,Turkish dramas Pakistan mein itne popular kyun ho gaye hain,NAT,,ROMAN,roman_bm25_method_D,5,86880,5.349913597106934,50
post_phase12_module1_M1-B,M1-B,R098,Turkish dramas Pakistan mein itne popular kyun ho gaye hain,NAT,,ROMAN,roman_bm25_method_D,6,85741,5.348660945892334,50
post_phase12_module1_M1-B,M1-B,R098,Turkish dramas Pakistan mein itne popular kyun ho gaye hain,NAT,,ROMAN,roman_bm25_method_D,7,72089,5.327031135559082,50
post_phase12_module1_M1-B,M1-B,R098,Turkish dramas Pakistan mein itne popular kyun ho gaye hain,NAT,,ROMAN,roman_bm25_method_D,8,87632,5.316315174102783,50
post_phase12_module1_M1-B,M1-B,R098,Turkish dramas Pakistan mein itne popular kyun ho gaye hain,NAT,,ROMAN,roman_bm25_method_D,9,87304,5.288315296173096,50
post_phase12_module1_M1-B,M1-B,R098,Turkish dramas Pakistan mein itne popular kyun ho gaye hain,NAT,,ROMAN,roman_bm25_method_D,10,46381,5.285340309143066,50
post_phase12_module1_M1-B,M1-B,R098,Turkish dramas Pakistan mein itne popular kyun ho gaye hain,NAT,,ROMAN,roman_bm25_method_D,11,33019,5.270820617675781,50
post_phase12_module1_M1-B,M1-B,R098,Turkish dramas Pakistan mein itne popular kyun ho gaye hain,NAT,,ROMAN,roman_bm25_method_D,12,96935,5.269246578216553,50
post_phase12_module1_M1-B,M1-B,R098,Turkish dramas Pakistan mein itne popular kyun ho gaye hain,NAT,,ROMAN,roman_bm25_method_D,13,87261,5.263583660125732,50
post_phase12_module1_M1-B,M1-B,R098,Turkish dramas Pakistan mein itne popular kyun ho gaye hain,NAT,,ROMAN,roman_bm25_method_D,14,74475,5.234768867492676,50
post_phase12_module1_M1-B,M1-B,R098,Turkish dramas Pakistan mein itne popular kyun ho gaye hain,NAT,,ROMAN,roman_bm25_method_D,15,87637,5.222686767578125,50
post_phase12_module1_M1-B,M1-B,R098,Turkish dramas Pakistan mein itne popular kyun ho gaye hain,NAT,,ROMAN,roman_bm25_method_D,16,42883,5.208139896392822,50
post_phase12_module1_M1-B,M1-B,R098,Turkish dramas Pakistan mein itne popular kyun ho gaye hain,NAT,,ROMAN,roman_bm25_method_D,17,87350,5.1988701820373535,50
post_phase12_module1_M1-B,M1-B,R098,Turkish dramas Pakistan mein itne popular kyun ho gaye hain,NAT,,ROMAN,roman_bm25_method_D,18,92741,5.189065456390381,50
post_phase12_module1_M1-B,M1-B,R098,Turkish dramas Pakistan mein itne popular kyun ho gaye hain,NAT,,ROMAN,roman_bm25_method_D,19,87353,5.179870128631592,50
post_phase12_module1_M1-B,M1-B,R098,Turkish dramas Pakistan mein itne popular kyun ho gaye hain,NAT,,ROMAN,roman_bm25_method_D,20,75894,5.179656028747559,50
post_phase12_module1_M1-B,M1-B,R098,Turkish dramas Pakistan mein itne popular kyun ho gaye hain,NAT,,ROMAN,roman_bm25_method_D,21,87349,5.1788530349731445,50
post_phase12_module1_M1-B,M1-B,R098,Turkish dramas Pakistan mein itne popular kyun ho gaye hain,NAT,,ROMAN,roman_bm25_method_D,22,61799,5.173259735107422,50
post_phase12_module1_M1-B,M1-B,R098,Turkish dramas Pakistan mein itne popular kyun ho gaye hain,NAT,,ROMAN,roman_bm25_method_D,23,80931,5.171041965484619,50
post_phase12_module1_M1-B,M1-B,R098,Turkish dramas Pakistan mein itne popular kyun ho gaye hain,NAT,,ROMAN,roman_bm25_method_D,24,88347,5.1558990478515625,50
post_phase12_module1_M1-B,M1-B,R098,Turkish dramas Pakistan mein itne popular kyun ho gaye hain,NAT,,ROMAN,roman_bm25_method_D,25,73179,5.1541829109191895,50
post_phase12_module1_M1-B,M1-B,R098,Turkish dramas Pakistan mein itne popular kyun ho gaye hain,NAT,,ROMAN,roman_bm25_method_D,26,87370,5.149318695068359,50
post_phase12_module1_M1-B,M1-B,R098,Turkish dramas Pakistan mein itne popular kyun ho gaye hain,NAT,,ROMAN,roman_bm25_method_D,27,41536,5.147247314453125,50
post_phase12_module1_M1-B,M1-B,R098,Turkish dramas Pakistan mein itne popular kyun ho gaye hain,NAT,,ROMAN,roman_bm25_method_D,28,89148,5.146541595458984,50
post_phase12_module1_M1-B,M1-B,R098,Turkish dramas Pakistan mein itne popular kyun ho gaye hain,NAT,,ROMAN,roman_bm25_method_D,29,41183,5.14625883102417,50
post_phase12_module1_M1-B,M1-B,R098,Turkish dramas Pakistan mein itne popular kyun ho gaye hain,NAT,,ROMAN,roman_bm25_method_D,30,45533,5.145910263061523,50
post_phase12_module1_M1-B,M1-B,R098,Turkish dramas Pakistan mein itne popular kyun ho gaye hain,NAT,,ROMAN,roman_bm25_method_D,31,87205,5.141798973083496,50
post_phase12_module1_M1-B,M1-B,R098,Turkish dramas Pakistan mein itne popular kyun ho gaye hain,NAT,,ROMAN,roman_bm25_method_D,32,82655,5.141345024108887,50
post_phase12_module1_M1-B,M1-B,R098,Turkish dramas Pakistan mein itne popular kyun ho gaye hain,NAT,,ROMAN,roman_bm25_method_D,33,80843,5.140002250671387,50
post_phase12_module1_M1-B,M1-B,R098,Turkish dramas Pakistan mein itne popular kyun ho gaye hain,NAT,,ROMAN,roman_bm25_method_D,34,69310,5.136201858520508,50
post_phase12_module1_M1-B,M1-B,R098,Turkish dramas Pakistan mein itne popular kyun ho gaye hain,NAT,,ROMAN,roman_bm25_method_D,35,87281,5.126309871673584,50
post_phase12_module1_M1-B,M1-B,R098,Turkish dramas Pakistan mein itne popular kyun ho gaye hain,NAT,,ROMAN,roman_bm25_method_D,36,88137,5.125733852386475,50
post_phase12_module1_M1-B,M1-B,R098,Turkish dramas Pakistan mein itne popular kyun ho gaye hain,NAT,,ROMAN,roman_bm25_method_D,37,65154,5.122339725494385,50
post_phase12_module1_M1-B,M1-B,R098,Turkish dramas Pakistan mein itne popular kyun ho gaye hain,NAT,,ROMAN,roman_bm25_method_D,38,90047,5.116893291473389,50
post_phase12_module1_M1-B,M1-B,R098,Turkish dramas Pakistan mein itne popular kyun ho gaye hain,NAT,,ROMAN,roman_bm25_method_D,39,106700,5.10891580581665,50
post_phase12_module1_M1-B,M1-B,R098,Turkish dramas Pakistan mein itne popular kyun ho gaye hain,NAT,,ROMAN,roman_bm25_method_D,40,85880,5.10115909576416,50
post_phase12_module1_M1-B,M1-B,R098,Turkish dramas Pakistan mein itne popular kyun ho gaye hain,NAT,,ROMAN,roman_bm25_method_D,41,54248,5.099806785583496,50
post_phase12_module1_M1-B,M1-B,R098,Turkish dramas Pakistan mein itne popular kyun ho gaye hain,NAT,,ROMAN,roman_bm25_method_D,42,88355,5.098592758178711,50
post_phase12_module1_M1-B,M1-B,R098,Turkish dramas Pakistan mein itne popular kyun ho gaye hain,NAT,,ROMAN,roman_bm25_method_D,43,81814,5.097485542297363,50
post_phase12_module1_M1-B,M1-B,R098,Turkish dramas Pakistan mein itne popular kyun ho gaye hain,NAT,,ROMAN,roman_bm25_method_D,44,87653,5.0970540046691895,50
post_phase12_module1_M1-B,M1-B,R098,Turkish dramas Pakistan mein itne popular kyun ho gaye hain,NAT,,ROMAN,roman_bm25_method_D,45,97390,5.096822738647461,50
post_phase12_module1_M1-B,M1-B,R098,Turkish dramas Pakistan mein itne popular kyun ho gaye hain,NAT,,ROMAN,roman_bm25_method_D,46,80906,5.091927528381348,50
post_phase12_module1_M1-B,M1-B,R098,Turkish dramas Pakistan mein itne popular kyun ho gaye hain,NAT,,ROMAN,roman_bm25_method_D,47,47022,5.091419696807861,50
post_phase12_module1_M1-B,M1-B,R098,Turkish dramas Pakistan mein itne popular kyun ho gaye hain,NAT,,ROMAN,roman_bm25_method_D,48,72052,5.087224960327148,50
post_phase12_module1_M1-B,M1-B,R098,Turkish dramas Pakistan mein itne popular kyun ho gaye hain,NAT,,ROMAN,roman_bm25_method_D,49,86842,5.087186336517334,50
post_phase12_module1_M1-B,M1-B,R098,Turkish dramas Pakistan mein itne popular kyun ho gaye hain,NAT,,ROMAN,roman_bm25_method_D,50,86483,5.0858635902404785,50
post_phase12_module1_M1-B,M1-B,R099,Pakistan mein COVID cases ka latest data,NAT,,ROMAN,roman_bm25_method_D,1,84780,17.580490112304688,50
post_phase12_module1_M1-B,M1-B,R099,Pakistan mein COVID cases ka latest data,NAT,,ROMAN,roman_bm25_method_D,2,93306,16.26761817932129,50
post_phase12_module1_M1-B,M1-B,R099,Pakistan mein COVID cases ka latest data,NAT,,ROMAN,roman_bm25_method_D,3,96688,16.21849822998047,50
post_phase12_module1_M1-B,M1-B,R099,Pakistan mein COVID cases ka latest data,NAT,,ROMAN,roman_bm25_method_D,4,55624,16.132658004760742,50
post_phase12_module1_M1-B,M1-B,R099,Pakistan mein COVID cases ka latest data,NAT,,ROMAN,roman_bm25_method_D,5,45726,16.002635955810547,50
post_phase12_module1_M1-B,M1-B,R099,Pakistan mein COVID cases ka latest data,NAT,,ROMAN,roman_bm25_method_D,6,43818,15.789502143859863,50
post_phase12_module1_M1-B,M1-B,R099,Pakistan mein COVID cases ka latest data,NAT,,ROMAN,roman_bm25_method_D,7,28434,15.770118713378906,50
post_phase12_module1_M1-B,M1-B,R099,Pakistan mein COVID cases ka latest data,NAT,,ROMAN,roman_bm25_method_D,8,57199,15.647457122802734,50
post_phase12_module1_M1-B,M1-B,R099,Pakistan mein COVID cases ka latest data,NAT,,ROMAN,roman_bm25_method_D,9,95104,15.613808631896973,50
post_phase12_module1_M1-B,M1-B,R099,Pakistan mein COVID cases ka latest data,NAT,,ROMAN,roman_bm25_method_D,10,45983,15.339512825012207,50
post_phase12_module1_M1-B,M1-B,R099,Pakistan mein COVID cases ka latest data,NAT,,ROMAN,roman_bm25_method_D,11,85935,14.808871269226074,50
post_phase12_module1_M1-B,M1-B,R099,Pakistan mein COVID cases ka latest data,NAT,,ROMAN,roman_bm25_method_D,12,37016,14.327335357666016,50
post_phase12_module1_M1-B,M1-B,R099,Pakistan mein COVID cases ka latest data,NAT,,ROMAN,roman_bm25_method_D,13,47268,14.068114280700684,50
post_phase12_module1_M1-B,M1-B,R099,Pakistan mein COVID cases ka latest data,NAT,,ROMAN,roman_bm25_method_D,14,84256,13.81579303741455,50
post_phase12_module1_M1-B,M1-B,R099,Pakistan mein COVID cases ka latest data,NAT,,ROMAN,roman_bm25_method_D,15,91496,13.452240943908691,50
post_phase12_module1_M1-B,M1-B,R099,Pakistan mein COVID cases ka latest data,NAT,,ROMAN,roman_bm25_method_D,16,87934,13.338460922241211,50
post_phase12_module1_M1-B,M1-B,R099,Pakistan mein COVID cases ka latest data,NAT,,ROMAN,roman_bm25_method_D,17,90389,12.512721061706543,50
post_phase12_module1_M1-B,M1-B,R099,Pakistan mein COVID cases ka latest data,NAT,,ROMAN,roman_bm25_method_D,18,83536,12.312849044799805,50
post_phase12_module1_M1-B,M1-B,R099,Pakistan mein COVID cases ka latest data,NAT,,ROMAN,roman_bm25_method_D,19,90381,11.925259590148926,50
post_phase12_module1_M1-B,M1-B,R099,Pakistan mein COVID cases ka latest data,NAT,,ROMAN,roman_bm25_method_D,20,100571,11.871498107910156,50
post_phase12_module1_M1-B,M1-B,R099,Pakistan mein COVID cases ka latest data,NAT,,ROMAN,roman_bm25_method_D,21,88507,11.544363021850586,50
post_phase12_module1_M1-B,M1-B,R099,Pakistan mein COVID cases ka latest data,NAT,,ROMAN,roman_bm25_method_D,22,44925,11.346465110778809,50
post_phase12_module1_M1-B,M1-B,R099,Pakistan mein COVID cases ka latest data,NAT,,ROMAN,roman_bm25_method_D,23,33828,11.157069206237793,50
post_phase12_module1_M1-B,M1-B,R099,Pakistan mein COVID cases ka latest data,NAT,,ROMAN,roman_bm25_method_D,24,16265,10.306950569152832,50
post_phase12_module1_M1-B,M1-B,R099,Pakistan mein COVID cases ka latest data,NAT,,ROMAN,roman_bm25_method_D,25,85405,10.14348030090332,50
post_phase12_module1_M1-B,M1-B,R099,Pakistan mein COVID cases ka latest data,NAT,,ROMAN,roman_bm25_method_D,26,83166,10.02981948852539,50
post_phase12_module1_M1-B,M1-B,R099,Pakistan mein COVID cases ka latest data,NAT,,ROMAN,roman_bm25_method_D,27,107946,9.741414070129395,50
post_phase12_module1_M1-B,M1-B,R099,Pakistan mein COVID cases ka latest data,NAT,,ROMAN,roman_bm25_method_D,28,11010,9.660001754760742,50
post_phase12_module1_M1-B,M1-B,R099,Pakistan mein COVID cases ka latest data,NAT,,ROMAN,roman_bm25_method_D,29,27936,9.097334861755371,50
post_phase12_module1_M1-B,M1-B,R099,Pakistan mein COVID cases ka latest data,NAT,,ROMAN,roman_bm25_method_D,30,104705,8.884636878967285,50
post_phase12_module1_M1-B,M1-B,R099,Pakistan mein COVID cases ka latest data,NAT,,ROMAN,roman_bm25_method_D,31,50165,8.817438125610352,50
post_phase12_module1_M1-B,M1-B,R099,Pakistan mein COVID cases ka latest data,NAT,,ROMAN,roman_bm25_method_D,32,105789,8.759821891784668,50
post_phase12_module1_M1-B,M1-B,R099,Pakistan mein COVID cases ka latest data,NAT,,ROMAN,roman_bm25_method_D,33,15465,8.60176944732666,50
post_phase12_module1_M1-B,M1-B,R099,Pakistan mein COVID cases ka latest data,NAT,,ROMAN,roman_bm25_method_D,34,100210,8.389442443847656,50
post_phase12_module1_M1-B,M1-B,R099,Pakistan mein COVID cases ka latest data,NAT,,ROMAN,roman_bm25_method_D,35,5620,8.205513954162598,50
post_phase12_module1_M1-B,M1-B,R099,Pakistan mein COVID cases ka latest data,NAT,,ROMAN,roman_bm25_method_D,36,26721,7.751477241516113,50
post_phase12_module1_M1-B,M1-B,R099,Pakistan mein COVID cases ka latest data,NAT,,ROMAN,roman_bm25_method_D,37,10855,7.0978803634643555,50
post_phase12_module1_M1-B,M1-B,R099,Pakistan mein COVID cases ka latest data,NAT,,ROMAN,roman_bm25_method_D,38,10858,6.980473518371582,50
post_phase12_module1_M1-B,M1-B,R099,Pakistan mein COVID cases ka latest data,NAT,,ROMAN,roman_bm25_method_D,39,103616,6.429342746734619,50
post_phase12_module1_M1-B,M1-B,R099,Pakistan mein COVID cases ka latest data,NAT,,ROMAN,roman_bm25_method_D,40,8173,5.348812103271484,50
post_phase12_module1_M1-B,M1-B,R099,Pakistan mein COVID cases ka latest data,NAT,,ROMAN,roman_bm25_method_D,41,4488,4.848069190979004,50
post_phase12_module1_M1-B,M1-B,R099,Pakistan mein COVID cases ka latest data,NAT,,ROMAN,roman_bm25_method_D,42,5135,4.602215766906738,50
post_phase12_module1_M1-B,M1-B,R099,Pakistan mein COVID cases ka latest data,NAT,,ROMAN,roman_bm25_method_D,43,18443,3.3995299339294434,50
post_phase12_module1_M1-B,M1-B,R099,Pakistan mein COVID cases ka latest data,NAT,,ROMAN,roman_bm25_method_D,44,17077,3.3595633506774902,50
post_phase12_module1_M1-B,M1-B,R099,Pakistan mein COVID cases ka latest data,NAT,,ROMAN,roman_bm25_method_D,45,18448,3.058788299560547,50
post_phase12_module1_M1-B,M1-B,R099,Pakistan mein COVID cases ka latest data,NAT,,ROMAN,roman_bm25_method_D,46,18466,2.8647408485412598,50
post_phase12_module1_M1-B,M1-B,R099,Pakistan mein COVID cases ka latest data,NAT,,ROMAN,roman_bm25_method_D,47,53658,2.216355800628662,50
post_phase12_module1_M1-B,M1-B,R099,Pakistan mein COVID cases ka latest data,NAT,,ROMAN,roman_bm25_method_D,48,72090,2.214130163192749,50
post_phase12_module1_M1-B,M1-B,R099,Pakistan mein COVID cases ka latest data,NAT,,ROMAN,roman_bm25_method_D,49,100171,2.2137999534606934,50
post_phase12_module1_M1-B,M1-B,R099,Pakistan mein COVID cases ka latest data,NAT,,ROMAN,roman_bm25_method_D,50,86843,2.2085657119750977,50
post_phase12_module1_M1-B,M1-B,R100,lahore qalandars squad,NAT,,ROMAN,roman_bm25_method_D,1,96430,4.870622634887695,50
post_phase12_module1_M1-B,M1-B,R100,lahore qalandars squad,NAT,,ROMAN,roman_bm25_method_D,2,41965,4.841333389282227,50
post_phase12_module1_M1-B,M1-B,R100,lahore qalandars squad,NAT,,ROMAN,roman_bm25_method_D,3,44399,4.841190338134766,50
post_phase12_module1_M1-B,M1-B,R100,lahore qalandars squad,NAT,,ROMAN,roman_bm25_method_D,4,44405,4.816254138946533,50
post_phase12_module1_M1-B,M1-B,R100,lahore qalandars squad,NAT,,ROMAN,roman_bm25_method_D,5,87848,4.802702903747559,50
post_phase12_module1_M1-B,M1-B,R100,lahore qalandars squad,NAT,,ROMAN,roman_bm25_method_D,6,88314,4.794045448303223,50
post_phase12_module1_M1-B,M1-B,R100,lahore qalandars squad,NAT,,ROMAN,roman_bm25_method_D,7,46429,4.793859004974365,50
post_phase12_module1_M1-B,M1-B,R100,lahore qalandars squad,NAT,,ROMAN,roman_bm25_method_D,8,41832,4.788427829742432,50
post_phase12_module1_M1-B,M1-B,R100,lahore qalandars squad,NAT,,ROMAN,roman_bm25_method_D,9,55612,4.776952743530273,50
post_phase12_module1_M1-B,M1-B,R100,lahore qalandars squad,NAT,,ROMAN,roman_bm25_method_D,10,87597,4.745912075042725,50
post_phase12_module1_M1-B,M1-B,R100,lahore qalandars squad,NAT,,ROMAN,roman_bm25_method_D,11,89469,4.745912075042725,50
post_phase12_module1_M1-B,M1-B,R100,lahore qalandars squad,NAT,,ROMAN,roman_bm25_method_D,12,90389,4.735434055328369,50
post_phase12_module1_M1-B,M1-B,R100,lahore qalandars squad,NAT,,ROMAN,roman_bm25_method_D,13,86565,4.7345476150512695,50
post_phase12_module1_M1-B,M1-B,R100,lahore qalandars squad,NAT,,ROMAN,roman_bm25_method_D,14,41801,4.729813098907471,50
post_phase12_module1_M1-B,M1-B,R100,lahore qalandars squad,NAT,,ROMAN,roman_bm25_method_D,15,41834,4.716496467590332,50
post_phase12_module1_M1-B,M1-B,R100,lahore qalandars squad,NAT,,ROMAN,roman_bm25_method_D,16,44298,4.71500825881958,50
post_phase12_module1_M1-B,M1-B,R100,lahore qalandars squad,NAT,,ROMAN,roman_bm25_method_D,17,61229,4.707912445068359,50
post_phase12_module1_M1-B,M1-B,R100,lahore qalandars squad,NAT,,ROMAN,roman_bm25_method_D,18,41756,4.70659065246582,50
post_phase12_module1_M1-B,M1-B,R100,lahore qalandars squad,NAT,,ROMAN,roman_bm25_method_D,19,75327,4.704447269439697,50
post_phase12_module1_M1-B,M1-B,R100,lahore qalandars squad,NAT,,ROMAN,roman_bm25_method_D,20,87826,4.70119571685791,50
post_phase12_module1_M1-B,M1-B,R100,lahore qalandars squad,NAT,,ROMAN,roman_bm25_method_D,21,41802,4.700296401977539,50
post_phase12_module1_M1-B,M1-B,R100,lahore qalandars squad,NAT,,ROMAN,roman_bm25_method_D,22,41765,4.697054386138916,50
post_phase12_module1_M1-B,M1-B,R100,lahore qalandars squad,NAT,,ROMAN,roman_bm25_method_D,23,42921,4.691481590270996,50
post_phase12_module1_M1-B,M1-B,R100,lahore qalandars squad,NAT,,ROMAN,roman_bm25_method_D,24,54361,4.6891913414001465,50
post_phase12_module1_M1-B,M1-B,R100,lahore qalandars squad,NAT,,ROMAN,roman_bm25_method_D,25,12530,4.684071063995361,50
post_phase12_module1_M1-B,M1-B,R100,lahore qalandars squad,NAT,,ROMAN,roman_bm25_method_D,26,63189,4.682165145874023,50
post_phase12_module1_M1-B,M1-B,R100,lahore qalandars squad,NAT,,ROMAN,roman_bm25_method_D,27,86529,4.680228233337402,50
post_phase12_module1_M1-B,M1-B,R100,lahore qalandars squad,NAT,,ROMAN,roman_bm25_method_D,28,28204,4.677803039550781,50
post_phase12_module1_M1-B,M1-B,R100,lahore qalandars squad,NAT,,ROMAN,roman_bm25_method_D,29,45208,4.67282772064209,50
post_phase12_module1_M1-B,M1-B,R100,lahore qalandars squad,NAT,,ROMAN,roman_bm25_method_D,30,50860,4.668764114379883,50
post_phase12_module1_M1-B,M1-B,R100,lahore qalandars squad,NAT,,ROMAN,roman_bm25_method_D,31,45212,4.667483806610107,50
post_phase12_module1_M1-B,M1-B,R100,lahore qalandars squad,NAT,,ROMAN,roman_bm25_method_D,32,87466,4.667377948760986,50
post_phase12_module1_M1-B,M1-B,R100,lahore qalandars squad,NAT,,ROMAN,roman_bm25_method_D,33,41767,4.66701078414917,50
post_phase12_module1_M1-B,M1-B,R100,lahore qalandars squad,NAT,,ROMAN,roman_bm25_method_D,34,52302,4.666402339935303,50
post_phase12_module1_M1-B,M1-B,R100,lahore qalandars squad,NAT,,ROMAN,roman_bm25_method_D,35,52361,4.662840843200684,50
post_phase12_module1_M1-B,M1-B,R100,lahore qalandars squad,NAT,,ROMAN,roman_bm25_method_D,36,85284,4.66168737411499,50
post_phase12_module1_M1-B,M1-B,R100,lahore qalandars squad,NAT,,ROMAN,roman_bm25_method_D,37,97105,4.66168737411499,50
post_phase12_module1_M1-B,M1-B,R100,lahore qalandars squad,NAT,,ROMAN,roman_bm25_method_D,38,41760,4.658763408660889,50
post_phase12_module1_M1-B,M1-B,R100,lahore qalandars squad,NAT,,ROMAN,roman_bm25_method_D,39,89217,4.654607772827148,50
post_phase12_module1_M1-B,M1-B,R100,lahore qalandars squad,NAT,,ROMAN,roman_bm25_method_D,40,40503,4.654607772827148,50
post_phase12_module1_M1-B,M1-B,R100,lahore qalandars squad,NAT,,ROMAN,roman_bm25_method_D,41,85293,4.653032302856445,50
post_phase12_module1_M1-B,M1-B,R100,lahore qalandars squad,NAT,,ROMAN,roman_bm25_method_D,42,54152,4.652596473693848,50
post_phase12_module1_M1-B,M1-B,R100,lahore qalandars squad,NAT,,ROMAN,roman_bm25_method_D,43,41766,4.646446228027344,50
post_phase12_module1_M1-B,M1-B,R100,lahore qalandars squad,NAT,,ROMAN,roman_bm25_method_D,44,87728,4.644834041595459,50
post_phase12_module1_M1-B,M1-B,R100,lahore qalandars squad,NAT,,ROMAN,roman_bm25_method_D,45,89360,4.642354488372803,50
post_phase12_module1_M1-B,M1-B,R100,lahore qalandars squad,NAT,,ROMAN,roman_bm25_method_D,46,41115,4.640949726104736,50
post_phase12_module1_M1-B,M1-B,R100,lahore qalandars squad,NAT,,ROMAN,roman_bm25_method_D,47,28434,4.640584945678711,50
post_phase12_module1_M1-B,M1-B,R100,lahore qalandars squad,NAT,,ROMAN,roman_bm25_method_D,48,41800,4.638284683227539,50
post_phase12_module1_M1-B,M1-B,R100,lahore qalandars squad,NAT,,ROMAN,roman_bm25_method_D,49,41798,4.626898288726807,50
post_phase12_module1_M1-B,M1-B,R100,lahore qalandars squad,NAT,,ROMAN,roman_bm25_method_D,50,45120,4.626622676849365,50
