experiment_id,query_id,query_text,detector_label,retrieval_path,rank,doc_id,bm25_score,n_hits_returned
phase10b_frozen_dump,H001,پیٹرول کیوں مہنگا,URDU,urdu_bm25,1,77997,18.600357055664062,50
phase10b_frozen_dump,H001,پیٹرول کیوں مہنگا,URDU,urdu_bm25,2,77073,18.078067779541016,50
phase10b_frozen_dump,H001,پیٹرول کیوں مہنگا,URDU,urdu_bm25,3,71574,17.808759689331055,50
phase10b_frozen_dump,H001,پیٹرول کیوں مہنگا,URDU,urdu_bm25,4,77562,17.47979736328125,50
phase10b_frozen_dump,H001,پیٹرول کیوں مہنگا,URDU,urdu_bm25,5,72766,17.281679153442383,50
phase10b_frozen_dump,H001,پیٹرول کیوں مہنگا,URDU,urdu_bm25,6,78955,17.146629333496094,50
phase10b_frozen_dump,H001,پیٹرول کیوں مہنگا,URDU,urdu_bm25,7,71071,16.86318588256836,50
phase10b_frozen_dump,H001,پیٹرول کیوں مہنگا,URDU,urdu_bm25,8,78082,16.81111717224121,50
phase10b_frozen_dump,H001,پیٹرول کیوں مہنگا,URDU,urdu_bm25,9,77549,16.50465965270996,50
phase10b_frozen_dump,H001,پیٹرول کیوں مہنگا,URDU,urdu_bm25,10,71125,16.4771671295166,50
phase10b_frozen_dump,H001,پیٹرول کیوں مہنگا,URDU,urdu_bm25,11,71512,16.460601806640625,50
phase10b_frozen_dump,H001,پیٹرول کیوں مہنگا,URDU,urdu_bm25,12,77993,16.38824462890625,50
phase10b_frozen_dump,H001,پیٹرول کیوں مہنگا,URDU,urdu_bm25,13,77995,16.37724494934082,50
phase10b_frozen_dump,H001,پیٹرول کیوں مہنگا,URDU,urdu_bm25,14,74843,16.345340728759766,50
phase10b_frozen_dump,H001,پیٹرول کیوں مہنگا,URDU,urdu_bm25,15,71511,16.338306427001953,50
phase10b_frozen_dump,H001,پیٹرول کیوں مہنگا,URDU,urdu_bm25,16,77653,16.32927703857422,50
phase10b_frozen_dump,H001,پیٹرول کیوں مہنگا,URDU,urdu_bm25,17,70768,16.291988372802734,50
phase10b_frozen_dump,H001,پیٹرول کیوں مہنگا,URDU,urdu_bm25,18,109649,16.18913459777832,50
phase10b_frozen_dump,H001,پیٹرول کیوں مہنگا,URDU,urdu_bm25,19,77994,16.10638427734375,50
phase10b_frozen_dump,H001,پیٹرول کیوں مہنگا,URDU,urdu_bm25,20,73684,16.092533111572266,50
phase10b_frozen_dump,H001,پیٹرول کیوں مہنگا,URDU,urdu_bm25,21,61039,16.000648498535156,50
phase10b_frozen_dump,H001,پیٹرول کیوں مہنگا,URDU,urdu_bm25,22,78076,15.922994613647461,50
phase10b_frozen_dump,H001,پیٹرول کیوں مہنگا,URDU,urdu_bm25,23,76396,15.920860290527344,50
phase10b_frozen_dump,H001,پیٹرول کیوں مہنگا,URDU,urdu_bm25,24,109642,15.89570140838623,50
phase10b_frozen_dump,H001,پیٹرول کیوں مہنگا,URDU,urdu_bm25,25,63519,15.893763542175293,50
phase10b_frozen_dump,H001,پیٹرول کیوں مہنگا,URDU,urdu_bm25,26,71744,15.867122650146484,50
phase10b_frozen_dump,H001,پیٹرول کیوں مہنگا,URDU,urdu_bm25,27,77017,15.754462242126465,50
phase10b_frozen_dump,H001,پیٹرول کیوں مہنگا,URDU,urdu_bm25,28,79229,15.720071792602539,50
phase10b_frozen_dump,H001,پیٹرول کیوں مہنگا,URDU,urdu_bm25,29,2612,15.720071792602539,50
phase10b_frozen_dump,H001,پیٹرول کیوں مہنگا,URDU,urdu_bm25,30,79088,15.582857131958008,50
phase10b_frozen_dump,H001,پیٹرول کیوں مہنگا,URDU,urdu_bm25,31,76953,15.541772842407227,50
phase10b_frozen_dump,H001,پیٹرول کیوں مہنگا,URDU,urdu_bm25,32,70774,15.538951873779297,50
phase10b_frozen_dump,H001,پیٹرول کیوں مہنگا,URDU,urdu_bm25,33,77990,15.5196533203125,50
phase10b_frozen_dump,H001,پیٹرول کیوں مہنگا,URDU,urdu_bm25,34,65820,15.43115234375,50
phase10b_frozen_dump,H001,پیٹرول کیوں مہنگا,URDU,urdu_bm25,35,1300,15.418328285217285,50
phase10b_frozen_dump,H001,پیٹرول کیوں مہنگا,URDU,urdu_bm25,36,65593,15.381143569946289,50
phase10b_frozen_dump,H001,پیٹرول کیوں مہنگا,URDU,urdu_bm25,37,78024,15.320858001708984,50
phase10b_frozen_dump,H001,پیٹرول کیوں مہنگا,URDU,urdu_bm25,38,78001,15.288230895996094,50
phase10b_frozen_dump,H001,پیٹرول کیوں مہنگا,URDU,urdu_bm25,39,70402,15.252433776855469,50
phase10b_frozen_dump,H001,پیٹرول کیوں مہنگا,URDU,urdu_bm25,40,39549,15.221151351928711,50
phase10b_frozen_dump,H001,پیٹرول کیوں مہنگا,URDU,urdu_bm25,41,71583,15.192340850830078,50
phase10b_frozen_dump,H001,پیٹرول کیوں مہنگا,URDU,urdu_bm25,42,111056,15.186690330505371,50
phase10b_frozen_dump,H001,پیٹرول کیوں مہنگا,URDU,urdu_bm25,43,1638,15.124258041381836,50
phase10b_frozen_dump,H001,پیٹرول کیوں مہنگا,URDU,urdu_bm25,44,72264,15.116361618041992,50
phase10b_frozen_dump,H001,پیٹرول کیوں مہنگا,URDU,urdu_bm25,45,110857,15.091347694396973,50
phase10b_frozen_dump,H001,پیٹرول کیوں مہنگا,URDU,urdu_bm25,46,77077,15.087349891662598,50
phase10b_frozen_dump,H001,پیٹرول کیوں مہنگا,URDU,urdu_bm25,47,71118,15.070577621459961,50
phase10b_frozen_dump,H001,پیٹرول کیوں مہنگا,URDU,urdu_bm25,48,77080,15.02505111694336,50
phase10b_frozen_dump,H001,پیٹرول کیوں مہنگا,URDU,urdu_bm25,49,62578,15.004398345947266,50
phase10b_frozen_dump,H001,پیٹرول کیوں مہنگا,URDU,urdu_bm25,50,64875,14.942779541015625,50
phase10b_frozen_dump,H002,شکست کی وجہ,URDU,urdu_bm25,1,88102,7.296616554260254,50
phase10b_frozen_dump,H002,شکست کی وجہ,URDU,urdu_bm25,2,58142,7.270432949066162,50
phase10b_frozen_dump,H002,شکست کی وجہ,URDU,urdu_bm25,3,35782,7.188662052154541,50
phase10b_frozen_dump,H002,شکست کی وجہ,URDU,urdu_bm25,4,90485,7.106419086456299,50
phase10b_frozen_dump,H002,شکست کی وجہ,URDU,urdu_bm25,5,57625,7.095634937286377,50
phase10b_frozen_dump,H002,شکست کی وجہ,URDU,urdu_bm25,6,94285,7.053922176361084,50
phase10b_frozen_dump,H002,شکست کی وجہ,URDU,urdu_bm25,7,12153,7.041980743408203,50
phase10b_frozen_dump,H002,شکست کی وجہ,URDU,urdu_bm25,8,58101,7.040799617767334,50
phase10b_frozen_dump,H002,شکست کی وجہ,URDU,urdu_bm25,9,91389,7.0042219161987305,50
phase10b_frozen_dump,H002,شکست کی وجہ,URDU,urdu_bm25,10,95271,6.98174524307251,50
phase10b_frozen_dump,H002,شکست کی وجہ,URDU,urdu_bm25,11,90585,6.897243976593018,50
phase10b_frozen_dump,H002,شکست کی وجہ,URDU,urdu_bm25,12,53358,6.897205352783203,50
phase10b_frozen_dump,H002,شکست کی وجہ,URDU,urdu_bm25,13,87246,6.8884735107421875,50
phase10b_frozen_dump,H002,شکست کی وجہ,URDU,urdu_bm25,14,85524,6.876221656799316,50
phase10b_frozen_dump,H002,شکست کی وجہ,URDU,urdu_bm25,15,80640,6.871406555175781,50
phase10b_frozen_dump,H002,شکست کی وجہ,URDU,urdu_bm25,16,47447,6.853387832641602,50
phase10b_frozen_dump,H002,شکست کی وجہ,URDU,urdu_bm25,17,97123,6.817593097686768,50
phase10b_frozen_dump,H002,شکست کی وجہ,URDU,urdu_bm25,18,87980,6.812087059020996,50
phase10b_frozen_dump,H002,شکست کی وجہ,URDU,urdu_bm25,19,81801,6.7990241050720215,50
phase10b_frozen_dump,H002,شکست کی وجہ,URDU,urdu_bm25,20,36814,6.796964645385742,50
phase10b_frozen_dump,H002,شکست کی وجہ,URDU,urdu_bm25,21,9319,6.773885250091553,50
phase10b_frozen_dump,H002,شکست کی وجہ,URDU,urdu_bm25,22,94832,6.766580581665039,50
phase10b_frozen_dump,H002,شکست کی وجہ,URDU,urdu_bm25,23,87891,6.762659072875977,50
phase10b_frozen_dump,H002,شکست کی وجہ,URDU,urdu_bm25,24,92969,6.746010780334473,50
phase10b_frozen_dump,H002,شکست کی وجہ,URDU,urdu_bm25,25,85976,6.6972503662109375,50
phase10b_frozen_dump,H002,شکست کی وجہ,URDU,urdu_bm25,26,87422,6.68951416015625,50
phase10b_frozen_dump,H002,شکست کی وجہ,URDU,urdu_bm25,27,35557,6.676701545715332,50
phase10b_frozen_dump,H002,شکست کی وجہ,URDU,urdu_bm25,28,95606,6.665343284606934,50
phase10b_frozen_dump,H002,شکست کی وجہ,URDU,urdu_bm25,29,42793,6.662503719329834,50
phase10b_frozen_dump,H002,شکست کی وجہ,URDU,urdu_bm25,30,46324,6.631438732147217,50
phase10b_frozen_dump,H002,شکست کی وجہ,URDU,urdu_bm25,31,84525,6.603063583374023,50
phase10b_frozen_dump,H002,شکست کی وجہ,URDU,urdu_bm25,32,59029,6.590723991394043,50
phase10b_frozen_dump,H002,شکست کی وجہ,URDU,urdu_bm25,33,28862,6.583778381347656,50
phase10b_frozen_dump,H002,شکست کی وجہ,URDU,urdu_bm25,34,29434,6.57745361328125,50
phase10b_frozen_dump,H002,شکست کی وجہ,URDU,urdu_bm25,35,11666,6.561942100524902,50
phase10b_frozen_dump,H002,شکست کی وجہ,URDU,urdu_bm25,36,86314,6.544131755828857,50
phase10b_frozen_dump,H002,شکست کی وجہ,URDU,urdu_bm25,37,82823,6.541635513305664,50
phase10b_frozen_dump,H002,شکست کی وجہ,URDU,urdu_bm25,38,34346,6.53584098815918,50
phase10b_frozen_dump,H002,شکست کی وجہ,URDU,urdu_bm25,39,94879,6.529275417327881,50
phase10b_frozen_dump,H002,شکست کی وجہ,URDU,urdu_bm25,40,32324,6.513884544372559,50
phase10b_frozen_dump,H002,شکست کی وجہ,URDU,urdu_bm25,41,33771,6.511724472045898,50
phase10b_frozen_dump,H002,شکست کی وجہ,URDU,urdu_bm25,42,58740,6.499169826507568,50
phase10b_frozen_dump,H002,شکست کی وجہ,URDU,urdu_bm25,43,30116,6.489492416381836,50
phase10b_frozen_dump,H002,شکست کی وجہ,URDU,urdu_bm25,44,94331,6.481663703918457,50
phase10b_frozen_dump,H002,شکست کی وجہ,URDU,urdu_bm25,45,12176,6.465093612670898,50
phase10b_frozen_dump,H002,شکست کی وجہ,URDU,urdu_bm25,46,31765,6.454109191894531,50
phase10b_frozen_dump,H002,شکست کی وجہ,URDU,urdu_bm25,47,58160,6.451714515686035,50
phase10b_frozen_dump,H002,شکست کی وجہ,URDU,urdu_bm25,48,85671,6.43803596496582,50
phase10b_frozen_dump,H002,شکست کی وجہ,URDU,urdu_bm25,49,54738,6.419999599456787,50
phase10b_frozen_dump,H002,شکست کی وجہ,URDU,urdu_bm25,50,55791,6.402344226837158,50
phase10b_frozen_dump,H003,فلم کیسے ڈوبی,URDU,urdu_bm25,1,101957,18.211837768554688,50
phase10b_frozen_dump,H003,فلم کیسے ڈوبی,URDU,urdu_bm25,2,39156,13.398171424865723,50
phase10b_frozen_dump,H003,فلم کیسے ڈوبی,URDU,urdu_bm25,3,108546,13.1254301071167,50
phase10b_frozen_dump,H003,فلم کیسے ڈوبی,URDU,urdu_bm25,4,51242,12.759307861328125,50
phase10b_frozen_dump,H003,فلم کیسے ڈوبی,URDU,urdu_bm25,5,86872,12.278035163879395,50
phase10b_frozen_dump,H003,فلم کیسے ڈوبی,URDU,urdu_bm25,6,79158,11.889744758605957,50
phase10b_frozen_dump,H003,فلم کیسے ڈوبی,URDU,urdu_bm25,7,48984,11.48187255859375,50
phase10b_frozen_dump,H003,فلم کیسے ڈوبی,URDU,urdu_bm25,8,54535,11.222513198852539,50
phase10b_frozen_dump,H003,فلم کیسے ڈوبی,URDU,urdu_bm25,9,48445,11.208314895629883,50
phase10b_frozen_dump,H003,فلم کیسے ڈوبی,URDU,urdu_bm25,10,73593,10.972519874572754,50
phase10b_frozen_dump,H003,فلم کیسے ڈوبی,URDU,urdu_bm25,11,107957,10.796072006225586,50
phase10b_frozen_dump,H003,فلم کیسے ڈوبی,URDU,urdu_bm25,12,94751,10.577380180358887,50
phase10b_frozen_dump,H003,فلم کیسے ڈوبی,URDU,urdu_bm25,13,77234,10.099998474121094,50
phase10b_frozen_dump,H003,فلم کیسے ڈوبی,URDU,urdu_bm25,14,101446,10.090041160583496,50
phase10b_frozen_dump,H003,فلم کیسے ڈوبی,URDU,urdu_bm25,15,66628,10.084314346313477,50
phase10b_frozen_dump,H003,فلم کیسے ڈوبی,URDU,urdu_bm25,16,68946,10.027976989746094,50
phase10b_frozen_dump,H003,فلم کیسے ڈوبی,URDU,urdu_bm25,17,69174,9.986103057861328,50
phase10b_frozen_dump,H003,فلم کیسے ڈوبی,URDU,urdu_bm25,18,69970,9.973587036132812,50
phase10b_frozen_dump,H003,فلم کیسے ڈوبی,URDU,urdu_bm25,19,76187,9.908348083496094,50
phase10b_frozen_dump,H003,فلم کیسے ڈوبی,URDU,urdu_bm25,20,107090,9.899200439453125,50
phase10b_frozen_dump,H003,فلم کیسے ڈوبی,URDU,urdu_bm25,21,51665,9.899200439453125,50
phase10b_frozen_dump,H003,فلم کیسے ڈوبی,URDU,urdu_bm25,22,107640,9.897534370422363,50
phase10b_frozen_dump,H003,فلم کیسے ڈوبی,URDU,urdu_bm25,23,40593,9.866742134094238,50
phase10b_frozen_dump,H003,فلم کیسے ڈوبی,URDU,urdu_bm25,24,103875,9.814119338989258,50
phase10b_frozen_dump,H003,فلم کیسے ڈوبی,URDU,urdu_bm25,25,18871,9.753841400146484,50
phase10b_frozen_dump,H003,فلم کیسے ڈوبی,URDU,urdu_bm25,26,99420,9.749183654785156,50
phase10b_frozen_dump,H003,فلم کیسے ڈوبی,URDU,urdu_bm25,27,68853,9.703755378723145,50
phase10b_frozen_dump,H003,فلم کیسے ڈوبی,URDU,urdu_bm25,28,103880,9.695145606994629,50
phase10b_frozen_dump,H003,فلم کیسے ڈوبی,URDU,urdu_bm25,29,100773,9.664631843566895,50
phase10b_frozen_dump,H003,فلم کیسے ڈوبی,URDU,urdu_bm25,30,103717,9.645452499389648,50
phase10b_frozen_dump,H003,فلم کیسے ڈوبی,URDU,urdu_bm25,31,101296,9.62122917175293,50
phase10b_frozen_dump,H003,فلم کیسے ڈوبی,URDU,urdu_bm25,32,67090,9.605552673339844,50
phase10b_frozen_dump,H003,فلم کیسے ڈوبی,URDU,urdu_bm25,33,69126,9.604761123657227,50
phase10b_frozen_dump,H003,فلم کیسے ڈوبی,URDU,urdu_bm25,34,107215,9.532413482666016,50
phase10b_frozen_dump,H003,فلم کیسے ڈوبی,URDU,urdu_bm25,35,48148,9.525257110595703,50
phase10b_frozen_dump,H003,فلم کیسے ڈوبی,URDU,urdu_bm25,36,68994,9.503026008605957,50
phase10b_frozen_dump,H003,فلم کیسے ڈوبی,URDU,urdu_bm25,37,107232,9.46306037902832,50
phase10b_frozen_dump,H003,فلم کیسے ڈوبی,URDU,urdu_bm25,38,13595,9.427393913269043,50
phase10b_frozen_dump,H003,فلم کیسے ڈوبی,URDU,urdu_bm25,39,107116,9.427275657653809,50
phase10b_frozen_dump,H003,فلم کیسے ڈوبی,URDU,urdu_bm25,40,48112,9.399270057678223,50
phase10b_frozen_dump,H003,فلم کیسے ڈوبی,URDU,urdu_bm25,41,107183,9.39478874206543,50
phase10b_frozen_dump,H003,فلم کیسے ڈوبی,URDU,urdu_bm25,42,39080,9.393421173095703,50
phase10b_frozen_dump,H003,فلم کیسے ڈوبی,URDU,urdu_bm25,43,101020,9.368000030517578,50
phase10b_frozen_dump,H003,فلم کیسے ڈوبی,URDU,urdu_bm25,44,94324,9.318915367126465,50
phase10b_frozen_dump,H003,فلم کیسے ڈوبی,URDU,urdu_bm25,45,82469,9.282103538513184,50
phase10b_frozen_dump,H003,فلم کیسے ڈوبی,URDU,urdu_bm25,46,15187,9.280964851379395,50
phase10b_frozen_dump,H003,فلم کیسے ڈوبی,URDU,urdu_bm25,47,13344,9.180924415588379,50
phase10b_frozen_dump,H003,فلم کیسے ڈوبی,URDU,urdu_bm25,48,101941,9.1616849899292,50
phase10b_frozen_dump,H003,فلم کیسے ڈوبی,URDU,urdu_bm25,49,9269,9.154434204101562,50
phase10b_frozen_dump,H003,فلم کیسے ڈوبی,URDU,urdu_bm25,50,107598,9.1326322555542,50
phase10b_frozen_dump,H004,سیلاب کا نقصان,URDU,urdu_bm25,1,76782,17.71515464782715,50
phase10b_frozen_dump,H004,سیلاب کا نقصان,URDU,urdu_bm25,2,74465,16.79629898071289,50
phase10b_frozen_dump,H004,سیلاب کا نقصان,URDU,urdu_bm25,3,76744,16.296794891357422,50
phase10b_frozen_dump,H004,سیلاب کا نقصان,URDU,urdu_bm25,4,76713,15.730003356933594,50
phase10b_frozen_dump,H004,سیلاب کا نقصان,URDU,urdu_bm25,5,74479,15.647451400756836,50
phase10b_frozen_dump,H004,سیلاب کا نقصان,URDU,urdu_bm25,6,76696,14.983161926269531,50
phase10b_frozen_dump,H004,سیلاب کا نقصان,URDU,urdu_bm25,7,75163,14.488142967224121,50
phase10b_frozen_dump,H004,سیلاب کا نقصان,URDU,urdu_bm25,8,74036,14.436812400817871,50
phase10b_frozen_dump,H004,سیلاب کا نقصان,URDU,urdu_bm25,9,74499,13.576565742492676,50
phase10b_frozen_dump,H004,سیلاب کا نقصان,URDU,urdu_bm25,10,103186,13.329277992248535,50
phase10b_frozen_dump,H004,سیلاب کا نقصان,URDU,urdu_bm25,11,103884,13.197080612182617,50
phase10b_frozen_dump,H004,سیلاب کا نقصان,URDU,urdu_bm25,12,62010,13.10414981842041,50
phase10b_frozen_dump,H004,سیلاب کا نقصان,URDU,urdu_bm25,13,67358,13.0925874710083,50
phase10b_frozen_dump,H004,سیلاب کا نقصان,URDU,urdu_bm25,14,60315,12.751619338989258,50
phase10b_frozen_dump,H004,سیلاب کا نقصان,URDU,urdu_bm25,15,35339,12.458686828613281,50
phase10b_frozen_dump,H004,سیلاب کا نقصان,URDU,urdu_bm25,16,75361,12.195419311523438,50
phase10b_frozen_dump,H004,سیلاب کا نقصان,URDU,urdu_bm25,17,40351,12.134668350219727,50
phase10b_frozen_dump,H004,سیلاب کا نقصان,URDU,urdu_bm25,18,78637,12.0557861328125,50
phase10b_frozen_dump,H004,سیلاب کا نقصان,URDU,urdu_bm25,19,73490,12.000919342041016,50
phase10b_frozen_dump,H004,سیلاب کا نقصان,URDU,urdu_bm25,20,79330,11.960972785949707,50
phase10b_frozen_dump,H004,سیلاب کا نقصان,URDU,urdu_bm25,21,8430,11.910860061645508,50
phase10b_frozen_dump,H004,سیلاب کا نقصان,URDU,urdu_bm25,22,41070,11.87834358215332,50
phase10b_frozen_dump,H004,سیلاب کا نقصان,URDU,urdu_bm25,23,77840,11.821183204650879,50
phase10b_frozen_dump,H004,سیلاب کا نقصان,URDU,urdu_bm25,24,24353,11.799566268920898,50
phase10b_frozen_dump,H004,سیلاب کا نقصان,URDU,urdu_bm25,25,76712,11.655707359313965,50
phase10b_frozen_dump,H004,سیلاب کا نقصان,URDU,urdu_bm25,26,76808,11.583051681518555,50
phase10b_frozen_dump,H004,سیلاب کا نقصان,URDU,urdu_bm25,27,75396,11.454302787780762,50
phase10b_frozen_dump,H004,سیلاب کا نقصان,URDU,urdu_bm25,28,61635,11.377202987670898,50
phase10b_frozen_dump,H004,سیلاب کا نقصان,URDU,urdu_bm25,29,75478,11.29519271850586,50
phase10b_frozen_dump,H004,سیلاب کا نقصان,URDU,urdu_bm25,30,63280,11.12301254272461,50
phase10b_frozen_dump,H004,سیلاب کا نقصان,URDU,urdu_bm25,31,15174,11.091236114501953,50
phase10b_frozen_dump,H004,سیلاب کا نقصان,URDU,urdu_bm25,32,10960,11.065855026245117,50
phase10b_frozen_dump,H004,سیلاب کا نقصان,URDU,urdu_bm25,33,18791,11.02137565612793,50
phase10b_frozen_dump,H004,سیلاب کا نقصان,URDU,urdu_bm25,34,78333,10.894333839416504,50
phase10b_frozen_dump,H004,سیلاب کا نقصان,URDU,urdu_bm25,35,78146,10.70612907409668,50
phase10b_frozen_dump,H004,سیلاب کا نقصان,URDU,urdu_bm25,36,103229,10.498017311096191,50
phase10b_frozen_dump,H004,سیلاب کا نقصان,URDU,urdu_bm25,37,27713,10.244921684265137,50
phase10b_frozen_dump,H004,سیلاب کا نقصان,URDU,urdu_bm25,38,38244,10.232857704162598,50
phase10b_frozen_dump,H004,سیلاب کا نقصان,URDU,urdu_bm25,39,59852,10.162040710449219,50
phase10b_frozen_dump,H004,سیلاب کا نقصان,URDU,urdu_bm25,40,100974,10.09680461883545,50
phase10b_frozen_dump,H004,سیلاب کا نقصان,URDU,urdu_bm25,41,77793,9.973588943481445,50
phase10b_frozen_dump,H004,سیلاب کا نقصان,URDU,urdu_bm25,42,1751,9.964569091796875,50
phase10b_frozen_dump,H004,سیلاب کا نقصان,URDU,urdu_bm25,43,78585,9.707945823669434,50
phase10b_frozen_dump,H004,سیلاب کا نقصان,URDU,urdu_bm25,44,41120,9.696483612060547,50
phase10b_frozen_dump,H004,سیلاب کا نقصان,URDU,urdu_bm25,45,75452,9.628878593444824,50
phase10b_frozen_dump,H004,سیلاب کا نقصان,URDU,urdu_bm25,46,38293,9.568893432617188,50
phase10b_frozen_dump,H004,سیلاب کا نقصان,URDU,urdu_bm25,47,48984,9.318729400634766,50
phase10b_frozen_dump,H004,سیلاب کا نقصان,URDU,urdu_bm25,48,78581,9.253702163696289,50
phase10b_frozen_dump,H004,سیلاب کا نقصان,URDU,urdu_bm25,49,24406,9.251819610595703,50
phase10b_frozen_dump,H004,سیلاب کا نقصان,URDU,urdu_bm25,50,111240,9.242708206176758,50
phase10b_frozen_dump,H005,ٹیم ہار کا تجزیہ,URDU,urdu_bm25,1,90969,14.46399211883545,50
phase10b_frozen_dump,H005,ٹیم ہار کا تجزیہ,URDU,urdu_bm25,2,42172,13.091596603393555,50
phase10b_frozen_dump,H005,ٹیم ہار کا تجزیہ,URDU,urdu_bm25,3,83028,12.852678298950195,50
phase10b_frozen_dump,H005,ٹیم ہار کا تجزیہ,URDU,urdu_bm25,4,27590,11.62671184539795,50
phase10b_frozen_dump,H005,ٹیم ہار کا تجزیہ,URDU,urdu_bm25,5,32335,11.560264587402344,50
phase10b_frozen_dump,H005,ٹیم ہار کا تجزیہ,URDU,urdu_bm25,6,55399,10.67806625366211,50
phase10b_frozen_dump,H005,ٹیم ہار کا تجزیہ,URDU,urdu_bm25,7,93009,10.635387420654297,50
phase10b_frozen_dump,H005,ٹیم ہار کا تجزیہ,URDU,urdu_bm25,8,32348,10.571026802062988,50
phase10b_frozen_dump,H005,ٹیم ہار کا تجزیہ,URDU,urdu_bm25,9,83518,10.26183032989502,50
phase10b_frozen_dump,H005,ٹیم ہار کا تجزیہ,URDU,urdu_bm25,10,87310,10.251152992248535,50
phase10b_frozen_dump,H005,ٹیم ہار کا تجزیہ,URDU,urdu_bm25,11,86314,10.197481155395508,50
phase10b_frozen_dump,H005,ٹیم ہار کا تجزیہ,URDU,urdu_bm25,12,42746,10.155081748962402,50
phase10b_frozen_dump,H005,ٹیم ہار کا تجزیہ,URDU,urdu_bm25,13,36607,10.145886421203613,50
phase10b_frozen_dump,H005,ٹیم ہار کا تجزیہ,URDU,urdu_bm25,14,107296,10.082822799682617,50
phase10b_frozen_dump,H005,ٹیم ہار کا تجزیہ,URDU,urdu_bm25,15,90947,10.040261268615723,50
phase10b_frozen_dump,H005,ٹیم ہار کا تجزیہ,URDU,urdu_bm25,16,46201,9.960941314697266,50
phase10b_frozen_dump,H005,ٹیم ہار کا تجزیہ,URDU,urdu_bm25,17,46817,9.946005821228027,50
phase10b_frozen_dump,H005,ٹیم ہار کا تجزیہ,URDU,urdu_bm25,18,86897,9.888432502746582,50
phase10b_frozen_dump,H005,ٹیم ہار کا تجزیہ,URDU,urdu_bm25,19,92818,9.86708927154541,50
phase10b_frozen_dump,H005,ٹیم ہار کا تجزیہ,URDU,urdu_bm25,20,83755,9.854656219482422,50
phase10b_frozen_dump,H005,ٹیم ہار کا تجزیہ,URDU,urdu_bm25,21,93258,9.787494659423828,50
phase10b_frozen_dump,H005,ٹیم ہار کا تجزیہ,URDU,urdu_bm25,22,90740,9.725778579711914,50
phase10b_frozen_dump,H005,ٹیم ہار کا تجزیہ,URDU,urdu_bm25,23,45708,9.698254585266113,50
phase10b_frozen_dump,H005,ٹیم ہار کا تجزیہ,URDU,urdu_bm25,24,11114,9.691753387451172,50
phase10b_frozen_dump,H005,ٹیم ہار کا تجزیہ,URDU,urdu_bm25,25,82489,9.69137954711914,50
phase10b_frozen_dump,H005,ٹیم ہار کا تجزیہ,URDU,urdu_bm25,26,34735,9.675753593444824,50
phase10b_frozen_dump,H005,ٹیم ہار کا تجزیہ,URDU,urdu_bm25,27,86951,9.646283149719238,50
phase10b_frozen_dump,H005,ٹیم ہار کا تجزیہ,URDU,urdu_bm25,28,94374,9.644617080688477,50
phase10b_frozen_dump,H005,ٹیم ہار کا تجزیہ,URDU,urdu_bm25,29,53615,9.63455867767334,50
phase10b_frozen_dump,H005,ٹیم ہار کا تجزیہ,URDU,urdu_bm25,30,46248,9.632867813110352,50
phase10b_frozen_dump,H005,ٹیم ہار کا تجزیہ,URDU,urdu_bm25,31,93688,9.592110633850098,50
phase10b_frozen_dump,H005,ٹیم ہار کا تجزیہ,URDU,urdu_bm25,32,34680,9.580753326416016,50
phase10b_frozen_dump,H005,ٹیم ہار کا تجزیہ,URDU,urdu_bm25,33,94834,9.532817840576172,50
phase10b_frozen_dump,H005,ٹیم ہار کا تجزیہ,URDU,urdu_bm25,34,26255,9.524073600769043,50
phase10b_frozen_dump,H005,ٹیم ہار کا تجزیہ,URDU,urdu_bm25,35,55547,9.500557899475098,50
phase10b_frozen_dump,H005,ٹیم ہار کا تجزیہ,URDU,urdu_bm25,36,57847,9.491883277893066,50
phase10b_frozen_dump,H005,ٹیم ہار کا تجزیہ,URDU,urdu_bm25,37,46181,9.425013542175293,50
phase10b_frozen_dump,H005,ٹیم ہار کا تجزیہ,URDU,urdu_bm25,38,89950,9.422751426696777,50
phase10b_frozen_dump,H005,ٹیم ہار کا تجزیہ,URDU,urdu_bm25,39,57831,9.390875816345215,50
phase10b_frozen_dump,H005,ٹیم ہار کا تجزیہ,URDU,urdu_bm25,40,42614,9.371392250061035,50
phase10b_frozen_dump,H005,ٹیم ہار کا تجزیہ,URDU,urdu_bm25,41,91603,9.351056098937988,50
phase10b_frozen_dump,H005,ٹیم ہار کا تجزیہ,URDU,urdu_bm25,42,38319,9.345846176147461,50
phase10b_frozen_dump,H005,ٹیم ہار کا تجزیہ,URDU,urdu_bm25,43,82584,9.326820373535156,50
phase10b_frozen_dump,H005,ٹیم ہار کا تجزیہ,URDU,urdu_bm25,44,86166,9.306870460510254,50
phase10b_frozen_dump,H005,ٹیم ہار کا تجزیہ,URDU,urdu_bm25,45,83409,9.296048164367676,50
phase10b_frozen_dump,H005,ٹیم ہار کا تجزیہ,URDU,urdu_bm25,46,82165,9.296039581298828,50
phase10b_frozen_dump,H005,ٹیم ہار کا تجزیہ,URDU,urdu_bm25,47,86948,9.294877052307129,50
phase10b_frozen_dump,H005,ٹیم ہار کا تجزیہ,URDU,urdu_bm25,48,26381,9.293387413024902,50
phase10b_frozen_dump,H005,ٹیم ہار کا تجزیہ,URDU,urdu_bm25,49,82119,9.284996032714844,50
phase10b_frozen_dump,H005,ٹیم ہار کا تجزیہ,URDU,urdu_bm25,50,34324,9.233757019042969,50
phase10b_frozen_dump,H006,مہنگائی کے اثرات,URDU,urdu_bm25,1,109027,15.88590145111084,50
phase10b_frozen_dump,H006,مہنگائی کے اثرات,URDU,urdu_bm25,2,63943,15.677568435668945,50
phase10b_frozen_dump,H006,مہنگائی کے اثرات,URDU,urdu_bm25,3,71731,13.864744186401367,50
phase10b_frozen_dump,H006,مہنگائی کے اثرات,URDU,urdu_bm25,4,553,13.482208251953125,50
phase10b_frozen_dump,H006,مہنگائی کے اثرات,URDU,urdu_bm25,5,75222,13.471784591674805,50
phase10b_frozen_dump,H006,مہنگائی کے اثرات,URDU,urdu_bm25,6,65906,13.138900756835938,50
phase10b_frozen_dump,H006,مہنگائی کے اثرات,URDU,urdu_bm25,7,39673,12.922185897827148,50
phase10b_frozen_dump,H006,مہنگائی کے اثرات,URDU,urdu_bm25,8,70259,12.869190216064453,50
phase10b_frozen_dump,H006,مہنگائی کے اثرات,URDU,urdu_bm25,9,353,12.810538291931152,50
phase10b_frozen_dump,H006,مہنگائی کے اثرات,URDU,urdu_bm25,10,781,12.707725524902344,50
phase10b_frozen_dump,H006,مہنگائی کے اثرات,URDU,urdu_bm25,11,79071,12.70309829711914,50
phase10b_frozen_dump,H006,مہنگائی کے اثرات,URDU,urdu_bm25,12,70043,12.615065574645996,50
phase10b_frozen_dump,H006,مہنگائی کے اثرات,URDU,urdu_bm25,13,782,12.526317596435547,50
phase10b_frozen_dump,H006,مہنگائی کے اثرات,URDU,urdu_bm25,14,70834,12.50314712524414,50
phase10b_frozen_dump,H006,مہنگائی کے اثرات,URDU,urdu_bm25,15,78585,12.440460205078125,50
phase10b_frozen_dump,H006,مہنگائی کے اثرات,URDU,urdu_bm25,16,65813,12.430269241333008,50
phase10b_frozen_dump,H006,مہنگائی کے اثرات,URDU,urdu_bm25,17,70333,12.414443969726562,50
phase10b_frozen_dump,H006,مہنگائی کے اثرات,URDU,urdu_bm25,18,64135,12.293052673339844,50
phase10b_frozen_dump,H006,مہنگائی کے اثرات,URDU,urdu_bm25,19,1340,12.179634094238281,50
phase10b_frozen_dump,H006,مہنگائی کے اثرات,URDU,urdu_bm25,20,20,12.15578556060791,50
phase10b_frozen_dump,H006,مہنگائی کے اثرات,URDU,urdu_bm25,21,75974,12.140705108642578,50
phase10b_frozen_dump,H006,مہنگائی کے اثرات,URDU,urdu_bm25,22,2447,12.112107276916504,50
phase10b_frozen_dump,H006,مہنگائی کے اثرات,URDU,urdu_bm25,23,70647,12.094396591186523,50
phase10b_frozen_dump,H006,مہنگائی کے اثرات,URDU,urdu_bm25,24,39409,12.087839126586914,50
phase10b_frozen_dump,H006,مہنگائی کے اثرات,URDU,urdu_bm25,25,110745,12.082165718078613,50
phase10b_frozen_dump,H006,مہنگائی کے اثرات,URDU,urdu_bm25,26,1865,12.038065910339355,50
phase10b_frozen_dump,H006,مہنگائی کے اثرات,URDU,urdu_bm25,27,78027,12.011515617370605,50
phase10b_frozen_dump,H006,مہنگائی کے اثرات,URDU,urdu_bm25,28,278,12.000490188598633,50
phase10b_frozen_dump,H006,مہنگائی کے اثرات,URDU,urdu_bm25,29,65439,11.936905860900879,50
phase10b_frozen_dump,H006,مہنگائی کے اثرات,URDU,urdu_bm25,30,70888,11.908905029296875,50
phase10b_frozen_dump,H006,مہنگائی کے اثرات,URDU,urdu_bm25,31,65502,11.79835033416748,50
phase10b_frozen_dump,H006,مہنگائی کے اثرات,URDU,urdu_bm25,32,109936,11.734705924987793,50
phase10b_frozen_dump,H006,مہنگائی کے اثرات,URDU,urdu_bm25,33,17623,11.688364028930664,50
phase10b_frozen_dump,H006,مہنگائی کے اثرات,URDU,urdu_bm25,34,1132,11.683175086975098,50
phase10b_frozen_dump,H006,مہنگائی کے اثرات,URDU,urdu_bm25,35,515,11.581907272338867,50
phase10b_frozen_dump,H006,مہنگائی کے اثرات,URDU,urdu_bm25,36,2099,11.442873001098633,50
phase10b_frozen_dump,H006,مہنگائی کے اثرات,URDU,urdu_bm25,37,40923,11.406994819641113,50
phase10b_frozen_dump,H006,مہنگائی کے اثرات,URDU,urdu_bm25,38,110306,11.364498138427734,50
phase10b_frozen_dump,H006,مہنگائی کے اثرات,URDU,urdu_bm25,39,38701,11.309012413024902,50
phase10b_frozen_dump,H006,مہنگائی کے اثرات,URDU,urdu_bm25,40,1465,11.236452102661133,50
phase10b_frozen_dump,H006,مہنگائی کے اثرات,URDU,urdu_bm25,41,64277,11.209248542785645,50
phase10b_frozen_dump,H006,مہنگائی کے اثرات,URDU,urdu_bm25,42,109663,11.182822227478027,50
phase10b_frozen_dump,H006,مہنگائی کے اثرات,URDU,urdu_bm25,43,111755,11.180841445922852,50
phase10b_frozen_dump,H006,مہنگائی کے اثرات,URDU,urdu_bm25,44,73423,11.180692672729492,50
phase10b_frozen_dump,H006,مہنگائی کے اثرات,URDU,urdu_bm25,45,74977,11.180386543273926,50
phase10b_frozen_dump,H006,مہنگائی کے اثرات,URDU,urdu_bm25,46,38666,11.128522872924805,50
phase10b_frozen_dump,H006,مہنگائی کے اثرات,URDU,urdu_bm25,47,77934,10.976436614990234,50
phase10b_frozen_dump,H006,مہنگائی کے اثرات,URDU,urdu_bm25,48,961,10.960555076599121,50
phase10b_frozen_dump,H006,مہنگائی کے اثرات,URDU,urdu_bm25,49,3120,10.921506881713867,50
phase10b_frozen_dump,H006,مہنگائی کے اثرات,URDU,urdu_bm25,50,40170,10.87775993347168,50
phase10b_frozen_dump,H007,فلم فیل کی کہانی,URDU,urdu_bm25,1,106692,16.989574432373047,50
phase10b_frozen_dump,H007,فلم فیل کی کہانی,URDU,urdu_bm25,2,104421,15.485913276672363,50
phase10b_frozen_dump,H007,فلم فیل کی کہانی,URDU,urdu_bm25,3,4043,15.05301284790039,50
phase10b_frozen_dump,H007,فلم فیل کی کہانی,URDU,urdu_bm25,4,107068,14.93154239654541,50
phase10b_frozen_dump,H007,فلم فیل کی کہانی,URDU,urdu_bm25,5,101197,14.532798767089844,50
phase10b_frozen_dump,H007,فلم فیل کی کہانی,URDU,urdu_bm25,6,99142,14.164175033569336,50
phase10b_frozen_dump,H007,فلم فیل کی کہانی,URDU,urdu_bm25,7,97516,14.015334129333496,50
phase10b_frozen_dump,H007,فلم فیل کی کہانی,URDU,urdu_bm25,8,104477,13.746594429016113,50
phase10b_frozen_dump,H007,فلم فیل کی کہانی,URDU,urdu_bm25,9,67736,13.235265731811523,50
phase10b_frozen_dump,H007,فلم فیل کی کہانی,URDU,urdu_bm25,10,22025,12.54450511932373,50
phase10b_frozen_dump,H007,فلم فیل کی کہانی,URDU,urdu_bm25,11,16224,12.491697311401367,50
phase10b_frozen_dump,H007,فلم فیل کی کہانی,URDU,urdu_bm25,12,85876,12.265700340270996,50
phase10b_frozen_dump,H007,فلم فیل کی کہانی,URDU,urdu_bm25,13,47961,11.930485725402832,50
phase10b_frozen_dump,H007,فلم فیل کی کہانی,URDU,urdu_bm25,14,98525,11.81451416015625,50
phase10b_frozen_dump,H007,فلم فیل کی کہانی,URDU,urdu_bm25,15,7321,11.615478515625,50
phase10b_frozen_dump,H007,فلم فیل کی کہانی,URDU,urdu_bm25,16,4106,11.560018539428711,50
phase10b_frozen_dump,H007,فلم فیل کی کہانی,URDU,urdu_bm25,17,48160,11.38883113861084,50
phase10b_frozen_dump,H007,فلم فیل کی کہانی,URDU,urdu_bm25,18,14661,11.184346199035645,50
phase10b_frozen_dump,H007,فلم فیل کی کہانی,URDU,urdu_bm25,19,97481,10.992977142333984,50
phase10b_frozen_dump,H007,فلم فیل کی کہانی,URDU,urdu_bm25,20,102153,10.849016189575195,50
phase10b_frozen_dump,H007,فلم فیل کی کہانی,URDU,urdu_bm25,21,46039,10.797443389892578,50
phase10b_frozen_dump,H007,فلم فیل کی کہانی,URDU,urdu_bm25,22,56138,10.631638526916504,50
phase10b_frozen_dump,H007,فلم فیل کی کہانی,URDU,urdu_bm25,23,60427,10.52209186553955,50
phase10b_frozen_dump,H007,فلم فیل کی کہانی,URDU,urdu_bm25,24,88134,10.129712104797363,50
phase10b_frozen_dump,H007,فلم فیل کی کہانی,URDU,urdu_bm25,25,99217,10.01387882232666,50
phase10b_frozen_dump,H007,فلم فیل کی کہانی,URDU,urdu_bm25,26,50140,9.960836410522461,50
phase10b_frozen_dump,H007,فلم فیل کی کہانی,URDU,urdu_bm25,27,45135,9.776634216308594,50
phase10b_frozen_dump,H007,فلم فیل کی کہانی,URDU,urdu_bm25,28,17957,9.768340110778809,50
phase10b_frozen_dump,H007,فلم فیل کی کہانی,URDU,urdu_bm25,29,101513,9.620451927185059,50
phase10b_frozen_dump,H007,فلم فیل کی کہانی,URDU,urdu_bm25,30,100292,9.616378784179688,50
phase10b_frozen_dump,H007,فلم فیل کی کہانی,URDU,urdu_bm25,31,15676,9.579780578613281,50
phase10b_frozen_dump,H007,فلم فیل کی کہانی,URDU,urdu_bm25,32,88444,9.546822547912598,50
phase10b_frozen_dump,H007,فلم فیل کی کہانی,URDU,urdu_bm25,33,14246,9.515582084655762,50
phase10b_frozen_dump,H007,فلم فیل کی کہانی,URDU,urdu_bm25,34,108589,9.45854663848877,50
phase10b_frozen_dump,H007,فلم فیل کی کہانی,URDU,urdu_bm25,35,94996,9.45559024810791,50
phase10b_frozen_dump,H007,فلم فیل کی کہانی,URDU,urdu_bm25,36,43403,9.407370567321777,50
phase10b_frozen_dump,H007,فلم فیل کی کہانی,URDU,urdu_bm25,37,17327,9.401213645935059,50
phase10b_frozen_dump,H007,فلم فیل کی کہانی,URDU,urdu_bm25,38,101487,9.370576858520508,50
phase10b_frozen_dump,H007,فلم فیل کی کہانی,URDU,urdu_bm25,39,89910,9.368701934814453,50
phase10b_frozen_dump,H007,فلم فیل کی کہانی,URDU,urdu_bm25,40,108689,9.348828315734863,50
phase10b_frozen_dump,H007,فلم فیل کی کہانی,URDU,urdu_bm25,41,67131,9.333450317382812,50
phase10b_frozen_dump,H007,فلم فیل کی کہانی,URDU,urdu_bm25,42,101807,9.296219825744629,50
phase10b_frozen_dump,H007,فلم فیل کی کہانی,URDU,urdu_bm25,43,51498,9.289654731750488,50
phase10b_frozen_dump,H007,فلم فیل کی کہانی,URDU,urdu_bm25,44,100706,9.27023983001709,50
phase10b_frozen_dump,H007,فلم فیل کی کہانی,URDU,urdu_bm25,45,18064,9.252596855163574,50
phase10b_frozen_dump,H007,فلم فیل کی کہانی,URDU,urdu_bm25,46,8058,9.22628402709961,50
phase10b_frozen_dump,H007,فلم فیل کی کہانی,URDU,urdu_bm25,47,101459,9.224968910217285,50
phase10b_frozen_dump,H007,فلم فیل کی کہانی,URDU,urdu_bm25,48,81690,9.186783790588379,50
phase10b_frozen_dump,H007,فلم فیل کی کہانی,URDU,urdu_bm25,49,10526,9.172591209411621,50
phase10b_frozen_dump,H007,فلم فیل کی کہانی,URDU,urdu_bm25,50,68951,9.164405822753906,50
phase10b_frozen_dump,H008,روپے گراوٹ کے نتائج,URDU,urdu_bm25,1,76784,19.184242248535156,50
phase10b_frozen_dump,H008,روپے گراوٹ کے نتائج,URDU,urdu_bm25,2,40832,15.860437393188477,50
phase10b_frozen_dump,H008,روپے گراوٹ کے نتائج,URDU,urdu_bm25,3,40047,15.418670654296875,50
phase10b_frozen_dump,H008,روپے گراوٹ کے نتائج,URDU,urdu_bm25,4,77260,15.259675025939941,50
phase10b_frozen_dump,H008,روپے گراوٹ کے نتائج,URDU,urdu_bm25,5,76778,15.025091171264648,50
phase10b_frozen_dump,H008,روپے گراوٹ کے نتائج,URDU,urdu_bm25,6,75997,14.963109016418457,50
phase10b_frozen_dump,H008,روپے گراوٹ کے نتائج,URDU,urdu_bm25,7,77934,14.247276306152344,50
phase10b_frozen_dump,H008,روپے گراوٹ کے نتائج,URDU,urdu_bm25,8,75992,14.21703052520752,50
phase10b_frozen_dump,H008,روپے گراوٹ کے نتائج,URDU,urdu_bm25,9,38962,14.200471878051758,50
phase10b_frozen_dump,H008,روپے گراوٹ کے نتائج,URDU,urdu_bm25,10,77221,14.196614265441895,50
phase10b_frozen_dump,H008,روپے گراوٹ کے نتائج,URDU,urdu_bm25,11,78173,14.172688484191895,50
phase10b_frozen_dump,H008,روپے گراوٹ کے نتائج,URDU,urdu_bm25,12,78444,14.101313591003418,50
phase10b_frozen_dump,H008,روپے گراوٹ کے نتائج,URDU,urdu_bm25,13,16485,14.076047897338867,50
phase10b_frozen_dump,H008,روپے گراوٹ کے نتائج,URDU,urdu_bm25,14,76614,14.037898063659668,50
phase10b_frozen_dump,H008,روپے گراوٹ کے نتائج,URDU,urdu_bm25,15,110724,14.035238265991211,50
phase10b_frozen_dump,H008,روپے گراوٹ کے نتائج,URDU,urdu_bm25,16,40602,13.9787015914917,50
phase10b_frozen_dump,H008,روپے گراوٹ کے نتائج,URDU,urdu_bm25,17,75807,13.953362464904785,50
phase10b_frozen_dump,H008,روپے گراوٹ کے نتائج,URDU,urdu_bm25,18,60846,13.793216705322266,50
phase10b_frozen_dump,H008,روپے گراوٹ کے نتائج,URDU,urdu_bm25,19,76398,13.733146667480469,50
phase10b_frozen_dump,H008,روپے گراوٹ کے نتائج,URDU,urdu_bm25,20,75183,13.461383819580078,50
phase10b_frozen_dump,H008,روپے گراوٹ کے نتائج,URDU,urdu_bm25,21,71194,13.356966018676758,50
phase10b_frozen_dump,H008,روپے گراوٹ کے نتائج,URDU,urdu_bm25,22,65765,13.334473609924316,50
phase10b_frozen_dump,H008,روپے گراوٹ کے نتائج,URDU,urdu_bm25,23,71715,13.303105354309082,50
phase10b_frozen_dump,H008,روپے گراوٹ کے نتائج,URDU,urdu_bm25,24,75420,13.299760818481445,50
phase10b_frozen_dump,H008,روپے گراوٹ کے نتائج,URDU,urdu_bm25,25,75544,13.289210319519043,50
phase10b_frozen_dump,H008,روپے گراوٹ کے نتائج,URDU,urdu_bm25,26,76152,13.229808807373047,50
phase10b_frozen_dump,H008,روپے گراوٹ کے نتائج,URDU,urdu_bm25,27,76769,13.191389083862305,50
phase10b_frozen_dump,H008,روپے گراوٹ کے نتائج,URDU,urdu_bm25,28,60851,13.183464050292969,50
phase10b_frozen_dump,H008,روپے گراوٹ کے نتائج,URDU,urdu_bm25,29,76280,13.180672645568848,50
phase10b_frozen_dump,H008,روپے گراوٹ کے نتائج,URDU,urdu_bm25,30,16461,12.939470291137695,50
phase10b_frozen_dump,H008,روپے گراوٹ کے نتائج,URDU,urdu_bm25,31,39291,12.829408645629883,50
phase10b_frozen_dump,H008,روپے گراوٹ کے نتائج,URDU,urdu_bm25,32,61186,12.728514671325684,50
phase10b_frozen_dump,H008,روپے گراوٹ کے نتائج,URDU,urdu_bm25,33,70836,12.720999717712402,50
phase10b_frozen_dump,H008,روپے گراوٹ کے نتائج,URDU,urdu_bm25,34,71955,12.714664459228516,50
phase10b_frozen_dump,H008,روپے گراوٹ کے نتائج,URDU,urdu_bm25,35,78129,12.671426773071289,50
phase10b_frozen_dump,H008,روپے گراوٹ کے نتائج,URDU,urdu_bm25,36,40814,12.618420600891113,50
phase10b_frozen_dump,H008,روپے گراوٹ کے نتائج,URDU,urdu_bm25,37,38564,12.525123596191406,50
phase10b_frozen_dump,H008,روپے گراوٹ کے نتائج,URDU,urdu_bm25,38,111787,12.462836265563965,50
phase10b_frozen_dump,H008,روپے گراوٹ کے نتائج,URDU,urdu_bm25,39,73728,12.410651206970215,50
phase10b_frozen_dump,H008,روپے گراوٹ کے نتائج,URDU,urdu_bm25,40,70008,12.339569091796875,50
phase10b_frozen_dump,H008,روپے گراوٹ کے نتائج,URDU,urdu_bm25,41,78818,12.292485237121582,50
phase10b_frozen_dump,H008,روپے گراوٹ کے نتائج,URDU,urdu_bm25,42,72922,12.275335311889648,50
phase10b_frozen_dump,H008,روپے گراوٹ کے نتائج,URDU,urdu_bm25,43,76248,12.2467622756958,50
phase10b_frozen_dump,H008,روپے گراوٹ کے نتائج,URDU,urdu_bm25,44,64755,12.225555419921875,50
phase10b_frozen_dump,H008,روپے گراوٹ کے نتائج,URDU,urdu_bm25,45,78808,12.209920883178711,50
phase10b_frozen_dump,H008,روپے گراوٹ کے نتائج,URDU,urdu_bm25,46,77128,12.208617210388184,50
phase10b_frozen_dump,H008,روپے گراوٹ کے نتائج,URDU,urdu_bm25,47,78179,12.167223930358887,50
phase10b_frozen_dump,H008,روپے گراوٹ کے نتائج,URDU,urdu_bm25,48,76477,12.131880760192871,50
phase10b_frozen_dump,H008,روپے گراوٹ کے نتائج,URDU,urdu_bm25,49,108910,12.123798370361328,50
phase10b_frozen_dump,H008,روپے گراوٹ کے نتائج,URDU,urdu_bm25,50,17735,12.102285385131836,50
phase10b_frozen_dump,H009,petrol kyun mehnga,ROMAN,roman_bm25_method_D,1,63501,10.985426902770996,50
phase10b_frozen_dump,H009,petrol kyun mehnga,ROMAN,roman_bm25_method_D,2,61039,10.971574783325195,50
phase10b_frozen_dump,H009,petrol kyun mehnga,ROMAN,roman_bm25_method_D,3,75023,10.868473052978516,50
phase10b_frozen_dump,H009,petrol kyun mehnga,ROMAN,roman_bm25_method_D,4,3283,10.823455810546875,50
phase10b_frozen_dump,H009,petrol kyun mehnga,ROMAN,roman_bm25_method_D,5,61027,10.792194366455078,50
phase10b_frozen_dump,H009,petrol kyun mehnga,ROMAN,roman_bm25_method_D,6,63519,10.772734642028809,50
phase10b_frozen_dump,H009,petrol kyun mehnga,ROMAN,roman_bm25_method_D,7,63516,10.770952224731445,50
phase10b_frozen_dump,H009,petrol kyun mehnga,ROMAN,roman_bm25_method_D,8,74402,10.744095802307129,50
phase10b_frozen_dump,H009,petrol kyun mehnga,ROMAN,roman_bm25_method_D,9,63521,10.7272310256958,50
phase10b_frozen_dump,H009,petrol kyun mehnga,ROMAN,roman_bm25_method_D,10,1601,10.652960777282715,50
phase10b_frozen_dump,H009,petrol kyun mehnga,ROMAN,roman_bm25_method_D,11,63529,10.641881942749023,50
phase10b_frozen_dump,H009,petrol kyun mehnga,ROMAN,roman_bm25_method_D,12,72591,10.639334678649902,50
phase10b_frozen_dump,H009,petrol kyun mehnga,ROMAN,roman_bm25_method_D,13,63518,10.615199089050293,50
phase10b_frozen_dump,H009,petrol kyun mehnga,ROMAN,roman_bm25_method_D,14,63526,10.60824203491211,50
phase10b_frozen_dump,H009,petrol kyun mehnga,ROMAN,roman_bm25_method_D,15,70402,10.586310386657715,50
phase10b_frozen_dump,H009,petrol kyun mehnga,ROMAN,roman_bm25_method_D,16,3212,10.585061073303223,50
phase10b_frozen_dump,H009,petrol kyun mehnga,ROMAN,roman_bm25_method_D,17,73107,10.577491760253906,50
phase10b_frozen_dump,H009,petrol kyun mehnga,ROMAN,roman_bm25_method_D,18,3378,10.576391220092773,50
phase10b_frozen_dump,H009,petrol kyun mehnga,ROMAN,roman_bm25_method_D,19,63496,10.541594505310059,50
phase10b_frozen_dump,H009,petrol kyun mehnga,ROMAN,roman_bm25_method_D,20,79088,10.513287544250488,50
phase10b_frozen_dump,H009,petrol kyun mehnga,ROMAN,roman_bm25_method_D,21,63507,10.492969512939453,50
phase10b_frozen_dump,H009,petrol kyun mehnga,ROMAN,roman_bm25_method_D,22,70374,10.443257331848145,50
phase10b_frozen_dump,H009,petrol kyun mehnga,ROMAN,roman_bm25_method_D,23,70369,10.443211555480957,50
phase10b_frozen_dump,H009,petrol kyun mehnga,ROMAN,roman_bm25_method_D,24,75054,10.4431791305542,50
phase10b_frozen_dump,H009,petrol kyun mehnga,ROMAN,roman_bm25_method_D,25,3433,10.436509132385254,50
phase10b_frozen_dump,H009,petrol kyun mehnga,ROMAN,roman_bm25_method_D,26,75535,10.430845260620117,50
phase10b_frozen_dump,H009,petrol kyun mehnga,ROMAN,roman_bm25_method_D,27,72242,10.424785614013672,50
phase10b_frozen_dump,H009,petrol kyun mehnga,ROMAN,roman_bm25_method_D,28,78428,10.420999526977539,50
phase10b_frozen_dump,H009,petrol kyun mehnga,ROMAN,roman_bm25_method_D,29,72181,10.39954662322998,50
phase10b_frozen_dump,H009,petrol kyun mehnga,ROMAN,roman_bm25_method_D,30,2058,10.391571998596191,50
phase10b_frozen_dump,H009,petrol kyun mehnga,ROMAN,roman_bm25_method_D,31,73830,10.385098457336426,50
phase10b_frozen_dump,H009,petrol kyun mehnga,ROMAN,roman_bm25_method_D,32,61050,10.375432014465332,50
phase10b_frozen_dump,H009,petrol kyun mehnga,ROMAN,roman_bm25_method_D,33,61077,10.364845275878906,50
phase10b_frozen_dump,H009,petrol kyun mehnga,ROMAN,roman_bm25_method_D,34,70510,10.364151954650879,50
phase10b_frozen_dump,H009,petrol kyun mehnga,ROMAN,roman_bm25_method_D,35,70408,10.346585273742676,50
phase10b_frozen_dump,H009,petrol kyun mehnga,ROMAN,roman_bm25_method_D,36,70429,10.337478637695312,50
phase10b_frozen_dump,H009,petrol kyun mehnga,ROMAN,roman_bm25_method_D,37,77829,10.32251262664795,50
phase10b_frozen_dump,H009,petrol kyun mehnga,ROMAN,roman_bm25_method_D,38,63010,10.278582572937012,50
phase10b_frozen_dump,H009,petrol kyun mehnga,ROMAN,roman_bm25_method_D,39,77613,10.267725944519043,50
phase10b_frozen_dump,H009,petrol kyun mehnga,ROMAN,roman_bm25_method_D,40,70486,10.265802383422852,50
phase10b_frozen_dump,H009,petrol kyun mehnga,ROMAN,roman_bm25_method_D,41,39739,10.25465202331543,50
phase10b_frozen_dump,H009,petrol kyun mehnga,ROMAN,roman_bm25_method_D,42,77990,10.248686790466309,50
phase10b_frozen_dump,H009,petrol kyun mehnga,ROMAN,roman_bm25_method_D,43,74403,10.224946975708008,50
phase10b_frozen_dump,H009,petrol kyun mehnga,ROMAN,roman_bm25_method_D,44,72243,10.22182559967041,50
phase10b_frozen_dump,H009,petrol kyun mehnga,ROMAN,roman_bm25_method_D,45,70649,10.207269668579102,50
phase10b_frozen_dump,H009,petrol kyun mehnga,ROMAN,roman_bm25_method_D,46,61667,10.175216674804688,50
phase10b_frozen_dump,H009,petrol kyun mehnga,ROMAN,roman_bm25_method_D,47,72549,10.16930103302002,50
phase10b_frozen_dump,H009,petrol kyun mehnga,ROMAN,roman_bm25_method_D,48,77017,10.168169021606445,50
phase10b_frozen_dump,H009,petrol kyun mehnga,ROMAN,roman_bm25_method_D,49,63495,10.16427230834961,50
phase10b_frozen_dump,H009,petrol kyun mehnga,ROMAN,roman_bm25_method_D,50,70385,10.126307487487793,50
phase10b_frozen_dump,H010,shikast ki waja,ROMAN,roman_bm25_method_D,1,71030,0.06500990688800812,50
phase10b_frozen_dump,H010,shikast ki waja,ROMAN,roman_bm25_method_D,2,70778,0.06488920003175735,50
phase10b_frozen_dump,H010,shikast ki waja,ROMAN,roman_bm25_method_D,3,73209,0.06488848477602005,50
phase10b_frozen_dump,H010,shikast ki waja,ROMAN,roman_bm25_method_D,4,76496,0.0648789331316948,50
phase10b_frozen_dump,H010,shikast ki waja,ROMAN,roman_bm25_method_D,5,40786,0.06483937799930573,50
phase10b_frozen_dump,H010,shikast ki waja,ROMAN,roman_bm25_method_D,6,72366,0.06482014805078506,50
phase10b_frozen_dump,H010,shikast ki waja,ROMAN,roman_bm25_method_D,7,73384,0.06481370329856873,50
phase10b_frozen_dump,H010,shikast ki waja,ROMAN,roman_bm25_method_D,8,102283,0.0648001953959465,50
phase10b_frozen_dump,H010,shikast ki waja,ROMAN,roman_bm25_method_D,9,76659,0.06478440761566162,50
phase10b_frozen_dump,H010,shikast ki waja,ROMAN,roman_bm25_method_D,10,38721,0.0647597387433052,50
phase10b_frozen_dump,H010,shikast ki waja,ROMAN,roman_bm25_method_D,11,38750,0.06471394747495651,50
phase10b_frozen_dump,H010,shikast ki waja,ROMAN,roman_bm25_method_D,12,71613,0.06469336152076721,50
phase10b_frozen_dump,H010,shikast ki waja,ROMAN,roman_bm25_method_D,13,110404,0.06467640399932861,50
phase10b_frozen_dump,H010,shikast ki waja,ROMAN,roman_bm25_method_D,14,61073,0.06467483937740326,50
phase10b_frozen_dump,H010,shikast ki waja,ROMAN,roman_bm25_method_D,15,63552,0.06467117369174957,50
phase10b_frozen_dump,H010,shikast ki waja,ROMAN,roman_bm25_method_D,16,1700,0.0646640881896019,50
phase10b_frozen_dump,H010,shikast ki waja,ROMAN,roman_bm25_method_D,17,39282,0.06466254591941833,50
phase10b_frozen_dump,H010,shikast ki waja,ROMAN,roman_bm25_method_D,18,71180,0.0646602064371109,50
phase10b_frozen_dump,H010,shikast ki waja,ROMAN,roman_bm25_method_D,19,70656,0.06465886533260345,50
phase10b_frozen_dump,H010,shikast ki waja,ROMAN,roman_bm25_method_D,20,72795,0.0646512508392334,50
phase10b_frozen_dump,H010,shikast ki waja,ROMAN,roman_bm25_method_D,21,64124,0.06461678445339203,50
phase10b_frozen_dump,H010,shikast ki waja,ROMAN,roman_bm25_method_D,22,72776,0.06461276113986969,50
phase10b_frozen_dump,H010,shikast ki waja,ROMAN,roman_bm25_method_D,23,9146,0.06460504233837128,50
phase10b_frozen_dump,H010,shikast ki waja,ROMAN,roman_bm25_method_D,24,6930,0.06459855288267136,50
phase10b_frozen_dump,H010,shikast ki waja,ROMAN,roman_bm25_method_D,25,71262,0.06459729373455048,50
phase10b_frozen_dump,H010,shikast ki waja,ROMAN,roman_bm25_method_D,26,72932,0.06459584087133408,50
phase10b_frozen_dump,H010,shikast ki waja,ROMAN,roman_bm25_method_D,27,101682,0.0645880177617073,50
phase10b_frozen_dump,H010,shikast ki waja,ROMAN,roman_bm25_method_D,28,41073,0.06458358466625214,50
phase10b_frozen_dump,H010,shikast ki waja,ROMAN,roman_bm25_method_D,29,110512,0.06454979628324509,50
phase10b_frozen_dump,H010,shikast ki waja,ROMAN,roman_bm25_method_D,30,73146,0.06453622877597809,50
phase10b_frozen_dump,H010,shikast ki waja,ROMAN,roman_bm25_method_D,31,2814,0.06452584266662598,50
phase10b_frozen_dump,H010,shikast ki waja,ROMAN,roman_bm25_method_D,32,1744,0.06452260166406631,50
phase10b_frozen_dump,H010,shikast ki waja,ROMAN,roman_bm25_method_D,33,71656,0.06451965868473053,50
phase10b_frozen_dump,H010,shikast ki waja,ROMAN,roman_bm25_method_D,34,99560,0.06451701372861862,50
phase10b_frozen_dump,H010,shikast ki waja,ROMAN,roman_bm25_method_D,35,71327,0.06450191885232925,50
phase10b_frozen_dump,H010,shikast ki waja,ROMAN,roman_bm25_method_D,36,73552,0.06449947506189346,50
phase10b_frozen_dump,H010,shikast ki waja,ROMAN,roman_bm25_method_D,37,109124,0.064499132335186,50
phase10b_frozen_dump,H010,shikast ki waja,ROMAN,roman_bm25_method_D,38,9510,0.06449844688177109,50
phase10b_frozen_dump,H010,shikast ki waja,ROMAN,roman_bm25_method_D,39,39667,0.06449217349290848,50
phase10b_frozen_dump,H010,shikast ki waja,ROMAN,roman_bm25_method_D,40,101796,0.06449217349290848,50
phase10b_frozen_dump,H010,shikast ki waja,ROMAN,roman_bm25_method_D,41,62898,0.0644889622926712,50
phase10b_frozen_dump,H010,shikast ki waja,ROMAN,roman_bm25_method_D,42,7611,0.06448574364185333,50
phase10b_frozen_dump,H010,shikast ki waja,ROMAN,roman_bm25_method_D,43,82185,0.06447865813970566,50
phase10b_frozen_dump,H010,shikast ki waja,ROMAN,roman_bm25_method_D,44,60875,0.06447865813970566,50
phase10b_frozen_dump,H010,shikast ki waja,ROMAN,roman_bm25_method_D,45,1445,0.06446747481822968,50
phase10b_frozen_dump,H010,shikast ki waja,ROMAN,roman_bm25_method_D,46,71748,0.06446629762649536,50
phase10b_frozen_dump,H010,shikast ki waja,ROMAN,roman_bm25_method_D,47,71650,0.06445728987455368,50
phase10b_frozen_dump,H010,shikast ki waja,ROMAN,roman_bm25_method_D,48,945,0.06444329768419266,50
phase10b_frozen_dump,H010,shikast ki waja,ROMAN,roman_bm25_method_D,49,66455,0.06443759053945541,50
phase10b_frozen_dump,H010,shikast ki waja,ROMAN,roman_bm25_method_D,50,70977,0.06443745642900467,50
phase10b_frozen_dump,H011,film kaise doobi,ROMAN,roman_bm25_method_D,1,49721,4.032383441925049,50
phase10b_frozen_dump,H011,film kaise doobi,ROMAN,roman_bm25_method_D,2,66988,4.030421257019043,50
phase10b_frozen_dump,H011,film kaise doobi,ROMAN,roman_bm25_method_D,3,67060,4.021703720092773,50
phase10b_frozen_dump,H011,film kaise doobi,ROMAN,roman_bm25_method_D,4,17979,4.017566680908203,50
phase10b_frozen_dump,H011,film kaise doobi,ROMAN,roman_bm25_method_D,5,108637,4.012545585632324,50
phase10b_frozen_dump,H011,film kaise doobi,ROMAN,roman_bm25_method_D,6,101525,4.007071495056152,50
phase10b_frozen_dump,H011,film kaise doobi,ROMAN,roman_bm25_method_D,7,101506,4.006890773773193,50
phase10b_frozen_dump,H011,film kaise doobi,ROMAN,roman_bm25_method_D,8,100165,4.004600524902344,50
phase10b_frozen_dump,H011,film kaise doobi,ROMAN,roman_bm25_method_D,9,66730,4.003881454467773,50
phase10b_frozen_dump,H011,film kaise doobi,ROMAN,roman_bm25_method_D,10,10509,4.001791477203369,50
phase10b_frozen_dump,H011,film kaise doobi,ROMAN,roman_bm25_method_D,11,6133,4.0014729499816895,50
phase10b_frozen_dump,H011,film kaise doobi,ROMAN,roman_bm25_method_D,12,100408,4.000586032867432,50
phase10b_frozen_dump,H011,film kaise doobi,ROMAN,roman_bm25_method_D,13,10193,3.9992198944091797,50
phase10b_frozen_dump,H011,film kaise doobi,ROMAN,roman_bm25_method_D,14,99568,3.9983866214752197,50
phase10b_frozen_dump,H011,film kaise doobi,ROMAN,roman_bm25_method_D,15,101406,3.9953954219818115,50
phase10b_frozen_dump,H011,film kaise doobi,ROMAN,roman_bm25_method_D,16,6344,3.9940927028656006,50
phase10b_frozen_dump,H011,film kaise doobi,ROMAN,roman_bm25_method_D,17,98499,3.9928860664367676,50
phase10b_frozen_dump,H011,film kaise doobi,ROMAN,roman_bm25_method_D,18,66404,3.992765188217163,50
phase10b_frozen_dump,H011,film kaise doobi,ROMAN,roman_bm25_method_D,19,100825,3.989126205444336,50
phase10b_frozen_dump,H011,film kaise doobi,ROMAN,roman_bm25_method_D,20,15397,3.9883899688720703,50
phase10b_frozen_dump,H011,film kaise doobi,ROMAN,roman_bm25_method_D,21,100261,3.987943410873413,50
phase10b_frozen_dump,H011,film kaise doobi,ROMAN,roman_bm25_method_D,22,7273,3.987764358520508,50
phase10b_frozen_dump,H011,film kaise doobi,ROMAN,roman_bm25_method_D,23,5244,3.987003803253174,50
phase10b_frozen_dump,H011,film kaise doobi,ROMAN,roman_bm25_method_D,24,68991,3.9869139194488525,50
phase10b_frozen_dump,H011,film kaise doobi,ROMAN,roman_bm25_method_D,25,67068,3.9866256713867188,50
phase10b_frozen_dump,H011,film kaise doobi,ROMAN,roman_bm25_method_D,26,99024,3.985102891921997,50
phase10b_frozen_dump,H011,film kaise doobi,ROMAN,roman_bm25_method_D,27,101001,3.9838836193084717,50
phase10b_frozen_dump,H011,film kaise doobi,ROMAN,roman_bm25_method_D,28,101705,3.9838836193084717,50
phase10b_frozen_dump,H011,film kaise doobi,ROMAN,roman_bm25_method_D,29,100706,3.9828567504882812,50
phase10b_frozen_dump,H011,film kaise doobi,ROMAN,roman_bm25_method_D,30,13478,3.981966257095337,50
phase10b_frozen_dump,H011,film kaise doobi,ROMAN,roman_bm25_method_D,31,69949,3.9813878536224365,50
phase10b_frozen_dump,H011,film kaise doobi,ROMAN,roman_bm25_method_D,32,101957,3.9807863235473633,50
phase10b_frozen_dump,H011,film kaise doobi,ROMAN,roman_bm25_method_D,33,99560,3.9801442623138428,50
phase10b_frozen_dump,H011,film kaise doobi,ROMAN,roman_bm25_method_D,34,102222,3.979968786239624,50
phase10b_frozen_dump,H011,film kaise doobi,ROMAN,roman_bm25_method_D,35,100390,3.979736804962158,50
phase10b_frozen_dump,H011,film kaise doobi,ROMAN,roman_bm25_method_D,36,6196,3.9797253608703613,50
phase10b_frozen_dump,H011,film kaise doobi,ROMAN,roman_bm25_method_D,37,18227,3.978945732116699,50
phase10b_frozen_dump,H011,film kaise doobi,ROMAN,roman_bm25_method_D,38,8419,3.9787423610687256,50
phase10b_frozen_dump,H011,film kaise doobi,ROMAN,roman_bm25_method_D,39,8207,3.9786128997802734,50
phase10b_frozen_dump,H011,film kaise doobi,ROMAN,roman_bm25_method_D,40,69153,3.975996255874634,50
phase10b_frozen_dump,H011,film kaise doobi,ROMAN,roman_bm25_method_D,41,7963,3.975714921951294,50
phase10b_frozen_dump,H011,film kaise doobi,ROMAN,roman_bm25_method_D,42,8058,3.9754083156585693,50
phase10b_frozen_dump,H011,film kaise doobi,ROMAN,roman_bm25_method_D,43,51736,3.9748616218566895,50
phase10b_frozen_dump,H011,film kaise doobi,ROMAN,roman_bm25_method_D,44,8437,3.9747989177703857,50
phase10b_frozen_dump,H011,film kaise doobi,ROMAN,roman_bm25_method_D,45,68793,3.973295211791992,50
phase10b_frozen_dump,H011,film kaise doobi,ROMAN,roman_bm25_method_D,46,3682,3.972947835922241,50
phase10b_frozen_dump,H011,film kaise doobi,ROMAN,roman_bm25_method_D,47,100360,3.971606731414795,50
phase10b_frozen_dump,H011,film kaise doobi,ROMAN,roman_bm25_method_D,48,5263,3.9710981845855713,50
phase10b_frozen_dump,H011,film kaise doobi,ROMAN,roman_bm25_method_D,49,51039,3.9710752964019775,50
phase10b_frozen_dump,H011,film kaise doobi,ROMAN,roman_bm25_method_D,50,100265,3.9707887172698975,50
phase10b_frozen_dump,H012,flood ka nuksan,ROMAN,roman_bm25_method_D,1,103186,13.329050064086914,50
phase10b_frozen_dump,H012,flood ka nuksan,ROMAN,roman_bm25_method_D,2,103884,13.196810722351074,50
phase10b_frozen_dump,H012,flood ka nuksan,ROMAN,roman_bm25_method_D,3,62010,13.10386848449707,50
phase10b_frozen_dump,H012,flood ka nuksan,ROMAN,roman_bm25_method_D,4,67358,13.092278480529785,50
phase10b_frozen_dump,H012,flood ka nuksan,ROMAN,roman_bm25_method_D,5,76782,12.675596237182617,50
phase10b_frozen_dump,H012,flood ka nuksan,ROMAN,roman_bm25_method_D,6,75361,12.195097923278809,50
phase10b_frozen_dump,H012,flood ka nuksan,ROMAN,roman_bm25_method_D,7,40351,12.134333610534668,50
phase10b_frozen_dump,H012,flood ka nuksan,ROMAN,roman_bm25_method_D,8,78637,12.055343627929688,50
phase10b_frozen_dump,H012,flood ka nuksan,ROMAN,roman_bm25_method_D,9,8430,11.91034984588623,50
phase10b_frozen_dump,H012,flood ka nuksan,ROMAN,roman_bm25_method_D,10,41070,11.877967834472656,50
phase10b_frozen_dump,H012,flood ka nuksan,ROMAN,roman_bm25_method_D,11,76744,11.832206726074219,50
phase10b_frozen_dump,H012,flood ka nuksan,ROMAN,roman_bm25_method_D,12,24353,11.799227714538574,50
phase10b_frozen_dump,H012,flood ka nuksan,ROMAN,roman_bm25_method_D,13,74465,11.797866821289062,50
phase10b_frozen_dump,H012,flood ka nuksan,ROMAN,roman_bm25_method_D,14,76808,11.582639694213867,50
phase10b_frozen_dump,H012,flood ka nuksan,ROMAN,roman_bm25_method_D,15,74479,11.386914253234863,50
phase10b_frozen_dump,H012,flood ka nuksan,ROMAN,roman_bm25_method_D,16,61635,11.37680435180664,50
phase10b_frozen_dump,H012,flood ka nuksan,ROMAN,roman_bm25_method_D,17,75163,11.365752220153809,50
phase10b_frozen_dump,H012,flood ka nuksan,ROMAN,roman_bm25_method_D,18,74036,11.332247734069824,50
phase10b_frozen_dump,H012,flood ka nuksan,ROMAN,roman_bm25_method_D,19,63280,11.122632026672363,50
phase10b_frozen_dump,H012,flood ka nuksan,ROMAN,roman_bm25_method_D,20,15174,11.090754508972168,50
phase10b_frozen_dump,H012,flood ka nuksan,ROMAN,roman_bm25_method_D,21,10960,11.065290451049805,50
phase10b_frozen_dump,H012,flood ka nuksan,ROMAN,roman_bm25_method_D,22,18791,11.020988464355469,50
phase10b_frozen_dump,H012,flood ka nuksan,ROMAN,roman_bm25_method_D,23,78333,10.893936157226562,50
phase10b_frozen_dump,H012,flood ka nuksan,ROMAN,roman_bm25_method_D,24,74499,10.761283874511719,50
phase10b_frozen_dump,H012,flood ka nuksan,ROMAN,roman_bm25_method_D,25,78146,10.705740928649902,50
phase10b_frozen_dump,H012,flood ka nuksan,ROMAN,roman_bm25_method_D,26,76696,10.542807579040527,50
phase10b_frozen_dump,H012,flood ka nuksan,ROMAN,roman_bm25_method_D,27,103229,10.497467041015625,50
phase10b_frozen_dump,H012,flood ka nuksan,ROMAN,roman_bm25_method_D,28,76713,10.460864067077637,50
phase10b_frozen_dump,H012,flood ka nuksan,ROMAN,roman_bm25_method_D,29,35339,10.304903030395508,50
phase10b_frozen_dump,H012,flood ka nuksan,ROMAN,roman_bm25_method_D,30,27713,10.244340896606445,50
phase10b_frozen_dump,H012,flood ka nuksan,ROMAN,roman_bm25_method_D,31,38244,10.232623100280762,50
phase10b_frozen_dump,H012,flood ka nuksan,ROMAN,roman_bm25_method_D,32,59852,10.161452293395996,50
phase10b_frozen_dump,H012,flood ka nuksan,ROMAN,roman_bm25_method_D,33,100974,10.096294403076172,50
phase10b_frozen_dump,H012,flood ka nuksan,ROMAN,roman_bm25_method_D,34,77793,9.973064422607422,50
phase10b_frozen_dump,H012,flood ka nuksan,ROMAN,roman_bm25_method_D,35,60315,9.755315780639648,50
phase10b_frozen_dump,H012,flood ka nuksan,ROMAN,roman_bm25_method_D,36,41120,9.695931434631348,50
phase10b_frozen_dump,H012,flood ka nuksan,ROMAN,roman_bm25_method_D,37,75452,9.640213966369629,50
phase10b_frozen_dump,H012,flood ka nuksan,ROMAN,roman_bm25_method_D,38,38293,9.568558692932129,50
phase10b_frozen_dump,H012,flood ka nuksan,ROMAN,roman_bm25_method_D,39,48984,9.318404197692871,50
phase10b_frozen_dump,H012,flood ka nuksan,ROMAN,roman_bm25_method_D,40,111240,9.242119789123535,50
phase10b_frozen_dump,H012,flood ka nuksan,ROMAN,roman_bm25_method_D,41,84183,9.17336654663086,50
phase10b_frozen_dump,H012,flood ka nuksan,ROMAN,roman_bm25_method_D,42,75377,9.162715911865234,50
phase10b_frozen_dump,H012,flood ka nuksan,ROMAN,roman_bm25_method_D,43,76700,9.161688804626465,50
phase10b_frozen_dump,H012,flood ka nuksan,ROMAN,roman_bm25_method_D,44,48893,8.998202323913574,50
phase10b_frozen_dump,H012,flood ka nuksan,ROMAN,roman_bm25_method_D,45,79330,8.966282844543457,50
phase10b_frozen_dump,H012,flood ka nuksan,ROMAN,roman_bm25_method_D,46,18818,8.839841842651367,50
phase10b_frozen_dump,H012,flood ka nuksan,ROMAN,roman_bm25_method_D,47,24555,8.674692153930664,50
phase10b_frozen_dump,H012,flood ka nuksan,ROMAN,roman_bm25_method_D,48,16716,8.670344352722168,50
phase10b_frozen_dump,H012,flood ka nuksan,ROMAN,roman_bm25_method_D,49,75426,8.595796585083008,50
phase10b_frozen_dump,H012,flood ka nuksan,ROMAN,roman_bm25_method_D,50,103030,8.58459758758545,50
phase10b_frozen_dump,H013,team haar ka tajzia,ROMAN,roman_bm25_method_D,1,93009,10.635169982910156,50
phase10b_frozen_dump,H013,team haar ka tajzia,ROMAN,roman_bm25_method_D,2,83518,10.26142692565918,50
phase10b_frozen_dump,H013,team haar ka tajzia,ROMAN,roman_bm25_method_D,3,87310,10.25084400177002,50
phase10b_frozen_dump,H013,team haar ka tajzia,ROMAN,roman_bm25_method_D,4,86314,10.197151184082031,50
phase10b_frozen_dump,H013,team haar ka tajzia,ROMAN,roman_bm25_method_D,5,42746,10.154787063598633,50
phase10b_frozen_dump,H013,team haar ka tajzia,ROMAN,roman_bm25_method_D,6,107296,10.082489967346191,50
phase10b_frozen_dump,H013,team haar ka tajzia,ROMAN,roman_bm25_method_D,7,46817,9.945796966552734,50
phase10b_frozen_dump,H013,team haar ka tajzia,ROMAN,roman_bm25_method_D,8,86897,9.888067245483398,50
phase10b_frozen_dump,H013,team haar ka tajzia,ROMAN,roman_bm25_method_D,9,92818,9.866836547851562,50
phase10b_frozen_dump,H013,team haar ka tajzia,ROMAN,roman_bm25_method_D,10,93258,9.787242889404297,50
phase10b_frozen_dump,H013,team haar ka tajzia,ROMAN,roman_bm25_method_D,11,45708,9.697944641113281,50
phase10b_frozen_dump,H013,team haar ka tajzia,ROMAN,roman_bm25_method_D,12,11114,9.691319465637207,50
phase10b_frozen_dump,H013,team haar ka tajzia,ROMAN,roman_bm25_method_D,13,82489,9.690906524658203,50
phase10b_frozen_dump,H013,team haar ka tajzia,ROMAN,roman_bm25_method_D,14,86951,9.645844459533691,50
phase10b_frozen_dump,H013,team haar ka tajzia,ROMAN,roman_bm25_method_D,15,94374,9.644331932067871,50
phase10b_frozen_dump,H013,team haar ka tajzia,ROMAN,roman_bm25_method_D,16,53615,9.634123802185059,50
phase10b_frozen_dump,H013,team haar ka tajzia,ROMAN,roman_bm25_method_D,17,46248,9.632468223571777,50
phase10b_frozen_dump,H013,team haar ka tajzia,ROMAN,roman_bm25_method_D,18,93688,9.591792106628418,50
phase10b_frozen_dump,H013,team haar ka tajzia,ROMAN,roman_bm25_method_D,19,94834,9.532513618469238,50
phase10b_frozen_dump,H013,team haar ka tajzia,ROMAN,roman_bm25_method_D,20,26255,9.523621559143066,50
phase10b_frozen_dump,H013,team haar ka tajzia,ROMAN,roman_bm25_method_D,21,55547,9.500126838684082,50
phase10b_frozen_dump,H013,team haar ka tajzia,ROMAN,roman_bm25_method_D,22,57847,9.491559982299805,50
phase10b_frozen_dump,H013,team haar ka tajzia,ROMAN,roman_bm25_method_D,23,83028,9.482379913330078,50
phase10b_frozen_dump,H013,team haar ka tajzia,ROMAN,roman_bm25_method_D,24,46181,9.424589157104492,50
phase10b_frozen_dump,H013,team haar ka tajzia,ROMAN,roman_bm25_method_D,25,57831,9.390514373779297,50
phase10b_frozen_dump,H013,team haar ka tajzia,ROMAN,roman_bm25_method_D,26,42614,9.371039390563965,50
phase10b_frozen_dump,H013,team haar ka tajzia,ROMAN,roman_bm25_method_D,27,91603,9.350787162780762,50
phase10b_frozen_dump,H013,team haar ka tajzia,ROMAN,roman_bm25_method_D,28,38319,9.345559120178223,50
phase10b_frozen_dump,H013,team haar ka tajzia,ROMAN,roman_bm25_method_D,29,82584,9.326375961303711,50
phase10b_frozen_dump,H013,team haar ka tajzia,ROMAN,roman_bm25_method_D,30,86166,9.306534767150879,50
phase10b_frozen_dump,H013,team haar ka tajzia,ROMAN,roman_bm25_method_D,31,83409,9.29561996459961,50
phase10b_frozen_dump,H013,team haar ka tajzia,ROMAN,roman_bm25_method_D,32,82165,9.29559326171875,50
phase10b_frozen_dump,H013,team haar ka tajzia,ROMAN,roman_bm25_method_D,33,86948,9.294407844543457,50
phase10b_frozen_dump,H013,team haar ka tajzia,ROMAN,roman_bm25_method_D,34,26381,9.29300308227539,50
phase10b_frozen_dump,H013,team haar ka tajzia,ROMAN,roman_bm25_method_D,35,82119,9.284636497497559,50
phase10b_frozen_dump,H013,team haar ka tajzia,ROMAN,roman_bm25_method_D,36,34324,9.233307838439941,50
phase10b_frozen_dump,H013,team haar ka tajzia,ROMAN,roman_bm25_method_D,37,89183,9.207289695739746,50
phase10b_frozen_dump,H013,team haar ka tajzia,ROMAN,roman_bm25_method_D,38,81409,9.198163986206055,50
phase10b_frozen_dump,H013,team haar ka tajzia,ROMAN,roman_bm25_method_D,39,94832,9.158114433288574,50
phase10b_frozen_dump,H013,team haar ka tajzia,ROMAN,roman_bm25_method_D,40,42793,9.0867919921875,50
phase10b_frozen_dump,H013,team haar ka tajzia,ROMAN,roman_bm25_method_D,41,47383,9.072332382202148,50
phase10b_frozen_dump,H013,team haar ka tajzia,ROMAN,roman_bm25_method_D,42,88167,9.062577247619629,50
phase10b_frozen_dump,H013,team haar ka tajzia,ROMAN,roman_bm25_method_D,43,87834,8.990410804748535,50
phase10b_frozen_dump,H013,team haar ka tajzia,ROMAN,roman_bm25_method_D,44,92911,8.979466438293457,50
phase10b_frozen_dump,H013,team haar ka tajzia,ROMAN,roman_bm25_method_D,45,54226,8.930708885192871,50
phase10b_frozen_dump,H013,team haar ka tajzia,ROMAN,roman_bm25_method_D,46,54813,8.918359756469727,50
phase10b_frozen_dump,H013,team haar ka tajzia,ROMAN,roman_bm25_method_D,47,86869,8.904537200927734,50
phase10b_frozen_dump,H013,team haar ka tajzia,ROMAN,roman_bm25_method_D,48,41935,8.893491744995117,50
phase10b_frozen_dump,H013,team haar ka tajzia,ROMAN,roman_bm25_method_D,49,90969,8.85551643371582,50
phase10b_frozen_dump,H013,team haar ka tajzia,ROMAN,roman_bm25_method_D,50,94325,8.844675064086914,50
phase10b_frozen_dump,H014,mehngai ke asar,ROMAN,roman_bm25_method_D,1,111755,17.447351455688477,50
phase10b_frozen_dump,H014,mehngai ke asar,ROMAN,roman_bm25_method_D,2,101547,15.864853858947754,50
phase10b_frozen_dump,H014,mehngai ke asar,ROMAN,roman_bm25_method_D,3,19141,14.563143730163574,50
phase10b_frozen_dump,H014,mehngai ke asar,ROMAN,roman_bm25_method_D,4,49646,13.298896789550781,50
phase10b_frozen_dump,H014,mehngai ke asar,ROMAN,roman_bm25_method_D,5,49654,13.280921936035156,50
phase10b_frozen_dump,H014,mehngai ke asar,ROMAN,roman_bm25_method_D,6,48761,12.928466796875,50
phase10b_frozen_dump,H014,mehngai ke asar,ROMAN,roman_bm25_method_D,7,101625,12.678565979003906,50
phase10b_frozen_dump,H014,mehngai ke asar,ROMAN,roman_bm25_method_D,8,59767,12.243354797363281,50
phase10b_frozen_dump,H014,mehngai ke asar,ROMAN,roman_bm25_method_D,9,97543,11.986862182617188,50
phase10b_frozen_dump,H014,mehngai ke asar,ROMAN,roman_bm25_method_D,10,59687,11.788626670837402,50
phase10b_frozen_dump,H014,mehngai ke asar,ROMAN,roman_bm25_method_D,11,40745,11.697524070739746,50
phase10b_frozen_dump,H014,mehngai ke asar,ROMAN,roman_bm25_method_D,12,16502,11.558222770690918,50
phase10b_frozen_dump,H014,mehngai ke asar,ROMAN,roman_bm25_method_D,13,102235,11.248223304748535,50
phase10b_frozen_dump,H014,mehngai ke asar,ROMAN,roman_bm25_method_D,14,59901,11.158666610717773,50
phase10b_frozen_dump,H014,mehngai ke asar,ROMAN,roman_bm25_method_D,15,49793,10.92660903930664,50
phase10b_frozen_dump,H014,mehngai ke asar,ROMAN,roman_bm25_method_D,16,101311,10.804563522338867,50
phase10b_frozen_dump,H014,mehngai ke asar,ROMAN,roman_bm25_method_D,17,102241,10.777907371520996,50
phase10b_frozen_dump,H014,mehngai ke asar,ROMAN,roman_bm25_method_D,18,101344,10.557012557983398,50
phase10b_frozen_dump,H014,mehngai ke asar,ROMAN,roman_bm25_method_D,19,48793,10.522693634033203,50
phase10b_frozen_dump,H014,mehngai ke asar,ROMAN,roman_bm25_method_D,20,48788,10.503246307373047,50
phase10b_frozen_dump,H014,mehngai ke asar,ROMAN,roman_bm25_method_D,21,48745,10.406257629394531,50
phase10b_frozen_dump,H014,mehngai ke asar,ROMAN,roman_bm25_method_D,22,48838,10.381043434143066,50
phase10b_frozen_dump,H014,mehngai ke asar,ROMAN,roman_bm25_method_D,23,104933,10.37949275970459,50
phase10b_frozen_dump,H014,mehngai ke asar,ROMAN,roman_bm25_method_D,24,105207,10.202500343322754,50
phase10b_frozen_dump,H014,mehngai ke asar,ROMAN,roman_bm25_method_D,25,49067,10.162161827087402,50
phase10b_frozen_dump,H014,mehngai ke asar,ROMAN,roman_bm25_method_D,26,49418,10.090603828430176,50
phase10b_frozen_dump,H014,mehngai ke asar,ROMAN,roman_bm25_method_D,27,49059,10.06920337677002,50
phase10b_frozen_dump,H014,mehngai ke asar,ROMAN,roman_bm25_method_D,28,139,10.02527141571045,50
phase10b_frozen_dump,H014,mehngai ke asar,ROMAN,roman_bm25_method_D,29,59662,10.012517929077148,50
phase10b_frozen_dump,H014,mehngai ke asar,ROMAN,roman_bm25_method_D,30,104910,9.842389106750488,50
phase10b_frozen_dump,H014,mehngai ke asar,ROMAN,roman_bm25_method_D,31,85812,9.833701133728027,50
phase10b_frozen_dump,H014,mehngai ke asar,ROMAN,roman_bm25_method_D,32,105208,9.776327133178711,50
phase10b_frozen_dump,H014,mehngai ke asar,ROMAN,roman_bm25_method_D,33,79075,9.572368621826172,50
phase10b_frozen_dump,H014,mehngai ke asar,ROMAN,roman_bm25_method_D,34,110953,9.532036781311035,50
phase10b_frozen_dump,H014,mehngai ke asar,ROMAN,roman_bm25_method_D,35,72790,9.519429206848145,50
phase10b_frozen_dump,H014,mehngai ke asar,ROMAN,roman_bm25_method_D,36,76732,9.503677368164062,50
phase10b_frozen_dump,H014,mehngai ke asar,ROMAN,roman_bm25_method_D,37,77260,9.501348495483398,50
phase10b_frozen_dump,H014,mehngai ke asar,ROMAN,roman_bm25_method_D,38,71612,9.475580215454102,50
phase10b_frozen_dump,H014,mehngai ke asar,ROMAN,roman_bm25_method_D,39,63749,9.42482852935791,50
phase10b_frozen_dump,H014,mehngai ke asar,ROMAN,roman_bm25_method_D,40,353,9.415140151977539,50
phase10b_frozen_dump,H014,mehngai ke asar,ROMAN,roman_bm25_method_D,41,1929,9.40218448638916,50
phase10b_frozen_dump,H014,mehngai ke asar,ROMAN,roman_bm25_method_D,42,70488,9.398714065551758,50
phase10b_frozen_dump,H014,mehngai ke asar,ROMAN,roman_bm25_method_D,43,65328,9.396488189697266,50
phase10b_frozen_dump,H014,mehngai ke asar,ROMAN,roman_bm25_method_D,44,63066,9.396270751953125,50
phase10b_frozen_dump,H014,mehngai ke asar,ROMAN,roman_bm25_method_D,45,63696,9.394098281860352,50
phase10b_frozen_dump,H014,mehngai ke asar,ROMAN,roman_bm25_method_D,46,111044,9.358287811279297,50
phase10b_frozen_dump,H014,mehngai ke asar,ROMAN,roman_bm25_method_D,47,75602,9.354259490966797,50
phase10b_frozen_dump,H014,mehngai ke asar,ROMAN,roman_bm25_method_D,48,109602,9.339882850646973,50
phase10b_frozen_dump,H014,mehngai ke asar,ROMAN,roman_bm25_method_D,49,70581,9.336780548095703,50
phase10b_frozen_dump,H014,mehngai ke asar,ROMAN,roman_bm25_method_D,50,109772,9.33369255065918,50
phase10b_frozen_dump,H015,film fail ki kahani,ROMAN,roman_bm25_method_D,1,17423,8.655927658081055,50
phase10b_frozen_dump,H015,film fail ki kahani,ROMAN,roman_bm25_method_D,2,17432,8.386236190795898,50
phase10b_frozen_dump,H015,film fail ki kahani,ROMAN,roman_bm25_method_D,3,16695,8.376826286315918,50
phase10b_frozen_dump,H015,film fail ki kahani,ROMAN,roman_bm25_method_D,4,17590,8.27011489868164,50
phase10b_frozen_dump,H015,film fail ki kahani,ROMAN,roman_bm25_method_D,5,17429,8.1951904296875,50
phase10b_frozen_dump,H015,film fail ki kahani,ROMAN,roman_bm25_method_D,6,17710,8.173314094543457,50
phase10b_frozen_dump,H015,film fail ki kahani,ROMAN,roman_bm25_method_D,7,16976,8.162481307983398,50
phase10b_frozen_dump,H015,film fail ki kahani,ROMAN,roman_bm25_method_D,8,17479,8.107912063598633,50
phase10b_frozen_dump,H015,film fail ki kahani,ROMAN,roman_bm25_method_D,9,17076,8.103883743286133,50
phase10b_frozen_dump,H015,film fail ki kahani,ROMAN,roman_bm25_method_D,10,17394,8.080524444580078,50
phase10b_frozen_dump,H015,film fail ki kahani,ROMAN,roman_bm25_method_D,11,16939,8.035501480102539,50
phase10b_frozen_dump,H015,film fail ki kahani,ROMAN,roman_bm25_method_D,12,17691,8.027295112609863,50
phase10b_frozen_dump,H015,film fail ki kahani,ROMAN,roman_bm25_method_D,13,17514,8.020635604858398,50
phase10b_frozen_dump,H015,film fail ki kahani,ROMAN,roman_bm25_method_D,14,17544,7.985522747039795,50
phase10b_frozen_dump,H015,film fail ki kahani,ROMAN,roman_bm25_method_D,15,16713,7.976450443267822,50
phase10b_frozen_dump,H015,film fail ki kahani,ROMAN,roman_bm25_method_D,16,16981,7.952105522155762,50
phase10b_frozen_dump,H015,film fail ki kahani,ROMAN,roman_bm25_method_D,17,16970,7.90540885925293,50
phase10b_frozen_dump,H015,film fail ki kahani,ROMAN,roman_bm25_method_D,18,16972,7.894326210021973,50
phase10b_frozen_dump,H015,film fail ki kahani,ROMAN,roman_bm25_method_D,19,17616,7.881974220275879,50
phase10b_frozen_dump,H015,film fail ki kahani,ROMAN,roman_bm25_method_D,20,17560,7.86070442199707,50
phase10b_frozen_dump,H015,film fail ki kahani,ROMAN,roman_bm25_method_D,21,17718,7.836737632751465,50
phase10b_frozen_dump,H015,film fail ki kahani,ROMAN,roman_bm25_method_D,22,17377,7.836482048034668,50
phase10b_frozen_dump,H015,film fail ki kahani,ROMAN,roman_bm25_method_D,23,14995,7.79427433013916,50
phase10b_frozen_dump,H015,film fail ki kahani,ROMAN,roman_bm25_method_D,24,17170,7.7909088134765625,50
phase10b_frozen_dump,H015,film fail ki kahani,ROMAN,roman_bm25_method_D,25,17620,7.78887939453125,50
phase10b_frozen_dump,H015,film fail ki kahani,ROMAN,roman_bm25_method_D,26,17337,7.776440620422363,50
phase10b_frozen_dump,H015,film fail ki kahani,ROMAN,roman_bm25_method_D,27,17183,7.768540859222412,50
phase10b_frozen_dump,H015,film fail ki kahani,ROMAN,roman_bm25_method_D,28,17025,7.765016078948975,50
phase10b_frozen_dump,H015,film fail ki kahani,ROMAN,roman_bm25_method_D,29,16958,7.746488571166992,50
phase10b_frozen_dump,H015,film fail ki kahani,ROMAN,roman_bm25_method_D,30,17053,7.743968486785889,50
phase10b_frozen_dump,H015,film fail ki kahani,ROMAN,roman_bm25_method_D,31,16892,7.717475414276123,50
phase10b_frozen_dump,H015,film fail ki kahani,ROMAN,roman_bm25_method_D,32,16951,7.695788383483887,50
phase10b_frozen_dump,H015,film fail ki kahani,ROMAN,roman_bm25_method_D,33,16944,7.68631649017334,50
phase10b_frozen_dump,H015,film fail ki kahani,ROMAN,roman_bm25_method_D,34,17536,7.682572841644287,50
phase10b_frozen_dump,H015,film fail ki kahani,ROMAN,roman_bm25_method_D,35,17319,7.655483245849609,50
phase10b_frozen_dump,H015,film fail ki kahani,ROMAN,roman_bm25_method_D,36,16921,7.645994663238525,50
phase10b_frozen_dump,H015,film fail ki kahani,ROMAN,roman_bm25_method_D,37,16946,7.645135879516602,50
phase10b_frozen_dump,H015,film fail ki kahani,ROMAN,roman_bm25_method_D,38,17184,7.622382164001465,50
phase10b_frozen_dump,H015,film fail ki kahani,ROMAN,roman_bm25_method_D,39,16877,7.606602668762207,50
phase10b_frozen_dump,H015,film fail ki kahani,ROMAN,roman_bm25_method_D,40,16971,7.599856376647949,50
phase10b_frozen_dump,H015,film fail ki kahani,ROMAN,roman_bm25_method_D,41,17315,7.579751014709473,50
phase10b_frozen_dump,H015,film fail ki kahani,ROMAN,roman_bm25_method_D,42,15078,7.5723042488098145,50
phase10b_frozen_dump,H015,film fail ki kahani,ROMAN,roman_bm25_method_D,43,16881,7.568646430969238,50
phase10b_frozen_dump,H015,film fail ki kahani,ROMAN,roman_bm25_method_D,44,17010,7.566485404968262,50
phase10b_frozen_dump,H015,film fail ki kahani,ROMAN,roman_bm25_method_D,45,17259,7.561396598815918,50
phase10b_frozen_dump,H015,film fail ki kahani,ROMAN,roman_bm25_method_D,46,17469,7.534152984619141,50
phase10b_frozen_dump,H015,film fail ki kahani,ROMAN,roman_bm25_method_D,47,16886,7.5169572830200195,50
phase10b_frozen_dump,H015,film fail ki kahani,ROMAN,roman_bm25_method_D,48,17890,7.471502780914307,50
phase10b_frozen_dump,H015,film fail ki kahani,ROMAN,roman_bm25_method_D,49,16931,7.4600958824157715,50
phase10b_frozen_dump,H015,film fail ki kahani,ROMAN,roman_bm25_method_D,50,16848,7.4544267654418945,50
phase10b_frozen_dump,H016,rupay girawut ke nataij,ROMAN,roman_bm25_method_D,1,95987,0.02589336410164833,50
phase10b_frozen_dump,H016,rupay girawut ke nataij,ROMAN,roman_bm25_method_D,2,91329,0.025858893990516663,50
phase10b_frozen_dump,H016,rupay girawut ke nataij,ROMAN,roman_bm25_method_D,3,17823,0.02583327330648899,50
phase10b_frozen_dump,H016,rupay girawut ke nataij,ROMAN,roman_bm25_method_D,4,72277,0.02581978589296341,50
phase10b_frozen_dump,H016,rupay girawut ke nataij,ROMAN,roman_bm25_method_D,5,97370,0.02578415721654892,50
phase10b_frozen_dump,H016,rupay girawut ke nataij,ROMAN,roman_bm25_method_D,6,19474,0.025782154873013496,50
phase10b_frozen_dump,H016,rupay girawut ke nataij,ROMAN,roman_bm25_method_D,7,97324,0.025777045637369156,50
phase10b_frozen_dump,H016,rupay girawut ke nataij,ROMAN,roman_bm25_method_D,8,96889,0.025775393471121788,50
phase10b_frozen_dump,H016,rupay girawut ke nataij,ROMAN,roman_bm25_method_D,9,85754,0.025769831612706184,50
phase10b_frozen_dump,H016,rupay girawut ke nataij,ROMAN,roman_bm25_method_D,10,80471,0.025767944753170013,50
phase10b_frozen_dump,H016,rupay girawut ke nataij,ROMAN,roman_bm25_method_D,11,85528,0.025761833414435387,50
phase10b_frozen_dump,H016,rupay girawut ke nataij,ROMAN,roman_bm25_method_D,12,74637,0.02576032467186451,50
phase10b_frozen_dump,H016,rupay girawut ke nataij,ROMAN,roman_bm25_method_D,13,85563,0.0257502943277359,50
phase10b_frozen_dump,H016,rupay girawut ke nataij,ROMAN,roman_bm25_method_D,14,73176,0.02574601210653782,50
phase10b_frozen_dump,H016,rupay girawut ke nataij,ROMAN,roman_bm25_method_D,15,87014,0.025743845850229263,50
phase10b_frozen_dump,H016,rupay girawut ke nataij,ROMAN,roman_bm25_method_D,16,73453,0.02573675848543644,50
phase10b_frozen_dump,H016,rupay girawut ke nataij,ROMAN,roman_bm25_method_D,17,71998,0.02572672814130783,50
phase10b_frozen_dump,H016,rupay girawut ke nataij,ROMAN,roman_bm25_method_D,18,20688,0.02572101540863514,50
phase10b_frozen_dump,H016,rupay girawut ke nataij,ROMAN,roman_bm25_method_D,19,72560,0.025712812319397926,50
phase10b_frozen_dump,H016,rupay girawut ke nataij,ROMAN,roman_bm25_method_D,20,87599,0.025703581050038338,50
phase10b_frozen_dump,H016,rupay girawut ke nataij,ROMAN,roman_bm25_method_D,21,87879,0.02568581886589527,50
phase10b_frozen_dump,H016,rupay girawut ke nataij,ROMAN,roman_bm25_method_D,22,1633,0.02567691169679165,50
phase10b_frozen_dump,H016,rupay girawut ke nataij,ROMAN,roman_bm25_method_D,23,41397,0.025674287229776382,50
phase10b_frozen_dump,H016,rupay girawut ke nataij,ROMAN,roman_bm25_method_D,24,73025,0.025661954656243324,50
phase10b_frozen_dump,H016,rupay girawut ke nataij,ROMAN,roman_bm25_method_D,25,60350,0.025661330670118332,50
phase10b_frozen_dump,H016,rupay girawut ke nataij,ROMAN,roman_bm25_method_D,26,73412,0.025646356865763664,50
phase10b_frozen_dump,H016,rupay girawut ke nataij,ROMAN,roman_bm25_method_D,27,2119,0.025641458109021187,50
phase10b_frozen_dump,H016,rupay girawut ke nataij,ROMAN,roman_bm25_method_D,28,3297,0.025637323036789894,50
phase10b_frozen_dump,H016,rupay girawut ke nataij,ROMAN,roman_bm25_method_D,29,72544,0.025636551901698112,50
phase10b_frozen_dump,H016,rupay girawut ke nataij,ROMAN,roman_bm25_method_D,30,110956,0.025632740929722786,50
phase10b_frozen_dump,H016,rupay girawut ke nataij,ROMAN,roman_bm25_method_D,31,20591,0.025630610063672066,50
phase10b_frozen_dump,H016,rupay girawut ke nataij,ROMAN,roman_bm25_method_D,32,33551,0.02562285028398037,50
phase10b_frozen_dump,H016,rupay girawut ke nataij,ROMAN,roman_bm25_method_D,33,109564,0.025621645152568817,50
phase10b_frozen_dump,H016,rupay girawut ke nataij,ROMAN,roman_bm25_method_D,34,73523,0.025619618594646454,50
phase10b_frozen_dump,H016,rupay girawut ke nataij,ROMAN,roman_bm25_method_D,35,37596,0.02561839297413826,50
phase10b_frozen_dump,H016,rupay girawut ke nataij,ROMAN,roman_bm25_method_D,36,60958,0.02561839297413826,50
phase10b_frozen_dump,H016,rupay girawut ke nataij,ROMAN,roman_bm25_method_D,37,85541,0.025616906583309174,50
phase10b_frozen_dump,H016,rupay girawut ke nataij,ROMAN,roman_bm25_method_D,38,110299,0.025616850703954697,50
phase10b_frozen_dump,H016,rupay girawut ke nataij,ROMAN,roman_bm25_method_D,39,111821,0.025614475831389427,50
phase10b_frozen_dump,H016,rupay girawut ke nataij,ROMAN,roman_bm25_method_D,40,33751,0.025604553520679474,50
phase10b_frozen_dump,H016,rupay girawut ke nataij,ROMAN,roman_bm25_method_D,41,26020,0.02559729292988777,50
phase10b_frozen_dump,H016,rupay girawut ke nataij,ROMAN,roman_bm25_method_D,42,6676,0.025596221908926964,50
phase10b_frozen_dump,H016,rupay girawut ke nataij,ROMAN,roman_bm25_method_D,43,65781,0.02559524029493332,50
phase10b_frozen_dump,H016,rupay girawut ke nataij,ROMAN,roman_bm25_method_D,44,33128,0.025592351332306862,50
phase10b_frozen_dump,H016,rupay girawut ke nataij,ROMAN,roman_bm25_method_D,45,33037,0.025591589510440826,50
phase10b_frozen_dump,H016,rupay girawut ke nataij,ROMAN,roman_bm25_method_D,46,72289,0.025589972734451294,50
phase10b_frozen_dump,H016,rupay girawut ke nataij,ROMAN,roman_bm25_method_D,47,85576,0.025586411356925964,50
phase10b_frozen_dump,H016,rupay girawut ke nataij,ROMAN,roman_bm25_method_D,48,73119,0.02558003179728985,50
phase10b_frozen_dump,H016,rupay girawut ke nataij,ROMAN,roman_bm25_method_D,49,24159,0.025579728186130524,50
phase10b_frozen_dump,H016,rupay girawut ke nataij,ROMAN,roman_bm25_method_D,50,64717,0.025579385459423065,50
phase10b_frozen_dump,H017,آج لاہور کا درجہ حرارت کیا ہے,URDU,urdu_bm25,1,58863,22.394426345825195,50
phase10b_frozen_dump,H017,آج لاہور کا درجہ حرارت کیا ہے,URDU,urdu_bm25,2,79724,21.674701690673828,50
phase10b_frozen_dump,H017,آج لاہور کا درجہ حرارت کیا ہے,URDU,urdu_bm25,3,79600,21.230073928833008,50
phase10b_frozen_dump,H017,آج لاہور کا درجہ حرارت کیا ہے,URDU,urdu_bm25,4,17474,20.587562561035156,50
phase10b_frozen_dump,H017,آج لاہور کا درجہ حرارت کیا ہے,URDU,urdu_bm25,5,23542,20.424888610839844,50
phase10b_frozen_dump,H017,آج لاہور کا درجہ حرارت کیا ہے,URDU,urdu_bm25,6,24092,20.011211395263672,50
phase10b_frozen_dump,H017,آج لاہور کا درجہ حرارت کیا ہے,URDU,urdu_bm25,7,79620,19.74264907836914,50
phase10b_frozen_dump,H017,آج لاہور کا درجہ حرارت کیا ہے,URDU,urdu_bm25,8,24165,19.51628875732422,50
phase10b_frozen_dump,H017,آج لاہور کا درجہ حرارت کیا ہے,URDU,urdu_bm25,9,21970,19.409584045410156,50
phase10b_frozen_dump,H017,آج لاہور کا درجہ حرارت کیا ہے,URDU,urdu_bm25,10,14896,19.164806365966797,50
phase10b_frozen_dump,H017,آج لاہور کا درجہ حرارت کیا ہے,URDU,urdu_bm25,11,23127,19.010072708129883,50
phase10b_frozen_dump,H017,آج لاہور کا درجہ حرارت کیا ہے,URDU,urdu_bm25,12,7906,18.990585327148438,50
phase10b_frozen_dump,H017,آج لاہور کا درجہ حرارت کیا ہے,URDU,urdu_bm25,13,59993,18.76419448852539,50
phase10b_frozen_dump,H017,آج لاہور کا درجہ حرارت کیا ہے,URDU,urdu_bm25,14,7994,18.358089447021484,50
phase10b_frozen_dump,H017,آج لاہور کا درجہ حرارت کیا ہے,URDU,urdu_bm25,15,79551,18.332805633544922,50
phase10b_frozen_dump,H017,آج لاہور کا درجہ حرارت کیا ہے,URDU,urdu_bm25,16,24630,18.132976531982422,50
phase10b_frozen_dump,H017,آج لاہور کا درجہ حرارت کیا ہے,URDU,urdu_bm25,17,17387,17.88800048828125,50
phase10b_frozen_dump,H017,آج لاہور کا درجہ حرارت کیا ہے,URDU,urdu_bm25,18,23230,17.805171966552734,50
phase10b_frozen_dump,H017,آج لاہور کا درجہ حرارت کیا ہے,URDU,urdu_bm25,19,59350,17.641677856445312,50
phase10b_frozen_dump,H017,آج لاہور کا درجہ حرارت کیا ہے,URDU,urdu_bm25,20,19804,17.581539154052734,50
phase10b_frozen_dump,H017,آج لاہور کا درجہ حرارت کیا ہے,URDU,urdu_bm25,21,71792,17.571704864501953,50
phase10b_frozen_dump,H017,آج لاہور کا درجہ حرارت کیا ہے,URDU,urdu_bm25,22,24380,17.50333595275879,50
phase10b_frozen_dump,H017,آج لاہور کا درجہ حرارت کیا ہے,URDU,urdu_bm25,23,59942,17.44702911376953,50
phase10b_frozen_dump,H017,آج لاہور کا درجہ حرارت کیا ہے,URDU,urdu_bm25,24,59628,17.42919921875,50
phase10b_frozen_dump,H017,آج لاہور کا درجہ حرارت کیا ہے,URDU,urdu_bm25,25,23384,17.401809692382812,50
phase10b_frozen_dump,H017,آج لاہور کا درجہ حرارت کیا ہے,URDU,urdu_bm25,26,28171,17.36026954650879,50
phase10b_frozen_dump,H017,آج لاہور کا درجہ حرارت کیا ہے,URDU,urdu_bm25,27,59446,17.29994010925293,50
phase10b_frozen_dump,H017,آج لاہور کا درجہ حرارت کیا ہے,URDU,urdu_bm25,28,59926,17.227712631225586,50
phase10b_frozen_dump,H017,آج لاہور کا درجہ حرارت کیا ہے,URDU,urdu_bm25,29,24322,17.197813034057617,50
phase10b_frozen_dump,H017,آج لاہور کا درجہ حرارت کیا ہے,URDU,urdu_bm25,30,59880,17.094846725463867,50
phase10b_frozen_dump,H017,آج لاہور کا درجہ حرارت کیا ہے,URDU,urdu_bm25,31,59866,17.07685661315918,50
phase10b_frozen_dump,H017,آج لاہور کا درجہ حرارت کیا ہے,URDU,urdu_bm25,32,24562,17.041664123535156,50
phase10b_frozen_dump,H017,آج لاہور کا درجہ حرارت کیا ہے,URDU,urdu_bm25,33,72861,16.890453338623047,50
phase10b_frozen_dump,H017,آج لاہور کا درجہ حرارت کیا ہے,URDU,urdu_bm25,34,35563,16.74312400817871,50
phase10b_frozen_dump,H017,آج لاہور کا درجہ حرارت کیا ہے,URDU,urdu_bm25,35,14933,16.742259979248047,50
phase10b_frozen_dump,H017,آج لاہور کا درجہ حرارت کیا ہے,URDU,urdu_bm25,36,7844,16.576871871948242,50
phase10b_frozen_dump,H017,آج لاہور کا درجہ حرارت کیا ہے,URDU,urdu_bm25,37,73509,16.451221466064453,50
phase10b_frozen_dump,H017,آج لاہور کا درجہ حرارت کیا ہے,URDU,urdu_bm25,38,79831,16.401853561401367,50
phase10b_frozen_dump,H017,آج لاہور کا درجہ حرارت کیا ہے,URDU,urdu_bm25,39,39469,16.162864685058594,50
phase10b_frozen_dump,H017,آج لاہور کا درجہ حرارت کیا ہے,URDU,urdu_bm25,40,8104,15.850425720214844,50
phase10b_frozen_dump,H017,آج لاہور کا درجہ حرارت کیا ہے,URDU,urdu_bm25,41,20684,15.811504364013672,50
phase10b_frozen_dump,H017,آج لاہور کا درجہ حرارت کیا ہے,URDU,urdu_bm25,42,79464,15.805805206298828,50
phase10b_frozen_dump,H017,آج لاہور کا درجہ حرارت کیا ہے,URDU,urdu_bm25,43,23821,15.803913116455078,50
phase10b_frozen_dump,H017,آج لاہور کا درجہ حرارت کیا ہے,URDU,urdu_bm25,44,59699,15.793590545654297,50
phase10b_frozen_dump,H017,آج لاہور کا درجہ حرارت کیا ہے,URDU,urdu_bm25,45,79070,15.778436660766602,50
phase10b_frozen_dump,H017,آج لاہور کا درجہ حرارت کیا ہے,URDU,urdu_bm25,46,40124,15.747121810913086,50
phase10b_frozen_dump,H017,آج لاہور کا درجہ حرارت کیا ہے,URDU,urdu_bm25,47,20661,15.69218635559082,50
phase10b_frozen_dump,H017,آج لاہور کا درجہ حرارت کیا ہے,URDU,urdu_bm25,48,72992,15.678911209106445,50
phase10b_frozen_dump,H017,آج لاہور کا درجہ حرارت کیا ہے,URDU,urdu_bm25,49,49058,15.627906799316406,50
phase10b_frozen_dump,H017,آج لاہور کا درجہ حرارت کیا ہے,URDU,urdu_bm25,50,48642,15.627494812011719,50
phase10b_frozen_dump,H018,سونے کی فی تولہ قیمت آج کتنی ہے,URDU,urdu_bm25,1,70120,34.71826934814453,50
phase10b_frozen_dump,H018,سونے کی فی تولہ قیمت آج کتنی ہے,URDU,urdu_bm25,2,72736,31.03078269958496,50
phase10b_frozen_dump,H018,سونے کی فی تولہ قیمت آج کتنی ہے,URDU,urdu_bm25,3,111023,31.027490615844727,50
phase10b_frozen_dump,H018,سونے کی فی تولہ قیمت آج کتنی ہے,URDU,urdu_bm25,4,111676,31.011913299560547,50
phase10b_frozen_dump,H018,سونے کی فی تولہ قیمت آج کتنی ہے,URDU,urdu_bm25,5,110798,30.929767608642578,50
phase10b_frozen_dump,H018,سونے کی فی تولہ قیمت آج کتنی ہے,URDU,urdu_bm25,6,111574,30.922582626342773,50
phase10b_frozen_dump,H018,سونے کی فی تولہ قیمت آج کتنی ہے,URDU,urdu_bm25,7,109167,30.89990234375,50
phase10b_frozen_dump,H018,سونے کی فی تولہ قیمت آج کتنی ہے,URDU,urdu_bm25,8,110548,30.874149322509766,50
phase10b_frozen_dump,H018,سونے کی فی تولہ قیمت آج کتنی ہے,URDU,urdu_bm25,9,109963,30.851551055908203,50
phase10b_frozen_dump,H018,سونے کی فی تولہ قیمت آج کتنی ہے,URDU,urdu_bm25,10,111634,30.847164154052734,50
phase10b_frozen_dump,H018,سونے کی فی تولہ قیمت آج کتنی ہے,URDU,urdu_bm25,11,111719,30.839262008666992,50
phase10b_frozen_dump,H018,سونے کی فی تولہ قیمت آج کتنی ہے,URDU,urdu_bm25,12,65152,30.792030334472656,50
phase10b_frozen_dump,H018,سونے کی فی تولہ قیمت آج کتنی ہے,URDU,urdu_bm25,13,110057,30.790361404418945,50
phase10b_frozen_dump,H018,سونے کی فی تولہ قیمت آج کتنی ہے,URDU,urdu_bm25,14,76931,30.758750915527344,50
phase10b_frozen_dump,H018,سونے کی فی تولہ قیمت آج کتنی ہے,URDU,urdu_bm25,15,110959,30.74239730834961,50
phase10b_frozen_dump,H018,سونے کی فی تولہ قیمت آج کتنی ہے,URDU,urdu_bm25,16,70618,30.723609924316406,50
phase10b_frozen_dump,H018,سونے کی فی تولہ قیمت آج کتنی ہے,URDU,urdu_bm25,17,73178,30.69746971130371,50
phase10b_frozen_dump,H018,سونے کی فی تولہ قیمت آج کتنی ہے,URDU,urdu_bm25,18,110907,30.68315887451172,50
phase10b_frozen_dump,H018,سونے کی فی تولہ قیمت آج کتنی ہے,URDU,urdu_bm25,19,111613,30.680335998535156,50
phase10b_frozen_dump,H018,سونے کی فی تولہ قیمت آج کتنی ہے,URDU,urdu_bm25,20,108921,30.65656852722168,50
phase10b_frozen_dump,H018,سونے کی فی تولہ قیمت آج کتنی ہے,URDU,urdu_bm25,21,109395,30.632232666015625,50
phase10b_frozen_dump,H018,سونے کی فی تولہ قیمت آج کتنی ہے,URDU,urdu_bm25,22,109196,30.6318416595459,50
phase10b_frozen_dump,H018,سونے کی فی تولہ قیمت آج کتنی ہے,URDU,urdu_bm25,23,111353,30.62926483154297,50
phase10b_frozen_dump,H018,سونے کی فی تولہ قیمت آج کتنی ہے,URDU,urdu_bm25,24,111324,30.627304077148438,50
phase10b_frozen_dump,H018,سونے کی فی تولہ قیمت آج کتنی ہے,URDU,urdu_bm25,25,111684,30.621280670166016,50
phase10b_frozen_dump,H018,سونے کی فی تولہ قیمت آج کتنی ہے,URDU,urdu_bm25,26,111506,30.611583709716797,50
phase10b_frozen_dump,H018,سونے کی فی تولہ قیمت آج کتنی ہے,URDU,urdu_bm25,27,72799,30.608646392822266,50
phase10b_frozen_dump,H018,سونے کی فی تولہ قیمت آج کتنی ہے,URDU,urdu_bm25,28,78666,30.600902557373047,50
phase10b_frozen_dump,H018,سونے کی فی تولہ قیمت آج کتنی ہے,URDU,urdu_bm25,29,78843,30.58709716796875,50
phase10b_frozen_dump,H018,سونے کی فی تولہ قیمت آج کتنی ہے,URDU,urdu_bm25,30,73068,30.56732177734375,50
phase10b_frozen_dump,H018,سونے کی فی تولہ قیمت آج کتنی ہے,URDU,urdu_bm25,31,111407,30.56730842590332,50
phase10b_frozen_dump,H018,سونے کی فی تولہ قیمت آج کتنی ہے,URDU,urdu_bm25,32,79278,30.564926147460938,50
phase10b_frozen_dump,H018,سونے کی فی تولہ قیمت آج کتنی ہے,URDU,urdu_bm25,33,110814,30.543048858642578,50
phase10b_frozen_dump,H018,سونے کی فی تولہ قیمت آج کتنی ہے,URDU,urdu_bm25,34,38424,30.539918899536133,50
phase10b_frozen_dump,H018,سونے کی فی تولہ قیمت آج کتنی ہے,URDU,urdu_bm25,35,111237,30.536331176757812,50
phase10b_frozen_dump,H018,سونے کی فی تولہ قیمت آج کتنی ہے,URDU,urdu_bm25,36,108930,30.51251220703125,50
phase10b_frozen_dump,H018,سونے کی فی تولہ قیمت آج کتنی ہے,URDU,urdu_bm25,37,111418,30.508459091186523,50
phase10b_frozen_dump,H018,سونے کی فی تولہ قیمت آج کتنی ہے,URDU,urdu_bm25,38,109152,30.4979248046875,50
phase10b_frozen_dump,H018,سونے کی فی تولہ قیمت آج کتنی ہے,URDU,urdu_bm25,39,109744,30.471179962158203,50
phase10b_frozen_dump,H018,سونے کی فی تولہ قیمت آج کتنی ہے,URDU,urdu_bm25,40,110804,30.461803436279297,50
phase10b_frozen_dump,H018,سونے کی فی تولہ قیمت آج کتنی ہے,URDU,urdu_bm25,41,110902,30.4514102935791,50
phase10b_frozen_dump,H018,سونے کی فی تولہ قیمت آج کتنی ہے,URDU,urdu_bm25,42,110918,30.442026138305664,50
phase10b_frozen_dump,H018,سونے کی فی تولہ قیمت آج کتنی ہے,URDU,urdu_bm25,43,74509,30.4345645904541,50
phase10b_frozen_dump,H018,سونے کی فی تولہ قیمت آج کتنی ہے,URDU,urdu_bm25,44,111333,30.428691864013672,50
phase10b_frozen_dump,H018,سونے کی فی تولہ قیمت آج کتنی ہے,URDU,urdu_bm25,45,109015,30.426023483276367,50
phase10b_frozen_dump,H018,سونے کی فی تولہ قیمت آج کتنی ہے,URDU,urdu_bm25,46,109188,30.423919677734375,50
phase10b_frozen_dump,H018,سونے کی فی تولہ قیمت آج کتنی ہے,URDU,urdu_bm25,47,64908,30.415782928466797,50
phase10b_frozen_dump,H018,سونے کی فی تولہ قیمت آج کتنی ہے,URDU,urdu_bm25,48,61036,30.396236419677734,50
phase10b_frozen_dump,H018,سونے کی فی تولہ قیمت آج کتنی ہے,URDU,urdu_bm25,49,111208,30.393770217895508,50
phase10b_frozen_dump,H018,سونے کی فی تولہ قیمت آج کتنی ہے,URDU,urdu_bm25,50,109140,30.3904972076416,50
phase10b_frozen_dump,H019,ایشیا کپ فائنل کب کھیلا جائے گا,URDU,urdu_bm25,1,54522,26.065898895263672,50
phase10b_frozen_dump,H019,ایشیا کپ فائنل کب کھیلا جائے گا,URDU,urdu_bm25,2,58139,25.74995994567871,50
phase10b_frozen_dump,H019,ایشیا کپ فائنل کب کھیلا جائے گا,URDU,urdu_bm25,3,54633,25.447303771972656,50
phase10b_frozen_dump,H019,ایشیا کپ فائنل کب کھیلا جائے گا,URDU,urdu_bm25,4,43577,25.233732223510742,50
phase10b_frozen_dump,H019,ایشیا کپ فائنل کب کھیلا جائے گا,URDU,urdu_bm25,5,92880,24.762195587158203,50
phase10b_frozen_dump,H019,ایشیا کپ فائنل کب کھیلا جائے گا,URDU,urdu_bm25,6,46932,24.4482421875,50
phase10b_frozen_dump,H019,ایشیا کپ فائنل کب کھیلا جائے گا,URDU,urdu_bm25,7,96403,24.393760681152344,50
phase10b_frozen_dump,H019,ایشیا کپ فائنل کب کھیلا جائے گا,URDU,urdu_bm25,8,54891,24.216455459594727,50
phase10b_frozen_dump,H019,ایشیا کپ فائنل کب کھیلا جائے گا,URDU,urdu_bm25,9,85086,24.172151565551758,50
phase10b_frozen_dump,H019,ایشیا کپ فائنل کب کھیلا جائے گا,URDU,urdu_bm25,10,96743,24.13230323791504,50
phase10b_frozen_dump,H019,ایشیا کپ فائنل کب کھیلا جائے گا,URDU,urdu_bm25,11,58011,23.94384002685547,50
phase10b_frozen_dump,H019,ایشیا کپ فائنل کب کھیلا جائے گا,URDU,urdu_bm25,12,93197,23.892744064331055,50
phase10b_frozen_dump,H019,ایشیا کپ فائنل کب کھیلا جائے گا,URDU,urdu_bm25,13,59177,23.791908264160156,50
phase10b_frozen_dump,H019,ایشیا کپ فائنل کب کھیلا جائے گا,URDU,urdu_bm25,14,54530,23.753934860229492,50
phase10b_frozen_dump,H019,ایشیا کپ فائنل کب کھیلا جائے گا,URDU,urdu_bm25,15,92912,23.481142044067383,50
phase10b_frozen_dump,H019,ایشیا کپ فائنل کب کھیلا جائے گا,URDU,urdu_bm25,16,32766,23.310144424438477,50
phase10b_frozen_dump,H019,ایشیا کپ فائنل کب کھیلا جائے گا,URDU,urdu_bm25,17,96418,23.233734130859375,50
phase10b_frozen_dump,H019,ایشیا کپ فائنل کب کھیلا جائے گا,URDU,urdu_bm25,18,52381,23.218955993652344,50
phase10b_frozen_dump,H019,ایشیا کپ فائنل کب کھیلا جائے گا,URDU,urdu_bm25,19,43463,22.883943557739258,50
phase10b_frozen_dump,H019,ایشیا کپ فائنل کب کھیلا جائے گا,URDU,urdu_bm25,20,46687,22.856542587280273,50
phase10b_frozen_dump,H019,ایشیا کپ فائنل کب کھیلا جائے گا,URDU,urdu_bm25,21,27636,22.78458595275879,50
phase10b_frozen_dump,H019,ایشیا کپ فائنل کب کھیلا جائے گا,URDU,urdu_bm25,22,90865,22.697265625,50
phase10b_frozen_dump,H019,ایشیا کپ فائنل کب کھیلا جائے گا,URDU,urdu_bm25,23,27072,22.66871452331543,50
phase10b_frozen_dump,H019,ایشیا کپ فائنل کب کھیلا جائے گا,URDU,urdu_bm25,24,27459,22.661611557006836,50
phase10b_frozen_dump,H019,ایشیا کپ فائنل کب کھیلا جائے گا,URDU,urdu_bm25,25,54643,22.476058959960938,50
phase10b_frozen_dump,H019,ایشیا کپ فائنل کب کھیلا جائے گا,URDU,urdu_bm25,26,92908,22.44784164428711,50
phase10b_frozen_dump,H019,ایشیا کپ فائنل کب کھیلا جائے گا,URDU,urdu_bm25,27,89232,22.446609497070312,50
phase10b_frozen_dump,H019,ایشیا کپ فائنل کب کھیلا جائے گا,URDU,urdu_bm25,28,92897,22.185842514038086,50
phase10b_frozen_dump,H019,ایشیا کپ فائنل کب کھیلا جائے گا,URDU,urdu_bm25,29,92893,22.153579711914062,50
phase10b_frozen_dump,H019,ایشیا کپ فائنل کب کھیلا جائے گا,URDU,urdu_bm25,30,54636,22.14845848083496,50
phase10b_frozen_dump,H019,ایشیا کپ فائنل کب کھیلا جائے گا,URDU,urdu_bm25,31,37882,22.14130973815918,50
phase10b_frozen_dump,H019,ایشیا کپ فائنل کب کھیلا جائے گا,URDU,urdu_bm25,32,58013,22.127639770507812,50
phase10b_frozen_dump,H019,ایشیا کپ فائنل کب کھیلا جائے گا,URDU,urdu_bm25,33,54794,22.1207275390625,50
phase10b_frozen_dump,H019,ایشیا کپ فائنل کب کھیلا جائے گا,URDU,urdu_bm25,34,57638,22.112340927124023,50
phase10b_frozen_dump,H019,ایشیا کپ فائنل کب کھیلا جائے گا,URDU,urdu_bm25,35,87213,21.946792602539062,50
phase10b_frozen_dump,H019,ایشیا کپ فائنل کب کھیلا جائے گا,URDU,urdu_bm25,36,96722,21.833850860595703,50
phase10b_frozen_dump,H019,ایشیا کپ فائنل کب کھیلا جائے گا,URDU,urdu_bm25,37,59059,21.790468215942383,50
phase10b_frozen_dump,H019,ایشیا کپ فائنل کب کھیلا جائے گا,URDU,urdu_bm25,38,45421,21.7279109954834,50
phase10b_frozen_dump,H019,ایشیا کپ فائنل کب کھیلا جائے گا,URDU,urdu_bm25,39,96727,21.722862243652344,50
phase10b_frozen_dump,H019,ایشیا کپ فائنل کب کھیلا جائے گا,URDU,urdu_bm25,40,34319,21.490999221801758,50
phase10b_frozen_dump,H019,ایشیا کپ فائنل کب کھیلا جائے گا,URDU,urdu_bm25,41,43466,21.45461654663086,50
phase10b_frozen_dump,H019,ایشیا کپ فائنل کب کھیلا جائے گا,URDU,urdu_bm25,42,87697,21.341999053955078,50
phase10b_frozen_dump,H019,ایشیا کپ فائنل کب کھیلا جائے گا,URDU,urdu_bm25,43,95686,21.318683624267578,50
phase10b_frozen_dump,H019,ایشیا کپ فائنل کب کھیلا جائے گا,URDU,urdu_bm25,44,42757,21.303342819213867,50
phase10b_frozen_dump,H019,ایشیا کپ فائنل کب کھیلا جائے گا,URDU,urdu_bm25,45,57880,21.190811157226562,50
phase10b_frozen_dump,H019,ایشیا کپ فائنل کب کھیلا جائے گا,URDU,urdu_bm25,46,81262,21.171369552612305,50
phase10b_frozen_dump,H019,ایشیا کپ فائنل کب کھیلا جائے گا,URDU,urdu_bm25,47,83385,21.13980484008789,50
phase10b_frozen_dump,H019,ایشیا کپ فائنل کب کھیلا جائے گا,URDU,urdu_bm25,48,83911,21.116975784301758,50
phase10b_frozen_dump,H019,ایشیا کپ فائنل کب کھیلا جائے گا,URDU,urdu_bm25,49,54108,21.115510940551758,50
phase10b_frozen_dump,H019,ایشیا کپ فائنل کب کھیلا جائے گا,URDU,urdu_bm25,50,58628,21.098459243774414,50
phase10b_frozen_dump,H020,نیا آئی فون پاکستان میں کب آیا,URDU,urdu_bm25,1,80318,15.641282081604004,50
phase10b_frozen_dump,H020,نیا آئی فون پاکستان میں کب آیا,URDU,urdu_bm25,2,22116,15.229072570800781,50
phase10b_frozen_dump,H020,نیا آئی فون پاکستان میں کب آیا,URDU,urdu_bm25,3,21292,14.717354774475098,50
phase10b_frozen_dump,H020,نیا آئی فون پاکستان میں کب آیا,URDU,urdu_bm25,4,21594,14.620386123657227,50
phase10b_frozen_dump,H020,نیا آئی فون پاکستان میں کب آیا,URDU,urdu_bm25,5,59965,14.274470329284668,50
phase10b_frozen_dump,H020,نیا آئی فون پاکستان میں کب آیا,URDU,urdu_bm25,6,22324,14.20771312713623,50
phase10b_frozen_dump,H020,نیا آئی فون پاکستان میں کب آیا,URDU,urdu_bm25,7,21560,14.16418170928955,50
phase10b_frozen_dump,H020,نیا آئی فون پاکستان میں کب آیا,URDU,urdu_bm25,8,21470,14.150673866271973,50
phase10b_frozen_dump,H020,نیا آئی فون پاکستان میں کب آیا,URDU,urdu_bm25,9,22871,14.076031684875488,50
phase10b_frozen_dump,H020,نیا آئی فون پاکستان میں کب آیا,URDU,urdu_bm25,10,19768,13.92025089263916,50
phase10b_frozen_dump,H020,نیا آئی فون پاکستان میں کب آیا,URDU,urdu_bm25,11,79349,13.799243927001953,50
phase10b_frozen_dump,H020,نیا آئی فون پاکستان میں کب آیا,URDU,urdu_bm25,12,21692,13.62093734741211,50
phase10b_frozen_dump,H020,نیا آئی فون پاکستان میں کب آیا,URDU,urdu_bm25,13,21417,13.538115501403809,50
phase10b_frozen_dump,H020,نیا آئی فون پاکستان میں کب آیا,URDU,urdu_bm25,14,21735,13.489518165588379,50
phase10b_frozen_dump,H020,نیا آئی فون پاکستان میں کب آیا,URDU,urdu_bm25,15,19204,13.488914489746094,50
phase10b_frozen_dump,H020,نیا آئی فون پاکستان میں کب آیا,URDU,urdu_bm25,16,60176,13.424180030822754,50
phase10b_frozen_dump,H020,نیا آئی فون پاکستان میں کب آیا,URDU,urdu_bm25,17,20278,13.398809432983398,50
phase10b_frozen_dump,H020,نیا آئی فون پاکستان میں کب آیا,URDU,urdu_bm25,18,59588,13.19596004486084,50
phase10b_frozen_dump,H020,نیا آئی فون پاکستان میں کب آیا,URDU,urdu_bm25,19,19984,13.156957626342773,50
phase10b_frozen_dump,H020,نیا آئی فون پاکستان میں کب آیا,URDU,urdu_bm25,20,19913,13.117351531982422,50
phase10b_frozen_dump,H020,نیا آئی فون پاکستان میں کب آیا,URDU,urdu_bm25,21,21050,13.10420036315918,50
phase10b_frozen_dump,H020,نیا آئی فون پاکستان میں کب آیا,URDU,urdu_bm25,22,60175,13.075918197631836,50
phase10b_frozen_dump,H020,نیا آئی فون پاکستان میں کب آیا,URDU,urdu_bm25,23,21495,12.941080093383789,50
phase10b_frozen_dump,H020,نیا آئی فون پاکستان میں کب آیا,URDU,urdu_bm25,24,22223,12.919378280639648,50
phase10b_frozen_dump,H020,نیا آئی فون پاکستان میں کب آیا,URDU,urdu_bm25,25,22768,12.84150218963623,50
phase10b_frozen_dump,H020,نیا آئی فون پاکستان میں کب آیا,URDU,urdu_bm25,26,79456,12.805723190307617,50
phase10b_frozen_dump,H020,نیا آئی فون پاکستان میں کب آیا,URDU,urdu_bm25,27,21655,12.7913179397583,50
phase10b_frozen_dump,H020,نیا آئی فون پاکستان میں کب آیا,URDU,urdu_bm25,28,19887,12.662256240844727,50
phase10b_frozen_dump,H020,نیا آئی فون پاکستان میں کب آیا,URDU,urdu_bm25,29,23858,12.57400894165039,50
phase10b_frozen_dump,H020,نیا آئی فون پاکستان میں کب آیا,URDU,urdu_bm25,30,22014,12.562504768371582,50
phase10b_frozen_dump,H020,نیا آئی فون پاکستان میں کب آیا,URDU,urdu_bm25,31,23062,12.549701690673828,50
phase10b_frozen_dump,H020,نیا آئی فون پاکستان میں کب آیا,URDU,urdu_bm25,32,20212,12.47353744506836,50
phase10b_frozen_dump,H020,نیا آئی فون پاکستان میں کب آیا,URDU,urdu_bm25,33,21013,12.371399879455566,50
phase10b_frozen_dump,H020,نیا آئی فون پاکستان میں کب آیا,URDU,urdu_bm25,34,22135,12.311981201171875,50
phase10b_frozen_dump,H020,نیا آئی فون پاکستان میں کب آیا,URDU,urdu_bm25,35,20774,12.264963150024414,50
phase10b_frozen_dump,H020,نیا آئی فون پاکستان میں کب آیا,URDU,urdu_bm25,36,21349,12.158798217773438,50
phase10b_frozen_dump,H020,نیا آئی فون پاکستان میں کب آیا,URDU,urdu_bm25,37,21651,12.017662048339844,50
phase10b_frozen_dump,H020,نیا آئی فون پاکستان میں کب آیا,URDU,urdu_bm25,38,19295,11.98917007446289,50
phase10b_frozen_dump,H020,نیا آئی فون پاکستان میں کب آیا,URDU,urdu_bm25,39,20128,11.889046669006348,50
phase10b_frozen_dump,H020,نیا آئی فون پاکستان میں کب آیا,URDU,urdu_bm25,40,21653,11.885624885559082,50
phase10b_frozen_dump,H020,نیا آئی فون پاکستان میں کب آیا,URDU,urdu_bm25,41,22182,11.813130378723145,50
phase10b_frozen_dump,H020,نیا آئی فون پاکستان میں کب آیا,URDU,urdu_bm25,42,2020,11.75340747833252,50
phase10b_frozen_dump,H020,نیا آئی فون پاکستان میں کب آیا,URDU,urdu_bm25,43,23751,11.732190132141113,50
phase10b_frozen_dump,H020,نیا آئی فون پاکستان میں کب آیا,URDU,urdu_bm25,44,19356,11.69033432006836,50
phase10b_frozen_dump,H020,نیا آئی فون پاکستان میں کب آیا,URDU,urdu_bm25,45,69650,11.639809608459473,50
phase10b_frozen_dump,H020,نیا آئی فون پاکستان میں کب آیا,URDU,urdu_bm25,46,21733,11.603972434997559,50
phase10b_frozen_dump,H020,نیا آئی فون پاکستان میں کب آیا,URDU,urdu_bm25,47,21768,11.590256690979004,50
phase10b_frozen_dump,H020,نیا آئی فون پاکستان میں کب آیا,URDU,urdu_bm25,48,19613,11.564599990844727,50
phase10b_frozen_dump,H020,نیا آئی فون پاکستان میں کب آیا,URDU,urdu_bm25,49,20553,11.538119316101074,50
phase10b_frozen_dump,H020,نیا آئی فون پاکستان میں کب آیا,URDU,urdu_bm25,50,70026,11.47783088684082,50
phase10b_frozen_dump,H021,آج کراچی میں زیادہ سے زیادہ حرارت,URDU,urdu_bm25,1,79724,14.447859764099121,50
phase10b_frozen_dump,H021,آج کراچی میں زیادہ سے زیادہ حرارت,URDU,urdu_bm25,2,23542,14.411869049072266,50
phase10b_frozen_dump,H021,آج کراچی میں زیادہ سے زیادہ حرارت,URDU,urdu_bm25,3,58863,14.279397964477539,50
phase10b_frozen_dump,H021,آج کراچی میں زیادہ سے زیادہ حرارت,URDU,urdu_bm25,4,21970,14.076338768005371,50
phase10b_frozen_dump,H021,آج کراچی میں زیادہ سے زیادہ حرارت,URDU,urdu_bm25,5,24165,13.715554237365723,50
phase10b_frozen_dump,H021,آج کراچی میں زیادہ سے زیادہ حرارت,URDU,urdu_bm25,6,71792,13.572599411010742,50
phase10b_frozen_dump,H021,آج کراچی میں زیادہ سے زیادہ حرارت,URDU,urdu_bm25,7,24092,13.417409896850586,50
phase10b_frozen_dump,H021,آج کراچی میں زیادہ سے زیادہ حرارت,URDU,urdu_bm25,8,17474,13.330058097839355,50
phase10b_frozen_dump,H021,آج کراچی میں زیادہ سے زیادہ حرارت,URDU,urdu_bm25,9,24630,13.314190864562988,50
phase10b_frozen_dump,H021,آج کراچی میں زیادہ سے زیادہ حرارت,URDU,urdu_bm25,10,20684,13.005353927612305,50
phase10b_frozen_dump,H021,آج کراچی میں زیادہ سے زیادہ حرارت,URDU,urdu_bm25,11,23127,12.964873313903809,50
phase10b_frozen_dump,H021,آج کراچی میں زیادہ سے زیادہ حرارت,URDU,urdu_bm25,12,59993,12.74496078491211,50
phase10b_frozen_dump,H021,آج کراچی میں زیادہ سے زیادہ حرارت,URDU,urdu_bm25,13,79620,12.695609092712402,50
phase10b_frozen_dump,H021,آج کراچی میں زیادہ سے زیادہ حرارت,URDU,urdu_bm25,14,23384,12.603211402893066,50
phase10b_frozen_dump,H021,آج کراچی میں زیادہ سے زیادہ حرارت,URDU,urdu_bm25,15,20661,12.471372604370117,50
phase10b_frozen_dump,H021,آج کراچی میں زیادہ سے زیادہ حرارت,URDU,urdu_bm25,16,59350,12.372589111328125,50
phase10b_frozen_dump,H021,آج کراچی میں زیادہ سے زیادہ حرارت,URDU,urdu_bm25,17,7906,12.368331909179688,50
phase10b_frozen_dump,H021,آج کراچی میں زیادہ سے زیادہ حرارت,URDU,urdu_bm25,18,28171,12.280292510986328,50
phase10b_frozen_dump,H021,آج کراچی میں زیادہ سے زیادہ حرارت,URDU,urdu_bm25,19,17387,12.145520210266113,50
phase10b_frozen_dump,H021,آج کراچی میں زیادہ سے زیادہ حرارت,URDU,urdu_bm25,20,23230,11.8949613571167,50
phase10b_frozen_dump,H021,آج کراچی میں زیادہ سے زیادہ حرارت,URDU,urdu_bm25,21,7994,11.870007514953613,50
phase10b_frozen_dump,H021,آج کراچی میں زیادہ سے زیادہ حرارت,URDU,urdu_bm25,22,39284,11.842930793762207,50
phase10b_frozen_dump,H021,آج کراچی میں زیادہ سے زیادہ حرارت,URDU,urdu_bm25,23,79464,11.822446823120117,50
phase10b_frozen_dump,H021,آج کراچی میں زیادہ سے زیادہ حرارت,URDU,urdu_bm25,24,79540,11.653596878051758,50
phase10b_frozen_dump,H021,آج کراچی میں زیادہ سے زیادہ حرارت,URDU,urdu_bm25,25,59771,11.641864776611328,50
phase10b_frozen_dump,H021,آج کراچی میں زیادہ سے زیادہ حرارت,URDU,urdu_bm25,26,79600,11.55140209197998,50
phase10b_frozen_dump,H021,آج کراچی میں زیادہ سے زیادہ حرارت,URDU,urdu_bm25,27,23821,11.45935344696045,50
phase10b_frozen_dump,H021,آج کراچی میں زیادہ سے زیادہ حرارت,URDU,urdu_bm25,28,23785,11.262259483337402,50
phase10b_frozen_dump,H021,آج کراچی میں زیادہ سے زیادہ حرارت,URDU,urdu_bm25,29,75253,11.251609802246094,50
phase10b_frozen_dump,H021,آج کراچی میں زیادہ سے زیادہ حرارت,URDU,urdu_bm25,30,79070,11.237138748168945,50
phase10b_frozen_dump,H021,آج کراچی میں زیادہ سے زیادہ حرارت,URDU,urdu_bm25,31,59866,11.124102592468262,50
phase10b_frozen_dump,H021,آج کراچی میں زیادہ سے زیادہ حرارت,URDU,urdu_bm25,32,59926,11.10006332397461,50
phase10b_frozen_dump,H021,آج کراچی میں زیادہ سے زیادہ حرارت,URDU,urdu_bm25,33,59699,11.039053916931152,50
phase10b_frozen_dump,H021,آج کراچی میں زیادہ سے زیادہ حرارت,URDU,urdu_bm25,34,14731,10.960875511169434,50
phase10b_frozen_dump,H021,آج کراچی میں زیادہ سے زیادہ حرارت,URDU,urdu_bm25,35,59795,10.959366798400879,50
phase10b_frozen_dump,H021,آج کراچی میں زیادہ سے زیادہ حرارت,URDU,urdu_bm25,36,24562,10.935135841369629,50
phase10b_frozen_dump,H021,آج کراچی میں زیادہ سے زیادہ حرارت,URDU,urdu_bm25,37,76410,10.902335166931152,50
phase10b_frozen_dump,H021,آج کراچی میں زیادہ سے زیادہ حرارت,URDU,urdu_bm25,38,19804,10.901658058166504,50
phase10b_frozen_dump,H021,آج کراچی میں زیادہ سے زیادہ حرارت,URDU,urdu_bm25,39,329,10.89228343963623,50
phase10b_frozen_dump,H021,آج کراچی میں زیادہ سے زیادہ حرارت,URDU,urdu_bm25,40,14933,10.841108322143555,50
phase10b_frozen_dump,H021,آج کراچی میں زیادہ سے زیادہ حرارت,URDU,urdu_bm25,41,14728,10.79458236694336,50
phase10b_frozen_dump,H021,آج کراچی میں زیادہ سے زیادہ حرارت,URDU,urdu_bm25,42,79831,10.759563446044922,50
phase10b_frozen_dump,H021,آج کراچی میں زیادہ سے زیادہ حرارت,URDU,urdu_bm25,43,7844,10.746150970458984,50
phase10b_frozen_dump,H021,آج کراچی میں زیادہ سے زیادہ حرارت,URDU,urdu_bm25,44,59982,10.704802513122559,50
phase10b_frozen_dump,H021,آج کراچی میں زیادہ سے زیادہ حرارت,URDU,urdu_bm25,45,14799,10.68850326538086,50
phase10b_frozen_dump,H021,آج کراچی میں زیادہ سے زیادہ حرارت,URDU,urdu_bm25,46,59315,10.683428764343262,50
phase10b_frozen_dump,H021,آج کراچی میں زیادہ سے زیادہ حرارت,URDU,urdu_bm25,47,35563,10.580045700073242,50
phase10b_frozen_dump,H021,آج کراچی میں زیادہ سے زیادہ حرارت,URDU,urdu_bm25,48,23201,10.531103134155273,50
phase10b_frozen_dump,H021,آج کراچی میں زیادہ سے زیادہ حرارت,URDU,urdu_bm25,49,23257,10.520183563232422,50
phase10b_frozen_dump,H021,آج کراچی میں زیادہ سے زیادہ حرارت,URDU,urdu_bm25,50,23475,10.48440933227539,50
phase10b_frozen_dump,H022,پاکستان کا اگلا کرکٹ میچ کس ملک سے,URDU,urdu_bm25,1,93795,18.326271057128906,50
phase10b_frozen_dump,H022,پاکستان کا اگلا کرکٹ میچ کس ملک سے,URDU,urdu_bm25,2,93792,18.320011138916016,50
phase10b_frozen_dump,H022,پاکستان کا اگلا کرکٹ میچ کس ملک سے,URDU,urdu_bm25,3,87722,16.441635131835938,50
phase10b_frozen_dump,H022,پاکستان کا اگلا کرکٹ میچ کس ملک سے,URDU,urdu_bm25,4,93352,16.429990768432617,50
phase10b_frozen_dump,H022,پاکستان کا اگلا کرکٹ میچ کس ملک سے,URDU,urdu_bm25,5,6592,15.507811546325684,50
phase10b_frozen_dump,H022,پاکستان کا اگلا کرکٹ میچ کس ملک سے,URDU,urdu_bm25,6,53236,15.363801956176758,50
phase10b_frozen_dump,H022,پاکستان کا اگلا کرکٹ میچ کس ملک سے,URDU,urdu_bm25,7,53117,15.337739944458008,50
phase10b_frozen_dump,H022,پاکستان کا اگلا کرکٹ میچ کس ملک سے,URDU,urdu_bm25,8,87239,15.278129577636719,50
phase10b_frozen_dump,H022,پاکستان کا اگلا کرکٹ میچ کس ملک سے,URDU,urdu_bm25,9,42738,15.168478012084961,50
phase10b_frozen_dump,H022,پاکستان کا اگلا کرکٹ میچ کس ملک سے,URDU,urdu_bm25,10,44559,15.161349296569824,50
phase10b_frozen_dump,H022,پاکستان کا اگلا کرکٹ میچ کس ملک سے,URDU,urdu_bm25,11,55370,15.049276351928711,50
phase10b_frozen_dump,H022,پاکستان کا اگلا کرکٹ میچ کس ملک سے,URDU,urdu_bm25,12,32617,14.536442756652832,50
phase10b_frozen_dump,H022,پاکستان کا اگلا کرکٹ میچ کس ملک سے,URDU,urdu_bm25,13,85796,14.447397232055664,50
phase10b_frozen_dump,H022,پاکستان کا اگلا کرکٹ میچ کس ملک سے,URDU,urdu_bm25,14,95726,14.356772422790527,50
phase10b_frozen_dump,H022,پاکستان کا اگلا کرکٹ میچ کس ملک سے,URDU,urdu_bm25,15,57994,14.356328964233398,50
phase10b_frozen_dump,H022,پاکستان کا اگلا کرکٹ میچ کس ملک سے,URDU,urdu_bm25,16,91905,14.325703620910645,50
phase10b_frozen_dump,H022,پاکستان کا اگلا کرکٹ میچ کس ملک سے,URDU,urdu_bm25,17,58798,14.230820655822754,50
phase10b_frozen_dump,H022,پاکستان کا اگلا کرکٹ میچ کس ملک سے,URDU,urdu_bm25,18,82611,14.216972351074219,50
phase10b_frozen_dump,H022,پاکستان کا اگلا کرکٹ میچ کس ملک سے,URDU,urdu_bm25,19,61775,14.166154861450195,50
phase10b_frozen_dump,H022,پاکستان کا اگلا کرکٹ میچ کس ملک سے,URDU,urdu_bm25,20,91037,14.148897171020508,50
phase10b_frozen_dump,H022,پاکستان کا اگلا کرکٹ میچ کس ملک سے,URDU,urdu_bm25,21,53419,14.077849388122559,50
phase10b_frozen_dump,H022,پاکستان کا اگلا کرکٹ میچ کس ملک سے,URDU,urdu_bm25,22,53166,14.041600227355957,50
phase10b_frozen_dump,H022,پاکستان کا اگلا کرکٹ میچ کس ملک سے,URDU,urdu_bm25,23,84139,14.031279563903809,50
phase10b_frozen_dump,H022,پاکستان کا اگلا کرکٹ میچ کس ملک سے,URDU,urdu_bm25,24,106528,14.026859283447266,50
phase10b_frozen_dump,H022,پاکستان کا اگلا کرکٹ میچ کس ملک سے,URDU,urdu_bm25,25,86061,13.973345756530762,50
phase10b_frozen_dump,H022,پاکستان کا اگلا کرکٹ میچ کس ملک سے,URDU,urdu_bm25,26,83058,13.862201690673828,50
phase10b_frozen_dump,H022,پاکستان کا اگلا کرکٹ میچ کس ملک سے,URDU,urdu_bm25,27,34681,13.831048011779785,50
phase10b_frozen_dump,H022,پاکستان کا اگلا کرکٹ میچ کس ملک سے,URDU,urdu_bm25,28,54831,13.776145935058594,50
phase10b_frozen_dump,H022,پاکستان کا اگلا کرکٹ میچ کس ملک سے,URDU,urdu_bm25,29,82784,13.758490562438965,50
phase10b_frozen_dump,H022,پاکستان کا اگلا کرکٹ میچ کس ملک سے,URDU,urdu_bm25,30,82227,13.651598930358887,50
phase10b_frozen_dump,H022,پاکستان کا اگلا کرکٹ میچ کس ملک سے,URDU,urdu_bm25,31,25298,13.629144668579102,50
phase10b_frozen_dump,H022,پاکستان کا اگلا کرکٹ میچ کس ملک سے,URDU,urdu_bm25,32,81438,13.606467247009277,50
phase10b_frozen_dump,H022,پاکستان کا اگلا کرکٹ میچ کس ملک سے,URDU,urdu_bm25,33,37180,13.579577445983887,50
phase10b_frozen_dump,H022,پاکستان کا اگلا کرکٹ میچ کس ملک سے,URDU,urdu_bm25,34,46401,13.553140640258789,50
phase10b_frozen_dump,H022,پاکستان کا اگلا کرکٹ میچ کس ملک سے,URDU,urdu_bm25,35,92164,13.545412063598633,50
phase10b_frozen_dump,H022,پاکستان کا اگلا کرکٹ میچ کس ملک سے,URDU,urdu_bm25,36,82537,13.53603458404541,50
phase10b_frozen_dump,H022,پاکستان کا اگلا کرکٹ میچ کس ملک سے,URDU,urdu_bm25,37,55624,13.53433895111084,50
phase10b_frozen_dump,H022,پاکستان کا اگلا کرکٹ میچ کس ملک سے,URDU,urdu_bm25,38,55172,13.526534080505371,50
phase10b_frozen_dump,H022,پاکستان کا اگلا کرکٹ میچ کس ملک سے,URDU,urdu_bm25,39,81521,13.522435188293457,50
phase10b_frozen_dump,H022,پاکستان کا اگلا کرکٹ میچ کس ملک سے,URDU,urdu_bm25,40,83272,13.231588363647461,50
phase10b_frozen_dump,H022,پاکستان کا اگلا کرکٹ میچ کس ملک سے,URDU,urdu_bm25,41,87483,13.218204498291016,50
phase10b_frozen_dump,H022,پاکستان کا اگلا کرکٹ میچ کس ملک سے,URDU,urdu_bm25,42,83385,13.211448669433594,50
phase10b_frozen_dump,H022,پاکستان کا اگلا کرکٹ میچ کس ملک سے,URDU,urdu_bm25,43,32850,13.181678771972656,50
phase10b_frozen_dump,H022,پاکستان کا اگلا کرکٹ میچ کس ملک سے,URDU,urdu_bm25,44,55169,13.12775993347168,50
phase10b_frozen_dump,H022,پاکستان کا اگلا کرکٹ میچ کس ملک سے,URDU,urdu_bm25,45,38373,13.09060001373291,50
phase10b_frozen_dump,H022,پاکستان کا اگلا کرکٹ میچ کس ملک سے,URDU,urdu_bm25,46,91903,13.076788902282715,50
phase10b_frozen_dump,H022,پاکستان کا اگلا کرکٹ میچ کس ملک سے,URDU,urdu_bm25,47,25439,13.07370662689209,50
phase10b_frozen_dump,H022,پاکستان کا اگلا کرکٹ میچ کس ملک سے,URDU,urdu_bm25,48,36092,13.066568374633789,50
phase10b_frozen_dump,H022,پاکستان کا اگلا کرکٹ میچ کس ملک سے,URDU,urdu_bm25,49,43216,13.045550346374512,50
phase10b_frozen_dump,H022,پاکستان کا اگلا کرکٹ میچ کس ملک سے,URDU,urdu_bm25,50,80706,13.023659706115723,50
phase10b_frozen_dump,H023,پیٹرول کی موجودہ قیمت فی لیٹر پاکستان,URDU,urdu_bm25,1,99,36.57658767700195,50
phase10b_frozen_dump,H023,پیٹرول کی موجودہ قیمت فی لیٹر پاکستان,URDU,urdu_bm25,2,70062,34.903751373291016,50
phase10b_frozen_dump,H023,پیٹرول کی موجودہ قیمت فی لیٹر پاکستان,URDU,urdu_bm25,3,71851,34.80955505371094,50
phase10b_frozen_dump,H023,پیٹرول کی موجودہ قیمت فی لیٹر پاکستان,URDU,urdu_bm25,4,285,33.89238357543945,50
phase10b_frozen_dump,H023,پیٹرول کی موجودہ قیمت فی لیٹر پاکستان,URDU,urdu_bm25,5,76396,33.527896881103516,50
phase10b_frozen_dump,H023,پیٹرول کی موجودہ قیمت فی لیٹر پاکستان,URDU,urdu_bm25,6,134,33.489356994628906,50
phase10b_frozen_dump,H023,پیٹرول کی موجودہ قیمت فی لیٹر پاکستان,URDU,urdu_bm25,7,232,33.27021026611328,50
phase10b_frozen_dump,H023,پیٹرول کی موجودہ قیمت فی لیٹر پاکستان,URDU,urdu_bm25,8,71482,33.03885269165039,50
phase10b_frozen_dump,H023,پیٹرول کی موجودہ قیمت فی لیٹر پاکستان,URDU,urdu_bm25,9,229,32.831703186035156,50
phase10b_frozen_dump,H023,پیٹرول کی موجودہ قیمت فی لیٹر پاکستان,URDU,urdu_bm25,10,173,32.638999938964844,50
phase10b_frozen_dump,H023,پیٹرول کی موجودہ قیمت فی لیٹر پاکستان,URDU,urdu_bm25,11,793,32.53236770629883,50
phase10b_frozen_dump,H023,پیٹرول کی موجودہ قیمت فی لیٹر پاکستان,URDU,urdu_bm25,12,876,31.954620361328125,50
phase10b_frozen_dump,H023,پیٹرول کی موجودہ قیمت فی لیٹر پاکستان,URDU,urdu_bm25,13,1933,31.793123245239258,50
phase10b_frozen_dump,H023,پیٹرول کی موجودہ قیمت فی لیٹر پاکستان,URDU,urdu_bm25,14,71574,31.636856079101562,50
phase10b_frozen_dump,H023,پیٹرول کی موجودہ قیمت فی لیٹر پاکستان,URDU,urdu_bm25,15,70725,31.600522994995117,50
phase10b_frozen_dump,H023,پیٹرول کی موجودہ قیمت فی لیٹر پاکستان,URDU,urdu_bm25,16,70655,31.540264129638672,50
phase10b_frozen_dump,H023,پیٹرول کی موجودہ قیمت فی لیٹر پاکستان,URDU,urdu_bm25,17,70100,31.50551414489746,50
phase10b_frozen_dump,H023,پیٹرول کی موجودہ قیمت فی لیٹر پاکستان,URDU,urdu_bm25,18,1638,31.25628662109375,50
phase10b_frozen_dump,H023,پیٹرول کی موجودہ قیمت فی لیٹر پاکستان,URDU,urdu_bm25,19,70768,31.168109893798828,50
phase10b_frozen_dump,H023,پیٹرول کی موجودہ قیمت فی لیٹر پاکستان,URDU,urdu_bm25,20,63646,31.15858268737793,50
phase10b_frozen_dump,H023,پیٹرول کی موجودہ قیمت فی لیٹر پاکستان,URDU,urdu_bm25,21,78955,31.119611740112305,50
phase10b_frozen_dump,H023,پیٹرول کی موجودہ قیمت فی لیٹر پاکستان,URDU,urdu_bm25,22,1601,31.030696868896484,50
phase10b_frozen_dump,H023,پیٹرول کی موجودہ قیمت فی لیٹر پاکستان,URDU,urdu_bm25,23,111056,31.027372360229492,50
phase10b_frozen_dump,H023,پیٹرول کی موجودہ قیمت فی لیٹر پاکستان,URDU,urdu_bm25,24,76495,30.998790740966797,50
phase10b_frozen_dump,H023,پیٹرول کی موجودہ قیمت فی لیٹر پاکستان,URDU,urdu_bm25,25,78796,30.942649841308594,50
phase10b_frozen_dump,H023,پیٹرول کی موجودہ قیمت فی لیٹر پاکستان,URDU,urdu_bm25,26,64124,30.796567916870117,50
phase10b_frozen_dump,H023,پیٹرول کی موجودہ قیمت فی لیٹر پاکستان,URDU,urdu_bm25,27,2909,30.713539123535156,50
phase10b_frozen_dump,H023,پیٹرول کی موجودہ قیمت فی لیٹر پاکستان,URDU,urdu_bm25,28,2656,30.69586753845215,50
phase10b_frozen_dump,H023,پیٹرول کی موجودہ قیمت فی لیٹر پاکستان,URDU,urdu_bm25,29,110821,30.68596839904785,50
phase10b_frozen_dump,H023,پیٹرول کی موجودہ قیمت فی لیٹر پاکستان,URDU,urdu_bm25,30,71206,30.64311981201172,50
phase10b_frozen_dump,H023,پیٹرول کی موجودہ قیمت فی لیٹر پاکستان,URDU,urdu_bm25,31,71613,30.639089584350586,50
phase10b_frozen_dump,H023,پیٹرول کی موجودہ قیمت فی لیٹر پاکستان,URDU,urdu_bm25,32,71317,30.620702743530273,50
phase10b_frozen_dump,H023,پیٹرول کی موجودہ قیمت فی لیٹر پاکستان,URDU,urdu_bm25,33,39148,30.587682723999023,50
phase10b_frozen_dump,H023,پیٹرول کی موجودہ قیمت فی لیٹر پاکستان,URDU,urdu_bm25,34,70822,30.568389892578125,50
phase10b_frozen_dump,H023,پیٹرول کی موجودہ قیمت فی لیٹر پاکستان,URDU,urdu_bm25,35,61050,30.543622970581055,50
phase10b_frozen_dump,H023,پیٹرول کی موجودہ قیمت فی لیٹر پاکستان,URDU,urdu_bm25,36,71726,30.53533363342285,50
phase10b_frozen_dump,H023,پیٹرول کی موجودہ قیمت فی لیٹر پاکستان,URDU,urdu_bm25,37,71511,30.509353637695312,50
phase10b_frozen_dump,H023,پیٹرول کی موجودہ قیمت فی لیٹر پاکستان,URDU,urdu_bm25,38,71379,30.475120544433594,50
phase10b_frozen_dump,H023,پیٹرول کی موجودہ قیمت فی لیٹر پاکستان,URDU,urdu_bm25,39,63178,30.467906951904297,50
phase10b_frozen_dump,H023,پیٹرول کی موجودہ قیمت فی لیٹر پاکستان,URDU,urdu_bm25,40,61436,30.465503692626953,50
phase10b_frozen_dump,H023,پیٹرول کی موجودہ قیمت فی لیٹر پاکستان,URDU,urdu_bm25,41,2612,30.381908416748047,50
phase10b_frozen_dump,H023,پیٹرول کی موجودہ قیمت فی لیٹر پاکستان,URDU,urdu_bm25,42,70942,30.379722595214844,50
phase10b_frozen_dump,H023,پیٹرول کی موجودہ قیمت فی لیٹر پاکستان,URDU,urdu_bm25,43,70872,30.374969482421875,50
phase10b_frozen_dump,H023,پیٹرول کی موجودہ قیمت فی لیٹر پاکستان,URDU,urdu_bm25,44,2032,30.34316062927246,50
phase10b_frozen_dump,H023,پیٹرول کی موجودہ قیمت فی لیٹر پاکستان,URDU,urdu_bm25,45,78171,30.196895599365234,50
phase10b_frozen_dump,H023,پیٹرول کی موجودہ قیمت فی لیٹر پاکستان,URDU,urdu_bm25,46,1300,30.175090789794922,50
phase10b_frozen_dump,H023,پیٹرول کی موجودہ قیمت فی لیٹر پاکستان,URDU,urdu_bm25,47,70721,30.127544403076172,50
phase10b_frozen_dump,H023,پیٹرول کی موجودہ قیمت فی لیٹر پاکستان,URDU,urdu_bm25,48,74247,30.110990524291992,50
phase10b_frozen_dump,H023,پیٹرول کی موجودہ قیمت فی لیٹر پاکستان,URDU,urdu_bm25,49,78076,30.04302978515625,50
phase10b_frozen_dump,H023,پیٹرول کی موجودہ قیمت فی لیٹر پاکستان,URDU,urdu_bm25,50,70912,30.036619186401367,50
phase10b_frozen_dump,H024,آج سٹاک ایکسچینج کتنے پوائنٹ پر,URDU,urdu_bm25,1,40683,23.312747955322266,50
phase10b_frozen_dump,H024,آج سٹاک ایکسچینج کتنے پوائنٹ پر,URDU,urdu_bm25,2,40950,22.67586898803711,50
phase10b_frozen_dump,H024,آج سٹاک ایکسچینج کتنے پوائنٹ پر,URDU,urdu_bm25,3,39412,22.446168899536133,50
phase10b_frozen_dump,H024,آج سٹاک ایکسچینج کتنے پوائنٹ پر,URDU,urdu_bm25,4,40946,22.392452239990234,50
phase10b_frozen_dump,H024,آج سٹاک ایکسچینج کتنے پوائنٹ پر,URDU,urdu_bm25,5,39437,22.346694946289062,50
phase10b_frozen_dump,H024,آج سٹاک ایکسچینج کتنے پوائنٹ پر,URDU,urdu_bm25,6,39875,20.487735748291016,50
phase10b_frozen_dump,H024,آج سٹاک ایکسچینج کتنے پوائنٹ پر,URDU,urdu_bm25,7,39713,20.407878875732422,50
phase10b_frozen_dump,H024,آج سٹاک ایکسچینج کتنے پوائنٹ پر,URDU,urdu_bm25,8,39771,19.98151206970215,50
phase10b_frozen_dump,H024,آج سٹاک ایکسچینج کتنے پوائنٹ پر,URDU,urdu_bm25,9,39695,19.80988883972168,50
phase10b_frozen_dump,H024,آج سٹاک ایکسچینج کتنے پوائنٹ پر,URDU,urdu_bm25,10,41060,19.39297103881836,50
phase10b_frozen_dump,H024,آج سٹاک ایکسچینج کتنے پوائنٹ پر,URDU,urdu_bm25,11,40074,19.261205673217773,50
phase10b_frozen_dump,H024,آج سٹاک ایکسچینج کتنے پوائنٹ پر,URDU,urdu_bm25,12,39923,18.836267471313477,50
phase10b_frozen_dump,H024,آج سٹاک ایکسچینج کتنے پوائنٹ پر,URDU,urdu_bm25,13,65620,18.58784294128418,50
phase10b_frozen_dump,H024,آج سٹاک ایکسچینج کتنے پوائنٹ پر,URDU,urdu_bm25,14,40046,18.28566551208496,50
phase10b_frozen_dump,H024,آج سٹاک ایکسچینج کتنے پوائنٹ پر,URDU,urdu_bm25,15,40614,18.09859848022461,50
phase10b_frozen_dump,H024,آج سٹاک ایکسچینج کتنے پوائنٹ پر,URDU,urdu_bm25,16,41067,18.086257934570312,50
phase10b_frozen_dump,H024,آج سٹاک ایکسچینج کتنے پوائنٹ پر,URDU,urdu_bm25,17,39376,18.075225830078125,50
phase10b_frozen_dump,H024,آج سٹاک ایکسچینج کتنے پوائنٹ پر,URDU,urdu_bm25,18,40048,18.026609420776367,50
phase10b_frozen_dump,H024,آج سٹاک ایکسچینج کتنے پوائنٹ پر,URDU,urdu_bm25,19,73950,17.947933197021484,50
phase10b_frozen_dump,H024,آج سٹاک ایکسچینج کتنے پوائنٹ پر,URDU,urdu_bm25,20,40174,17.643964767456055,50
phase10b_frozen_dump,H024,آج سٹاک ایکسچینج کتنے پوائنٹ پر,URDU,urdu_bm25,21,40047,17.526195526123047,50
phase10b_frozen_dump,H024,آج سٹاک ایکسچینج کتنے پوائنٹ پر,URDU,urdu_bm25,22,71887,17.440099716186523,50
phase10b_frozen_dump,H024,آج سٹاک ایکسچینج کتنے پوائنٹ پر,URDU,urdu_bm25,23,40976,17.41893768310547,50
phase10b_frozen_dump,H024,آج سٹاک ایکسچینج کتنے پوائنٹ پر,URDU,urdu_bm25,24,39599,17.375715255737305,50
phase10b_frozen_dump,H024,آج سٹاک ایکسچینج کتنے پوائنٹ پر,URDU,urdu_bm25,25,23232,17.286165237426758,50
phase10b_frozen_dump,H024,آج سٹاک ایکسچینج کتنے پوائنٹ پر,URDU,urdu_bm25,26,39939,17.2376708984375,50
phase10b_frozen_dump,H024,آج سٹاک ایکسچینج کتنے پوائنٹ پر,URDU,urdu_bm25,27,39610,17.186344146728516,50
phase10b_frozen_dump,H024,آج سٹاک ایکسچینج کتنے پوائنٹ پر,URDU,urdu_bm25,28,65264,17.12682342529297,50
phase10b_frozen_dump,H024,آج سٹاک ایکسچینج کتنے پوائنٹ پر,URDU,urdu_bm25,29,39878,17.115501403808594,50
phase10b_frozen_dump,H024,آج سٹاک ایکسچینج کتنے پوائنٹ پر,URDU,urdu_bm25,30,40332,17.02928924560547,50
phase10b_frozen_dump,H024,آج سٹاک ایکسچینج کتنے پوائنٹ پر,URDU,urdu_bm25,31,39689,16.889827728271484,50
phase10b_frozen_dump,H024,آج سٹاک ایکسچینج کتنے پوائنٹ پر,URDU,urdu_bm25,32,39914,16.70751190185547,50
phase10b_frozen_dump,H024,آج سٹاک ایکسچینج کتنے پوائنٹ پر,URDU,urdu_bm25,33,39031,16.549776077270508,50
phase10b_frozen_dump,H024,آج سٹاک ایکسچینج کتنے پوائنٹ پر,URDU,urdu_bm25,34,64430,16.476505279541016,50
phase10b_frozen_dump,H024,آج سٹاک ایکسچینج کتنے پوائنٹ پر,URDU,urdu_bm25,35,41043,16.408178329467773,50
phase10b_frozen_dump,H024,آج سٹاک ایکسچینج کتنے پوائنٹ پر,URDU,urdu_bm25,36,64501,16.39020538330078,50
phase10b_frozen_dump,H024,آج سٹاک ایکسچینج کتنے پوائنٹ پر,URDU,urdu_bm25,37,39953,16.12979507446289,50
phase10b_frozen_dump,H024,آج سٹاک ایکسچینج کتنے پوائنٹ پر,URDU,urdu_bm25,38,64326,16.050899505615234,50
phase10b_frozen_dump,H024,آج سٹاک ایکسچینج کتنے پوائنٹ پر,URDU,urdu_bm25,39,40928,15.859756469726562,50
phase10b_frozen_dump,H024,آج سٹاک ایکسچینج کتنے پوائنٹ پر,URDU,urdu_bm25,40,39614,15.859756469726562,50
phase10b_frozen_dump,H024,آج سٹاک ایکسچینج کتنے پوائنٹ پر,URDU,urdu_bm25,41,39701,15.849132537841797,50
phase10b_frozen_dump,H024,آج سٹاک ایکسچینج کتنے پوائنٹ پر,URDU,urdu_bm25,42,39688,15.726212501525879,50
phase10b_frozen_dump,H024,آج سٹاک ایکسچینج کتنے پوائنٹ پر,URDU,urdu_bm25,43,40440,15.6832275390625,50
phase10b_frozen_dump,H024,آج سٹاک ایکسچینج کتنے پوائنٹ پر,URDU,urdu_bm25,44,64457,15.252653121948242,50
phase10b_frozen_dump,H024,آج سٹاک ایکسچینج کتنے پوائنٹ پر,URDU,urdu_bm25,45,39800,15.229314804077148,50
phase10b_frozen_dump,H024,آج سٹاک ایکسچینج کتنے پوائنٹ پر,URDU,urdu_bm25,46,39890,15.208008766174316,50
phase10b_frozen_dump,H024,آج سٹاک ایکسچینج کتنے پوائنٹ پر,URDU,urdu_bm25,47,39622,15.18018913269043,50
phase10b_frozen_dump,H024,آج سٹاک ایکسچینج کتنے پوائنٹ پر,URDU,urdu_bm25,48,40705,15.130796432495117,50
phase10b_frozen_dump,H024,آج سٹاک ایکسچینج کتنے پوائنٹ پر,URDU,urdu_bm25,49,39949,15.075896263122559,50
phase10b_frozen_dump,H024,آج سٹاک ایکسچینج کتنے پوائنٹ پر,URDU,urdu_bm25,50,40120,14.97960376739502,50
phase10b_frozen_dump,H025,aaj lahore ka temperature kya hai,ROMAN,roman_bm25_method_D,1,42603,14.064212799072266,50
phase10b_frozen_dump,H025,aaj lahore ka temperature kya hai,ROMAN,roman_bm25_method_D,2,58393,12.196836471557617,50
phase10b_frozen_dump,H025,aaj lahore ka temperature kya hai,ROMAN,roman_bm25_method_D,3,41965,5.404314041137695,50
phase10b_frozen_dump,H025,aaj lahore ka temperature kya hai,ROMAN,roman_bm25_method_D,4,46429,5.38387393951416,50
phase10b_frozen_dump,H025,aaj lahore ka temperature kya hai,ROMAN,roman_bm25_method_D,5,87848,5.376965522766113,50
phase10b_frozen_dump,H025,aaj lahore ka temperature kya hai,ROMAN,roman_bm25_method_D,6,87826,5.34855842590332,50
phase10b_frozen_dump,H025,aaj lahore ka temperature kya hai,ROMAN,roman_bm25_method_D,7,88314,5.318749904632568,50
phase10b_frozen_dump,H025,aaj lahore ka temperature kya hai,ROMAN,roman_bm25_method_D,8,86565,5.317279815673828,50
phase10b_frozen_dump,H025,aaj lahore ka temperature kya hai,ROMAN,roman_bm25_method_D,9,41801,5.307164192199707,50
phase10b_frozen_dump,H025,aaj lahore ka temperature kya hai,ROMAN,roman_bm25_method_D,10,41802,5.276505947113037,50
phase10b_frozen_dump,H025,aaj lahore ka temperature kya hai,ROMAN,roman_bm25_method_D,11,55612,5.263782024383545,50
phase10b_frozen_dump,H025,aaj lahore ka temperature kya hai,ROMAN,roman_bm25_method_D,12,44298,5.2524285316467285,50
phase10b_frozen_dump,H025,aaj lahore ka temperature kya hai,ROMAN,roman_bm25_method_D,13,89360,5.247365951538086,50
phase10b_frozen_dump,H025,aaj lahore ka temperature kya hai,ROMAN,roman_bm25_method_D,14,85284,5.246378421783447,50
phase10b_frozen_dump,H025,aaj lahore ka temperature kya hai,ROMAN,roman_bm25_method_D,15,12530,5.238953590393066,50
phase10b_frozen_dump,H025,aaj lahore ka temperature kya hai,ROMAN,roman_bm25_method_D,16,45212,5.231976509094238,50
phase10b_frozen_dump,H025,aaj lahore ka temperature kya hai,ROMAN,roman_bm25_method_D,17,85293,5.227956295013428,50
phase10b_frozen_dump,H025,aaj lahore ka temperature kya hai,ROMAN,roman_bm25_method_D,18,88403,5.222770690917969,50
phase10b_frozen_dump,H025,aaj lahore ka temperature kya hai,ROMAN,roman_bm25_method_D,19,41756,5.216063022613525,50
phase10b_frozen_dump,H025,aaj lahore ka temperature kya hai,ROMAN,roman_bm25_method_D,20,75327,5.2124924659729,50
phase10b_frozen_dump,H025,aaj lahore ka temperature kya hai,ROMAN,roman_bm25_method_D,21,40107,5.209782600402832,50
phase10b_frozen_dump,H025,aaj lahore ka temperature kya hai,ROMAN,roman_bm25_method_D,22,45208,5.205774784088135,50
phase10b_frozen_dump,H025,aaj lahore ka temperature kya hai,ROMAN,roman_bm25_method_D,23,28204,5.189712047576904,50
phase10b_frozen_dump,H025,aaj lahore ka temperature kya hai,ROMAN,roman_bm25_method_D,24,54361,5.181663990020752,50
phase10b_frozen_dump,H025,aaj lahore ka temperature kya hai,ROMAN,roman_bm25_method_D,25,87466,5.1802167892456055,50
phase10b_frozen_dump,H025,aaj lahore ka temperature kya hai,ROMAN,roman_bm25_method_D,26,62819,5.1679816246032715,50
phase10b_frozen_dump,H025,aaj lahore ka temperature kya hai,ROMAN,roman_bm25_method_D,27,87728,5.163449764251709,50
phase10b_frozen_dump,H025,aaj lahore ka temperature kya hai,ROMAN,roman_bm25_method_D,28,87720,5.161632537841797,50
phase10b_frozen_dump,H025,aaj lahore ka temperature kya hai,ROMAN,roman_bm25_method_D,29,61229,5.160860061645508,50
phase10b_frozen_dump,H025,aaj lahore ka temperature kya hai,ROMAN,roman_bm25_method_D,30,41800,5.159639835357666,50
phase10b_frozen_dump,H025,aaj lahore ka temperature kya hai,ROMAN,roman_bm25_method_D,31,81345,5.158892631530762,50
phase10b_frozen_dump,H025,aaj lahore ka temperature kya hai,ROMAN,roman_bm25_method_D,32,45650,5.149693012237549,50
phase10b_frozen_dump,H025,aaj lahore ka temperature kya hai,ROMAN,roman_bm25_method_D,33,87752,5.149624824523926,50
phase10b_frozen_dump,H025,aaj lahore ka temperature kya hai,ROMAN,roman_bm25_method_D,34,41760,5.147036075592041,50
phase10b_frozen_dump,H025,aaj lahore ka temperature kya hai,ROMAN,roman_bm25_method_D,35,89589,5.144896030426025,50
phase10b_frozen_dump,H025,aaj lahore ka temperature kya hai,ROMAN,roman_bm25_method_D,36,54152,5.144697189331055,50
phase10b_frozen_dump,H025,aaj lahore ka temperature kya hai,ROMAN,roman_bm25_method_D,37,52302,5.141332149505615,50
phase10b_frozen_dump,H025,aaj lahore ka temperature kya hai,ROMAN,roman_bm25_method_D,38,61393,5.140642166137695,50
phase10b_frozen_dump,H025,aaj lahore ka temperature kya hai,ROMAN,roman_bm25_method_D,39,87564,5.134487628936768,50
phase10b_frozen_dump,H025,aaj lahore ka temperature kya hai,ROMAN,roman_bm25_method_D,40,84758,5.133642196655273,50
phase10b_frozen_dump,H025,aaj lahore ka temperature kya hai,ROMAN,roman_bm25_method_D,41,50086,5.1298828125,50
phase10b_frozen_dump,H025,aaj lahore ka temperature kya hai,ROMAN,roman_bm25_method_D,42,64505,5.127208232879639,50
phase10b_frozen_dump,H025,aaj lahore ka temperature kya hai,ROMAN,roman_bm25_method_D,43,52224,5.125784873962402,50
phase10b_frozen_dump,H025,aaj lahore ka temperature kya hai,ROMAN,roman_bm25_method_D,44,87940,5.117551803588867,50
phase10b_frozen_dump,H025,aaj lahore ka temperature kya hai,ROMAN,roman_bm25_method_D,45,86841,5.114556789398193,50
phase10b_frozen_dump,H025,aaj lahore ka temperature kya hai,ROMAN,roman_bm25_method_D,46,86668,5.110623836517334,50
phase10b_frozen_dump,H025,aaj lahore ka temperature kya hai,ROMAN,roman_bm25_method_D,47,68159,5.10768985748291,50
phase10b_frozen_dump,H025,aaj lahore ka temperature kya hai,ROMAN,roman_bm25_method_D,48,3718,5.107479095458984,50
phase10b_frozen_dump,H025,aaj lahore ka temperature kya hai,ROMAN,roman_bm25_method_D,49,30297,5.101663112640381,50
phase10b_frozen_dump,H025,aaj lahore ka temperature kya hai,ROMAN,roman_bm25_method_D,50,66907,5.098023414611816,50
phase10b_frozen_dump,H026,sone ki tola qeemat aaj kitni hai,ROMAN,roman_bm25_method_D,1,63323,16.286821365356445,50
phase10b_frozen_dump,H026,sone ki tola qeemat aaj kitni hai,ROMAN,roman_bm25_method_D,2,96843,15.682706832885742,50
phase10b_frozen_dump,H026,sone ki tola qeemat aaj kitni hai,ROMAN,roman_bm25_method_D,3,42603,13.92173957824707,50
phase10b_frozen_dump,H026,sone ki tola qeemat aaj kitni hai,ROMAN,roman_bm25_method_D,4,1998,13.310396194458008,50
phase10b_frozen_dump,H026,sone ki tola qeemat aaj kitni hai,ROMAN,roman_bm25_method_D,5,58393,12.093287467956543,50
phase10b_frozen_dump,H026,sone ki tola qeemat aaj kitni hai,ROMAN,roman_bm25_method_D,6,42287,11.944007873535156,50
phase10b_frozen_dump,H026,sone ki tola qeemat aaj kitni hai,ROMAN,roman_bm25_method_D,7,69584,11.869058609008789,50
phase10b_frozen_dump,H026,sone ki tola qeemat aaj kitni hai,ROMAN,roman_bm25_method_D,8,83453,10.698456764221191,50
phase10b_frozen_dump,H026,sone ki tola qeemat aaj kitni hai,ROMAN,roman_bm25_method_D,9,71277,9.645215034484863,50
phase10b_frozen_dump,H026,sone ki tola qeemat aaj kitni hai,ROMAN,roman_bm25_method_D,10,78757,9.615776062011719,50
phase10b_frozen_dump,H026,sone ki tola qeemat aaj kitni hai,ROMAN,roman_bm25_method_D,11,109592,9.599597930908203,50
phase10b_frozen_dump,H026,sone ki tola qeemat aaj kitni hai,ROMAN,roman_bm25_method_D,12,111783,9.596697807312012,50
phase10b_frozen_dump,H026,sone ki tola qeemat aaj kitni hai,ROMAN,roman_bm25_method_D,13,110737,9.58896541595459,50
phase10b_frozen_dump,H026,sone ki tola qeemat aaj kitni hai,ROMAN,roman_bm25_method_D,14,72799,9.584701538085938,50
phase10b_frozen_dump,H026,sone ki tola qeemat aaj kitni hai,ROMAN,roman_bm25_method_D,15,3457,9.575519561767578,50
phase10b_frozen_dump,H026,sone ki tola qeemat aaj kitni hai,ROMAN,roman_bm25_method_D,16,199,9.566118240356445,50
phase10b_frozen_dump,H026,sone ki tola qeemat aaj kitni hai,ROMAN,roman_bm25_method_D,17,64668,9.561445236206055,50
phase10b_frozen_dump,H026,sone ki tola qeemat aaj kitni hai,ROMAN,roman_bm25_method_D,18,78666,9.536497116088867,50
phase10b_frozen_dump,H026,sone ki tola qeemat aaj kitni hai,ROMAN,roman_bm25_method_D,19,65152,9.531609535217285,50
phase10b_frozen_dump,H026,sone ki tola qeemat aaj kitni hai,ROMAN,roman_bm25_method_D,20,76959,9.525649070739746,50
phase10b_frozen_dump,H026,sone ki tola qeemat aaj kitni hai,ROMAN,roman_bm25_method_D,21,76977,9.51228141784668,50
phase10b_frozen_dump,H026,sone ki tola qeemat aaj kitni hai,ROMAN,roman_bm25_method_D,22,70124,9.510416030883789,50
phase10b_frozen_dump,H026,sone ki tola qeemat aaj kitni hai,ROMAN,roman_bm25_method_D,23,72736,9.505632400512695,50
phase10b_frozen_dump,H026,sone ki tola qeemat aaj kitni hai,ROMAN,roman_bm25_method_D,24,64822,9.49954891204834,50
phase10b_frozen_dump,H026,sone ki tola qeemat aaj kitni hai,ROMAN,roman_bm25_method_D,25,18131,9.489563941955566,50
phase10b_frozen_dump,H026,sone ki tola qeemat aaj kitni hai,ROMAN,roman_bm25_method_D,26,70359,9.473685264587402,50
phase10b_frozen_dump,H026,sone ki tola qeemat aaj kitni hai,ROMAN,roman_bm25_method_D,27,4735,9.468900680541992,50
phase10b_frozen_dump,H026,sone ki tola qeemat aaj kitni hai,ROMAN,roman_bm25_method_D,28,74507,9.465417861938477,50
phase10b_frozen_dump,H026,sone ki tola qeemat aaj kitni hai,ROMAN,roman_bm25_method_D,29,77185,9.463590621948242,50
phase10b_frozen_dump,H026,sone ki tola qeemat aaj kitni hai,ROMAN,roman_bm25_method_D,30,78671,9.462857246398926,50
phase10b_frozen_dump,H026,sone ki tola qeemat aaj kitni hai,ROMAN,roman_bm25_method_D,31,110814,9.462779998779297,50
phase10b_frozen_dump,H026,sone ki tola qeemat aaj kitni hai,ROMAN,roman_bm25_method_D,32,110499,9.461227416992188,50
phase10b_frozen_dump,H026,sone ki tola qeemat aaj kitni hai,ROMAN,roman_bm25_method_D,33,111664,9.445911407470703,50
phase10b_frozen_dump,H026,sone ki tola qeemat aaj kitni hai,ROMAN,roman_bm25_method_D,34,3438,9.444972038269043,50
phase10b_frozen_dump,H026,sone ki tola qeemat aaj kitni hai,ROMAN,roman_bm25_method_D,35,62779,9.44089412689209,50
phase10b_frozen_dump,H026,sone ki tola qeemat aaj kitni hai,ROMAN,roman_bm25_method_D,36,61593,9.432202339172363,50
phase10b_frozen_dump,H026,sone ki tola qeemat aaj kitni hai,ROMAN,roman_bm25_method_D,37,62647,9.429786682128906,50
phase10b_frozen_dump,H026,sone ki tola qeemat aaj kitni hai,ROMAN,roman_bm25_method_D,38,30,9.426399230957031,50
phase10b_frozen_dump,H026,sone ki tola qeemat aaj kitni hai,ROMAN,roman_bm25_method_D,39,61411,9.4178466796875,50
phase10b_frozen_dump,H026,sone ki tola qeemat aaj kitni hai,ROMAN,roman_bm25_method_D,40,110496,9.412534713745117,50
phase10b_frozen_dump,H026,sone ki tola qeemat aaj kitni hai,ROMAN,roman_bm25_method_D,41,110548,9.394935607910156,50
phase10b_frozen_dump,H026,sone ki tola qeemat aaj kitni hai,ROMAN,roman_bm25_method_D,42,110057,9.392045021057129,50
phase10b_frozen_dump,H026,sone ki tola qeemat aaj kitni hai,ROMAN,roman_bm25_method_D,43,70618,9.39079475402832,50
phase10b_frozen_dump,H026,sone ki tola qeemat aaj kitni hai,ROMAN,roman_bm25_method_D,44,71038,9.388642311096191,50
phase10b_frozen_dump,H026,sone ki tola qeemat aaj kitni hai,ROMAN,roman_bm25_method_D,45,111032,9.387129783630371,50
phase10b_frozen_dump,H026,sone ki tola qeemat aaj kitni hai,ROMAN,roman_bm25_method_D,46,73235,9.386935234069824,50
phase10b_frozen_dump,H026,sone ki tola qeemat aaj kitni hai,ROMAN,roman_bm25_method_D,47,78932,9.383079528808594,50
phase10b_frozen_dump,H026,sone ki tola qeemat aaj kitni hai,ROMAN,roman_bm25_method_D,48,70922,9.382503509521484,50
phase10b_frozen_dump,H026,sone ki tola qeemat aaj kitni hai,ROMAN,roman_bm25_method_D,49,76967,9.379623413085938,50
phase10b_frozen_dump,H026,sone ki tola qeemat aaj kitni hai,ROMAN,roman_bm25_method_D,50,70349,9.375057220458984,50
phase10b_frozen_dump,H027,Asia cup final kab khela jayega,ROMAN,roman_bm25_method_D,1,18668,19.96223258972168,8
phase10b_frozen_dump,H027,Asia cup final kab khela jayega,ROMAN,roman_bm25_method_D,2,3752,11.06790828704834,8
phase10b_frozen_dump,H027,Asia cup final kab khela jayega,ROMAN,roman_bm25_method_D,3,11323,9.770524978637695,8
phase10b_frozen_dump,H027,Asia cup final kab khela jayega,ROMAN,roman_bm25_method_D,4,6699,6.6526007652282715,8
phase10b_frozen_dump,H027,Asia cup final kab khela jayega,ROMAN,roman_bm25_method_D,5,6010,5.628859996795654,8
phase10b_frozen_dump,H027,Asia cup final kab khela jayega,ROMAN,roman_bm25_method_D,6,6670,4.914365768432617,8
phase10b_frozen_dump,H027,Asia cup final kab khela jayega,ROMAN,roman_bm25_method_D,7,4614,4.723588466644287,8
phase10b_frozen_dump,H027,Asia cup final kab khela jayega,ROMAN,roman_bm25_method_D,8,18292,4.621079444885254,8
phase10b_frozen_dump,H028,naya iphone pakistan mein kab aaya,ROMAN,roman_bm25_method_D,1,18668,19.9918155670166,50
phase10b_frozen_dump,H028,naya iphone pakistan mein kab aaya,ROMAN,roman_bm25_method_D,2,6967,7.656951427459717,50
phase10b_frozen_dump,H028,naya iphone pakistan mein kab aaya,ROMAN,roman_bm25_method_D,3,40448,7.205735206604004,50
phase10b_frozen_dump,H028,naya iphone pakistan mein kab aaya,ROMAN,roman_bm25_method_D,4,70026,7.192680835723877,50
phase10b_frozen_dump,H028,naya iphone pakistan mein kab aaya,ROMAN,roman_bm25_method_D,5,111809,7.167491912841797,50
phase10b_frozen_dump,H028,naya iphone pakistan mein kab aaya,ROMAN,roman_bm25_method_D,6,60175,7.075457572937012,50
phase10b_frozen_dump,H028,naya iphone pakistan mein kab aaya,ROMAN,roman_bm25_method_D,7,90741,7.047635555267334,50
phase10b_frozen_dump,H028,naya iphone pakistan mein kab aaya,ROMAN,roman_bm25_method_D,8,90880,7.032984733581543,50
phase10b_frozen_dump,H028,naya iphone pakistan mein kab aaya,ROMAN,roman_bm25_method_D,9,183,7.019248962402344,50
phase10b_frozen_dump,H028,naya iphone pakistan mein kab aaya,ROMAN,roman_bm25_method_D,10,111183,6.927277565002441,50
phase10b_frozen_dump,H028,naya iphone pakistan mein kab aaya,ROMAN,roman_bm25_method_D,11,28889,6.912580490112305,50
phase10b_frozen_dump,H028,naya iphone pakistan mein kab aaya,ROMAN,roman_bm25_method_D,12,26458,6.881764888763428,50
phase10b_frozen_dump,H028,naya iphone pakistan mein kab aaya,ROMAN,roman_bm25_method_D,13,76928,6.814903259277344,50
phase10b_frozen_dump,H028,naya iphone pakistan mein kab aaya,ROMAN,roman_bm25_method_D,14,66770,6.81263542175293,50
phase10b_frozen_dump,H028,naya iphone pakistan mein kab aaya,ROMAN,roman_bm25_method_D,15,100544,6.790430545806885,50
phase10b_frozen_dump,H028,naya iphone pakistan mein kab aaya,ROMAN,roman_bm25_method_D,16,40737,6.713190078735352,50
phase10b_frozen_dump,H028,naya iphone pakistan mein kab aaya,ROMAN,roman_bm25_method_D,17,83112,6.709003448486328,50
phase10b_frozen_dump,H028,naya iphone pakistan mein kab aaya,ROMAN,roman_bm25_method_D,18,80596,6.703949451446533,50
phase10b_frozen_dump,H028,naya iphone pakistan mein kab aaya,ROMAN,roman_bm25_method_D,19,51872,6.699135780334473,50
phase10b_frozen_dump,H028,naya iphone pakistan mein kab aaya,ROMAN,roman_bm25_method_D,20,42531,6.69706916809082,50
phase10b_frozen_dump,H028,naya iphone pakistan mein kab aaya,ROMAN,roman_bm25_method_D,21,38375,6.694402694702148,50
phase10b_frozen_dump,H028,naya iphone pakistan mein kab aaya,ROMAN,roman_bm25_method_D,22,78986,6.68613338470459,50
phase10b_frozen_dump,H028,naya iphone pakistan mein kab aaya,ROMAN,roman_bm25_method_D,23,71433,6.671038627624512,50
phase10b_frozen_dump,H028,naya iphone pakistan mein kab aaya,ROMAN,roman_bm25_method_D,24,33859,6.663715839385986,50
phase10b_frozen_dump,H028,naya iphone pakistan mein kab aaya,ROMAN,roman_bm25_method_D,25,110053,6.655717849731445,50
phase10b_frozen_dump,H028,naya iphone pakistan mein kab aaya,ROMAN,roman_bm25_method_D,26,106859,6.63055944442749,50
phase10b_frozen_dump,H028,naya iphone pakistan mein kab aaya,ROMAN,roman_bm25_method_D,27,27014,6.609620571136475,50
phase10b_frozen_dump,H028,naya iphone pakistan mein kab aaya,ROMAN,roman_bm25_method_D,28,111420,6.602195739746094,50
phase10b_frozen_dump,H028,naya iphone pakistan mein kab aaya,ROMAN,roman_bm25_method_D,29,29910,6.595348358154297,50
phase10b_frozen_dump,H028,naya iphone pakistan mein kab aaya,ROMAN,roman_bm25_method_D,30,75703,6.579089641571045,50
phase10b_frozen_dump,H028,naya iphone pakistan mein kab aaya,ROMAN,roman_bm25_method_D,31,6677,6.551543235778809,50
phase10b_frozen_dump,H028,naya iphone pakistan mein kab aaya,ROMAN,roman_bm25_method_D,32,89570,6.549237251281738,50
phase10b_frozen_dump,H028,naya iphone pakistan mein kab aaya,ROMAN,roman_bm25_method_D,33,65274,6.540752410888672,50
phase10b_frozen_dump,H028,naya iphone pakistan mein kab aaya,ROMAN,roman_bm25_method_D,34,87889,6.530877590179443,50
phase10b_frozen_dump,H028,naya iphone pakistan mein kab aaya,ROMAN,roman_bm25_method_D,35,27197,6.508933067321777,50
phase10b_frozen_dump,H028,naya iphone pakistan mein kab aaya,ROMAN,roman_bm25_method_D,36,38508,6.493300437927246,50
phase10b_frozen_dump,H028,naya iphone pakistan mein kab aaya,ROMAN,roman_bm25_method_D,37,2945,6.490098476409912,50
phase10b_frozen_dump,H028,naya iphone pakistan mein kab aaya,ROMAN,roman_bm25_method_D,38,53597,6.487009525299072,50
phase10b_frozen_dump,H028,naya iphone pakistan mein kab aaya,ROMAN,roman_bm25_method_D,39,68248,6.463863849639893,50
phase10b_frozen_dump,H028,naya iphone pakistan mein kab aaya,ROMAN,roman_bm25_method_D,40,66631,6.44525146484375,50
phase10b_frozen_dump,H028,naya iphone pakistan mein kab aaya,ROMAN,roman_bm25_method_D,41,72875,6.425648212432861,50
phase10b_frozen_dump,H028,naya iphone pakistan mein kab aaya,ROMAN,roman_bm25_method_D,42,30348,6.41861629486084,50
phase10b_frozen_dump,H028,naya iphone pakistan mein kab aaya,ROMAN,roman_bm25_method_D,43,26926,6.414602279663086,50
phase10b_frozen_dump,H028,naya iphone pakistan mein kab aaya,ROMAN,roman_bm25_method_D,44,86377,6.366277694702148,50
phase10b_frozen_dump,H028,naya iphone pakistan mein kab aaya,ROMAN,roman_bm25_method_D,45,44782,6.341923236846924,50
phase10b_frozen_dump,H028,naya iphone pakistan mein kab aaya,ROMAN,roman_bm25_method_D,46,27158,6.338279724121094,50
phase10b_frozen_dump,H028,naya iphone pakistan mein kab aaya,ROMAN,roman_bm25_method_D,47,34461,6.332709312438965,50
phase10b_frozen_dump,H028,naya iphone pakistan mein kab aaya,ROMAN,roman_bm25_method_D,48,97028,6.331313610076904,50
phase10b_frozen_dump,H028,naya iphone pakistan mein kab aaya,ROMAN,roman_bm25_method_D,49,78748,6.3123459815979,50
phase10b_frozen_dump,H028,naya iphone pakistan mein kab aaya,ROMAN,roman_bm25_method_D,50,11110,6.287776470184326,50
phase10b_frozen_dump,H029,aaj karachi max temperature kitna raha,ROMAN,roman_bm25_method_D,1,42603,13.92173957824707,50
phase10b_frozen_dump,H029,aaj karachi max temperature kitna raha,ROMAN,roman_bm25_method_D,2,58393,11.69221305847168,50
phase10b_frozen_dump,H029,aaj karachi max temperature kitna raha,ROMAN,roman_bm25_method_D,3,74776,7.392276287078857,50
phase10b_frozen_dump,H029,aaj karachi max temperature kitna raha,ROMAN,roman_bm25_method_D,4,72249,7.31070613861084,50
phase10b_frozen_dump,H029,aaj karachi max temperature kitna raha,ROMAN,roman_bm25_method_D,5,41756,7.295552730560303,50
phase10b_frozen_dump,H029,aaj karachi max temperature kitna raha,ROMAN,roman_bm25_method_D,6,74339,7.253100395202637,50
phase10b_frozen_dump,H029,aaj karachi max temperature kitna raha,ROMAN,roman_bm25_method_D,7,76410,7.232953071594238,50
phase10b_frozen_dump,H029,aaj karachi max temperature kitna raha,ROMAN,roman_bm25_method_D,8,77154,7.124889373779297,50
phase10b_frozen_dump,H029,aaj karachi max temperature kitna raha,ROMAN,roman_bm25_method_D,9,106565,7.095534324645996,50
phase10b_frozen_dump,H029,aaj karachi max temperature kitna raha,ROMAN,roman_bm25_method_D,10,101110,7.078702926635742,50
phase10b_frozen_dump,H029,aaj karachi max temperature kitna raha,ROMAN,roman_bm25_method_D,11,40718,7.078702926635742,50
phase10b_frozen_dump,H029,aaj karachi max temperature kitna raha,ROMAN,roman_bm25_method_D,12,52580,7.07843017578125,50
phase10b_frozen_dump,H029,aaj karachi max temperature kitna raha,ROMAN,roman_bm25_method_D,13,86322,7.07198429107666,50
phase10b_frozen_dump,H029,aaj karachi max temperature kitna raha,ROMAN,roman_bm25_method_D,14,39301,7.067461013793945,50
phase10b_frozen_dump,H029,aaj karachi max temperature kitna raha,ROMAN,roman_bm25_method_D,15,25263,7.053215503692627,50
phase10b_frozen_dump,H029,aaj karachi max temperature kitna raha,ROMAN,roman_bm25_method_D,16,110974,7.052176475524902,50
phase10b_frozen_dump,H029,aaj karachi max temperature kitna raha,ROMAN,roman_bm25_method_D,17,76688,7.049028396606445,50
phase10b_frozen_dump,H029,aaj karachi max temperature kitna raha,ROMAN,roman_bm25_method_D,18,92865,7.044800281524658,50
phase10b_frozen_dump,H029,aaj karachi max temperature kitna raha,ROMAN,roman_bm25_method_D,19,72243,7.033598899841309,50
phase10b_frozen_dump,H029,aaj karachi max temperature kitna raha,ROMAN,roman_bm25_method_D,20,39628,7.008220672607422,50
phase10b_frozen_dump,H029,aaj karachi max temperature kitna raha,ROMAN,roman_bm25_method_D,21,76268,7.006031513214111,50
phase10b_frozen_dump,H029,aaj karachi max temperature kitna raha,ROMAN,roman_bm25_method_D,22,77665,7.003081321716309,50
phase10b_frozen_dump,H029,aaj karachi max temperature kitna raha,ROMAN,roman_bm25_method_D,23,86658,6.988518714904785,50
phase10b_frozen_dump,H029,aaj karachi max temperature kitna raha,ROMAN,roman_bm25_method_D,24,40107,6.9593682289123535,50
phase10b_frozen_dump,H029,aaj karachi max temperature kitna raha,ROMAN,roman_bm25_method_D,25,73196,6.944631576538086,50
phase10b_frozen_dump,H029,aaj karachi max temperature kitna raha,ROMAN,roman_bm25_method_D,26,75317,6.933381080627441,50
phase10b_frozen_dump,H029,aaj karachi max temperature kitna raha,ROMAN,roman_bm25_method_D,27,17451,6.9209747314453125,50
phase10b_frozen_dump,H029,aaj karachi max temperature kitna raha,ROMAN,roman_bm25_method_D,28,77137,6.90821647644043,50
phase10b_frozen_dump,H029,aaj karachi max temperature kitna raha,ROMAN,roman_bm25_method_D,29,17230,6.886967658996582,50
phase10b_frozen_dump,H029,aaj karachi max temperature kitna raha,ROMAN,roman_bm25_method_D,30,86684,6.883182525634766,50
phase10b_frozen_dump,H029,aaj karachi max temperature kitna raha,ROMAN,roman_bm25_method_D,31,18314,6.873795986175537,50
phase10b_frozen_dump,H029,aaj karachi max temperature kitna raha,ROMAN,roman_bm25_method_D,32,39939,6.87133264541626,50
phase10b_frozen_dump,H029,aaj karachi max temperature kitna raha,ROMAN,roman_bm25_method_D,33,76755,6.863949775695801,50
phase10b_frozen_dump,H029,aaj karachi max temperature kitna raha,ROMAN,roman_bm25_method_D,34,70122,6.86361026763916,50
phase10b_frozen_dump,H029,aaj karachi max temperature kitna raha,ROMAN,roman_bm25_method_D,35,42883,6.858591079711914,50
phase10b_frozen_dump,H029,aaj karachi max temperature kitna raha,ROMAN,roman_bm25_method_D,36,16163,6.854374885559082,50
phase10b_frozen_dump,H029,aaj karachi max temperature kitna raha,ROMAN,roman_bm25_method_D,37,71953,6.843599319458008,50
phase10b_frozen_dump,H029,aaj karachi max temperature kitna raha,ROMAN,roman_bm25_method_D,38,65123,6.843044757843018,50
phase10b_frozen_dump,H029,aaj karachi max temperature kitna raha,ROMAN,roman_bm25_method_D,39,51814,6.826852798461914,50
phase10b_frozen_dump,H029,aaj karachi max temperature kitna raha,ROMAN,roman_bm25_method_D,40,52349,6.81717586517334,50
phase10b_frozen_dump,H029,aaj karachi max temperature kitna raha,ROMAN,roman_bm25_method_D,41,62508,6.809360504150391,50
phase10b_frozen_dump,H029,aaj karachi max temperature kitna raha,ROMAN,roman_bm25_method_D,42,43881,6.802145957946777,50
phase10b_frozen_dump,H029,aaj karachi max temperature kitna raha,ROMAN,roman_bm25_method_D,43,72282,6.798910140991211,50
phase10b_frozen_dump,H029,aaj karachi max temperature kitna raha,ROMAN,roman_bm25_method_D,44,77091,6.790820598602295,50
phase10b_frozen_dump,H029,aaj karachi max temperature kitna raha,ROMAN,roman_bm25_method_D,45,17155,6.785186767578125,50
phase10b_frozen_dump,H029,aaj karachi max temperature kitna raha,ROMAN,roman_bm25_method_D,46,75041,6.7748236656188965,50
phase10b_frozen_dump,H029,aaj karachi max temperature kitna raha,ROMAN,roman_bm25_method_D,47,78672,6.7748236656188965,50
phase10b_frozen_dump,H029,aaj karachi max temperature kitna raha,ROMAN,roman_bm25_method_D,48,85957,6.762479305267334,50
phase10b_frozen_dump,H029,aaj karachi max temperature kitna raha,ROMAN,roman_bm25_method_D,49,69609,6.751203536987305,50
phase10b_frozen_dump,H029,aaj karachi max temperature kitna raha,ROMAN,roman_bm25_method_D,50,96061,6.741381645202637,50
phase10b_frozen_dump,H030,pakistan agla cricket match kis mulk se,ROMAN,roman_bm25_method_D,1,87722,16.315486907958984,50
phase10b_frozen_dump,H030,pakistan agla cricket match kis mulk se,ROMAN,roman_bm25_method_D,2,35729,16.17691421508789,50
phase10b_frozen_dump,H030,pakistan agla cricket match kis mulk se,ROMAN,roman_bm25_method_D,3,81206,15.837681770324707,50
phase10b_frozen_dump,H030,pakistan agla cricket match kis mulk se,ROMAN,roman_bm25_method_D,4,53236,15.199955940246582,50
phase10b_frozen_dump,H030,pakistan agla cricket match kis mulk se,ROMAN,roman_bm25_method_D,5,42738,15.167725563049316,50
phase10b_frozen_dump,H030,pakistan agla cricket match kis mulk se,ROMAN,roman_bm25_method_D,6,44559,15.1607666015625,50
phase10b_frozen_dump,H030,pakistan agla cricket match kis mulk se,ROMAN,roman_bm25_method_D,7,53117,15.157699584960938,50
phase10b_frozen_dump,H030,pakistan agla cricket match kis mulk se,ROMAN,roman_bm25_method_D,8,87239,15.102723121643066,50
phase10b_frozen_dump,H030,pakistan agla cricket match kis mulk se,ROMAN,roman_bm25_method_D,9,55370,14.88424015045166,50
phase10b_frozen_dump,H030,pakistan agla cricket match kis mulk se,ROMAN,roman_bm25_method_D,10,35110,14.566299438476562,50
phase10b_frozen_dump,H030,pakistan agla cricket match kis mulk se,ROMAN,roman_bm25_method_D,11,37380,14.45880126953125,50
phase10b_frozen_dump,H030,pakistan agla cricket match kis mulk se,ROMAN,roman_bm25_method_D,12,32617,14.35578727722168,50
phase10b_frozen_dump,H030,pakistan agla cricket match kis mulk se,ROMAN,roman_bm25_method_D,13,41452,14.335953712463379,50
phase10b_frozen_dump,H030,pakistan agla cricket match kis mulk se,ROMAN,roman_bm25_method_D,14,86468,14.224161148071289,50
phase10b_frozen_dump,H030,pakistan agla cricket match kis mulk se,ROMAN,roman_bm25_method_D,15,57994,14.222310066223145,50
phase10b_frozen_dump,H030,pakistan agla cricket match kis mulk se,ROMAN,roman_bm25_method_D,16,81187,14.218417167663574,50
phase10b_frozen_dump,H030,pakistan agla cricket match kis mulk se,ROMAN,roman_bm25_method_D,17,95726,14.195123672485352,50
phase10b_frozen_dump,H030,pakistan agla cricket match kis mulk se,ROMAN,roman_bm25_method_D,18,91905,14.163278579711914,50
phase10b_frozen_dump,H030,pakistan agla cricket match kis mulk se,ROMAN,roman_bm25_method_D,19,36478,14.1480131149292,50
phase10b_frozen_dump,H030,pakistan agla cricket match kis mulk se,ROMAN,roman_bm25_method_D,20,58798,14.090946197509766,50
phase10b_frozen_dump,H030,pakistan agla cricket match kis mulk se,ROMAN,roman_bm25_method_D,21,82611,14.057451248168945,50
phase10b_frozen_dump,H030,pakistan agla cricket match kis mulk se,ROMAN,roman_bm25_method_D,22,91037,14.006983757019043,50
phase10b_frozen_dump,H030,pakistan agla cricket match kis mulk se,ROMAN,roman_bm25_method_D,23,61775,14.004490852355957,50
phase10b_frozen_dump,H030,pakistan agla cricket match kis mulk se,ROMAN,roman_bm25_method_D,24,54492,13.966179847717285,50
phase10b_frozen_dump,H030,pakistan agla cricket match kis mulk se,ROMAN,roman_bm25_method_D,25,84139,13.914480209350586,50
phase10b_frozen_dump,H030,pakistan agla cricket match kis mulk se,ROMAN,roman_bm25_method_D,26,106528,13.873077392578125,50
phase10b_frozen_dump,H030,pakistan agla cricket match kis mulk se,ROMAN,roman_bm25_method_D,27,93792,13.868701934814453,50
phase10b_frozen_dump,H030,pakistan agla cricket match kis mulk se,ROMAN,roman_bm25_method_D,28,93795,13.766217231750488,50
phase10b_frozen_dump,H030,pakistan agla cricket match kis mulk se,ROMAN,roman_bm25_method_D,29,34681,13.705767631530762,50
phase10b_frozen_dump,H030,pakistan agla cricket match kis mulk se,ROMAN,roman_bm25_method_D,30,54831,13.619873046875,50
phase10b_frozen_dump,H030,pakistan agla cricket match kis mulk se,ROMAN,roman_bm25_method_D,31,51349,13.603900909423828,50
phase10b_frozen_dump,H030,pakistan agla cricket match kis mulk se,ROMAN,roman_bm25_method_D,32,25298,13.535552978515625,50
phase10b_frozen_dump,H030,pakistan agla cricket match kis mulk se,ROMAN,roman_bm25_method_D,33,37180,13.470660209655762,50
phase10b_frozen_dump,H030,pakistan agla cricket match kis mulk se,ROMAN,roman_bm25_method_D,34,82227,13.470621109008789,50
phase10b_frozen_dump,H030,pakistan agla cricket match kis mulk se,ROMAN,roman_bm25_method_D,35,81438,13.450277328491211,50
phase10b_frozen_dump,H030,pakistan agla cricket match kis mulk se,ROMAN,roman_bm25_method_D,36,85226,13.402804374694824,50
phase10b_frozen_dump,H030,pakistan agla cricket match kis mulk se,ROMAN,roman_bm25_method_D,37,55172,13.39780330657959,50
phase10b_frozen_dump,H030,pakistan agla cricket match kis mulk se,ROMAN,roman_bm25_method_D,38,81521,13.371474266052246,50
phase10b_frozen_dump,H030,pakistan agla cricket match kis mulk se,ROMAN,roman_bm25_method_D,39,55624,13.371219635009766,50
phase10b_frozen_dump,H030,pakistan agla cricket match kis mulk se,ROMAN,roman_bm25_method_D,40,46401,13.368162155151367,50
phase10b_frozen_dump,H030,pakistan agla cricket match kis mulk se,ROMAN,roman_bm25_method_D,41,92164,13.365453720092773,50
phase10b_frozen_dump,H030,pakistan agla cricket match kis mulk se,ROMAN,roman_bm25_method_D,42,82537,13.355263710021973,50
phase10b_frozen_dump,H030,pakistan agla cricket match kis mulk se,ROMAN,roman_bm25_method_D,43,36981,13.348402976989746,50
phase10b_frozen_dump,H030,pakistan agla cricket match kis mulk se,ROMAN,roman_bm25_method_D,44,56320,13.270523071289062,50
phase10b_frozen_dump,H030,pakistan agla cricket match kis mulk se,ROMAN,roman_bm25_method_D,45,87483,13.217569351196289,50
phase10b_frozen_dump,H030,pakistan agla cricket match kis mulk se,ROMAN,roman_bm25_method_D,46,29839,13.17260456085205,50
phase10b_frozen_dump,H030,pakistan agla cricket match kis mulk se,ROMAN,roman_bm25_method_D,47,54452,13.146949768066406,50
phase10b_frozen_dump,H030,pakistan agla cricket match kis mulk se,ROMAN,roman_bm25_method_D,48,54806,13.126431465148926,50
phase10b_frozen_dump,H030,pakistan agla cricket match kis mulk se,ROMAN,roman_bm25_method_D,49,41620,13.120079040527344,50
phase10b_frozen_dump,H030,pakistan agla cricket match kis mulk se,ROMAN,roman_bm25_method_D,50,83272,13.117849349975586,50
phase10b_frozen_dump,H031,petrol ki mojooda qeemat per litre pakistan,ROMAN,roman_bm25_method_D,1,63529,11.853483200073242,50
phase10b_frozen_dump,H031,petrol ki mojooda qeemat per litre pakistan,ROMAN,roman_bm25_method_D,2,63526,11.802739143371582,50
phase10b_frozen_dump,H031,petrol ki mojooda qeemat per litre pakistan,ROMAN,roman_bm25_method_D,3,3283,11.762957572937012,50
phase10b_frozen_dump,H031,petrol ki mojooda qeemat per litre pakistan,ROMAN,roman_bm25_method_D,4,2058,11.74188232421875,50
phase10b_frozen_dump,H031,petrol ki mojooda qeemat per litre pakistan,ROMAN,roman_bm25_method_D,5,3212,11.739213943481445,50
phase10b_frozen_dump,H031,petrol ki mojooda qeemat per litre pakistan,ROMAN,roman_bm25_method_D,6,63496,11.704259872436523,50
phase10b_frozen_dump,H031,petrol ki mojooda qeemat per litre pakistan,ROMAN,roman_bm25_method_D,7,70402,11.647699356079102,50
phase10b_frozen_dump,H031,petrol ki mojooda qeemat per litre pakistan,ROMAN,roman_bm25_method_D,8,63507,11.566652297973633,50
phase10b_frozen_dump,H031,petrol ki mojooda qeemat per litre pakistan,ROMAN,roman_bm25_method_D,9,70510,11.523037910461426,50
phase10b_frozen_dump,H031,petrol ki mojooda qeemat per litre pakistan,ROMAN,roman_bm25_method_D,10,70369,11.496855735778809,50
phase10b_frozen_dump,H031,petrol ki mojooda qeemat per litre pakistan,ROMAN,roman_bm25_method_D,11,16562,11.445496559143066,50
phase10b_frozen_dump,H031,petrol ki mojooda qeemat per litre pakistan,ROMAN,roman_bm25_method_D,12,61667,11.438589096069336,50
phase10b_frozen_dump,H031,petrol ki mojooda qeemat per litre pakistan,ROMAN,roman_bm25_method_D,13,70408,11.420268058776855,50
phase10b_frozen_dump,H031,petrol ki mojooda qeemat per litre pakistan,ROMAN,roman_bm25_method_D,14,70374,11.388958930969238,50
phase10b_frozen_dump,H031,petrol ki mojooda qeemat per litre pakistan,ROMAN,roman_bm25_method_D,15,70486,11.383466720581055,50
phase10b_frozen_dump,H031,petrol ki mojooda qeemat per litre pakistan,ROMAN,roman_bm25_method_D,16,3433,11.373929023742676,50
phase10b_frozen_dump,H031,petrol ki mojooda qeemat per litre pakistan,ROMAN,roman_bm25_method_D,17,77448,11.359150886535645,50
phase10b_frozen_dump,H031,petrol ki mojooda qeemat per litre pakistan,ROMAN,roman_bm25_method_D,18,60522,11.184226036071777,50
phase10b_frozen_dump,H031,petrol ki mojooda qeemat per litre pakistan,ROMAN,roman_bm25_method_D,19,75001,11.180904388427734,50
phase10b_frozen_dump,H031,petrol ki mojooda qeemat per litre pakistan,ROMAN,roman_bm25_method_D,20,63501,11.046920776367188,50
phase10b_frozen_dump,H031,petrol ki mojooda qeemat per litre pakistan,ROMAN,roman_bm25_method_D,21,61039,11.027900695800781,50
phase10b_frozen_dump,H031,petrol ki mojooda qeemat per litre pakistan,ROMAN,roman_bm25_method_D,22,70385,10.99504280090332,50
phase10b_frozen_dump,H031,petrol ki mojooda qeemat per litre pakistan,ROMAN,roman_bm25_method_D,23,39589,10.941079139709473,50
phase10b_frozen_dump,H031,petrol ki mojooda qeemat per litre pakistan,ROMAN,roman_bm25_method_D,24,75023,10.91853141784668,50
phase10b_frozen_dump,H031,petrol ki mojooda qeemat per litre pakistan,ROMAN,roman_bm25_method_D,25,70395,10.865396499633789,50
phase10b_frozen_dump,H031,petrol ki mojooda qeemat per litre pakistan,ROMAN,roman_bm25_method_D,26,61027,10.851089477539062,50
phase10b_frozen_dump,H031,petrol ki mojooda qeemat per litre pakistan,ROMAN,roman_bm25_method_D,27,63519,10.830998420715332,50
phase10b_frozen_dump,H031,petrol ki mojooda qeemat per litre pakistan,ROMAN,roman_bm25_method_D,28,63516,10.826460838317871,50
phase10b_frozen_dump,H031,petrol ki mojooda qeemat per litre pakistan,ROMAN,roman_bm25_method_D,29,74402,10.80245304107666,50
phase10b_frozen_dump,H031,petrol ki mojooda qeemat per litre pakistan,ROMAN,roman_bm25_method_D,30,63521,10.788002014160156,50
phase10b_frozen_dump,H031,petrol ki mojooda qeemat per litre pakistan,ROMAN,roman_bm25_method_D,31,360,10.770088195800781,50
phase10b_frozen_dump,H031,petrol ki mojooda qeemat per litre pakistan,ROMAN,roman_bm25_method_D,32,1601,10.716208457946777,50
phase10b_frozen_dump,H031,petrol ki mojooda qeemat per litre pakistan,ROMAN,roman_bm25_method_D,33,72591,10.701996803283691,50
phase10b_frozen_dump,H031,petrol ki mojooda qeemat per litre pakistan,ROMAN,roman_bm25_method_D,34,74605,10.692782402038574,50
phase10b_frozen_dump,H031,petrol ki mojooda qeemat per litre pakistan,ROMAN,roman_bm25_method_D,35,65450,10.69222354888916,50
phase10b_frozen_dump,H031,petrol ki mojooda qeemat per litre pakistan,ROMAN,roman_bm25_method_D,36,63518,10.669107437133789,50
phase10b_frozen_dump,H031,petrol ki mojooda qeemat per litre pakistan,ROMAN,roman_bm25_method_D,37,3378,10.638849258422852,50
phase10b_frozen_dump,H031,petrol ki mojooda qeemat per litre pakistan,ROMAN,roman_bm25_method_D,38,63646,10.601839065551758,50
phase10b_frozen_dump,H031,petrol ki mojooda qeemat per litre pakistan,ROMAN,roman_bm25_method_D,39,73960,10.581263542175293,50
phase10b_frozen_dump,H031,petrol ki mojooda qeemat per litre pakistan,ROMAN,roman_bm25_method_D,40,73107,10.577491760253906,50
phase10b_frozen_dump,H031,petrol ki mojooda qeemat per litre pakistan,ROMAN,roman_bm25_method_D,41,79088,10.571383476257324,50
phase10b_frozen_dump,H031,petrol ki mojooda qeemat per litre pakistan,ROMAN,roman_bm25_method_D,42,75054,10.502044677734375,50
phase10b_frozen_dump,H031,petrol ki mojooda qeemat per litre pakistan,ROMAN,roman_bm25_method_D,43,62203,10.494657516479492,50
phase10b_frozen_dump,H031,petrol ki mojooda qeemat per litre pakistan,ROMAN,roman_bm25_method_D,44,75535,10.49134349822998,50
phase10b_frozen_dump,H031,petrol ki mojooda qeemat per litre pakistan,ROMAN,roman_bm25_method_D,45,1986,10.488044738769531,50
phase10b_frozen_dump,H031,petrol ki mojooda qeemat per litre pakistan,ROMAN,roman_bm25_method_D,46,78428,10.484068870544434,50
phase10b_frozen_dump,H031,petrol ki mojooda qeemat per litre pakistan,ROMAN,roman_bm25_method_D,47,72242,10.482254028320312,50
phase10b_frozen_dump,H031,petrol ki mojooda qeemat per litre pakistan,ROMAN,roman_bm25_method_D,48,74843,10.457171440124512,50
phase10b_frozen_dump,H031,petrol ki mojooda qeemat per litre pakistan,ROMAN,roman_bm25_method_D,49,73830,10.446281433105469,50
phase10b_frozen_dump,H031,petrol ki mojooda qeemat per litre pakistan,ROMAN,roman_bm25_method_D,50,72181,10.444602012634277,50
phase10b_frozen_dump,H032,aaj stock exchange kitne points par,ROMAN,roman_bm25_method_D,1,73269,15.024353981018066,50
phase10b_frozen_dump,H032,aaj stock exchange kitne points par,ROMAN,roman_bm25_method_D,2,42603,13.92173957824707,50
phase10b_frozen_dump,H032,aaj stock exchange kitne points par,ROMAN,roman_bm25_method_D,3,73237,13.858631134033203,50
phase10b_frozen_dump,H032,aaj stock exchange kitne points par,ROMAN,roman_bm25_method_D,4,39850,13.78762149810791,50
phase10b_frozen_dump,H032,aaj stock exchange kitne points par,ROMAN,roman_bm25_method_D,5,73229,13.520087242126465,50
phase10b_frozen_dump,H032,aaj stock exchange kitne points par,ROMAN,roman_bm25_method_D,6,76828,13.327614784240723,50
phase10b_frozen_dump,H032,aaj stock exchange kitne points par,ROMAN,roman_bm25_method_D,7,73231,12.907215118408203,50
phase10b_frozen_dump,H032,aaj stock exchange kitne points par,ROMAN,roman_bm25_method_D,8,96796,12.645700454711914,50
phase10b_frozen_dump,H032,aaj stock exchange kitne points par,ROMAN,roman_bm25_method_D,9,73220,12.632091522216797,50
phase10b_frozen_dump,H032,aaj stock exchange kitne points par,ROMAN,roman_bm25_method_D,10,58393,11.69221305847168,50
phase10b_frozen_dump,H032,aaj stock exchange kitne points par,ROMAN,roman_bm25_method_D,11,77775,11.522378921508789,50
phase10b_frozen_dump,H032,aaj stock exchange kitne points par,ROMAN,roman_bm25_method_D,12,101469,10.999263763427734,50
phase10b_frozen_dump,H032,aaj stock exchange kitne points par,ROMAN,roman_bm25_method_D,13,64983,10.686600685119629,50
phase10b_frozen_dump,H032,aaj stock exchange kitne points par,ROMAN,roman_bm25_method_D,14,52301,10.651426315307617,50
phase10b_frozen_dump,H032,aaj stock exchange kitne points par,ROMAN,roman_bm25_method_D,15,85693,10.529766082763672,50
phase10b_frozen_dump,H032,aaj stock exchange kitne points par,ROMAN,roman_bm25_method_D,16,63603,10.428393363952637,50
phase10b_frozen_dump,H032,aaj stock exchange kitne points par,ROMAN,roman_bm25_method_D,17,64629,10.216814994812012,50
phase10b_frozen_dump,H032,aaj stock exchange kitne points par,ROMAN,roman_bm25_method_D,18,34966,10.093013763427734,50
phase10b_frozen_dump,H032,aaj stock exchange kitne points par,ROMAN,roman_bm25_method_D,19,72256,9.156209945678711,50
phase10b_frozen_dump,H032,aaj stock exchange kitne points par,ROMAN,roman_bm25_method_D,20,3194,9.144810676574707,50
phase10b_frozen_dump,H032,aaj stock exchange kitne points par,ROMAN,roman_bm25_method_D,21,41787,9.096656799316406,50
phase10b_frozen_dump,H032,aaj stock exchange kitne points par,ROMAN,roman_bm25_method_D,22,37585,9.05750846862793,50
phase10b_frozen_dump,H032,aaj stock exchange kitne points par,ROMAN,roman_bm25_method_D,23,2393,8.906515121459961,50
phase10b_frozen_dump,H032,aaj stock exchange kitne points par,ROMAN,roman_bm25_method_D,24,2344,8.40944766998291,50
phase10b_frozen_dump,H032,aaj stock exchange kitne points par,ROMAN,roman_bm25_method_D,25,85775,8.169898986816406,50
phase10b_frozen_dump,H032,aaj stock exchange kitne points par,ROMAN,roman_bm25_method_D,26,82257,7.4041032791137695,50
phase10b_frozen_dump,H032,aaj stock exchange kitne points par,ROMAN,roman_bm25_method_D,27,38770,7.142181396484375,50
phase10b_frozen_dump,H032,aaj stock exchange kitne points par,ROMAN,roman_bm25_method_D,28,29785,6.652675151824951,50
phase10b_frozen_dump,H032,aaj stock exchange kitne points par,ROMAN,roman_bm25_method_D,29,56262,5.486058235168457,50
phase10b_frozen_dump,H032,aaj stock exchange kitne points par,ROMAN,roman_bm25_method_D,30,71126,0.5061627626419067,50
phase10b_frozen_dump,H032,aaj stock exchange kitne points par,ROMAN,roman_bm25_method_D,31,28789,0.504901647567749,50
phase10b_frozen_dump,H032,aaj stock exchange kitne points par,ROMAN,roman_bm25_method_D,32,110816,0.5026353001594543,50
phase10b_frozen_dump,H032,aaj stock exchange kitne points par,ROMAN,roman_bm25_method_D,33,2585,0.5020120143890381,50
phase10b_frozen_dump,H032,aaj stock exchange kitne points par,ROMAN,roman_bm25_method_D,34,42404,0.5017953515052795,50
phase10b_frozen_dump,H032,aaj stock exchange kitne points par,ROMAN,roman_bm25_method_D,35,71393,0.5008758902549744,50
phase10b_frozen_dump,H032,aaj stock exchange kitne points par,ROMAN,roman_bm25_method_D,36,101600,0.4999622106552124,50
phase10b_frozen_dump,H032,aaj stock exchange kitne points par,ROMAN,roman_bm25_method_D,37,82731,0.4999062716960907,50
phase10b_frozen_dump,H032,aaj stock exchange kitne points par,ROMAN,roman_bm25_method_D,38,86500,0.4988654553890228,50
phase10b_frozen_dump,H032,aaj stock exchange kitne points par,ROMAN,roman_bm25_method_D,39,72106,0.49857011437416077,50
phase10b_frozen_dump,H032,aaj stock exchange kitne points par,ROMAN,roman_bm25_method_D,40,72530,0.4984437823295593,50
phase10b_frozen_dump,H032,aaj stock exchange kitne points par,ROMAN,roman_bm25_method_D,41,87371,0.4983682632446289,50
phase10b_frozen_dump,H032,aaj stock exchange kitne points par,ROMAN,roman_bm25_method_D,42,60624,0.4976804554462433,50
phase10b_frozen_dump,H032,aaj stock exchange kitne points par,ROMAN,roman_bm25_method_D,43,39512,0.49739140272140503,50
phase10b_frozen_dump,H032,aaj stock exchange kitne points par,ROMAN,roman_bm25_method_D,44,90768,0.49697473645210266,50
phase10b_frozen_dump,H032,aaj stock exchange kitne points par,ROMAN,roman_bm25_method_D,45,71505,0.4967714846134186,50
phase10b_frozen_dump,H032,aaj stock exchange kitne points par,ROMAN,roman_bm25_method_D,46,64609,0.4961289167404175,50
phase10b_frozen_dump,H032,aaj stock exchange kitne points par,ROMAN,roman_bm25_method_D,47,70983,0.49584659934043884,50
phase10b_frozen_dump,H032,aaj stock exchange kitne points par,ROMAN,roman_bm25_method_D,48,55986,0.49536705017089844,50
phase10b_frozen_dump,H032,aaj stock exchange kitne points par,ROMAN,roman_bm25_method_D,49,94545,0.4950592517852783,50
phase10b_frozen_dump,H032,aaj stock exchange kitne points par,ROMAN,roman_bm25_method_D,50,100707,0.49485117197036743,50
phase10b_frozen_dump,H033,ڈیزل ریٹ,URDU,urdu_bm25,1,3055,13.586380004882812,50
phase10b_frozen_dump,H033,ڈیزل ریٹ,URDU,urdu_bm25,2,64606,12.877116203308105,50
phase10b_frozen_dump,H033,ڈیزل ریٹ,URDU,urdu_bm25,3,3054,12.807563781738281,50
phase10b_frozen_dump,H033,ڈیزل ریٹ,URDU,urdu_bm25,4,2696,12.400880813598633,50
phase10b_frozen_dump,H033,ڈیزل ریٹ,URDU,urdu_bm25,5,717,12.300152778625488,50
phase10b_frozen_dump,H033,ڈیزل ریٹ,URDU,urdu_bm25,6,2241,12.277891159057617,50
phase10b_frozen_dump,H033,ڈیزل ریٹ,URDU,urdu_bm25,7,1380,12.055513381958008,50
phase10b_frozen_dump,H033,ڈیزل ریٹ,URDU,urdu_bm25,8,2416,11.693778038024902,50
phase10b_frozen_dump,H033,ڈیزل ریٹ,URDU,urdu_bm25,9,1869,11.676583290100098,50
phase10b_frozen_dump,H033,ڈیزل ریٹ,URDU,urdu_bm25,10,939,11.62768840789795,50
phase10b_frozen_dump,H033,ڈیزل ریٹ,URDU,urdu_bm25,11,1014,11.28692626953125,50
phase10b_frozen_dump,H033,ڈیزل ریٹ,URDU,urdu_bm25,12,719,11.255223274230957,50
phase10b_frozen_dump,H033,ڈیزل ریٹ,URDU,urdu_bm25,13,1300,11.14943790435791,50
phase10b_frozen_dump,H033,ڈیزل ریٹ,URDU,urdu_bm25,14,1211,10.601297378540039,50
phase10b_frozen_dump,H033,ڈیزل ریٹ,URDU,urdu_bm25,15,1307,10.22095012664795,50
phase10b_frozen_dump,H033,ڈیزل ریٹ,URDU,urdu_bm25,16,72591,10.041544914245605,50
phase10b_frozen_dump,H033,ڈیزل ریٹ,URDU,urdu_bm25,17,74959,10.034805297851562,50
phase10b_frozen_dump,H033,ڈیزل ریٹ,URDU,urdu_bm25,18,72821,9.938926696777344,50
phase10b_frozen_dump,H033,ڈیزل ریٹ,URDU,urdu_bm25,19,72469,9.876440048217773,50
phase10b_frozen_dump,H033,ڈیزل ریٹ,URDU,urdu_bm25,20,1016,9.856294631958008,50
phase10b_frozen_dump,H033,ڈیزل ریٹ,URDU,urdu_bm25,21,74353,9.849205017089844,50
phase10b_frozen_dump,H033,ڈیزل ریٹ,URDU,urdu_bm25,22,61204,9.834567070007324,50
phase10b_frozen_dump,H033,ڈیزل ریٹ,URDU,urdu_bm25,23,74943,9.832995414733887,50
phase10b_frozen_dump,H033,ڈیزل ریٹ,URDU,urdu_bm25,24,72549,9.769576072692871,50
phase10b_frozen_dump,H033,ڈیزل ریٹ,URDU,urdu_bm25,25,77411,9.763723373413086,50
phase10b_frozen_dump,H033,ڈیزل ریٹ,URDU,urdu_bm25,26,78301,9.73847484588623,50
phase10b_frozen_dump,H033,ڈیزل ریٹ,URDU,urdu_bm25,27,77538,9.723763465881348,50
phase10b_frozen_dump,H033,ڈیزل ریٹ,URDU,urdu_bm25,28,1638,9.705918312072754,50
phase10b_frozen_dump,H033,ڈیزل ریٹ,URDU,urdu_bm25,29,78306,9.667243957519531,50
phase10b_frozen_dump,H033,ڈیزل ریٹ,URDU,urdu_bm25,30,85826,9.666116714477539,50
phase10b_frozen_dump,H033,ڈیزل ریٹ,URDU,urdu_bm25,31,72264,9.664901733398438,50
phase10b_frozen_dump,H033,ڈیزل ریٹ,URDU,urdu_bm25,32,24287,9.657880783081055,50
phase10b_frozen_dump,H033,ڈیزل ریٹ,URDU,urdu_bm25,33,75800,9.650415420532227,50
phase10b_frozen_dump,H033,ڈیزل ریٹ,URDU,urdu_bm25,34,2909,9.635375022888184,50
phase10b_frozen_dump,H033,ڈیزل ریٹ,URDU,urdu_bm25,35,72916,9.621767044067383,50
phase10b_frozen_dump,H033,ڈیزل ریٹ,URDU,urdu_bm25,36,62909,9.616933822631836,50
phase10b_frozen_dump,H033,ڈیزل ریٹ,URDU,urdu_bm25,37,2032,9.61378002166748,50
phase10b_frozen_dump,H033,ڈیزل ریٹ,URDU,urdu_bm25,38,72411,9.59322452545166,50
phase10b_frozen_dump,H033,ڈیزل ریٹ,URDU,urdu_bm25,39,71894,9.592086791992188,50
phase10b_frozen_dump,H033,ڈیزل ریٹ,URDU,urdu_bm25,40,12983,9.591203689575195,50
phase10b_frozen_dump,H033,ڈیزل ریٹ,URDU,urdu_bm25,41,39177,9.590225219726562,50
phase10b_frozen_dump,H033,ڈیزل ریٹ,URDU,urdu_bm25,42,1986,9.583941459655762,50
phase10b_frozen_dump,H033,ڈیزل ریٹ,URDU,urdu_bm25,43,110295,9.57138729095459,50
phase10b_frozen_dump,H033,ڈیزل ریٹ,URDU,urdu_bm25,44,38380,9.570358276367188,50
phase10b_frozen_dump,H033,ڈیزل ریٹ,URDU,urdu_bm25,45,79088,9.567145347595215,50
phase10b_frozen_dump,H033,ڈیزل ریٹ,URDU,urdu_bm25,46,38401,9.560137748718262,50
phase10b_frozen_dump,H033,ڈیزل ریٹ,URDU,urdu_bm25,47,369,9.5601167678833,50
phase10b_frozen_dump,H033,ڈیزل ریٹ,URDU,urdu_bm25,48,1700,9.540979385375977,50
phase10b_frozen_dump,H033,ڈیزل ریٹ,URDU,urdu_bm25,49,4106,9.511515617370605,50
phase10b_frozen_dump,H033,ڈیزل ریٹ,URDU,urdu_bm25,50,64072,9.496820449829102,50
phase10b_frozen_dump,H034,سونا ریٹ,URDU,urdu_bm25,1,38436,15.989555358886719,50
phase10b_frozen_dump,H034,سونا ریٹ,URDU,urdu_bm25,2,61942,14.959468841552734,50
phase10b_frozen_dump,H034,سونا ریٹ,URDU,urdu_bm25,3,64525,13.839940071105957,50
phase10b_frozen_dump,H034,سونا ریٹ,URDU,urdu_bm25,4,38707,13.409574508666992,50
phase10b_frozen_dump,H034,سونا ریٹ,URDU,urdu_bm25,5,72979,12.072717666625977,50
phase10b_frozen_dump,H034,سونا ریٹ,URDU,urdu_bm25,6,70334,11.59510612487793,50
phase10b_frozen_dump,H034,سونا ریٹ,URDU,urdu_bm25,7,110095,11.45376968383789,50
phase10b_frozen_dump,H034,سونا ریٹ,URDU,urdu_bm25,8,63899,11.409217834472656,50
phase10b_frozen_dump,H034,سونا ریٹ,URDU,urdu_bm25,9,60,11.145379066467285,50
phase10b_frozen_dump,H034,سونا ریٹ,URDU,urdu_bm25,10,60667,11.058229446411133,50
phase10b_frozen_dump,H034,سونا ریٹ,URDU,urdu_bm25,11,72601,10.905649185180664,50
phase10b_frozen_dump,H034,سونا ریٹ,URDU,urdu_bm25,12,72203,10.720257759094238,50
phase10b_frozen_dump,H034,سونا ریٹ,URDU,urdu_bm25,13,72486,10.669049263000488,50
phase10b_frozen_dump,H034,سونا ریٹ,URDU,urdu_bm25,14,73379,10.654580116271973,50
phase10b_frozen_dump,H034,سونا ریٹ,URDU,urdu_bm25,15,73255,10.631634712219238,50
phase10b_frozen_dump,H034,سونا ریٹ,URDU,urdu_bm25,16,73468,10.619364738464355,50
phase10b_frozen_dump,H034,سونا ریٹ,URDU,urdu_bm25,17,73088,10.581562042236328,50
phase10b_frozen_dump,H034,سونا ریٹ,URDU,urdu_bm25,18,73168,10.539949417114258,50
phase10b_frozen_dump,H034,سونا ریٹ,URDU,urdu_bm25,19,72272,10.51045036315918,50
phase10b_frozen_dump,H034,سونا ریٹ,URDU,urdu_bm25,20,73351,10.497891426086426,50
phase10b_frozen_dump,H034,سونا ریٹ,URDU,urdu_bm25,21,73425,10.494490623474121,50
phase10b_frozen_dump,H034,سونا ریٹ,URDU,urdu_bm25,22,73001,10.493666648864746,50
phase10b_frozen_dump,H034,سونا ریٹ,URDU,urdu_bm25,23,73274,10.486584663391113,50
phase10b_frozen_dump,H034,سونا ریٹ,URDU,urdu_bm25,24,72706,10.479060173034668,50
phase10b_frozen_dump,H034,سونا ریٹ,URDU,urdu_bm25,25,73414,10.4467191696167,50
phase10b_frozen_dump,H034,سونا ریٹ,URDU,urdu_bm25,26,38440,10.442821502685547,50
phase10b_frozen_dump,H034,سونا ریٹ,URDU,urdu_bm25,27,72702,10.441597938537598,50
phase10b_frozen_dump,H034,سونا ریٹ,URDU,urdu_bm25,28,73398,10.431205749511719,50
phase10b_frozen_dump,H034,سونا ریٹ,URDU,urdu_bm25,29,73026,10.406115531921387,50
phase10b_frozen_dump,H034,سونا ریٹ,URDU,urdu_bm25,30,72650,10.390447616577148,50
phase10b_frozen_dump,H034,سونا ریٹ,URDU,urdu_bm25,31,73293,10.349071502685547,50
phase10b_frozen_dump,H034,سونا ریٹ,URDU,urdu_bm25,32,72825,10.340929985046387,50
phase10b_frozen_dump,H034,سونا ریٹ,URDU,urdu_bm25,33,72682,10.336862564086914,50
phase10b_frozen_dump,H034,سونا ریٹ,URDU,urdu_bm25,34,72404,10.307940483093262,50
phase10b_frozen_dump,H034,سونا ریٹ,URDU,urdu_bm25,35,73283,10.29885482788086,50
phase10b_frozen_dump,H034,سونا ریٹ,URDU,urdu_bm25,36,73276,10.294317245483398,50
phase10b_frozen_dump,H034,سونا ریٹ,URDU,urdu_bm25,37,72728,10.282886505126953,50
phase10b_frozen_dump,H034,سونا ریٹ,URDU,urdu_bm25,38,39572,10.197060585021973,50
phase10b_frozen_dump,H034,سونا ریٹ,URDU,urdu_bm25,39,72891,10.191052436828613,50
phase10b_frozen_dump,H034,سونا ریٹ,URDU,urdu_bm25,40,77635,10.168756484985352,50
phase10b_frozen_dump,H034,سونا ریٹ,URDU,urdu_bm25,41,38425,10.16158390045166,50
phase10b_frozen_dump,H034,سونا ریٹ,URDU,urdu_bm25,42,72376,10.148635864257812,50
phase10b_frozen_dump,H034,سونا ریٹ,URDU,urdu_bm25,43,62376,10.140417098999023,50
phase10b_frozen_dump,H034,سونا ریٹ,URDU,urdu_bm25,44,61837,10.127620697021484,50
phase10b_frozen_dump,H034,سونا ریٹ,URDU,urdu_bm25,45,65477,10.127620697021484,50
phase10b_frozen_dump,H034,سونا ریٹ,URDU,urdu_bm25,46,62735,10.12635326385498,50
phase10b_frozen_dump,H034,سونا ریٹ,URDU,urdu_bm25,47,71666,10.112329483032227,50
phase10b_frozen_dump,H034,سونا ریٹ,URDU,urdu_bm25,48,62201,10.112329483032227,50
phase10b_frozen_dump,H034,سونا ریٹ,URDU,urdu_bm25,49,62262,10.10533332824707,50
phase10b_frozen_dump,H034,سونا ریٹ,URDU,urdu_bm25,50,72458,10.103498458862305,50
phase10b_frozen_dump,H035,football score,ROMAN,roman_bm25_method_D,1,56211,12.901300430297852,50
phase10b_frozen_dump,H035,football score,ROMAN,roman_bm25_method_D,2,27340,12.8060941696167,50
phase10b_frozen_dump,H035,football score,ROMAN,roman_bm25_method_D,3,92269,12.775144577026367,50
phase10b_frozen_dump,H035,football score,ROMAN,roman_bm25_method_D,4,43027,12.686334609985352,50
phase10b_frozen_dump,H035,football score,ROMAN,roman_bm25_method_D,5,34031,12.287178993225098,50
phase10b_frozen_dump,H035,football score,ROMAN,roman_bm25_method_D,6,41516,12.280625343322754,50
phase10b_frozen_dump,H035,football score,ROMAN,roman_bm25_method_D,7,92247,12.216400146484375,50
phase10b_frozen_dump,H035,football score,ROMAN,roman_bm25_method_D,8,41402,12.201496124267578,50
phase10b_frozen_dump,H035,football score,ROMAN,roman_bm25_method_D,9,95623,12.199666976928711,50
phase10b_frozen_dump,H035,football score,ROMAN,roman_bm25_method_D,10,44294,12.17544174194336,50
phase10b_frozen_dump,H035,football score,ROMAN,roman_bm25_method_D,11,42857,12.152515411376953,50
phase10b_frozen_dump,H035,football score,ROMAN,roman_bm25_method_D,12,43871,12.147357940673828,50
phase10b_frozen_dump,H035,football score,ROMAN,roman_bm25_method_D,13,27578,12.1089506149292,50
phase10b_frozen_dump,H035,football score,ROMAN,roman_bm25_method_D,14,41494,12.094547271728516,50
phase10b_frozen_dump,H035,football score,ROMAN,roman_bm25_method_D,15,95314,12.083117485046387,50
phase10b_frozen_dump,H035,football score,ROMAN,roman_bm25_method_D,16,95549,12.080394744873047,50
phase10b_frozen_dump,H035,football score,ROMAN,roman_bm25_method_D,17,43582,12.064432144165039,50
phase10b_frozen_dump,H035,football score,ROMAN,roman_bm25_method_D,18,41324,12.060321807861328,50
phase10b_frozen_dump,H035,football score,ROMAN,roman_bm25_method_D,19,44134,12.003974914550781,50
phase10b_frozen_dump,H035,football score,ROMAN,roman_bm25_method_D,20,41601,11.921147346496582,50
phase10b_frozen_dump,H035,football score,ROMAN,roman_bm25_method_D,21,84002,11.847415924072266,50
phase10b_frozen_dump,H035,football score,ROMAN,roman_bm25_method_D,22,43042,11.799832344055176,50
phase10b_frozen_dump,H035,football score,ROMAN,roman_bm25_method_D,23,37895,11.774587631225586,50
phase10b_frozen_dump,H035,football score,ROMAN,roman_bm25_method_D,24,37688,11.744380950927734,50
phase10b_frozen_dump,H035,football score,ROMAN,roman_bm25_method_D,25,55109,11.69870376586914,50
phase10b_frozen_dump,H035,football score,ROMAN,roman_bm25_method_D,26,35173,11.683435440063477,50
phase10b_frozen_dump,H035,football score,ROMAN,roman_bm25_method_D,27,95166,11.672233581542969,50
phase10b_frozen_dump,H035,football score,ROMAN,roman_bm25_method_D,28,81741,11.66438102722168,50
phase10b_frozen_dump,H035,football score,ROMAN,roman_bm25_method_D,29,44946,11.663431167602539,50
phase10b_frozen_dump,H035,football score,ROMAN,roman_bm25_method_D,30,43555,11.659685134887695,50
phase10b_frozen_dump,H035,football score,ROMAN,roman_bm25_method_D,31,95770,11.656009674072266,50
phase10b_frozen_dump,H035,football score,ROMAN,roman_bm25_method_D,32,44141,11.639829635620117,50
phase10b_frozen_dump,H035,football score,ROMAN,roman_bm25_method_D,33,41275,11.559343338012695,50
phase10b_frozen_dump,H035,football score,ROMAN,roman_bm25_method_D,34,43082,11.511996269226074,50
phase10b_frozen_dump,H035,football score,ROMAN,roman_bm25_method_D,35,43610,11.511987686157227,50
phase10b_frozen_dump,H035,football score,ROMAN,roman_bm25_method_D,36,18768,11.491812705993652,50
phase10b_frozen_dump,H035,football score,ROMAN,roman_bm25_method_D,37,37082,11.449114799499512,50
phase10b_frozen_dump,H035,football score,ROMAN,roman_bm25_method_D,38,43026,11.43283462524414,50
phase10b_frozen_dump,H035,football score,ROMAN,roman_bm25_method_D,39,41993,11.387910842895508,50
phase10b_frozen_dump,H035,football score,ROMAN,roman_bm25_method_D,40,41596,11.368167877197266,50
phase10b_frozen_dump,H035,football score,ROMAN,roman_bm25_method_D,41,41573,11.365741729736328,50
phase10b_frozen_dump,H035,football score,ROMAN,roman_bm25_method_D,42,43114,11.363842010498047,50
phase10b_frozen_dump,H035,football score,ROMAN,roman_bm25_method_D,43,43195,11.31013011932373,50
phase10b_frozen_dump,H035,football score,ROMAN,roman_bm25_method_D,44,41300,11.296798706054688,50
phase10b_frozen_dump,H035,football score,ROMAN,roman_bm25_method_D,45,43542,11.29489517211914,50
phase10b_frozen_dump,H035,football score,ROMAN,roman_bm25_method_D,46,44329,11.279702186584473,50
phase10b_frozen_dump,H035,football score,ROMAN,roman_bm25_method_D,47,37750,11.227595329284668,50
phase10b_frozen_dump,H035,football score,ROMAN,roman_bm25_method_D,48,35451,11.184253692626953,50
phase10b_frozen_dump,H035,football score,ROMAN,roman_bm25_method_D,49,41892,11.17818832397461,50
phase10b_frozen_dump,H035,football score,ROMAN,roman_bm25_method_D,50,25993,11.131549835205078,50
phase10b_frozen_dump,H036,diesel rate,ROMAN,roman_bm25_method_D,1,106535,13.202574729919434,1
phase10b_frozen_dump,H037,ملک میں پٹرول ڈیزل اور بجلی کے نرخ بڑھنے سے ٹرانسپورٹ اور گھریلو بجٹ پر پڑنے والے بوجھ کا تفصیلی جائزہ,URDU,urdu_bm25,1,75117,38.936988830566406,50
phase10b_frozen_dump,H037,ملک میں پٹرول ڈیزل اور بجلی کے نرخ بڑھنے سے ٹرانسپورٹ اور گھریلو بجٹ پر پڑنے والے بوجھ کا تفصیلی جائزہ,URDU,urdu_bm25,2,38792,33.26297378540039,50
phase10b_frozen_dump,H037,ملک میں پٹرول ڈیزل اور بجلی کے نرخ بڑھنے سے ٹرانسپورٹ اور گھریلو بجٹ پر پڑنے والے بوجھ کا تفصیلی جائزہ,URDU,urdu_bm25,3,39383,31.112653732299805,50
phase10b_frozen_dump,H037,ملک میں پٹرول ڈیزل اور بجلی کے نرخ بڑھنے سے ٹرانسپورٹ اور گھریلو بجٹ پر پڑنے والے بوجھ کا تفصیلی جائزہ,URDU,urdu_bm25,4,38818,30.73882484436035,50
phase10b_frozen_dump,H037,ملک میں پٹرول ڈیزل اور بجلی کے نرخ بڑھنے سے ٹرانسپورٹ اور گھریلو بجٹ پر پڑنے والے بوجھ کا تفصیلی جائزہ,URDU,urdu_bm25,5,76787,30.38225555419922,50
phase10b_frozen_dump,H037,ملک میں پٹرول ڈیزل اور بجلی کے نرخ بڑھنے سے ٹرانسپورٹ اور گھریلو بجٹ پر پڑنے والے بوجھ کا تفصیلی جائزہ,URDU,urdu_bm25,6,75176,30.004234313964844,50
phase10b_frozen_dump,H037,ملک میں پٹرول ڈیزل اور بجلی کے نرخ بڑھنے سے ٹرانسپورٹ اور گھریلو بجٹ پر پڑنے والے بوجھ کا تفصیلی جائزہ,URDU,urdu_bm25,7,64371,29.589351654052734,50
phase10b_frozen_dump,H037,ملک میں پٹرول ڈیزل اور بجلی کے نرخ بڑھنے سے ٹرانسپورٹ اور گھریلو بجٹ پر پڑنے والے بوجھ کا تفصیلی جائزہ,URDU,urdu_bm25,8,75338,29.38994789123535,50
phase10b_frozen_dump,H037,ملک میں پٹرول ڈیزل اور بجلی کے نرخ بڑھنے سے ٹرانسپورٹ اور گھریلو بجٹ پر پڑنے والے بوجھ کا تفصیلی جائزہ,URDU,urdu_bm25,9,75796,29.340896606445312,50
phase10b_frozen_dump,H037,ملک میں پٹرول ڈیزل اور بجلی کے نرخ بڑھنے سے ٹرانسپورٹ اور گھریلو بجٹ پر پڑنے والے بوجھ کا تفصیلی جائزہ,URDU,urdu_bm25,10,76609,29.227500915527344,50
phase10b_frozen_dump,H037,ملک میں پٹرول ڈیزل اور بجلی کے نرخ بڑھنے سے ٹرانسپورٹ اور گھریلو بجٹ پر پڑنے والے بوجھ کا تفصیلی جائزہ,URDU,urdu_bm25,11,64783,28.42180061340332,50
phase10b_frozen_dump,H037,ملک میں پٹرول ڈیزل اور بجلی کے نرخ بڑھنے سے ٹرانسپورٹ اور گھریلو بجٹ پر پڑنے والے بوجھ کا تفصیلی جائزہ,URDU,urdu_bm25,12,72074,28.122053146362305,50
phase10b_frozen_dump,H037,ملک میں پٹرول ڈیزل اور بجلی کے نرخ بڑھنے سے ٹرانسپورٹ اور گھریلو بجٹ پر پڑنے والے بوجھ کا تفصیلی جائزہ,URDU,urdu_bm25,13,74157,28.06828498840332,50
phase10b_frozen_dump,H037,ملک میں پٹرول ڈیزل اور بجلی کے نرخ بڑھنے سے ٹرانسپورٹ اور گھریلو بجٹ پر پڑنے والے بوجھ کا تفصیلی جائزہ,URDU,urdu_bm25,14,110843,27.783092498779297,50
phase10b_frozen_dump,H037,ملک میں پٹرول ڈیزل اور بجلی کے نرخ بڑھنے سے ٹرانسپورٹ اور گھریلو بجٹ پر پڑنے والے بوجھ کا تفصیلی جائزہ,URDU,urdu_bm25,15,40318,27.70972442626953,50
phase10b_frozen_dump,H037,ملک میں پٹرول ڈیزل اور بجلی کے نرخ بڑھنے سے ٹرانسپورٹ اور گھریلو بجٹ پر پڑنے والے بوجھ کا تفصیلی جائزہ,URDU,urdu_bm25,16,16940,27.68408966064453,50
phase10b_frozen_dump,H037,ملک میں پٹرول ڈیزل اور بجلی کے نرخ بڑھنے سے ٹرانسپورٹ اور گھریلو بجٹ پر پڑنے والے بوجھ کا تفصیلی جائزہ,URDU,urdu_bm25,17,76643,27.459758758544922,50
phase10b_frozen_dump,H037,ملک میں پٹرول ڈیزل اور بجلی کے نرخ بڑھنے سے ٹرانسپورٹ اور گھریلو بجٹ پر پڑنے والے بوجھ کا تفصیلی جائزہ,URDU,urdu_bm25,18,39397,27.281341552734375,50
phase10b_frozen_dump,H037,ملک میں پٹرول ڈیزل اور بجلی کے نرخ بڑھنے سے ٹرانسپورٹ اور گھریلو بجٹ پر پڑنے والے بوجھ کا تفصیلی جائزہ,URDU,urdu_bm25,19,76124,27.27772331237793,50
phase10b_frozen_dump,H037,ملک میں پٹرول ڈیزل اور بجلی کے نرخ بڑھنے سے ٹرانسپورٹ اور گھریلو بجٹ پر پڑنے والے بوجھ کا تفصیلی جائزہ,URDU,urdu_bm25,20,40579,26.904891967773438,50
phase10b_frozen_dump,H037,ملک میں پٹرول ڈیزل اور بجلی کے نرخ بڑھنے سے ٹرانسپورٹ اور گھریلو بجٹ پر پڑنے والے بوجھ کا تفصیلی جائزہ,URDU,urdu_bm25,21,110579,26.682371139526367,50
phase10b_frozen_dump,H037,ملک میں پٹرول ڈیزل اور بجلی کے نرخ بڑھنے سے ٹرانسپورٹ اور گھریلو بجٹ پر پڑنے والے بوجھ کا تفصیلی جائزہ,URDU,urdu_bm25,22,72257,26.670570373535156,50
phase10b_frozen_dump,H037,ملک میں پٹرول ڈیزل اور بجلی کے نرخ بڑھنے سے ٹرانسپورٹ اور گھریلو بجٹ پر پڑنے والے بوجھ کا تفصیلی جائزہ,URDU,urdu_bm25,23,71064,26.599905014038086,50
phase10b_frozen_dump,H037,ملک میں پٹرول ڈیزل اور بجلی کے نرخ بڑھنے سے ٹرانسپورٹ اور گھریلو بجٹ پر پڑنے والے بوجھ کا تفصیلی جائزہ,URDU,urdu_bm25,24,110873,26.58523941040039,50
phase10b_frozen_dump,H037,ملک میں پٹرول ڈیزل اور بجلی کے نرخ بڑھنے سے ٹرانسپورٹ اور گھریلو بجٹ پر پڑنے والے بوجھ کا تفصیلی جائزہ,URDU,urdu_bm25,25,39233,25.9793758392334,50
phase10b_frozen_dump,H037,ملک میں پٹرول ڈیزل اور بجلی کے نرخ بڑھنے سے ٹرانسپورٹ اور گھریلو بجٹ پر پڑنے والے بوجھ کا تفصیلی جائزہ,URDU,urdu_bm25,26,40468,25.969406127929688,50
phase10b_frozen_dump,H037,ملک میں پٹرول ڈیزل اور بجلی کے نرخ بڑھنے سے ٹرانسپورٹ اور گھریلو بجٹ پر پڑنے والے بوجھ کا تفصیلی جائزہ,URDU,urdu_bm25,27,38401,25.87833023071289,50
phase10b_frozen_dump,H037,ملک میں پٹرول ڈیزل اور بجلی کے نرخ بڑھنے سے ٹرانسپورٹ اور گھریلو بجٹ پر پڑنے والے بوجھ کا تفصیلی جائزہ,URDU,urdu_bm25,28,75335,25.728668212890625,50
phase10b_frozen_dump,H037,ملک میں پٹرول ڈیزل اور بجلی کے نرخ بڑھنے سے ٹرانسپورٹ اور گھریلو بجٹ پر پڑنے والے بوجھ کا تفصیلی جائزہ,URDU,urdu_bm25,29,74125,25.598316192626953,50
phase10b_frozen_dump,H037,ملک میں پٹرول ڈیزل اور بجلی کے نرخ بڑھنے سے ٹرانسپورٹ اور گھریلو بجٹ پر پڑنے والے بوجھ کا تفصیلی جائزہ,URDU,urdu_bm25,30,73353,25.543855667114258,50
phase10b_frozen_dump,H037,ملک میں پٹرول ڈیزل اور بجلی کے نرخ بڑھنے سے ٹرانسپورٹ اور گھریلو بجٹ پر پڑنے والے بوجھ کا تفصیلی جائزہ,URDU,urdu_bm25,31,2484,25.501367568969727,50
phase10b_frozen_dump,H037,ملک میں پٹرول ڈیزل اور بجلی کے نرخ بڑھنے سے ٹرانسپورٹ اور گھریلو بجٹ پر پڑنے والے بوجھ کا تفصیلی جائزہ,URDU,urdu_bm25,32,77510,25.356189727783203,50
phase10b_frozen_dump,H037,ملک میں پٹرول ڈیزل اور بجلی کے نرخ بڑھنے سے ٹرانسپورٹ اور گھریلو بجٹ پر پڑنے والے بوجھ کا تفصیلی جائزہ,URDU,urdu_bm25,33,41133,25.07553482055664,50
phase10b_frozen_dump,H037,ملک میں پٹرول ڈیزل اور بجلی کے نرخ بڑھنے سے ٹرانسپورٹ اور گھریلو بجٹ پر پڑنے والے بوجھ کا تفصیلی جائزہ,URDU,urdu_bm25,34,38747,25.035245895385742,50
phase10b_frozen_dump,H037,ملک میں پٹرول ڈیزل اور بجلی کے نرخ بڑھنے سے ٹرانسپورٹ اور گھریلو بجٹ پر پڑنے والے بوجھ کا تفصیلی جائزہ,URDU,urdu_bm25,35,75387,24.804943084716797,50
phase10b_frozen_dump,H037,ملک میں پٹرول ڈیزل اور بجلی کے نرخ بڑھنے سے ٹرانسپورٹ اور گھریلو بجٹ پر پڑنے والے بوجھ کا تفصیلی جائزہ,URDU,urdu_bm25,36,64726,24.7454891204834,50
phase10b_frozen_dump,H037,ملک میں پٹرول ڈیزل اور بجلی کے نرخ بڑھنے سے ٹرانسپورٹ اور گھریلو بجٹ پر پڑنے والے بوجھ کا تفصیلی جائزہ,URDU,urdu_bm25,37,77101,24.624370574951172,50
phase10b_frozen_dump,H037,ملک میں پٹرول ڈیزل اور بجلی کے نرخ بڑھنے سے ٹرانسپورٹ اور گھریلو بجٹ پر پڑنے والے بوجھ کا تفصیلی جائزہ,URDU,urdu_bm25,38,71711,24.39044761657715,50
phase10b_frozen_dump,H037,ملک میں پٹرول ڈیزل اور بجلی کے نرخ بڑھنے سے ٹرانسپورٹ اور گھریلو بجٹ پر پڑنے والے بوجھ کا تفصیلی جائزہ,URDU,urdu_bm25,39,350,24.227693557739258,50
phase10b_frozen_dump,H037,ملک میں پٹرول ڈیزل اور بجلی کے نرخ بڑھنے سے ٹرانسپورٹ اور گھریلو بجٹ پر پڑنے والے بوجھ کا تفصیلی جائزہ,URDU,urdu_bm25,40,78382,24.134307861328125,50
phase10b_frozen_dump,H037,ملک میں پٹرول ڈیزل اور بجلی کے نرخ بڑھنے سے ٹرانسپورٹ اور گھریلو بجٹ پر پڑنے والے بوجھ کا تفصیلی جائزہ,URDU,urdu_bm25,41,74531,23.772886276245117,50
phase10b_frozen_dump,H037,ملک میں پٹرول ڈیزل اور بجلی کے نرخ بڑھنے سے ٹرانسپورٹ اور گھریلو بجٹ پر پڑنے والے بوجھ کا تفصیلی جائزہ,URDU,urdu_bm25,42,1381,23.750167846679688,50
phase10b_frozen_dump,H037,ملک میں پٹرول ڈیزل اور بجلی کے نرخ بڑھنے سے ٹرانسپورٹ اور گھریلو بجٹ پر پڑنے والے بوجھ کا تفصیلی جائزہ,URDU,urdu_bm25,43,76236,23.748703002929688,50
phase10b_frozen_dump,H037,ملک میں پٹرول ڈیزل اور بجلی کے نرخ بڑھنے سے ٹرانسپورٹ اور گھریلو بجٹ پر پڑنے والے بوجھ کا تفصیلی جائزہ,URDU,urdu_bm25,44,110295,23.69813346862793,50
phase10b_frozen_dump,H037,ملک میں پٹرول ڈیزل اور بجلی کے نرخ بڑھنے سے ٹرانسپورٹ اور گھریلو بجٹ پر پڑنے والے بوجھ کا تفصیلی جائزہ,URDU,urdu_bm25,45,71051,23.54871368408203,50
phase10b_frozen_dump,H037,ملک میں پٹرول ڈیزل اور بجلی کے نرخ بڑھنے سے ٹرانسپورٹ اور گھریلو بجٹ پر پڑنے والے بوجھ کا تفصیلی جائزہ,URDU,urdu_bm25,46,40351,23.471153259277344,50
phase10b_frozen_dump,H037,ملک میں پٹرول ڈیزل اور بجلی کے نرخ بڑھنے سے ٹرانسپورٹ اور گھریلو بجٹ پر پڑنے والے بوجھ کا تفصیلی جائزہ,URDU,urdu_bm25,47,64916,23.470006942749023,50
phase10b_frozen_dump,H037,ملک میں پٹرول ڈیزل اور بجلی کے نرخ بڑھنے سے ٹرانسپورٹ اور گھریلو بجٹ پر پڑنے والے بوجھ کا تفصیلی جائزہ,URDU,urdu_bm25,48,75836,23.431129455566406,50
phase10b_frozen_dump,H037,ملک میں پٹرول ڈیزل اور بجلی کے نرخ بڑھنے سے ٹرانسپورٹ اور گھریلو بجٹ پر پڑنے والے بوجھ کا تفصیلی جائزہ,URDU,urdu_bm25,49,65468,23.316059112548828,50
phase10b_frozen_dump,H037,ملک میں پٹرول ڈیزل اور بجلی کے نرخ بڑھنے سے ٹرانسپورٹ اور گھریلو بجٹ پر پڑنے والے بوجھ کا تفصیلی جائزہ,URDU,urdu_bm25,50,349,23.292572021484375,50
phase10b_frozen_dump,H038,قومی کرکٹ ٹیم کی حالیہ شکست کے بعد سلیکٹرز کی حکمت عملی اور کھلاڑیوں کی فارم پر ایک گہری نظر,URDU,urdu_bm25,1,86965,31.803293228149414,50
phase10b_frozen_dump,H038,قومی کرکٹ ٹیم کی حالیہ شکست کے بعد سلیکٹرز کی حکمت عملی اور کھلاڑیوں کی فارم پر ایک گہری نظر,URDU,urdu_bm25,2,58114,30.967552185058594,50
phase10b_frozen_dump,H038,قومی کرکٹ ٹیم کی حالیہ شکست کے بعد سلیکٹرز کی حکمت عملی اور کھلاڑیوں کی فارم پر ایک گہری نظر,URDU,urdu_bm25,3,86273,30.6395206451416,50
phase10b_frozen_dump,H038,قومی کرکٹ ٹیم کی حالیہ شکست کے بعد سلیکٹرز کی حکمت عملی اور کھلاڑیوں کی فارم پر ایک گہری نظر,URDU,urdu_bm25,4,45062,30.396833419799805,50
phase10b_frozen_dump,H038,قومی کرکٹ ٹیم کی حالیہ شکست کے بعد سلیکٹرز کی حکمت عملی اور کھلاڑیوں کی فارم پر ایک گہری نظر,URDU,urdu_bm25,5,42172,29.810760498046875,50
phase10b_frozen_dump,H038,قومی کرکٹ ٹیم کی حالیہ شکست کے بعد سلیکٹرز کی حکمت عملی اور کھلاڑیوں کی فارم پر ایک گہری نظر,URDU,urdu_bm25,6,33036,29.772491455078125,50
phase10b_frozen_dump,H038,قومی کرکٹ ٹیم کی حالیہ شکست کے بعد سلیکٹرز کی حکمت عملی اور کھلاڑیوں کی فارم پر ایک گہری نظر,URDU,urdu_bm25,7,42171,28.943742752075195,50
phase10b_frozen_dump,H038,قومی کرکٹ ٹیم کی حالیہ شکست کے بعد سلیکٹرز کی حکمت عملی اور کھلاڑیوں کی فارم پر ایک گہری نظر,URDU,urdu_bm25,8,82097,28.494775772094727,50
phase10b_frozen_dump,H038,قومی کرکٹ ٹیم کی حالیہ شکست کے بعد سلیکٹرز کی حکمت عملی اور کھلاڑیوں کی فارم پر ایک گہری نظر,URDU,urdu_bm25,9,25778,28.448566436767578,50
phase10b_frozen_dump,H038,قومی کرکٹ ٹیم کی حالیہ شکست کے بعد سلیکٹرز کی حکمت عملی اور کھلاڑیوں کی فارم پر ایک گہری نظر,URDU,urdu_bm25,10,37930,28.23555564880371,50
phase10b_frozen_dump,H038,قومی کرکٹ ٹیم کی حالیہ شکست کے بعد سلیکٹرز کی حکمت عملی اور کھلاڑیوں کی فارم پر ایک گہری نظر,URDU,urdu_bm25,11,34645,28.185014724731445,50
phase10b_frozen_dump,H038,قومی کرکٹ ٹیم کی حالیہ شکست کے بعد سلیکٹرز کی حکمت عملی اور کھلاڑیوں کی فارم پر ایک گہری نظر,URDU,urdu_bm25,12,82765,27.997426986694336,50
phase10b_frozen_dump,H038,قومی کرکٹ ٹیم کی حالیہ شکست کے بعد سلیکٹرز کی حکمت عملی اور کھلاڑیوں کی فارم پر ایک گہری نظر,URDU,urdu_bm25,13,29577,27.968002319335938,50
phase10b_frozen_dump,H038,قومی کرکٹ ٹیم کی حالیہ شکست کے بعد سلیکٹرز کی حکمت عملی اور کھلاڑیوں کی فارم پر ایک گہری نظر,URDU,urdu_bm25,14,81602,27.951499938964844,50
phase10b_frozen_dump,H038,قومی کرکٹ ٹیم کی حالیہ شکست کے بعد سلیکٹرز کی حکمت عملی اور کھلاڑیوں کی فارم پر ایک گہری نظر,URDU,urdu_bm25,15,82759,27.679597854614258,50
phase10b_frozen_dump,H038,قومی کرکٹ ٹیم کی حالیہ شکست کے بعد سلیکٹرز کی حکمت عملی اور کھلاڑیوں کی فارم پر ایک گہری نظر,URDU,urdu_bm25,16,33879,27.625205993652344,50
phase10b_frozen_dump,H038,قومی کرکٹ ٹیم کی حالیہ شکست کے بعد سلیکٹرز کی حکمت عملی اور کھلاڑیوں کی فارم پر ایک گہری نظر,URDU,urdu_bm25,17,85806,27.31112289428711,50
phase10b_frozen_dump,H038,قومی کرکٹ ٹیم کی حالیہ شکست کے بعد سلیکٹرز کی حکمت عملی اور کھلاڑیوں کی فارم پر ایک گہری نظر,URDU,urdu_bm25,18,86788,27.214405059814453,50
phase10b_frozen_dump,H038,قومی کرکٹ ٹیم کی حالیہ شکست کے بعد سلیکٹرز کی حکمت عملی اور کھلاڑیوں کی فارم پر ایک گہری نظر,URDU,urdu_bm25,19,36387,27.07973861694336,50
phase10b_frozen_dump,H038,قومی کرکٹ ٹیم کی حالیہ شکست کے بعد سلیکٹرز کی حکمت عملی اور کھلاڑیوں کی فارم پر ایک گہری نظر,URDU,urdu_bm25,20,47217,26.959800720214844,50
phase10b_frozen_dump,H038,قومی کرکٹ ٹیم کی حالیہ شکست کے بعد سلیکٹرز کی حکمت عملی اور کھلاڑیوں کی فارم پر ایک گہری نظر,URDU,urdu_bm25,21,87806,26.904850006103516,50
phase10b_frozen_dump,H038,قومی کرکٹ ٹیم کی حالیہ شکست کے بعد سلیکٹرز کی حکمت عملی اور کھلاڑیوں کی فارم پر ایک گہری نظر,URDU,urdu_bm25,22,32732,26.828886032104492,50
phase10b_frozen_dump,H038,قومی کرکٹ ٹیم کی حالیہ شکست کے بعد سلیکٹرز کی حکمت عملی اور کھلاڑیوں کی فارم پر ایک گہری نظر,URDU,urdu_bm25,23,32453,26.68458366394043,50
phase10b_frozen_dump,H038,قومی کرکٹ ٹیم کی حالیہ شکست کے بعد سلیکٹرز کی حکمت عملی اور کھلاڑیوں کی فارم پر ایک گہری نظر,URDU,urdu_bm25,24,86489,26.669626235961914,50
phase10b_frozen_dump,H038,قومی کرکٹ ٹیم کی حالیہ شکست کے بعد سلیکٹرز کی حکمت عملی اور کھلاڑیوں کی فارم پر ایک گہری نظر,URDU,urdu_bm25,25,84799,26.504226684570312,50
phase10b_frozen_dump,H038,قومی کرکٹ ٹیم کی حالیہ شکست کے بعد سلیکٹرز کی حکمت عملی اور کھلاڑیوں کی فارم پر ایک گہری نظر,URDU,urdu_bm25,26,35064,26.400293350219727,50
phase10b_frozen_dump,H038,قومی کرکٹ ٹیم کی حالیہ شکست کے بعد سلیکٹرز کی حکمت عملی اور کھلاڑیوں کی فارم پر ایک گہری نظر,URDU,urdu_bm25,27,83162,26.397741317749023,50
phase10b_frozen_dump,H038,قومی کرکٹ ٹیم کی حالیہ شکست کے بعد سلیکٹرز کی حکمت عملی اور کھلاڑیوں کی فارم پر ایک گہری نظر,URDU,urdu_bm25,28,26209,26.238927841186523,50
phase10b_frozen_dump,H038,قومی کرکٹ ٹیم کی حالیہ شکست کے بعد سلیکٹرز کی حکمت عملی اور کھلاڑیوں کی فارم پر ایک گہری نظر,URDU,urdu_bm25,29,42746,26.105775833129883,50
phase10b_frozen_dump,H038,قومی کرکٹ ٹیم کی حالیہ شکست کے بعد سلیکٹرز کی حکمت عملی اور کھلاڑیوں کی فارم پر ایک گہری نظر,URDU,urdu_bm25,30,34477,26.097700119018555,50
phase10b_frozen_dump,H038,قومی کرکٹ ٹیم کی حالیہ شکست کے بعد سلیکٹرز کی حکمت عملی اور کھلاڑیوں کی فارم پر ایک گہری نظر,URDU,urdu_bm25,31,52097,26.032289505004883,50
phase10b_frozen_dump,H038,قومی کرکٹ ٹیم کی حالیہ شکست کے بعد سلیکٹرز کی حکمت عملی اور کھلاڑیوں کی فارم پر ایک گہری نظر,URDU,urdu_bm25,32,89298,26.016998291015625,50
phase10b_frozen_dump,H038,قومی کرکٹ ٹیم کی حالیہ شکست کے بعد سلیکٹرز کی حکمت عملی اور کھلاڑیوں کی فارم پر ایک گہری نظر,URDU,urdu_bm25,33,58717,25.948392868041992,50
phase10b_frozen_dump,H038,قومی کرکٹ ٹیم کی حالیہ شکست کے بعد سلیکٹرز کی حکمت عملی اور کھلاڑیوں کی فارم پر ایک گہری نظر,URDU,urdu_bm25,34,27082,25.806013107299805,50
phase10b_frozen_dump,H038,قومی کرکٹ ٹیم کی حالیہ شکست کے بعد سلیکٹرز کی حکمت عملی اور کھلاڑیوں کی فارم پر ایک گہری نظر,URDU,urdu_bm25,35,57474,25.766878128051758,50
phase10b_frozen_dump,H038,قومی کرکٹ ٹیم کی حالیہ شکست کے بعد سلیکٹرز کی حکمت عملی اور کھلاڑیوں کی فارم پر ایک گہری نظر,URDU,urdu_bm25,36,96793,25.717453002929688,50
phase10b_frozen_dump,H038,قومی کرکٹ ٹیم کی حالیہ شکست کے بعد سلیکٹرز کی حکمت عملی اور کھلاڑیوں کی فارم پر ایک گہری نظر,URDU,urdu_bm25,37,47223,25.675630569458008,50
phase10b_frozen_dump,H038,قومی کرکٹ ٹیم کی حالیہ شکست کے بعد سلیکٹرز کی حکمت عملی اور کھلاڑیوں کی فارم پر ایک گہری نظر,URDU,urdu_bm25,38,84020,25.580768585205078,50
phase10b_frozen_dump,H038,قومی کرکٹ ٹیم کی حالیہ شکست کے بعد سلیکٹرز کی حکمت عملی اور کھلاڑیوں کی فارم پر ایک گہری نظر,URDU,urdu_bm25,39,55395,25.55658531188965,50
phase10b_frozen_dump,H038,قومی کرکٹ ٹیم کی حالیہ شکست کے بعد سلیکٹرز کی حکمت عملی اور کھلاڑیوں کی فارم پر ایک گہری نظر,URDU,urdu_bm25,40,84849,25.467060089111328,50
phase10b_frozen_dump,H038,قومی کرکٹ ٹیم کی حالیہ شکست کے بعد سلیکٹرز کی حکمت عملی اور کھلاڑیوں کی فارم پر ایک گہری نظر,URDU,urdu_bm25,41,36321,25.453413009643555,50
phase10b_frozen_dump,H038,قومی کرکٹ ٹیم کی حالیہ شکست کے بعد سلیکٹرز کی حکمت عملی اور کھلاڑیوں کی فارم پر ایک گہری نظر,URDU,urdu_bm25,42,24788,25.38964080810547,50
phase10b_frozen_dump,H038,قومی کرکٹ ٹیم کی حالیہ شکست کے بعد سلیکٹرز کی حکمت عملی اور کھلاڑیوں کی فارم پر ایک گہری نظر,URDU,urdu_bm25,43,27226,25.34880828857422,50
phase10b_frozen_dump,H038,قومی کرکٹ ٹیم کی حالیہ شکست کے بعد سلیکٹرز کی حکمت عملی اور کھلاڑیوں کی فارم پر ایک گہری نظر,URDU,urdu_bm25,44,87841,25.15836524963379,50
phase10b_frozen_dump,H038,قومی کرکٹ ٹیم کی حالیہ شکست کے بعد سلیکٹرز کی حکمت عملی اور کھلاڑیوں کی فارم پر ایک گہری نظر,URDU,urdu_bm25,45,83677,25.06708335876465,50
phase10b_frozen_dump,H038,قومی کرکٹ ٹیم کی حالیہ شکست کے بعد سلیکٹرز کی حکمت عملی اور کھلاڑیوں کی فارم پر ایک گہری نظر,URDU,urdu_bm25,46,86445,24.939926147460938,50
phase10b_frozen_dump,H038,قومی کرکٹ ٹیم کی حالیہ شکست کے بعد سلیکٹرز کی حکمت عملی اور کھلاڑیوں کی فارم پر ایک گہری نظر,URDU,urdu_bm25,47,26558,24.781835556030273,50
phase10b_frozen_dump,H038,قومی کرکٹ ٹیم کی حالیہ شکست کے بعد سلیکٹرز کی حکمت عملی اور کھلاڑیوں کی فارم پر ایک گہری نظر,URDU,urdu_bm25,48,34687,24.758413314819336,50
phase10b_frozen_dump,H038,قومی کرکٹ ٹیم کی حالیہ شکست کے بعد سلیکٹرز کی حکمت عملی اور کھلاڑیوں کی فارم پر ایک گہری نظر,URDU,urdu_bm25,49,34470,24.755823135375977,50
phase10b_frozen_dump,H038,قومی کرکٹ ٹیم کی حالیہ شکست کے بعد سلیکٹرز کی حکمت عملی اور کھلاڑیوں کی فارم پر ایک گہری نظر,URDU,urdu_bm25,50,92710,24.75143814086914,50
phase10b_frozen_dump,H039,petrol diesel aur bijli ke rates barhne se transport aur gharailu budget par parne wale bojh ka tafseeli jaiza,ROMAN,roman_bm25_method_D,1,64947,21.84873390197754,50
phase10b_frozen_dump,H039,petrol diesel aur bijli ke rates barhne se transport aur gharailu budget par parne wale bojh ka tafseeli jaiza,ROMAN,roman_bm25_method_D,2,40578,20.72871971130371,50
phase10b_frozen_dump,H039,petrol diesel aur bijli ke rates barhne se transport aur gharailu budget par parne wale bojh ka tafseeli jaiza,ROMAN,roman_bm25_method_D,3,63363,19.877511978149414,50
phase10b_frozen_dump,H039,petrol diesel aur bijli ke rates barhne se transport aur gharailu budget par parne wale bojh ka tafseeli jaiza,ROMAN,roman_bm25_method_D,4,61013,18.81094741821289,50
phase10b_frozen_dump,H039,petrol diesel aur bijli ke rates barhne se transport aur gharailu budget par parne wale bojh ka tafseeli jaiza,ROMAN,roman_bm25_method_D,5,75314,18.42113494873047,50
phase10b_frozen_dump,H039,petrol diesel aur bijli ke rates barhne se transport aur gharailu budget par parne wale bojh ka tafseeli jaiza,ROMAN,roman_bm25_method_D,6,75910,18.391136169433594,50
phase10b_frozen_dump,H039,petrol diesel aur bijli ke rates barhne se transport aur gharailu budget par parne wale bojh ka tafseeli jaiza,ROMAN,roman_bm25_method_D,7,78786,18.069766998291016,50
phase10b_frozen_dump,H039,petrol diesel aur bijli ke rates barhne se transport aur gharailu budget par parne wale bojh ka tafseeli jaiza,ROMAN,roman_bm25_method_D,8,72251,17.872085571289062,50
phase10b_frozen_dump,H039,petrol diesel aur bijli ke rates barhne se transport aur gharailu budget par parne wale bojh ka tafseeli jaiza,ROMAN,roman_bm25_method_D,9,72252,17.769184112548828,50
phase10b_frozen_dump,H039,petrol diesel aur bijli ke rates barhne se transport aur gharailu budget par parne wale bojh ka tafseeli jaiza,ROMAN,roman_bm25_method_D,10,110196,17.609033584594727,50
phase10b_frozen_dump,H039,petrol diesel aur bijli ke rates barhne se transport aur gharailu budget par parne wale bojh ka tafseeli jaiza,ROMAN,roman_bm25_method_D,11,65725,17.58268165588379,50
phase10b_frozen_dump,H039,petrol diesel aur bijli ke rates barhne se transport aur gharailu budget par parne wale bojh ka tafseeli jaiza,ROMAN,roman_bm25_method_D,12,62381,17.280597686767578,50
phase10b_frozen_dump,H039,petrol diesel aur bijli ke rates barhne se transport aur gharailu budget par parne wale bojh ka tafseeli jaiza,ROMAN,roman_bm25_method_D,13,61740,17.23937225341797,50
phase10b_frozen_dump,H039,petrol diesel aur bijli ke rates barhne se transport aur gharailu budget par parne wale bojh ka tafseeli jaiza,ROMAN,roman_bm25_method_D,14,72043,16.792978286743164,50
phase10b_frozen_dump,H039,petrol diesel aur bijli ke rates barhne se transport aur gharailu budget par parne wale bojh ka tafseeli jaiza,ROMAN,roman_bm25_method_D,15,111025,16.661846160888672,50
phase10b_frozen_dump,H039,petrol diesel aur bijli ke rates barhne se transport aur gharailu budget par parne wale bojh ka tafseeli jaiza,ROMAN,roman_bm25_method_D,16,111284,16.600528717041016,50
phase10b_frozen_dump,H039,petrol diesel aur bijli ke rates barhne se transport aur gharailu budget par parne wale bojh ka tafseeli jaiza,ROMAN,roman_bm25_method_D,17,70902,16.35359764099121,50
phase10b_frozen_dump,H039,petrol diesel aur bijli ke rates barhne se transport aur gharailu budget par parne wale bojh ka tafseeli jaiza,ROMAN,roman_bm25_method_D,18,71118,16.318763732910156,50
phase10b_frozen_dump,H039,petrol diesel aur bijli ke rates barhne se transport aur gharailu budget par parne wale bojh ka tafseeli jaiza,ROMAN,roman_bm25_method_D,19,61480,16.25692367553711,50
phase10b_frozen_dump,H039,petrol diesel aur bijli ke rates barhne se transport aur gharailu budget par parne wale bojh ka tafseeli jaiza,ROMAN,roman_bm25_method_D,20,70808,16.19823455810547,50
phase10b_frozen_dump,H039,petrol diesel aur bijli ke rates barhne se transport aur gharailu budget par parne wale bojh ka tafseeli jaiza,ROMAN,roman_bm25_method_D,21,76807,16.187843322753906,50
phase10b_frozen_dump,H039,petrol diesel aur bijli ke rates barhne se transport aur gharailu budget par parne wale bojh ka tafseeli jaiza,ROMAN,roman_bm25_method_D,22,71507,16.084627151489258,50
phase10b_frozen_dump,H039,petrol diesel aur bijli ke rates barhne se transport aur gharailu budget par parne wale bojh ka tafseeli jaiza,ROMAN,roman_bm25_method_D,23,73673,15.993269920349121,50
phase10b_frozen_dump,H039,petrol diesel aur bijli ke rates barhne se transport aur gharailu budget par parne wale bojh ka tafseeli jaiza,ROMAN,roman_bm25_method_D,24,70165,15.977161407470703,50
phase10b_frozen_dump,H039,petrol diesel aur bijli ke rates barhne se transport aur gharailu budget par parne wale bojh ka tafseeli jaiza,ROMAN,roman_bm25_method_D,25,1080,15.923794746398926,50
phase10b_frozen_dump,H039,petrol diesel aur bijli ke rates barhne se transport aur gharailu budget par parne wale bojh ka tafseeli jaiza,ROMAN,roman_bm25_method_D,26,109292,15.838730812072754,50
phase10b_frozen_dump,H039,petrol diesel aur bijli ke rates barhne se transport aur gharailu budget par parne wale bojh ka tafseeli jaiza,ROMAN,roman_bm25_method_D,27,77462,15.775031089782715,50
phase10b_frozen_dump,H039,petrol diesel aur bijli ke rates barhne se transport aur gharailu budget par parne wale bojh ka tafseeli jaiza,ROMAN,roman_bm25_method_D,28,75043,15.757996559143066,50
phase10b_frozen_dump,H039,petrol diesel aur bijli ke rates barhne se transport aur gharailu budget par parne wale bojh ka tafseeli jaiza,ROMAN,roman_bm25_method_D,29,74979,15.686911582946777,50
phase10b_frozen_dump,H039,petrol diesel aur bijli ke rates barhne se transport aur gharailu budget par parne wale bojh ka tafseeli jaiza,ROMAN,roman_bm25_method_D,30,61050,15.603837966918945,50
phase10b_frozen_dump,H039,petrol diesel aur bijli ke rates barhne se transport aur gharailu budget par parne wale bojh ka tafseeli jaiza,ROMAN,roman_bm25_method_D,31,70774,15.595113754272461,50
phase10b_frozen_dump,H039,petrol diesel aur bijli ke rates barhne se transport aur gharailu budget par parne wale bojh ka tafseeli jaiza,ROMAN,roman_bm25_method_D,32,64246,15.541415214538574,50
phase10b_frozen_dump,H039,petrol diesel aur bijli ke rates barhne se transport aur gharailu budget par parne wale bojh ka tafseeli jaiza,ROMAN,roman_bm25_method_D,33,39577,15.529296875,50
phase10b_frozen_dump,H039,petrol diesel aur bijli ke rates barhne se transport aur gharailu budget par parne wale bojh ka tafseeli jaiza,ROMAN,roman_bm25_method_D,34,64270,15.51425552368164,50
phase10b_frozen_dump,H039,petrol diesel aur bijli ke rates barhne se transport aur gharailu budget par parne wale bojh ka tafseeli jaiza,ROMAN,roman_bm25_method_D,35,70030,15.497284889221191,50
phase10b_frozen_dump,H039,petrol diesel aur bijli ke rates barhne se transport aur gharailu budget par parne wale bojh ka tafseeli jaiza,ROMAN,roman_bm25_method_D,36,64230,15.46366024017334,50
phase10b_frozen_dump,H039,petrol diesel aur bijli ke rates barhne se transport aur gharailu budget par parne wale bojh ka tafseeli jaiza,ROMAN,roman_bm25_method_D,37,64356,15.445847511291504,50
phase10b_frozen_dump,H039,petrol diesel aur bijli ke rates barhne se transport aur gharailu budget par parne wale bojh ka tafseeli jaiza,ROMAN,roman_bm25_method_D,38,88860,15.422469139099121,50
phase10b_frozen_dump,H039,petrol diesel aur bijli ke rates barhne se transport aur gharailu budget par parne wale bojh ka tafseeli jaiza,ROMAN,roman_bm25_method_D,39,64783,15.398061752319336,50
phase10b_frozen_dump,H039,petrol diesel aur bijli ke rates barhne se transport aur gharailu budget par parne wale bojh ka tafseeli jaiza,ROMAN,roman_bm25_method_D,40,59304,15.391670227050781,50
phase10b_frozen_dump,H039,petrol diesel aur bijli ke rates barhne se transport aur gharailu budget par parne wale bojh ka tafseeli jaiza,ROMAN,roman_bm25_method_D,41,71051,15.379219055175781,50
phase10b_frozen_dump,H039,petrol diesel aur bijli ke rates barhne se transport aur gharailu budget par parne wale bojh ka tafseeli jaiza,ROMAN,roman_bm25_method_D,42,2985,15.368868827819824,50
phase10b_frozen_dump,H039,petrol diesel aur bijli ke rates barhne se transport aur gharailu budget par parne wale bojh ka tafseeli jaiza,ROMAN,roman_bm25_method_D,43,111463,15.352730751037598,50
phase10b_frozen_dump,H039,petrol diesel aur bijli ke rates barhne se transport aur gharailu budget par parne wale bojh ka tafseeli jaiza,ROMAN,roman_bm25_method_D,44,70910,15.350984573364258,50
phase10b_frozen_dump,H039,petrol diesel aur bijli ke rates barhne se transport aur gharailu budget par parne wale bojh ka tafseeli jaiza,ROMAN,roman_bm25_method_D,45,60924,15.322152137756348,50
phase10b_frozen_dump,H039,petrol diesel aur bijli ke rates barhne se transport aur gharailu budget par parne wale bojh ka tafseeli jaiza,ROMAN,roman_bm25_method_D,46,64916,15.311552047729492,50
phase10b_frozen_dump,H039,petrol diesel aur bijli ke rates barhne se transport aur gharailu budget par parne wale bojh ka tafseeli jaiza,ROMAN,roman_bm25_method_D,47,64379,15.295161247253418,50
phase10b_frozen_dump,H039,petrol diesel aur bijli ke rates barhne se transport aur gharailu budget par parne wale bojh ka tafseeli jaiza,ROMAN,roman_bm25_method_D,48,70880,15.250561714172363,50
phase10b_frozen_dump,H039,petrol diesel aur bijli ke rates barhne se transport aur gharailu budget par parne wale bojh ka tafseeli jaiza,ROMAN,roman_bm25_method_D,49,76729,15.236659049987793,50
phase10b_frozen_dump,H039,petrol diesel aur bijli ke rates barhne se transport aur gharailu budget par parne wale bojh ka tafseeli jaiza,ROMAN,roman_bm25_method_D,50,74341,15.192963600158691,50
phase10b_frozen_dump,H040,qaumi cricket team ki haaliya shikast ke baad selectors ki hikmat e amli aur players ki form par ek gehri nazar,ROMAN,roman_bm25_method_D,1,109897,18.51026725769043,50
phase10b_frozen_dump,H040,qaumi cricket team ki haaliya shikast ke baad selectors ki hikmat e amli aur players ki form par ek gehri nazar,ROMAN,roman_bm25_method_D,2,72093,18.1935977935791,50
phase10b_frozen_dump,H040,qaumi cricket team ki haaliya shikast ke baad selectors ki hikmat e amli aur players ki form par ek gehri nazar,ROMAN,roman_bm25_method_D,3,29,16.695606231689453,50
phase10b_frozen_dump,H040,qaumi cricket team ki haaliya shikast ke baad selectors ki hikmat e amli aur players ki form par ek gehri nazar,ROMAN,roman_bm25_method_D,4,33755,16.3153076171875,50
phase10b_frozen_dump,H040,qaumi cricket team ki haaliya shikast ke baad selectors ki hikmat e amli aur players ki form par ek gehri nazar,ROMAN,roman_bm25_method_D,5,28473,15.973123550415039,50
phase10b_frozen_dump,H040,qaumi cricket team ki haaliya shikast ke baad selectors ki hikmat e amli aur players ki form par ek gehri nazar,ROMAN,roman_bm25_method_D,6,40213,15.393237113952637,50
phase10b_frozen_dump,H040,qaumi cricket team ki haaliya shikast ke baad selectors ki hikmat e amli aur players ki form par ek gehri nazar,ROMAN,roman_bm25_method_D,7,35182,13.756088256835938,50
phase10b_frozen_dump,H040,qaumi cricket team ki haaliya shikast ke baad selectors ki hikmat e amli aur players ki form par ek gehri nazar,ROMAN,roman_bm25_method_D,8,86858,13.400495529174805,50
phase10b_frozen_dump,H040,qaumi cricket team ki haaliya shikast ke baad selectors ki hikmat e amli aur players ki form par ek gehri nazar,ROMAN,roman_bm25_method_D,9,102300,13.345687866210938,50
phase10b_frozen_dump,H040,qaumi cricket team ki haaliya shikast ke baad selectors ki hikmat e amli aur players ki form par ek gehri nazar,ROMAN,roman_bm25_method_D,10,45062,13.266925811767578,50
phase10b_frozen_dump,H040,qaumi cricket team ki haaliya shikast ke baad selectors ki hikmat e amli aur players ki form par ek gehri nazar,ROMAN,roman_bm25_method_D,11,76646,13.230781555175781,50
phase10b_frozen_dump,H040,qaumi cricket team ki haaliya shikast ke baad selectors ki hikmat e amli aur players ki form par ek gehri nazar,ROMAN,roman_bm25_method_D,12,93580,13.17362117767334,50
phase10b_frozen_dump,H040,qaumi cricket team ki haaliya shikast ke baad selectors ki hikmat e amli aur players ki form par ek gehri nazar,ROMAN,roman_bm25_method_D,13,87081,12.889307022094727,50
phase10b_frozen_dump,H040,qaumi cricket team ki haaliya shikast ke baad selectors ki hikmat e amli aur players ki form par ek gehri nazar,ROMAN,roman_bm25_method_D,14,9775,12.884273529052734,50
phase10b_frozen_dump,H040,qaumi cricket team ki haaliya shikast ke baad selectors ki hikmat e amli aur players ki form par ek gehri nazar,ROMAN,roman_bm25_method_D,15,44758,12.872666358947754,50
phase10b_frozen_dump,H040,qaumi cricket team ki haaliya shikast ke baad selectors ki hikmat e amli aur players ki form par ek gehri nazar,ROMAN,roman_bm25_method_D,16,97037,12.653883934020996,50
phase10b_frozen_dump,H040,qaumi cricket team ki haaliya shikast ke baad selectors ki hikmat e amli aur players ki form par ek gehri nazar,ROMAN,roman_bm25_method_D,17,34645,12.51570987701416,50
phase10b_frozen_dump,H040,qaumi cricket team ki haaliya shikast ke baad selectors ki hikmat e amli aur players ki form par ek gehri nazar,ROMAN,roman_bm25_method_D,18,88667,12.456294059753418,50
phase10b_frozen_dump,H040,qaumi cricket team ki haaliya shikast ke baad selectors ki hikmat e amli aur players ki form par ek gehri nazar,ROMAN,roman_bm25_method_D,19,87841,12.372662544250488,50
phase10b_frozen_dump,H040,qaumi cricket team ki haaliya shikast ke baad selectors ki hikmat e amli aur players ki form par ek gehri nazar,ROMAN,roman_bm25_method_D,20,111502,12.322824478149414,50
phase10b_frozen_dump,H040,qaumi cricket team ki haaliya shikast ke baad selectors ki hikmat e amli aur players ki form par ek gehri nazar,ROMAN,roman_bm25_method_D,21,86965,12.301385879516602,50
phase10b_frozen_dump,H040,qaumi cricket team ki haaliya shikast ke baad selectors ki hikmat e amli aur players ki form par ek gehri nazar,ROMAN,roman_bm25_method_D,22,86489,12.27524185180664,50
phase10b_frozen_dump,H040,qaumi cricket team ki haaliya shikast ke baad selectors ki hikmat e amli aur players ki form par ek gehri nazar,ROMAN,roman_bm25_method_D,23,34470,12.229127883911133,50
phase10b_frozen_dump,H040,qaumi cricket team ki haaliya shikast ke baad selectors ki hikmat e amli aur players ki form par ek gehri nazar,ROMAN,roman_bm25_method_D,24,83677,12.206819534301758,50
phase10b_frozen_dump,H040,qaumi cricket team ki haaliya shikast ke baad selectors ki hikmat e amli aur players ki form par ek gehri nazar,ROMAN,roman_bm25_method_D,25,87802,12.179849624633789,50
phase10b_frozen_dump,H040,qaumi cricket team ki haaliya shikast ke baad selectors ki hikmat e amli aur players ki form par ek gehri nazar,ROMAN,roman_bm25_method_D,26,102886,12.16817855834961,50
phase10b_frozen_dump,H040,qaumi cricket team ki haaliya shikast ke baad selectors ki hikmat e amli aur players ki form par ek gehri nazar,ROMAN,roman_bm25_method_D,27,44896,12.160871505737305,50
phase10b_frozen_dump,H040,qaumi cricket team ki haaliya shikast ke baad selectors ki hikmat e amli aur players ki form par ek gehri nazar,ROMAN,roman_bm25_method_D,28,25920,12.149121284484863,50
phase10b_frozen_dump,H040,qaumi cricket team ki haaliya shikast ke baad selectors ki hikmat e amli aur players ki form par ek gehri nazar,ROMAN,roman_bm25_method_D,29,80562,12.04995059967041,50
phase10b_frozen_dump,H040,qaumi cricket team ki haaliya shikast ke baad selectors ki hikmat e amli aur players ki form par ek gehri nazar,ROMAN,roman_bm25_method_D,30,87110,12.03011703491211,50
phase10b_frozen_dump,H040,qaumi cricket team ki haaliya shikast ke baad selectors ki hikmat e amli aur players ki form par ek gehri nazar,ROMAN,roman_bm25_method_D,31,57474,12.0068359375,50
phase10b_frozen_dump,H040,qaumi cricket team ki haaliya shikast ke baad selectors ki hikmat e amli aur players ki form par ek gehri nazar,ROMAN,roman_bm25_method_D,32,85700,11.924001693725586,50
phase10b_frozen_dump,H040,qaumi cricket team ki haaliya shikast ke baad selectors ki hikmat e amli aur players ki form par ek gehri nazar,ROMAN,roman_bm25_method_D,33,72585,11.86474609375,50
phase10b_frozen_dump,H040,qaumi cricket team ki haaliya shikast ke baad selectors ki hikmat e amli aur players ki form par ek gehri nazar,ROMAN,roman_bm25_method_D,34,94443,11.843451499938965,50
phase10b_frozen_dump,H040,qaumi cricket team ki haaliya shikast ke baad selectors ki hikmat e amli aur players ki form par ek gehri nazar,ROMAN,roman_bm25_method_D,35,52997,11.84162712097168,50
phase10b_frozen_dump,H040,qaumi cricket team ki haaliya shikast ke baad selectors ki hikmat e amli aur players ki form par ek gehri nazar,ROMAN,roman_bm25_method_D,36,46574,11.819926261901855,50
phase10b_frozen_dump,H040,qaumi cricket team ki haaliya shikast ke baad selectors ki hikmat e amli aur players ki form par ek gehri nazar,ROMAN,roman_bm25_method_D,37,52097,11.789637565612793,50
phase10b_frozen_dump,H040,qaumi cricket team ki haaliya shikast ke baad selectors ki hikmat e amli aur players ki form par ek gehri nazar,ROMAN,roman_bm25_method_D,38,82759,11.77427864074707,50
phase10b_frozen_dump,H040,qaumi cricket team ki haaliya shikast ke baad selectors ki hikmat e amli aur players ki form par ek gehri nazar,ROMAN,roman_bm25_method_D,39,87247,11.707967758178711,50
phase10b_frozen_dump,H040,qaumi cricket team ki haaliya shikast ke baad selectors ki hikmat e amli aur players ki form par ek gehri nazar,ROMAN,roman_bm25_method_D,40,77631,11.634912490844727,50
phase10b_frozen_dump,H040,qaumi cricket team ki haaliya shikast ke baad selectors ki hikmat e amli aur players ki form par ek gehri nazar,ROMAN,roman_bm25_method_D,41,46165,11.584637641906738,50
phase10b_frozen_dump,H040,qaumi cricket team ki haaliya shikast ke baad selectors ki hikmat e amli aur players ki form par ek gehri nazar,ROMAN,roman_bm25_method_D,42,46712,11.57280445098877,50
phase10b_frozen_dump,H040,qaumi cricket team ki haaliya shikast ke baad selectors ki hikmat e amli aur players ki form par ek gehri nazar,ROMAN,roman_bm25_method_D,43,60773,11.551692962646484,50
phase10b_frozen_dump,H040,qaumi cricket team ki haaliya shikast ke baad selectors ki hikmat e amli aur players ki form par ek gehri nazar,ROMAN,roman_bm25_method_D,44,81185,11.551607131958008,50
phase10b_frozen_dump,H040,qaumi cricket team ki haaliya shikast ke baad selectors ki hikmat e amli aur players ki form par ek gehri nazar,ROMAN,roman_bm25_method_D,45,1896,11.545275688171387,50
phase10b_frozen_dump,H040,qaumi cricket team ki haaliya shikast ke baad selectors ki hikmat e amli aur players ki form par ek gehri nazar,ROMAN,roman_bm25_method_D,46,47736,11.502169609069824,50
phase10b_frozen_dump,H040,qaumi cricket team ki haaliya shikast ke baad selectors ki hikmat e amli aur players ki form par ek gehri nazar,ROMAN,roman_bm25_method_D,47,33036,11.467184066772461,50
phase10b_frozen_dump,H040,qaumi cricket team ki haaliya shikast ke baad selectors ki hikmat e amli aur players ki form par ek gehri nazar,ROMAN,roman_bm25_method_D,48,60769,11.435185432434082,50
phase10b_frozen_dump,H040,qaumi cricket team ki haaliya shikast ke baad selectors ki hikmat e amli aur players ki form par ek gehri nazar,ROMAN,roman_bm25_method_D,49,40673,11.433480262756348,50
phase10b_frozen_dump,H040,qaumi cricket team ki haaliya shikast ke baad selectors ki hikmat e amli aur players ki form par ek gehri nazar,ROMAN,roman_bm25_method_D,50,71681,11.394159317016602,50
