experiment_id,query_id,query_text,track,source_doc_id,detector_label,retrieval_path,rank,doc_id,bm25_score,headline,news_text_or_snippet,n_hits_returned,top_k_tier,relevance_label
post_phase12_r_dev,R001,ایشیائی مارکیٹوں میں کورونا کے بعد تیزی سے بحالی,KI,523,URDU,urdu_bm25,1,62331,25.27944564819336,عالمی منڈی میں خام تیل کی قیمتیں مستحکم عالمی اسٹاک مارکیٹ میں تیزی,عالمی منڈی میں خام تیل کی قیمتیں مستحکم ہونے پرامریکی اور یورپی مارکیٹوں تیزی گئی جبکہ ایشیائی منڈی میں بھی تیزی کا رجحان دیکھا گیا خام تیل کی قیمتوں میں اضافہ کے باعث امریکی اور یورپی مارکیٹوں میں ایک بار پھر مثبت رجحان دیکھا گیا اس کے علاوہ چین کے معاشی بحران میں کمی کی وجہ سے یورپی اورایشیائی اسٹاک مارکیٹوں میں تیزی کا رجحان دیکھا گیا لندن کے ایف ٹی ایس سی انڈیکس میں ایک سوسولہ پوائنٹس امریکا کے نیسڈیک انڈیکس میں ستاون پوائنٹس جبکہ شنگھائی کمپوزٹ انڈیکس میں نوے پوائنٹس کا اضافہ ریکارڈ کیا گی…,50,top5,
post_phase12_r_dev,R001,ایشیائی مارکیٹوں میں کورونا کے بعد تیزی سے بحالی,KI,523,URDU,urdu_bm25,2,62439,23.00950050354004,پاکستان اسٹاک ایکسچینج میں ایک بارپھرشدید مندی,ایشیائی اسٹاک مارکیٹوں کی مندی نے پاکستان اسٹاک ایکسچینج کو بھی اپنی لییٹ میں لے لیا کاروبار کے اغاز پر ہی ہنڈریڈ انڈیکس دوران ٹریڈنگ سات سو چالیس پوائنٹس نیچے چلا گیا پاکستان اسٹاک ایکسچینج میں صبح سے ہی ایشیائی مارکیٹوں کی مندی کے اثرات دیکھے گئے کاروباری روز کے چوتھے دن انڈیکس کا غاز بھی منفی انداز سے ہوا جس کے بعد مارکیٹ بتیس ہزار کے لیول کو برقرار نہ رکھ سکی اور دوران ٹریڈنگ ہنڈریڈ انڈیکس سات سو نوے پوائنٹس کی کمی کے ساتھ اکتیس ہزار تین سو چونسٹھ کے لیول پر بھی دیکھا گیا ماہرین کے مطابق عا…,50,top5,
post_phase12_r_dev,R001,ایشیائی مارکیٹوں میں کورونا کے بعد تیزی سے بحالی,KI,523,URDU,urdu_bm25,3,62405,22.857900619506836,خام تیل کی قیمتوں میں اضافہ ایشیائی اسٹاک مارکیٹوں میں تیزی,خام تیل کی فی بیرل قیمت چارفیصد بڑھتے ہی ایشیائی اسٹاک مارکیٹ میں مندی کے بادل چھٹ گئے فی بیرل خام تیل بتیس ڈالر کی سطح پر جا پہنچا خام تیل کی قیمت اٹھائیس سے بتیس ڈالر کی سطح پر پہنچ جانے کے بعد یورپ کے ساتھ ایشیائی اسٹاک منڈیوں میں بھی تیزی دیکھی گئی شنگھائی کمپوزٹ انڈیکس اکیس پوائنٹس کے اضافے سے دو ہزار نو سو اڑتیس جبکہ ہینگ سینگ انڈیکس دوسوانسٹھ پوائنٹس بڑھ گئی جاپان کی نکئی انڈیکس میں ایک سو باون پوائنٹس بھارت کی بی ایس ای تھرٹی انڈیکس میں پچاس پوائنٹس اور جکارتہ کمپوزٹ میں بھی اننچاس پوائ…,50,top5,
post_phase12_r_dev,R001,ایشیائی مارکیٹوں میں کورونا کے بعد تیزی سے بحالی,KI,523,URDU,urdu_bm25,4,40694,22.505783081054688,عالمی اسٹاک مارکیٹوں پر چھائے مندی کے بادل پاکستان پر بھی منڈلانے لگے,کراچی 92نیوز ایشیائی مارکیٹوں میں مندی کے بادل گرجتے برستے نظر رہے ہیں جس کا اثر پاکستان اسٹاک مارکیٹ پر بھی پڑ رہا ہے جس کے بعد پی ایس ای ہنڈریڈ انڈیکس ساڑھے سات سو سے زائد پوانٹس گھٹ گیا تفصیلات کے مطابق وال اسٹریٹ کی جانب سے بین الاقوامی مارکیٹ میں تیزی سے گرتی ہوئی تیل کی قیمت اور عالمی معیشت میں سست روی کی پیشگوئی کے بعد ایشیائی اسٹاک مارکیٹوں پر مندی کے سائے چھائے ہوئے ہیں جس کے بعد جاپان کی مارکیٹ 392 فیصد چینی مارکیٹ 109 فیصد ہانگ کانگ 163 فیصد بھارت کی مارکیٹ 094 فیصد جبکہ پاکستان اسٹا…,50,top5,
post_phase12_r_dev,R001,ایشیائی مارکیٹوں میں کورونا کے بعد تیزی سے بحالی,KI,523,URDU,urdu_bm25,5,62180,22.139995574951172,یورپی اور ایشیائی مارکیٹوں میں مندی کے بادل,اوپیک اجلاس اور چین کی شعبہ توانائی کی ترقی سات سال کی کم ترین سطح پر پہنچنے کی خبر نے بیشتر ایشیائی اور یورپی مارکیٹوں کو مندی کی لپیٹ میں لے لیا گزشتہ ہفتے مسلسل تیزی دکھانے والی ایشیا کی اسٹاک مارکیٹیں چین کے شعبہ برائے توانائی کے منفی اعداد شمار پر مندی کا شکار ہوگئیں یورپی اسٹاک مارکیٹوں پر مندی کے بادل چھائے رہے اوپیک ممالک کی جانب سے خام تیل کی پیداوار کو منجمد کرنے جیسی خبروں نے بھی سرمایہ کاروں کو محتاط رویہ اپنانے پر مجبور کیا جاپان کی نکئی انڈیکس ہانگ کانگ کی ہینگ سینگ اور لندن کی ای…,50,top5,
post_phase12_r_dev,R002,مارشل آرٹ کی تربیت میں حملہ کرنے والا روبوٹ,KI,51897,URDU,urdu_bm25,1,51897,33.29970169067383,کھلاڑیوں کی تربیت کے لئے مارشل ارٹ روبوٹ,واشنگٹن 24 ستمبر 2020 باکسنگ اور مارشل ارٹ کے کھلاڑی تربیت کے دوران بھوسے بھرے بیگ کو مکے مارتے رہتے ہیں لیکن اب ایک تربیتی روبوٹ پلٹ کر ان پر وار بھی کرسکتا ہے اس روبوٹ کو مارشل ارٹ کے مشہور کھلاڑی برینٹ ورڈائلیز نے تیار کیا ہے ایک کھلاڑی کے ساتھ مشق کرتے ہوئے ان کی کلائی پر شدید چوٹ ائی جس کے بعد انہوں نے ورزشی تربیت کرانے والے روبوٹ پر کام شروع کردیا اور تربیت میں مدد فراہم کرنے والا قد ادم الہ بنایا ہے اس روبوٹ کی اونچائی 12 انچ ہے جسے دیوار پر نصب کیا جاسکتا ہے لیکن اونچائی کو کم یا زیادہ …,50,top5,
post_phase12_r_dev,R002,مارشل آرٹ کی تربیت میں حملہ کرنے والا روبوٹ,KI,51897,URDU,urdu_bm25,2,9515,20.926517486572266,جیکولین پول ڈانس کے بعد مارشل ارٹس کرتب دکھائیں گی,یہ بھی پڑھیں ریس میں سلمان خان کا مرکزی کردار فائنلمزید پڑھیں ریس تھری کی پہلی جھلک میں جیکولین کی انکھوں کی جھلکبولی وڈ کی انے والی ایکشن سسپنس فلم ریس تھری کی ریلیز میں اگرچہ ابھی کافی وقت ہے تاہم شائقین کو ابھی سے ہی اس فلم کا بے حد انتظار ہےریس تھری میں سلمان خان کے ساتھ دوسری بار جیکولین فرنانڈس ایکشن میں نظر ائیں گیاس بار جیکولین فرنانڈس صرف ایک رومانٹک سی نازک لڑکی کے بجائے ایسی لڑکی کی روپ میں نظر ائیں گی جو فلم میں اپنے حریفوں کو مارشل ارٹس سے مزے چکھاتی ہیںاور اسی لیے فلم کی شوٹنگ سے …,50,top5,
post_phase12_r_dev,R002,مارشل آرٹ کی تربیت میں حملہ کرنے والا روبوٹ,KI,51897,URDU,urdu_bm25,3,59747,20.764192581176758,سعودی عرب میں روبوٹ کو سرکاری ملازم تعینات کردیا گیا,ریاض25 دسمبر 2018 سعودی عرب بھی مصنوعی ذہانت اور ٹیکنالوجی کو سرکاری شعبے میں استعمال کرنے والے ممالک میں شامل ہوگیا سعودی عرب کی جنرل فانڈیشن برائے ٹیکنیکل اور پیشہ وارانہ تربیت کے شعبے میں پہلا روبوٹ تعینات کیا گیا ہےگذشتہ روز روبوٹ کو اس کی ذمہ داری سونپے جانے کے ساتھ اس کا ملازمت کارڈ بھی جاری کردیا گیا روبوٹ کو سرکاری ادارے میں ملازم مقرر کیے جانے کی تقریب کے موقع پر سعودی وزیر تعلیم ڈاکٹر احمد العیسی اور ٹیکنیکل فانڈیشن کے گورنر ڈاکٹر احمد الفہد اور بورڈ کے دیگر ارکان موجود تھے عرب میڈیا …,50,top5,
post_phase12_r_dev,R002,مارشل آرٹ کی تربیت میں حملہ کرنے والا روبوٹ,KI,51897,URDU,urdu_bm25,4,6939,20.18183135986328,شاز خان اپنی اگلی فلم کے لیے کیا کرنے جارہے ہیں,پاکستانی کامیاب فلم پرواز ہے جنون کے اداکار شاز خان اپنی نئی فلم کی تیاری کے لیے کچھ نیا سیکھنے کو تیار ہیںان کی اگلی فلم کا نام دی مارشل ارٹس ہے جس میں وہ خود ایک مارشل ارٹ کا مظاہرہ کرتے نظر ائیں گے اور اس کے لیے وہ زور شور سے فلم کی تیاری کررہے ہیںمزید پڑھیں شاز خان اور زارہ نور عباس لمحے میں ایک ساتھشاز خان کیلی فورنیا میں مارشل ارٹ کی تربیت حاصل کررہے ہیں جبکہ انہیں کوئی اور نہیں بلکہ نامور مارشل ارٹس ایم ایم اے چیمپئن ریفیل کورڈیرو یہ کرتب سکھا رہے ہیں 20 2018 224 برازیل میں 13 سال کے کام…,50,top5,
post_phase12_r_dev,R002,مارشل آرٹ کی تربیت میں حملہ کرنے والا روبوٹ,KI,51897,URDU,urdu_bm25,5,19907,19.6192626953125,انسانوں کی مدد کے بغیر چلنے میں کامیاب ہونے والا روبوٹ تیار,اگر نے ڈزنی اسٹوڈیوز کی مشہور زمانہ انیمیٹڈ فلم بامبی دیکھی ہے تو اس ہرن کی کہانی نے ضرور متاثر کیا ہے اور اب گوگل نے ایسا روبوٹ تیار کیا ہے جو اس کی طرح چلنے کی صلاحیت رکھتا ہے اور بہت زیادہ متاثر کن ہےگوگل کے جارجیا انسٹیٹوٹ ٹیکنالوجی اور کیلیفورنیا یونیورسٹی بارکلے کے محققین نے اس حوالے سے مقالہ شائع کیا ہے جس میں اس روبوٹ کی تیاری میں کامیابی کی تفصیلات بیان کی گئی ہیں جس کو چلنے کی تربیت دینے کے لیے اے ئی ٹیکنالوجی کو استعمال کیا گیاڈیپ رینفورسمنٹ لرننگ نامی اے ئی ٹیکنالوجی کو اس روبوٹ میں…,50,top5,
post_phase12_r_dev,R003,سافٹ ویئر کیریئر کے لیے کون سی کوڈنگ زبانیں سیکھنی چاہئیں,KI,22675,URDU,urdu_bm25,1,111731,28.309776306152344,مائیکروسوفٹ کا پاکستان میں ایپ فیکٹری قائم کرنے کا اعلان,ایپ فیکٹری ایک ازمایا ہوا ماڈل ہے جو کامیابی سے مختلف صنعتوں میں نوجوانوں کے روزگار اور کاروبار میں بہتری لا رہا ہے فوٹو فائل کراچیمائیکروسافٹ نے مقامی ٹیکنالوجی کمپنی ایل ایم کے ٹی کے ساتھ مل کر پاکستان میں اپرینٹس شپ فیکٹری قائم کرنے کا اعلان کیا ہے مقامی ٹیکنالوجی کمپنی ایل ایمکے چیف ایگزیکٹیو افیسر عاطف رئیس خان نے جدید ٹیکنالوجی کی تعارفی تقریب میں میڈیا سے بات کرتے ہوئےکہا کہمائیکروسافٹ نے مل کر پاکستان میں اپرینٹس شپ فیکٹری قائم کرنے کا اعلان کیا ہے مائیکرو سافٹ انی شی ایٹو کے ریجنل ڈائر…,50,top5,
post_phase12_r_dev,R003,سافٹ ویئر کیریئر کے لیے کون سی کوڈنگ زبانیں سیکھنی چاہئیں,KI,22675,URDU,urdu_bm25,2,84543,26.41419219970703,پاکستانی کھلاڑیوں کی کارکردگی کو جانچنے کے لیے سافٹ ویئر متعارف,پاکستان سپر لیگ میں کھلاڑیوں کی پرفارمنس کو جانچنے کے لیے ان سائٹس نامی سافٹ ویئر کو رمائشی طور پر متعارف کرا یا گیا ہےوقت کے ساتھ ساتھ کرکٹ میں بھی جدت گئی ہے اور جدید دور کی کرکٹ کو جدید دور کے تقاضوں کے ساتھ ہی چلایا جا سکتا ہے اور اس مقصد کے لیے ٹیکنالوجی کا استعمال بھی بہت ضروری ہو گیا ہےجدید دور میں ٹیکنالوجی کے استعمال کے بغیر بین الاقوامی سطح پر ہونے والی کرکٹ کا مقابلہ نہیں کیا جا سکتااسی مناسبت سے پاکستان کرکٹ بورڈ نے حکومت پنجاب کے اشتراک سے پی ایس ایل میں ان سائٹس نامی سافٹ ویئر کو …,50,top5,
post_phase12_r_dev,R003,سافٹ ویئر کیریئر کے لیے کون سی کوڈنگ زبانیں سیکھنی چاہئیں,KI,22675,URDU,urdu_bm25,3,35329,24.623409271240234,مشکوک بالنگ ایکشن کے لیے سافٹ ویئر درمد کرنے کا فیصلہ,اسلام باد پاکستان کرکٹ بورڈ پی سی بی نے مشکوک بالنگ ایکشن کے حامل بالرز کا پتہ لگانے کے لیے ایک خصوصی سافٹ ویئر درمد کرنے کا فیصلہ کیا ہےخبر رساں ادارے ایسوسی ایٹڈ پریس پاکستان اے پی پی کے مطابق پی سی بی کے ڈومیسٹک کرکٹ کے ہیڈ انتخاب عالم کا کہنا ہے کہ مشکوک بالنگ ایکشن ایک عالمی مسئلہ ہے اور اس سے نمٹنے کے لیے بورڈ نے سٹریلیا سے ایک خصوصی سافٹ ویئر درمد کرنے کا فیصلہ کیا ہےان کا کہنا تھا کہ اس سافٹ ویئر کی مدد سے ان بالرز کا پتہ چلایا جاسکے گا جو ئی سی سی کی جانب سے کہنی کے 15 ڈگری کے زاویے تک…,50,top5,
post_phase12_r_dev,R003,سافٹ ویئر کیریئر کے لیے کون سی کوڈنگ زبانیں سیکھنی چاہئیں,KI,22675,URDU,urdu_bm25,4,60308,24.22505760192871,انسانی جذبات کی نشاندہی کرنے والا سافٹ ویئر تیار,ماسکو 12 مئی 2017 روسی کمپنی نے انسانی جذبات پڑھنے والا سافٹ ویئر متعارف کرادیا جو بھرے مجمعے میں انسانی جذبات کی نشاندہی کرسکتا ہے ماہرین کے مطابق یہ سافٹ ویئر جرائم کو روکنے میں معاون ثابت ہوگا روسی کمپنی نے ایسا سافٹ ویئر متعارف کرایا ہے جو انسانی جذبات کو پڑھ سکتا ہے اس سافٹ ویئر کے ذریعے بھرے مجمعے میں بھی غصے پریشان یا دبا میں انے والے انسان کی نشاندہی کی جاسکتی ہے یہ سافٹ ویئر عمر صنف اور جذباتی کیفیت کو پہچاننے کی 94 فیصد تک صلاحیت رکھتا ہے ماہرین کے مطابق اس ٹیکنالوجی کے ذریعے جرائم او…,50,top5,
post_phase12_r_dev,R003,سافٹ ویئر کیریئر کے لیے کون سی کوڈنگ زبانیں سیکھنی چاہئیں,KI,22675,URDU,urdu_bm25,5,60358,23.542282104492188,نابینا بچوں کو پروگرامر بنانے کیلئے مائیکرو سافٹ کا منفرد منصوبہ,مائیکرو سافٹ کارپوریشن نے نابینا بچوں کو پروگرامنگ سکھانے کے لئے ایک منفرد منصوبہ شروع کیا ہے مائیکروسافٹ کے ریسرچ ڈپارٹمنٹ نے پروجیکٹ ٹورینونامی منصوببے کا اغاز کیا ہے جس میں بصارت میں خرابی کے شکار بچوں کو کوڈنگ سکھائی جاتی ہے اس کے ذریعے سے 11 سال کی عمر تک کے بچے اپنے ہم جماعت بچوں کے ساتھ کوڈنگ سیکھ سکتے ہیں پروجیکٹ ٹورینو میں سادہ اصولوں کے ذریعے بچوں کو ڈریگ اینڈ ڈراپ کمانڈ کے ذریعے کوڈنگ سکھائی جاتی ہے ان سادہ امور کے ذریعے طالبعلم چھوٹے اور سادہ پروگرام بناسکتے ہیں مثلا بھول بھلیوں سے …,50,top5,
post_phase12_r_dev,R004,اسٹیٹ بینک کے ذخائر میں ہفتے کے دوران کتنی کمی ہوئی,KI,72830,URDU,urdu_bm25,1,73000,38.08269500732422,ملکی زرمبادلہ کے ذخائر میں 12 کروڑ ڈالرکی کمی,بیرونی قرضوں کی فنانسنگ کے سبب ملکی زرمبادلہ کے ذخائر میں 12 کروڑ ڈالرکی کمی ہو گئی ذخائر 23 ارب 49 کروڑ ڈالر ہوگئے اسٹیٹ بینک اف پاکستان کے مطابق اکتوبر کے پہلے ہفتے میں بیرونی قرضوں کی فنانسنگ کے لئے کروڑ 60 لاکھ روپے ادائیگی کے سبب زرمبادلہ کے ذخائر میں کمی واقع ہوئی ہفتے کے دوران اسٹیٹ بینک کے ذخائر کروڑ ڈالر سے کم ہوکر 18 ارب 41 کروڑ ڈالر جبکہ شیڈول بینکوں کے ذخائر ارب 94 کروڑ ڈالرکمی سے ارب کروڑ ڈالر ہوگئے بیرونی قرضوں کی فنانسنگ کے سبب ملکی زرمبادلہ کے ذخائر میں 12 کروڑ ڈالرکی کمی ہو گئی…,50,top5,
post_phase12_r_dev,R004,اسٹیٹ بینک کے ذخائر میں ہفتے کے دوران کتنی کمی ہوئی,KI,72830,URDU,urdu_bm25,2,64891,37.980934143066406,زرمبادلہ کے ذخائر میں 21 کروڑ 90 لاکھ ڈالرز کی کمی اسٹیٹ بینک,کراچی 25 اپریل 2019 ترجمان اسٹیٹ بینک کا کہنا ہے کہ زرمبادلہ ذخائر میں مزید کمی ائی ہے ایک ہفتے کے دوران بیرونی قرض اور دیگر ادائیگی پر زرمبادلہ کے ذخائر میں 21کروڑ 90لاکھ ڈالر کی کمی ہوئی ترجمان اسٹیٹ بینک کے مطابق زرمبادلہ کے ذخائر مزید کم ہو گئے ایک ہفتے کے دوران بیرونی قرض اور دیگر ادائیگی پرزرمبادلہ کے ذخائر میں 21 کروڑ 90 لاکھ ڈالر کی کمی ہوئی ترجمان نے بتایا کہ مرکزی بینک کے ذخائر کم ہوکر ارب 24 لاکھ ڈالر رہ گئے جبکہ کمرشل بینکوں کے پاس ذخائر6 ارب 97 کروڑ ڈالر زموجود ہیں مجموی ذخائر گھٹ …,50,top5,
post_phase12_r_dev,R004,اسٹیٹ بینک کے ذخائر میں ہفتے کے دوران کتنی کمی ہوئی,KI,72830,URDU,urdu_bm25,3,61105,37.89353942871094,اسٹیٹ بینک کے زرمبادلہ کے ذخائر میں ساڑھے 30 کروڑ ڈالرز کی کمی,اسلام باد 03 اگست 2017 غیرملکی حکومتی قرضوں اور سود کی ادائیگی ملکی معیشت کیلئے خطرہ بننے لگی گزشتہ ایک ہفتے کے دوران اسٹیٹ بینک کے زرمبادلہ کے ذخائر میں ساڑھے 30 کروڑ ڈالرز کی کمی ہو گئی اسٹیٹ بینک کی جانب سے جاری اعداد شمار کے مطابق گزشتہ ایک ہفتے کے دوران اسٹیٹ بینک کے زرمبادلہ کے ذخائر میں مزید ساڑھے 30 کروڑ ڈالرز کی کمی ہوئی ہے جس کے بعد اسٹیٹ بینک کے پاس زرمبادلہ کے ذخائر 14 ارب 69 کروڑ 80 لاکھ ڈالرز رہ گئے ہیں یہ ویڈیو دیکھنے کیلئے پلے کا بٹن دبائیے اس دوران کمرشل بینکوں کے پاس زرمبادلہ …,50,top5,
post_phase12_r_dev,R004,اسٹیٹ بینک کے ذخائر میں ہفتے کے دوران کتنی کمی ہوئی,KI,72830,URDU,urdu_bm25,4,60988,37.305686950683594,زر مبادلہ کے ذخائر میں مزید 27 کروڑ 60 لاکھ ڈالرز کی کمی,اسلام اباد 05 اکتوبر 2017 غیرملکی قرضے پر سود سمیت دیگر سرکاری ادائیگیوں کی وجہ سے گزشتہ ایک ہفتے میں زر مبادلہ کے ذخائر میں مزید 37 کروڑ 60 لاکھ ڈالرز کی کمی ہوگئی ہے زرمبادلہ کے ذخائر پہلی بار 22 ارب ڈالرز کی نفسیاتی سطح سے کم ہو گئے ہیں اسٹیٹ بینک کے مطابق غیرملکی سرکاری قرضوں پر سود سمیت دیگر سرکاری ادائیگیوں کی وجہ سے زرمبادلہ کے ذخائر میں کمی کا سلسلہ جاری ہے گزشتہ ایک ہفتے کے دوران اسٹیٹ بینک کے زرمبادلہ کے ذخائر میں 27 کروڑ 60 لاکھ ڈالرز کی کمی ہوئی ہے جس کے بعد اسٹیٹ بینک کے زرمبادلہ ک…,50,top5,
post_phase12_r_dev,R004,اسٹیٹ بینک کے ذخائر میں ہفتے کے دوران کتنی کمی ہوئی,KI,72830,URDU,urdu_bm25,5,71981,37.207618713378906,زرمبادلہ ذخائر 20 ارب 15 کروڑ ڈالر رہ گئے,ملکی زرمبادلہ کے ذخائر میں کمی ہوئی ہے زرمبادلہ کے ذخائر 35 کروڑ ڈالر کم ہوکر 20 ارب 15 کروڑ ڈالر رہ گئے اسٹیٹ بینک اف پاکستان کے مطابق 15جون کو ختم ہونے والے ہفتے کے دوران ملکی زرمبادلہ ذخائر میں 35 کروڑ 79 لاکھ ڈالر کمی ہوئی کمی کے باعث 15جون کے اختتام پرملکی زرمبادلہ ذخائر 20 ارب 15 کروڑ ڈالر 78 لاکھ ڈالر باقی رہ گئے اسٹیٹ بینک کے ذخائر 41 کروڑ ڈالر کم ہو کر 15 ارب 29 کروڑ ڈالر ہوگئے البتہ شیڈول بینکوں کے ذخائر کروڑ 24 لاکھ ڈالر اضافے سے ارب 86 کروڑ ڈالر ہوگئے ملکی زرمبادلہ کے ذخائر میں کمی …,50,top5,
post_phase12_r_dev,R005,بالی ووڈ اداکارہ کا پاکستانی فنکاروں کے کام پر کیا کہنا تھا,KI,12425,URDU,urdu_bm25,1,66725,32.653289794921875,بالی ووڈ فنکاروں کوپاکستانی اداکاروں کی یاد ستانے لگی,دوحا 11 اپریل 2019 نامور بالی ووڈ اداکارہ سونم کپور نے پاکستانی اداکار فواد خان کو بہترین اداکار قراردیتے ہوئے کہا ہے کہ وہ ایک بار پھر فواد خان کے ساتھ کام کرناچاہتی ہیں پلوامہ حملے کے بعد بھارتی حکومت کا پاکستان کے لیے بغض اورکینہ کھل کرسامنے ایا اور مودی سرکار نے نفرت کی انتہا کرتے ہوئے پاکستانی فنکاروں پر پابندی عائد کردی لیکن بھارتی حکومت بالی ووڈ فنکاروں کے دل سے پاکستانی فنکاروں کی محبت نہ نکال سکی اپنی حکومت کے برعکس بالی ووڈ فنکار نہ صرف پاکستانی فنکاروں کے ساتھ کام کرنا چاہتے ہیں بلکہ…,50,top5,
post_phase12_r_dev,R005,بالی ووڈ اداکارہ کا پاکستانی فنکاروں کے کام پر کیا کہنا تھا,KI,12425,URDU,urdu_bm25,2,101681,30.362106323242188,پاکستانی اداکاروں پر پابندی بالی ووڈ میں اختلافات,فلم اےدل ہےمشکل اور پاکستانی اداکاروں پر مشتمل فلموں کی ریلیز پر پابندی کے فیصلے کے خلاف خود بالی ووڈ انڈسٹری اختلافات کا شکار ہے ہدایتکار زویا اختر کہتی ہیں یہ بڑی بدقسمتی ہے کہ فلم اور فلمساز کو ٹارگٹ کیا جا رہا ہے ہدایتکار زویا اختر کا کہنا تھا کہ پاکستانی فنکاروں کو ویزے حکومت نے دیے تھے ان کا یہاں کام کرنا غیرقانونی نہیں تھاکرن جوہر نے کچھ غلط نہیں کیا نہ ہی کوئی قانون توڑا ہے پاکستانی فنکاروں کو ویزے حکومت نے دیے تھے پاکستانی فنکاروں کے لیے یہاں کام کرنا قانونی طورپرجائز تھا جب صورتحال بہ…,50,top5,
post_phase12_r_dev,R005,بالی ووڈ اداکارہ کا پاکستانی فنکاروں کے کام پر کیا کہنا تھا,KI,12425,URDU,urdu_bm25,3,103450,30.07352066040039,سلمان خان کی جانب سےپاکستانی فنکاروں کی حمایت,ممبئی ہندو انتہاپسندتنظیم شوسینا کی جانب سے پاکستانی اداکاروں اور فنکاروں کو بھارت میں کام کرنے سے روکنے کی کوششوں پربالی ووڈ کے اسٹارسلمان خان نے ان کی مذمت کرتے ہوئے کہا کہ ارٹ اور فن کی کوئی سرحد نہیں ہوتی اس لئے پاکستانی فنکاروں کو بالی ووڈ میں کام کرنے سے کوئی نہیں روک سکتادبنگ خان نے کہا ارٹ کو سیاست سے نہیں ملانا چاہئیے کیوں کہ فنکار سرحدوں سے بالاتر ہوتے ہیں اج کل کے ڈیجیٹل دور میں بھارت میں بیٹھ کر بھی ہزاروں لوگ پاکستان کے مقبول ٹی وی شوز ڈرامے اور گانے دیکھتے اور سنتے ہیںجب کہ پاکستا…,50,top5,
post_phase12_r_dev,R005,بالی ووڈ اداکارہ کا پاکستانی فنکاروں کے کام پر کیا کہنا تھا,KI,12425,URDU,urdu_bm25,4,67119,29.371580123901367,پرینیتی چوپڑا پاکستانی اداکار فواد خان کے ساتھ کام کرنے کی خواہشمند,ویب ڈیسک19 اکتوبر 2018 بالی ووڈ اداکارہ پرینیتی چوپڑا نے بالی ووڈ میں پاکستانی فنکاروں پر پابندی کی مخالفت کرتے ہوئے کہا ہے کہ وہ فواد خان کے ساتھ کام کرنے کی خواہش مند ہیں اداکارہ نے اپنے انٹرویو میں فلمنمستے انگلینڈ میں پاکستانی گلوکاروں عاطف اسلم اور راحت فتح علی خان کی اواز شامل کرنے پر بالی ووڈ کے چند افراد کو ہونے والے مسائل پر بات کرتے ہوئے کہا کہ وہ اس سے قبل بھی فلم کل دل میں پاکستانی اداکارعلی ظفر کے ساتھ کام کرچکی ہیںپرینتی چوپڑا نے علی ظفر کی تعریف کرتے ہوئے کہا کہ انہیں بالکل بھی ا…,50,top5,
post_phase12_r_dev,R005,بالی ووڈ اداکارہ کا پاکستانی فنکاروں کے کام پر کیا کہنا تھا,KI,12425,URDU,urdu_bm25,5,50368,29.275175094604492,صباقمر کی پہلی بالی ووڈ فلم کی شوٹنگ مکمل ہوگئی,ممبئی ویب ڈیسک پاکستانی ٹی وی ڈراموں سے شہرت کی بلندیوں پر پہنچے والی اداکارہ صباقمر کی بالی ووڈ نگری میں بھی بازگشت سنائی دینے لگی ہے ذرائع کےمطابق صباقمر نے گرمیوں کا موسم دہلی میں گزارا جہاں پر انہوں نے بالی ووڈ فلم کی شوٹنگ مکمل کروائی ہے اگرچہ ہندوانتہا پسندوں کی جانب سے کسی بھی پاکستانی فنکاروں کو کام نہ کرنے کی دھمکی دی گئی تھی تاہم صباقمر خاموشی کے ساتھ اپنا کام جاری رکھا اور فلم کا کامکمل کروا کر واپس لوٹی ہیں واضح رہے کہ صبا قمر نے عرفان پٹھان کے ساتھ بالی ووڈ فلم میں کام کیا ہے,50,top5,
post_phase12_r_dev,R006,پریمیئر لیگ میں سٹی نے بورنemouth کو کتنے گولوں سے ہرایا,KI,43215,MIXED,urdu_bm25,1,43215,36.884132385253906,پریمیئر لیگ فٹبال مانچسٹر سٹی نے بورن ماتھ کے خلاف تین ایک سے میدان مارا,لندن 92 نیوز پریمیئر لیگ فٹبال میں مانچسٹر سٹی نے بورن ماتھ کے خلاف تین ایک سے میدان مارا پریمیئر لیگ فٹبال میں ایکشن سے بھرپور مقابلے جاری ہیں مانچسٹر سٹی اور لیسسٹر سٹی نے اپنے اپنے میچز جیت لیے پہلے مقابلے میں مانچسٹر سٹی کی ٹیم بورن ماتھ سے ٹکرائی 16 ویں منٹ میں سلوانے گول داغ کر مانچسٹر سٹی کو برتری دلا دی 44ویں منٹ میں حریف ٹیم کے ولسن نے گول کرکے حساب برابر کر ڈالا پہلے ہاف کے اختتام تک میچ ایک ایک گول سے برابر رہا دوسرے ہاف کے غاز میں مانچسٹر سٹی کےاسٹرلنگ نے گیند کو جال کی راہ دکھائی ا…,50,top5,
post_phase12_r_dev,R006,پریمیئر لیگ میں سٹی نے بورنemouth کو کتنے گولوں سے ہرایا,KI,43215,MIXED,urdu_bm25,2,42163,33.82527160644531,پریمیئر لیگ مانچسٹر سٹی نےبرنلے کو دھول چٹا دی,لندن 92 نیوز پریمیئر لیگ میں ایکشن سے بھرپور مقابلے جاری ہیں جہاں اہم میچ میں مانچسٹر سٹی نے برنلے کو ایک کے مقابلے میں چار گول سے شکست دے دی فاتح ٹیم کی جانب سے گبرئیل جازوز نے دو گول اسکور کیے دوسرے میچ میں کرسٹل پیلس نے بورن ماتھ کو ایک صفر سے مات دی انگلش پریمیئر لیگ میں زبردست مقابلے جاری ہیں مانچسٹر سٹی اور کرسٹل پیلس نے اپنے اپنے میچز جیت لیے پہلے میچ میں دفاعی چیمپئن مانچسٹر سٹی کا مقابلہ برنلے سے ہوئے مانچسٹر سٹی نے شاندار غاز کرتے ہوئے 24ویں منٹ میں گول کرکے برتری حاصل کر لی پہلے ہاف …,50,top5,
post_phase12_r_dev,R006,پریمیئر لیگ میں سٹی نے بورنemouth کو کتنے گولوں سے ہرایا,KI,43215,MIXED,urdu_bm25,3,44175,33.33885192871094,پریمیئر لیگ فٹبال بورن ماتھ نے چیلسی کو 03 سے شکست دیدی,لندن 92 نیوز پریمیئر لیگ میں بورن ماتھ نے چیلسی کو 03 سے شکست دے دی چیلسی شکست کے باعث پوائنٹ ٹیبل پر چوتھی پوزیشن پر چلی گئی چیلسی کو اپنے ہوم گرانڈ میں بورن ماتھ کے ہاتھوں شکست ہوگئی فاتح ٹیم نے چیلسی کو مکمل طور پر بے بس کئے رکھا پہلے ہاف میں دونوں ٹیموں نے ایک دوسرے کی گولز پوسٹ پر تابڑ توڑ حملے کئے لیکن کوئی بھی ٹیم گول کرنے میں کامیاب نہ ہوئی دوسرے ہاف کے غاز پر ہی بورن ماتھ کے کالم ولسن نے گیند کو جال میں پھینک کر بورن ماتھ کو برتری دلا دی جونئیر سٹنسلز اور نیتھن ایک کے لگا تار گولز کی ب…,50,top5,
post_phase12_r_dev,R006,پریمیئر لیگ میں سٹی نے بورنemouth کو کتنے گولوں سے ہرایا,KI,43215,MIXED,urdu_bm25,4,41940,32.62419128417969,پریمیئر لیگ لیور پول نے ساتھ مپٹن کو دھول چٹا دی,لندن 92 نیوز پریمیئر لیگ میں زبردست مقابلے جاری ہیں لیورپول نے ساتھمپٹن کیخلاف میدان مار لیا بورن ماتھ نے سٹن ولا کو پچھاڑ دیا جبکہ چیلسی اور لیسٹر سٹی کے درمیان میچ دو دو گول سے برابر رہا لیور پول کی ٹیم ساتھمپٹن کے مد مقابل ہوئی اور غاز سے ہی حریف ٹیم پر چھائی رہی لیور پول نے ساتھمپٹن کو چار صفر سے کلاس کیافاتح ٹیم کی جانب سے محمد صلاح نے دو گول اسکور کیے دوسرے میچ میں بورن ماتھ کا مقابلہ سٹن ولا سے ہوابورن ماتھ کی ٹیم نے شاندار کھیل پیش کرتے ہوئے دو ایک سے کامیابی سمیٹی تیسرے میچ میں چیلسی ا…,50,top5,
post_phase12_r_dev,R006,پریمیئر لیگ میں سٹی نے بورنemouth کو کتنے گولوں سے ہرایا,KI,43215,MIXED,urdu_bm25,5,44306,32.51071548461914,مانچسٹر سٹی 1982 کے بعد کیلینڈر ائیر میں 100 گول کرنیوالا پہلا کلب بن گیا,لندن 92 نیوز انگلش پریمیئر لیگ فٹبال میں مانچسٹر سٹی نے بڑا کارنامہ سرانجام دے دیا مانچسٹر سٹی 1982 کے بعد کیلینڈر ایئر میں گولز کی سنچری بنانے والا پہلا کلب بن گیا مانچسٹر سٹی رواں برس 55 پوائنٹس کیساتھ پہلی پوزیشن پر براجمان ہےانگلش پریمیئر لیگ فٹبال میں مانچسٹر سٹی کی کا میابیوں کا سفر جاری ہے مانچسٹر سٹی 1982 کے بعد سے کیلینڈر ایئر میں گولز کی سنچری بنانے والا پہلا کلب بن گیا مانچسٹر سٹی نے شاندار کارنامہ اپنے خری مقابلے میں بورن ماتھ کلب کیخلاف 04 سے فتح کی بدولت انجام دیارواں سیزن میں مان…,50,top5,
post_phase12_r_dev,R007,جدید گیجٹس کی وجہ سے وقت تیزی سے گزرنے کا احساس کیوں,KI,23576,URDU,urdu_bm25,1,23576,22.48927879333496,وقت کی رفتار کو پر کیوں لگتے ہیں,کیا کو لگتا ہے کہ دن مہینے یا سال بہت تیزی سے گزر رہے ہیں اگر ہاں تو یہ کسی اور کا نہیں بلکہ ٹیکنالوجی کا کمال ہےیہ دعوی سٹریلیا میں ہونے والی ایک تحقیق میں سامنے یا ہےجیمز کک یونیورسٹی کی تحقیق کے مطابق اگر ایسا لگتا ہے کہ وقت کی رفتار ہر سال بڑھتی جارہی ہے تو ایسا درحقیقت جدید ٹیکنالوجی کی وجہ سے ہورہا ہے جس نے وقت کے بارے میں ہمارے تصورات کی رفتار کو بڑھا دیا ہےتحقیق میں بتایا گیا ہے کہ اسمارٹ فونز ٹیبلیٹس اور دیگر ڈیوائسز نے ہمارے دماغوں کو زیادہ سے زیادہ معلومات کے تجزیے کی تربیت دینے کے س…,50,top5,
post_phase12_r_dev,R007,جدید گیجٹس کی وجہ سے وقت تیزی سے گزرنے کا احساس کیوں,KI,23576,URDU,urdu_bm25,2,51298,20.53546905517578,بیٹی کیساتھ وقت گزرنے کا احساس ہی نہیں ہوتا ایشوریہ,نئی دہلی ویب ڈیسک بالی وڈ حسینہ ایشوریہ رائے نے کہا ہے کہ وہ اپنی بیٹی کے ساتھ اس قدر مشغول رہتی ہیں کہ انہیں وقت گزرنے کا احساس ہی نہیں ہوتا تفصیلات کے مطابق ایشوریہ رائے نے شادی کے بعد بہت کم فلموں میں کام کیا ہے اور جب سے ان کے گھر بیٹی کی پیدائش ہوئی ہے تب سے وہ فلموں سے بالکل دور ہو گئی ہیں ایشوریہ رائے اب فلم جذبہ سے فلمی دنیا میں واپسی کر رہی ہیں فلم جذبہ میں ان کے ساتھ عرفان خان کام کر رہے ہیں,50,top5,
post_phase12_r_dev,R007,جدید گیجٹس کی وجہ سے وقت تیزی سے گزرنے کا احساس کیوں,KI,23576,URDU,urdu_bm25,3,23071,17.920198440551758,کیا انٹرنیٹ کے اس پراسرار معمے کو حل کرسکتے ہیں,کیا ہزاروں انٹرنیٹ صارفین کو خوفزدہ کردینے والے اس معمے کو حل کرسکتے ہیںتصور کریں ایک لڑکی گھر میں اکیلی ہو اور یوٹیوب پر اپ لوڈ کرنے کے لیے ایک ویڈیو بنائے اور اسے دیکھنے کے بعد اسے کچھ خوفناک نظر ئے تو کیا ہوگاایسا ہی کچھ یوٹیوب کی صارف مسٹر بنی فنگرز کی جانب سے اپ لوڈ ویڈیو میں نظر تا ہے اور اندازہ ہوتا ہے کہ وہ لڑکی اگرچہ خود کو تنہا سمجھ رہی ہے مگر ایسا کچھ نہیںنیچے ویڈیو دیکھ کر بتائیں کہ کچھ رونگھٹے کھڑے کردینے والا دیکھ سکےاگر نہیں تو ویڈیو کے غاز میں اسکرین کے دائیں جانب لڑکی کے کندھے …,50,top5,
post_phase12_r_dev,R007,جدید گیجٹس کی وجہ سے وقت تیزی سے گزرنے کا احساس کیوں,KI,23576,URDU,urdu_bm25,4,80089,17.58621597290039,گوگل نے نیا کی بورڈ کیوں متعارف کروایا,کمپیوٹر کی بورڈ کو سست بھی بنا سکتے ہیں اسی مسئلے کو سامنے رکھتے ہوئے دنیا کی مشہور ٹیکنالوجی کمپنی گوگل نے کی بورڈ کیز کی شکل تبدیل کر دی ہے یہ تبدیلی شاید اس امید پر کی گئی ہے کہ اب اسے استعمال کرنے والے چست ہو سکیں لیکن یہ کس حد تک کارمد ثابت ہو گی اس کا اندازہ تو وقت گزرنے کے ساتھ ساتھ ہی ہو گا گوگل کی ایک تحقیق کے مطابق کپمیوٹر کی بورڈ کی چوکور کیز استعمال کرنے والے سست بنا ہو جاتے ہیں اور گوگل نے اس بات کا احساس کرتے ہوئے کی بورڈ کیز کی شکل چوکور سے گول کر دی ہے دی سن نامی جریدے سے بات کر…,50,top5,
post_phase12_r_dev,R007,جدید گیجٹس کی وجہ سے وقت تیزی سے گزرنے کا احساس کیوں,KI,23576,URDU,urdu_bm25,5,24587,17.3376522064209,بحری جہازوں کیلئے دنیا کی پہلی ابی سرنگ,اوسلو یورپی ملک ناروے اپنے ایک جزیرہ نما علاقے میں سمندر کے بیچوں بیچ واقع پہاڑمیں بحری جہازوں کے گزرنے کے لیے سرنگ تیار کرے گا اس سرنگ کی تیاری کے بعد بحری جہاز اور کشتیاں سمندر کی ایک طرف سے دوسری طرف اسانی سے گزر سکیں گی یہ سرنگ شمال مشرقی ناروے میں جزیرہ نما علاقے میں سمندر کے بیچ میں واقع پہاڑ کو توڑ کر بنایا جائے گانارویجین کوسٹل ایڈمنسٹریشن این سی اے کے مطابق یہ سرنگ نارویجین نیشنل ٹرانسپورٹ پلان این ٹی پی کے تحت تعمیر ہونے والے منصوبوں کے تحت بنایا جانے گا اور اس کا پہلا حصہ 2023 میں مک…,50,top5,
post_phase12_r_dev,R008,ایک عام گوگل تلاش سے ٹرمپ خاندان کی مالی تاریخ سامنے کیسے آئی,KI,21267,URDU,urdu_bm25,1,21267,39.625972747802734,ایک عام گوگل سرچ امریکی صدر کی اصل حقیقت کیسے سامنے لائی,کبھی بھی صحیح الفاظ میں کی جانے والی گوگل سرچ کی طاقت کو کمتر نہ سمجھیں کیونکہ اس سے بھی کسی فرد کے تمام راز سامنے سکتے ہیںایسا ہی کچھ امریکی صدر ڈونلڈ ٹرمپ کے ساتھ ہوارواں ہفتے نیویارک ٹائمز نے ٹرمپ خاندان کی مالیاتی تاریخ کی پیچیدہ اور قانونی طور پر مشکوک تفصیلی اسٹوری شائع کی تھی جس میں انکشاف کیا گیا کہ اگرچہ ڈونلڈ ٹرمپ سیلف میڈ ہونے کا دعوی کرتے ہیں مگر یہ درست نہیںمزید پڑھیں والدین کو ٹیکس بچانے میں مدد کا الزام ٹرمپ کےخلاف تحقیقات کا غازدرحقیقت انہیں اور ان کے بہن بھائیوں کو ایک ارب ڈالر…,50,top5,
post_phase12_r_dev,R008,ایک عام گوگل تلاش سے ٹرمپ خاندان کی مالی تاریخ سامنے کیسے آئی,KI,21267,URDU,urdu_bm25,2,23238,31.548215866088867,ڈونلڈ ٹرمپ کی کامیابی دنیا گوگل پر کیا تلاش کرتی رہی,امریکی انتخابات کے بعد دنیا بھر میں لوگ گوگل پر کیا سرچ کرتے رہے ہوسکتا ہے وہ کو حیران کردےگوگل نے نومبر کو اپنے سرج ٹرینڈ کا ڈیٹا جاری کیا ہے جس میں یہ بات سامنے ئی ہے کہ دنیا بھر کے لوگ یہ جاننے یا سمجھنے کی کوشش کرتے رہے کہ امریکا میں یہ ڈونلڈ ٹرمپ حیران کن طور پر کیسے کامیاب ہوئے اور امریکا کا پیچیدہ ووٹنگ نظام کیا ہےجیسا توقع کرسکتے ہیں کہ لوگوں نے یہ بھی جاننا چاہا کہ اب ہیلری کلنٹن کیا کریں گی اور ڈونلڈ ٹرمپ کیسے جیت گئے وغیرہ وغیرہمگر جو سوال لوگوں کو بہت زیادہ ستاتا رہا وہ یہ تھا کہ خر…,50,top5,
post_phase12_r_dev,R008,ایک عام گوگل تلاش سے ٹرمپ خاندان کی مالی تاریخ سامنے کیسے آئی,KI,21267,URDU,urdu_bm25,3,19233,21.6776065826416,گوگل اسٹریٹ ویو میں بہترین فیچر کا اضافہ,گوگل اسٹریٹ ویو گوگل سرچ اور گوگل میپس کا ایک بہت کارمد فیچر ہے جو لوگوں کو راستوں کی تلاش میں مدد فراہم کرتا ہےمگر اب پہلی بار گوگل کی جانب سے عام صارفین کو اسٹریٹ ویو ڈیٹا بغیر 360 ڈگری کیمرے کے اپ لوڈ کرسکیں گے اینڈرائیڈ پولیس کی رپورٹ کے مطابق اسٹریٹ ویو میں ایک نیا فیچر ڈرائیونگ موڈ متعارف کرایا جارہا ہے جو اس وقت صارفین کی محدود تعداد کو دستیاب ہےاس فیچر کو ان ایبل کرنے پر صارفین اپنے فون سے ہی تصاویر کھینچ اپ لوڈ کرسکیں گے اور انہیں کسی خصوصی کیمرے کی ضرورت نہیں ہوگی جبکہ چہرے اور لائسنس…,50,top5,
post_phase12_r_dev,R008,ایک عام گوگل تلاش سے ٹرمپ خاندان کی مالی تاریخ سامنے کیسے آئی,KI,21267,URDU,urdu_bm25,4,22428,21.552515029907227,گوگل سرچ انجن کے خاتمے کا غاز,اگر انٹرنیٹ کی دنیا میں کوئی چیز تلاش کرنی ہو تو کیا کریں گے یقینا سب سے پہلا نام گوگل کا ہی ذہن میں ئے گامگر کو یہ جان کر دھچکا لگے گا کہ اس کمپنی نے سرچ انجن کے خاتمے کی تیاری شروع کردی ہےجی ہاں واقعی ایسا ہونے والا ہے مگر ایسا کیسے اور کیوں ہوگاگوگل نے حال ہی میں اپنی کمپنی کی فلیگ شپ ایپ میں نئے نیوز فیڈ کو متعارف کرایا تھا اور بہت جلد اس کا برازر ورژن بھی گوگل ڈاٹ کام پر سامنے نے والا ہےیہ بھی پڑھیں گوگل کی سرچ ہسٹری کو کیسے صاف کریںاور یہ اپ ڈیٹ وجوہات کی بناء پر بہت اہمیت رکھتی ہےایک تو …,50,top5,
post_phase12_r_dev,R008,ایک عام گوگل تلاش سے ٹرمپ خاندان کی مالی تاریخ سامنے کیسے آئی,KI,21267,URDU,urdu_bm25,5,10660,20.73318099975586,ڈونلڈ ٹرمپ اخر اتنے خطوط لکھنے کا وقت کیسے نکال لیتے ہیں,امریکی صدر ڈونلڈ ٹرمپ کی بیٹی اور وائٹ ہاس میں مشیر کی حیثیت سے کام کرنے والی ایوانکا ٹرمپ اپنے والد کی طرح ٹوئٹر پر خاصی فعال ہیں اور وقتا فوقتا اپنے کام اور ذمہ داریوں سے متعلق ٹوئٹس شائع کرتی رہتی ہیںگذشتہ دنوں بھی انہوں نے سماجی روابط کی مشہور ویب سائٹ پر اپنی ایک تصویر شیئر کی جس میں وہ کئی رنگ برنگے خطوط کے ہمراہ بیٹھی تھیںبچوں کی جانب سے ایوانکا کو بھیجے گئے خطوط پر خوشی کا اظہار کرتے ہوئے ایوانکا ٹرمپ نے لکھا کہ ان خطوط کو پڑھنا ان کے ہفتے کا ایک اہم حصہ ہےلیکن ٹرمپ کی صاحبزادی کو شاید …,50,top5,
post_phase12_r_dev,R009,سیالکوٹ ایئرپورٹ پر بین الاقوامی فلائٹس کا اعتماد کیوں بڑھ رہا ہے,KI,38938,URDU,urdu_bm25,1,41164,25.68331527709961,عالمی منڈیوں میں پاکستانی معیشت پر اعتماد میں اضافہ ہورہا ہےاقوام متحدہ,اسلام ابادویب ڈیسکاقوام متحدہ نے کہا ہے کہ حکومتی پالیسیوں کے نتیجے میں بین الاقوامی منڈیوں میں پاکستانی معیشت پر اعتماد میں اضافہ ہو رہا ہے عالمی ادارے کے مطابق گزشتہ برس پاکستان کی معاشی ترقی کی شرح چار اعشاریہ ایک فیصد تھی جو رواں مالی سال کے دوران پانچ اعشاریہ ایک فیصد رہنے کی توقع ہے رپورٹ میں پاکستان میں مہنگائی کی شرح میں کمی اور مالی خسارہ محدود ہونے کا اعتراف کیا گیا ہے اقوام متحدہ نے کہا کہ معاشی ترقی کے سبب بین الاقوامی منڈیوں میں پاکستانی معیشت پراعتماد بڑھ رہا ہےقبل ازیں موڈیز پلڈا…,50,top5,
post_phase12_r_dev,R009,سیالکوٹ ایئرپورٹ پر بین الاقوامی فلائٹس کا اعتماد کیوں بڑھ رہا ہے,KI,38938,URDU,urdu_bm25,2,38938,24.257720947265625,سیال پر انٹرنیشنل فضائی کمپنیوں کا اعتماد بڑھ گیا ہے ندیم انور قریشی,سیالکوٹ 92 نیوز چیئرمین سیالکوٹ انٹر نیشنل ائیرپورٹ لمیٹڈ ندیم انور قریشی نے کہا کہ سیال تیزی سے ترقی کی منازل طے کر رہا ہے ہم مسافروں اور فضائی کمپنیوں کو زیادہ سے زیادہ سہولتیں فراہم کرنے کے لیے اپنے تمام وسائل بروئے کار لا رہے ہیں انہوں نے ان خیالات کا اظہار بورڈ دائریکٹرز اجلاس کی صدارت کرتے ہوئے کیا چیف ایگزیکٹو فیسر سیال میجرجنرل محمد عابد نذیر کے ساتھ چیف فنانس فیسر بشیر احمد بھی موجود تھے جبکہ کمپنی سیکرٹری سیال محمد جہانگیر خان نے اجلاس کی نظامت کے فرائض سر انجام دیئے چیئرمین ندیم انور…,50,top5,
post_phase12_r_dev,R009,سیالکوٹ ایئرپورٹ پر بین الاقوامی فلائٹس کا اعتماد کیوں بڑھ رہا ہے,KI,38938,URDU,urdu_bm25,3,63567,23.72601890563965,باچا خان انٹرنیشنل ایئرپورٹ سے سعودی عرب اور دیگر ممالک کیلئے فلائٹس بحال کرنے کا فیصلہ,پشاور 21 مئی 2020 باچا خان انٹرنیشنل ایئرپورٹ سے سعودی عرب اور دیگر ممالک کیلئے فلائٹس بحال کرنے کا فیصلہ کرلیا گیا ہے یہ فیصلہ وزیراعلی خیبرپختونخواہ محمود خان کی خصوصی درخواست پر وزیراعظم عمران خان نے کیا ہے وزیراعلی خیبرپختونخواہ کا کہنا ہے کہ خلیجی ریاستوں میں مقیم پاکستانیوں کی مشکلات کا احساس ہے بیرون ملک مقیم محنت کش بھائیوں کو تنہا نہیں چھوڑیں گے,50,top5,
post_phase12_r_dev,R009,سیالکوٹ ایئرپورٹ پر بین الاقوامی فلائٹس کا اعتماد کیوں بڑھ رہا ہے,KI,38938,URDU,urdu_bm25,4,27302,22.27882194519043,پاکستان کیلئےکھیلنے سے قبل بہت پیشکشیں ہوئیں لیکن ہمت نہیں ہاری,سیالکوٹ فاسٹ بالر محمد عباس نے کہا ہے کہ ان پر بالنگ کے شعبے میں ذمے داری بڑھ گئی اور اب ان کوشش ہوگی کہ وہ پاکستان کے لیے مزید اچھی پرفارمنس دکھائیں پاکستان کے لیے کھیلنے سے پہلے بہت پیشکشیں ہوئیں لیکن ہمت نہیں ہاری متحدہ عرب امارات یو اے ای میں اسٹریلیا کے خلاف ٹیسٹ میچوں پر مشتمل سیریز میں شاندار کارکردگی کا مظاہرہ کرنے والے 28 سالہ محمد عباس وطن واپس پہنچ گئے سیالکوٹ کے بین الاقوامی ہوائی اڈے پر محمد عباس کا پرتپاک استقبال کیا گیا اور گل پاشی کی گئی جبکہ مداحوں نے ڈھول کی تھاب پر رقص بھی کی…,50,top5,
post_phase12_r_dev,R009,سیالکوٹ ایئرپورٹ پر بین الاقوامی فلائٹس کا اعتماد کیوں بڑھ رہا ہے,KI,38938,URDU,urdu_bm25,5,74486,22.23563003540039,سول ایوی ایشن نے اج سے فضائی مسافروں کیلئے مختلف ٹیکسوں میں اضافہ کر دیا,اسلام ابادسول ایوی ایشن اتھارٹی نے اج سے فضائی مسافروں کے لیے مختلف ٹیکسوں میں اضافہ کر دیا ہے جن مسافروں نے پرانی شرح سے ٹکٹ خریدے ہیں انہیں ایئرپورٹ پر اضافہ شدہ ٹیکس دینا ہوگا نئے ٹیرف کے مطابق فرسٹ اور بزنس کلاس کے بین الاقوامی مسافروں سے ایمبارکیشن فیس کی مد میں 3000روپے اکانومی کلاس کے بین الاقوامی مسافروں سے 1500روپے اندرون ملک سفر کرنے والوں سے 500روپے وصول کئے جائیں گے جبکہ ملتان انٹرنیشنل ایئرپورٹ پر اکانومی کلاس کے بین الاقوامی مسافروں سے 2000روپے ایمبارکیشن فیس وصول کی جائے گی اور گ…,50,top5,
post_phase12_r_dev,R010,پنجاب کے سی این جی اسٹیشن مالکان ایل این جی درآمد کے لیے کیا کر رہے ہیں,KI,75297,URDU,urdu_bm25,1,75297,43.4051628112793,سی این جی اسٹیشن مالکان کی ایل این جی کی درامد کیلئے کوششیں تیز,لاہورایل این جی درامد کا خواب پورا ہوتا دکھائی دے رہا ہےحکومت کے علاوہ پنجاب کے سی این جی اسٹیشن مالکان نے بھی ایل این جی درامد کرنے کے لیے کوششیں تیز کردیں پنجا میں گیس بندش سے تنگ سی این جی ایسوسی ایشن بھی اپنی مدد اپ کے تحت اب ایل این جی درامد کرنےکا فیصلہ کیا ہے اور اس حوالے سے ایل این جی لیے بحری جہاز تین ماہ کے اندر انے کی توقع ہےایسوسی ایشن کے عہدیداروں کے مطابق ایل این جی کی خریداری کے لیے مختلف ممالک کے ساتھ بات چیت جاری ہے رواں سیزن 30 کروڑ ڈالر مالیت کی گیس درامد کرنے سے سی این جی سی…,50,top5,
post_phase12_r_dev,R010,پنجاب کے سی این جی اسٹیشن مالکان ایل این جی درآمد کے لیے کیا کر رہے ہیں,KI,75297,URDU,urdu_bm25,2,62951,42.68857955932617,بعض شخصیات سی این جی انڈسٹری کی بحالی میں رکاوٹ ہیں غیاث پراچہ,پاکستان سی این جی ایسوسی ایشن کا کہنا ہے کہ بعض ادارے اور شخصیات سی این جی انڈسٹری کی بحالی میں رکاوٹ بن گئے ہیں سی این جی ایسوسی ایشن کے سربراہ غیاث پراچہ نے کہا ہے کہ پنجاب میں سی این جی اسٹیشن چھ ماہ سے بند ہیں انہیں فورا کھولا جائے سی این جی مالکان اسٹیشن بند ہونے کے باوجود کرایہ تنخواہیں اور بجلی گیس کے فکسڈ بل ادا کر رہے ہیں جس کی وجہ سے بہت سے دیوالیہ ہونے کے قریب ہیں اسٹیشن مسلسل بند رہنے سے مشینیں زنگ لود اور کاروبار تباہ ہوگیا ہے انہوں نے کہا کہ وزیر پٹرولیم دنیا کی سب سے بڑی سی این ج…,50,top5,
post_phase12_r_dev,R010,پنجاب کے سی این جی اسٹیشن مالکان ایل این جی درآمد کے لیے کیا کر رہے ہیں,KI,75297,URDU,urdu_bm25,3,74673,42.37596893310547,پنجاب میں گاڑیوں کیلئےایل این جی کی فراہمی کا نوٹیفکیشن جاری,اسلام ابادپنجاب میں اج سے گاڑیوں کے استعمال کےلیے ایل این جی کی فراہمی کا نوٹی فکیشن جاری کردیا گیا تاہم سی این جی اسٹیشن مالکان ایل این جی کے طے کردہ طریقہ کار پر تحفظات رکھتے ہیں جس کی وجہ سے اب تک کسی نے سوئی ناردرن میں ڈیمانڈ نوٹ ہی جمع نہیں کرائے سی این جی ایسوسی ایشن کے وائس چیرمین ندیم خان کا کہنا ہے کہ اج سے گاڑیوں میں بھری جانے والی گیس سی این جی کے بجائے ایل این جی ہوگی جسے گاڑی مالکان پرانے ٹینکوں میں بھروا کراستعمال کرسکیں گےتاہم یہ گیس کلو گرام کے بجائے لیٹر میں فروخت کی جائے گی جس…,50,top5,
post_phase12_r_dev,R010,پنجاب کے سی این جی اسٹیشن مالکان ایل این جی درآمد کے لیے کیا کر رہے ہیں,KI,75297,URDU,urdu_bm25,4,62811,42.034603118896484,اسلام باد سی این جی کی بحالی کےلئے اسٹیشنز کو ڈیمانڈ نوٹس جاری,سوئی ناردرن نے سی این جی کی بحالی کےلئے سی این جی اسٹیشنوں کو ڈیمانڈ نوٹس جاری کردیا سی این جی مالکان کو بارہ لاکھ روپے پیشگی جمع کرانے ہوں گے سی این جی اسٹیشن کو جاری نوٹس میں کہاگیا ہے کہ جو سی این جی اسٹیشن بارہ لاکھ روپے جمع کروائے گا اسے ئندہ ہفتے سے گیس کی فراہمی شروع کر دی جائے گی سی این جی اسٹیشن مالکان رقم سوئی ناردرن کو جمع کروائیں گے حاصل ہونے والی رقم ایل این جی کی درمد پر استعمال کی جائے گی دستیابی کے بعد پنجاب میں سی این جی ستاون روپے فی کلوگرام دستیاب ہوگی,50,top5,
post_phase12_r_dev,R010,پنجاب کے سی این جی اسٹیشن مالکان ایل این جی درآمد کے لیے کیا کر رہے ہیں,KI,75297,URDU,urdu_bm25,5,62850,41.70524215698242,گیس کمپنی سی این جی مالکان کو بلیک میل کر رہی ہے پاکستان سی این جی ایسوسی ایشنز,پاکستان سی این جی ایسوسی ایشنز کا کہنا ہے کہ گیس کمپنی سی این جی مالکان کو بلیک میل کر رہی ہے سات ماہ سے بندسی این جی اسٹیشنز سے جی ئی ڈی سی کی مد میں کروڑوں روپے مانگے جا رہے ہیں پاکستان سی این جی ایسوسی ایشنز کے مرکزی رہنما غیاث پراچہ نے کہا ہے کہ ایس این جی پی ایل نے با اثر لوگوں کے مفادات پورے کرنے کے لئے سی این جی شعبہ کو بلیک میل کرنا شروع کر دیا ہے پنجاب کے ہزاروں سی این جی مالکان کو ایک دن کے اندر اندر جی ئی ڈی سی کی مد میں کروڑوں روپے جمع کروانے کے نوٹس جاری کر دئیے گئے ہیں جس میں کہا …,50,top5,
post_phase12_r_dev,R011,رجنی کانت والی فلم نے ریلیز سے پہلے کتna کاروبار کیا,KI,11649,MIXED,urdu_bm25,1,10895,42.2985954284668,رجنی کانت کی بیٹی نے فلم کی نمائش مخر کردی,یہ بھی پڑھیں رجنی کانت کی فلم کی ریلیز پر تعطیل کا اعلانمزید پڑھیں کاجول میری زندگی میں دوبارہ نہیں سکتیتامل سپر اسٹار رجنی کانت کی بیٹی سندرایا نے نمائش کے لیے تیار اپنی تامل فلم ولائلا پتادھری وی ائی پی کی نمائش مخر کردیسپراسٹار کی 32 سالہ بیٹی سندرایا رجنی کانت کی بطور پروڈیوسر یہ دوسری فلم تھی اس سے پہلے انہوں نے 2014 میں اسی فلم کا پہلا حصہ بنایا تھا جو سپرہٹ ثابت ہواوی ائی پی کو رواں ماہ 28 جولائی کو ریلیز کیا جانا تھا تاہم پروڈیوسر سندرایا رجنی کانت نے فی الحال فلم کی نمائش مخر کرتے ہوئے…,50,top5,
post_phase12_r_dev,R011,رجنی کانت والی فلم نے ریلیز سے پہلے کتna کاروبار کیا,KI,11649,MIXED,urdu_bm25,2,102065,39.83366012573242,رجنی کانت کی فلم کبالیکی ہر طرف دھوم,اس جمعے رجنی کانت کی فلم ارہی ہے چھٹی کے ساتھ ساتھ ٹکٹ بھی پکڑو اور عیش کرو رجنی کی کبالی کا سین ہوا ایسا ان کہ کمپنیوں نے ریلیز کے دن کردیا اف بھارت کے میگا اسٹار کا جادو سر چڑھ کر بولنے لگاجاندار ایکشن زبردست تھرل اور بھرپور ڈرامہ لئےبھارتی فلم انڈسٹری کا میگا اسٹار ایک بار پھر باکس افس پر دھمال مچانے ارہا ہے رجنی کانت کی کبالی ریلیز کو تیار ہےرجنی کانت کا پاور فل ایکشن دیکھنے کے لیے بیتاب فینز کا انتظار مشکل ہونے لگاکبالی نے انے سے پہلے ہی ایسی تباہی مچائی کہ پورے بھارت کو کبالی بخار چڑھ گیا…,50,top5,
post_phase12_r_dev,R011,رجنی کانت والی فلم نے ریلیز سے پہلے کتna کاروبار کیا,KI,11649,MIXED,urdu_bm25,3,102068,39.48848342895508,رجنی کانتھ کی فلم کبالیکی ریلیز بھارتی کمپنیوں میں چھٹی کا اعلان,بھارت میں ملازمین کو چھٹی کا بہانہ مل گیارجنی کانتھ کی فلم کبالیکی ریلیز پر بھارتی کمپنیوں میں چھٹی کا اعلان کر دیا گیا تامل فلموں کے سپر اسٹار رجنی کانت کی ریلیز کے قبل دو سو کروڑ روپے کا بزنس کرنے والی نئی فلمکبالیکا جہاں مداحوں کو شدت سے انتظار ہے وہیں اب اس فلم کی ریلیز پر کئی کمپنیوں نے تعطیل کا اعلان بھی کردیا ہےبھارتی میڈیا رپورٹس کے مطابق رجنی کانت کی نئی فلم کابلی کی ریلیز کے موقع پرکچھ کمپنیوں نے 22 جولائی کو اپنے ملازمین کے لیے تعطیل کا اعلان کردیا ہےبھارت میں فینڈس نامی ایک کمپنی نے…,50,top5,
post_phase12_r_dev,R011,رجنی کانت والی فلم نے ریلیز سے پہلے کتna کاروبار کیا,KI,11649,MIXED,urdu_bm25,4,7744,38.783843994140625,بھارت کی مہنگی ترین فلم ٹو پوائنٹ زیرو کی پہلے دن حیران کن کمائی,اگرچہ بولی وڈ کی مہنگی ترین فلم کا اعزاز عامر خان اور امیتابھ بچن کی رواں ماہ نومبر کو ریلیز ہونے والی فلم ٹھگس اف ہندوستان کو حاصل ہےتاہم بھارت کی سب سے مہنگی فلم ٹو پوائنٹ زیرو کو حاصل ہے جسے 29 نومبر کو بھارت سمیت دنیا بھر میں ریلیز کردیا گیااس فلم کا شائقین کئی ماہ سے انتظار کر رہے تھے اطلاعات تھیں کہ یہ فلم رواں برس کے اغاز سے مکمل تھی اور اسے کسی بھی وقت ریلیز کیا جاسکتا ہےشائقین کے طویل انتظار کے بعد بالاخر فلم کی ٹیم نے اسے 29 نومبر کو ایک ایسے موقع پر ریلیز کیا جب اس کے مد مقابل بھارت …,50,top5,
post_phase12_r_dev,R011,رجنی کانت والی فلم نے ریلیز سے پہلے کتna کاروبار کیا,KI,11649,MIXED,urdu_bm25,5,105198,38.164695739746094,رجنی کانت اورسوناکشی کی پہلی فلملنگاکے پہلے موشن پوسٹر کی ویڈیو,ممئی رجنی کانت اور دبنگ گرل پہلی بار ایک ساتھ جلوہ گر ہورہے ہیںتامل سپر اسٹاررجنی کانت اور سونا کشی سنہا کی تامل فلملنگا کے پہلے موشن پوسٹر کی ویڈیو ریلیز کر دی گئیبالی اور تامل فلم انڈسٹری کے سپر اسٹار رجنی کانت اور بالی ووڈ کی دبنگ گرل سوناکشی سنہا کی تامل فلم لنگا کے پہلے مو شن پوسٹر کی ویڈیومداحوں کیلئے ریلیز کردی گئی ہےسو ناکشی سنہا کی یہ پہلی تامل فلم ہے جس میں وہ سپر اسٹار رجنی کانت کے مد مقابل ان کی ہیروئن کے کر دار میں جلوہ گر ہونگیایکشنتھرلر اور رومانس سے بھر پور اس فلم کو کے ایس روی …,50,top5,
post_phase12_r_dev,R012,عید پر مٹھائی کی جگہ لوگ ab کya تحفہ dena pasand karte hain,KI,40307,MIXED,urdu_bm25,1,40307,40.26580047607422,عید پر مٹھائی کے بجائے کیک خریدنے کی روایت پروان چڑھنے لگی,کراچی 92نیوز عید کے موقع پر خوشیاں بانٹنے کیلئے مٹھائی کا تحفہ دینے کی روایت برسوں سے چلی رہی ہے لیکن اب مٹھائی کی جگہ کیک کے تحائف دینے کی روایت پروان چڑھ رہی ہے تفصیلات کے مطابق بلیک فارسٹ فریش کریم کیٹبریز ہو یا فج کیک ہر ایک کو دیکھتے ہی منہ میں پانی جاتا ہے عید کے موقع پر نت نئے فلیورز کے خوبصورت اور لذیز کیک بیکری میں دستیاب ہیں بیکری مالکان کا کہنا ہے کہ عید کی مد سے ایک ہفتہ قبل ہی عید کیک کے رڈرز کی بکنگ بند کرنا پڑ جاتی ہے کیک لینے کیلئے نے والوں کا کہنا ہے کہ عید پر کیک کیلئے بچوں کی…,50,top5,
post_phase12_r_dev,R012,عید پر مٹھائی کی جگہ لوگ ab کya تحفہ dena pasand karte hain,KI,40307,MIXED,urdu_bm25,2,57390,21.941408157348633,لندن چیئرمین پی سی بی شہریارخان کی قومی ٹیم سے ملاقات,لندن میں چیئرمین پی سی بی شہریار خان نےقومی کرکٹ ٹیم سے ملاقات کی ہے ذرائع کے مطابق ملاقات کے دوران چیئرمین پی سی بی کی جانب سے کھلاڑیوں کو عید کی مبارکباد اور مٹھائی کاتحفہ دیا گیا چیئرمین پی سی بی شہریار خان نے دورہ انگلینڈ کے لئے لندن میں موجود قومی کرکٹ ٹیم کے کھلاڑیوں سے ملاقات کی اور پورا دن ان کے ساتھ گزارا شہریار خان نے کھلاڑیوں کوعیدالفطر کی مناسبت سے پاکستانی مٹھائیوں کا تحفہ بھی دیا جبکہ چیئرمین پی سی بی نے قومی کرکٹرز سے دورہ انگلینڈ کے حوالے سے تیاریوں کا کائزہ لیا اور سسیکس کے خلا…,50,top5,
post_phase12_r_dev,R012,عید پر مٹھائی کی جگہ لوگ ab کya تحفہ dena pasand karte hain,KI,40307,MIXED,urdu_bm25,3,93697,20.844188690185547,قومی ٹیم کی کامیابی پر مصباح الحق کے بائی شہر میں خوشی کی لہر,میانوالی پاکستانی ٹیم کی فتح اور مصباح الحق کی شاندارکارکردگی پر ان کے بائی شہرمیانوالی کے لوگ بھی بڑے خوش ہیںاہل محلہ کا کہنا ہے مصباح نے عید کا تحفہ دے دیاہےمیانوالی میں مصباح الحق کے گھر کے باہر پڑوسی اور محلے دار جمع ہوگئے لوگوں کا کہنا تھا کہ محلے دار اور پڑوسیوں کا کہنا تھا کہ مصباح الحق کی قیادت میں پاکستان نے نمبر ون ٹیم کو شکست دی اور قوم کا سر فخر سے بلند کرکے عید کا تحفہ دیا ہےان کا کہنا تھا کہ عمدہ پرفارمنس کے ذریعے مصباح نے ثابت کیا کہ وہ عمدہ بیٹس مین بھی ہے اور کپتان بھی,50,top5,
post_phase12_r_dev,R012,عید پر مٹھائی کی جگہ لوگ ab کya تحفہ dena pasand karte hain,KI,40307,MIXED,urdu_bm25,4,85673,19.583044052124023,چیمپئنز ٹرافی جیتنا قوم کے لئے عید کا تحفہ ہے فخر زمان,قومی کرکٹ ٹیم کےکھلاڑی فخرزمان کا کہناہے کہ چیمپئنز ٹرافی جیتنا قوم کے لئے عید کا تحفہ ہے اس سے بڑا تحفہ نہیں ہو سکتا کرکٹرفخرزمان کے مردان میں اپنے ابائی علاقے کاٹلنگ پہنچنے پراہل علاقہ اور اہل خانہ نےان کا شاندار استقبال کیا اپنی رہائش پر میڈیاسےگفتگو میں انہوں نے کہا کہ کوچ اور کپتان نے کہا تھا کہ ہرمیچ فائنل سمجھ کرکھیلناہے بھارت کےکھلاڑیوں نے کھیل میں اچھی اسپرٹ دکھائی انہوں نے مزید کہا کہ ہر میچ سے قبل والدین سے دعائیں لیتا ہوں میری کارکردگی میں فیملی کا بڑا ہاتھ ہے اس سے قبل قومی کرکٹ ٹی…,50,top5,
post_phase12_r_dev,R012,عید پر مٹھائی کی جگہ لوگ ab کya تحفہ dena pasand karte hain,KI,40307,MIXED,urdu_bm25,5,6629,18.49138641357422,عید پر معروف سلیبرٹیز کے خوبصورت انداز,عید کی خوشیاں ہر ایک ہی مناتا ہے مگر یہ کہنا غلط نہیں ہوگا کہ یہ تہوار درحقیقت بچوں اور خواتین کا ہوتا ہےبچوں کے لیے عیدی جبکہ خواتین کے ملبوسات سمیت سجنے سنورنے کے انداز عید کو ان کے لیے خاص بناتے ہیں مگر عید کی خوشیوں کے حوالے سے لگتا ہے کہ ایک معمول پر عمل ہوتا ہے جیسے شیر خورمہ مٹھائی اور عیدی وغیرہیہی وجہ ہے کہ ملبوسات یا فیشن کے انداز اس معمول کو بدل دیتے ہیں اور لوگ بھی سراہتے ہیںاس عید پر وہ 13 انداز دیکھیں جو ہوسکتا ہے کہ کو بھی پسند ئیںایمان سلیمان کی ساڑھی 2019 318 عید پر بہت کم خوات…,50,top5,
post_phase12_r_dev,R013,ہاکی ورلڈ کپ کا فائنل کن دو ٹیموں کے درمیان ہے,KI,54100,URDU,urdu_bm25,1,54100,33.323951721191406,عالمی کپ ہاکی ٹورنامنٹ کافائنل کھیلاجا رہاہے,بھونیشور 16 دسمبر 2018 عالمی کپ ہاکی ٹورنامنٹ کا فیصلہ کن معرکہ ہالینڈ اور بیلجیئم کے درمیان ہوگا بیلجیئم نے پہلی بار ورلڈ کپ فائنل کےلیے کوالیفائی کیا ہے برانز میڈل کے لیے سٹریلیا اور انگلینڈ کا ٹکرا ہو گا بھونیشور بھارت میں جاری عالمی کپ ہاکی ٹورنامنٹ کا فائنل کھیلا جا رہا ہے ٹرافی کے لیے فیصلہ کن معرکہ ہالینڈ اوربیلجیئم کے درمیان ہو گا ہالینڈ تیسری مرتبہ فائنل میں پہنچاہے بیلجیئم نے پہلی بار ہاکی ورلڈ کپ فائنل کھیلنے کا اعزاز حاصل کیا ہے سیمی فائنل میں بیلجیئم نے انگلینڈ کو چھ صفرسے کلاس کر …,50,top5,
post_phase12_r_dev,R013,ہاکی ورلڈ کپ کا فائنل کن دو ٹیموں کے درمیان ہے,KI,54100,URDU,urdu_bm25,2,54101,32.819149017333984,ہاکی ورلڈ کپ بیلجیئم اور ہالینڈ فائنل میں پہنچ گئے,بھونیشور 15 دسمبر 2018 بیلجیئم اور ہالینڈنے عالمی کپ ہاکی ٹورنامنٹ کے فائنل کے لیے کوالیفائی کر لیا سیمی فائنل میں بیلجیئم نے انگلینڈ کو ٹینس اسکور چھ صفرسے کلاس کر دیا دفاعی چیمپئن سٹریلیا کو ہالینڈ نے پینلٹی اسٹروکس پر چھ پانچ سے شکست دیدی بھونیشوربھارت میں جاری عالمی کپ ہاکی ٹورنامنٹ فیصلہ کن مرحلے میں داخل ہوگیا بیلجیئم اور نے عالمی کپ کے فائنل کے لیے کوالیفائی کرلیا سیمی فائنل میں بیلجیئم نے انگلینڈ کوٹینس اسکور چھ صفر سے کلاس کردیا فاتح ٹیم کے الیکذنڈر ہنڈرکس نے دو ٹوم بون سائمن سیڈرک اور…,50,top5,
post_phase12_r_dev,R013,ہاکی ورلڈ کپ کا فائنل کن دو ٹیموں کے درمیان ہے,KI,54100,URDU,urdu_bm25,3,54103,32.32220458984375,ہاکی ورلڈ کپ سیمی فائنل کھیلے جارہے ہیں,بھونیشور 15 دسمبر 2018 بھونیشور میں جاری ہاکی ورلڈ کپ کے سیمی فائنلز کھیلے جا رہے ہیں پہلے سیمی فائنل میں انگلینڈ کا مقابلہ بیلجیئم سے ہو گا دوسرے سیمی فائنل میں دفاعی چیمپئن سٹریلیا اور ہالینڈ کی ٹیمیں مدمقابل ہوں گی بھونیشور بھارت میں جاری ہاکی ورلڈ کپ کے سیمی فائنلز کھیلے جا رہے ہیں خری کوارٹر فائنل میں بیلجیئم نے جرمنی کو دو ایک سے شکست دیدی ہالینڈ نے بھارت کے خلاف دو ایک سے کامیابی حاصل کرلی دفاعی چیمپئن سٹریلیا اور انگلینڈ کے ساتھ بیلجیئم اور ہالینڈ فائنل فور میں جگہ بنانے میں کامیاب ہوئے…,50,top5,
post_phase12_r_dev,R013,ہاکی ورلڈ کپ کا فائنل کن دو ٹیموں کے درمیان ہے,KI,54100,URDU,urdu_bm25,4,85648,31.005325317382812,ہاکی ورلڈ لیگ میں پاکستان اج بھارت کیخلاف پوزیشن میچ کھیلے گا,ہاکی ورلڈ لیگ میں روایتی حریف پاکستان اور بھارت کی ٹیمیں ایک بار پھر امنے سامنے ہوں گی کوارٹر فائنل ہارنے والی ٹیموں کے درمیان پوزیشن میچ اج کھیلا جائے گا ہاکی ورلڈ لیگ جو ورلڈ کپ 2018 کا کوالیفائنگ راونڈ بھی ہے لندن میں جاری ہے جس میں ارجنٹینا ملائیشیا ہالینڈ اور انگلینڈ کی ٹیموں نے نہ صرف سیمی فائنلز بلکہ ورلڈ کپ کے لیے بھی کوالیفائی کر لیا ہے کوارٹر فائنل میں پاکستان کو ارجنٹینا نے 31 جبکہ بھارت کو ملائیشیا نے 32 سے شکست دی تھیاب دونوں ٹیمیں اج پوزیشن کے لیے میچز کھیلیں گی اس سے قبل گروپ میچ…,50,top5,
post_phase12_r_dev,R013,ہاکی ورلڈ کپ کا فائنل کن دو ٹیموں کے درمیان ہے,KI,54100,URDU,urdu_bm25,5,85656,29.85989761352539,ہاکی ورلڈ لیگ پاکستان اج ارجنٹینا سے مقابلہ کرے گا,ہاکی ورلڈ لیگ کے کوارٹر فائنلز کی لائن اپ مکمل ہوگئی پاکستان کا گروپ اے کی ٹاپ ٹیم ارجنٹینا سے مقابلہ اج ہوگا ورلڈ کپ میں رسائی کیلئے پاکستان کی کامیابی بہت اہم ہے لندن میں جاری ورلڈ ہاکی لیگ میں پاکستان اور ارجنٹائن ٹیموں کے درمیان کوارٹر فائنل پاکستانی وقت کے مطابق شام بجے کھیلا جائے گا ارجنٹائن ٹیم چاروں میچز جیت کر کوارٹر فائنل مرحلے میں پہنچی ہے جبکہ پاکستان کو ایونٹ میں واحد کامیابی اسکاٹ لینڈ کے خلاف ملی ہے جبکہ دیگر میچز میں پاکستان نے بری طرح شکست کھائی ہے ہاکی ورلڈ لیگ کے کوارٹر فائنل…,50,top5,
post_phase12_r_dev,R014,پی سی بی قائم مقام چیئرمین کے لیے کن ناموں پر غور ہے,KI,94363,URDU,urdu_bm25,1,94258,30.981721878051758,نجم سیٹھی تجربہ کار ٹیسٹ کرکٹرز کو سلیکشن کمیٹی کا چیئرمین بنانے کے خواہش مند,لاہورپاکستان کرکٹ بورڈ کے قائم مقام چیئرمین نجم سیٹھی جدید دور کے تجربہ کار ٹیسٹ کرکٹرز کو سلیکشن کمیٹی کا چیئرمین بنانے کے خواہش مند ہیں جبکہ کئی کرکٹرز نے چیف سلیکٹر کا عہدہ حاصل کرنے کے لیئے کوششیں تیز کر دی ہے قومی کرکٹ سلیکشن کمیٹی کے چیئرمین اقبال قاسم کے مستعفی ہونے کے بعد سلیکشن کمیٹی بھی تحلیل کر دی گئی تھی اور اب پی سی بی کے تھنک ٹینک نے نئے ناموں پر غور شروع کر دیا ہے پرانی سلیکشن کمیٹی کے کسی رکن کو نئی سلیکشن کمیٹی میں شامل نہیں کیا جائے گا جس کا پہلا ہدف اگست میں زمبابوے کے خلاف س…,50,top5,
post_phase12_r_dev,R014,پی سی بی قائم مقام چیئرمین کے لیے کن ناموں پر غور ہے,KI,94363,URDU,urdu_bm25,2,86488,29.95281219482422,دورہ ویسٹ انڈیز پی سی بی کا ممکنہ کھلاڑیوں کےناموں پر غور,پی سی بی کی سلیکشن کمیٹی نے دورے کے ممکنہ کھلاڑیوں کے ناموں پر غور شروع کردیا ہے جبکہ صباح الحق نے پاکستان کرکٹ بورڈ کو دورہ ویسٹ انڈیز کے لئے اپنی دستیابی سے اگاہ کردیا سلیکشن کمیٹی پی ایس ایل میں متاثر کن پرفارمنس دے کر بہترین کھلاڑی بیٹسمین اور نمبر ون وکٹ کیپر کا اعزاز پانے والے کامران اکمل کے نام پر غور کررہی ہے اسپاٹ فکسنگ کی وجہ سے معطل شرجیل خان کی جگہ احمد شہزاد کی قومی ٹیم میں شمولیت کا امکان ہےسلیکشن کمیٹی نے فخرزمانشاداب خاناصف ذاکرعثمان صلاح الدین حسان خان اور عثمان شنواری کے ناموں…,50,top5,
post_phase12_r_dev,R014,پی سی بی قائم مقام چیئرمین کے لیے کن ناموں پر غور ہے,KI,94363,URDU,urdu_bm25,3,92147,29.482341766357422,جسٹس رڈ ثائر علی نے قائم مقام چیئرمین پی سی بی کا عہدہ سنبھال لیا,لاہورپاکستان کرکٹ بورڈ کے قائم مقام چیئرمین جسٹس ریٹائرڈ ثائر علی نے عہدے کا چارج سنبھال لیا ہے ان کا کہنا ہے کہ بورڈ اف گورنرز کے نام سامنے اتے ہی الیکشن شیدول کااعلان کردیا جائےگا پی سی بی ہیڈ کوارٹر میں میڈیا سے بات کرتے ہوئے قائم مقام چیئرمین جسٹس ریٹائر ثائر علی نے میڈیا سے بات کرتے ہوئے کہا کہ بورڈ کے الیکشن نئے ائین کے مطابق کرائیں جائیں گے پی سی بی کا نیا ائین10 جولائی 2014 کو منظورہوا تھا قائم مقام چیئرمین پی سی بی نے کہا کہ وہ چیف الیکشن کمشنر کی دہری ذمہ داریاں بھی بخوبی نبھائیں گے ا…,50,top5,
post_phase12_r_dev,R014,پی سی بی قائم مقام چیئرمین کے لیے کن ناموں پر غور ہے,KI,94363,URDU,urdu_bm25,4,94336,29.382118225097656,وزیر اعظم نے نجم سیٹھی کو قائم مقام چیئرمین پی سی بی مقرر کردیا,اسلام بادوزیر اعظم نے نجم سیٹھی کو قائم مقام چیئرمین پی سی بی مقرر کردیاہےپاکستان کرکٹ بورڈ ان دنوں ذکاء اشرف کی معطلی کے بعد بغیر چیئرمین کے کام کررہا تھا قائم مقام چیئرمین کی تقرری اسلام بادہائی کورٹ نے بین الصوبائی رابطہ کمیٹی کو ذمہ داری سونپی تھی,50,top5,
post_phase12_r_dev,R014,پی سی بی قائم مقام چیئرمین کے لیے کن ناموں پر غور ہے,KI,94363,URDU,urdu_bm25,5,94363,29.367481231689453,قائم مقام چیئرمین پی سی بی کیلئے ماجد خان چشتی مجاہد اور ممتاز حیدر رضوی کے نام زیر غور,لاہورقائم مقام چیئرمین پی سی بی کیلئے ماجد خان چشتی مجاہد اور ممتاز حیدر رضوی کے نام زیر غور منظوری کیلئے وزیراعظم کو بھجوادیئے گئے ہیںاسلام باد ہائیکورٹ نے چیئرمین پاکستان کرکٹ بورڈ کے انتخاب کیخلاف درخواست پر موجودہ چیئرمین پی سی بی ذکاء اشرف کو نوٹس جاری کرنے کا حکم دیتے ہوئے انہیں کام سے روکتے ہوئے سیکریٹری اسپورٹس اسلام باد سیکریٹری پاکستان اسپورٹس بورڈ اور وزارت بین الصوبائی رابطہ کے سیکریٹری سے دو ہفتوں میں رپورٹ اور جواب طلب کئے ہیں ئندہ سماعت 13 جون کو ہو گی عدالت عالیہ کے فاضل جج شوکت…,50,top5,
post_phase12_r_dev,R015,صوبوں نے وفاق کو ترقیاتی فنڈز کیوں واپس کیے,KI,915,URDU,urdu_bm25,1,915,41.06193161010742,صوبوں نے ترقیاتی کام کرنے کے بجائے کھرب ارب روپے وفاق کو واپس کردیے,اسلام اباد رواں مالی سال کی پہلی سہ ماہی میں چاروں صوبوں نے مل کر2 کھرب ارب روپے کی رقم وفاقی کو فراہم کی ہے تاکہ عالمی مالیاتی فنڈ ائی ایم ایف کے ساتھ مقرر کیے گئے مالیاتی اہداف پورے کیے جاسکیںڈان اخبار کی رپورٹ کے مطابق اس کا مطلب ہے کہ صوبوں نے وفاق کی جانب سے تقسیم کیے جانے والے فنڈز میں سے عوام کی فلاح بہبود کے لیے ایک چوتھائی 25 فیصد سے زائد رقم استعمال نہیں کیاس طرح صوبوں نے مالی سال 202019 کی پہلی سہ ماہیجولائی سے ستمبر میں وفاق کو واپس کیے جانے والے فنڈز کے حوالے سے غیر معمولی کارکردگی…,50,top5,
post_phase12_r_dev,R015,صوبوں نے وفاق کو ترقیاتی فنڈز کیوں واپس کیے,KI,915,URDU,urdu_bm25,2,75735,34.98429489135742,ئندہ ترقیاتی بجٹ کا حجم 11 سو 75ارب روپے رکھے جانے کا امکان,اسلام بادئندہ مالی سال کے لیے قومی ترقیاتی بجٹ کا حجم 11 سو 75ارب روپے رکھے جانے کا امکان ہے اینول پلان کورڈینیشن کمیٹی کل ترقیاتی بجٹ کی منظوری دے گی ذرائع کے مطابق وفاقی وزیر منصوبہ بندی ترقی احسن اقبال کی زیر صدارت اینول پلان کورڈینیشن کمیٹی کا اجلاس کل ہوگا جس میں ئندہ مالی سال 152014میں وفاق اور صوبوں کے لیے ترقیاتی پرگرام کی منظوری دیے جانے کا امکان ہےاجلاس میں وفاقی ترقیاتی منصوبوں کیلئے 525ارب روپے اور صوبوں کیلئے 650ارب روپے کے فنڈز کی منظوری دی جا سکتی ہےذرائع نے بتایا کہ وفاق کیلئے م…,50,top5,
post_phase12_r_dev,R015,صوبوں نے وفاق کو ترقیاتی فنڈز کیوں واپس کیے,KI,915,URDU,urdu_bm25,3,61371,30.330991744995117,ائندہ مالی سال بجٹ خسارے میں اضافہ کئے بغیر ترقیاتی فنڈز میں اضافہ کیا احسن اقبال,اسلام اباد 18 مئی 2017 ئندہ مالی سال کا ترقیاتی بجٹ پہلی مرتبہ دو ہزار ایک سو تیرہ ارب روپے اور اقتصادی ترقی کا ہدف چھ فیصد مقرر کردیا گیا وفاقی وزیر منصوبہ بندی احسن اقبال کہتے ہیں کہ پہلی بار بجٹ خسارے میں اضافہ کئے بغیر ترقیاتی فنڈز میں اضافہ کیا گیا ہے سالانہ منصوبہ بندی رابطہ کمیٹی کا اجلاس وزیرمنصوبہ بندی احسن اقبال کی زیرصدارت اسلام باد میں ہوا اجلاس میں وفاقی ترقیاتی بجٹ کیلئے ایک ہزار ایک ارب روپے اور صوبائی ترقیاتی پروگرام کیلئے ایک ہزار ایک سو بارہ ارب روپے جبکہ جی ڈی پی کا ہدف چھ فی…,50,top5,
post_phase12_r_dev,R015,صوبوں نے وفاق کو ترقیاتی فنڈز کیوں واپس کیے,KI,915,URDU,urdu_bm25,4,75690,30.32100486755371,متحدہ قومی موومنٹ نے سندھ کا شیڈو بجٹ پیش کر دیا,کراچیمتحدہ قومی مومنٹ نے ملک بھر میں زرعی امدنی پر ٹیکس عائد کرنے کا مطالبہ کر دیا ہے ایم کیو ایم کے اراکین سندھ اسمبلی کا کہنا ہے کہ وفاق سے صوبوں کو ملنے والے فنڈز ضلعی سطح پر خرچ ہونے چاہیئے مالی سال 152014 کیلئے قبل ایم کیو ایم کی جانب سے سندھ کا شیڈو بجٹ پیش کیا گیا کراچی میں پریس کانفرنس کرتے ہوئے سندھ اسمبلی میں ایم کیو ایم کے پارلیمانی لیڈر سید سرداراحمد کا کہنا تھا کہ زرعی امدنی پر ٹیکس کے نفاذ سے سالانہ 40 ارب روپے حاصل ہوسکتے ہیں انہوں نے مزید کہا کہ صوبوں کو فنڈز کا اجراء ان کی امدن…,50,top5,
post_phase12_r_dev,R015,صوبوں نے وفاق کو ترقیاتی فنڈز کیوں واپس کیے,KI,915,URDU,urdu_bm25,5,62854,30.257368087768555,صوبوں کی جانب سے سر پلس بجٹ بجٹ خسارہ 1049 ارب تک پہنچ گیا,صوبوں کی جانب سے سرپلس بجٹ دینے کے باعث رواں مالی سال کے پہلے نو ماہ میں بجٹ خسارہ 1049 ارب روپے تک پہنچ گیا وزارت خزانہ کی جانب سے رواں مالی سال کےپہلے نو ماہ کے بارے میں مالیاتی پریشن کی رپورٹ جاری کی گئی ہے رپورٹ کے مطابق جولائی تا مارچ میں بجٹ خسارہ 1049 ارب روپے ہے جس کو ملکی وغیرملکی ذرائع سے قرضہ لے کر پورا کیا گیا ہے اس دوران حکومتی اخراجات میں قرضوں پر سود کی ادائیگی کی مد میں 975 ارب روپے اور دفاعی شعبے کیلئے 486 ارب روپے خرچ کئے گئے رواں مالی سال کے پہلے نو ماہ میں وفاق نے این ایف سی…,50,top5,
post_phase12_r_dev,R016,سام سنگ اپنے نئے فلیگ شپ فون کی رونمائی کب San Francisco میں کرے گا,KI,21021,MIXED,urdu_bm25,1,21349,47.852420806884766,سام سنگ کا پہلا فولڈ ایبل فون نومبر میں سامنے ئے گا,سام سنگ کا پہلا فولڈ ایبل فون کی تیاری اور لانچ کی افواہیں تو برسوں سے سامنے رہی ہیں مگر اب جنوبی کورین کمپنی نے اس کی تاریخ رونمائی کا باقاعدہ اعلان کردیا ہےگلیکسی ایکس یا گلیکسی ایف کے ممکنہ نام سے متعارف کرائے جانے والے اس فون کے بارے میں متعدد تفصیلات سامنے چکی ہیں اور اب یہ معلوم ہوچکا ہے کہ اسے کب دیکھا جاسکے گااور اس بار سام سنگ اس فون کو سامنے لانے میں تاخیر نہیں کرسکتی کیونکہ چینی کمپنی ہیواوے نے بھی بہت جلد ایک فولڈ ایبل فون کو متعارف کرانے کا اعلان کررکھا ہےسام سنگ کے موبائل ڈویژن کے…,50,top5,
post_phase12_r_dev,R016,سام سنگ اپنے نئے فلیگ شپ فون کی رونمائی کب San Francisco میں کرے گا,KI,21021,MIXED,urdu_bm25,2,21473,45.42383575439453,سام سنگ کے نئے فلیگ شپ فون کا وہ فیچر جو ئی فون میں نہیں,سام سنگ کا رواں سال کا دوسرا فلیگ شپ فون گلیکسی نوٹ اگلے ماہ متعارف کرایا جارہا ہے مگر جنوبی کورین کمپنی نے گلیکسی ایس 10 پر بھی زور شور سے کام کررہی ہےسام سنگ سمیت مختلف کمپنیوں کے اسمارٹ فونز کے حوالے سے اطلاعات لیک کرنے والے تجزیہ کار منگ چی کیو کے مطابق گلیکسی ایس 10 میں ایک فیچر ایسا ہوگا جو ئی فون میں متعارف کرائے جانے کا امکان نہیںیہ اطلاعات تو پہلے ہی سامنے چکی ہیں کہ سام سنگ اگلے سال ایس سیریز کے نہیں بلکہ فونز متعارف کرائے گی جن میں سے ایک 58 انچ اسکرین دوسرا 61 انچ اسکرین جبکہ تیسرا …,50,top5,
post_phase12_r_dev,R016,سام سنگ اپنے نئے فلیگ شپ فون کی رونمائی کب San Francisco میں کرے گا,KI,21021,MIXED,urdu_bm25,3,21203,45.325950622558594,سام سنگ گلیکسی ایس 10 کا ڈیزائن کیا ایسا ہوگا,سام سنگ کے نئے فلیگ شپ فون گلیکسی ایس 10 کی مد کو ابھی کئی ماہ باقی ہیں مگر مختلف لیکس اور رپورٹس سے اب اندازہ لگایا جاسکتا ہے کہ یہ ڈیوائس دیکھنے میں کیسی ہوگییعنی فرنٹ پر لگ بھگ مکمل طور پر بیزل لیس اسکرین کے لیے ئی فون ایکس جیسے نوچ کی بجائے سام سنگ نئی حکمت عملی اختیار کرے گی جو کہ اس ڈیزائن کو زیادہ منفرد بنائے گیاور اب ایک ٹوئٹر صارف نے گلیکسی ایس 10 کے نئے ڈیزائن کا رینڈر لیک کیا ہے جو کہ لگ بھگ بیزل لیس ہے جبکہ ڈیوائس کے اوپر ایک سوراخ موجود ہے جس میں سیلفی کیمرہ دیا گیا ہے اس ڈیزائن کا…,50,top5,
post_phase12_r_dev,R016,سام سنگ اپنے نئے فلیگ شپ فون کی رونمائی کب San Francisco میں کرے گا,KI,21021,MIXED,urdu_bm25,4,19677,45.190032958984375,سام سنگ کے نئے فلیگ شپ فون اگست کو متعارف کرائے جانے کا امکان,سام سنگ کا نیا فلیگ شپ فون گلیکسی نوٹ 20 کی تاریخ رونمائی سامنے گئی ہےعام طور پر سام سنگ کی جانب سے فلیگ شپ فونز بہت بڑے لائیو ایونٹس میں متعارف کرائے جاتے ہیں مگر اس سال کورونا وائرس کی وبا کی وجہ سے ایسا نہیں ہوسکے گاپہلی بار جنوبی کورین کمپنی کی جانب ایک لائن ایونٹ میں نئے فلیگ شپ فون کو متعارف کرائے جانے کا امکان ہے جو کہ اگست کو پیش کیا جاسکتا ہےکم از کم نئی لیکس میں دعوی کیا گیا ہے کہ کمپنی کی جانب سے اگست کے شروع میں گلیکسی نوٹ سیریز کے فونز متعارف کرائے جانے کی منصوبہ بندی کی جارہی ہےلی…,50,top5,
post_phase12_r_dev,R016,سام سنگ اپنے نئے فلیگ شپ فون کی رونمائی کب San Francisco میں کرے گا,KI,21021,MIXED,urdu_bm25,5,21503,44.882591247558594,سام سنگ گلیکسی نوٹ کا ایک اور منفرد پہلو سامنے گیا,سام سنگ نے اپنے نئے فلیگ شپ فون گلیکسی نوٹ کے فیچرز اور ڈیزائن پر تو روشنی نہیں دالی مگر یہ ضرور واضح کردیا ہے کہ اس بار ڈیجیٹل ایس پین پر بہت زیادہ توجہ دی گئی ہےیہی وجہ ہے کہ جب گلیکسی نوٹ کو اگست کو متعارف کرانے کا اعلان کیا گیا تو دعوت ناموں پر ایس پین ہی چھایا نظر یامزید پڑھیں سام سنگ گلیکسی نوٹ کی تاریخ رونمائی سامنے گئیمگر اب کسی حد تک واضح ہوگیا ہے کہ سام سنگ اس بار اپنے اسٹائلوس کی تشہیر زیادہ کیوں کررہی ہےامریکا میں جمع کرائے ایک پیٹنٹ کے مطابق گلیکسی نوٹ کا ایس پین اس بار دیگر فیچرز …,50,top5,
post_phase12_r_dev,R017,عراق نے طلبہ کی نقل روکنے کے لیے امتحانات کے دوران کیا بند کیا,KI,23646,URDU,urdu_bm25,1,23646,45.517723083496094,عراق میں امتحانات کے دوران انٹرنیٹ بند,عراق میں امتحانات کے دوران طالب علموں کو نقل کرنے سے روکنے کے غرض سے ملک کی تمام ئی ایس پیز نے تین دن لگاتار مخصوص گھنٹوں کے دوران انٹرنیٹ بند کردیایہ حکم نامہ عراقی وزارت کمیونیکیشن کے جانب سے جاری کیا گیا جس کی وجہ سے موبائل فون اور لینڈ لائن سروسز بھی متاثر ہوئیںعراق میں انٹرنیٹ 14 15 اور 16 مئی کو عالمی وقت کے مطابق بجے سے ٹھ بجے تک بند رکھا گیا اسی وقت عراق میں سیکنڈری اور ہائی اسکولز کے امتحانات کا وقت ہےگزشتہ سال بھی اسی طرح کی پابندی عائد کی گئی تھی تاہم عراقی حکام نے کبھی اس کا اعتراف …,50,top5,
post_phase12_r_dev,R017,عراق نے طلبہ کی نقل روکنے کے لیے امتحانات کے دوران کیا بند کیا,KI,23646,URDU,urdu_bm25,2,4709,21.031721115112305,امتحانات باقی ہیں ملالہ نے گریجویشن کرنے کی تردید کردی,دنیا بھر کے میڈیا نے اپنی رپورٹس میں کہا تھا کہ دنیا کی کم عمر ترین نوبل انعام یافتہ پاکستانی سماجی رہنما ملالہ یوسف زئی نے 22 سال کی عمر میں برطانیہ کی معروف کسفورڈ یونیورسٹی سے گریجویشن کی تعلیم مکمل کرلیتاہم اب ملالہ یوسفزئی نے ایک ٹوئٹ میں بتایا ہے کہ درحقیقت ابھی ان کا گریجویشن مکمل نہیں ہوایہ غلط فہمی یوٹیوب کے فیشل ٹوئٹر اکانٹ کی جانب سے پوسٹ کی جانے والی ایک ٹوئٹ سے ہوئی تھی جس میں ملالہ یوسفزئی کی ایک ویڈیو کو شیئر کرتے ہوئے کیپشن میں انہیں گریجویشن مکمل کرنے کی مبارک باد دی گئی تھیجس …,50,top5,
post_phase12_r_dev,R017,عراق نے طلبہ کی نقل روکنے کے لیے امتحانات کے دوران کیا بند کیا,KI,23646,URDU,urdu_bm25,3,970,20.53384780883789,عراق مظاہرین نے ام قیصر بندرگاہ کا داخلی راستہ بند کردیا,بصرہ میں عراقی بندرگاہ کے داخلی راستے کو مظاہرین نے ایک مرتبہ پھر بند کردیا جبکہ ملازمین اور ٹینکرز کو داخل ہونے سے روک دیا جس کی وجہ سے بندرگاہ کے پریشنز 50 فیصد تک کم ہوگئےغیر ملکی خبر رساں ادارے رائٹرز کی رپورٹ کے مطابق اگر یہ رکاوٹ ایسے ہی جاری رہی تو پریشنز مکمل طور پر بند ہوجانے کا خدشہ ہےاس سے قبل بندرگاہ کے دروازے کو مظاہرین نے 29 اکتوبر سے نومبر تک بند رکھا تھامزید پڑھیں اقوام متحدہ ایت اللہ کا عراق سے انتشار کے خاتمے کیلئے اصلاحات کا مطالبہ واضح رہے کہ ام قیصر عراق کی اہم ترین خلیجی ب…,50,top5,
post_phase12_r_dev,R017,عراق نے طلبہ کی نقل روکنے کے لیے امتحانات کے دوران کیا بند کیا,KI,23646,URDU,urdu_bm25,4,80095,19.49060821533203,لنکڈ ان نے اسنیپ چیٹ اور انسٹاگرام کا اسٹوری فیچر نقل کرلیا,پروفیشنل نیٹ ورکنگ سروس لنکڈ ان نے بھی اسنیپ چیٹ اور انسٹاگرام کا اسٹوری فیچر نقل کرلیا ٹیکنالوجی ویب سائٹ میش ایبل کی رپورٹ کے مطابق کمپنی کا کہنا ہے کہ لنکڈ ان میں اسٹوری فیچر شامل کیا جارہا ہے جو کہ اس وقت زمائشی مراحل میں ہے رپورٹ کے مطابق ابتداء میں یہ فیچر صرف چند امریکی طلبہ کے لیے جاری کیا جائے گا لنکڈ ان اسٹوریز میں اسنیپ چیٹ اور انسٹاگرام کی طرح تصاویر اور مختصر ویڈیو کلپس شیئر کیے جا سکیں گے جو کہ صارف کے قریبی دوستوں کی فیڈ میں پہلے دیکھی جا سکیں گی جس سے وہ ایک دوسرے کی سرگرمیوں سے…,50,top5,
post_phase12_r_dev,R017,عراق نے طلبہ کی نقل روکنے کے لیے امتحانات کے دوران کیا بند کیا,KI,23646,URDU,urdu_bm25,5,79431,18.808351516723633,موبائل فون سے دور رہیں زبردست ڈسکانٹس اور اسکالر شپ حاصل کریں,متحدہ عرب امارات یو اے ای کی ٹیکنالوجی کمپنی لاک اینڈ اسٹاک نے طلبہ کی زندگی بہتر بنانے کے لیے پاکستان میں بھی اپنے منصوبے کا اغاز کردیا ہے لاک اینڈ اسٹاک ایک فری موبائل ایپ ہے جو طلبہ کو ان کے موبائل فونز بند رکھنے کی حوصلہ افزائی کرتی ہے اور بدلے میں انہیں مختلف طرح کے مالی تعلیمی فوائد اور رعایتیں دی جاتی ہیں طلبہ کو فون بند رکھنے پرفی منٹ ایک کی ملتی ہے جس کے ذریعے وہ نہ صرف کھانے پینے کی اشیاء انٹرٹیمنٹ اور مختلف برانڈز پر ڈسکانٹ حاصل کرسکتے ہیں بلکہ اس کے ذریعے وہ دنیا کی معروف جامعات میں…,50,top5,
post_phase12_r_dev,R018,کراچی میں پاک فوج کے نام پر سائیکل ریس کا مقصد کیا تھا,KI,46877,URDU,urdu_bm25,1,88214,39.19989013671875,عبدالستار ایدھی کو خراج تحسین پیش کیلئےکراچی میں سائیکل ریس,معروف سماجی کارکن عبدالستار ایدھی اور پاک ارمی کو خراج تحسین پیش کرنے کےلئےکراچی میں سائیکل ریس کا اہتمام کیا گیاکراچی میں ہونے والی اس سائیکل ریس میں نوجوانوں نے حصہ لیا ریس غریب اباد سے شروع ہوئی اور براستہ اسٹار گیٹ اور شاہراہ فیصلغریب اباد پر ہی اختتام پزیر ہوئی سائیکل ریس کا مقصد نوجوانوں میںکھیل اور صحتمندادنہ ایکٹیوٹی کو فروع دینا تھاارگنائزرز کا کہنا تھا کہ یہ ریس پاک ارمی اورعبدالستار ایدھی کو خراج تحسین پیش کرنے کےلئے منعقد کی گئی معروف سماجی کارکن عبدالستار ایدھی اور پاک ارمی کو خراج…,50,top5,
post_phase12_r_dev,R018,کراچی میں پاک فوج کے نام پر سائیکل ریس کا مقصد کیا تھا,KI,46877,URDU,urdu_bm25,2,91009,35.269535064697266,کراچی کے نوجوانوں کا قانون کے رکھوالوں کو انوکھا خراج تحسین,کراچیسائیکل ریس صرف انعام کے لیے ہی نہیں ہوتی بلکہ کراچی کے نوجوان یہ ریس قانون نافذ کرنے والے اداروں کے نام بھی کرسکتے ہیں پیروں میں جوتے نہیں لیکن جذبات بلند ہیں یہ ہیں کراچی کے نوجوان جو پاک فوج اور قانون نافذ کرنے والے اداروں کو خراج تحسین پیش کرنے کے لیے سائیکل لے کر سڑک پر انکلے ہیں ریس کا اغاز مزار قائد سے ہوا سندھ سائیکلسٹ چیمپئن اسماء علی بروہی سمجھتی ہیں کہ کراچی کا امن بحال ہوگا تو کھیلوں پر گزرا وقت بھی لوٹ ائے گا سائیکل ریس کے منتظم عابد علی ایڈووکیٹ نے بتایا کہ قانون نافذ کرنے وال…,50,top5,
post_phase12_r_dev,R018,کراچی میں پاک فوج کے نام پر سائیکل ریس کا مقصد کیا تھا,KI,46877,URDU,urdu_bm25,3,33827,32.01777267456055,این ای ڈی یونیورسٹی طالبات کیلئے بھی سائیکل ریس,کراچی پاکستان کے اعلی تعلیمی ادارے این ای ڈی یونیورسٹی میں طلباء طالبات کے لیے سائیکل ریس کا اہتمام کیا گیاکراچی کی این ای ڈی یونیورسٹی میں ہونے والی سائیکل ریس میں طلبہ کے ساتھ والدین نے بھی شرکت کی سائیکل ریس میں 20 لڑکیوں نے حصہ لیاسائیکل ریس میں لڑکوں اور لڑکیوں کے الگ الگ مقابلے ہوئےلڑکوں کے مقابلوں میں 32 جبکہ لڑکیوں کے مقابلوں میں 20 طلبہ نے حصہ لیا سائیکل ریس میں 20 لڑکیوں نے حصہ لیاسائیکل ریس کے لیے ٹریک کی طوالت کلو میٹر مخصوص کی گئی تھی ٹریک یونیورسٹی کے اندر ہی موجود سڑکوں پر مشتمل …,50,top5,
post_phase12_r_dev,R018,کراچی میں پاک فوج کے نام پر سائیکل ریس کا مقصد کیا تھا,KI,46877,URDU,urdu_bm25,4,86991,29.742156982421875,کراچیپاک چین دوستی سائیکل ریس اج ہوگی,گریٹ پاک چائنا دوستی زندہ اباد سائیکل ریس اج اتوار ہوگی پاک چین دوستی سائیکل ریس میں 80 سے زائد سائیکلسٹ حصہ لیں گے ریس کا اغاز ملیر کینٹ چورنگی سے ہوگا اورا سی مقام پر اختتام پذیر ہوگی گریٹ پاک چائنا دوستی زندہ اباد سائیکل ریس اج اتوار ہوگی پاک چین دوستی سائیکل ریس میں 80 سے زائد سائیکلسٹ حصہ لیں گے ریس کا اغاز ملیر کینٹ چورنگی سے ہوگا اورا سی مقام پر اختتام پذیر ہوگی,50,top5,
post_phase12_r_dev,R018,کراچی میں پاک فوج کے نام پر سائیکل ریس کا مقصد کیا تھا,KI,46877,URDU,urdu_bm25,5,43881,28.2413272857666,کراچی میں سندھ گیمز کے مقابلے جاری ہیں,کراچی 92 نیوز کراچی میں سندھ گیمز کے مقابلے جاری ہیں اج سائیکلنگ اور گدھا گاڑی ریس کے مقابلے ہوئے سائیکل ریس میں کراچی کے علی الیاس نے میدان مارلیا جبکہ گدھا گاڑی ریس میں ہرن کے بچے نے بازی ماری سائیکل ریس کے مقابلے میں چھ ڈویژن کے 36 سائیکلسٹ نے شرکت کی سائیکل ریس کا غاز مزار قائد سے ہوا سائیکلسٹ مزارقائد سے اسٹیل ٹان تک گئے اور واپس مزارقائد پہنچے تینوں پوزیشنیں کراچی کے نام رہیں علی الیاس نے مقررہ فاصلہ ایک گھنٹہ 28 منٹ میں طے کرکے پہلی قربان نے دوسری اور ولید نے تیسری پوزیشن حاصل کی سائیکل …,50,top5,
post_phase12_r_dev,R019,اپریل 2019 میں کراچی اسٹاک مارکیٹ کتne پوائنٹس نیچے بند ہوئی,KI,64946,MIXED,urdu_bm25,1,64946,40.01180648803711,پاکستان اسٹاک ایکسچینج 506 پوائنٹس کی کمی کے بعد بند,کراچی 04 اپریل 2019 کاروباری ہفتے کے چوتھے روز پاکستان اسٹاک ایکسچینج میں شدید مندی کا رجحان رہا مارکیٹ 506 پوائنٹس کی کمی پر اختتام پذیر ہوئی کاروباری ہفتے کے چوتھے روز پاکستان اسٹاک ایکسچینج میں شدید مندی ریکارڈ کی گئی مندی کے باعث 100 انڈیکس 38 ہزار کی حد سے بھی نیچے چلاگیا مارکیٹ 506 پوائنٹس کی کمی سے 37 ہزار 516 پوائنٹس کی سطح پربند ہوئیدوسری جانب انٹر بینک مارکیٹ میں ڈالرکی قیمت میں پیسے کااضافہ ریکارڈ کیا گیا جس کے بعد ڈالر 141 روپے 50 پیسے پر بند ہوا جبکہ اوپن مارکیٹ میں ڈالر کی قیمت 14…,50,top5,
post_phase12_r_dev,R019,اپریل 2019 میں کراچی اسٹاک مارکیٹ کتne پوائنٹس نیچے بند ہوئی,KI,64946,MIXED,urdu_bm25,2,64886,39.908714294433594,پاکستان اسٹاک ایکسچینج سال کی کم ترین سطح پر پہنچ گیا,کراچی 27 اپریل 2019 پاکستان اسٹاک ایکسچینج میں رواں ہفتے 100 انڈیکس سال کی کم ترین سطح پر پہنچ گیا ہفتے کے اخری روز انڈیکس 37 ہزار 131 پوائنٹس پر بند ہوا رواں ہفتے پاکستان اسٹاک ایکسچینج کے 100 انڈیکس میں 161 پوائنٹس کی کمی واقع ہوئی جس کے بعد ہفتے کے اخری روز انڈیکس 37 ہزار 131 پوائنٹس پر بند ہوا رواں ہفتے انڈیکس سال سے زائد کی کم ترین سطح 36 ہزار 136 پوائٹس پر رہا 100 انڈیکس میں سال کی کم ترین سطح 23 اپریل کو منگل کے روز دیکھی گئی جب کاروبار کے دوران 100 انڈیکس میں 700 سے زائد پوائنٹس کی کمی …,50,top5,
post_phase12_r_dev,R019,اپریل 2019 میں کراچی اسٹاک مارکیٹ کتne پوائنٹس نیچے بند ہوئی,KI,64946,MIXED,urdu_bm25,3,64570,39.21746826171875,کاروباری ہفتے کا دوسرا روز پاکستان اسٹاک ایکسچینج 122 پوائنٹس کے اضافے کے ساتھ بند,کراچی 09 جولائی 2019 پاکستان اسٹاک ایکسچینج میں اج تیزی نظر ائی تاہم کاروبار کا اختتام 112 پوائنٹس اضافہ پر ہوا کاروباری ہفتے کے دوسرے روز پاکستان اسٹک ایکسچینج میں ملا جلا رجحان دیکھاگیا جس کے بعد مارکیٹ 112پوائنٹس کے اضافے سے 33ہزار 855 کی سطح پر بند ہوئی دن بھر 295 کمپنیز کے شیئرز میں کاروبار ہوا 136 کمپبیز کے شیئرز کی قیمتوں میں اضافی جبکہ 137کت شیئرز کی قیمتوں میں کمی ریکارڈ کی گئی اوپن مارکیٹ میں ڈالر کی قیمت میں 20پیسے کا اضافہ دیکھا گیا جس کے بعد ڈالر 157روہے 70 پیسے پر بند ہوا جبکہ انٹ…,50,top5,
post_phase12_r_dev,R019,اپریل 2019 میں کراچی اسٹاک مارکیٹ کتne پوائنٹس نیچے بند ہوئی,KI,64946,MIXED,urdu_bm25,4,64913,38.89853286743164,اج پاکستان اسٹاک مارکیٹ میں مندی 122 پوائنٹس کی کمی پر بند,کراچی 16 اپریل 2019 پاکستان اسٹاک مارکیٹ میں کاروبار اتار چڑھا کے بعد اختتام پذیر ہوا کاروباری ہفتے کے دوسرے روزاسٹاک مارکیٹ میں 122 پوائنٹس کی کمی ریکارڈ کی گئی پاکستان اسٹاک مارکیٹ ملے رجحان کے بعد کمی پر بند ہوئی کاروباری ہفتے کے دوسرے روزاسٹاک مارکیٹ میں 122 پوائنٹس کی کمی ریکارڈ کی گئی مارکیٹ 37ہزار 381 کی سطح پر بند ہوئی حصص بازار میں دن بھر 338 کمپنیز کے شیئرز میں کاروبار ہوا 140 کمپنیز کے شیئرز میں اضافہ جبکہ 175 کمپنیز کے شیئرز میں کمی ریکاڑڈ کی گئی,50,top5,
post_phase12_r_dev,R019,اپریل 2019 میں کراچی اسٹاک مارکیٹ کتne پوائنٹس نیچے بند ہوئی,KI,64946,MIXED,urdu_bm25,5,64604,38.490535736083984,نئے مالی سال کا پہلا روز اسٹاک مارکیٹ 94 پوائنٹس کے اضافے کے ساتھ بند,کراچی یکم جولائی 2019 پاکستان اسٹاک ایکسچینج میں ہفتے کے پہلے روز کاروباری سرگرمیوں میں تیزی دیکھی گئی اور کاروبار کے اختتام پر مارکیٹ 94 پوائنٹس اضافے سے 33 ہزار 996 پوائنٹس کی سطح پر بند ہوئی کاروباری ہفتے کے پہلے روز جب مارکیٹ میں کاروبار کا اغاز ہوا تو انڈیکس 33 ہزات 901 پوائنٹس کی سطح پر تھا لیکن کچھ ہی دیر بعد اس میں 90 پوائنٹس کا اضافہ ہوا نئے مالی سال کا پہلا دن ہونے کے سبب کاروباری حضرات نے سرمایہ کاری میں خاصی دلچسپی لی گزشتہ ماہ کے اخری ہفتے مارکیٹ کساد بازاری کا شکار رہی اور ایک وقت…,50,top5,
post_phase12_r_dev,R020,قائداعظم ون ڈے کپ کے دوسرے سیمی فائنل میں کس بینک نے جیت حاصل کی,KI,83578,URDU,urdu_bm25,1,83578,42.213905334472656,قائد اعظم ون ڈے کپ 2018ء کے دوسرے سیمی فائنل میں حبیب بینک کی فتح,لاہور حبیب بینک نے پاکستان ٹیلی وژن کو سنسنی خیز مقابلے کے بعد رنز سے شکست دے کر قائداعظم ون ڈے کپ کے فائنل کے لیے کوالیفائی کر لیاقذافی اسٹیڈیم لاہور میں قائد اعظم ون ڈے کپ کے دوسرے سیمی فائنل میں حبیب بینک کے کپتان عمر گل نے ٹاس جیت کر پہلے بیٹنگ کا فیصلہ کیاٹیسٹ اوپنر امام الحق اور کوارٹر فائنل میں سوئی سدرن گیس کے خلاف سینچری بنانے والے وکٹ کیپر جمال انور نے بینک کی ٹیم کو 148رنز کا شاندار غاز فراہم کیاامام الحق 93گیندوں پر 6چوکوں اور ایک چھکے کی مدد سے 85اور جمال انور 111گیندوں پر 8چوکوں ا…,50,top5,
post_phase12_r_dev,R020,قائداعظم ون ڈے کپ کے دوسرے سیمی فائنل میں کس بینک نے جیت حاصل کی,KI,83578,URDU,urdu_bm25,2,97029,34.38383102416992,قومی ون ڈے کپ کے سیمی فائنلز کل کھیلے جائیں گے,لاہور اسپورٹس ڈیسک قومی ون ڈے کپ ڈویژن ون ٹورنامنٹ کے سیمی فائنلز پیر کو کھیلے جائیں گے تفصیلات کے مطابق ٹورنامنٹ کا پہلا سیمی فائنل پی ئی اے اور اسلام باد لیپرڈز کی ٹیموں کے درمیان قذافی سٹیڈیم لاہور میں کھیلا جائیگا دوسرے سیمی فائنل میں سیالکوٹ سٹالینز اور حبیب بنک کی ٹیمیں اقبال سٹیڈیم فیصل باد میں منے سامنے ہوں گی ٹورنامنٹ کا فائنل 21 مارچ کو قذافی سٹیڈیم لاہور میں کھیلا جائے گا سیمی فائنل میں جگہ بنانے والی پی ئی اے کی ٹیم گروپ اے میں پوائنٹس کے ساتھ سرفہرست رہی جبکہ اسلام باد لیپرڈز نے گر…,50,top5,
post_phase12_r_dev,R020,قائداعظم ون ڈے کپ کے دوسرے سیمی فائنل میں کس بینک نے جیت حاصل کی,KI,83578,URDU,urdu_bm25,3,83587,31.80487060546875,واپڈا نے قائد اعظم کپ ون ڈے ٹورنامنٹ کے فائنل کیلئے کوالیفائی کر لیا,واپڈا نے خان ریسرچ لیبارٹریز کو شکست دے کر قائد اعظم کپ ون ڈے ٹورنامنٹ کے فائنل کیلئے کوالیفائی کر لیا ہےقذافی اسٹیڈیم لاہور میں قائد اعظم کپ ون ڈے ٹورنامنٹ کے پہلے سیمی فائنل میں واپڈا کے کپتان سلمان بٹ نے ٹاس جیت کر پہلے فیلڈنگ کا فیصلہ کیاخان ریسرچ لیبارٹریز کے بیٹس مین واپڈا کے تجربے کار بولنگ اٹیک کے گے ابتداء ہی سے مشکلات کا شکار دکھائی دئیےٹیسٹ فاسٹ بولر احسان عادل نے 29 رنز دے کر تین محمد عرفان نے 16 رنز دے کر دو اور ذوالفقار بابر نے رنز دے کر 32 وکٹیں لیں اور خان ریسرچ لیبارٹریز کی ٹیم…,50,top5,
post_phase12_r_dev,R020,قائداعظم ون ڈے کپ کے دوسرے سیمی فائنل میں کس بینک نے جیت حاصل کی,KI,83578,URDU,urdu_bm25,4,54305,30.63864517211914,قائد اعظم ون ڈے کپ حبیب بینک نے جیت لیا,لاہور 04 نومبر 2018 قائد اعظم ایک روزہ کرکٹ کپ کے فائنل میں حبیب بینک کی ٹیم نے واپڈا کو 62 رنز سے شکست دے کر ٹرافی اپنے نام کرلی واپڈا کی جانب سے سلمان بٹ نے 56 رنز کی اننگز کھیلی جو ان کی ٹیم کے کام نہ سکی جبکہ رفعت اللہ نے 51 محمد اخلاق نے 30 زاہد منصور نے 21 اور ایاز تصور نے 20 رنز بنائے حبیب بینک کی جانب سے عماد بٹ نے جبکہ خرم شہزاد اور سلمان علی غا نے دو دو کھلاڑیوں کو کیا 201819 15 02 2018 قبل ازیں واپڈ کی جانب سے زوہیب خان نے 68 زمیز عزیز نے 55 اور عمر اکمل نے 49 رنز کی اننگز کھیل کر اس…,50,top5,
post_phase12_r_dev,R020,قائداعظم ون ڈے کپ کے دوسرے سیمی فائنل میں کس بینک نے جیت حاصل کی,KI,83578,URDU,urdu_bm25,5,83610,30.002300262451172,قائد اعظم ون ڈے کپ کا ناک وٹ مرحلہ جیو سوپر پر براہ راست دیکھیں,پاکستان کا ڈومیسٹک ون ڈے قائد اعظم کپ کا ناک وٹ مرحلہ ہفتہ 27اکتوبر سے قذافی اسٹیڈیم لاہور میں شروع ہورہا ہے6ستمبر کو شروع ہونے والے ٹورنامنٹ میں 16ٹیموں کو دو گروپس میں تقسیم کیا گیا تھادونوں گروپس کی چار چار سر فہرست ٹیموں نے کوارٹر فائنل کے لئے کوالی فائی کیا ہے27اکتوبر کو پہلے کوارٹر فائنل میں نیشنل بینک کا مقابلہ واپڈا سے ہوگانیشنل بینک کی قیادت حماد اعظم کر رہے ہیں جب کہ بینک کی ٹیم کو سڑیلیا کے خلاف ٹیسٹ سیریز میں ڈیبیو کرنے والے بلال صف اور میر حمزہ کی بھی خدمات حاصل ہوں گیواپڈا کی قیاد…,50,top5,
post_phase12_r_dev,R021,کے الیکٹرک صارفین کے لیے بجلی یونٹ کتna مہnga hua manzoor,KI,349,MIXED,urdu_bm25,1,70776,33.28498458862305,کراچی والوں کیلئے فی یونٹ بجلی مزید روپے 90 پیسے مہنگی,نیشنل الیکٹرک پاور ریلگولیٹری اتھارٹی نیپرا نے کے الیکٹرک کے صارفین کیلئے فی یونٹ بجلی روپے 90 پیسے مہنگی کرنے کی منظوری دے دینیپرا نے کے الیکٹرک کی 11 سہ ماہی درخواستوں پرفیصلہ جاری کیا جس کے مطابق کے الیکٹرک کے صارفین پرسالانہ 106 ارب روپے کا بوجھ پڑے گانیپرا نے بتایا کہ اس اضافے کے ساتھ کے الیکٹر صارفین کے لیے فی یونٹ بجلی کی اوسط قیمت 17 روپے 69 پیسے مقرر کرنے کی منظوری دی گئینیپرا کے مطابق بجلی کی قیمت میں اضافہ 2016 کی جولائی تا ستمبر سہ ماہی سے شروع ہوگا کے الیکٹرک صارفین کے لیے سہ ماہی …,50,top5,
post_phase12_r_dev,R021,کے الیکٹرک صارفین کے لیے بجلی یونٹ کتna مہnga hua manzoor,KI,349,MIXED,urdu_bm25,2,109301,33.2381477355957,کے الیکٹرک صارفین کے لیے بجلی روپے 88 پیسے فی یونٹ مہنگی,منظوری کے بعد کے الیکٹرک کا ٹیرف 12 روپے 81 سے بڑھا کر 17 روپے 69 پیسے فی یونٹ ہوگیا ہے فوٹو فائل اسلام باد کراچینیپرا نے کے الیکٹرک صارفین کے لئے بجلی روپے 88 پیسے فی یونٹ مہنگی کرنے کی منظوری دے دی ایکسپریس نیوزکے مطابق سال نو کی مد پر کے الیکٹرک صارفین کے لیے ایک بری خبر ئی ہے نیپرا نے کے الیکٹرک کا 11 سہ ماہیوں کا ٹیرف ایڈجسٹمنٹ فیصلہ جاری کر دیا ہے جس کے مطابق نیپرا نے کے الیکٹرک صارفین سے 106 ارب روپے وصول کرنے کی اجازت دے دی ہے نیپرا نے جولائی 2016 سے مارچ 2019 کے عرصہ کے لیے فیصلہ جاری …,50,top5,
post_phase12_r_dev,R021,کے الیکٹرک صارفین کے لیے بجلی یونٹ کتna مہnga hua manzoor,KI,349,MIXED,urdu_bm25,3,70772,33.19194793701172,ایڈجسٹمنٹ کی مد میں بڑھایا گیا ٹیرف صارفین پرلاگو نہیں ہوگا کے الیکٹرک,کراچی پاکستان کے سب سے بڑے شہر کراچی کو بجلی فراہم کرنے والی کمپنی کے الیکٹرک کا کہنا ہے کہ ایڈجسٹمنٹ کی مد میں بڑھایا گیا ٹیرف صارفین پرلاگو نہیں ہوگانیشنل الیکٹرک پاور ریلگولیٹری اتھارٹی نیپرا نے کے الیکٹرک کے صارفین کیلئے فی یونٹ بجلی روپے 90 پیسے مہنگی کرنے کی منظوری دی تھیکے الیکٹر صارفین کے لیے فی یونٹ بجلی کی اوسط قیمت 17 روپے 69 پیسے مقرر کرنے کی منظوری دی گئی نیپرانیپرا نے کے الیکٹرک کی 11 سہ ماہی درخواستوں پرفیصلہ جاری کیا جس کے مطابق کے الیکٹرک کے صارفین پرسالانہ 106 ارب روپے کا بوجھ…,50,top5,
post_phase12_r_dev,R021,کے الیکٹرک صارفین کے لیے بجلی یونٹ کتna مہnga hua manzoor,KI,349,MIXED,urdu_bm25,4,74241,32.44247817993164,کے الیکٹرک کے صارفین کے لیے بجلی 85پیسے فی یونٹ سستی,کراچینیپرا نے کے الیکٹرک کے صارفین کے لیے اگست کےمہینے کیلئےبجلی 85 پیسے فی یونٹ سستی کرنے کی منظوری دے دی ہے چیئرمین نیپرا طارق سدوزئی نے کے الیکٹرک کی درخواست پر سماعت کرتےہوئےفیصلہ سنایا کے الیکٹرک کی درخواست میں کہا گیا تھاکہ کمپنی کو اگست میں فیول لاگت میں کمی سے ایک ارب 31کروڑ روپے کی بچت ہوئی دوران سماعت چیئرمین نیپرانےکہاکہ کےالیکٹر کانیشنل گرڈ سے بجلی حاصل کرنے کامعاہدہ ختم ہوچکا بجلی غیرقانونی طورپر جارہی ہے ممبر پنجاب خواجہ نعیم نے کہا کہ کے الیکٹرک نیشنل گرڈ سے 8روپے 25پیسے فی یونٹ …,50,top5,
post_phase12_r_dev,R021,کے الیکٹرک صارفین کے لیے بجلی یونٹ کتna مہnga hua manzoor,KI,349,MIXED,urdu_bm25,5,3163,32.39974594116211,نیپرا نے بجلی سستی کے الیکٹرک نے مہنگی کردی,نیشنل الیکٹرک پاور ریگولیٹری اتھارٹی نیپرا نے پاکستان کے سب سے بڑے شہر کراچی کو بجلی فراہم کرنے والی کمپنی کے الیکٹرک کو فیول ایڈجسٹمنٹ کی مد میں بجلی فی یونٹ 25 پیسے مہنگی کرنے کی منظوری دے دیبجلی کی قیمت میں اضافے کی منظوری نومبر 2016 کے مہینے کے لیے دی گئی ہے اور اضافی رقم صارفین سے جنوری 2017 کے بجلی کے بل میں وصول کی جائے گینیپرا کی جانب سے جاری ہونے والے نوٹیفکیشن کے مطابق کے الیکٹرک نے بجلی 60 پیسہ فی یونٹ مہنگی کرنے کی سفارش کی تھییہ بھی پڑھیں شنگھائی پاور کو کے الیکٹرک کا انتظام سنبھال…,50,top5,
post_phase12_r_dev,R022,ملک میں سونے ki فی تولہ qeemat mein kitna izafa hua,KI,73145,MIXED,urdu_bm25,1,72736,28.39057159423828,سونے کی فی تولہ قیمت میں 200روپےکمی,ملک بھر میں سونے کی فی تولہ قیمت میں 200 روپے کمی واقع ہوئی ہے جس کے بعد سونے کی فی تولہ قیمت 49 ہزار 300 روپے ہوگئی سندھ صرافہ بازار ایسوسی ایشن کے مطابق ملک بھر میں دس گرام سونے کی قیمت 171 روپے کم ہوکر 42257 روپے ہو گئی عالمی صرافہ بازار میں سونے کی قیمت 60 سینٹ کم ہوکر 1178 ڈالر فی اونس ہوگئی ملک بھر میں سونے کی فی تولہ قیمت میں 200 روپے کمی واقع ہوئی ہے جس کے بعد سونے کی فی تولہ قیمت 49 ہزار 300 روپے ہوگئی سندھ صرافہ بازار ایسوسی ایشن کے مطابق ملک بھر میں دس گرام سونے کی قیمت 171 روپے کم ہ…,50,top5,
post_phase12_r_dev,R022,ملک میں سونے ki فی تولہ qeemat mein kitna izafa hua,KI,73145,MIXED,urdu_bm25,2,72799,28.17761993408203,سونے کی فی تولہ قیمت 650 روپے کم ہوگئی,ملک بھرمیں سونے کی فی تولہ قیمت 650 روپے کم ہوگئی ال سندھ صرافہ ایسوسی ایشن کے مطابق ملک بھر میں سونے کی فی تولہ قیمت 50 ہزار 100 روپے ہوگئی ہے ال سندھ صرافہ بازار ایسوسی ایشن کے مطابق عالمی مارکیٹ میں سونے کی فی اونس قیمت 23 ڈالر کم ہو کر 1189 ڈالر ہوگئی ہے عالمی مارکیٹ میں سونے کی قیمتوں میں کمی کا اثر مقامی مارکیٹ پر بھی ہواہے ملک میں دس گرام سونے کی قیمت 558 روپے سے کم ہوکر 42942 روپے ہو گئی ملک بھرمیں سونے کی فی تولہ قیمت 650 روپے کم ہوگئی ال سندھ صرافہ ایسوسی ایشن کے مطابق ملک بھر میں سون…,50,top5,
post_phase12_r_dev,R022,ملک میں سونے ki فی تولہ qeemat mein kitna izafa hua,KI,73145,MIXED,urdu_bm25,3,72732,28.020647048950195,سونے کی قیمت میں کمی,ملک بھر میں سونے کی فی تولہ قیمت میں 200 روپے کمی کے بعد فی تولہ قیمت 49 ہزار 300 روپے ہوگئی سندھ صرافہ بازار ایسوسی ایشن کے مطابق ملک میں دس گرام سونے کی قیمت 171 روپے کم ہوکر 42257 روپے ہوگئی عالمی صرافہ بازار میں سونے کی قیمت 60 سینٹ کم ہوکر 1178 ڈالر فی اونس ہوگئی ملک بھر میں سونے کی فی تولہ قیمت میں 200 روپے کمی کے بعد فی تولہ قیمت 49 ہزار 300 روپے ہوگئی سندھ صرافہ بازار ایسوسی ایشن کے مطابق ملک میں دس گرام سونے کی قیمت 171 روپے کم ہوکر 42257 روپے ہوگئی عالمی صرافہ بازار میں سونے کی قیمت 6…,50,top5,
post_phase12_r_dev,R022,ملک میں سونے ki فی تولہ qeemat mein kitna izafa hua,KI,73145,MIXED,urdu_bm25,4,70618,27.909624099731445,ملک میں سونے کی قدر میں کمی فی تولہ قیمت 89 ہزار ہوگئی,کراچی ملک میں سونے کی فی تولہ قیمت میں 1850 روپے کی کمی ہوئی ہےسونے کی فی تولہ قیمت 1950 روپے اضافے سے 94100 روپے ہوگئی سندھ صرافہ بازار جیولرز ایسوسی ایشنسندھ صرافہ بازار جیولرز ایسوسی ایشن کے مطابق سونے کی فی تولہ قیمت 1850 روپے کم ہوکر 89 ہزار روپے ہوگئی ہے10 گرام سونے کی قیمت 1587 روپے کم ہوکر 76303 روپے ہے جبکہ عالمی صرافہ میں سونے کی قدر 60 ڈالر کم ہوکر 1470 ڈالر فی اونس ہےخیال رہے کہ گزشتہ دنوں سونے کی قیمتوں میں اضافہ دیکھا گیا تھا اور فی تولہ سونے کی قیمتیں 94 ہزار تک جاپہنچی تھیں,50,top5,
post_phase12_r_dev,R022,ملک میں سونے ki فی تولہ qeemat mein kitna izafa hua,KI,73145,MIXED,urdu_bm25,5,71264,27.736984252929688,ملک میں سونے کی فی تولہ قیمت میں ایک ہزار روپے کا اضافہ,کراچی ملک میں سونے کی فی تولہ قیمت میں ایک ہزار روپے کا اضافہ ہوا ہے جس کے بعد فی تولہ قیمت 67 ہزار تک پہنچ گئیسندھ صرافہ بازار ایسوسی ایشن کے مطابق عالمی مارکیٹ میں پیلی دھات کی فی اونس قیمت 11 ڈالر بڑھ کر 1272 ڈالر ہوگئی ہے جس کا اثر سونے کی مقامی قیمتوں پر بھی ہوا ہےسندھ صرافہ بازار ایسوسی ایشن کا کہنا ہے کہ ملک میں فی تولہ سونے کی قدر ایک ہزار روپے اضافے کے بعد 67 ہزار روپے ہوگئی ہے10 گرام سونے کی قدر 858 روپے اضافے سے 57442 روپے ہوگئی ہے جب کہ چاندی کی فی تولہ قیمت 880 روپے پر برقرار رہی,50,top5,
post_phase12_r_dev,R023,فواد چوہدری ne pehla science fair kab aur kahan karne ka elaan kiya,KI,59622,MIXED,urdu_bm25,1,3879,18.400897979736328,نیٹ فلیکس کے پاکستانی ورژن پر شوبز شخصیات کا ردعمل,وفاقی وزیر برائے سائنس ٹیکنالوجی فواد چوہدری نے گزشتہ دنوں اعلان کیا تھا کہ حکومت پاکستان اسٹریمنگ ویب سائٹ نیٹ فلیکس کا پاکستانی ورژن لانچ کرنے کے لیے تیار ہے سماجی رابطے کی ویب سائٹ ٹوئٹر پر کی گئی ٹوئٹ میں فواد چوہدری نے کہا تھا کہ وزارت سائنس ٹیکنالوجی میں ہم پاکستان کی پہلی او ٹی ٹی ٹیلی ویژن نیٹ فلیکس کا پاکستانی ورژن لانچ کرنے کے لیے مکمل طور پر تیار ہیںفواد چوہدری نے کہا تھا کہ اس ضمن میں ٹیکنالوجی کا کام مکمل ہوچکا ہے اور ہم نے پاکستان الیکٹرنک میڈیا ریگولیٹری اتھارٹی پیمرا سے کہا ہے ک…,50,top5,
post_phase12_r_dev,R023,فواد چوہدری ne pehla science fair kab aur kahan karne ka elaan kiya,KI,59622,MIXED,urdu_bm25,2,3653,18.06084632873535,فواد چوہدری کا اینیمیشن اور ویڈیو گیمز کے شوقین افراد کیلئے خصوصی پروگرام کا اعلان,وزارت سائنس ٹیکنالوجی میں وفاقی وزیر کا منصب سنبھالنے کے بعد سے فواد چوہدری ملک میں ٹیکنالوجی سے متعلق نت نئے اقدامات سامنے لارہے ہیں گزشتہ ماہ فواد چوہدری نے اعلان کیا تھا کہ حکومت پاکستان اسٹریمنگ ویب سائٹ نیٹ فلیکس کا پاکستانی ورژن لانچ کرنے کے لیے تیار ہے فواد چوہدری نے بتایا تھا کہ وزارت سائنس ٹیکنالوجی نے اسٹریمنگ ویب سائٹ کا کافی کام مکمل کرلیا ہے اور وزارت نے پاکستان الیکٹرنک میڈیا ریگولیٹری اتھارٹی پیمرا سے مواد ان ایئر کرنے سے متعلق ہدایات تیار کرنے کو کہا ہےمزید پڑھیں نیٹ فلیکس کا پا…,50,top5,
post_phase12_r_dev,R023,فواد چوہدری ne pehla science fair kab aur kahan karne ka elaan kiya,KI,59622,MIXED,urdu_bm25,3,20652,18.042356491088867,فواد چوہدری کا پہلا پاکستان سائنس فیئر منعقد کروانے کا اعلان,وفاقی وزیر برائے سائنس اینڈ ٹیکنالوجی فواد چوہدری نے پاکستان کے پہلے سائنس فیئر کے انعقاد کا اعلان کردیا سماجی رابطے کی ویب سائٹ ٹوئٹر پر اپنے ایک پیغام میں فواد چوہدری نے سائنس کے شعبے سے وابستہ پاکستانی نوجوانوں کو یہ نوید سنائی وفاقی وزیر کا کہنا تھا کہ پہلے پاکستان سائنس فیئر کا انعقاد رواں برس اگست میں اسلام اباد میں منعقد کیا جائے گا جس میں طالب علم اپنے پروجیکٹ پیش کر سکتے ہیں مزید پڑھیں خلائی دوربین کے بارے میں فواد چوہدری کا بیان چرچے عالمی میڈیا تک جا پہنچےاس حوالے سے انہوں نے مزید بت…,50,top5,
post_phase12_r_dev,R023,فواد چوہدری ne pehla science fair kab aur kahan karne ka elaan kiya,KI,59622,MIXED,urdu_bm25,4,59622,17.722244262695312,فواد چوہدری نے پاکستان سائنس فیئر کے انعقاد کا اعلان کردیا,اسلام باد09 مئی 2019 وزیر سائنس ٹیکنالوجی فواد چوہدری نے کہا ہے کہ پہلا پاکستان سائنس فیئر اگست میں اسلام باد میں منعقدہوگا میلے میں شرکت کیلئے جولائی سے رجسٹریشن کی جائے گی تفصیلات کے مطابق فواد چوہدری نے سماجی رابطے کی ویب سائٹ ٹوئٹر پر اپنے پیغام میں کہا ہے کہ پہلا پاکستان سائنس فیئر اگست میں اسلام باد میں منعقدہوگامیلے میں شرکت کیلئے جولائی سے رجسٹریشن کی جائے گی 2019 2019 وزیر سائنس ٹیکنالوجی نے اپنے بیان میں کہا ہے کہ نے ایسا کچھ بھی ایجاد کر لیاجو پاکستان کو دکھانا چاہتے ہیں تو تیار ہو ج…,50,top5,
post_phase12_r_dev,R023,فواد چوہدری ne pehla science fair kab aur kahan karne ka elaan kiya,KI,59622,MIXED,urdu_bm25,5,79785,17.60041046142578,ٹیسلا کے مالک کو پاکستان میں فیکٹری لگانے کی پیشکش,وفاقی وزیر برائے سائنس اینڈ ٹیکنالوجی فواد چوہدری نے امریکا کی کار بنانے والی نامور کمپنی ٹیسلا کے مالک ایلن مسک کو پاکستان میں فیکٹری لگانے کی پیشکش کی ہے فواد چوہدری کی جانب سے یہ دعوت اس وقت دی گئی جب گاڑیاں بنانے والی کمپنی کی جانب سے اعلان کیا گیا کہ وہ اب لاکھ کے قریب الیکٹرک گاڑیاں برلن میں فیکٹری لگا کر بنائیں گے مائیکرو بلاگنگ سائٹ ٹوئٹر پر العربیہ کی جانب سے شائع کی گئی خبر پر فواد چوہدری نے ری ٹوئٹ کرتے ہوئے ایلن مسک کو پاکستان میں فیکٹری لگانے کی دعوت دی وفاقی وزیر نے اپنے ٹوئٹ میں …,50,top5,
post_phase12_r_dev,R024,گوگل کی خودکار udan taxi ne New Zealand mein pehli test parwaz kab ki,KI,80278,MIXED,urdu_bm25,1,22819,19.88960838317871,کیا واقعی اوبر نے گوگل کا فارمولہ چوری کیا,سان فرانسسکو ان لائن ٹیکسی سروس فراہم کرنے والی کمپنی اوبرنے گوگل کے الزامات کا تمسخر اڑاتے ہوئے دلیل دی کہ ڈرائیور کے بغیر چلنے والی کار انہوں نے اپنی اعلی ٹیکنالوجی کی مدد سے تیار کیاوبر نے یہ جواب گوگل کی جانب سے کیے گئے عدالتی مقدمے میں سان فرانسسکو کی فیڈرل عدالت میں جمع کرایاگوگل نے ماہ قبل اوبر کے خلاف فارمولہ چوری کا عدالت میں کیس دائر کیا تھاگوگل نے اوبر پر ڈرائیور کے بغیر چلنے والی کار کے فارمولے کی چوری کا الزام لگایاخیال رہے کہ گوگل کی پیرنٹ کمپنی ایلفا نے وائمو نامی ڈرائیور کے بغیر…,50,top5,
post_phase12_r_dev,R024,گوگل کی خودکار udan taxi ne New Zealand mein pehli test parwaz kab ki,KI,80278,MIXED,urdu_bm25,2,79536,18.34331512451172,گوگل اب اپ کی کونسی معلومات خودبخود ڈیلیٹ کر دے گا,گوگل نے اب صارفین کی ایک سال کے دوران ریکارڈ کی گئی کچھ معلومات خودکار طریقے سے ڈیلیٹ کرنے کا نظام متعارف کروا دیا ہے گوگل کے سربراہ سندر پچائی نے کمپنی کے سیفٹی اینڈ سیکیورٹی بلاگ پرگزشتہ روز ایک مضمون میں گوگل کے مصنوعات میں صارفین کی پرائیویسی میں کچھ تبدیلیاں لانے کا اعلان کیا ہے گوگل کے مطابق اب صارفین کو کمپنی کی جانب سے ریکارڈ کی گئی تمام معلومات کو تین یا 18 مہینے کے دورانیے کے دوران خودکار طریقے سے ڈیلیٹ کرنے کا اختیار دے دیا گیا ہے اس تبدیلی کے بعد رواں ماہ سے گوگل نے ڈیفالٹ سیٹنگز کو…,50,top5,
post_phase12_r_dev,R024,گوگل کی خودکار udan taxi ne New Zealand mein pehli test parwaz kab ki,KI,80278,MIXED,urdu_bm25,3,14929,17.374553680419922,گوگل کی نئی خودکار ڈرائیونگ گاڑی متعارف,گوگل نے مکمل طور پر خودکار ڈرائیونگ کرنے والی چھوٹی گاڑیاں متعارف کرا دی ہیں جو ئندہ چند ماہ میں سڑکوں پر چلتی نظر ئیں گی2 نشستوں والی یہ مختصر گاڑی مکمل طور پر خودکار ڈرائیونگ کے مقصد کے لیے ہی تیار کی گئی ہیں اور اس میں انسانی مداخلت کا امکان ہی نہیں کیونکہ اسٹیئرنگ وہیل یا پیڈل وغیرہ موجود ہی نہیںگوگل کا کہنا ہے کہ وہ اگلے برسوں تک بغیر ڈرائیور کی گاڑیاں صارفین تک پہنچانے کے مشن پر کام کررہا ہےیہ نئی گاڑی گوگل کی سابقہ سیلف ڈرائیونگ کار کے مقابلے میں زیادہ خوبیوں کی حامل ہے تاہم یہ طویل سفر …,50,top5,
post_phase12_r_dev,R024,گوگل کی خودکار udan taxi ne New Zealand mein pehli test parwaz kab ki,KI,80278,MIXED,urdu_bm25,4,80131,17.147655487060547,گوگل کروم ورژن 69 کے خودکار لاگ ان فیچر سے صارفین کو ڈیٹا پرائیویسی کے خدشات,گوگل کے مقبول برازر کروم کے نئے ورژن 69 میں شامل خودکار لاگ ان فیچر سے صارفین کو اپنے ڈیٹا پرائیویسی کے حوالے سے خدشات لاحق ہوگئے ہیں واضح رہے کہ اس سے قبل یہ صارفین کے اپنے اختیار میں ہوتا تھا کہ وہ برازر پر لاگ ان ہوتے ہیں یا نہیں لیکن اب نئے ورژن میں صارفین جیسے ہی گوگل سرچ جی میل یا یو ٹیوب پر لاگ ان ہوں گے تو کروم بھی انہیں خودکار طور پر لاگ ان کردے گا صارفین اس حوالے سے تذبذب کا شکار ہیں کہ اس نئے فیچر کو شامل ہی کیوں کیا گیا ہے کیونکہ بہت سے صارفین کروم پر لاگ ان ہونا پسند نہیں کرتے لیکن…,50,top5,
post_phase12_r_dev,R024,گوگل کی خودکار udan taxi ne New Zealand mein pehli test parwaz kab ki,KI,80278,MIXED,urdu_bm25,5,20653,17.085250854492188,گوگل میں اپنا ڈیٹا خودکار طور پر ڈیلیٹ کرنا سیکھیں,جب بھی گوگل استعمال کرتے ہیں تو نہ چاہتے ہوئے بھی ایک معاہدہ کرلیتے ہیں کہ اس کی جو بھی سروس یعنی جی میل ڈرائیو سرچ یوٹیوب یا میپ استعمال کریں گے اس کے بدلے میں اپنے بارے میں معلومات اس سرچ انجن کو فراہم کریں گے گوگل اس معلومات کو اشتہاری کمپنیوں کو فراہم کرتا ہے تاکہ مدنی حاصل کرسکے اور کمپنیاں اسے اپنی مصنوعات کی فروخت کو بہتر بنانے کے لیے استعمال کرتی ہیںگوگل کے بارے میں جاننے کے لیے متعدد طریقہ کار استعمال کرتا ہے جیسے اگر اینڈرائیڈ فون استعمال کرتے ہیں تو کا نام فون نمبر جگہ اور بہت کچھ اس…,50,top5,
post_phase12_r_dev,R025,تیسرے ون ڈے میں ویسٹ انڈیز ne Pakistan ko jeet ke liye kitna target diya,KI,86209,MIXED,urdu_bm25,1,45011,28.492061614990234,تیسرا ون ڈے ویسٹ انڈیز کاٹاس جیت کر بیٹنگ کا فیصلہ,گیانا 92نیوز ویسٹ انڈیز نے تیسرے ون ڈے میں ٹاس جیت کر پہلے بیٹنگ کا فیصلہ کیا ہے تفصیلات کےمطابق پاکستان اور ویسٹ انڈیز کے درمیان کھیلی جانیوالی ون ڈے سیریز کے تیسرے اور اخری میچ میں ویسٹ انڈیز نے ٹاس جیت کر پہلے بیٹںگ کا فیصلہ کیا ہے دوسری طرف پاکستانی کپتان سرفراز احمد کا کہنا تھا کہ اگر وہ بھی ٹاس جیتتے تو پہلے فیلڈنگ کا فیصلہ کرتے,50,top5,
post_phase12_r_dev,R025,تیسرے ون ڈے میں ویسٹ انڈیز ne Pakistan ko jeet ke liye kitna target diya,KI,86209,MIXED,urdu_bm25,2,57041,28.215354919433594,پاکستانویسٹ انڈیزتیسراون ڈے کل ابو ظہبی میں8ویں پوزیشن کے لیےپاکستان کو لازمی فتح درکار,پاکستان اور ویسٹ انڈیز کے درمیان تیسرا ایک روزہ میچ کل ابوظہبی میں کھیلا جائے گا ٹھویں پوزیشن پر واپس نے کے لیے پاکستان کو تیسرے ون ڈے میں لازم فتح درکار ہے پاکستان اور ویسٹ انڈیز تیسرے ون ڈے کے لیے بدھ کو ابو ظہبی کے میدان پر منے سامنے ارہے ہیںابوظبی کے میدان پر پاکستان نے اب تک 29ون ڈے میچز کھیلے ہیں 13 میں کامیابی ملی اور 16 میں اس کو شکست ہوئی ہے پاکستان کو ٹھویں پوزیشن پر نے کے لیے تیسرے ون ڈے میں کامیابی ضروری ہے ویسٹ انڈیز اس وقت90 پوائنٹس کے ساتھ ٹھویں اور پاکستان 88 پوائنٹس کے ساتھ نوی…,50,top5,
post_phase12_r_dev,R025,تیسرے ون ڈے میں ویسٹ انڈیز ne Pakistan ko jeet ke liye kitna target diya,KI,86209,MIXED,urdu_bm25,3,94136,27.93721580505371,پاکستان اور ویسٹ انڈیز کے درمیان تیسرا اور پانچواں ون ڈے مشکوک قرار,لندن ایک برطانوی اخبار کا دعوی ہے کہ پاکستان اور ویسٹ انڈیز کے درمیان کھیلی گئی حالیہ سیریز کے تیسرے اور پانچویں ون ڈے میں سٹے بازی کی اطلاعات ملی ہیںبرطانوی میڈیا کا دعوی ہے کہ ئی سی سی کا اینٹی کرپشن یونٹ تیسرے اور پانچویں ون ڈے کی تحقیقات کرے گا اخبار کا دعوی ہے کہ تیسرے اور پانچویں ون ڈے میں سلو رن ریٹ تحقیقات کا مرکزی نقطہ ہوگا برطانوی اخبار کے مطابق تیسرے ون ڈے میں خری اوور میں پاکستان کی جانب سے رن وٹ کا چانس ضائع کرنے کے معاملے پر بھی تحقیقات کی جائیں گی جبکہ پانچویں ون ڈے میں ویسٹ انڈی…,50,top5,
post_phase12_r_dev,R025,تیسرے ون ڈے میں ویسٹ انڈیز ne Pakistan ko jeet ke liye kitna target diya,KI,86209,MIXED,urdu_bm25,4,86447,26.755260467529297,انگلینڈ کی ویسٹ انڈیز کو شکست سیریز کلین سوئپ کرلی,انگلینڈ نے ویسٹ انڈیز کو تیسرے ون ڈے میں 186رنز سے شکست دیکر میچز کی سیریز میں کلین سوئپ کرلیا ہے ویسٹ انڈیز کی ٹیم تیسرے ون ڈے میں 329رنز ہدف کے تعاقب میں 40 ویں اوور میں 142رنز بنا کر ائوٹ ہوگئی برج ٹاون بارباڈوس میں کھیلے گئے تیسرے میچ کا ٹاس ویسٹ انڈیزنے جیت کرفیلڈنگ کا فیصلہ کیا انگلینڈ نے ایلکس ہیلز اور جوروٹ کی سنچریوں کی بدولت 328 کا مجموعہ بنایا ہیلز اور روٹ نے دوسری وکٹ پر 192رنزکی شراکت قائم کی ہیلز 110اور روٹ نے101 رنز کی اننگزکھیلی الزاری جوزف نے اورجیسن ہولڈرنے شکار کئے ہدف کے تعا…,50,top5,
post_phase12_r_dev,R025,تیسرے ون ڈے میں ویسٹ انڈیز ne Pakistan ko jeet ke liye kitna target diya,KI,86209,MIXED,urdu_bm25,5,44675,26.746654510498047,انگلینڈ اور ویسٹ انڈیز کے درمیان پانچواں ون ڈے میچ کل کھیلا جائیگا,ساتھمپٹن ویب ڈیسک انگلینڈ اور ویسٹ انڈیز کے مابین ون ڈے سیریز کا اخری میچ اج کھیلا جائیگاانگلینڈ کی ٹیم کو پانچ میچوں کی سیریز میں تین صفر کی فیصلہ کن برتری حاصل ہے جبکہ ایک میچ بارش کی نذر ہو گیا تھا پہلے میچ میں انگلینڈ نے ویسٹ انڈیز کی ٹیم کو سات وکٹوں سے مات دی تھی دوسرا میچ بغیر کسی نتیجے کے ختم ہو گیا تھا انگلینڈ نے تیسرے میچ میں ویسٹ انڈیز کو 124 رنز سے مات دی تھی جبکہ میزبان ٹیم نے ویسٹ انڈیز کو چوتھے ون ڈے میچ میں چھ رنز سے شکست دے کر سیریز اپنے نام کر لی تھی,50,top5,
post_phase12_r_dev,R026,اقصی علی ne Meesha Shafi aur Ali Zafar jhagra par kya inkshaaf kiya,KI,67741,MIXED,urdu_bm25,1,67741,18.602216720581055,میشا شفیع اور علی ظفر کا معاملہ ماڈل گلوکارہ اقصی علی نے سنسنی خیز انکشاف کردیا,ویب ڈیسک29 اپریل 2018 نامور پاکستانی گلوکارہ میشا شفیع کی جانب سے علی ظفر پر لگائے جانے والے جنسی ہراسانی کےالزامات میں ہر روز نیا موڑ ارہا ہےواقعہ کے وقت جیم سیشن میں موجود پاکستانی ماڈل گلوکارہ اقصی علی نےمیشا کے الزامات سے پردہ اٹھاتے ہوئے سنسنی خیز انکشافات کیے ہیں نامور پاکستانی ماڈل گلوکارہ اور علی ظفر کی بینڈ ممبر اقصی علی نے بھی علی ظفر کی حمایت میں اواز اٹھاتے ہوئے کہا میشا شفیع جس جیم سیشن کی بات کررہی ہیں جہاں وہ دونوں اپنی پرفارمنس کی پریکٹس کررہے تھے میں بھی وہیں موجود تھی اور صرف …,50,top5,
post_phase12_r_dev,R026,اقصی علی ne Meesha Shafi aur Ali Zafar jhagra par kya inkshaaf kiya,KI,67741,MIXED,urdu_bm25,2,98573,15.83012866973877,اداکارہ ریما خان کا فیملی کے ہمراہ مقبوضہ بیت المقدس کا دورہ,ماضی کی سپر اسٹار ریما خان نے اپنے شوہر ڈاکٹر طارق شہاب کے ہمراہ مقبوضہ بیت المقدس کا دورہ کیااداکارہ ریما خان فیملی کے ہمراہ مسجد اقصی پہنچیں جہاں انہوں نے شب معراج کے موقع پر قبلہ اول میں خصوصی عبادت بھی کیاداکارہ نے انسٹاگرام پر مقبوضہ بیت المقدس میں مسجد اقصی کی تصاویر پوسٹ کرتے ہوئے شب معراج والے روز زیارت کی سعادت حاصل کرنے پر اللہکا شکر ادا کیا 27 24000 50 27 27 2019 1224 انہوں نے کہا کہ مسجد اقصی مسلمانوں کے ساتھ ساتھ دیگر مذاہب کیلئے بھی اہم ہے اور اس کی سعادت میرے کیلئے خوش نصیبی ہےاد…,50,top5,
post_phase12_r_dev,R026,اقصی علی ne Meesha Shafi aur Ali Zafar jhagra par kya inkshaaf kiya,KI,67741,MIXED,urdu_bm25,3,49072,15.644477844238281,میشا شفیع کے الزاماتعلی ظفر نے گلوکارہ کو قانونی نوٹس بھجوا دیا,کراچی 92 نیوز میشا شفیع کے الزامات پر علی ظفر نے گلوکارہ کو قانونی نوٹس بھجوا دیا علی ظفر نے وکلاء کے ذریعے 10کروڑ ہرجانے کا قانونی نوٹس بھجوایا ہرجانے کے نوٹس میں کہا گیا ہے کہ میشا شفیع دو ہفتوں میں میڈیا پر کر معافی مانگیں ورنہ ہرجانے کا دعوی دائر کیا جائے گا علی ظفرکےبینڈ کی اقصی اورکنزہ نےعلی ظفر کو بے قصور قرار دے دیا گلوکارائیں کہتی ہیں میشا نےجس روز ہراساں کرنے کی بات کی ہم بھی وہیں تھیں ان کا مزید کہنا تھا کہ علی ظفر کےساتھ سفر بھی کیا ہے اور لڑکیوں کو جان بوجھ کر ان پر گرتے بھی دیکھا …,50,top5,
post_phase12_r_dev,R026,اقصی علی ne Meesha Shafi aur Ali Zafar jhagra par kya inkshaaf kiya,KI,67741,MIXED,urdu_bm25,4,58792,15.28487777709961,اسپیشل اولمپکس گولڈ سمیت پاکستان نے15میڈل جیت لئے,لاس اینجلس میں جاری اسپیشل اولمپک گیمز میں پاکستانی ایتھیلیٹس کی شاندار کارکردگی کا سلسلہ جاری ہے اقصی جونیجو اوررامیل ارشد نے گولڈ میڈل جیت لئےچھ گولڈ سمیت پاکستان کے تمغوں کی تعداد پندرہ ہوگئی لاس اینجلس میں جاری اسپیشل اولمپک گیمز میں پاکستانی ایتھیلیٹس کی شاندار کارکردگی کا سلسلہ جاری ہے پاکستانی سوئمر اقصی جونیجو نے پچاس میٹر بیک اسٹروکس میں گول میڈل حاصل کرلیا اقصی نے گذشتہ روز پچاس میٹر بٹر فلائی میں سلور میڈل جیتا تھا اسپیشل ایتھلیٹ رامیل ارشد نے دومیٹر ریس میں طلائی تمغہ حاصل کیا محمد …,50,top5,
post_phase12_r_dev,R026,اقصی علی ne Meesha Shafi aur Ali Zafar jhagra par kya inkshaaf kiya,KI,67741,MIXED,urdu_bm25,5,96907,14.81085205078125,مردان نے انٹر ریجنل خواتین بیڈ منٹن چیمپئن شپ جیت لی,پشاور مردان ڈویژن نے انٹر ریجنل خواتین بیڈمنٹن چیمپئن شپ جیت لی قیوم اسپورٹس کمپلیکس پشاور میں کھیلے گئے ڈبلز فائنلز میں مردان کی اقصی اور عارفہ حسن نے ایبٹ باد کی عالیہ اور منہ کودو صفر سے ہرا دیا پہلے سنگل فائنل میں مردان کی عارفہ حسن نے ایبٹ باد کی عالیہ کے خلاف دو صفر سے کامیابی حاصل کی دوسرے سنگل فائنل میں مردان کی اقصی حسن نے ایبٹ اباد کی منزہ کو ہرا دیااس طرح مردان نے انٹر ریجنل چیمپئن شپ جیت لی ایبٹ باد نے دوسری اور پشاور کی ٹیم نے تیسری پوزیشن حاصل کی,50,top5,
post_phase12_r_dev,R027,کلینڈ میں نیوزی لینڈ ne West Indies ko pehle T20 mein kitne runs se haraaya,KI,93226,MIXED,urdu_bm25,1,93082,23.143192291259766,کلینڈ ٹیسٹ بھارتی ٹیم مشکلات سے دوچار,کلینڈبھارتی ٹیم نیوزی لینڈ کے خلاف کلینڈ ٹیسٹ میں مشکلات سے دوچار ہے 503رنز کے سامنے بھارت کے چار کھلاڑی 130پر پولین لوٹ گئے کلینڈ ٹیسٹ کے دوسرے روز میزبان نیوزی لینڈ نے 329رنز چار کھلاڑی سے اننگز شروع کی تو پہلے روز سنچری بنانے والے برینڈین مک کلم ڈبل سنچری بنانے میں بھی کامیاب ہوگئے انہوں نے280 گیندوں پر یہ سنگ میل عبور کیا وہ 224رنز بناکر ائوٹ ہوئے نیوزی لینڈ کی ٹیم پہلی اننگز میں 503رنز بناکر ائوٹ ہوگئی اشانت شرما نے 6کھلاڑیوں کو کیا جواب میں بھارت کی اننگز کا غاز انتہائی مایوس کن رہا پہلے …,50,top5,
post_phase12_r_dev,R027,کلینڈ میں نیوزی لینڈ ne West Indies ko pehle T20 mein kitne runs se haraaya,KI,93226,MIXED,urdu_bm25,2,44293,22.80694580078125,قومی کرکٹ ٹیم جیت کا جذبہ لیے نیوزی لینڈ پہنچ گئی,کلینڈ 92 نیوز قومی کرکٹ ٹیم جیت کے ارمان لیے نیوزی لینڈ پہنچ گئی سرفراز الیون کلینڈ میں قیام کریں گے کھلاڑی کل نیلسن روانہ ہوں گے گرین شرٹس کیویز کیخلاف پانچ ون ڈے اور تین ٹی 20 میچز کھیلیں گےشاہینوں نے کیویز کے دیس میں ڈیرے ڈال لیے قومی کرکٹ ٹیم نیوزی لینڈ پہنچ گئی گرین شرٹس کلینڈ میں قیام کریں گے کھلاڑی کل نیلسن روانہ ہوں گےبگ بیش میں مصروف شاداب خان کچھ دنوں میں ٹیم کو جوائن کریں گے بڑے مقابلوں کے لیے سرفراز الیون نے روانگی سے قبل قذافی اسٹیڈیم میں بھرپور پریکٹس کیقومی ٹیم نیوزی لینڈ کیخلاف …,50,top5,
post_phase12_r_dev,R027,کلینڈ میں نیوزی لینڈ ne West Indies ko pehle T20 mein kitne runs se haraaya,KI,93226,MIXED,urdu_bm25,3,93094,22.761438369750977,کلینڈ ٹیسٹ میں بھارت کو مشکلات نیو زی لینڈ کے4وکٹ پر329رنز,کلینڈ بھارتی کرکٹ ٹیم کیلئے دورہ نیوزی لینڈ ڈراونا خواب بنا ہوا ہےون ڈے سیریز چار صفر سے جیتنے والی کیوی ٹیم نے ٹیسٹ سیریز کا غاز بھی شاندار انداز میں کیا ہے کلینڈ ٹیسٹ میں بھارتی بولرز نے نیوزی لینڈ کی تین وکٹ تو 30 رنز پر گرا دیں لیکن پھر ولیم سن اور برینڈن میک کولم نے شاندار بیٹنگ کی دونوں نے سنیچری بنائیولیم سن 113 رنز بنا کر وٹ ہو ئےلیکن جب پہلے دن کا کھیل ختم ہوامیک کولم 143 اور کورے اینڈرسن 42 رنز بنا کر وکٹ پر موجود تھےنیوزی لینڈ کا اسکور چار وکٹ پر 329 ہو چکا تھاظہیر خان اور اشانت شرما…,50,top5,
post_phase12_r_dev,R027,کلینڈ میں نیوزی لینڈ ne West Indies ko pehle T20 mein kitne runs se haraaya,KI,93226,MIXED,urdu_bm25,4,93226,22.719070434570312,کلینڈنیوزی لینڈ نے ویسٹ انڈیز کوپہلے ٹی ٹوئنٹی میں ہرادیا,کلینڈ نیوزی لینڈ نے ویسٹ انڈیز کیخلاف دو ٹی ٹوئنٹی میچز کی سیریز کا پہلا ٹی ٹوئنٹی میچ 81رنز سے جیت لیا کلینڈ میں ہونیوالے میچ میں نیوزی لینڈ نے 189رنزاسکورکئےبرینڈن میکلم 60اورلیوک رونچی 48رنزبناکرناٹ وٹ رہےٹیینو بیسٹ نے تین کھلاڑیوں کوٹ کیاجواب میں ویسٹ انڈیزکی بیٹنگ لائن ناکام ہوگئی اور8وکٹ پر108رنزبناسکینیتھن میکلم نیچاراورجیمزنیشم نے تین وکٹیں حاصل کیں,50,top5,
post_phase12_r_dev,R027,کلینڈ میں نیوزی لینڈ ne West Indies ko pehle T20 mein kitne runs se haraaya,KI,93226,MIXED,urdu_bm25,5,46558,22.661176681518555,کلینڈ پاکستان اور نیوزی لینڈ تیسرے ون ڈے میں مدمقابل پاکستان کی پہلے بیٹنگ نیوزی لینڈ کو جیت کیلئے 291 رنز کا ہدف,اکلینڈ نائنٹی ٹو نیوز پاکستان اور نیوزی لینڈ کلینڈ میں تیسرے ایک روزہ میچ میں مدمقابل ہیں میچ میں پاکستان نے نیوزی لینڈ کو جیت کے لیے 291 رنز کا ہدف دے دیا ہے پاکستانی ٹیم کے کپتان اظہر علی نے نیوزی لینڈ کے خلاف ٹاس جیت کر بیٹنگ کا فیصلہ کیا نیوزی لینڈ کو تین ایک روزہ میچوں کی سیریز میں ایک صفر کی برتری حاصل ہے شاہین سیریز کو برابر جبکہ کیویز سیریز اپنے نام کرنے کی کوشش کریں گے اخری ایک روزہ میچ کیلئے پاکستانی ٹیم میں تبدیلیاں کی گئی ہیں عماد وسیم اور انور علی کو ڈراپ جبکہ شعیب ملک اور راحت علی…,50,top5,
post_phase12_r_dev,R028,فیس بک comments mein animated GIF bhejne ka naya button kab aaya,KI,22551,MIXED,urdu_bm25,1,59850,14.713462829589844,فیس بک واٹس ایپ اور انسٹا گرام کی سروس 90 منٹ تک معطل,ویب ڈیسک04 ستمبر 2018 دنیا کے کئی ممالک میں تکنیکی خرابی کے باعث گذشتہ رات سوشل میڈیا ویب سائٹ فیس بکواٹس ایپ اور انسٹا گرام کی سروس نوے منٹ تک معطل رہی فیس بک انتظامیہ کا کہنا ہے کہ تکنیکی خرابی پر قابو پا کر بڑی حد تک مسئلے کو حل کر لیا گیا ہے نیٹ ورکنگ میں خرابی کے باعث مختلف مقامات پر صارفین کو فیس بک پر پریشانی کا سامنا کرنا پڑا فیس بک ترجمان نے فیس بک سروس متاثر ہونے پر صارفین سے معذرت کی ہے یہ بھی پڑھیے فیس بک نے فیس بک واچ نامی ویڈیو سروس متعارف کروادی فیس بک کا نیا فیچر متعارف کرانے کا…,50,top5,
post_phase12_r_dev,R028,فیس بک comments mein animated GIF bhejne ka naya button kab aaya,KI,22551,MIXED,urdu_bm25,2,103659,14.705718994140625,کئی ممالک میں فیس بک سروسز کچھ دیرمعطل رہنے کے بعد بحال,کراچیدنیا کے بیشتر ممالک میں سوشل نیٹ ورکنگ ویب سائٹس فیس بک سروس کچھ دیرمعطل رہنے کے بعد بحال ہوگئیپاکستان میں بھی فیس بک استعمال کرنے والے صارفین کو مشکلات کا سامنا رہا پاکستان سمیت دنیا کے بیشتر ممالک میں فیس بک کی سروسز عارضی طور پرمعطل ہو گئی پاکستان میں رات ایک بجے کے بعد اچانک فیس بک کی ویب سائٹس متاثر ہوئی خرابی کے دوران دنیا بھرمیں فیس بک کے کروڑوں صارفین کو پرسنل ڈیٹا تک رسائی میں مشکلات کا سامنا کر نا پڑا ویب سائٹ کے ترجمان نے ایک بیان جاری کیا جس میں کہا گیا کہ فیس بک بند ہونے کی وج…,50,top5,
post_phase12_r_dev,R028,فیس بک comments mein animated GIF bhejne ka naya button kab aaya,KI,22551,MIXED,urdu_bm25,3,60402,14.664079666137695,فیس بک کے استعمال میں ایشیا کا پہلا نمبر,ایشیائی باشندوں نے فیس بک کے استعمال میں پوری دنیا کو پیچھے چھوڑدیا ہے اس بات کا اندازہ یوں لگایا جاسکتا ہے انتالیس کروڑ ساٹھ لاکھ یورز روزانہ فیس بک استعمال کرتے ہیں فیس بک سے جڑے ایشیائی صارفین تو جیسے فیس بک کے دیوانے ہوگئے اسمارٹ فون بھی نے کے باوجود جسے دیکھو وہ فیس بک پر پوسٹ لائیک اور کمنٹس دینے میں مصروف رہتا ہے فیس بک انتظامیہ نے اعتراف کیا ہے کہ اس کے زیادہ تر یوزر ایشیائی ہیں اور پچھلے دو سال میں ان کی تعداد ستاون فی صد بڑھ گئی یہی وجہ ہے کہ روزانہ انتالیس کروڑ ساٹھ لاکھ یوزر فیس بک …,50,top5,
post_phase12_r_dev,R028,فیس بک comments mein animated GIF bhejne ka naya button kab aaya,KI,22551,MIXED,urdu_bm25,4,60141,14.637078285217285,فیس بک نے فیس ائی ڈی فیچر متعارف کرادیا,کیلیفورنیا 02 اکتوبر 2017 فیس بک نے اکانٹ ایکور کرنے کیلئے فیس ائی ڈی فیچر متعارف کرادیا صارفین اب بااسانی اپنا فیس بک اکانٹ ریکور کرسکتے ہیں فیس بک نے اکانٹ ریکور کرنے کیلئے فیس ائی ڈی کا فیچر متعارف کرادیا ہے اس کی مدد سے صارفین اپنا اکانٹ اپنی ذاتی یا خفیہ معلومات فراہم کیے بغیر ری کور کرسکیں گےیہ فیچر صارف کی شکل کی شناخت کر کے اکانٹ کو بحال کردے گا یہ بھی پڑھیے فیس بک کے کمنٹس اب رنگین ہوجائیں گے اب فیس بک پر انسٹاگرام اسٹوری شیئر کی جاسکے گی,50,top5,
post_phase12_r_dev,R028,فیس بک comments mein animated GIF bhejne ka naya button kab aaya,KI,22551,MIXED,urdu_bm25,5,59921,14.628616333007812,فیس بک کی فیشیل پیج بنانے کی فر الیکشن کمیشن نے مسترد کردی,اسلام باد11 جولائی 2018 فیس بک نے پاکستان الیکشن کمیشن کو فر دی ہے کہ وہ فیس بک پر اپنا فیشل پیج بنائے جس پر الیکشن کمیشن نے فیس بک کی فر قبول کرنے سے انکار کر دیا فیس بک نے الیکشن کمیشن پاکستان کو فر دی ہے کہ وہ فیس بک پر اپنا فیشل پیج بنائے جس پر الیکشن کمیشن نے فیس بک کی فر قبول کرنے سے انکار کر دیاترجمان الیکشن کمیشن نے کہا کہ الیکشن سے قبل پیج بنانے کے حوالے سے ابھی تک نہیں سوچاواضح رہے امریکہ کے الیکشن میں روس نے فیس بک کے ذریعے حصہ لیا تھا کیوں کہ فیس بک کا مواد چوری ہونے کا خدشہ رہتا ہے…,50,top5,
post_phase12_r_dev,R029,سوشل میڈia ki khabron ke baad Imad Wasim ne shadi ke bare mein kya kaha,KI,29033,MIXED,urdu_bm25,1,99439,15.866894721984863,زین ملک کی میڈ ان پاکستان شرٹ کے چرچے,پاکستانی نژاد برطانوی گلوکار زین ملک اکثر وبیشتر خبروں میں ان رہتے ہیں اور اب ان کی میڈ ان پاکستان شرٹ کے بھی سوشل میڈیا پر خوب چرچے ہیںمشہور بینڈ ون ڈائریکشن کے سابق رکن نے حال ہی میں انسٹاگرام پر ایک سیلفی پوسٹ کی جس میں ان کی شرٹ پر میڈ ان پاکستان کا ٹیگ لگا ہوا نظر رہا تھا اور ساتھ ہی ان کی گردن پر بنا ہوا نیا ٹیٹو بھی کافی نمایاں ہےیا یوں کہا جائے کہ دکھانا تو وہ اپنا ٹیٹو چاہتے تھے لیکن لوگوں کی نظریں میڈ ان پاکستان کے ٹیگ پر پڑ گئیں اور ہر طرف اس کے چرچے شروع ہوگئے 18 2018 128 واضح رہے ک…,50,top5,
post_phase12_r_dev,R029,سوشل میڈia ki khabron ke baad Imad Wasim ne shadi ke bare mein kya kaha,KI,29033,MIXED,urdu_bm25,2,104184,13.372313499450684,ہالی وڈ ایکشن فلم میڈ میکس فیوری روڈدھوم مچانے کو تیار,لاس اینجلسہالی وڈ ایکشن فلموں کے شائقین ہوجائیں تیار میڈ میکس فرنچائز کی چوتھی فلم میڈ میکس فیوری روڈ دھوم مچانے ارہی ہے میڈ میکس سیریز کی چوتھی فلم میڈ میکس فیوری روڈ کی کہانی ایک ایسی دنیا کی ہے جہاں لوگ موت سے لڑتے نظر اتے ہیں ایسے میں میکس ٹیم کی ایک رکن خاتون نہ صرف کوشش کرتی ہے بلکہ زندہ بھی رہتی ہے یہ ماردھاڑ سے بھرپور ایکشن فلم 22مئی کو پاکستانی سینماوں میں سجے گی,50,top5,
post_phase12_r_dev,R029,سوشل میڈia ki khabron ke baad Imad Wasim ne shadi ke bare mein kya kaha,KI,29033,MIXED,urdu_bm25,3,104165,13.292840957641602,میڈ میکس فیوری روڈاج پاکستان میں ریلیز ہوگی,کراچیایکشن فلم میڈ میکس فیوری روڈ اج پاکستانی سینما گھروں میں تہلکہ مچانے ارہی ہے میڈ میکس سیریز کی چوتھی فلم میڈ میکس فیوری روڈ کی کہانی ایک ایسی دنیا کے گرد گھومتی ہے جہاں موت کا راج ہےان حالات میں میکس ٹیم اپنی ہمت اور بہادری سے موت کا مقابلہ کرتی ہے,50,top5,
post_phase12_r_dev,R029,سوشل میڈia ki khabron ke baad Imad Wasim ne shadi ke bare mein kya kaha,KI,29033,MIXED,urdu_bm25,4,104384,12.943015098571777,ہالی وڈ فلم میڈ میکس فیوری روڈ 15 مئی کو ریلیز ہوگی,ہالی وڈہالی وڈ فلم میڈ میکس فیوری روڈ 15مئی کو سنیما گھروں کی زینت بننے جارہی ہے میڈ میکس سیریز کی چوتھی فلم میڈ میکس فیوری روڈ کی کہانی ایک ایسی دنیا کی ہے جہاں لوگ موت سے لڑتے نظر اتے ہیں ایسے میں میکس ٹیم کی ایک رکن خاتون نہ صرف کوشش کرتی ہے بلکہ زندہ بھی رہتی ہے یہ ماردھاڑ سے بھرپور ایکشن فلم 15مئی کو سنیما گھروں میں نمائش کے لیے پیش کی جارہی ہے,50,top5,
post_phase12_r_dev,R029,سوشل میڈia ki khabron ke baad Imad Wasim ne shadi ke bare mein kya kaha,KI,29033,MIXED,urdu_bm25,5,51641,12.77065658569336,ہالی وڈ فلم میڈمیکس فیوری روڈ کے نئے ٹریلر کی سوشل میڈیا پر دھوم,لاس اینجلسویب ڈیسکہالی ووڈ ایڈونچر اور ایکشن فلم میڈ میکس فیوری روڈ کے نئےٹریلر نے دھوم مچادی فلم پندرہ مئی کو سینما گھروں کی زینت بنے گی تفصیلات کے مطابق فلم کی کہانی ایسی دنیا کے گرد گھومتی نظر تی ہے جہاں راج ہے لاقانونیت کا انسان زندہ ہیں لیکن انسانیت نہیںانسان ہی انسان کا سب سے بڑا دشمن بن جاتا ہے ہدایتکار جارج ملر کی فلم میں چارلیز تھیرون ٹام ہارڈی اورنکولس ہولٹ مرکزی کردار ادا کرتے نظر ئیں گے,50,top5,
post_phase12_r_dev,R030,2018 ke pehle ODI mein Pakistan ko New Zealand se kitni runs ki shikast hui,KI,44267,ROMAN,roman_bm25_method_D,1,96843,15.956562995910645,لندن میراتھن کینیا کے ایتھلیٹس نے مینز اور ویمنز ایونٹ جیت لئے,لندن طویل فاصلے کی دوڑ میں ایک بار پھر کینیا کے ایتھلیٹس نے اپنی برتری ثابت کرتے ہوئے لندن میراتھن کے مینز اور ویمنز ایونٹ جیت لیے اس ریس میں تقریبا 36 ہزارافراد نے شرکت کی 42 کلو میٹر فاصلے پر مشتمل ایونٹ کا مینز ٹائٹل کینیا کے کپ سینگ نے جیتا انہوں نے مقررہ فاصلہ گھنٹے منٹ اور 44سکینڈزمیں طے کیا ویمنز ایونٹ میں میری کیٹنی نے مسلسل دوسرے برس بھی کامیابی سمیٹی انہوں نے 2گھنٹے 18 منٹ اور 37 سکینڈز کے وقت کے ساتھ سب کو پیچھے چھوڑا,50,top5,
post_phase12_r_dev,R030,2018 ke pehle ODI mein Pakistan ko New Zealand se kitni runs ki shikast hui,KI,44267,ROMAN,roman_bm25_method_D,2,17464,14.759560585021973,دبئی میں دنیا کا سب سے بڑا کار شو روم,دبئی جیفر لوپیز اوڈی شو روم میں موجود ہیںانٹرنیٹ فوٹودبئیدبئی میں ایک مہنگے کار شو روم کے افتتاح کے موقع پر مالکان نے امریکی اداکارہ اور گلوکارہ جینیفر لوپز پر دس لاکھ درہم لٹا دیے شیخ زاید شاہراہ پر کھولے جانے والے اس شو روم کی کل مالیت گیارہ کروڑ اسی لاکھ درہم بتائی گئی ہے اور یہ دنیا میں اپنی نوعیت کا سب سے بڑا شو روم ہےفی الوقت یہاں وڈی کی ستاون گاڑیاں نمائش کے لیے پیش کی گئی ہیں شو روم کو عوام کے لیے باقاعدہ طور پر تین دسمبر کو کھول دیا جائے گاایک رپورٹ کے مطابق لوپیز اکیس نومبر کو دبئی پہ…,50,top5,
post_phase12_r_dev,R030,2018 ke pehle ODI mein Pakistan ko New Zealand se kitni runs ki shikast hui,KI,44267,ROMAN,roman_bm25_method_D,3,106740,13.669302940368652,لندن میں ہواہالی وڈکی نئی فلم بلیوجیسمین کاپریمیئر,لندنہالی وڈ کے مشہور ہدایت کارایلن وڈی کی نئی فلم بلیو جیسمین کا پریمئیر لندن میں ہوا اس فلم کی کہانی ایک ایسی خاتون کے گرد گھومتی ہے جو زندگی میں خاص کامیابی حاصل نہ کرسکی لیکن اپنی چھوٹی بہن کو اپنے جیسا ہی بنانا چاہتی ہے اس فلم کے مرکزی کردار اور نے نبھائے ہیں یہ فلم برطانیہ میں 27 ستمبر کو ریلیز کی جا رہی ہے امریکا میں اس کی نمائش ایک ماہ پہلے سے ہی جاری ہے,50,top5,
post_phase12_r_dev,R030,2018 ke pehle ODI mein Pakistan ko New Zealand se kitni runs ki shikast hui,KI,44267,ROMAN,roman_bm25_method_D,4,106600,13.533628463745117,ہالی وڈ نئی فلم فری برڈز کا پریمےئر,لاس اینجلسلاس اینجلس میں ہوا ہالی وڈ کی نئی فلم فری برڈز کا پریمیئر کریو اور کاسٹ نے ریڈ کارپٹ تقریب میں شرکت کی فلم میں اوون ولسن وڈی ہرلسن اور ایمی اس زمانے میں پہنچ جاتے ہیں جب تھینکس گیونگ ڈے منانے کا غاز ہوا تھا اور ٹرکی کو کھانے میں شامل نہ کیے جانے کی مہم جاری تھی اور ٹرکی زادانہ ملک میں گھومتے پھرتے تھے امریکا بھر میں فری برڈ یکم نومبر کو ریلیز کی جائے گئی,50,top5,
post_phase12_r_dev,R030,2018 ke pehle ODI mein Pakistan ko New Zealand se kitni runs ki shikast hui,KI,44267,ROMAN,roman_bm25_method_D,5,108737,12.340680122375488,سکر ایوارڈز کی تقریب جاری ہیوگو فلم نے دوسکر جیت لئے,لاس اینجلس 84ویں سکر ایوارڈز کی تقریب امریکی شہر لاس اینجلس کے کوڈیک تھیٹر میں جاری ہے جہاں پرابتدائی اعلان کے مطابق ہیوگو فلم نے سینما گرافی اور رٹ ڈائریکشن میں دو سکر ایوارڈ جیت لئےاس مرتبہبہترین فلم کے لیے9 نامزدگیاں ہیں جن میں دی رٹسٹ ہیوگو اور دی ڈیسینڈنٹس جیسی فلمیں شامل ہیں بہترین ڈائریکٹر کے لیے دوڑ وڈی ایلن مائیکل زینا دشیس ٹرینس ملک ایلکزینڈر پئین اور مارٹن سکورسیزی میں ہوگی بہترین اداکارہ کے لیے گلین کلوز ویولا ڈیوس رونی میرا میرل اسٹریپ اور میشیل ولیمز ایک دوسرے سے مقابلہ کریں گی جب…,50,top5,
post_phase12_r_dev,R031,open market mein dollar ki qeemat 20 paisay kam hokar kitni reh gayi,KI,75827,ROMAN,roman_bm25_method_D,1,109202,18.265296936035156,انٹربینک اور اوپن مارکیٹ میں ڈالر کی قدر گر گئی,اٹربینک مارکیٹ میں ڈالر کی قدر10 پیسے کی کمی سے 154روپے56 پیسے پر بند ہوا فوٹوفائل کراچیانٹربینک میں ڈالر 10 پیسے اور اوپن مارکیٹ میں 20 سستا ہوگیا ایکسپریس نیوزکے مطابق جمعے کے روز انٹربینک مارکیٹ میں ڈالر کی قدر 10 پیسے گر گئی اور ڈالر 154 روپے 66 پیسے سے کم ہوکر 154 روپے 56 پیسے پر بند ہوا جب کہ اوپن مارکیٹ میں بھی ڈالر 20 پیسے سستا ہوا اور اوپن مارکیٹ میں ڈالر 155 روپے سے کم ہوکر 154 روپے 80 پیسے پر بند ہوا,50,top5,
post_phase12_r_dev,R031,open market mein dollar ki qeemat 20 paisay kam hokar kitni reh gayi,KI,75827,ROMAN,roman_bm25_method_D,2,73486,17.69217872619629,کراچی انٹربینک مارکیٹ میں ڈالر 20 پیسے مہنگا ہوگیا,انٹربینک مارکیٹ میں ڈالر 20 پیسے مہنگا ہوگیا پاکستان اسٹاک مارکیٹ ہنڈرڈ انڈیکس میں اغاز پر مندی کا رجحان دیکھا جارہا ہےفاریکس ڈیلرز کے مطابق انٹربینک مارکیٹ میں گذشتہ ہفتے ڈالر ماہ کی کم ترین سطح104 روپے 22 پیسے پراگیا تھا لیکن کاروباری ہفتے کے پہلے ہی روز طلب کے باعث انٹربینک میں ڈالر 20 پیسے مہنگا ہوکر 104 روپے 42 پیسے پر پہنچ گیا ہے دوسری جانب پاکستان اسٹاک ایکس چینج میں منفی رجحان دیکھا جارہا ہے جس سے ہنڈرڈ انڈیکس 270 پوائنٹس کمی سے 36 ہزار 670 کی سطح پر اگیا ہے معاشی تجزیہ کار محمد سہیل کا…,50,top5,
post_phase12_r_dev,R031,open market mein dollar ki qeemat 20 paisay kam hokar kitni reh gayi,KI,75827,ROMAN,roman_bm25_method_D,3,73481,17.460317611694336,امریکی ڈالر 50 پیسے مہنگا ہوگیا,ڈالر پھر مہنگا ہوگیا انٹربینک مارکیٹ میں روز میں ڈالر 50 پیسے مہنگا ہوکر 104روپے 70 پیسے پر پہنچ گیا فاریکس ڈیلرز کے مطابق گذشتہ ہفتے انٹربینک مارکیٹ میں ڈالر ماہ کی کم ترین سطح 104 روپے 20 پیسے پر اگیا تھا اس کے بعد مسلسل ڈالر کی طلب میں اضافہ دیکھا جارہا ہے گزشتہ روز انٹربینک میں ڈالر 36 پیسے مہنگا ہوا اور اج بھی انٹربینک مارکیٹ میں ڈالر 14 پیسے اضافے سے 104روپے 69 پیسے پرپہنچ گیا ہے ادھر اوپن مارکیٹ میں بھی ڈالر 30 پیسے مہنگا ہوکر 105روپے 10 پیسے میں فروخت کیا جارہا ہے ڈالر پھر مہنگا ہوگیا ا…,50,top5,
post_phase12_r_dev,R031,open market mein dollar ki qeemat 20 paisay kam hokar kitni reh gayi,KI,75827,ROMAN,roman_bm25_method_D,4,72358,17.452880859375,اوپن مارکیٹڈالریورو اور پاونڈ کی قدر میں کمی کا رجحان,اوپن مارکیٹ میں ڈالر یورو اور برطانوی پاونڈ کی قدر میں کمی کا رجحان دیکھا جارہا ہے انٹربینک میں ڈالر 104 روپے 84 پیسے پر اگیا کرنسی ڈیلرز کے مطابق عالمی مارکیٹ میں مختلف کرنسی کی قدر میں کمی دیکھی جارہی ہےاس کا اثر مقامی اوپن مارکیٹ میں بھی ہوا جہاں ڈالر 10 پیسے کم ہوکر 107 روپے 50 پیسے پر اگیا ہے ڈیلرز کا کہنا ہے کہ اوپن مارکیٹ میں برطانوی پاونڈ 50 پیسے سستاہوکر133 روپے 20 پیسے اور یورو 30 پیسے کمی کے بعد 113 روپے 70 پیسے میں فروخت ہورہا ہے دوسری جانب انٹر بینک مارکیٹ میں ڈالر ایک پیسہ کم ہوکر…,50,top5,
post_phase12_r_dev,R031,open market mein dollar ki qeemat 20 paisay kam hokar kitni reh gayi,KI,75827,ROMAN,roman_bm25_method_D,5,38964,17.401622772216797,اوپن کرنسی مارکیٹ میں ڈالر کی قیمت معمولی سی گرگئی,لاہور ویب ڈیسک اوپن کرنسی مارکیٹ میں امریکی ڈالر کی قیمت گر گئی ہفتہ کواوپن کرنسی مارکیٹ میں ڈالرکی قیمت خریدمیں10پیسے اور قیمت فروخت میں20پیسے کی مزیدکمی ریکارڈ کی گئی اوپن مارکیٹ میں ڈالر کی قیمت گری مگر مقامی مارکیٹ میں ہفتہ وار تعطیل کے باعث ڈالر کی قیمت مستحکم رہی قیمت خرید میں 10اور فروخت میں 20 پیسے کی کمی کے بعد امریکی ڈالر کی قیمت خرید 13960سے کم ہوکر 13950 جب کہ قیمت فروخت140سے کم ہو کر13880روپے ہو گئی اوپن مارکیٹ میں ڈالر کی طرح یورو اور برطانوی پانڈ کی قیمت میں بھی کمی ریکارڈ کی گئی…,50,top5,
post_phase12_r_dev,R032,ارطغرل ڈرامے ki Halima Sultan Pakistan aane ki khwahish kyun zahir ki,KI,97791,MIXED,urdu_bm25,1,4798,22.929126739501953,حریم شاہ حلیمہ سلطان کا کردار ادا کرنے کی خواہاں,اپنی ویڈیوز اور تصاویر سے انٹرنیٹ پر دھوم مچانے والی ٹک ٹاک اسٹار حریم شاہ نے خواہش کا اظہار کیا ہے کہ اگر انہیں موقع ملا تو وہ ارطغرل غازی جیسے کسی ڈرامے میں حلیمہ سلطان کا کردار ادا کریں گیخیال رہے کہ حلیمہ سلطان کا کردار پاکستان ٹیلی وژن پی ٹی وی پر نشر ہونے والے ترک ڈرامے دیریلیش ارطغرل کا مرکزی کردار ہےحلیمہ سلطان کا کردار ترک اداکارہ 28 سالہ اسرا بیلگیج نے ادا کیا ہے یہ کردار ڈرامے کے مرکزی کردار ارطغرل غازی کی بیوی کا کردار ہے اور ڈرامے میں ارطغرل غازی کا کردار 41 سالہ انجین التان دوزیتا…,50,top5,
post_phase12_r_dev,R032,ارطغرل ڈرامے ki Halima Sultan Pakistan aane ki khwahish kyun zahir ki,KI,97791,MIXED,urdu_bm25,2,4800,22.70908546447754,مہوش حیات ارطغرل غازی پر فدا,گزشتہ ماہ سے پاکستان ٹیلی وژن پی ٹی وی پر نشر ہونے والے ترک ڈرامے دیریلیش ارطغرل جسے اردو میں ڈبنگ کرکے ارطغرل غازی کے نام سے چلایا جا رہا ہے اس پر نہ صرف عام شائقین بلکہ پاکستانی شوبز شخصیات بھی باتیں کرتی دکھائی دیتی ہیںارطغرل غازی کے نشر ہوتے ہی پاکستان میں اس کی مقبولیت ترکی سے بھی زیادہ بڑھ گئی تھی اور صرف 20 دن میں ہی اس ڈرامے کو یوٹیوب پر 21 کروڑ بار دیکھا جا چکا تھاجہاں ارطغرل غازی سے عام پاکستانی شائقین خوش دکھائی دے رہے ہیں وہیں کچھ شوبز شخصیات جن میں اداکار شان ریما اور یاسر حسین سرف…,50,top5,
post_phase12_r_dev,R032,ارطغرل ڈرامے ki Halima Sultan Pakistan aane ki khwahish kyun zahir ki,KI,97791,MIXED,urdu_bm25,3,4674,22.587059020996094,شان نے ارطغرل غازی کو کلاسک ماسٹر پیس قرار دے دیا,پاکستان کے معروف اداکار فلم ساز شان شاہد وہ پہلی شوبز شخصیت بنے تھے جنہوں نے ترکی کے شہرہ فاق ڈرامے دیریلیش ارطغرل کو پاکستان ٹیلی وژن پی ٹی وی پر نشر کرنے کی مخالفت کی تھیشان شاہد نے ترکی کے ڈرامے کو پی ٹی وی پر نشر کرنے کے تین دن بعد 28 اپریل کو ہی ٹوئٹ کرتے ہوئے اسے سرکاری ٹی وی پر چلانے کی مخالفت کی تھیشان شاہد کی اس بات پر تنقید بھی کی گئی تھی جس کے بعد انہوں نے وضاحت کی تھی کہ وہ ترکی کے ڈراموں کی مخالف نہیں بلکہ وہ کسی بھی دوسرے ملک کے ڈرامے کو سرکاری ٹی وی پر چلانے کے مخالف ہیںشان شاہد …,50,top5,
post_phase12_r_dev,R032,ارطغرل ڈرامے ki Halima Sultan Pakistan aane ki khwahish kyun zahir ki,KI,97791,MIXED,urdu_bm25,4,4794,22.465038299560547,کہیں بھی غلط ارطغرل غازی تو ڈان لوڈ نہیں کر رہے,گزشتہ ماہ سے پاکستان ٹیلی وژن پی ٹی وی پر نشر ہونے والے ترک ڈرامے دیریلیش ارطغرل جسے اردو میں ڈبنگ کرکے ارطغرل غازی کے نام سے چلایا جا رہا ہے اس نے جہاں پاکستان میں مقبولیت کے نئے ریکارڈز بنائےوہیں سوشل میڈیا پر بھی ہر ئے دن اسی ڈرامے پر میمز بنائے جاتے ہیں اور لوگ ہر روز اسی ڈرامے سے متعلق ایک نیا ٹرینڈ شروع کرتے ہیںارطغرل غازی کو نشر ہوئے ابھی اگرچہ محض ایک مہینہ بھی مکمل نہیں ہوا تاہم یوٹیوب پر وہ پاکستان میں سے زیادہ دیکھا جانے والا ڈراما بن چکا ہے اور اسے 25 کروڑ سے زائد بار دیکھا جا چکا ہ…,50,top5,
post_phase12_r_dev,R032,ارطغرل ڈرامے ki Halima Sultan Pakistan aane ki khwahish kyun zahir ki,KI,97791,MIXED,urdu_bm25,5,4923,22.43526840209961,دیریلیش ارطغرل کی پہلی قسط نے ہی دھوم مچادی,پاکستان کے لاکھوں ڈراما شائقین کا طویل انتظار ختم ہوگیا اور ترکی کا شہرہ فاق اسلامی فتوحات پر مبنی ڈرامے دیریلیش ارطغرل جسے ارطغرل غازی بھی کہا جاتا ہے اسے پاکستان ٹیلی وژن پی ٹی وی پر نشر کردیا گیااس ڈرامے کو یکم رمضان المبارک سے پی ٹی وی پر نشر کیا گیا اور اس کی پہلی قسط کو رات بجے سے قبل نشر کیا گیا تھادیریلیش ارطغرل کو پی ٹی وی پر شہروں اور گاں کے لاکھوں صارفین نے دیکھا جب کہ حیران کن طور پر مذکورہ ڈرامے کو پی ٹی وی کے یوٹیوب چینل پر بھی اب تک 30 لاکھ سے زائد لوگ دیکھ چکے ہیںدیریلیش ارطغرل …,50,top5,
post_phase12_r_dev,R033,ٹرمپ ke pehle tees dinon mein Dow Jones ka century record kyun toota,KI,39798,MIXED,urdu_bm25,1,68658,11.282148361206055,ہالی وڈ اداکارہ میریل اسٹریپ نے ڈونلڈ ٹرمپ کو پھر کھری کھری سنادیں,ہالی ووڈ اداکارہ میریل اسٹریپ نے ایک بار پھر ڈونلڈ ٹرمپ کو کھری کھری سنا دیں کہتی ہیں ٹرمپ کی ہر معاملے پر جوابی کارروائی کی دھمکی دنیا کو ایٹمی دہانے پر لے جائے گی امریکی صدر ڈونلڈ ٹرمپ کی متنازع پالیسیاں شدید تنقید کی زد میں ہیں ہالی ووڈ اداکارہ میریل اسٹریپ نے ایک بار پھر ڈونلڈ ٹرمپ کو کھری کھری سنا دیں ایک تقریب سے خطاب کرتے ہوئے اداکارہ نے امریکیوں کی واز بنتے ہوئے اپنی توپوں کو رخ ڈونلڈ ٹرمپ کی جانب کردیا انہوں نے کہا کہ ٹرمپ کی ہر معاملے پر جوابی کارروائی کی دھمکی دنیا کو ایٹمی دہانے پر …,50,top5,
post_phase12_r_dev,R033,ٹرمپ ke pehle tees dinon mein Dow Jones ka century record kyun toota,KI,39798,MIXED,urdu_bm25,2,102657,11.246057510375977,صدارتی امیدوار ڈونلڈ ٹرمپ کی فرضی اپ بیتی پر فلم بن گئی,لاس اینجلسامریکی صدارتی امیدواربننے کےخواہشمند ڈونلڈ ٹرمپ ہالی وڈ کے نشانے پرا گئے ٹرمپ کی فرضی اپ بیتی پر مبنی فلم دی ارٹ اف دی ڈیل بنا دیبد تمیز بدزبان بد اخلاق ڈونلڈ ٹرمپ نے اپنی صدارتی مہم کے دوران اپنی شخصیت کے کئی روپ دکھائےاب ان کےکچھ اور روپ دیکھئے فلم دی ارٹ اف دی ڈیل میںپچاس منٹ کی فیچر فلم میں ٹرمپ کا کردار اداکیا ہے جانی ڈیپ نےفرضی اپ بیتی پر مبنی اس فلم میں ٹرمپ کی زندگی کو مزاحیہ اور طنزیہ انداز میں پیش کیا گیا ہےبتایا گیا ہے کہ پر اسائش زندگی گذارنے والے ٹرمپ کو لاکھوں ڈالرز وراث…,50,top5,
post_phase12_r_dev,R033,ٹرمپ ke pehle tees dinon mein Dow Jones ka century record kyun toota,KI,39798,MIXED,urdu_bm25,3,49387,11.219039916992188,کوسووکسان نے پالتو بھیڑیے کا نام ٹرمپ رکھ دیا,کوسوو 92 نیوز امریکی صدر ڈونلڈ ٹرمپ مختلف ممالک میں بے شک غیر مقبول ہوں لیکن کوسوو میں انہیں بہت پسند کیا جاتا ہے اس کی مثال یہ ہے کہ وہاں کے ایک کسان نے پنے پالتو بھیڑے کا نام ٹرمپ رکھا ہے ہاسنی ریکسا نامی کسان کا کہنا تھا کہ ٹرمپ سے خاصا متاثر ہیں کیوں کہ ٹرمپ ایک بہادر اور منفرد سٹائل کے حامل شخص ہیں گیلپ سروے کے مطابق 75 فیصد کوسووارز ٹرمپ انتظامیہ کی کارکردگی سے مطمئن ہیں,50,top5,
post_phase12_r_dev,R033,ٹرمپ ke pehle tees dinon mein Dow Jones ka century record kyun toota,KI,39798,MIXED,urdu_bm25,4,5247,11.211694717407227,ایوانکا ٹرمپ کے دبئی گلوبل ویمن فورم میں فیشن کے چرچے,امریکی صدر ڈونلڈ ٹرمپ کی صاحبزادی ایوانکا ٹرمپ اپنے منفرد فیشن ہیئر اسٹائل اور ڈریسنگ کی وجہ سے پہچانی جاتی ہیں اور یہی وجہ ہے کہ دبئی گلوبل ویمن فورم کانفرنس میں بھی ان کے فیشن کے چرچے رہےامریکی صدر کی بیٹی نے ابوظہبی کی شیخ مسجد کا بھی دورہ کیافوٹو رائٹرز ایوانکا ٹرمپ دبئی میں ہونے والی سالانہ گلوبل ویمن فورم کانفرنس میں شریک ہوئیںایوانکا ٹرمپ نے مسجد کے دورے کے دوران اسلامی لباس پہن رکھا تھافوٹو اے پی یہ کانفرنس 16 سے 17 فروری تک جاری رہی جس میں ان کے علاوہ دنیا بھر کی سیاسی سماجی خواتین سمی…,50,top5,
post_phase12_r_dev,R033,ٹرمپ ke pehle tees dinon mein Dow Jones ka century record kyun toota,KI,39798,MIXED,urdu_bm25,5,10342,11.210246086120605,یہ خاتون دراصل میلانیا ٹرمپ نہیں,ویسے تو امریکی صدر ڈونلڈ ٹرمپ گزشتہ برس اپنی صدارتی مہم سے ہی میڈیا کی خبروں کی زینت بنے ہوئے ہیںتاہم دنیا کے سب سے طاقتور ملک کے صدر بننے کے بعد وہ کچھ زیادہ ہی خبروں میں رہتے ہیںویسے بھی امریکی صدر ہو یا پھرامریکی خاتون اول ہمیشہ ہی خبروں کی زینت بنے رہتے ہیںلیکن ڈونلڈ ٹرمپ نہ صرف غلط سیاسی فیصلوں اوراشتعال انگیز بیانات یہاں تک خواتین کے ساتھ اپنائے جانے والے رویے کی وجہ سے بھی خبروں میں رہتے ہیںتاہم اب کے بار ان کے خبروں میں زینت بننے کا سبب ان کا کوئی غلط فیصلہ یا اشتعال انگیز بیان نہیں بلک…,50,top5,
post_phase12_r_dev,R034,شعیب ملک Champions Trophy mein kitni martaba shamil ho chuke hain,KI,56105,MIXED,urdu_bm25,1,42626,11.968094825744629,پاکستان کرکٹ ٹیم کے سینئر کھلاڑی شعیب ملک کا کیریئر اختتام کو پہنچا,لاہور 92 نیوز پاکستان کرکٹ ٹیم کے سابق کپتان شعیب ملک کا 20 سالہ طویل ون ڈے کیرئیر ختم ہو گیا پاکستانی رانڈر شعیب ملک کا ون ڈے کیر ئیر کا اختتام ہو گیا شعیب ملک کو بنگلہ دیش کیخلاف الوادعی میچ کا موقع نہ مل سکا شعیب ملک کی میگا ایونٹ میں پرفارمنس ناقص رہی انگلینڈ کیخلاف ٹھ رنز بنانے کے بعد شعیب ملک سٹریلیا اور بھارت کیخلاف کھاتہ ہی نہ کھول سکے جس کے بعد انہیں بقیہ میچز میں ٹیم کا حصہ نہیں بنایا گیا شعیب ملک نے ورلڈ کپ میں تین میچز میں کھیل کر صرف ٹھ رنز بنائے شعیب ملک کو بنگلہ دیش کیخلاف خری می…,50,top5,
post_phase12_r_dev,R034,شعیب ملک Champions Trophy mein kitni martaba shamil ho chuke hain,KI,56105,MIXED,urdu_bm25,2,84810,11.881839752197266,کرکٹر شعیب ملک 36 برس کے ہو گئے,پاکستان کرکٹ اسٹار شعیب ملک اپنی 36 ویں سالگرہ منا رہے ہیںیکم فروی 1982 کو سیالکوٹ میں پیدا ہونے والے شعیب ملک اب تک اپنے 18 سالہ کیرئیر میں 10694 رنز بنانے کے ساتھ ساتھ 211 وکٹیں بھی لے چکے ہیں36 ویں سالگرہ کے موقع پر ان کی اہلیہ بھارتی ٹینس اسٹار ثانیہ مرزا نے بھی انہیں ٹوئٹر کے ذریعے مبارکباد دیثانیہ مرزا نے اپنی اور شعیب ملک کی ایک تصویر شیئر کرتے ہوئے کیپشن میں شعیب ملک کے لیے نیک تمناں کا اظہار کیاپی سی بی نے شعیب ملک کے لیے ان کے کیرئر کی کامیابی کو واضح کرتے ہوئے ایک شاندار پوسٹ کے ذریع…,50,top5,
post_phase12_r_dev,R034,شعیب ملک Champions Trophy mein kitni martaba shamil ho chuke hain,KI,56105,MIXED,urdu_bm25,3,45006,11.744817733764648,شعیب ملک کی ثانیہ مرزا شادی کی ساتویں سالگرہ پر ٹویٹر پر مبارکباد,گیانا92نیوزشعیب ملک اور ثانیہ مرزا کی شادی کو سات برس ہوگئےشعیب ملک نے شادی کی سالگرہ پر اہلیہ ثانیہ مرزا کو مبارکباد دی ثانیہ مرزا نے شعیب ملک کی سنچری پر خوب داد دی تفصیلات کےمطابق شادی کی ساتویں سالگرہ کے موقع پر شاندار سنچری اور پھر ثانیہ مرزا کی جانب سے تعریف بھرے پیغامات شعیب ملک کی ویڈنگ اینورسری یادگار بن گئی شعیب ملک اور ثانیہ مرزا کو ایک دوسرے کے ہوئے سات برس بیت گئےدونوں بارہ اپریل دو ہزار دس کو رشتہ ازدواج سے منسلک ہوئے تھے شعیب ملک نے ثانیہ مرزا کو ٹویٹر پرشادی کی سالگرہ کی مبارکبا…,50,top5,
post_phase12_r_dev,R034,شعیب ملک Champions Trophy mein kitni martaba shamil ho chuke hain,KI,56105,MIXED,urdu_bm25,4,46995,11.663439750671387,شعیب ملک عمدہ کارکردگی سے ٹیسٹ ٹیم کا حصہ بن گئے,لاہور 92نیوز زمبابوے کیخلاف ٹی ٹونٹی اور ون ڈے سیریزمیں عمدہ کارکردگی نے راونڈر شعیب ملک کو ٹیسٹ ٹیم کا حصہ بنا دیا شعیب ملک حالیہ دنوں میں عمدہ فارم میں ہے جس کا شاندار مظاہرہ انہوں نے زمبابوے کیخلاف ٹی ٹونٹی اور ون ڈے سیریز میں کیا جبکہ اس سے قبل سری لنکا کیخلاف میچز میں بھی شعیب ملک نے بہترین پرفارمنس کا مظاہرہ کیا تھا ٹیم کے ہیڈ کوچ وقاریونس ور منیجر انتخاب عالم کی درخواست پر شعیب ملک کو ٹیسٹ سکواڈ میں شامل کیا گیا ٹیم مینجمنٹ کا کہنا ہے کہ انگلینڈ کیخلاف سخت ترین سیریز کیلئے شعیب ملک جیسے …,50,top5,
post_phase12_r_dev,R034,شعیب ملک Champions Trophy mein kitni martaba shamil ho chuke hain,KI,56105,MIXED,urdu_bm25,5,90113,11.64984130859375,شعیب ملک کو انگلینڈ کیخلاف ٹیسٹ اسکواڈ میں شامل کر لیا گیا,لاہور پاکستان کرکٹ ٹیم کے سابق کپتان شعیب ملک کو ون ڈے اور ٹی ٹوئنٹی میں اچھی پرفارمنس کا صلہ مل گیا انہیں انگلینڈ کے خلاف ٹیسٹ اسکواڈ میں بھی شامل کر لیا گیا شعیب ملک نے زمبابوے ہی نہیں اس سے پہلے سری لنکا کے خلاف بھی شاندار کارکردگی کا مظاہرہ کیاپاکستان کی سلیکشن کمیٹی جس نے انگلینڈ کے خلاف سیریز کےلیے 15رکنی اسکواڈ کا اعلان کیا تھا اب شعیب ملک کو 16 کھلاڑیو کے طور پر اسکواڈ میں شامل کر لیا ہے شعیب ملک 32 ٹیسٹ میں پاکستان کی نمائندگی کر چکے ہیںاب پانچ سال بعد ان کی ٹیسٹ ٹیم میں واپسی ہوئی ہے …,50,top5,
post_phase12_r_dev,R035,راکھی ساونت Ludhiana court mein giraftari se kaise bach gayi,KI,10810,MIXED,urdu_bm25,1,7869,32.59739685058594,ریسلنگ رنگ میں لڑنے کے بجائے ڈانس کرنا راکھی ساونت کو مہنگا پڑ گیا,بولی وڈ اسکینڈل کوئین راکھی ساونت یوں تو ان دنوں اداکارہ تنوشری دتہ پر ریپ اور جنسی طور پر ہراساں کرنے کے الزامات لگانے کی وجہ سے خبروں میں ہیںگزشتہ ماہ راکھی ساونت نے سابق مس انڈیا تنوشری دتہ پر الزام عائد کیا تھا کہ اداکارہ نے ان کا ریپ کیا تھاتنوشری دتہ اور راکھی ساونت کے درمیان الزامات کی یہ جنگ اس وقت شروع ہوئی جب رواں برس 26 ستمبر کو تنوشری دتہ نے نانا پاٹیکر پر جنسی طور پر ہراساں کرنے کا الزام لگایا تھابعد ازاں اگرچہ نانا پاٹیکر نے بھی تنوشری دتہ کے الزامات کو مسترد کیا تھا تاہم درمیان م…,50,top5,
post_phase12_r_dev,R035,راکھی ساونت Ludhiana court mein giraftari se kaise bach gayi,KI,10810,MIXED,urdu_bm25,2,67055,32.55039978027344,بھارتی اداکارہ راکھی ساونت کو غیر ملکی ریسلر سے پنگا لینا مہنگا پڑگیا,چندی گڑھ12 نومبر 2018 بھارتی اداکارہ راکھی ساونت کو ایک غیر ملکی ریلسر خاتون سے پنگا لینا مہنگا پڑ گیا ریسلر نے رنگ میں ہی راکھی ساونت کو اٹھا کر پٹخ دیا جس پر سابق اداکارہ کو ایونٹ ارگنائزر کو اٹھا کر باہر لانا پڑگیا راکھی ساونت نے بھارتی ریاست ہریانہ کے شہر گروگرام میں ہونے والے ریسلنگ مقابلے کے دوران ایک پروفیشنل ریلسر خاتون کو فائیٹ کرنے کے بجائے ڈانس کا چیلنج دیا تاہم انہیں یہ چیلنج مہنگا پڑ گیا غیر ملکی ریسلر خاتون نے حریف ریلسر کو شکست دینے کے بعد اسٹیڈیم میں موجود تمام شائقین کو لڑنے کا…,50,top5,
post_phase12_r_dev,R035,راکھی ساونت Ludhiana court mein giraftari se kaise bach gayi,KI,10810,MIXED,urdu_bm25,3,7938,31.993928909301758,تنوشری دتہ نے راکھی ساونت کےریپ الزامات پر خاموشی توڑ دی,بولی وڈ اداکارہ تنوشری دتہ نے اگرچہ گزشتہ ماہ 26 ستمبر کو اداکار نانا پاٹیکر پر 2008 میں فلم ہارن اوکے پلیز کی شوٹنگ کے دوران جنسی طور پر ہراساں کرنے کا الزام عائد کرکے بھارت میں می ٹو مہم کا اغاز کیا تھاتاہم جلد ہی تنوشری دتہ کے خلاف اداکارہ راکھی ساونت سامنے ائیں جنہوں نے پہلے دن سے ہی تنوشری دتہ کے الزامات کو مسترد کیا تھاراکھی ساونت نے تنوشری دتہ کو جھوٹا قرار دیتے ہوئے کہا تھا کہ انہیں نانا پاٹیکر سمیت کسی نے جنسی طور پر ہراساں نہیں کیا بلکہ اس دن خود تنوشری دتہ نشے میں تھیں اور فلم کی شوٹ…,50,top5,
post_phase12_r_dev,R035,راکھی ساونت Ludhiana court mein giraftari se kaise bach gayi,KI,10810,MIXED,urdu_bm25,4,48273,31.89226722717285,پاکستانی پرچم کیوں اوڑھا راکھی ساونت صحافی پر برس پڑیں,نئی دہلی 92 نیوز پاکستانی پرچم کیوں اوڑھا دبنگ بھارتی اداکارہ راکھی ساونت سوال پوچھنے والےصحافی پر برس پڑیں ایک ایورڈ تقریب میں صحافی کی جانب سے راکھی ساونت سے سوال کیا کہ انہوں نے پاکستانی پرچم کیوں اوڑھا جس پر راکھی سوانت نے کہا کہ میں صرف چار سوال پوچھنا چاہتی ہوں پوری قوم اس کا جواب دے راکھی ساونت نے کہا کہ ہر پاکستانی اور ہر مسلمان برا نہیں ہے مودی جی بغیر دعوت نامے کے سابق وزیر اعظم پاکستان نواز شریف کی نواسی کی شادی میں چلے گئے ان سے تو کسی نے نہیں پوچھا راکھی ساونت نے پوچھا کہ پلوامہ وا…,50,top5,
post_phase12_r_dev,R035,راکھی ساونت Ludhiana court mein giraftari se kaise bach gayi,KI,10810,MIXED,urdu_bm25,5,7986,31.838356018066406,راکھی کا تنوشری کے خلاف 50 کروڑ کا دعوی دائر کرنے کا اعلان,اداکارہ تنوشری دتہ نے گزشتہ روز راکھی ساونت کے خلاف الزامات لگانے پر ممبئی کی ایک عدالت میں 10 کروڑ روپے ہرجانے کا دعوی دائر کیا تھاتنوشری دتہ نے راکھی ساونت پر یہ دعوی ان الزامات کے بعد دائر کیا تھا جن میں راکھی ساونت نے دعوی کیا تھا کہ نانا پاٹیکر نے تنوشری دتہ کو جنسی طور پر ہراساں نہیں کیاراکھی ساونت نے یکم اکتوبرکو پریس کانفرنس کے دوران انکشاف کیا تھا کہ تنوشری دتہ جس دن نانا پاٹیکر پر جنسی طور پر ہراساں کرنے الزام لگا رہی ہیں اس دن وہ خود نشے میں تھیں راکھی ساونت کا دعوی تھا کہ 2008 میں ف…,50,top5,
post_phase12_r_dev,R036,اسٹار وارز ساتویں فلم کا نیا ٹریلر کب جاری ہوا,KI,103345,URDU,urdu_bm25,1,104322,44.132720947265625,ساتویں اسٹار وارز فلمدی فورس اویکنزکا نیا ٹریلر جاری,لاس اینجلساسٹار وارز سیریز کی ساتویں فلمدی فورس اویکنزکا نیا ٹریلر جاری ہونے کے بعد مداح مزید پر جوش ہیں لاس اینجلس میں مداح فلم سازوں کے ساتھ گھل مل گئے نئی فلمدی فورس اویکنز کا نیا ٹریلر اسٹار وارز سیریز کی سالانہ سیلیبریشن کی جھکیوں پر مبنی ہے امریکی شہر لاس اینجلس میں کنونشن کے موقع پر ہزاروں مداح امنڈ ائے کسی نے فلم کے کرداروں کا روپ دھارا تو کوئی اسٹار وارز کے کاسٹومیز میں ڈھل گیا اس موقع پر پرستاروں کو اسٹار وارز کے نئے اور پرانے کرداروں کو دیکھنے کے ساتھ پرانی یادوں کو بھی تازہ کرنے کا …,50,top5,
post_phase12_r_dev,R036,اسٹار وارز ساتویں فلم کا نیا ٹریلر کب جاری ہوا,KI,103345,URDU,urdu_bm25,2,69543,42.82989501953125,اسٹار وارز سیریز کی ساتویں فلم دی فورس اویکنز کا نیا ٹریلر جاری,خلائی مخلوق کے دیوانے تیار ہوجائیں کیونکہ اسٹار وارز سیریز کی ساتویں فلم دی فورس اویکنز کا نیا ٹریلر جاری کردیا گیا ہے دیوہیکل اڑن طشتریاں انوکھے جہاز اور دیوقامت روبوٹسساتویں پارٹ میں جدید ترین ٹیکنالوجی کا منفرد انداز میں استعمال کیا گیا ہے ہیریسن فورڈ بنے ہیں ہیرو اور جنگ چھڑی ہے دنیا کو بچانے اور تباہ کرنے والوں کے بیچفلم اسٹار وارز دی فورس اویکنز کے اس ٹریلر کے مناظر دیکھ کر یہی لگ رہا ہے کہ اس بار فلم بینوں کو پہلے سے زیادہ سنسنی خیزی اور ماردھاڑ دیکھنے کو ملے گی,50,top5,
post_phase12_r_dev,R036,اسٹار وارز ساتویں فلم کا نیا ٹریلر کب جاری ہوا,KI,103345,URDU,urdu_bm25,3,104320,42.747596740722656,اسٹار وارز سلسلے کی ساتویں فلمدی فورس اویکنزکا نیا ٹریلر جاری,نیویارکاسٹار وارز سلسلے کی ساتویں فلمدی فورس اویکنزکا نیا ٹریلر جاری کردیا گیادیوہیکل اڑن طشتریاں انوکھے جہاز اور دیوقامت روبوٹس ارہے ہیں دنیا کو حیران پریشان کرنے جی ہاں خلائی مخلوق کے دیوانے ہوجائیں تیارکیونکہ اسٹار وارز سلسلے کی ساتویں فلم دی فورس اویکنزکا نیا ٹریلر جاری کردیا گیا ہےجے جے ابرامز کی ہدایت کاری میں بننے والی اس فلم کی کہانی اسٹار وارز کے روایتی کرداروں کے گرد گھومتی ہے جو جدید روبوٹس اور اڑن طشتریوں پرسوار ہوکر نئے خلائی مشنز پر روانہ ہوںگےفلم میں اپنی اداکاری کے جوہر دکھانے و…,50,top5,
post_phase12_r_dev,R036,اسٹار وارز ساتویں فلم کا نیا ٹریلر کب جاری ہوا,KI,103345,URDU,urdu_bm25,4,103317,41.035919189453125,اسٹار وارز سلسلے کی ساتویں فلمدی فورس اویکنزکا نیا ٹریلر جاری,نیویارک خلائی مخلوق کے دیوانے تیار ہوجائیںکیونکہ اسٹار وارز سلسلے کی ساتویں فلم دی فورس اویکنزکا نیا ٹریلر جاری کردیا گیا ہےجے جے ابرامز کی ہدایت کاری میں بننے والی اس فلم کی کہانی اسٹار وارز کے روایتی کرداروں کے گرد گھومتی ہے جو جدید روبوٹس اور اڑن طشتریوں پرسوار ہوکر نئے خلائی مشن پر روانہ ہونگےفلم میں اداکاری کے جوہر دکھانے والے فنکاروں میں جان بویگا ڈیزی ریڈلے ایڈم ڈرائیور اسکر ایساق اینڈی سرکس ہیریسن فورڈ اور مارک ہیمل سمیت دیگر شامل ہیںفلم کے پروڈیوسرہالی ووڈ کو جراسک پارک جیسی کئی کامیاب…,50,top5,
post_phase12_r_dev,R036,اسٹار وارز ساتویں فلم کا نیا ٹریلر کب جاری ہوا,KI,103345,URDU,urdu_bm25,5,104483,40.154029846191406,اسٹار وارز کی ساتویں فلم دی فورس اویکنز کا نیا ٹریلر جاری,ہالی ووڈدیوہیکل اڑن طشتریاں انوکھے جہاز اور دیوقامت روبوٹس ارہے ہیں دنیا کو حیران پریشان کرنے جی ہاں خلائی مخلوق کے دیوانے ہوجائیں تیار کیونکہ اسٹار وارز سلسلے کی ساتویں فلم دی فورس اویکنز کا نیا ٹریلر جاری کردیا گیا ہے جے جے ابرامز کی ہدایت کاری میں بننے والی اس فلم کی کہانی اسٹار وارز کے روایتی کرداروں کے گرد گھومتی ہے جو جدید روبوٹس اور اڑن طشتریوں پر سوار ہوکر نئے خلائی مشنز پر روانہ ہونگے فلم میں اپنی اداکری کے جوہر دکھانے والے فنکاروں میں جان بویگا ڈیزی ریڈلے ایڈم ڈرائیور اسکر ایساق اینڈی…,50,top5,
post_phase12_r_dev,R037,ڈھاکہ میں فیشن ویک کس شہر میں جاری ہے,KI,19022,URDU,urdu_bm25,1,19022,35.34153366088867,ڈھاکہ فیشن ویک,بنگلہ دیش کے دارالحکومت ڈھاکہ میں فیشن ویک اپنی پوری تاب سے جاری ہے ڈھاکہ فیشن ویک میں خوبصورت ماڈلز نے دلفریب اداں کے ساتھ بنگلہ دیشی ڈیزائنرز کے ملبوسات کی نمائش کیتحریر تصاویر رائٹرز,50,top5,
post_phase12_r_dev,R037,ڈھاکہ میں فیشن ویک کس شہر میں جاری ہے,KI,19022,URDU,urdu_bm25,2,100879,27.94845199584961,موسم کی تبدیلی کے ساتھ ہی دنیا بھر میں فیشن کی رنگینیاں,موسم کی تبدیلی کے ساتھ ہی دنیا بھر میں فیشن کی رنگینیاں جاری ہیںچائنافیشن ویک اور جنوبی افریقا میں جاری فیشن ویک میں ماڈلز فیشن کے نئے انداز کے ساتھ ریمپ پر جلوہ گر ہیں چین کے دارالحکومت بیجنگ میں فیشن ویک سجاہےریمپ پر ماڈلز نے 2017اور2018 کےموسم خزاں اور موسم سرما کے ملبوسات کی نمائش کی25 مارچ سے شروع ہونے والا چائنا فیشن ویک 31 مارچ تک جاری رہے گا جنوبی افریقا کے شہر کیپ ٹاون میں بھی فیشن کی رنگینیاں جوبن پر ہیں3روز جاری رہنے والےرنگا رنگ فیشن ویک میں دنیا بھر سے مشہورومعروف ڈیزائنرز نے شرکت …,50,top5,
post_phase12_r_dev,R037,ڈھاکہ میں فیشن ویک کس شہر میں جاری ہے,KI,19022,URDU,urdu_bm25,3,101632,27.710670471191406,برازیل کے شہر ساو پالو میں فیشن ویک ختم,برازیل کے شہر ساو پالو میں فیشن کے جدیدڈیزائنز لیے فیشن ویک کا انعقاد کیا گیا جس میں دلکش ماڈلز نے روایتی ملبوسات میں ریمپ پر واک کی 42ویں فیشن ویک کے دوران مختلف مشہور فیشن ڈیزائنرز کے تیار کردہ موسم بہار اورسرما کے دیدہ زیب ملبوسات پیش کئے جارہے ہیں جو فیشن کے دلدادہ افراد کی توجہ کا مرکز بنے رہے 28اکتوبر تک جاری رہنے والے اس فیشن ویک کے دوران درجنوں ڈیزائنرز کے سینکڑوں دیدہ زیب ملبوسات پیش کئے گئے واضح رہے کہ برازیل میں گزشتہ 21برسوں سے سال میں دو مرتبہ فیشن ویک کا انعقاد کیا جارہاہے برازیل …,50,top5,
post_phase12_r_dev,R037,ڈھاکہ میں فیشن ویک کس شہر میں جاری ہے,KI,19022,URDU,urdu_bm25,4,101145,27.182537078857422,ممبئی فیشن ویک پریتی زنٹا کے ریمپ پر جلوے,بھارتی شہر ممبئی میں رنگا رنگ فیشن ویک جاری ہے جس میں مختلف ممالک سے مشہور ڈیزائنرز حصہ لے رہے ہیں فیشن ویک کے دوسرے روز بولی وڈ اداکارہ پریتی زنٹا نے ریمپ پر انٹری دے کر تقریب کو چار چاند لگادیئے 5دن تک جاری رہنے والے اس فیشن ویک میں موسم گرما کی مناسبت سے ڈیزائنرز دیسی اور ولایتی کلیکشن پیش کررہے ہیں فیشن ویک کے دوران خوبصورت ماڈلز مختلف ڈیزائنرز کے نت نئے ملبوسات زیب تن کیے ریمپ پر جلوے بکھیرتی دکھائی دے رہی ہیں یکم فروری سے شروع ہونے والا یہ ایونٹ 5روز تک رنگینیاں بکھیرنے کے بعد 5فروری کو ا…,50,top5,
post_phase12_r_dev,R037,ڈھاکہ میں فیشن ویک کس شہر میں جاری ہے,KI,19022,URDU,urdu_bm25,5,19070,26.85458755493164,میلان فیشن ویک,اٹلی کے شہر میلان میں فیشن ویک اپنی پوری تاب سے جاری ہے میلان میں جاری اس فیشن ویک میں موسم سرما کے لباس پیش کئے گئے خوبصورت ماڈلز نے دلفریب اداں کے ساتھ ملبوسات کی نمائش کیتحریر تصاویر خبر رساں ادارے,50,top5,
post_phase12_r_dev,R038,نیویارک میں خاتoon ke purse mein Galaxy Note jalne ka waqia kya tha,KI,21320,MIXED,urdu_bm25,1,89414,8.52030086517334,نیویارک طویل گرینڈ اسٹینڈ کو بارودی مواد سے گرا دیا گیا,نیویارک نیویارک میں طویل گرینڈ اسٹینڈ کو بارودی مواد کے دھماکوں سے گرا دیا گیا نیویارک کے اسٹیٹ فیئرگراونڈ کا گرینڈ اسٹینڈ گرانے کے لیے خصوصی تقریب ہوئی نیویارک کے گورنر اینڈریو کومو نے بٹن دبا یا تو دو سو اڑسٹھ چھوٹے دھماکے ہوئے اور طویل گرینڈ اسٹینڈ چند لمحوں میں ڈھیر ہو گیا جس کے بعد فضا میں دھویں کے بادل چھا گئےشہر کا یہ فیئر اسٹیٹ گراونڈ 1973 میں تعمیر کیا گیا تھا اور اب گراونڈ کی تزئین ارائش کے منصوبے پر کام جاری ہے,50,top5,
post_phase12_r_dev,R038,نیویارک میں خاتoon ke purse mein Galaxy Note jalne ka waqia kya tha,KI,21320,MIXED,urdu_bm25,2,49016,8.405762672424316,امریکی شہر نیویارک میں چیری بلاسم فیسٹیول کی رنگینیاں,نیویارک 92 نیوز امریکی شہر نیویارک نے موسم سرما کو الوداع کہہ دیا یہاں پر اب ہر سو پھولوں کی بہار نے ڈیرے ڈال لیے ہیں سڑکیں پارک ہر جگہ چیری کے سفید اور گلابی پھولوں سے سج گئی ہے لوگوں کی بڑی تعداد سالانہ چیری بلاسم فیسٹیول کو انجوائے کرنے نیویارک کا رخ کررہی ہے جن میں مقامی کے علاوہ غیرملکی سیاح بھی شامل ہیں,50,top5,
post_phase12_r_dev,R038,نیویارک میں خاتoon ke purse mein Galaxy Note jalne ka waqia kya tha,KI,21320,MIXED,urdu_bm25,3,70678,8.382500648498535,حبیب بینک نے نیویارک میں اپنی برانچ رضاکارانہ بند کرنے کا اعلان کردیا,حبیب بینک لمیٹڈ نے نیویارک میں اپنی برانچ رضاکارانہ بند کرنے کا اعلان کردیاحبیب بینک کی جانب سے جاری اعلامیے میں کہا گیا ہےکہ نیویارک میں حبیب بینک کی برانچ 31 مارچ 2020 سے بند کی جا رہی ہے برانچ بند کرنے کا اقدام نیویارک کے اسٹیٹ بینکنگ قوانین کے تحت کیاجا رہا ہے اور برانچ کی رضاکارانہ بندش کے بعد امریکا میں حبیب بینک کی کوئی برانچ پریٹ نہیں کرے گیاعلامیے میں مزید کہا گیا ہےکہ حبیب بینک پاکستان اور دیگر ملکوں میں اپنےکلائنٹس کی یو ایس ڈالر بینکنگ ضروریات پوری کرتا رہےگانیویارک برانچ بند کرنے م…,50,top5,
post_phase12_r_dev,R038,نیویارک میں خاتoon ke purse mein Galaxy Note jalne ka waqia kya tha,KI,21320,MIXED,urdu_bm25,4,49023,8.330717086791992,امریکی شہر نیویارک میں پراڈا ریزوٹ فیشن شو کا انعقاد,نیویارک 92 بئوز امریکی شہر نیویارک میں پراڈا ریزوٹ فیشن شو کا انعقاد کیا گیا خوبرو ماڈلز دلکش ملبوسات زیب تن کرکے ریمپ پر ائیں تو دیکھنے والے دنگ رہ گئے,50,top5,
post_phase12_r_dev,R038,نیویارک میں خاتoon ke purse mein Galaxy Note jalne ka waqia kya tha,KI,21320,MIXED,urdu_bm25,5,104531,8.27637767791748,نیویارک میں اسکر میلے میں ننھے ستارے جگمگائے,نیویارک لاس اینجلس کے اسکر میلے میں اسٹارز نے جلوے بکھیرےلیکن نیویارک میں ہوئے اسکر میں لٹل اسٹارز جگمگائے نیویارک میں فوٹوگرافر ٹریشیا نے سجایا انوکھا اسکرجہاں ایوارڈ تو نہیں لیکن سیلیبریٹیز کا لک لیے بچوں نے جلوے بکھیرےریڈ کارپٹ پرانے والے لٹل اسٹارز نے فنکاروں کی طرح کے ڈریس پہنے اور ان کا ایکشن بھی تھا شاندار شو میں شریک بچوں کی عمریں 5سے 7سال کے درمیان تھیں اوران کی دلچسپی کیلئے گیمز کھانے پینے اور کھلونوں کا انتظام بھی کیا گیا تھا,50,top5,
post_phase12_r_dev,R039,برسبن ٹیسٹ میں پاکستان ko innings shikast se bachne ke liye kitne runs chahiye,KI,81925,MIXED,urdu_bm25,1,58204,14.974542617797852,پاکستان نے بھارت کو شکست دے کر لائرز کرکٹ ورلڈ کپ جیت لیا,پاکستان لائرز نے روائتی حریف بھارت کو شکست دے کر لائرزکرکٹ ورلڈکپ جیت لیا سٹریلیا کے شہر برسبن میں لائرز ورلڈ کپ کا فائنل میچ میں پاکستانی بالرز نے بھارتی بلے بازوں کو ایک سو چونتیس رنز پر ہی ڈھیر کردیا پاکستانی بولرعثمان ساہی نے تین کھلاڑیوں کو پولین کی راہ دکھائی جبکہ شہزاد حنیف اورصف شاہ نے دو دو وکٹیں حاصل کیں بھارت کی جانب سےسورج نامی کھلاڑی نے چون رنز کی اننگز کھیلی پاکستانی لائرز کی ٹیم نے مقررہ ہدف سات وکٹوں کے نقصان پر پورا کرکے ورلڈ کپ کا ٹائیٹل اپنے نام کرلیا پاکستان کی جانب سے فاضل …,50,top5,
post_phase12_r_dev,R039,برسبن ٹیسٹ میں پاکستان ko innings shikast se bachne ke liye kitne runs chahiye,KI,81925,MIXED,urdu_bm25,2,87190,14.681746482849121,دورہ اسٹریلیا یاسر ان فٹ محمد اصغر متبادل کے طور پر طلب,برسبن کے وولن گابا میں پندرہ دسمبر سے شروع ہونے والے پنک بال ٹیسٹ میچ میں عالمی شہرت یافتہ لیگ اسپنر یاسر شاہ کی شرکت مشکوک ٹیم انتظامیہ نے یاسر شاہ کی فٹنس کو دیکھتے ہوئے بلوچستان سے تعلق رکھنے والے17سالہ لیفٹ ارام اسپنر محمد اصغر کو طلب کر لیا ہے سلیکشن کمیٹی نے ٹیم انتظامیہ کی درخواست کو قبول کر لیا ہے اور چیئرمین پاکستان کرکٹ بورڈ شہریار خان کی منظوری سے محمد اصغر کو بھیجنے کا فیصلہ کیا ہے جو اسکواڈ میں 17ویں رکن ہوں گے محمد اصغر کی سلیکشن کے بعد ایک اور لیفٹ ارم اسپنر ذوالفقار بابر کے کیئر…,50,top5,
post_phase12_r_dev,R039,برسبن ٹیسٹ میں پاکستان ko innings shikast se bachne ke liye kitne runs chahiye,KI,81925,MIXED,urdu_bm25,3,34693,11.360393524169922,میچ نہ ہوا تو پیسے واپس,ورلڈکپ 2015 کے منتظمین نے برسبن میں کل میزبان سٹریلیا اور بنگلہ دیش کی ٹیموں کے درمیان میچ اور شہر میں مسلسل خراب موسم کی وجہ سے کوئنز لینڈ حکام بات چیت شروع کر دی ہے تاہم میچ نہ ہونے کی صورت میں شائقین کو ٹکٹ کے پیسے واپس دینے کا اعلان کیا ہےئی سی سی کا کہنا ہے کہ وہ ان لوگوں کے بارے میں سوچ رہے ہیں جو کہ اس صورتحال کی وجہ سے متاثر ہوں گےئی سی سی کا کہنا ہے کہ میچ کے لیے متبادل دن نہ ہونے کی وجہ سے وہ اب کوشش اور تیاریوں کر رہے ہیں کہ کل میچ کھیلا جا سکے تاہم حتمی فیصلہ میچ فیشلز کل گرانڈ کی ص…,50,top5,
post_phase12_r_dev,R039,برسبن ٹیسٹ میں پاکستان ko innings shikast se bachne ke liye kitne runs chahiye,KI,81925,MIXED,urdu_bm25,4,34692,11.338608741760254,ورلڈکپ سٹریلیا بنگلہ دیش میچ منسوخ ہونے کا امکان,سٹریلیا اور بنگلہ دیش کی ٹیموں کے درمیان ئی سی سی ورلڈکپ گروپ اے کا میچ ممکنہ طوفان کی وجہ سے منسوخ ہونے کا امکان ہےدونوں ٹیموں کے درمیان کل برسبن میں میچ کھیلا جانا ہے تاہم مارشیا نامی طوفان کی وجہ سے کل شہر میں شدید بارش اور ہوائیں چلنے کا امکان ہےطوفان کے پیش نظر شہر کے ساحلی علاقوں کو خالی کروا دیا گیا ہے جب کہ محکمہ موسمیات کے اگلے چند روز تک شدید بارش کی پیشگوئی کی ہےئی سی سی قوانین کے تحت میچ کا نتیجہ اسی صورت میں ممکن ہے جب دونوں ٹیموں کو کھیلنے کے لیے کم از کم 2020 اوورز ملیںمزید پڑھیں…,50,top5,
post_phase12_r_dev,R039,برسبن ٹیسٹ میں پاکستان ko innings shikast se bachne ke liye kitne runs chahiye,KI,81925,MIXED,urdu_bm25,5,14504,11.175605773925781,طویل ترین سالگرہ کا نیا ورلڈ ریکارڈ,جرمنی کے ایک شخص نے گزشتہ برس طویل ترین سالگرہ منا کر پاکستانی خاتون کا ورلڈ ریکارڈ توڑ ڈالاگنیز بک ورلڈ ریکارڈ کے مطابق جرمنی کے رہائشی سون ہاگیمئیر نے گزشتہ برس اگست کو مختلف ٹائم زونز میں سفر کرکے اپنے اسپیشل دن کو 46 گھنٹوں تک محیط کیا اور دن تک اپنی سالگرہ منائیسون نے لینڈ نیوزی لینڈ سے برسبن سٹریلیا اور پھر ہونولولو ہوائی تک کا سفر کیا اور طویل ترین سالگرہ کا ورلڈ ریکارڈ قائم کیااس طرح انھوں نے 1998 میں کراچی سے تعلق رکھنے والی خاتون نرگس بھمجی کی جانب سے کراچی سے سنگاپور اور پھر سان فران…,50,top5,
post_phase12_r_dev,R040,موٹورولا ne apna pehla foldable phone confirm karte hue kya bataya,KI,20845,MIXED,urdu_bm25,1,80436,19.7027530670166,گوگل کا مقبول اپریٹنگ سسٹم اوریو اب موٹورولا میں دستیاب ہوگا,موٹورولا کمپنی نے موٹو جی پلس اسمارٹ فون میں گوگل کا مقبول ترین اپریٹنگ سسٹم اینڈرائڈ 80 اوریو متعارف کرادیا گوگل نے اینڈ رائڈ 80 اوریو سسٹم سونی ہواوی اور دیگر اینڈرائڈ اسمارٹ فونز میں جلد متعارف کرانے کی یقین دہانی کرائی تھی لیکن اس سے قبل موٹورولا نے اپنے موٹو جی پلس میں اس کی جلد دستیابی کا اظہار کردیا ہے موٹورولا کمپنی نے فی الحال زمائشی بنیاد پر صرف موٹو جی پلس میں اوریو سسٹم اپ ڈیٹ کرنے کا کہا ہے جبکہ اس کی کامیابی کے بعد اسے تمام ماڈلز میں اپ ڈیٹ کر دیا جائے گا موٹو رولا بلاگ پوسٹ کے مط…,8,top5,
post_phase12_r_dev,R040,موٹورولا ne apna pehla foldable phone confirm karte hue kya bataya,KI,20845,MIXED,urdu_bm25,2,79812,14.095151901245117,کولمبین ڈرگ مافیا کےخاندان نے سستا ترین فولڈ ایبل فون لانچ کر دیا,سنہ 1980 کی دہائی میں کولمبیا کے ڈرگ مافیا کے بے تاج بادشا پابلو ایسکوبار کے بھائی نے سام سنگ ہواوے اور موٹورولا کے مقابلے میں فولڈ ہونے والا انتہائی سستا اسمارٹ فون لانچ کر دیا جدید ترین فولڈایبل اسمارٹ فونز قیمت کے لحاظ سے بہت کم لوگوں کی پہنچ میں ہیں اور موٹورولا کافولڈ ہونے والا فون موٹورولا ریزر 1500 ڈالرز جب کہ سام سنگ گلیکسی فولڈ 1980 ڈالرز اور چینی کمپنی ہواوے کا میٹ ایکس 2400 ڈالر میں فروخت کے لیے پیش کیا گیا ہے تاہم پابلو ایسکوبار کے بھائی روبرٹو ڈی جیسز ایسکوبار گویریا نے ایپل کو شکس…,8,top5,
post_phase12_r_dev,R040,موٹورولا ne apna pehla foldable phone confirm karte hue kya bataya,KI,20845,MIXED,urdu_bm25,3,80161,12.005561828613281,موٹرولا کا نیا اسمارٹ فون ئی فون ایکس کی نقل,موٹرولا کا نیا اسمارٹ فون پی 30 ئی فون ایکس کی نقل نکلا جس پر کمپنی کو شدید تنقید کا سامنا کرنا پڑ رہا ہے ٹیکنالوجی ویب سائٹ میک ریومرز کے مطابق موٹرولا کا نیا اسمارٹ فون ماڈل پی 30 گذشتہ ہفتے سے تنقید کا نشانہ ہے جس کی بنیادی وجہ ئی فون ایکس فلیگ شپ ڈیزائن کو نقل کرنا ہے اس فون کی ڈسپلے اسکرین 62 انچ ہے جس کے چاروں اطراف سے بڑی اسکرین ڈیزائن کی گئی ہے جیسے کہ ئی فون ایکس کی ہے فرق صرف یہ ہے کہ ئی فون ایکس کی اگلی اسکرین پر کچھ واضح نہیں لیکن موٹرولا پی 30 کی ڈسپلے اسکرین کے نچلے حصے پر ایک چھو…,8,top5,
post_phase12_r_dev,R040,موٹورولا ne apna pehla foldable phone confirm karte hue kya bataya,KI,20845,MIXED,urdu_bm25,4,60176,11.183424949645996,گوگل نے اینڈرائیڈ کا نیا ورژن اوریو متعارف کرادیا,کیلیفورنیا 21 اگست 2017 گوگل نے اسمارٹ فون کے پریٹنگ سسٹم اینڈرائیڈ کا نیا ورژن جاری کردیا اینڈرائیڈ کا نام معروف بسکٹ اوریو کے نام پر رکھا گیا ہےگوگل نے بسکٹ بنانے والی کمپنی نیبسکو کی شراکت داری کے ساتھ اینڈرائیڈ کے نئے ورژن کو اوریو کا نام دیا ہے گوگل کے مطابق نئے ورژن پر مبنی اپ ڈیٹ جاری کر دی گئی ہے گوگل کے مطابق جلد ہی اینڈرائیڈ اوریو کو پکسل پکسل ایکس ایل نیکسس فایئو ایکس نیکسس سکس پی نیکسس پلیئر اور پکسل سی کیلئے فراہم کردیا جائے گا یہ اپ ڈیٹ براہ راست گوگل کی جانب سے فراہم کی جائے گی ک…,8,top5,
post_phase12_r_dev,R040,موٹورولا ne apna pehla foldable phone confirm karte hue kya bataya,KI,20845,MIXED,urdu_bm25,5,22963,10.715157508850098,کی انٹرنیٹ دور میں نئے نام کے ساتھ واپسی,ایپل ئی میسج سے مقابلہ کرنے اور ایس ایم ایس پیغامات کو جدید انٹرنیٹ دور میں لے کر نے کے لیے گوگل کا منصوبہ اپنا حقیقت کا روپ دھارنے والا ہےدنیا کے 27 موبائل پریٹرز اور فون بنانے والی کمپنیاں بہت جلد سی ایس یعنی رچ کمیونیکیشن سروسز کی سہولت فراہم کرنا شروع کر دیں گیر سی ایس ایک اسٹینڈرڈ ہے جو کہ ایس ایم ایس پیغامات میں صارفین کو بہترین تصاویر گروپ چیٹ اور پیغام پہنچنے کی تصدیق جیسے کئی فیچرز فراہم کرتا ہےگوگل کے مطابق ٹیلی نار اورنج گلوب راجرز اور سپرنٹ سمیت کئی موبائل فون سروس فراہم کرنے والی ک…,8,top5,
post_phase12_r_dev,R041,کمار سانو ke khilaf school function mein raat bhar gaana gaane par kya case bana,KI,67310,MIXED,urdu_bm25,1,8607,25.5189208984375,کمار سانو نے 17 سال بعد زندگی کا اہم راز بتادیا,بھارت کے معروف گلوکار اور میلوڈی کے بے تاج بادشاہ کمار سانو نے زندگی کے اہم ترین راز سے 17 سال بعد پردہ اٹھاتے ہوئے لوگوں کو حیران کردیادرجنوں گیتوں میں اپنی اواز کا جادو جگانے والے 60 سالہ کمار سانو نے انکشاف کیا ہے کہ انہوں نے اج سے 17 سال قبل ایک بچی کو گود لیا تھا لیکن وہ سماجی رسومات کی وجہ سے خاموش رہےہندوستان ٹائمز کے مطابق معروف ٹی وی شو دل ہے ہندوستانی میں بات کرتے ہوئے کمار سانو نے کہا کہ انہوں نے اپنی اکلوتی بیٹی شینن کو 2001 میں گود لیا تھاگلوکار نے انکشاف کیا کہ انہوں نے یہ بات 17 …,50,top5,
post_phase12_r_dev,R041,کمار سانو ke khilaf school function mein raat bhar gaana gaane par kya case bana,KI,67310,MIXED,urdu_bm25,2,69803,25.156532287597656,کمار سانو کا نیا ویڈیو گیت جاری,سروں کے بادشاہ کمار سانو نے ایوشمان کھرانہ کی فلم دم لگا کے ہائیشا میں گایا ہے رسیلا گیت کمار سانو طویل عرصے بعد اس فلم میں اپنی اواز کا جادو دیکھایا ہے دلوں کو چھوتی موسیقی اور دور ہے اس وقت کا جب گیت ریکارڈ ہوتے تھے کیسٹوں میں کمار سانو کا یہ گیت ماضی کے جھروکوں میں لے جاتا ہے جنہوں نے خاصے عرصے کے بعد واز کا جادو چلایا ہے اس ویڈیو سونگ میں ایوشمان کھرانا اسی ورثے کو سنبھالتے نئے سرے سے ترتیب دیتے دکھائی دے رہے ہیں جبکہ مزاح اور تفریح سے بھری دم لگا کر ہائیشا رہی ستائس فروری کو ریلیز ہوگی,50,top5,
post_phase12_r_dev,R041,کمار سانو ke khilaf school function mein raat bhar gaana gaane par kya case bana,KI,67310,MIXED,urdu_bm25,3,3932,25.12839126586914,میلوڈی کنگ کمار سانو کورونا کا شکار ہوگئے,برصغیر پاک ہند میں مقبول گلوکار اور میلوڈی بادشاہ کہلائے جانے والے بھارتی گلوکار 62 سالہ کمار سانو بھی کورونا کا شکار ہوگئےبھارتی اخبار انڈیا ٹوڈے کے مطابق کمار سانو اپنی سالگرہ کی مناسبت کے حوالے سے امریکا روانہ ہوئے تھے مگر بدقسمتی سے ان میں کورونا کی تشخیص ہوئیرپورٹ میں بتایا گیا کہ گلوکار کے افیشل پیج پر کمار سانو میں کورونا کی تشخیص کا بتایا گیا تاہم یہ واضح نہیں کیا گیا کہ ان کی طبیعت کیسی ہےکمار سانو کے افیشل فیس بک پیج پر ان کی ٹیم کی جانب سے مداحوں کو گلوکار کی صحت یابی کے لیے دعا کی د…,50,top5,
post_phase12_r_dev,R041,کمار سانو ke khilaf school function mein raat bhar gaana gaane par kya case bana,KI,67310,MIXED,urdu_bm25,4,101347,24.541006088256836,ہیوسٹن میں سال نو کا جشن کمار سانوکی شرکت,کامران جیلانی امریکی شہر ہیوسٹن میں سال نو کی مد کے موقع پر پاکستانی انڈین اور بنگلہ دیشی کمیونٹی نےجشن کے طور پر سب سے بڑا پروگرام منعقد ہوا اس میں خصوصی طور پر بھارت سے ئے ہوئے مشہور پلے بیک سنگر کمار سانو نے شاندارفارمنس کا مظاہرہ کیا نیو ایئر کنسرٹ نائٹ کا اہتمام ممتاز پاکستانی نژاد امریکی پروموٹر ریحان صدیقی نے کیا تھا جس میں 1600 سے زائد افراد نے شرکت کی اور سال نو کی مد کا جشن منایا کمار سانو نے اپنے معروف فلمی گیت سنا کر لوگوں کو والہانہ جھومنے اور رقص کرنے پر مجبور کر دیا شہر کے معروف …,50,top5,
post_phase12_r_dev,R041,کمار سانو ke khilaf school function mein raat bhar gaana gaane par kya case bana,KI,67310,MIXED,urdu_bm25,5,106617,23.43853759765625,حیدر باد میں بھی پاکستان ئیڈل کی دھوم,حیدر بادپاکستان ئیڈل بننے کے شوقین کم نہیں جہاں دیکھوںجسے دیکھو گیت گنگنارہا ہے حیدرباد کا مزدور روشن عرف کمار سانو بھی پاکستان ئیڈل کا حصہ بننے کو دیوانہ ہوا جارہا ہے حیدرباد میں ہالا ناکا کا رہائشی 30سالہ روشن عرف کمار سانو مزدور ہےصاف دل کا یہ انسان گاڑیوں اور سڑکوں کی صفائی کرکے گزر بسر کرتا ہے روشن گانا کمانے کیلیے نہیں بلکہ شوق پورا کرنے کیلیے گاتا ہےروشن عرف کمار سانو صرف دکھنے میں ہی نہیں بلکہ حقیقت میں بڑا بھولا بھالا ہے پاکستان ئیڈل بننے کے جنون میں اس نے ایک دو نہیں بلکہ ڈائری میں لک…,50,top5,
post_phase12_r_dev,R042,Iran ne 100 meter door se corona mareez pehchanne wala kya device mutaarif karaya,KI,19807,ROMAN,roman_bm25_method_D,1,78784,15.162413597106934,بھارت ایران سے تیل کی خریداری میں 15فیصدکمی کریگا,نیویارک امریکی دباو پربھارت ایران سے خام تیل کی خریداری میں پندرہ فیصد کمی کردے گانیویارک اسٹاک ایکسچینج کی ایک رپورٹ کے مطابق بھارتی حکومت نے سرکاری ئل کمپنی مینگلور ریفائنری اینڈ پیٹروکیمیکل اور نجی کمپنی ایثر ئل سے کہاہے وہ رواں مالی سال میں یران سے تیل کی درمد میں کمی کریںرپورٹ میں دعوی کیا گیا ہے کہ ئندہ ہفتے وزیرخارجہ ہلیری کلنٹن کے دہلی کے دورے سے قبل بھارت تہران سے خام تیل کی درمد میں کمی لاناچاہتاہے ہلیری کلنٹن اپنے دورے میں بھارتی حکام سے ممکنہ طورپرایران سے تیل کی خریداری کے معاملے ک…,50,top5,
post_phase12_r_dev,R042,Iran ne 100 meter door se corona mareez pehchanne wala kya device mutaarif karaya,KI,19807,ROMAN,roman_bm25_method_D,2,92356,14.948206901550293,ورلڈکپ فٹبال ارجنٹینا کا ایران جرمنی کا گھانانائجیریاکابوسنیا سےسامنا ہوگا,فورٹالیزافیفا ورلڈ کپ میں اج تین میچز کھیلے جائیں گےارجنٹینا کا مقابلہ ایران جرمنی گھانا جبکہ نائجریا بوسنیا کا سامنا کرےگیگروپ سی میں اج سابق چمپیئن ارجنٹینا یران کا سامنا کرے گیارجنٹینا گروپ میں تین پوائنٹس کے ساتھ سر فہرست ہےایران کا ایک پوائنٹ ہے میچ رات نو بجے کھیلا جائےگارات بارہ بجے گھانا کی ٹیم جرمنی کا سامنا کرے گیگھانا کو پہلے میچ میں امریکا نے شکست دی تھیجبکہ جرمنی پرتگال کو زیر کرکے گروپ میں پہلے نمبر پر ہےتیسرے میچ میں بوسنیا ہرزگوینا کی ٹیم نائجریا کا سامنا کرے کی یہ میچ رات تین ب…,50,top5,
post_phase12_r_dev,R042,Iran ne 100 meter door se corona mareez pehchanne wala kya device mutaarif karaya,KI,19807,ROMAN,roman_bm25_method_D,3,8481,7.8282952308654785,عمران عباس کا دنیا کے خوبصورت چہروں کیلئے انتخاب,پاکستانی اداکار اور ماڈل عمران عباس کو ایک عالمی ادارے نے دنیا کے سب سے زیادہ خوبصورت چہروں میں شمار کرنے کے لیے انہیں نامزد کردیایہ پہلا موقع ہے کہ 35 سالہ عمران عباس کو دنیا کے خوبصورت چہروں میں شامل کرنے کے لیے انہیں نامزد کیا گیا ہےہر سال دنیا کے خوبصورت ترین افراد کی فہرست جاری کرنے والے ادارے ٹی سی کینڈلر اور انڈیپینڈنٹ کرٹکس کی جانب سے پاکستان بھارت ترکی ایران افغانستان امریکا برطانیہ اور اسٹریلیا سمیت دنیا کے درجنوں ممالک سے اداکاروں اسپورٹس شخصیات اور شوبز انڈسٹری سے وابستہ افراد کو من…,50,top5,
post_phase12_r_dev,R042,Iran ne 100 meter door se corona mareez pehchanne wala kya device mutaarif karaya,KI,19807,ROMAN,roman_bm25_method_D,4,67129,7.229670524597168,فواد خان اور عمران عباس دنیا کے 100 پرکشش مردوں کیلئے نامزد,انٹرٹینمنٹ ڈیسک17 اکتوبر 2018 نامور پاکستانی اداکاروں عمران عباس اور فواد خان کو دنیا کے 100 پرکشش مردوں کے لیے نامزد کیاگیا ہے پاکستان شوبز انڈسٹری کے خوبرو اور پرکشش اداکار عمران عباس اورفواد خان کو 2018 کے لیے دنیا کے 100 پرکشش مردوں کے لیے نامزد کیاگیا ہے 100 2018 100 2018 2018 707 عمران عباس نے یہ اطلاع انسٹاگرام پر شیئر کرتے ہوئے کہا کہ انہیں دنیا کے 100 پرکشش مردوں کی ایک اور فہرست میں شامل ہوکر پاکستان کی نمائندگی کرنے کا اعزاز حاصل ہوا ہے جس کے باعث وہ بہت خوش ہیں 2018 100 2018 15 2018…,50,top5,
post_phase12_r_dev,R042,Iran ne 100 meter door se corona mareez pehchanne wala kya device mutaarif karaya,KI,19807,ROMAN,roman_bm25_method_D,5,7540,7.1942243576049805,سمبا 100 کروڑ کلب میں شامل,بولی وڈ ایکشن ہیرو رنویر سنگھ اور سارہ علی خان کی ایکشن رومانٹک فلم سمبا ابتدائی دن میں 100 کروڑ میں کامیاب ہوگئیرنویر اور سارہ علی خان کی فلم نے جہاں ابتدائی دن میں دنیا بھر سے 100 کروڑ روپے بٹورے وہیں اس فلم نے کمائی میں شاہ رخ خان انوشکا شرما اور کترینہ کیف فلم زیرو کو بھی پیچھے چھوڑ دیایہی نہیں بلکہ سمبا کے 100 کروڑ کمانے سے جہاں رنویر سنگھ کی 100 کلب کلب کی فلم میں اضافہ ہوا وہیں یہ فلم سارہ علی خان کی تیزی سے ریکارڈ پیسے کمانے والی بھی پہلی فلم بنیسمبا سارہ علی خان کی دوسری فلم ہے جس میں …,50,top5,
post_phase12_r_dev,R043,نرگس فخری ne hamla hone ki afwahon par kya jawab diya,KI,7449,MIXED,urdu_bm25,1,69964,29.557559967041016,نرگس فخری ہوگئیں 35 برس کی,بالی وڈ اداکارہ نرگس فخری پینتس واں جنم دن منا رہی ہیں رومانوی فلموں سے شہرت پانے والی نرگس فخری نے دو ہزار گیارہ میں راک اسٹار سے فلمی دنیا میں قدم رکھا میں تیرا ہیرو پھٹاپوسٹر نکلا ہیرو کک اور مدراس کیفے میں بھی نرگس فخری نے اپنی اداکاری کے جوہر دکھائے نرگس نے اسٹار ڈسٹ ایوارڈاور ٹائمز انڈیا فلم ایوارڈز بھی اپنے نام کیے امریکہ کی صف اول کی ماڈلز میں نرگس فخری اپنی ایک الگ پہچان رکھتی ہیں,50,top5,
post_phase12_r_dev,R043,نرگس فخری ne hamla hone ki afwahon par kya jawab diya,KI,7449,MIXED,urdu_bm25,2,10081,29.36058807373047,نرگس فخری کی شادی کی افواہیں,یہ بھی پڑھیں نرگس فخری پاکستان میں کام کی خواہشمندمزید پڑھیں متنازع اشتہار پر نرگس فخری کا جواب گیایہ بھی پڑھیں نرگس فخری پاکستان کی حامیبولی وڈ کی خوبرو اداکارہ نرگس فخری اگرچہ ان دنوں فلموں میں نظر نہیں رہیں تاہم وہ مسلسل شوبز اور فیشن خبر رساں اداروں کی خبروں کی زینت بنی ہوئی ہیںماڈل سے اداکاری میں خود کو منوانے والی نرگس فخری کی اخری فلم 2016 میں بینجو ریلیز ہوئی تھی جب کہ ائندہ ماہ ان کی فلم ویڈنگز ریلیز کیے جانے کا امکان ہےتاہم نرگس فخری سے متعلق تازہ خبر یہ ہے کہ اداکارہ نے بولی وڈ فلم پ…,50,top5,
post_phase12_r_dev,R043,نرگس فخری ne hamla hone ki afwahon par kya jawab diya,KI,7449,MIXED,urdu_bm25,3,101952,29.041542053222656,نرگس فخری جان لیوا مرض سے نجات کیلئے امریکا گئیں,نازک اندام بھارتی اداکارہ نرگس فخری دل کے ہاتھوں نہیں جان لیوا مرض سے مجبور ہوکر امریکا گئی تھیں جسم میں سنکھیا اور سیسے کی مقدار زیادہ ہوگئی تھی ایورویدک علاج نے نرگس کو صحت یاب کردیا نرگس فخری فلم ہاوس فل تھری کی پروموشن چھوڑ کر امریکا چلی گئی تھیںکہا جا رہا تھا کہ اودے چوپڑا سے دوستی ختم ہونے کی وجہ سے ان کا نروس بریک ڈاون ہوگیا ہےلیکن نرگس فخری نے کہا کہ ان خبروں میں کوئی سچائی نہیں ہےوہ ارسینک اور لیڈ پوائزننگ کا شکار ہوگئی تھیںاس لیے علاج کے لیے امریکا گئی تھیں نازک اندام بھارتی اداکارہ ن…,50,top5,
post_phase12_r_dev,R043,نرگس فخری ne hamla hone ki afwahon par kya jawab diya,KI,7449,MIXED,urdu_bm25,4,7449,28.457115173339844,نرگس فخری امید سے ہیں ایک جھوٹی خبر,بولی وڈ اداکارہ نرگس فخری سالوں سے فلمی اسکرین سے غائب ہیں جس کے باعث میڈیا میں ان کی صحت اور نجی زندگی کے حوالے سے کئی خبریں سامنے ارہی ہیںبولی وڈ ببل نامی ویب سائٹ نے ایک نیوز شائع کی جس میں اداکار نرگس فخری کے حاملہ ہونے کی نیوز بھی بتائی گئی ہےمزید پڑھیں نرگس فخری پاکستان میں کام کی خواہشمنداس خبر میں لکھا گیا کہ نرگس فخری بولی وڈ اداکار ادے چوپڑا سے ہوئے اپنے بریک اپ کے بعد کافی غم زدہ ہوگئی جس کے بعد ان کے تعلقات میٹ الونزو نامی شخص سے بڑھےرپورٹ میں ممبئی ایئرپورٹ پر موجود ایک اداکارہ کی …,50,top5,
post_phase12_r_dev,R043,نرگس فخری ne hamla hone ki afwahon par kya jawab diya,KI,7449,MIXED,urdu_bm25,5,106941,28.257335662841797,فی الحال شادی کے چکر میں نہیں پڑنا چاہتی نرگس فخری,ممبئی بھارتی فلم انڈسٹری کی نئی ابھرتی ہوئی فنکارہ نرگس فخری کہتی ہیں وہ فی الحال شادی کے چکر میں نہیں پڑنا چاہتیںفلم راک اسٹار میں رنبیر کپورکے ساتھ ہاٹسٹ پیئر دی ائیر کا ایوارڈ پانے والی نرگس فخری کے نام بالی ووڈ کے ڈائریکٹر ادے چوپڑا نے ایک محبت بھرا پیغام ٹوئٹر پر دیا تھا جس کے بعد سے نرگس اور ادے کے قصے لوگوں کی زبانوں پر ہیں تاہم نرگس فخری کا کہنا ہے کہ ان کی کئی فلمیں تیاری کے مراحل میں ہیں اور وہ اس وقت صرف اپنے مستقبل اوراپنے کام پر توجہ دینا چاہتی ہیں,50,top5,
post_phase12_r_dev,R044,اسحاق ڈار ne SECP ki karکردagi par kya raay di,KI,40802,MIXED,urdu_bm25,1,71987,19.891756057739258,بجٹ خسارہ سے کم کرکے فیصد پر لے ائے اسحاق ڈار,وزیر خزانہ اسحاق ڈار نےکہا ہےکہ بجٹ خسارہ8 فیصد سے کم کرکے فیصد پر لے ائے ہیں قومی اسمبلی میں بجٹ بحث سمیٹتے ہوئے وزیر خزانہ اسحاق ڈار نے کہا ہےکہ نویں مالیاتی ایوارڈز پر کام جاری ہے جلد مکمل کرلیا جائے گا فاٹا کے عوام کی ترقی کےلیے بجٹ میں90 ارب روپے رکھے گئے ہیںائندہ مالی سال کے لیے جی ڈی پی کا ہدف فیصد رکھا گا ہے اسحاق ڈار نے ایوان کو بتایا کہ مزدور کی کم سے کم تنخواہ 15 ہزار سو روپے مقررکردی گئی ہے بیرونی قرضوں میں بے پناہ اضافے کا تاثر غلط دیاگا ہے قومی اسمبلی میں وزیر خزانہ اسحاق ڈار کا ا…,50,top5,
post_phase12_r_dev,R044,اسحاق ڈار ne SECP ki karکردagi par kya raay di,KI,40802,MIXED,urdu_bm25,2,73016,19.793106079101562,اسحاق ڈار2016ءکیلئےجنوبی ایشیاءکےبہترین وزیرخزانہ قرار,اسحاق ڈار 2016ءکے لیے جنوبی ایشیاء کے بہترین وزیرخزانہ قراردیئے گئے ہیںیہ ایوارڈ ائی ایم ایف اور عالمی بینک کے سالانہ اجلاس کے موقع پر دیا جائے گا اسحاق ڈارکی جانب سےسفیرپاکستان جلیل عباس جیلانی ایوارڈوصول کریں گے وزیرخزانہ اسحاق ڈار نے ایل او سی کی صورت حالاے پی سی اور جوائنٹ سیشن کی وجہ سے دورہ واشنگٹن منسوخ کیا ہے اسحاق ڈار 2016ءکے لیے جنوبی ایشیاء کے بہترین وزیرخزانہ قراردیئے گئے ہیںیہ ایوارڈ ائی ایم ایف اور عالمی بینک کے سالانہ اجلاس کے موقع پر دیا جائے گا اسحاق ڈارکی جانب سےسفیرپاکستان جل…,50,top5,
post_phase12_r_dev,R044,اسحاق ڈار ne SECP ki karکردagi par kya raay di,KI,40802,MIXED,urdu_bm25,3,61937,19.32879638671875,اسحاق ڈار ائی ایم ایف سے مذاکرات کیلئے دبئی پہنچ گئے,وزیر خزانہ اسحاق ڈار ئی ایم ایف سے مذاکرات کے لئے دبئی پہنچ گئے سابق صدر صف علی زرداری سے ملاقات کی خبریں بھی گردش کرنے لگیں وفاقی وزیر خزانہ سینیٹر اسحاق ڈار دبئی پہنچ گئے ہیں جہاں وہ ئندہ ہفتے ئی ایم ایف کی ٹیم سے مذاکرات کریں گے دوسری جانب سے سابق صدر صف علی زرداری بھی دبئی میں موجود ہیں ذرائع نے دعوی کیا ہے کہ دبئی میں قیام کے دوران اسحاق ڈار کی پیپلزپارٹی کے شریک چیئرمین صف علی زرداری سے ملاقات متوقع ہے دونوں رہنماں کے درمیان ملاقات کے لئے کوششیں جاری ہیں دبئی میں متوقع ملاقات میں اہم ملکی…,50,top5,
post_phase12_r_dev,R044,اسحاق ڈار ne SECP ki karکردagi par kya raay di,KI,40802,MIXED,urdu_bm25,4,61814,19.173778533935547,ایکسپورٹرز برمدات بڑھانے پر زور دیں اسحاق ڈار,وفاقی وزیرخزانہ اسحاق ڈار نے ایکسپورٹرز پر زور دیا ہے کہ وہ برمدات بڑھانے کیلئے عالمی منڈی میں مسابقتی ماحول کا مقابلہ کریں وزارت خزانہ کے ترجمان کے مطابق برمد کنندگان کے ایک وفد نے وزیرخزانہ اسحاق ڈار سے ملاقات کی ملاقات کے دوران وزیرخزانہ نے اسٹریٹجک ٹریڈ پالیسی اور ویلیو ایڈیشن سے مستفید ہونے کیلئے تاجر برادری کی حوصلہ افزائی کی اس موقع پر اسحاق ڈار کا کہنا تھا کہ برمدات کے ذریعے معاشی ترقی حکومت کی اولین ترجیح ہے دوسری جانب وفد نے برمدات بڑھانے کیلئے اسحاق ڈار سے مطالبہ کیا ہے کہ حکومت ان ک…,50,top5,
post_phase12_r_dev,R044,اسحاق ڈار ne SECP ki karکردagi par kya raay di,KI,40802,MIXED,urdu_bm25,5,60898,19.134918212890625,وزیراعظم کا وزیرخزانہ کو ہٹانے کافیصلہ,اسلام اباد18نومبر2017 وزیراعظم شاہد خاقان عباسی نے وزیرخزانہ اسحاق ڈار کو ہٹانے کا فیصلہ کیا ہے ذرائع نے بتایاہےکہ وزیراعظم شاہد خاقان عباسی نے نواز شریف سے مشاورت کے بعد اسحاق ڈار کو ہٹانے کا فیصلہ کیا جبکہ نواز شریف نے بھی اسحاق ڈار کو بحیثیت وزیرخزانہ ہٹانے کی منظوری دی ویڈیودیکھنے کےلیے پلے کابٹن دبائیں نئے وزیرخزانہ کےلیے شوکت ترین عشرت حسین اور مفتاح اسماعیل کے نام زیرغور ہیں واضح رہے کہ وزیرخزانہ بیماری کے باعث لندن میں زیرعلاج ہیں دوسری طرف ان کےخلاف سپریم کورٹ کے حکم پر پاناما کیس مقدم…,50,top5,
post_phase12_r_dev,R045,Galaxy S10 ke kitne alag versions leak hokar samne aaye hain,KI,21313,ROMAN,roman_bm25_method_D,1,73052,5.458777904510498,اڈیٹر جنرل نےاڈٹ رپورٹ سینٹ میں پیش کر دی,ریاض حسیناڈیٹر جنرل اف پاکستان نے اڈٹ رپورٹ سال 2014 15 کی سینٹ میں پیش کر دی ہیںوزارت دفاع سے متعلق سال 2014 15 کی رپورٹ کے کلیدی نتائج میں کہا گیا ہے کہ 62 ارب روپے کی زائد ادائیگیوں کے 88 کیسز سامنے ائے 16 ارب روپے کے غیر مجاز اخراجات کے 32 کیسز سامنے ائے ریاست کو ارب روپے کے نقصان کے 27 کیسز سامنے ائے ہیں رپورٹ کے مطابق ارب روپے کے کنٹریکٹ کی بدانتظامی کے 17 کیسز اور ایک ارب روپے کے ریکارڈ پیش نہ کرنے کے کیسز بھی سامنے ائے ہیں ریاض حسیناڈیٹر جنرل اف پاکستان نے اڈٹ رپورٹ سال 2014 15 کی سینٹ …,50,top5,
post_phase12_r_dev,R045,Galaxy S10 ke kitne alag versions leak hokar samne aaye hain,KI,21313,ROMAN,roman_bm25_method_D,2,23083,5.1969313621521,کمپیوٹرز کا زیادہ استعمال درحقیقت فائدہ مند تحقیق,کل کے نوجوان اسمارٹ فونز کمپیوٹرز اور ویڈیوز گیمز کھیلتے ہوئے اسکرین کے سامنے بہت زیادہ وقت گزارتے ہیں اور اب یہ دعوی سامنے یا ہے کہ یہ درحقیقت ان کی شخصیت کے لیے فائدہ مند عادت ہےبرطانیہ کی کسفورڈ یونیورسٹی کی تحقیق میں کہا گیا ہے کہ گزشتہ دہائی کے دوران ابھرنے والی ٹیکنالوجی کے حوالے سے خدشات پائے جاتے ہیں کہ اس پر بہت زیادہ وقت صرف کرنے کے نتیجے میں نوجوانوں کی سماجی صلاحیتیں اور ذہنی صحت متاثر ہوتی ہیںتاہم ڈیڑھ لاکھ کے قریب 15 سال کے نوجوانوں میں کی جانے والی تحقیق کے نتائج میں یہ بات سامنے…,50,top5,
post_phase12_r_dev,R045,Galaxy S10 ke kitne alag versions leak hokar samne aaye hain,KI,21313,ROMAN,roman_bm25_method_D,3,21572,5.180606842041016,اینڈرائیڈ فونز میں عجیب خامی سامنے گئی,اگر کے پاس اینڈرائیڈ اسمارٹ فون ہے اور اس میں کچھ عجیب دیکھنا چاہتے ہیں تو گوگل ایپ پر 1975 ٹائپ کرکے دیکھیںجی ہاں ہم سنجیدہ ہیں اسے زما کر ضرور دیکھیںاور اس کا نتیجہ ذہن الجھا دے گا کیونکہ کے حالیہ ایس ایم ایس کی فہرست سامنے جائے گیمزید پڑھیں گوگل سرچ میں چھپی یہ خفیہ ٹرکس جانتے ہیںسوشل میڈیا سائٹ ریڈیٹ کے ایک صارف نے اینڈرائیڈ فون کی اس خامی کو اتفاق سے اس وقت پکڑا جب وہ گوگل ایپ کی سرچ بار پر ایک میوزک بینڈ دی 1975 کی سائٹ جاننے کی کوشش کررہا تھا مگر غلطی سے ڈاٹ ڈال دیئےون پلس سام سنگ ایل جی…,50,top5,
post_phase12_r_dev,R045,Galaxy S10 ke kitne alag versions leak hokar samne aaye hain,KI,21313,ROMAN,roman_bm25_method_D,4,97317,5.154403209686279,پے درپے شکستبھارتی سلیکٹرز اور کپتان دھونی منے سامنے گئے,نئی دہلی سٹریلیا کے ہاتھوں وائٹ واش ہونیوالی بھارتی ٹیم کے کپتان دھونی اورسلیکٹرز منے سامنے گئے دھونی کہتے ہیں کہ سلیکشن میں ان کی رائے کواہمیت نہیں دی جاتی اس بیان پرسلیکٹرز کی جانب سے بھی سخت ردعمل سامنے یا ہے دھونی کہتے ہیں سلیکشن میں ان کی ایک نہیں چلتی جن کھلاڑیوں کو میدان میں اتارنے کاکہتے رہے انہیں کھلایا ہی نہیں گیا اس جھنجھلاہٹ کی وجہ ٹیم کی ناکامیاں ہیں یا ایک ٹیسٹ کی پابندی یہ تو دھونی ہی بتاسکتے ہیں مگر ان کے اس جارحانہ رویے پر سلیکٹرز کی طرف سے بھی سخت ردعمل سامنے یا سلیکٹرز نے کپت…,50,top5,
post_phase12_r_dev,R045,Galaxy S10 ke kitne alag versions leak hokar samne aaye hain,KI,21313,ROMAN,roman_bm25_method_D,5,86736,5.150448322296143,دبئی میں پاکستانی کرکٹرز سے ملاقات کرنے والا کون تھا,دبئی کے ریسٹورنٹ میں پاکستانی کرکٹرز سے ملاقات کرنے والا شخص کون تھاائی سی سی کے پاس ثبوت ہیں تو مشکوک شخص بھی پہچان میں ہوگامشتبہ شخص کو سامنے کیوں نہیں لایا گیاپاکستانی کھلاڑیوں کو کس نے اپنا مہرہ بنایا کھلاڑی پکڑے گئے پھنس گئے بدنام ہوگئے کرکٹ کے دروازے بند ہوگئے ٹیموں سے نکال دیا گیا گھروں کو واپس بھیج دیا گیا شوکاز نوٹس مل گئے لیکن یہ شخص کون ہے جس نے کھلاڑیوں کو پھنسایا کتنے ادمی ہیں جب اینٹی کرپشن نظر رکھے ہوئے تھا تو مشکوک شخص کو سامنے کیوں نہیں لایا گیااب تک مشتبہ شخص کے خلاف کیا کاررو…,50,top5,
post_phase12_r_dev,R046,میرا ke jhoothi shadi ke case mein Atiq ur Rehman ko adalat ne kyun bulaya,KI,68052,MIXED,urdu_bm25,1,105284,7.828994274139404,ریما کی نقل میں نہیں کرتی میری نقل ریما کرتی ہے میرا,لاہوراداکارہ میرا نے اپنی توپوں کا رخ ریما کی طرف کردیا ہے اور دعوی کیا ہے کہ ریما ان سے دس بارہ سال بڑی ہیں یہی نہیں بلکہ میرا کا یہ بھی کہنا ہے کہ ریما ان کی نقل کرتی ہیں جیو نیوز کےمعروف پروگرام ایک دن جیو کے ساتھ میں میزبان سہیل وڑائچ کے سامنے میرا نے ہر ایک موضوع پر دل کھول کر اظہار خیال کیا میرا نے سب سےپہلے اپنی توپوں کا رخ ریما کی طرف کیا اور صرف یہی نہیں کہا کہ ریما ان کی نقل کرتی ہں بلکہ یہ دعوی بھی کردیا کہ ریما ان سے اچھی خاصی بڑی ہیں میرا نے انکشاف کیا کہ وہ ان دنوں میڈیکل کی پڑھائ…,50,top5,
post_phase12_r_dev,R046,میرا ke jhoothi shadi ke case mein Atiq ur Rehman ko adalat ne kyun bulaya,KI,68052,MIXED,urdu_bm25,2,108477,7.807292461395264,میرا کیخلاف بیان دینے والا میرا والد نہیں کوئی اور ہے منگیتر میرا,لاہور اداکارہ میرا کے منگیتر نوید پرویز نے کہا ہے کہ میرا معصوم ہےاس کے خلاف بیان دینے والا ان کا والد نہیں کوئی اور ہے لاہور میں پریس کانفرنس کرتے ہوئے میرا کے منگیتر نوید پرویز کا کہنا تھا کہ میرا کے ساتھ رشتہ ان کے والد اور فیملی کی رضامندی سے ہوا سب اس پر بہت خوش ہیں میڈیا پر اس رشتے کے خلاف بیان دینے والے شخص کو وہ نہیں جانتے نوید پرویز کا کہنا تھا کہ میرا معصوم اور غیر شادی شدہ ہے وہ عتیق الرحمان کو بھی نہیں جانتے عتیق کے مقدمے کا اثر ان کی شادی پر نہیں پڑے گا انہوں نے کہا کہ وہ میرا سے ش…,50,top5,
post_phase12_r_dev,R046,میرا ke jhoothi shadi ke case mein Atiq ur Rehman ko adalat ne kyun bulaya,KI,68052,MIXED,urdu_bm25,3,67152,7.793129920959473,اداکارہ میرا پر گھر پر قبضہ کرنے کاالزام,لاہور11 اکتوبر 2018 اسکینڈل کوئین اداکارہ میرا ایک بار پھر مشکل میں پھنس گئی ہیں لاہور کے رہائشی شخص نے میرا پر ان کے گھر پر قبضہ کرنے کاالزام لگایا ہے پاکستان فلم انڈسٹری کی نامور اداکارہ میرا کبھی اپنی گلابی انگریزی اورکبھی دوسری اداکاراں پر تبصرے کرنے کی وجہ سے خبروں کی زینت بنی رہتی ہیں اور اب میرا کا نیا اسکینڈل سامنے ایاہےجہاں لاہور کے شہری تسلیم کوثر نے اداکارہ میرا پر ڈیفنس میں واقع ان کے گھر پر قبضہ کرنے کا الزام لگایا ہےشہری نے انصاف کے لیے عدالت سے بھی رجوع کر لیا ہےجس کے بعد لاہور ک…,50,top5,
post_phase12_r_dev,R046,میرا ke jhoothi shadi ke case mein Atiq ur Rehman ko adalat ne kyun bulaya,KI,68052,MIXED,urdu_bm25,4,99221,7.77763557434082,نکاح پر نکاح کرنے پر عتیق الرحمان کا اداکارہ میرا کیخلاف عدالت سے رجوع کرنے کا اعلان,لاہور اداکارہ میرا کے قانونی شوہر عتیق الرحمان نے نکاح پر نکاح کرنے کی سزا دلانے کے لئے میرا کے خلاف عدالت سے رجوع کرنے کا اعلان کردیاجیو نیوز سے گفتگو کرتے ہوئے ان کا کہنا ہے کہ میرا اب خود کو غیر شادی شدہ نہیں کہہ سکتیں وہ ان کی بیوی ہیںعتیق الرحمان نے کہا کہ میرا نے کیپٹن نوید سے بھی مبینہ شادی کر رکھی ہے اب وہ انہیں نکاح پر نکاح کرنے کی سزا دلانے کے لئے عدالت سے رجوع کریں گےانہوں نے کہا کہ اداکارہ میرا میں اچھی بیوی والی کوئی خوبی نہیں میرا کو انڈہ ابالنا نہیں تا مجھے کھانا کیا کھلاتیفیملی …,50,top5,
post_phase12_r_dev,R046,میرا ke jhoothi shadi ke case mein Atiq ur Rehman ko adalat ne kyun bulaya,KI,68052,MIXED,urdu_bm25,5,103726,7.777223587036133,میرا کا شادی اسکینڈل دو صاحبان نے عدالتوں کے چکر لگوا دیے,لاہورفلم اسٹار میرا کے اسکینڈل ہیں کہ ختم ہونے کا نام نہیں لے رہے کھٹی میٹھی انگریزی اور مصالحے دار خبروں کے ساتھ میڈیا میں ہمیشہ ان رہتی ہیں میرا کا شادی اسکینڈل ہے کیا وہ کون سے صاحبان ہیں جن کی وجہ سے میرا عدالتوں کے چکر پہ چکر کاٹ رہی ہیں کہاں تو میرا کو گلہ ہے کہ کوئی شادی کے لیے راضی ہی نہیں ہوتا جو اتا ہے بھاگ جاتا ہے اب میڈیا ہی کچھ کرےلیکن جب شادی کا معاملہ ایا تو شادی پہ شادی کا اسکینڈل سامنے ایا پہلے عتیق الرحمان نے دعوی کیا کہ میرا ان کے نکاح میں ہیںمیرا نے بھی صاف جواب دیا سب جھوٹ …,50,top5,
post_phase12_r_dev,R047,فرانس ne Chitral aur Dargai hydropower plants ke liye kitna euro qarz diya,KI,110281,MIXED,urdu_bm25,1,88270,9.693524360656738,یورو کپ فٹ بال کا فائنل اج کھیلا جائے گا,یورو کپ کا فائنل میزبان ٹیم فرانس اور پرتگال کے مابین اج اسٹیڈ ڈی فرانس سینٹ ڈینس میں کھیلا جائے گافائنل جیو سوپر پر لائیو دکھایا جائے گایورو کپ کے دلچسپ مقابلے فرانس میں جاری ہیں ٹورنامنٹ اختتامی مرحلے میں داخل ہوگیا ہے فیصلہ کن معرکے میں فرانس اور پرتگال نے جگہ بنائی ہےایونٹ کے پہلے سیمی فائنل میں پرتگال نے ویلز کو شکست دی جبکہ دوسرے سیمی فائنل میں فرانس نے عالمی چیمپئن جرمنی کو چت کر فائنل کےلئے کوالیفائی کیافائنل میں کانٹے دار مقابلے کی توقع ہےتاریخ بتاتی ہے کہ فٹبال ریکارڈ میں فرانس کبھی ا…,50,top5,
post_phase12_r_dev,R047,فرانس ne Chitral aur Dargai hydropower plants ke liye kitna euro qarz diya,KI,110281,MIXED,urdu_bm25,2,88265,9.509617805480957,یورو کپ فٹبال پرتگال اور فرانس کا فائنل تھوڑی دیر بعد,یورو کپ فٹ بال 2016ء کے فائنل میں پرتگال اور فرانس کا مقابلے تھوڑی دیر میں شروع ہونے والا ہے دنیا کے فٹ بال شائقین کی نظریں اسٹیڈے دی فرانس میں ہونے والے دلچسپ مقابلے پر لگی ہیںایکشن سے بھرپور مقابلہ پاکستان کے پہلے اسپورٹس چینل جیو سوپر پر براہ راست نشر کیا جائیگا اج یورپ کے نئے فٹ بال چیمپئن فیصلہ ہو ہی جائیگاکھیل ماہرین نے اج کے مقابلے میں فرانس کو فیورٹ قرار دیدیا ہے لیکن کرسٹیانو رونالڈو کی پرتگال بھی اج تاریخ کو تبدیل کرنے کے لئے پر عزم ہے یورو فٹبال کا نیا چیمپئن کون ہوم گراونڈ پر فائنل …,50,top5,
post_phase12_r_dev,R047,فرانس ne Chitral aur Dargai hydropower plants ke liye kitna euro qarz diya,KI,110281,MIXED,urdu_bm25,3,88290,9.502758026123047,یوروکپ کی سیمی فائنل لائن اپ مکمل,یوروکپ کی سیمی فائنل لائن اپ مکمل ہوگئی پرتگال کا سامنا ویلز سے جبکہ جرمنی اور فرانس امنے سامنے ہوگی گزشتہ روز کھیلے گئے اخری کوارٹر فائنل میں فرانس نے ائس لینڈ کو پانچ دو سے ہرادیا یوروکپ کا اخری کوارٹر فائنل میزبان فرانس اورائس لینڈ کےدرمیان کھیلا گیافرانس پورے ہی میچ میں چھائی رہی اور ائس لینڈ کے پلئیرز کو جمنے ہی نہیں دیاپہلے ہاف میں چار گول کرکے فرانس نے ائس لینڈ کو پریشان کردیادوسرے ہاف کےاغاز میں ائس لینڈ نے میچ میں واپس انے کی کوشش کی اور دو گول کئے لیکن جیت کے قریب نہ اسکے فرانس نے ائس…,50,top5,
post_phase12_r_dev,R047,فرانس ne Chitral aur Dargai hydropower plants ke liye kitna euro qarz diya,KI,110281,MIXED,urdu_bm25,4,45893,9.433794975280762,یورو کپ ئس لینڈ کو شکست سیمی فائنل میں فرانس کا جرمنی سے جوڑ پڑ گیا,پیرس ویب ڈیسک یورو کپ کے خری کوارٹر فائنل میں فرانس نے ئس لینڈ کو پانچ دو سے ہرا دیا سات جولائی کو سیمی فائنل میں میزبان فرانس کا سامنا جرمنی سے ہو گا تفصیلات کے مطابق یورو کپ کے خری کوارٹر فائنل میں فرانس نے کمزور حریف ئس لینڈ کو دو کے مقابلے میں پانچ گول سے شکست دے دی فرانس کی طرف سے اولیور جیرو نے دو جبکہ پاول پوبا دامتری پیاٹ اور اینٹونی گریزمین نے ایک ایک گول اسکور کیا ئس لینڈ فرانس کے خلاف اچھا کھیل پیش نہ کر سکی اور فرانس کے اسٹرائیکرز کے سامنے بے بس دکھائی دی ئس لینڈ کی جانب سے کولبین س…,50,top5,
post_phase12_r_dev,R047,فرانس ne Chitral aur Dargai hydropower plants ke liye kitna euro qarz diya,KI,110281,MIXED,urdu_bm25,5,57387,9.412792205810547,یورو کپ کا فائنل اج فرانس اور پرتگال کے درمیان ہو گا,یورو کپ کا تاج کس کے سر سجے گا فیصلہ ہوگا رونالڈو کی پرتگال اور دو مرتبہ کی چیمپین فرانس اج ہونے والے فائنل کے لیے پوری طرح تیار یورو کپ دو ہزار سولہ کا فائنل فرانس اور پرتگال کے درمیان ہوگا فرانس کی ٹیم تیسری اور پرتگال کی ٹیم پہلی مرتبہ ٹائٹل جیتنے کی کوشش کرے گی اعداد شمار میں بھی فرانس کو پرتگال پر واضح برتری حاصل ہے گزشتہ دس میچز میں فرانس نے کامیابی سمیٹی تاہم پرتگال کی ٹیم اس وقت شاندار فارم میں ہے لیگ میچز میں ناقابل شکست رہنے کے بعد پرتگال نے ناک وٹ مرحلے میں کروشیا پولینڈ اور ویلز کو …,50,top5,
post_phase12_r_dev,R048,جراسک ورلڈ ne doosre hafte bhi US box office par kya position barqarar rakhi,KI,51465,MIXED,urdu_bm25,1,10123,20.454572677612305,جراسک ورلڈ کی پانچویں فلم کی پہلی جھلک,یہ بھی پڑھیں جراسک ورلڈ کا سیکوئل بنے گامزید پڑھیں جراسک ورلڈ کی دھومیہ بھی پڑھیں جراسک ورلڈ پر لوگوں کی توہین کا الزاممعروف ڈائناسور فرنچائزسائنس فکشن فلم جراسک ورلڈ کی پانچویں فلم یوں تو ائندہ برس جون میں ریلیز کیے جانے کا امکان ہے تاہم اب اس کی پہلی جھلک جاری کردی گئیخیال رہے کہ اس سیریز کی پہلی فلم جراسک پارک کے نام سے 1993 میں ریلیز ہوئی تھی جس کے بعد اس کی دوسری فلم دی لاسٹ ورلڈ جراسک پارک 1997 میں ریلیز کی گئیپہلی دو فلموں کی شاندار کامیابی کے بعد سیریز کی تیسری فلم جراسک پارک تھری کے نا…,50,top5,
post_phase12_r_dev,R048,جراسک ورلڈ ne doosre hafte bhi US box office par kya position barqarar rakhi,KI,51465,MIXED,urdu_bm25,2,10059,19.906286239624023,جراسک ورلڈفالن کنگڈم کے بے قابو ڈائنا سور,یہ بھی پڑھیں جراسک ورلڈ کی پانچویں فلممزید پڑھیں جراسک ورلڈ پر توہین کا الزاممعروف ڈائناسور فرنچائزسائنس فکشن فلم جراسک ورلڈ کی پانچویں فلم جراسک ورلڈ فالن کنگ ڈم کا ٹیزر ٹریلر جاری کردیا گیاجراسک ورلڈ فالن کنگ ڈم کو جون 2018 میں ریلیز کیے جانے کا امکان ہے تاہم گزشتہ ہفتے فلم کی پہلی جھلک جاری کیے جانے کے بعد اس کا مختصر مگر خطرناک ٹیزر ٹریلر جاری کردیا گیا15 سیکنڈ دورانیے کے اس ٹریلر کے شروع ہوتے ہی بے قابو ڈائنا سورز کو فلم کے مرکزی اداکار کرس پراٹ کے پیچھے تیزی سے دوڑتے ہوئے دکھایا گیا ہےخود…,50,top5,
post_phase12_r_dev,R048,جراسک ورلڈ ne doosre hafte bhi US box office par kya position barqarar rakhi,KI,51465,MIXED,urdu_bm25,3,8965,19.872549057006836,جراسک ورلڈ کے بے قابو ڈائنا سورز کی دنیا بھر میں تباہی,معروف ڈائناسور فرنچائزسائنس فکشن فلم جراسک ورلڈ کی پانچویں فلم جراسک ورلڈ فالن کنگ ڈم کو دنیا کے 30 مختلف ممالک میں ریلیز کردیا گیا جراسک ورلڈ فالن کنگ ڈم کو ابتدائی طور پر7 جون کو صرف جب کہ جون کو مزید 23 مختلف ممالک میں ریلیز کیا گیافلم نے ابتدائی دن میں دنیا کے 30 ممالک سے مجموعی طور پر کروڑ 93 لاکھ امریکی ڈالر پاکستانی ارب روپے سے زائد کی کمائی کرلیدیو قامت تباہی پھیلاتے ڈائنا سور کی داستان پر مبنی اس فلم کو تاحال شمالی امریکا میں ریلیز نہیں کیا گیا جہاں فلم کی کمائی کے ممکنہ ریکارڈ بننے کی…,50,top5,
post_phase12_r_dev,R048,جراسک ورلڈ ne doosre hafte bhi US box office par kya position barqarar rakhi,KI,51465,MIXED,urdu_bm25,4,104554,19.826858520507812,سنسنی خیز فلم جراسک ورلڈ کا نیا ٹریلر تہلکہ مچانے کیلئے تیار,نیویارک خوف اور دہشت سے بھرپور فلم جراسک ورلڈ کا نیا ٹریلر تہلکہ مچانے کیلئے تیار ہے فلم میں اس بار بھی ڈائناسارز تباہی مچاتے نظر ائیں گےجراسک ورلڈ ہالی ووڈ کی تہلکہ خیز اور سنسنی سے بھرپور فلم جراسک پارک سیریز کا چوتھا پارٹ ہے1993 1997 اور2001 میں فلم جراسک پارک نے باکس افس پر راج کیافلم میں اس بار بھی ڈائناسارز تھیم پارک کی کہانی شامل ہے جہاں خطرناک ڈائنا سارز تباہی پھیلاتے نظر ائیں گےفلم جراسک ورلڈ میں بالی ووڈ اداکار عرفان خان بھی نظر ائیں گے ایڈونچر اور خوف سے بھرپور فلم جراسک ورلڈ رواں سا…,50,top5,
post_phase12_r_dev,R048,جراسک ورلڈ ne doosre hafte bhi US box office par kya position barqarar rakhi,KI,51465,MIXED,urdu_bm25,5,104186,19.694150924682617,جراسک پارک سلسلے کی فلم جراسک ورلڈکے کلپ جاری,لاس اینجلسدیو ہیکل ڈائنو سار پھر ارہے ہیںبڑی اسکرین پر اپنی دھاک بٹھانے کیلئےہالی وڈ کی شہرہ افاق سائنس فکشن ایڈونچر فلم جراسک پارک سلسلے کی چوتھی فلم جراسک ورلڈ کےنئے کلپس جاری کردیے گئے ہیں فلم جراسک ورلڈ 12جون کو نمائش کیلئے پیش کی جائے گی,50,top5,
post_phase12_r_dev,R049,Anne Hathaway ki film Song One ka pehla trailer kab release hua,KI,104969,ROMAN,roman_bm25_method_D,1,18668,20.185928344726562,کعب اللہ کا غلاف,ہرسال کی طرح اس سال بھی کعب اللہ کا غلاف تبدیل کیا گیا نو ذوالحج کو بیت اللہ میں غلاف کعبہ تبدیل کیا جاتا ہے غلاف کعبہ کو عربی میں کسو الکعبہ کہا جاتا ہے جس کی تبدیلی کاعمل چھ گھنٹوں میں مکمل ہوا خانہ کعبہ کے غلاف کی تبدیلی نماز فجر کے بعد شروع ہوئی اور اس کی تیاری میں روایتی طور پر اس سال بھی 150 کلو گرام چاندی اور سونا جبکہ 670 کلو گرام خالص ریشم کا استعمال کیا گیا سونے اور چاندی سے غلاف پر قرنی یات کی کشیدہ کاری بھی کی گئی ہے تصاویر اے ایف پی اے پی,50,top5,
post_phase12_r_dev,R049,Anne Hathaway ki film Song One ka pehla trailer kab release hua,KI,104969,ROMAN,roman_bm25_method_D,2,104047,19.388057708740234,کامیڈی فلم ائی لو نیو ائیر میں گانےجدائی کی ویڈیو ریلیز,بالی وڈڈھائی کلو کے ہاتھ والے ڈائیلاگ سے بالی وڈ میں منفرد پہچان بنانے والے سنی دیول اور کنگنا رناوٹ کی نئی رومانٹک کامیڈی فلم ائی لو نیو ائیر کے لئے پاکستانی پاپ سنگر فلک شبیر کے گانے جدائی کی ویڈیو ریلیز کر دی گئی ہے جدائی کے بولوں پر مشتمل اس سونگ کو نا صرف فلک شبیر نے گایا ہے بلکہ وہ اس کے میوزک ڈائیریکٹر بھی ہیں اور انھوں نے اسے لکھا بھی خود ہے ہدایتکار رائٹرز رادھیکا راو اور ونے ساپرو کی اس فلم میں سنی دیول اور کنگنا رناوٹ کے ساتھ تنیشہ چیڑجی پریم چوپڑا اور پرکاش راج اہم کردار ادا کر رہے …,50,top5,
post_phase12_r_dev,R049,Anne Hathaway ki film Song One ka pehla trailer kab release hua,KI,104969,ROMAN,roman_bm25_method_D,3,104969,15.791059494018555,رومانٹک ڈرامہ فلم سونگ ون کا پہلا ٹریلر جاری,نیویارکاسکر ایوارڈ یافتہ ہالی ووڈ اداکارہ این ہیتھ وے کی نئی رومانٹک ڈرامہ فلم سونگ ون کا پہلا ٹریلر جاری کردیا گیااسکر ایوارڈیافتہ ہالی ووڈ اداکارہ این ہیتھ وے کی نئی رومانٹک ڈرامہ فلم سونگ ون کا پہلا ٹریلر جاری کردیا گیا ہےرائٹر وہدایت کار کیٹ بارکر فروئے لینڈ کی اس فلم میں این ہیتھ وے کے ساتھ اسکر ونر اداکارہ میری اسٹین برجنجانی فلنایل تھامپسن اور بین روزن فیلڈ اہم کردار ادا کررہے ہیںایڈم شلمان اور خود این ہیتھ وے کی پروڈیوس کردہ اس فلم کی کہانی ایک نوجوان ماہر اثار قدیمی کے گرد گھوم رہی ہے …,50,top5,
post_phase12_r_dev,R049,Anne Hathaway ki film Song One ka pehla trailer kab release hua,KI,104969,ROMAN,roman_bm25_method_D,4,108875,15.68441390991211,اک میں اور اک توکے ٹائٹل سونگ کی وڈیوریلیز,ممبئیاین جی ٹیکرن جوہر کی نئی فلماک میں اور اک توکے ٹائٹل سونگ کی وڈیوریلیز کردی گئی فلم میں عمران خان اور کرینہ کپور پہلی بار ایک ساتھ جلوہ گر ہورہے ہیںبالی ووڈ فلمساز ہدایتکارکرن جوہر کی نئی فلماک میں اور اک توکے ٹائٹل سونگ کی وڈیو ریلیز کردی گئیایک میں اور ایک تو نامی اس رومانٹک کامیڈی فلم میں عمران خان اور کرینہ کپور پہلی بار ایک ساتھ جلوہ گر ہورہے ہیں اس ٹائٹل سونگ کے بول فلم کے ناماک میں ہوں اور اک توہیں جس میں عمران اور کرینہ کوامریکی شہر لاس ویگاس کی سڑکوں پر تفریح کرتے دکھایا گیا ہےواض…,50,top5,
post_phase12_r_dev,R049,Anne Hathaway ki film Song One ka pehla trailer kab release hua,KI,104969,ROMAN,roman_bm25_method_D,5,106349,15.668521881103516,علی ظفر فلم تیرے بن لادن ٹومیں ئٹم سونگ کریں گے,نئی دہلیاین جی ٹیاپنی پہلی ہی فلم تیرے بن لادن کی کامیابی کے بعد بالی ووڈ میں شہرت کی بلندیوں پر پہنچنے والے پاکستانی پاپ گلوکار اداکار علی ظفرکو جہاں تیزی سے بھارتی فلموں کی پیشکش ہورہی ہیں وہیں اب ان سے ئٹم سونگ بھی کرایا جائے گا تازہ ترین اطلاعات کے مطابق علی ظفر اپنی ہی بلاک بسٹر فلم تیرے بن لادن کے سیکوئلتیرے بن لادن ٹومیں اب بحیثیت مہمان اداکار ایک ئٹم سونگ کرتے نظر ئیں گےاپنے سوشل نیٹ ورکنگ پروفائل پر علی ظفر نے اپنے مداحوں کے لیے یہ پیغام چھوڑا ہے کہ کل وہ ایک ئٹم سونگ کے لیے انتہائی مح…,50,top5,
post_phase12_r_dev,R050,انڈر 19 ایشیا کپ فائنل Pakistan aur Bharat ka match kis natije par khatam hua,KI,96393,MIXED,urdu_bm25,1,85086,30.663671493530273,انڈر 19 ایشیا کرکٹ کپ فائنل اتوار کو پاکستان اور افغانستان کے درمیان ہوگا,کوالا لمپور ملائیشیا کے دارالحکومت کوالالمپور میں جاری انڈر 19 ایشیا کپ کرکٹ ٹورنامنٹ کے دوسرے سیمی فائنل میں افغانستان نے نیپال کو ہرا کر فائنل کے لیے کوالیفائی کرلیاایونٹ کا فائنل اتوار 19 نومبر کو پاکستان اور افغانستان کے درمیان کھیلا جائے گاکوالالمپور میں کھیلے گئے دوسرے سیمی فائنل میں نیپال کی ٹیم نے پہلے بیٹنگ کی اور 103 رنز بنا کر ہوگئیکوالالمپور میں کھیلے گئے سیمی فائنل میں پاکستان نے ڈک ورتھ لوئیس میتھڈ کے تحت بنگلادیش کو شکست دی جس کے بعد افغانستان نے مطلوبہ ہدف وکٹوں کے نقصان پر 21 ا…,50,top5,
post_phase12_r_dev,R050,انڈر 19 ایشیا کپ فائنل Pakistan aur Bharat ka match kis natije par khatam hua,KI,96393,MIXED,urdu_bm25,2,44458,30.338714599609375,انڈر 19 ایشیا کپ فائنل میں کل پاکستان اور افغانستان مد مقابل ہونگے,کولالمپور 92 نیوز انڈر 19 ایشیا کپ کے فائنل میں کل پاکستان کا مقابلہ افغانستان سے ہوگا گرین شرٹس نے ابتدائی مرحلے میں افغانستان کے ہاتھوں شکست کا بدلہ چکانے کے لیے کمر کس لی ہے پہلے سیمی فائنل میں قومی ٹیم نے بنگال ٹائیگرز کو ڈک ورتھ لوئس میتھڈ کے تحت دو رنز سے مات دی دوسرے سیمی فائنل میں افغان ٹیم نے نیپال کیخلاف میدان مارابنگلہ دیش کیخلاف دھواں دھار اننگز کھیلنے والے قومی بلے باز محمد طحہ فائنل میں بھی شاندار کارکردگی کا تسلسل دہرانے کے لیے پرعزم ہیں افغانستان کی ٹیم پہلی بار ایشیا کپ کے فائن…,50,top5,
post_phase12_r_dev,R050,انڈر 19 ایشیا کپ فائنل Pakistan aur Bharat ka match kis natije par khatam hua,KI,96393,MIXED,urdu_bm25,3,85090,30.308509826660156,پاکستان انڈر 19 ایشیا کپ کے فائنل میں پہنچ گیا,کوالالمپور پاکستان نے ملائیشیا کے شہر کوالالمپور میں جاری انڈر 19 یوتھ ایشیا کپ کرکٹ ٹورنامنٹ کے فائنل کے لیے کوالیفائی کرلیاسیمی فائنل میں پاکستان نے ڈک ورتھ لوئیس میتھڈ کے تحت بنگلادیش کو شکست دیسیمی فائنل میچ میں بنگلادیش نے وکٹ کے نقصان پر 274رنز اسکور کیےتاہم جوابی اننگز میں پاکستان نے 39 اوورز میں وکٹ پر 199 رنز بنائے اور ڈک ورتھ لوئیس میٹھڈ کے ذریعے میچ کا فاتح قرار پاکر فائنل میں جگہ بنالی,50,top5,
post_phase12_r_dev,R050,انڈر 19 ایشیا کپ فائنل Pakistan aur Bharat ka match kis natije par khatam hua,KI,96393,MIXED,urdu_bm25,4,43401,30.117033004760742,انڈر19ایشیا کپ سے بھی پاکستان کا سفر ختم,ڈھاکہ 92 نیوز انڈر 19 ایشیا کپ میں بھی گرین شرٹس کا ایونٹ میں سفر ختم ہوگیاسری لنکا نے پاکستان کو 23رنز سے شکست دے دی بنگلہ دیش میں جاری انڈر19 ایشیا کپ میں پاکستان نے ٹاس جیت کرسری لنکا کو پہلے بیٹنگ کی دعوت دی سری لنکا نے مقررہ پچاس اوورز میں 200رنز بنائے ئی لینڈرز کی جانب سےکالانا پریرا51رنز بنا کر نمایاں رہےگرین شرٹس کی طرف سے ارشد اقبال نے چھ کھلاڑیوں کو کیا ہدف کے تعاقب میں قومی انڈر 19 ٹیم پچاس اوررز میں ٹھ وکٹوں پر 177رنز بنا سکی پاکستان کی جانب سے اویس ظفر43رنزبنا کر ٹاپ اسکورر رہے سری…,50,top5,
post_phase12_r_dev,R050,انڈر 19 ایشیا کپ فائنل Pakistan aur Bharat ka match kis natije par khatam hua,KI,96393,MIXED,urdu_bm25,5,28784,29.870473861694336,پاکستان 63 رنز پر ڈھیر افغانستان پہلی مرتبہ انڈر19 ایشیا کپ کا چیمپیئن,کوالالمپور افغانستان نے اکرام فیضی اور مجیب کی عمدہ کارکردگی کی بدولت پاکستان کو انڈر19 ایشیا کپ کے فائنل میں یکطرفہ مقابلے کے بعد 185 رنز سے شکست دے کر چیمپیئن بننے کا اعزاز حاصل کر لیاکوالالمپور میں کھیلے گئے اے سی سی انڈر 19 ایشیا کپ کے فائنل میں پاکستان کے کپتان حسن خان نے ٹاس جیت کر پہلے فیلڈنگ کا فیصلہ کیا جو غلط ثابت ہواافغانستان کی انڈر19 ٹیم نے پہلے بیٹںگ کرتے ہوئے مقررہ 50 اوورز میں سات وکٹوں کے نقصان پر 248 رنز بنائے وکٹ کیپر بیٹسمین اکرام فیضی نے شاندار بیٹنگ کا مظاہرہ کیا اور 10 چو…,50,top5,
post_phase12_r_dev,R051,aaj Pakistan ka cricket match kahan khela ja raha hai,NAT,,ROMAN,roman_bm25_method_D,1,58393,18.343660354614258,ابوظہبیپاکستان اور انگلینڈ کے درمیان پہلا ون ڈے اج ہو گا,پاکستان اورانگلینڈ کے درمیان ون ڈے سیریز کا پہلامیچ ابوظہبی میں کھیلا جائے گا پاکستان کی قیادت اظہرعلی اورانگلش ٹیم کی قیادت اوئن مورگن کریں گے میچ ابوظہبی میں ہے اور یہ میدان پاکستان کے لیے اب تک کچھ اچھا ثابت نہیں ہوا ٹیسٹ کرکٹ میں کامیابی کے بعد اب پاکستانی شاہین انگلش شیروں کو دبوچنے کے لئے ااج ابو ظہبی کے میدان میں اترے گی پاکستانی ٹیم پچھلی ون ڈے سیریز کا بدلہ لینے کے لئے کوشش کرے گی شاہینوں کی قیادت اظہر علی جب کہ انگلش ٹیم کے قائد اوئن مورگن ہوں گے انگلش ٹیم کو ٹیسٹ سریز کے تین بہترین ک…,50,top5,
post_phase12_r_dev,R051,aaj Pakistan ka cricket match kahan khela ja raha hai,NAT,,ROMAN,roman_bm25_method_D,2,87425,14.952534675598145,پاکستان کرکٹ ٹیم کل دبئی سے نیوزی لینڈ کے لئے روانہ ہو گی,پاکستان کرکٹ ٹیم کی دو ٹیسٹ میچوں کی سیریز کے لئے کل دبئی سے نیوزی لینڈ کے لئے روانہ ہو گی ویسٹ انڈیز کے خلاف متحدہ عرب امارات میں ہوم سیریز کھیلنے کے بعد اب پاکستان ٹیم کے مشکل امتحان کا اغاز ہونے جا رہا ہے پاکستان ٹیم کل دبئی سے نیوزی لینڈ کے لئے روانہ ہو گی جہاں دو ٹیسٹ میچ کھیلے گی پہلا ٹیسٹ 17 نومبر سے کرائسٹ چرچ جبکہ دوسرا ٹیسٹ 25 نومبر سے ہملٹن میں کھیلا جا ئے گا ٹیسٹ سیریز سے پہلے پاکستان ٹیم نیوزی لینڈ اے کے خلاف نیلسن میں تین روزہ فرسٹ کلاس میچ کھیلے گی کرکٹ نیوزی لینڈ نے میچ کے لیے ا…,50,top5,
post_phase12_r_dev,R051,aaj Pakistan ka cricket match kahan khela ja raha hai,NAT,,ROMAN,roman_bm25_method_D,3,88349,14.790209770202637,ساوتھمپٹن میں پاکستان کاپریکٹس میچ بارش سے شدید متاثر,ساوتھمپٹن میں پاکستان کرکٹ ٹیم کے کیمپ میں جاری تین روزہ پریکٹس میچ بارش سے شدید متاثر ہو رہا ہےدوسرے دن ایک بھی گیند نہ پھینکی جا سکیانگلینڈ سے مقابلے کےلیے ٹیم پاکستان ساوتھمپٹن میں تیاریاں کر رہی ہے لیکن تین روزہ میچ کے پہلے دن بارش کے باعث صرف تین گھنٹے کا کھیل ہو سکا جبکہ دوسرے دن ایک بھی گیند نہ کرائی جا سکی البتہ کھلاڑیوں نے انفرادی طور پر ٹریننگ کیپاکستان اور انگلینڈ کے درمیان ٹیسٹ سیریز کا اغاز 14 جولائی کو لارڈز ٹیسٹ سے ہوگا ساوتھمپٹن میں پاکستان کرکٹ ٹیم کے کیمپ میں جاری تین روزہ پری…,50,top5,
post_phase12_r_dev,R051,aaj Pakistan ka cricket match kahan khela ja raha hai,NAT,,ROMAN,roman_bm25_method_D,4,82498,14.590715408325195,بنگلا دیش کے خلاف اہم میچ کیلئے قومی ٹیم میں بڑی تبدیلیوں کا امکان,لندن کرکٹ ورلڈکپ 2019 میں بنگلا دیش کے خلاف اہم میچ کے لیے پاکستانی ٹیم میں بڑی تبدیلیوں کا امکان ظاہر کیا جا رہا ہےپاکستان کرکٹ ٹیم نے لارڈز کرکٹ گرانڈ میں بھرپور ٹریننگ سیشن کیا فاسٹ بولر وہاب ریاض نے بھی ٹریننگ سیشن میں حصہ لیا انہوں نے ایک بینڈیج کے ساتھ بولنگ کیتاریخی لارڈز کرکٹ گرانڈ میں ٹیم پاکستان نے فزیکل ٹریننگ اور فیلڈنگ سیشن کیا لارڈز کرکٹ گرانڈ سے ملحقہ نرسری گرانڈ میں کرکٹرز نے گھنٹے بولنگ اور بیٹنگ کی مشقیں کیںکوشش ہے کہ میں بیٹنگ اور کیپرنگ میں اچھا کروں بیٹنگ میں رنز بناں کپتان…,50,top5,
post_phase12_r_dev,R051,aaj Pakistan ka cricket match kahan khela ja raha hai,NAT,,ROMAN,roman_bm25_method_D,5,87370,14.195204734802246,دورہ نیوزی لینڈ کیلئے پاکستان ٹیم کی تیاریاں متاثر,پہلے ٹیسٹ سے قبل پاکستان کرکٹ ٹیم کی تیاریاں بری طرح متاثر ہوئی ہیں ٹیم مینجمنٹ 3روزہ میچ بارش کی نظر ہونے پر مایوس ہے پاکستان کرکٹ ٹیم کا دورہ نیوزی لینڈ کا واحد 3روزہ پریکٹس میچ بارش کی نظر ہو گیا ہے نیلسن میں میچ کے تینوں روز بارش کا سلسلہ جاری رہا اور نیوزی لیڈ اے کے خلاف پریکٹس میچ میں ایک بھی گیند نہ پھینکی جا سکی پاکستان ٹیم مینجمنٹ ٹیسٹ سیریز سے قبل پریکٹس میچ بارش کی نذر ہو جانے کی وجہ سے بہت مایوس ہے ان کا کہنا ہے کہ اگر ٹیسٹ سے قبل 3روزہ میچ مل جاتا تو اس کا کچھ اور نعم البدل نہیں ہو…,50,top5,
post_phase12_r_dev,R052,موجودہ ڈالر کی اوپن مارکیٹ قیمت کیا ہے,NAT,,URDU,urdu_bm25,1,65778,25.865205764770508,ڈالر کی قیمت خرید اور قیمت فروخت میں فرق بڑھ گیا,ویب ڈیسک10 اگست 2018 اوپن مارکیٹ میں ڈالر کی قیمت خرید اور قیمت فروخت میں فرق بڑھ گیا ہے تفصیلات کے مطابق اوپن مارکیٹ میں ڈالر کی قیمت خرید ایک سو اکیس روپے جبکہ ڈالر کی قیمت فروخت ایک سو تئیس روپے ہوگئی ہے ویڈیو دیکھنے کےلیے پلے کابٹن دبائیے ایکس چینج کمپنیز کے مطابق انٹر بینک مارکیٹ میں ڈالر کی قدر زیادہ ہونے سے اوپن مارکیٹ میں ڈالر کی قیمتیں غیرمستحکم ہیں مارکیٹ ذرائع کے مطابق انٹربینک مارکیٹ میں ڈالر کی قیمت خرید ایک سو تئیس روپے اسی پیسے اور قیمت فروخت ایک سو چوبیس روپے دس پیسے ہے یہ بھی پ…,50,top5,
post_phase12_r_dev,R052,موجودہ ڈالر کی اوپن مارکیٹ قیمت کیا ہے,NAT,,URDU,urdu_bm25,2,65867,25.515623092651367,انٹر بینک اور اوپن مارکیٹ میں ڈالر کی قدر یکساں ہو گئی,کراچی18جولائی 2018انٹر بینک اور اوپن مارکیٹ میں ڈالر کی قدر یکساں ہو گئی ہے اوپن مارکیٹ میں ڈالر کی قیمت خرید 128 روپے اور فروخت 130 روپے ہو گئی انٹر بینک میں بھی ڈالر کی یہی قیمت دیکھی گئی ہےاوپن مارکیٹ میں ڈالر کی قیمت خرید 128 روپے اور فروخت 130 روپے ہو گئی ہے گذشتہ روز اوپن مارکیٹ میں ڈالر کی قیمت خرید 128 روپے اور قیمت فروخت 128 روپے 70 پیسے تھی انٹر بینک میں ڈالر کی قیمت خرید 128 روپے اور قیمت فروخت 129 پر برقرارہے یہ بھی پڑھیے انسداد اسمگلنگ مہم کے دوران ایک ارب 68 کروڑ کی اشیا ضبط ڈالر …,50,top5,
post_phase12_r_dev,R052,موجودہ ڈالر کی اوپن مارکیٹ قیمت کیا ہے,NAT,,URDU,urdu_bm25,3,71095,25.50870132446289,اوپن مارکیٹ میں ڈالر مزید روپے مہنگا ہو کر 154 روپے کا ہو گیا,کراچی اوپن مارکیٹ میں ڈالر مزید روپے اضافے سے تاریخ کی نئی بلند ترین سطح 154 روپے پر پہنچ گیا جب کہ انٹربینک مارکیٹ میں ڈالر کی قیمت روپے 27 پیسے اضافے سے 15192 روپے ہو گئیصرافہ مارکیٹ میں سونا بھی مہنگا ہوگیا فی تولہ سونے کی قیمت 600 روپے بڑھی جس کے بعد ایک تولہ سونا 72 ہزار 100 روپے کا ہوگیاگزشتہ روز انٹربینک میں ڈالر ایک روپے 78 پیسے مزید مہنگا ہوکر 149 روپے 65 پیسے جب کہ اوپن مارکیٹ میں ایک روپے مہنگا ہوکر 152 روپے پہنچا تھاایکسچینج کرنسی ایسوسی ایشن کے مطابق اج کاروبار کے اختتام پر اوپن ما…,50,top5,
post_phase12_r_dev,R052,موجودہ ڈالر کی اوپن مارکیٹ قیمت کیا ہے,NAT,,URDU,urdu_bm25,4,64775,25.20364761352539,اوپن مارکیٹ میں ڈالر کی قیمت میں ایک روپے کی کمی,کراچی 22 مئی 2019 ڈالر کی اونچی اڑان تھم گئی اوپن مارکیٹ میں ڈالر کی قیمت میں روپے کی کمی ہوئی اس طرح اوپن مارکیٹ میں ڈالر 153 روپے پر بند ہوا ڈالر کی اونچی اڑان تھم گئی اوپن مارکیٹ میں ڈالر کی قیمت روپے کم ہوگئی سونا بھی 800 روپے سستا ہو گیا امریکی ڈالرکی قدر کم اور روپے کی قیمت بڑھنے لگی اوپن مارکیٹ میں ڈالرکی قیمت میں1 روپے کی کمی ریکارڈ کی گئی اس طرح ڈالر 154روپے سے 153 روپے پر گیا جبکہ انٹربینک مارکیٹ میں ڈالر کی قیمت میں اتار چڑھا دیکھا گیا انٹر بینک مارکیٹ میں ڈالر صرف پیسے کے اضافے سے ڈ…,50,top5,
post_phase12_r_dev,R052,موجودہ ڈالر کی اوپن مارکیٹ قیمت کیا ہے,NAT,,URDU,urdu_bm25,5,61511,25.006847381591797,اوپن مارکیٹ میں ڈالر کی قیمت میں اضافہ,اوپن مارکیٹ میں ڈالر کی قدر میں پیسے کا اضافہ ہوا ہے جس کے بعد نئی قیمت 107روپے 50 پیسے ہوگئی کاروباری ہفتے کے خری روز اوپن مارکیٹ میں ڈالر کی قدر میں اضافہ ہوا ہے ڈالر کی نئی قیمت خرید 106روپے 50 پیسے جبکہ قیمت فروخت 107روپے پیسے ہو گئی ہے انٹر بینک مارکیٹ میں ڈالر کی قدر میں کوئی ردو بدل نہ ہوئی اور اس کی قیمت خرید 104روپے 50 پیسے جبکہ قیمت فروخت 104روپے 70پیسے پر برقرار ہے,50,top5,
post_phase12_r_dev,R053,پٹرول ki qeemat mein kal kya tabdeeli hui,NAT,,MIXED,urdu_bm25,1,38475,11.945455551147461,پشاور میں سستا پٹرول عوام کو مہنگا پڑ گیا بیشتر پمپس پر نایاب,پشاور92 نیوز پشاور میں سستا پٹرول عوام کو مہنگا پڑگیا نویں روز بھی شہر میں پٹرول کا بحران برقرار ہے شہر کے بیشتر پٹرول پمپس پر پٹرول نایاب ہونے پر شہری مارے مارے پھر رہے ہیں پٹرول ملنے کی امید پر بعض فلنگ اسٹیشنز پر گاڑیوں اور موٹرسائیکلز کی لمبی قطاریں لگ گئیں شہر کے چند ایک پٹرول پمپس پر پٹرول ملنے کی امید پر موٹرسائیکلوں اور گاڑیوں کی قطاریں لگ گئیں وزارت پٹرولیم کی جانب سے پٹرول بحران کا ذمہ دارعوام کو قرار دینے پر شہری سیخ پاء ہوگئے شہریوں کا کہنا تھا کہ حکومت عوام کو پٹرول بحران کا ذمہ دا…,50,top5,
post_phase12_r_dev,R053,پٹرول ki qeemat mein kal kya tabdeeli hui,NAT,,MIXED,urdu_bm25,2,75208,11.881705284118652,لاہور پٹرول کی مصنوعی قلت پیدا کرنے پر11پٹرول پمپس سیل,لاہورلاہورکی ضلعی انتظامیہ نے پٹرول کی مصنوعی قلت پیدا کرنے کی کوشش پرشہرمیں11پٹرول پمپس سیل کر دیئے ضلعی انتظامیہ کےترجمان کےمطابق ماڈل ٹاونفیروزپورروڈعلامہ اقبال ٹاون سمیت دیگرعلاقوںمیں پٹرول پمپس پر چھاپے مارے گئے 11پٹرول پمپس کو مصنوعی قلت پیدا کرنے کی کوشش کے الزام میں سربمہر کر دیا گیاڈی سی او لاہور کاکہناہےکہ پٹرول پمپس پر پٹرول کی دستیابی یقینی بنانے کیلئے ٹھوس اقدامات کئے جا رہے ہیں ادھرسیالکوٹ کےعلاقوں پسرورچونڈہ اور گردونواح سے بھی پٹرول پمپس پر پٹرول کی عدم دستیابی کی اطلاعات ملی ہی…,50,top5,
post_phase12_r_dev,R053,پٹرول ki qeemat mein kal kya tabdeeli hui,NAT,,MIXED,urdu_bm25,3,78276,11.8480806350708,ملتانپٹرول کی قیمتوں میں اضافہ کے پیش بیشتر پٹرول پمپس بند,ملتان پٹرول کی قیمتوں میں اضافہ کے پیش نظر ملتان کے بیشتر پٹرول پمپس پر پٹرول کی فروخت بند کردی گئی ہے پٹرول کی فروخت بند ہونے سے شہریوں کو مشکلات کا سامنا کرنا پڑ رہا ہے شہر بھر میں صرف ایسے پمپس پر پٹرول فروخت کیا جارہا ہے جو جن کو براہ راست کمپنیاں خود چلا رہی ہیں اور ان پمپس پر شہریوں کی پٹرول ڈلوانے کے لئے لمبی لمبی لائنیں لگ گئی ہوئی ہیں اور 100 روپے سے زیادہ کا پٹرول نہیں دیا جا رہا اس مشکل سے دوچار شہریوں کا کہنا ہے کہ اگر پٹرول سستا ہو تو قیمتیں کمی نہیں کی جاتیں لیکن اضافہ کے خدشہ پر …,50,top5,
post_phase12_r_dev,R053,پٹرول ki qeemat mein kal kya tabdeeli hui,NAT,,MIXED,urdu_bm25,4,75103,11.71609115600586,فیصل اباد پٹرول مصنوعات کی قیمتوں میں کمی شہریوں کو مہنگی پڑگئی,فیصل ابادفیصل اباد کے شہریوں کو پٹرولیم مصنوعات کی قیمتوں میں کمی مہنگی پڑگئی بیشتر پٹرول پمپ پر فروخت بند کھلے پٹرول پمپس پر شہریوں کی لمبی قطاریں لگ گئیںپٹرولیم مصنوعات کی قیمتوں میں کمی کے بعد فیصل اباد میں اکثر پٹرول پمپ مالکان نے پٹرول کی فروخت بند کردیجس کے باعث شہریوں کو شدید مشکلات کا سامنا کرنا پڑرہا ہے تاہم شہر میں چند پٹرول پمپس کھلے ہیں جہاں شہریوں کی لمبی قطاریں لگ گئی ہیں شہریوں کاکہنا ہے کہ پٹرول پمپس مالکان نے لالچ میں فروخت بند کر رکھی ہے اور مصنوعی قلت پیدا کر کے پرانی قیمتوں …,50,top5,
post_phase12_r_dev,R053,پٹرول ki qeemat mein kal kya tabdeeli hui,NAT,,MIXED,urdu_bm25,5,77577,11.706342697143555,ملتان میں 19 روز سے سی این جی دستیاب نہیں,ملتان ملتان میں 19 روز سے سی این جی تو دستیاب ہے ہی نہیں لیکن اب پٹرول بھی نایاب ہو گیا ہے ملتان سمیت جنوبی پنجاب کے مختلف شہروں میں پٹرول کی قلت ہے ملتان کے بیشتر پٹرول پمپس پر پٹرول نہیں اور جہاں ہے وہاں صارفین کو ان کی طلب سے کم پٹرول دیا جا رہا ہے صارفین کا کہنا ہے کہ موٹر سائیکل سواروں کو سو روپے کا پٹرول جب کہ گاڑی والوں کو پٹرول نہیں دیا جارہااور جن پمپس پر گاڑی والوں کو پٹرول مل رہا ہے وہاں لمبی قطاریں ہیں,50,top5,
post_phase12_r_dev,R054,Pakistan mein mehngai kam kyun nahi ho rahi aur aam admi par asar kya hai,NAT,,ROMAN,roman_bm25_method_D,1,73822,30.051557540893555,تیل قیمتوں کا فائدہ پاکستانی صارفین تک منتقل نہ ہوسکا,لاہوردنیا بھر تیل کی کم قیمت کا فائدہ صارفین کو ملز لیکن پاکستان میں صارفین تک یہ فائدہ منتقل نہ ہو سکا تیل کی قیمت کم ہوئی بھی لیکن اس کا بھی تاجر برادری نے صارفین تک مہنگائی میں کمی نہ لا کر بتا دیا کہ مافیا کس قدر طاقت ور ہے تیل کی قیمتیں گرتے گرتے 30 ڈالر فی بیرل سے بھی کم ہو گئیں امید تھی کہ پاکستان میں یہ کمی صارفین تک ایمانداری سے منتقل ہو گی لیکن ایسا نہ ہوا اس ماہ بھی صرف روپے کمی ہوسکی ماہرین کا کہنا ہے کہ حکومت اپنے اخراجات اور تجارتی خسارہ اس مد سے پورا کر رہی ہے نظام ٹھیک نہ ہوا تو…,50,top5,
post_phase12_r_dev,R054,Pakistan mein mehngai kam kyun nahi ho rahi aur aam admi par asar kya hai,NAT,,ROMAN,roman_bm25_method_D,2,72079,27.43962860107422,لاہورسستے اتوار بازار بھی مہنگائی بازار بن گئے,رمضان المبارک کی امدامدہے لاہور میں شہریوں کی بڑی تعداد نے کھانےپینے کی اشیاءکی خریداری کےلیےرخ کیاسستے اتوار بازاروں کا مگر وہاں قیمتیں دیکھ کر لوگوں کے ہوش اڑ گئے رمضان المبارک میں صرف ایک ہفتہ باقی ہےعام ادمی کا بھرم قائم رکھنے کےلئےلاہورمیں حکومتی سطح پر لگائے گئے سستے اتوار بازار مہنگائی بازار بن گئے شادمان اتوار بازار میں قیمتیں عام ادمی کی پہنچ سےباہر ہیںشہریوں کا کہنا ہے کہ ضلعی انتظامیہ دعوے تو بہت کرتی ہے مگرقیمتوں اور معیار پرکنٹرول کیلئے عملی اقدامات کہیں نظر نہیں اتے لاہور کے اتوار…,50,top5,
post_phase12_r_dev,R054,Pakistan mein mehngai kam kyun nahi ho rahi aur aam admi par asar kya hai,NAT,,ROMAN,roman_bm25_method_D,3,72719,26.455276489257812,ملک بھر میں اشیائے خوردو نوش حکومتی قیمتوں سے مہنگے,نوین علیملک میں اشیائے خوردو نوش دالوں چاول اور چینی کی گرتی ہوئی قیمتوں کے باوجود اوپن مارکیٹ میں چیزوں کی قیمتیں زیادہ ہیں مہنگائی کے جن کو قابو کر نے کے حکومتی دعوے دھرے کے دھرے رہ گئے حکومتی نرخ ناموں میں اشیائے خور دونوش کی قیمتیں بازار کی قیمتوں سے بالکل مختلف دالیں ہوں سبزیاں گوشت یا پھل ہر چیز کی قیمت حکومت کی طے کردی قیمت سے زیادہ ہے محکمہ نظامت زراعت پنجاب کی حالیہ رپورٹ کی کچھ اشیا کا موازنہ کریں تو دال ماش 184 روپے فی کلو جبکہ اوپن مارکیٹ میں 250 روپے 20 کلو اٹے کا تھیلا 655 روپے جب…,50,top5,
post_phase12_r_dev,R054,Pakistan mein mehngai kam kyun nahi ho rahi aur aam admi par asar kya hai,NAT,,ROMAN,roman_bm25_method_D,4,74564,24.183380126953125,رمضان میں پشاور میں مہنگائی کا بے لگام گھوڑا رکنے کا نام ہی نہیں لے رہا,پشاوررمضان المبارک میں پشاور میں مہنگائی کا بے لگام گھوڑا رکنے کا نام ہی نہیں لے رہا دوسری جانب مہنگائی پر قابو پانے کے لیے کوئی عملی اقدامات نظر نہیں ارہےجس کے باعث اشیاء خوردونوش کی قیمتیں اسمان سے باتیں کررہی ہیںپشاور میں رمضان المبارک کے دوران اشیائے خوردونوش کی قیمتیں بدستور عام ادمی کی قوت خرید سے باہر ہیں پھلوں کی قیمتوں میں بےپناہ اضافہ دیکھنے میں ایا ہے سیب کی قیمت 200 روپے فی کلو کے درمیان گردش کررہی ہےاسی طرح ام کھانا بھی عام روزہ داروں کے لئے خواب بن کر رہ گیا ہے,50,top5,
post_phase12_r_dev,R054,Pakistan mein mehngai kam kyun nahi ho rahi aur aam admi par asar kya hai,NAT,,ROMAN,roman_bm25_method_D,5,60587,23.86893081665039,بجٹ 192018 میں غریب عوام کے لیے کیا ہوگا,ویب ڈیسک27 اپریل 2018 نئے مالی سال کا بجٹ قومی اسمبلی میں پیش کیا جائے گا ایسے میں غریب ادمی کی پریشانی مزید بڑھ گئی ہے کہ نئے بجٹ میں عام ادمی کے لیے بھی کچھ ہوگا یا صرف وقتی باتیں ہی ہونگی بجٹ سے مہنگائی کا طوفان ئے گا یا غریب کے ارمان پورے ہوں گے شہریوں کو حکومت سے عوام دوست بجٹ کی امید نہیں ہے مہنگائی کے اس دور میں غریب عوام کے لیے پہلے ہی گھر کا چولہا جلانا مشکل تھا اب حالات مزید ابتر ہو جائیں گے سوچوں میں گم غریب کی تو نیند ہی اڑ گئی ہیں ہر سال کی طرح اس سال بھی حکومتی حلقوں کی جانب سے عو…,50,top5,
post_phase12_r_dev,R055,psl 2026 playoff schedule kab announce hoga,NAT,,ROMAN,roman_bm25_method_D,1,18668,19.96223258972168,کعب اللہ کا غلاف,ہرسال کی طرح اس سال بھی کعب اللہ کا غلاف تبدیل کیا گیا نو ذوالحج کو بیت اللہ میں غلاف کعبہ تبدیل کیا جاتا ہے غلاف کعبہ کو عربی میں کسو الکعبہ کہا جاتا ہے جس کی تبدیلی کاعمل چھ گھنٹوں میں مکمل ہوا خانہ کعبہ کے غلاف کی تبدیلی نماز فجر کے بعد شروع ہوئی اور اس کی تیاری میں روایتی طور پر اس سال بھی 150 کلو گرام چاندی اور سونا جبکہ 670 کلو گرام خالص ریشم کا استعمال کیا گیا سونے اور چاندی سے غلاف پر قرنی یات کی کشیدہ کاری بھی کی گئی ہے تصاویر اے ایف پی اے پی,50,top5,
post_phase12_r_dev,R055,psl 2026 playoff schedule kab announce hoga,NAT,,ROMAN,roman_bm25_method_D,2,84126,19.643722534179688,فٹبال ورلڈکپ2026 کی میزبانی امریکا کینیڈا اور میکسیکو کو مل گئی,تاریخ کے سب سے بڑے فٹبال ورلڈکپ 2026 کی میزبانی امریکا کینیڈا اور میکسیکو مشترکہ طور پر کریں گےروس میں فیفا ورلڈکپ 2018 کا اغاز کل سے ہو گا لیکن اس سے قبل وہیں 2026 ورلڈ کپ فٹبال کے میزبان کا بھی فیصلہ ہو گیا ماسکو میں ہونے والے فیفا کانگریس میں امریکا کینیڈا اور میکسیکو کو 134 ووٹ ملے جب کہ مراکش کے حصے میں 65 ووٹ ئے2026 کا ایونٹ فیفا کی تاریخ کا سب سے بڑا ورلڈکپ ہوگا جس میں 48 ٹیمیں امریکا کینیڈا اور میکسیکو کے میدانوں میں ایکشن میں دکھائی دیں گی2026 کا ورلڈ کپ 34 دنوں تک جاری رہےگا اور اس می…,50,top5,
post_phase12_r_dev,R055,psl 2026 playoff schedule kab announce hoga,NAT,,ROMAN,roman_bm25_method_D,3,55132,19.05584716796875,فٹبال ورلڈکپ2026 امریکامیکسیکو اورکینیڈاکو مشترکہ میزبانی سونپ دی گئی,ماسکو14جون 2016 فٹبال ورلڈکپ2026 کے امریکامیکسیکو اورکینیڈامیں مشترک میزبان ہوں گے مشترک میزبانوں کوفیفاکانگریس میں134 اورمراکش کو65 ووٹ ملے ٹورنامنٹ میں ریکارڈ 48 ممالک شرکت کریں گے ماسکوروس میں گذشتہ روز فٹبال کی عالمی تنظیم فیفاکی68 ویں کانگریس منعقد ہوئیجس میں ارکان نےفٹبالورلڈکپ2026 کی میزبانی کےلئے ووٹ دیئے اپریل 2017 میں امریکامیکسیکواورکینیڈا نے مشترکہ میزبان کےلئے پیشکش جمع کرائی تھیاس کے مقابل مراکش تھا ووٹنگ میں مشترک میزبانوں کے حق میں 134 ووٹ ڈالے گئےمراکش کو65 ووٹ ملےاس طرح ورلڈکپ…,50,top5,
post_phase12_r_dev,R055,psl 2026 playoff schedule kab announce hoga,NAT,,ROMAN,roman_bm25_method_D,4,30560,16.9284610748291,فٹ بال ورلڈکپ2026 کیلئے 48 ٹیموں کی منظوری,فٹ بال کی عالمی گورننگ باڈی فیفا نے ورلڈکپ 2026 میں 32 کے بجائے 48 ٹیموں کو شامل کرنے کے فیصلے کی منظوری دے دی ہے48 ٹیموں کو 16 گروپوں میں تقسیم کیا جائے گا اور ہر گروپ میں تین تین ٹیموں کو رکھا جائے گا 32 ٹیمیں ناک مرحلے میں داخل ہوں گی جبکہ 64 کے بجائے 80 میچز ہوں گے لیکن ٹورنامنٹ کا دورانیہ وہی 32 دن کا ہوگا اور ہر گروپ سے دوٹیمیں ناک مرحلے میں داخل ہوں گی2026 کے ورلڈ کپ میں 48 ٹیموں کی شمولیت کے باوجود دلچسپ امر یہ ہے کہ فائنل تک رسائی کرنے والی ٹیم وہی سات میچ کھیلے گی جب ایونٹ میں 32 ٹیمی…,50,top5,
post_phase12_r_dev,R055,psl 2026 playoff schedule kab announce hoga,NAT,,ROMAN,roman_bm25_method_D,5,31206,14.599864959716797,48 ٹیموں کا فیفا ورلڈ کپ کرانے کی تجویز,فیفا کے صدر گیانی انفنٹینو نے ورلڈ کپ میں توسیع کیلئے اس میں 48 ٹیمیں شامل کرنے کی تجویز پیش کی ہے جس پر 2026 میں عمل درمد کیا جا سکتا ہےگیانی انفنٹینو نے 2026 ورلڈ کپ میں 48 ٹیموں کی شرکت کی تجویز کی تفصیلات بتاتے ہوئے کہا کہ ابتدائی پلے رانڈ میں 16 ٹیمیں صرف ایک میچ کھیل کر وطن واپس لوٹ جائیں گی اور 16 فاتح ٹیمیں ایونٹ کی 16 سیڈڈ ٹیموں کو جوائن کریں گے جس کے بعد گروپ اسٹیج مرحلہ ہو گاکولمبیا کے شہر بگوٹا میں خطاب کرتے ہوئے فیفا کے صدر نے کہا کہ 48 ٹیموں تک توسیع سے دنیا کے مزید ملک اور خطے خو…,50,top5,
post_phase12_r_dev,R056,shaheen shah afridi ki bowling form ka kya haal hai,NAT,,ROMAN,roman_bm25_method_D,1,43214,23.136722564697266,ابوظہبی شاہین شاہ افریدی کو ٹیسٹ کیپ مل گئی,ابو ظہبی 92 نیوز پاکستان کرکٹ ٹیم کے نوجوان شاہین کو ٹیسٹ کیپ مل گئی شاہین شاہ افریدی کو ٹیسٹ کیپ ابوظہبی میں نیوزی لینڈ کےخلاف تیسرے ٹیسٹ میچ سے قبل دی گئی شاہین شاہ افریدی ون ڈے اور ٹی 20 فارمیٹ میں کامیابی کے جھنڈے گاڑ چکے ہیں اور متعددمیچز میں پاکستان کی فتح میں اہم کردار ادا کر چکے ہیں,50,top5,
post_phase12_r_dev,R056,shaheen shah afridi ki bowling form ka kya haal hai,NAT,,ROMAN,roman_bm25_method_D,2,42656,22.889698028564453,شاہین شاہ افریدی کی فارم میں واپسی وسیم اکرم نے ٹپس دیں,برمنگھم 92 نیوز شاہین شاہ افریدی کی فارم میں واپسی اور عمدہ بالنگ کا راز کھل کر سامنے گیا اس شاندار بالنگ کی وجہ کوئی اور نہیں بلکہ پاکستان کے سابق کپتان وسیم اکرم ہیںسوئنگ کے سلطان نے شاہین کوٹپس دیں نیوزی لینڈ کیخلاف میچ سے قبل ماضی کے عظیم ال رانڈر وسیم اکرم نےشاہین فریدی کو مشورہ دیا تھا کہ وہ فل لینتھ پر گیندیں زیادہ کریںانہیں شارٹ پچ گیندوں پر کنٹرول کرنا اوربلے بازوں کیخلاف جارحانہ اپروچ اپنانا ہوگی وسیم اکرم کو لگتا ہے انکے مشورے کام کرگئے شاندار بالنگ پر بوم بوم شاہد فریدی نے ٹویٹ کیا …,50,top5,
post_phase12_r_dev,R056,shaheen shah afridi ki bowling form ka kya haal hai,NAT,,ROMAN,roman_bm25_method_D,3,24851,22.47105598449707,شاہین شاہ افریدی کا ٹی ٹوئنٹی میں مرتبہ وکٹیں حاصل کرنے کا ریکارڈ,پاکستانی کرکٹ ٹیم کے فاسٹ بالر شاہین شاہ افریدی نے نیشنل ٹی ٹوئنٹی کپ کے میچ میں سندھ کے خلاف 21 رنز کے عوض وکٹیں حاصل کیں اور سب سے کم میچوں میں مرتبہ وکٹیں لینے کا ریکارڈ بنا لیاملتان اسٹیڈیم میں شاہین شاہ افریدی اپنی نپی تلی بالنگ کے ذریعے سندھ کے بلے بازوں کو پویلین کی راہ دکھاتے رہے اور ریکارڈ بھی بنالیا شاہین شاہ افریدی نے خرم منظور اعظم خان انور علی سہیل خان اور 90 رنز کی بڑی اننگز کھیلنے والے شرجیل خان کی وکٹ حاصل کییہ بھی پڑھیں نیشنل ٹی ٹوئنٹی کپ خبیر پختونخوا سندھ کی شاندار فتحانہوں ن…,50,top5,
post_phase12_r_dev,R056,shaheen shah afridi ki bowling form ka kya haal hai,NAT,,ROMAN,roman_bm25_method_D,4,84542,21.64685821533203,شاہین شاہ فریدی کو اسٹریلوی بگ بیش لیگ کی ٹیموں کیجانب سے کھیلنے کی پیشکش,شارجہ پاکستان سپر لیگ کی فرنچائز لاہور قلندرز کے نوجوان فاسٹ بولر شاہین شاہ فریدی کی کارکردگی سے غیرملکی ٹیمیں بھی متاثر ہوگئیں اور انہیں اسٹریلوی بگ بیش لیگ کی دو ٹیموں کی جانب سے کھیلنے کی پیشکش ہوئی ہےذرائع کے مطابق 17 سالہ لیفٹ ارم فاسٹ بولر شاہین شاہ فریدی کو بگ بیش کی ٹیموں سے فرز ہیں اور نوجوان فاسٹ بولر کی دونوں ٹیموں سے بات چیت جاری ہے اور وہ اس حوالے سے حتمی فیصلہ جلد کرلیں گےذرائع کا کہنا ہے کہ شاہین شاہ فریدی کو اس سال انگلش کرکٹ کلب میری لیبون کرکٹ کلب ایم سی سی کی جانب سے بھی کھیل…,50,top5,
post_phase12_r_dev,R056,shaheen shah afridi ki bowling form ka kya haal hai,NAT,,ROMAN,roman_bm25_method_D,5,98120,21.417617797851562,حریم شاہ سے قومی کرکٹر بھی محفوظ نہ رہے,ٹک ٹاک سے مقبولیت حاصل کرنے والی حریم شاہ نے سیاسی رہنماں اور متعدد شخصیات کے بعد اب قومی کرکٹ ٹیم کے ایک اہم کھلاڑی کی ویڈیو بھی لیک کر دیحریم شاہ نے مائیکرو بلاگنگ سائٹ ٹوئٹر کے ذریعے قومی ٹیم کے نوجوان فاسٹ بولر شاہین شاہ افریدی کی ایک ویڈیو لیک کیٹک ٹاک اسٹار حریم شاہ نے ویڈیو شیئر کرنے کے ساتھ کیپشن کے ذریعے وضاحت کی کہ اپ میں سے بہت سے لوگ اس بات کو نہیں جانتے ہوں گے میں نے ہی کچھ ماہ قبل کرکٹر شاہین شاہ افریدی کو ایکسپوز کیا تھاحریم شاہ نے قومی کرکٹر پر الزام لگاتے ہوئے مزید کہا کہ جناب …,50,top5,
post_phase12_r_dev,R057,lahore se rawalpindi train ka kiraya kitna hai,NAT,,ROMAN,roman_bm25_method_D,1,50863,18.210294723510742,برلن فلم میلہ گولڈن بیئر ایوارڈ اطالوی ڈائریکٹر کی فلم فائر ایٹ سی کے نام,برلن ویب ڈیسک رنگا رنگ برلن فلم میلہ دس روز تک اپنی رعنائیاں بکھیرنے کے بعد ختم ہو گیا فلم کی ریڈ کارپٹ تقریب کے دوران برلن کا علاقہ پوسٹ ڈیمر کسی میلے کا منظر پیش کر رہا تھا اداکارہ این گرے ہیننگ سین ٹرائن ڈائر ہوم میرل سٹریپ سینتا برجر مائیکل ویر ہووین اور دیگر کی ریڈ کارپٹ پر موجودگی نے تقریب کو چار چاند لگا دیے اطالوی ڈائریکٹر گیان فرانکو روزی کی فلم فائر ایٹ سی کو گولڈن بیئر ایوارڈ دیا گیا سلور بیئر بوسنیا کے ڈائریکٹر ڈینس تناوچ کی فلم ڈیتھ ان سراجیوو کو ملا جبکہ بہترین ڈائریکٹر کا ایوارڈ …,50,top5,
post_phase12_r_dev,R057,lahore se rawalpindi train ka kiraya kitna hai,NAT,,ROMAN,roman_bm25_method_D,2,96989,13.825366973876953,سوپر ٹی 20 ٹورنامنٹ کل سے راولپنڈی میں شروع ہورہا ہے,راولپنڈی سوپر ٹی 20 ٹورنامنٹ کل سے راولپنڈی میں ہوگا شاہد فریدی نے ایونٹ میں شرکت سے معذرت کرلی سوپر ٹی 20 ٹورنامنٹ میں راولپنڈی ریمز اعزاز کا دفاع کرے گی ٹورنامنٹ کیلئے ٹیموں کو گروپوں میں تقسیم کیا گیا ہے گروپ اے میں فیصل باد وولوز پشاور پنتھرز کراچی زیبراز اور لاہور لائنز شامل ہیں گروپ بی دفاعی چیمپئن راولپنڈی ریمز کراچی ڈولفنز سیالکوٹ اسٹالینز اور لاہور ایگلز پر مشتمل ہے کل فیصل باد وولوز کامقابلہ پشاور پینتھرز سے لاہور لائنز کا میچ کراچی زیبراز سے ہوگا دوسری جانب شاہد فریدی نے نجی مصروفیات…,50,top5,
post_phase12_r_dev,R057,lahore se rawalpindi train ka kiraya kitna hai,NAT,,ROMAN,roman_bm25_method_D,3,65656,13.547414779663086,پاکستان ریلوے کا 15 ستمبر سے نئی ٹرین چلانے کا فیصلہ,لاہور12 ستمبر 2018 لاہور اور راولپنڈی کے درمیان 15 ستمبر سے چلنے والی نئی ٹرین کا نام مارگلہ سے راولپنڈی ایکسپریس تبدیل کردیا گیا ہے جبکہ اس ٹرین کا خری اسٹیشن مارگلہ کی بجائے راولپنڈی ہی ہوگا ریلوے انتظامیہ نے 15 ستمبر سے لاہور سے مارگلہ کے درمیان نئی چلنے والی مارگلہ ایکسپریس کے نام اور پہنچنے کے مقام میں تبدیلی کا فیصلہ کیا ہے نئے شیڈول کے مطابق یہ ٹرین اب مارگلہ ایکسپریس کی بجائے راولپنڈی ایکسپریس کے نام سے چلے گی اور لاہور سے مارگلہ ریلوے اسٹیشن کی بجائے راولپنڈی اسٹیشن تک چلے گیراولپنڈی ا…,50,top5,
post_phase12_r_dev,R057,lahore se rawalpindi train ka kiraya kitna hai,NAT,,ROMAN,roman_bm25_method_D,4,44405,13.543216705322266,نیشنل ٹی 20 لاہور وائٹس اور لاہور بلیوز کل فائنل کھیلیں گے,راولپنڈی 92 نیوز راولپنڈی میں کھیلے جانے والے نیشنل ٹی 20 کپ کے سیمی فائنلز میں لاہور وائٹس اورلاہور بلیو نے اپنے اپنے مچیز جیت کر فائنل کیلئے نشستیں پکی کر لیں دونوں ٹیمیں کل فائنل میں مد مقابل ہوں گی راولپنڈی میں کھیلے جانے والے میچ میں لاہور وائٹس کا مقابلہ فیصل اباد سے ہوا جس میں لاہور وائٹس نے فیصل اباد کو 10 رنز سے شکست دے کر باہر کردیادوسرے سیمی فائنل میچ میں لاہور بلیوز اور فاٹا مد مقابل ائے امام الحق اور احمد شہزاد کی شاندار بیٹنگ کی بدولت لاہور بلیوز نے فاٹا کو 222 رنز کا ہدف دیا مگر …,50,top5,
post_phase12_r_dev,R057,lahore se rawalpindi train ka kiraya kitna hai,NAT,,ROMAN,roman_bm25_method_D,5,87804,13.411805152893066,لاہور قلندرز کے ٹرائل شیڈول کے مطابق اج اور کل ہوں گے,منظر نقوی عید کی تعطیلات کے باوجود لاہور قلندرز جاز رائزنگ اسٹار پروگرام کے تحت راولپنڈی میں ٹرائل شیڈول کے مطابق اج اور کل ہی ہوں گے ان دنوں ملک میں کرکٹ کے حوالے سے صرف اور صرف لاہور قلندرز کے جاز رائزنگ اسٹارپروگرام کا چرچا ہےجاز رائزنگ اسٹار پروگرام کے تحت ملک کے مختلف شہروں میں فلوٹس نے باصلاحیت کھلاڑیوں کو دریافت کیا ہے گوجرانوالہ ہو یا گجرات فیصل اباد ہو یا سرگودھا لاہور قلندرز کے کوچز نے ہنر مند کرکٹرز ڈھونڈ ہی لیے ہیں فرنچائز کے سی ای او رانا عاطف کا کہنا ہے کہ اب راولپنڈی میں ٹرائلز 1…,50,top5,
post_phase12_r_dev,R058,Pakistan mein mobile internet speed slow kyun rehti hai,NAT,,ROMAN,roman_bm25_method_D,1,80347,17.330110549926758,رواں برس پاکستان میں موبائل انٹرنیٹ اسپیڈ میں سب سے زیادہ اضافہ,رواں برس دنیا کے سب سے زیادہ بادی والے ممالک میں موبائل انٹرنیٹ اسپیڈ میں بہتری ئی ہے اور پاکستان 56 فیصد اضافے کے ساتھ سر فہرست ہے دنیا کی بڑی انٹرنیٹ اسپیڈ تجزیہ کار کمپنی اسپیڈ ٹیسٹ ڈاٹ نیٹ کی رپورٹ کے مطابق 56 فیصد اضافے کے ساتھ پاکستان کی اوسط انٹرنیٹ اسپیڈ 13 میگا بائٹس فی سیکنڈ ہوگئی ہے رپورٹ کے مطابق بھارت میں موبائل انٹرنیٹ اسپیڈ 42 فیصد اضافے کے ساتھ میگا بائٹس فی سیکنڈ ریکارڈ کی گئی ہے جب کہ برازیل میں موبائل اسپیڈ 28 فیصد جاپان میں 23 فیصد اور امریکا میں 22 فیصد بڑھی ہے دنیا میں موب…,50,top5,
post_phase12_r_dev,R058,Pakistan mein mobile internet speed slow kyun rehti hai,NAT,,ROMAN,roman_bm25_method_D,2,20831,16.90542984008789,سستے ترین موبائل انٹرنیٹ میں بھارت سرفہرست پاکستان کا 33واں نمبر,ایک نئی رپورٹ میں انکشاف ہوا ہے کہ بھارت دنیا میں سب سے سستا موبائل ڈیٹا پیکج فراہم کر رہا ہے جبکہ امریکا اور برطانیہ ان ممالک میں شامل ہیں جہاں ڈیٹا پیکج انتہائی مہنگا ہےبرطانوی ویب سائٹ کی جانب سے مختلف ملکوں میں فراہم کیے جا رہے ڈیٹا پیکج کا تقابلی جائزہ لیا گیا جس میں انکشاف ہوا کہ بھارت دنیا میں سب سے سستا موبائل انٹرنیٹ پیکج فراہم کر رہا ہےمزید پڑھیں موبائل انٹرنیٹ ڈان لوڈ اسپیڈ میں پاکستان کا کونسا نمبربھارت میں ایک جی بی موبائل ڈیٹا 026 ڈالر کا ہے جبکہ برطانیہ میں ایک جی بی کے عوض 666ڈا…,50,top5,
post_phase12_r_dev,R058,Pakistan mein mobile internet speed slow kyun rehti hai,NAT,,ROMAN,roman_bm25_method_D,3,59513,16.523786544799805,موبائل انٹرنیٹ ڈان لوڈ اسپیڈ میں پاکستان کا 116واں نمبر,نیویارک 16 ستمبر 2019 موبائل انٹرنیٹ ڈان لوڈ اسپیڈ میں پاکستان 116ویں نمبر پر گیا غیرملکی خبررساں ادارے نے کہا دنیا بھر میں انٹرنیٹ اسپیڈ کی میپنگ کرنے والے ادارے اوکلا نے دنیا میں موبائل اور براڈ بینڈ انٹرنیٹ اسپیڈ کی فہرست جاری کی ہے موبائل انٹرنیٹ کی فہرست میں جنوبی کوریا 9744 ایم بی پی ایس کی اوسط ڈان لوڈ اسپیڈ کے ساتھ سرفہرست ہے دوسرے نمبر پر سٹریلیا ہے جہاں کی اوسط رفتار 6334 ایم بی پی ایس ہے اس کے بعد قطر 6172 ایم بی پی ایس کے ساتھ تیسرے نمبر پر ہے فہرست میں متحدہ عرب امارات 6124 ایم بی …,50,top5,
post_phase12_r_dev,R058,Pakistan mein mobile internet speed slow kyun rehti hai,NAT,,ROMAN,roman_bm25_method_D,4,19998,16.11227035522461,پاکستان میں موبائل انٹرنیٹ کی رفتار بھارت سے زیادہ بہتر رپورٹ,اگر تو موبائل فون پر ہی انٹرنیٹ استعمال کرنے کے عادی ہیں تو جان لیں کہ اس حوالے سے پاکستان نے بھارت کو پیچھے چھوڑ دیا ہےدنیا بھر میں انٹرنیٹ کی رفتار کی رینکنگ کرنے والی سائٹ اسپیڈ ٹیسٹ کی دسمبر 2019 کی جاری فہرست کے مطابق جنوبی کوریا متحدہ عرب امارات اور قطر وہ ممالک ہیں جو موبائل انٹرنیٹ اسپیڈ اور ڈان لوڈنگ کے حوالے سے سرفہرست ہیں جنوبی کوریا موبائل انٹرنیٹ کی فہرست میں 10318 ایم بی پی ایس کی اوسط ڈان لوڈ اسپیڈ کے ساتھ سرفہرست ہےاس معاملے میں دوسرے نمبر پر متحدہ عرب امارات ہے جہاں کی اوسط رفت…,50,top5,
post_phase12_r_dev,R058,Pakistan mein mobile internet speed slow kyun rehti hai,NAT,,ROMAN,roman_bm25_method_D,5,19895,16.093345642089844,پاکستان میں موبائل فون صارف مرد خواتین کی تعداد میں واضح فرق,اسلام اباد دنیا کے 15 ممالک میں سے موبائل فون کی ملکیت رکھنے والے مرد عورت کی تعداد میں سب سے زیادہ فرق پاکستان میں پایا جاتا ہےڈان اخبار کی رپورٹ کے مطابق یہ بات دنیا بھر میں موبائل اپریٹرز کے مفادات کی نمائندگی کرنے والی تنظیم سی ایس ایم اے کی جاری کردہ رپورٹ میں سامنے ائیرپورٹ کے مطابق موبائل فون پر انٹرنیٹ استعمال کرنے میں مرد اور عورتوں کی تعداد میں فرق اس سے بھی زیادہ ہےمذکورہ رپورٹ میں یہ بات بھی سامنے ائی کہ تقریبا 15 ممالک میں سے صرف برازیل میں موبائل فون کی ملکیت اور موبائل انٹرنیٹ اس…,50,top5,
post_phase12_r_dev,R059,netflix Pakistan subscription price,NAT,,ROMAN,roman_bm25_method_D,1,61386,7.693826675415039,ڈالر کی قیمت میں اضافہ,کراچی 16 مئی 2017 انٹر بینک مارکیٹ میں ڈالر کی قیمت میں 10 پیسے اضافہ ہوگیا ڈالر کی نئی قیمت 106 روپے 40 پیسے ہوگئی اوپن مارکیٹ میں ڈالر کی قیمت خرید میں 10 پیسے کا اضافہ ہوا ہے جس کے بعد نئی قیمت 105 روپے 85 پیسے ہوگئی ہے جبکہ انٹربینک مارکیٹ میں ڈالر کی قیمت 10 پیسے اضافے کے بعد 106 روپے 40 پیسے ہوگئی ہے دوسری جانب اوپن مارکیٹ میں برطانوی پانڈ کی قیمت میں بھی 25 پیسے کا اضافہ ہوا ہے جس کے بعد اس کی نئی قیمت خرید 136 روپے اور قیمت فروخت 137 روپے 75 پیسے ہوگئی ہے یہ بھی پڑھیے پاکستان دنیا کی اب…,50,top5,
post_phase12_r_dev,R059,netflix Pakistan subscription price,NAT,,ROMAN,roman_bm25_method_D,2,109592,7.6288299560546875,عالمی مارکیٹ میں کمی کے بعد پاکستان میں بھی سونے کی قیمت میں کمی,سونے کی فی تولہ قیمت میں 600 اور 10 گرام میں 514 روپے کی کمی ہوئی عالمی مارکیٹ میں سونے کی قیمت میں کمی کے بعد پاکستان میں بھی سونے کی قیمتوں میں کمی دیکھنے میں ئی ہے ایکسپریس نیوز کے مطابق عالمی مارکیٹ میں سونے کی قیمت میں کمی کے بعد پاکستان میں بھی سونے کی فی تولہ قیمت میں 600 اور 10 گرام سونے کی قیمت میں 514 روپے کی کمی ہوئی ہے عالمی مارکیٹ میں سونےکی قدر 20 ڈالر کم ہوکر 1463 ڈالر فی اونس ہے اور پاکستان میں سونے کی فی تولہ قیمت 86 ہزار 750 روپے ہے جب کہ 10 گرام سونے کی قدر میں 514 روپے کی کم…,50,top5,
post_phase12_r_dev,R059,netflix Pakistan subscription price,NAT,,ROMAN,roman_bm25_method_D,3,71940,7.5326828956604,سونے کی فی تولہ قیمت میں 100روپے کی کمی,عالمی مارکیٹ میں سونے کی قیمت میں کمی کا اثر پاکستان میں سونے کی فی تولہ قیمت 100 روپے کم ہوگئی ال سندھ صرافہ بازار ایسوسی ایشن کے مطابق ملک میں سونے کی تولہ قیمت 100 کم ہو کر 50100 روپے ہوگئی ایسوسی ایشن کے مطابق10 گرام سونے کی قیمت 86 روپے کم ہو کر 42942 روپے ہوگئی جبکہ عالمی مارکیٹ میں سونے کی اونس قیمت ڈالر کم ہو کر 1234 ڈالر ہوگئی عالمی مارکیٹ میں سونے کی قیمت میں کمی کا اثر پاکستان میں سونے کی فی تولہ قیمت 100 روپے کم ہوگئی ال سندھ صرافہ بازار ایسوسی ایشن کے مطابق ملک میں سونے کی تولہ قیم…,50,top5,
post_phase12_r_dev,R059,netflix Pakistan subscription price,NAT,,ROMAN,roman_bm25_method_D,4,63046,7.521690368652344,سونے کی قیمت میں اضافہ,کراچی 12 دسمبر 2020 صرافہ بازار میں فی تولہ سونے کی قیمت میں 350 روپے کا اضافہ ہوا ہے پاکستان صرافہ بازار ایسوسی ایشن کے مطابق سونے کی قیمت میں 350 روپے اضافے کے بعد فی تولہ سونے کی نئی قیمت ایک لاکھ 10 ہزار 880 روپے ہو گئی پاکستان صرافہ بازار ایسوسی ایشن کے مطابق صرافہ مارکیٹ میں 10 گرام سونےکی قیمت میں 300 روپے کا اضافہ ہوا جس کے بعد اس کی نئی قیمت94 ہزار 939 روپے ہو گئی ہے,50,top5,
post_phase12_r_dev,R059,netflix Pakistan subscription price,NAT,,ROMAN,roman_bm25_method_D,5,64016,7.50394344329834,سونے کی قیمت میں ایک بار پھر اضافہ,کراچی 25 جنوری 2020 پاکستان میں ایک بار پھر سونے کی قیمت میں ہوشربا اضافہ ہوگیا سندھ صرافہ بازار جیولرز ایسوسی ایشن کے مطابق عالمی مارکیٹ میں سونے کی قیمت میں اضافے کے باعث پاکستان میں بھی سونا مہنگا ہوگیا ہے عالمی مارکیٹ میں سونے کی قیمت 13 ڈالر اضافے کے ساتھ 1572 ڈالر فی اونس ہوگئی ہے عالمی مارکیٹ میں مہنگائی کے باعث پاکستان میں فی تولہ سونا 650 روپے مہنگا ہو کر 90 ہزار 900 روپے کا تولہ ہوگیا ہے پاکستان میں 10 گرام سونے کی قیمت میں 558 روپے کا اضافہ ہوا ہے اور یہ 77 ہزار 932 روپے کا ہوگیا ہے,50,top5,
post_phase12_r_dev,R060,کراچی mein aaj raat load shedding ka schedule,NAT,,MIXED,urdu_bm25,1,57899,4.645773887634277,کراچی پولو ٹورنامنٹ کا فائنل کراچی ریڈ کی فتح,کراچی پولو ٹورنامنٹ کے فائنل میں کراچی ریڈ نے کراچی بلیک کو دو کے مقابلے میں چھ گول سے شکست دے کرٹورنامنٹ اپنے نام کرلیاجبکہ کور کمانڈر کراچی نے کھلاڑیوں میں انعامات تقسیم کیے ملیر گیریژن میں کھیلے جانے والے کراچی پولو ٹورنامنٹ کے فائنل میں کور کمانڈر کراچی لیفیٹیننٹ جنرل نوید مختارنے بطورمہمان خصوصی شرکت کی جبکہ انکے علاوہ اعلی فوجی اور سول حکام سمیت بڑی تعداد میں لوگوں نے شرکت کی ٹورنامنٹ کے فائنل میچ میں کراچی ریڈ نے کراچی بلیک کو یکطرف مقابلے کے شکست دیکر فتح اپنے نام کی جبکہ میچ کے اختتام …,50,top5,
post_phase12_r_dev,R060,کراچی mein aaj raat load shedding ka schedule,NAT,,MIXED,urdu_bm25,2,111021,4.578675746917725,16ویں مائی کراچی نمائش کا افتتاح ہوگا,نمائش روز تک جاری رہنے کے بعد 7اپریل 2019 کو ختم ہوگی فوٹو فائل کراچی16ویں مائی کراچی نمائش کا افتتاح ایکسپو سینٹر کراچی میں ہوگا کراچی چیمبر اف کامرس اینڈ انڈسٹری کے تحت16ویں مائی کراچی نمائش کا افتتاح ایکسپو سینٹر کراچی میں ہوگا جس میں ملکی وغیر ملکی نمائش کنندگان تقریبا 10لاکھ سے زائدافراد کے سامنے اپنی خدمات اور مصنوعات کی تشہیر کریں گے نمائش روز تک جاری رہنے کے بعد 7اپریل 2019 کو ختم ہوگی یہ نمائش بزنس ٹو بزنس اور بزنس ٹو کنزیومر میٹنگز کے حوالے سے ایک بہترین پلیٹ فارم ثابت ہوگی اور ساتھ ہ…,50,top5,
post_phase12_r_dev,R060,کراچی mein aaj raat load shedding ka schedule,NAT,,MIXED,urdu_bm25,3,62963,4.5757246017456055,بارہویں مائی کراچی نمائش کا اغاز,بین الاقوامی سطح پر کراچی کے مثبت تاثر کو اجاگر کرنے کی غرض سے بارہویں مائی کراچی نمائش کا کراچی ایکسپو سینٹر میں اغاز ہوگیا نمائش دس تا بارہ اپریل جاری رہے گی کراچی ایکسپو سینٹر میں بارہویں بین الاقوامی مائی کراچی نمائش جاری ہے نمائش کی افتتاحی تقریب میں مہمان خصوصی وزیر اعلی سندھ کمشنر کراچی اور صنعت تجارت سے تعلق رکھنے والی شخصیات شریک تھیں افتتاحی تقریب سے خطاب کرتے ہوئے وزیر اعلی سندھ قائم علی شاہ کا کہنا تھا کہ ایسی نمائش سے کراچی کا سافٹ امیج اجاگر ہوگا اور میڈ ان پاکستان مصنوعات کو فروغ…,50,top5,
post_phase12_r_dev,R060,کراچی mein aaj raat load shedding ka schedule,NAT,,MIXED,urdu_bm25,4,65584,4.566045761108398,میئر کراچی کی ورلڈ بینک کے وفد سے ملاقات,کراچی03 اکتوبر2018میئر کراچی وسیم اختر سے ورلڈ بینک کے وفد سے ملاقات کی ہے جس کی صدارت عالمی بینک ڈائریکٹر ورلڈ بینک ایلنگون نے کی ورلڈ بینک کے وفد سے ملاقات میں میئر کراچی وسیم اختر نے ورلڈ بینک کے ساتھ بہتر تعاون اور کراچی کی ترقی کی امید کا اظہار کیا اس موقع پر میئر کراچی وسیم اختر نے بتایا گذشتہ دو سالوں میں کراچی میں بہتر تعاون کے ذریعے ترقیاتی کاموں کو گے بڑھایا ہے میئر کراچی کاکہناتھا کہ ہم ہراس شخص اور ادارے سے تعاون کے لئے تیار ہیں جو کراچی کی بہتری چاہتا ہے 68 2018 وسیم اختر کاکہناتھا…,50,top5,
post_phase12_r_dev,R060,کراچی mein aaj raat load shedding ka schedule,NAT,,MIXED,urdu_bm25,5,86673,4.544774532318115,کراچی کنگز نے اسلام اباد یونائیٹڈ کو اٹھ رنز سے ہرادیا,پاکستان سپر لیگ کے اج کھیلے جانے والے دوسرے میں کراچی کنگز نے اسلام ابادیونائیٹڈ کی ٹیم کو اٹھ رنز سے ہرادیا میچ کا فیصلہ ڈک ورتھ لوئس طریقہ کار کے مطابق کیا گیا اسلام اباد نے کراچی کنگز کو جیت کے لیے 91رنز کا ہدف دیاتھا جس پر کراچی کی ٹیم ہدف کے تعاقب میں تھی کہ بارش کی وجہ سے امپائروں نے میچ کا فیصلہ کراچی کے حق میں دیدیا اسطرح بارش کراچی کنگز کے لیے باعث رحمت ثابت ہوئی واضح رہے کہ کراچی کی ٹیم نےایونٹ میں اج پہلا میچ جیتا ہے کراچی کی جانب سے سب سے بڑا اسکور بابر اعظم 47ناٹ ائوٹ تھے انکے علاو…,50,top5,
post_phase12_r_dev,R061,آئی ایم ایف program se awam par kya asraat par rahe hain,NAT,,MIXED,urdu_bm25,1,71352,11.804314613342285,ئی ایم ایف کا پاکستان کی ٹیکس وصولی کی صورتحال پرعدم اطمینان کا اظہار,اسلام باد پاکستان اور انٹرنیشنل مانیٹری فنڈ ئی ایم ایف کے درمیان تکنیکی سطح کے مذاکرات مکمل ہونے کے بعد پالیسی سطح کے مذاکرات کا غاز ہوگیا جو 20نومبر تک جاری رہیں گےپالیسی سطح کے مذاکرات میں ئی ایم ایف کے وفد کی سربراہی ہیرالڈ فنگر کررہے ہیںئی ایم ایف نے پاکستان کی ٹیکس وصولی کی صورت حال پر عدم اطمینان کا اظہار کیا ہے اور پاکستان کو مالی خسارے کے مسائل سے نمٹنے کیلئے ٹیکس وصولی میں اضافے کیلئے عملی اقدامات کی ضرورت پر زور دیا ہےذرائع کے مطابق ئی ایم ایف نے ایف بی کی طرف سے ٹیکس نادہندگان کو نوٹ…,50,top5,
post_phase12_r_dev,R061,آئی ایم ایف program se awam par kya asraat par rahe hain,NAT,,MIXED,urdu_bm25,2,65597,11.73912239074707,اسلام اباد ائی ایم ایف کا پاکستان کی معاشی صورتحال پر تشویش کا اظہار,اسلام اباد 29 ستمبر 2018 ئی ایم ایف مشن اور حکومت پاکستان کے درمیان مذاکرات ئی ایم ایف نے پاکستان کی معاشی صورتحال پر تشویش کا اظہار کرتے ہوئے موجودہ معاشی صورتحال غیر تسلی بخش قراردے دی ذرائع کے مطابق ئی ایم ایف نے بجلی اور گیس کی قیمتوں میں بھی مزید اضافے کی بھی تجویز دے دی ئی ایم ایف مشن اور حکومت پاکستان کے درمیان مذاکرات میں ئی ایم ایف نے پاکستان کی معاشی صورتحال پرتشویش کا اظہار کرتے ہوئے موجودہ معاشی صورتحال غیر تسلی بخش قراردے دی ذرائع کے مطابق ئی ایم ایف نے معاشی صورتحال بہتر بنانے کیل…,50,top5,
post_phase12_r_dev,R061,آئی ایم ایف program se awam par kya asraat par rahe hain,NAT,,MIXED,urdu_bm25,3,71342,11.718719482421875,ائی ایم ایف کا پاکستان سے چین کے ساتھ مالی معاونت کی تفصیلات فراہم کرنے کا مطالبہ,اسلام باد عالمی مالیاتی فنڈ ائی ایم ایف نے پاکستان سے چین کے ساتھ مالی معاونت کی تمام تفصیلات فراہم کرنے کا مطالبہ کردیاپاکستان اور ئی ایم ایف کے درمیان کے مذاکرات کا دور بغیر کسی نتیجے کے ختم ہوگیاذرائع کے مطابق مذاکرات میں ائی ایم ایف وفد نے مطالبہ کیا کہبجلی کی قیمتوں میں 20 فیصد مزید اضافہ کیا جائے اور چین کے ساتھ مالی معاونت کی تمام تفصیلات فراہم کی جائیںذرائع کا کہنا ہے کہ ڈالر کے مقابلے میں روپے کی قدر پر بھی ئی ایم ایف سے اختلاف برقرار ہے جب کہ ایف بی میں اصلاحات کے حوالے سے بھی ئی ایم …,50,top5,
post_phase12_r_dev,R061,آئی ایم ایف program se awam par kya asraat par rahe hain,NAT,,MIXED,urdu_bm25,4,71362,11.71722412109375,ئی ایم ایف کے وفد سے وزارت خزانہ کے مذاکرات کا پہلا دور ختم,اسلام باد عالمی مالیاتی فنڈ ئی ایم ایف کے وفد سے وزارت خزانہ کے مذاکرات کا پہلا دور ختم ہوگیا ئی ایم ایف کا وفد پاکستان کی مالی ضروریات کا جائزہ لے گاذرائع کے مطابق ئی ایم ایف وفد نے وزارت خزانہ حکام کے ساتھ مذاکرات کیے ئی ایم ایف کے ساتھ تکنیکی سطح پر مذاکرات کا غاز ہوا تھا پالیسی سطح کے مذاکرات پیر سے شروع ہوں گےذرائع کے مطابق پاکستان قرض کی مالیت سےمتعلق حتمی تخمینہ مذاکرات کے خر میں پیش کرے گاذرائع کے مطابق پاکستان ئی ایم ایف سے سے ارب ڈالر قرض کی درخواست کرسکتا ہے پاکستان اور ئی ایم ایف کے…,50,top5,
post_phase12_r_dev,R061,آئی ایم ایف program se awam par kya asraat par rahe hain,NAT,,MIXED,urdu_bm25,5,76714,11.673086166381836,ئی ایم ایف کی پاکستان کیلئے67ارب ڈالرقرضے کی منظور,اسلام بادئی ایم ایف نے پاکستان کیلئے67ارب ڈالرقرضے کی منظوری دے دیئی ایم ایف کے اعلامیے کے مطابق پاکستان کویہ قرضہ3سال میں دیا جائے گاپاکستان کی معاشی حالات کی درستی کیلئے یہ قرضہ دیاگیا ہےئی ایم ایف کاکہنا ہے کہ پاکستان کوپہلی قسط54کروڑڈالرکی فوری طور پر دی جائے گیپاکستان کوبقیہ رقم ہر3ماہ بعد دی جائے گیئی ایم ایف کا کہنا تھا کہ پہلی قسط کے بعدپاکستان کی معاشی صورتحال کاجائزہ لینے کے بعدئی ایم ایف مزید رقم دے گائی ایم ایف نے امید ظاہر کی کہ اس قرضے سے پاکستان کی معاشی حالت میں بہتری اورمالیاتی…,50,top5,
post_phase12_r_dev,R062,5G Pakistan mein kab available hogi,NAT,,ROMAN,roman_bm25_method_D,1,18668,19.9918155670166,کعب اللہ کا غلاف,ہرسال کی طرح اس سال بھی کعب اللہ کا غلاف تبدیل کیا گیا نو ذوالحج کو بیت اللہ میں غلاف کعبہ تبدیل کیا جاتا ہے غلاف کعبہ کو عربی میں کسو الکعبہ کہا جاتا ہے جس کی تبدیلی کاعمل چھ گھنٹوں میں مکمل ہوا خانہ کعبہ کے غلاف کی تبدیلی نماز فجر کے بعد شروع ہوئی اور اس کی تیاری میں روایتی طور پر اس سال بھی 150 کلو گرام چاندی اور سونا جبکہ 670 کلو گرام خالص ریشم کا استعمال کیا گیا سونے اور چاندی سے غلاف پر قرنی یات کی کشیدہ کاری بھی کی گئی ہے تصاویر اے ایف پی اے پی,50,top5,
post_phase12_r_dev,R062,5G Pakistan mein kab available hogi,NAT,,ROMAN,roman_bm25_method_D,2,87540,7.055657386779785,پی ایس ایل دوسرا ایڈیشن اج کھلاڑیوں کی ڈرافٹنگ ہوگی,عتیق الرحمان پاکستان سوپر لیگ کے دوسرے ایڈیشن کی ڈرافٹنگ اج دبئی میں ہوگی دنیائے کرکٹ کے 414کھلاڑیوں کو مختلف کیٹگری میں تقسیم کیا گیا ہے پاکستان سوپر لیگ کا دوسرا ایڈیشن کے پلئیر رافٹنگ کی تقریب اج دبئی میں ہوگی ڈرافٹنگ کی فہرست میں دنیائے کرکٹ کے کئی نامور کھلاڑی موجود ہیں پلاٹینیم کیٹگری میں 9پاکستانی اور 19غیر ملکی کھلاڑی شامل ہیں عتیق الرحمان پاکستان سوپر لیگ کے دوسرے ایڈیشن کی ڈرافٹنگ اج دبئی میں ہوگی دنیائے کرکٹ کے 414کھلاڑیوں کو مختلف کیٹگری میں تقسیم کیا گیا ہے پاکستان سوپر لیگ کا دوسر…,50,top5,
post_phase12_r_dev,R062,5G Pakistan mein kab available hogi,NAT,,ROMAN,roman_bm25_method_D,3,87034,7.007014274597168,خواتین قومی ویٹ لفٹنگ چیمپئن شپ اج سے شروع ہوگی,تیسری سینئر خواتین قومی ویٹ لفٹنگ چیمپئن شپ اج بدھ سےلاہور میں شروع ہوگی چیمپئن شپ میں پاکستان ارمی پاکستان واپڈا پاکستان ریلوے اسلام اباد اور چاروں صوبوں کی خواتین کھلاڑی شرکت کریں گی فائنل مقابلے جنوری کو ہونگے تیسری سینئر خواتین قومی ویٹ لفٹنگ چیمپئن شپ اج بدھ سےلاہور میں شروع ہوگی چیمپئن شپ میں پاکستان ارمی پاکستان واپڈا پاکستان ریلوے اسلام اباد اور چاروں صوبوں کی خواتین کھلاڑی شرکت کریں گی فائنل مقابلے جنوری کو ہونگے,50,top5,
post_phase12_r_dev,R062,5G Pakistan mein kab available hogi,NAT,,ROMAN,roman_bm25_method_D,4,73476,6.885694980621338,مارگن اسٹینلےنے پاکستان کوابھرتی ہوئی معیشت قراردیدیا,عالمی مالیاتی خدمات فراہم کرنے والے ادارے مارگن اسٹینلے کپیٹل انٹرنیشنل نے پاکستان کوابھرتی ہوئی معیشت قراردے دیا ہےمارگن اسٹینلے نے پاکستان کو امرجنگ مارکیٹ انڈیکس میں شامل کرنے کی منظوری دے دی پاکستان اسٹاک ایکسچینج کی باقاعدہ شمولیت ائندہ سال جون میں ہوگی ایم ایس سی ائی کی جانب سے پاکستان اسٹاک ایکس چینج کو امرجنگ مارکیٹ میں شامل کیے جانے کا اعلان کیا گیا ہے امرجنگ مارکیٹ انڈیکس میں باقاعدہ شمولیت ائندہ سال جون میں ہوگی انڈیکس میں شمولیت کے بعد پاکستان کی 26 کمپنیاں ٹریڈنگ کرسکیں گی عالمی ما…,50,top5,
post_phase12_r_dev,R062,5G Pakistan mein kab available hogi,NAT,,ROMAN,roman_bm25_method_D,5,95368,6.857235908508301,ایشین چیمپئنز ٹرافی قومی ہاکی ٹیم قطر روانہ ہوگی,لاہوردوسری ایشین چیمپئنز ٹرافی میں شرکت کیلئے پاکستان ہاکی ٹیم رات قطر روانہ ہوگی قومی ٹیم پہلا میچ 20دسمبر کو جاپان کے خلاف کھیلے گی18کھلاڑیوں اور 6فیشلز پر مشتمل پاکستان ہاکی ٹیم کا اسکواڈ رات لاہور سے قطر روانہ ہوگادوسری ایشین چیمپئنز ٹرافی 20دسمبر سے شروع ہوگی جس میں چھ ممالک کی ٹیمیں شرکت کرہی ہیں پاکستان ٹیم پہلا میچ 20دسمبر کو جاپان کے خلاف کھیلے گی,50,top5,
post_phase12_r_dev,R063,شہbaz sharif,NAT,,MIXED,urdu_bm25,1,77962,11.45117473602295,پاکستانیوں کی شہ خرچیاںٹیلی کام مصنوعات کیلئے 34ارب کی در مدات,اسلام بادمفلسی کا رونا روتی پاکستانی عوام کی شہ خرچیاں بھی اپنے عروج پر ہیں رواں مالی سال جولائی سے ستمبر تک 34 ارب روپے کی ٹیلی کام مصنوعات درمد کی گئیں جن میں 15 ارب 77 کروڑ روپے کے صرف موبائل فونز ہیںپاکستان شماریات بیورو کے اعداد شمار کے مطابق جولائی سے ستمبر تک 15 ارب 77 کروڑ روپے کے موبائل فونز درمد کیے جو گزشتہ سال کے اسی عرصے کے مقابلے میں ایک ارب 59 کروڑ روپے زیادہ ہیں 18 ارب 54 کروڑ روپے کے ٹیلی فون لات درمد کیے گئے جو گزشتہ سال کی نسبت ارب 51 کروڑ روپے زیادہ رہیںٹیلی کام سیکٹر کی مجم…,50,top5,
post_phase12_r_dev,R063,شہbaz sharif,NAT,,MIXED,urdu_bm25,2,98048,10.852825164794922,کشمیر ہوں میں شہ رگ پاکستان کی یوم یکجہتی کشمیر پر پاک فوج کا خصوصی نغمہ,پاک فوج کے شعبہ تعلقات عامہ ئی ایس پی نے یوم یکجہتی کشمیر کے لیے تیار کیا گیا خصوصی نغمہ کشمیر ہوں میں شہ رگ پاکستان کی ریلیز کر دیابھارتی مظالم کا شکار کشمیریوں سے اظہار یکجہتی کے دن پوری پاکستانی قوم اپنے مظلوم کشمیری بہن بھائیوں کے لیے ہم واز ہے اور واضح پیغام دے رہی ہے کہ پاکستانیوں اور کشمیریوں کے دل ایک ساتھ دھڑکتے ہیںڈی جی ائی ایس پی ار کی جانب سےیوم یکجہتی کشمیر کے موقع پر خصوصی نغمہ کشمیر ہوں میں ریلیز کیا گیا ہے جس کا دورانیہ منٹ 25 ہےکشمیر ہوں میں نغمے میں نامور گلوکار ساحر علی بگا ک…,50,top5,
post_phase12_r_dev,R063,شہbaz sharif,NAT,,MIXED,urdu_bm25,3,61896,10.015493392944336,حکومت کی نئی اٹو پالیسی کے بعد بند پلانٹ بحال ہونا شروع,حکومت کی ٹو پالیسی کام کر گئی گاڑیوں کے بند مینوفیکچرنگ پلانٹ بحال ہونا شروع ہو گئے دیوان فاروق موٹرز پانچ ماہ میں گاڑیوں کی پیداوار شروع کر دے گا حکومت کی متعارف کردہ نئی پانچ سالہ ٹو پالیسی کے باعث بند گاڑیوں کے مینوفیکچرنگ پلانٹس بحال ہونا شروع ہو گئے ہیں تفصیلات کے مطابق دیوان فاروق موٹرز لمیٹیڈ کی بحالی پانچ ماہ میں متوقع ہے کمپنی نے بحالی کے لئے درخواست جمع کرا دی ہے بحالی کے بعد دیوان فاروق موٹرز کیا موٹرز اور سینگ ینگ موٹرز کے اشتراک سے پیداواری عمل شروع کرے گی پہلے مرحلہ میں دیوان فارو…,50,top5,
post_phase12_r_dev,R063,شہbaz sharif,NAT,,MIXED,urdu_bm25,4,87287,9.779701232910156,ڈانس پر فارمنسعمر اکمل کو پھرشہ سرخیوں میں لے ایا,عمر اکمل اپنی بیٹنگ کی بدولت خبروں میں ائیں یا نہ ائیں ان کے ڈانس کا شوق انہیں شہ سرخیوں میں لے ہی اتا ہے بنگلا دیش پریمیئر لیگ میںعمر اکمل اپنی بیٹنگ کے بل پر تو نمایاں نہیں ہو سکے لیکن ان کے ڈانس کا شوق انہیں نمایاں کر گیا سفر کے دوران ٹیم بس میں عمر اکمل نے ڈانس کے خوب جوہر دکھائے ان کا بھرپور ساتھ دیا ویسٹ انڈیز کے سابق کپتان ڈیرن سیمی نے یہ پہلا موقع نہیں جب عمر اکمل نےکرکٹ کے میدان سے باہر کسی دوسری فیلڈ میں اپنی صلاحیتوں کا مظاہرہ کیا ہو ویسے کم تو ڈیرن سیمی بھی نہیں بلکہ سیمی کا ہی کیا …,50,top5,
post_phase12_r_dev,R063,شہbaz sharif,NAT,,MIXED,urdu_bm25,5,18425,9.721548080444336,ہولی وڈ کو سب سے زیادہ کما کردینے والے اداکار,ذاتی زندگی میں 2014 جینیفر لارنس کے لیے زیادہ اچھا نہیں رہا کیونکہ اسکینڈلز کے باعث وہ میڈیا کی شہ سرخیوں میں نظر تی رہیں تاہم ہولی وڈ میں رواں برس اس اداکارہ کے لیے بہترین رہا جس دوران اس نے ہنگرگیمز موکنگ جے اور ایکس مین ڈیز فیوچر پاسٹ جیسی سپر ہٹ فلمیں دیںاب انہیں ہولی وڈ میں اپنے پروڈیوسرز کو سب سے زیادہ کما کر دینے والی اداکارہ کا اعزاز بھی حاصل ہوگیا ہے,50,top5,
post_phase12_r_dev,R064,سونے ki aaj ki qeemat,NAT,,MIXED,urdu_bm25,1,73178,9.275211334228516,سونے کی قیمت میں فی تولہ 100روپے کی کمی,عالمی مارکیٹ میں گزشتہ روز سونے کی فی اونس قیمت میں استحکام دیکھا گیا اور سونے کی فی اونس قیمت1321ڈالر کی سطح پر مستحکم رہی عالمی مارکیٹ میں سونے کے نرخوں میں استحکام کے باوجود مقامی سطح پر سونے کی قیمتوں میں معمولی کمی دیکھی گئی اور فی تولہ سونے کی قیمت100روپے کمی سے51900دس گرام سونے کی قیمت 86روپے کمی سے 44485 روپے رہی جبکہ چاندی کی فی تولہ قیمت 740روپے کی سطح پر مستحکم ریکارڈ کی گئی عالمی مارکیٹ میں گزشتہ روز سونے کی فی اونس قیمت میں استحکام دیکھا گیا اور سونے کی فی اونس قیمت1321ڈالر کی سطح …,50,top5,
post_phase12_r_dev,R064,سونے ki aaj ki qeemat,NAT,,MIXED,urdu_bm25,2,65293,9.227102279663086,کراچی سونے کی قیمت میں اضافہ,کراچی 15 دسمبر 2018 کراچی سونے کی فی تولہ قیمت میں 150 روپے جبکہ دس گرام سونے میں 128 روپے اضافہ ہوا سونے کی قیمت میں 150 روپے کا اضافہ سونے بعد فی تولہ قیمت 66 ہزار 350 روپے ہو گئے دس گرام سونے کی قیمت میں 128 روپے اضافے سے قیمت 56 ہزار 884 روپے ہو گئے عالمی مارکیٹ میں سونے کی قیمتوں میں کوئی کمی بیشی دیکھنے میں نہیں ائی اور قیمت 1239 ڈالر فی اونس رہی یہ بھی پڑھیے مقامی صرافہ مارکیٹوں میں سونے کی قیمتیں تاریخ کی بلند ترین سطح پر سونے کی قیمت تاریخ کی بلند ترین سطح پر,50,top5,
post_phase12_r_dev,R064,سونے ki aaj ki qeemat,NAT,,MIXED,urdu_bm25,3,71940,9.218217849731445,سونے کی فی تولہ قیمت میں 100روپے کی کمی,عالمی مارکیٹ میں سونے کی قیمت میں کمی کا اثر پاکستان میں سونے کی فی تولہ قیمت 100 روپے کم ہوگئی ال سندھ صرافہ بازار ایسوسی ایشن کے مطابق ملک میں سونے کی تولہ قیمت 100 کم ہو کر 50100 روپے ہوگئی ایسوسی ایشن کے مطابق10 گرام سونے کی قیمت 86 روپے کم ہو کر 42942 روپے ہوگئی جبکہ عالمی مارکیٹ میں سونے کی اونس قیمت ڈالر کم ہو کر 1234 ڈالر ہوگئی عالمی مارکیٹ میں سونے کی قیمت میں کمی کا اثر پاکستان میں سونے کی فی تولہ قیمت 100 روپے کم ہوگئی ال سندھ صرافہ بازار ایسوسی ایشن کے مطابق ملک میں سونے کی تولہ قیم…,50,top5,
post_phase12_r_dev,R064,سونے ki aaj ki qeemat,NAT,,MIXED,urdu_bm25,4,71277,9.186023712158203,سونے کی فی تولہ قیمت میں ایک ہی روز میں 1450 روپے کا اضافہ,عالمی مارکیٹ میں سونے کی قدر میں اضافے کے باعث پاکستان میں بھی سونے کی قیمت میں ایک ہی روز میں 1450 روپے کا اضافہ ہو گیاسندھ صرانہ بازار ایسوسی ایشن کے مطابق ایک دن میں سونے کی قیمت میں دو مرتبہ اضافہ ہوا فی تولہ سونے پر پہلے 850 روپے بڑھے اور پھر سونے کی قیمت میں 600 روپے کا اضافہ ہوا اس طرح مجموعی طور پر مطابق کاروباری دن میں سونے کی قدر 1450 روپے بڑھی ہےصدر سندھ صرافہ بازار ایسوسی ایشن ہارون چاند کے مطابق قیمتوں میں کمی بیشی معمول سے زائد ہونے پر دو بار سونے کی اختتامی قیمت جاری کرنے کا رواج…,50,top5,
post_phase12_r_dev,R064,سونے ki aaj ki qeemat,NAT,,MIXED,urdu_bm25,5,111418,9.185640335083008,سونے کی فی تولہ قیمت میں اضافہ,فی تولہ سونے کی قیمت150روپے اضافے سے67250دس گرام سونے کی قیمت 115روپے اضافے سے 57642روپے رہی فوٹو فائل کراچیعالمی مارکیٹ میں گزشتہ روز سونے کی فی اونس قیمت میں7ڈالرز کا اضافہ رہا اور سونے کی فی اونس قیمت 1307ڈالرز کی سطح پر رہی عالمی مارکیٹ میں سونے کے نرخوں میں اضافے کے باعث مقامی سطح پر بھی سونے کی قیمتوں میں اضافہ دیکھا گیا اور فی تولہ سونے کی قیمت150روپے اضافے سے67250دس گرام سونے کی قیمت 115روپے اضافے سے 57642روپے رہی جبکہ چاندی کی فی تولہ قیمت10روپے اضافے سے 880روپے کی سطح پر ریکارڈ کی گئی,50,top5,
post_phase12_r_dev,R065,Pakistan cricket team recent tours par performance kyun inconsistent hai,NAT,,ROMAN,roman_bm25_method_D,1,87538,8.891670227050781,اسٹریلیا کی ارمی کرکٹ ٹیم کا دورہ پاکستان,سہیل عمران اسٹریلیا کی ارمی کرکٹ ٹیم دورہ پاکستان میں پہلا ٹی ٹونٹی میچ اج کھیلے گی میچ سے قبل مہمان ٹیم نے نیشنل کرکٹ اکیڈمی میں بھرپور ٹریننگ کی کپتان کریگ ہومز کا کہنا ہے کہ پاکستان میں ٹیم کو اعلی سیکورٹی دی گئی ہے اسٹریلیا کی ارمی کرکٹ بارہ کھلاڑیوں اور افیشلز پر مشتمل ہے ارمی نے گزشتہ برس بھی پاکستان کو دورہ کیا تھا مہمان ٹیم نے نیشنل کرکٹ اکیڈمی کے انڈور سکول میں بھرپور ٹریننگ کی سہیل عمران اسٹریلیا کی ارمی کرکٹ ٹیم دورہ پاکستان میں پہلا ٹی ٹونٹی میچ اج کھیلے گی میچ سے قبل مہمان ٹیم نے ن…,50,top5,
post_phase12_r_dev,R065,Pakistan cricket team recent tours par performance kyun inconsistent hai,NAT,,ROMAN,roman_bm25_method_D,2,87394,8.779153823852539,نیلسن پاکستان ٹیم کی نیوزی لینڈ اے کیخلاف بھرپور تیاریاں,نیوزی لینڈ اے کرکٹ ٹیم کے خلاف 3روزہ میچ کےلیے پاکستان کرکٹ ٹیم کی نیلسن میں بھرپور تیاریاں جاری ہیں نیلسن کا موسم ایک بار پھر خوشگوار ہوگیا ہے جس کا پاکستان کرکٹ ٹیم نے بھرپور فائدہ اٹھایا اور گھنٹے پر مشتمل صبح کے سیشن میں ٹریننگ کی ٹیم مینجمنٹ کے مطابق تمام کھلاڑی فٹ ہیں موسم اور کنڈیشنز سے ہم اہنگ ہونے کی کوشش کر رہے ہیں مینجمنٹ مطمئن ہے کہ تیاریاں درست سمت میں جاری ہیں ٹیم مینجمنٹ کا کہنا ہے کہ فزیکل فٹنس اور فیلڈنگ فوکس ہے نیٹ پر بیٹنگ اور بولنگ پر بھی خوب توجہ دی جا رہی ہے پاکستان کرکٹ ٹ…,50,top5,
post_phase12_r_dev,R065,Pakistan cricket team recent tours par performance kyun inconsistent hai,NAT,,ROMAN,roman_bm25_method_D,3,94940,8.777567863464355,سٹریلین کرکٹرزکے دورہ پاکستان کا فیصلہ ٹیم اور بورڈ کو کرنا ہےہائی کمشنر,کراچی پاکستان میں سٹریلوی ہائی کمشنر پیٹر ہیورڈ کا کہنا ہے کہ سٹریلیا کی کرکٹ ٹیم کے دورہ پاکستان سے متعلق فیصلہ سٹریلین کرکٹ بورڈ اور کھلاڑیوں کو کرنا ہے کراچی چیمبر کے دورے کے موقع پر سٹریلوی ہائی کمشنر نے کہا کہ ان کی اپنی خواہش ہے کہ سٹریلوی کرکٹ ٹیم پاکستانی سرزمین پر کرکٹ میچز کھیلے لیکن یہ فیصلہ سٹریلین کرکٹ بورڈ اور کھلاڑیوں کو کرنا ہے انہوں نے کہا کہ پاکستان میں سری لنکن کرکٹ ٹیم پر حملے کی باتیں اب تک وہاں کرکٹ بورڈ اور کھلاڑیوں کیذہن میں ہیں پیٹر ہیورڈ نے مزید کہا کہ اس وقت سٹریلوی ٹ…,50,top5,
post_phase12_r_dev,R065,Pakistan cricket team recent tours par performance kyun inconsistent hai,NAT,,ROMAN,roman_bm25_method_D,4,94522,8.776437759399414,ئر لینڈ کرکٹ ٹیم سیکورٹی کی یقین دھانی پر دورہ پاکستان کیلئے تیار,ڈبلنئرلینڈ کرکٹ ٹیم نے پاکستان کا دورہ کرنے کی خواہش ظاہر کی ہے کرکٹ ئرلینڈ کے چیف ایگزیکٹووارن ڈیو ٹروم کا کہنا ہے کہ سیکورٹی کی یقین دھانی کرائی جائے تو ئرلینڈ ٹیم پاکستان کا دورہ کرنے کیلئے تیار ہےپاکستان کرکٹ ٹیم ان دنوں ئرلینڈ کے دورے پر ہے جہاں دو ون ڈے میچز کی سیریز کا پہلا میچ سنسنی خیز مقابلے بعد ٹائی ہوگیا کرکٹ ئرلینڈ کے چیف ایگزیکٹو وارن ڈیوٹروم نے ایک بیان مین کہا ہے کہ اگر ان کی ٹیم کو پاکستان میں مکمل سیکورٹی کی یقین دھانی کرائی جائے تو وہ پاک سر زمین پر کرکٹ کھیلنے کو تیا ہیںڈیو …,50,top5,
post_phase12_r_dev,R065,Pakistan cricket team recent tours par performance kyun inconsistent hai,NAT,,ROMAN,roman_bm25_method_D,5,87447,8.770745277404785,ویمن کرکٹ ٹیم نیوزی لینڈ کو ہرانے کی صلاحیت رکھتی ہےشہریار خان,پاکستان کرکٹ بورڈ کےچیئرمین شہریار خان کا کہنا ہے کہ ویمن کرکٹ ٹیم نیوزی لینڈ کو ہرانے کی صلاحیت رکھتی ہے نیوزی لینڈ کے دورے کےلیے تیار پاکستان ویمن کرکٹ سے نیشنل کرکٹ اکیڈمی میں چیئرمین پی سی بی شہریار خان نے ملاقات کی اورکھلاڑیوں کو کھیل پر فوکس کرنے کی ہدایت کی ویمن ٹیم کل شب نیوزی لینڈ روانہ ہو گی چیئرمین نے کہا کہ نیوزی لینڈ کرکٹ سے محبت کرنے والی قوم ہے کھلاڑی وہاں ہار جیت سے بالاتر ہو کر کھیل پر فوکس کریں اور اچھا کھیل پیش کرنے کی کوشش کرے انہوں نے کہا کہ پاکستان ویمن ٹیم نیوزی لینڈ ٹیم …,50,top5,
post_phase12_r_dev,R066,LUMS undergraduate admission deadline 2026,NAT,,ROMAN,roman_bm25_method_D,1,84126,17.14612579345703,فٹبال ورلڈکپ2026 کی میزبانی امریکا کینیڈا اور میکسیکو کو مل گئی,تاریخ کے سب سے بڑے فٹبال ورلڈکپ 2026 کی میزبانی امریکا کینیڈا اور میکسیکو مشترکہ طور پر کریں گےروس میں فیفا ورلڈکپ 2018 کا اغاز کل سے ہو گا لیکن اس سے قبل وہیں 2026 ورلڈ کپ فٹبال کے میزبان کا بھی فیصلہ ہو گیا ماسکو میں ہونے والے فیفا کانگریس میں امریکا کینیڈا اور میکسیکو کو 134 ووٹ ملے جب کہ مراکش کے حصے میں 65 ووٹ ئے2026 کا ایونٹ فیفا کی تاریخ کا سب سے بڑا ورلڈکپ ہوگا جس میں 48 ٹیمیں امریکا کینیڈا اور میکسیکو کے میدانوں میں ایکشن میں دکھائی دیں گی2026 کا ورلڈ کپ 34 دنوں تک جاری رہےگا اور اس می…,29,top5,
post_phase12_r_dev,R066,LUMS undergraduate admission deadline 2026,NAT,,ROMAN,roman_bm25_method_D,2,55132,16.730907440185547,فٹبال ورلڈکپ2026 امریکامیکسیکو اورکینیڈاکو مشترکہ میزبانی سونپ دی گئی,ماسکو14جون 2016 فٹبال ورلڈکپ2026 کے امریکامیکسیکو اورکینیڈامیں مشترک میزبان ہوں گے مشترک میزبانوں کوفیفاکانگریس میں134 اورمراکش کو65 ووٹ ملے ٹورنامنٹ میں ریکارڈ 48 ممالک شرکت کریں گے ماسکوروس میں گذشتہ روز فٹبال کی عالمی تنظیم فیفاکی68 ویں کانگریس منعقد ہوئیجس میں ارکان نےفٹبالورلڈکپ2026 کی میزبانی کےلئے ووٹ دیئے اپریل 2017 میں امریکامیکسیکواورکینیڈا نے مشترکہ میزبان کےلئے پیشکش جمع کرائی تھیاس کے مقابل مراکش تھا ووٹنگ میں مشترک میزبانوں کے حق میں 134 ووٹ ڈالے گئےمراکش کو65 ووٹ ملےاس طرح ورلڈکپ…,29,top5,
post_phase12_r_dev,R066,LUMS undergraduate admission deadline 2026,NAT,,ROMAN,roman_bm25_method_D,3,31206,14.599864959716797,48 ٹیموں کا فیفا ورلڈ کپ کرانے کی تجویز,فیفا کے صدر گیانی انفنٹینو نے ورلڈ کپ میں توسیع کیلئے اس میں 48 ٹیمیں شامل کرنے کی تجویز پیش کی ہے جس پر 2026 میں عمل درمد کیا جا سکتا ہےگیانی انفنٹینو نے 2026 ورلڈ کپ میں 48 ٹیموں کی شرکت کی تجویز کی تفصیلات بتاتے ہوئے کہا کہ ابتدائی پلے رانڈ میں 16 ٹیمیں صرف ایک میچ کھیل کر وطن واپس لوٹ جائیں گی اور 16 فاتح ٹیمیں ایونٹ کی 16 سیڈڈ ٹیموں کو جوائن کریں گے جس کے بعد گروپ اسٹیج مرحلہ ہو گاکولمبیا کے شہر بگوٹا میں خطاب کرتے ہوئے فیفا کے صدر نے کہا کہ 48 ٹیموں تک توسیع سے دنیا کے مزید ملک اور خطے خو…,29,top5,
post_phase12_r_dev,R066,LUMS undergraduate admission deadline 2026,NAT,,ROMAN,roman_bm25_method_D,4,30560,13.614726066589355,فٹ بال ورلڈکپ2026 کیلئے 48 ٹیموں کی منظوری,فٹ بال کی عالمی گورننگ باڈی فیفا نے ورلڈکپ 2026 میں 32 کے بجائے 48 ٹیموں کو شامل کرنے کے فیصلے کی منظوری دے دی ہے48 ٹیموں کو 16 گروپوں میں تقسیم کیا جائے گا اور ہر گروپ میں تین تین ٹیموں کو رکھا جائے گا 32 ٹیمیں ناک مرحلے میں داخل ہوں گی جبکہ 64 کے بجائے 80 میچز ہوں گے لیکن ٹورنامنٹ کا دورانیہ وہی 32 دن کا ہوگا اور ہر گروپ سے دوٹیمیں ناک مرحلے میں داخل ہوں گی2026 کے ورلڈ کپ میں 48 ٹیموں کی شمولیت کے باوجود دلچسپ امر یہ ہے کہ فائنل تک رسائی کرنے والی ٹیم وہی سات میچ کھیلے گی جب ایونٹ میں 32 ٹیمی…,29,top5,
post_phase12_r_dev,R066,LUMS undergraduate admission deadline 2026,NAT,,ROMAN,roman_bm25_method_D,5,26590,13.325119972229004,بھارت کو فیفا کونسل کی رکنیت مل گئی ورلڈ کپ 2026 پر نظریں مرکوز,بھارتی فٹ بال فیڈریشن کے صدر پرافل پٹیل کو فیفا کی طاقتور کونسل کی رکنیت ملنے کے بعد نئی دہلی نے فٹ بال ورلڈ کپ 2026 کا حصہ بننے کی جانب نظریں مرکوز کر لی ہیںغیر ملکی خبر رساں ادارے اے ایف پی کے مطابق فیفا کونسل کی رکنیت ملنے کے بعد پرافل پٹیل نے امید ظاہر کی کہ اگلے مرحلے میں تمام تر توجہ ورلڈ کپ میں کوالیفائی کرنے کے لیے ہوں گی یہ بھی پڑھیں فیفا نے پاکستان فٹبال فیڈریشن کو فنڈز کی فراہمی روک دی انہوں نے کہا کہبھارت کی کوشش ہوگی کہ فٹ بال ورلڈ کپ 2026 کے لیے بھارتی ٹیم کی کارکردگی بہتر ہو خیال…,29,top5,
post_phase12_r_dev,R067,Pakistani dramas ki stories pehle se kam strong kyun lagti hain,NAT,,ROMAN,roman_bm25_method_D,1,109112,20.462604522705078,سندھ میں کم لاگتی سرکاری ہاسنگ اسکیموں کیلیے سیلز ٹیکس کی چھوٹ,نجی شعبے کی ہاسنگ اسکیمیں اس ترغیب سے استفادہ نہیں کر سکتیں ایڈوائزر فوٹو فائل کراچیحکومت سندھ نے سستے گھروں کی سرکاری اسکیموں کے لیے سیلز ٹیکس کی ترغیب کا اعلان کردیاہے اورکم لاگتی ہاسنگ اسکیموں پر سیلز ٹیکس کی چھوٹ دے دیدی ہے سندھ حکومت نے سرکاری اسکیم پردیے جانے والی خدمات پر 13 فیصد سیلز ٹیکس معاف کردیا ہے سندھ بورڈ اف ریونیو کی جانب سے اس ضمن میں نوٹیفکیشن جاری کردیا گیا ہے جس کے تحت وفاق یا سندھ حکومت کے ہاسنگ پروجیکٹس پر خدمات پر سیلز ٹیکس عائد نہیں ہوگا واضح رہے کہ وفاقی حکومت نے عوام ک…,50,top5,
post_phase12_r_dev,R067,Pakistani dramas ki stories pehle se kam strong kyun lagti hain,NAT,,ROMAN,roman_bm25_method_D,2,109104,12.5139741897583,پراپرٹی ایکسپو شروع پہلے ہی دن عوام کا سیلاب امڈایا,ایکسپومیںایٹین کی جانب سے سرمایہ کاروں کیلیے2ارب ڈالر کے تعمیرات منصوبے کی نمائش کی گئی فوٹو فائل کراچیمقامی رئیل اسٹیٹ کے سرفہرست پورٹل زمین ڈاٹ کام کے تحت روزہ زمین ایکسپو کراچی2020 کراچی ایکسپوسینٹر کے ہال نمبر456 میں شروع ہوگئی نمائش میں پہلے ہی دن عوام سیلاب امڈ ایانمائش میں ملک بھر سے 140سے زائد رئیل اسٹیٹ ڈیولپرز اور بلڈرز نے اپنی بہترین پراپرٹیز نمائش کیلیے پیش کی ہیں جبکہ مختلف ڈیولپرز کی جانب سے نمائش میں پراپرٹی کی ڈیلزپرڈسکانٹس بھی دیے گئے ہیںنمائش میں اورا ڈیولپر سیف گروپ اور کوہست…,50,top5,
post_phase12_r_dev,R067,Pakistani dramas ki stories pehle se kam strong kyun lagti hain,NAT,,ROMAN,roman_bm25_method_D,3,102011,4.107710838317871,جیکولین کی کنگ خان اورمسٹر پرفیکٹ کیساتھ کام کرنے کی خواہش,بولی ووڈکی شاید ہی کوئی ایسی اداکارہ ہو جسے فلم نگری کے خانز کے ساتھ کام کرنے کی خواہش نہ ہو اور ایسی ہی ایک اداکارہ جیکولین فرنانڈس بھی ہیں جو کہ سلمان کے بعد اب شاہ رخ اور عامر کے ساتھ کام کرنے کیلئے پر تولنے لگیں ہیںسری لنکن نژاد اداکارہ جیکولین فرنانڈس ویسے تو کئی برسوں سے بالی وڈ میں ہیں لیکن انہیں اصل شہرت 2014 میں سلمان خان کے ساتھ کک سے ملی اور اب وہ چاہتی ہیں کہ بھارتی فلم نگری کے بادشاہ شاہ رخ خان اورمسٹر پرفیکشنسٹ عامرخان کے ساتھ بھی بڑے پردے پرجلوے بکھیریںایک انٹرویو کے دوران جب جیک…,50,top5,
post_phase12_r_dev,R067,Pakistani dramas ki stories pehle se kam strong kyun lagti hain,NAT,,ROMAN,roman_bm25_method_D,4,42846,4.081188678741455,انڈر ٹیکر فزیکل کنسلٹنٹ بن گئے,نیویارکویب ڈیسک انڈر ٹیکر عالمی شہرت یافتہ ریسلر تھے جو اس کھیل سے ریٹائر ہونے کے بعد اب ایسا کام کر رہے ہیں کہ سن کر لوگوں کی حیرت کی انتہائنہ رہے گی انڈر ٹیکر اکھاڑے میں واپس تے ہیں یا نہیں اس سے قطع نظر وہ ان دنوں ایک اور انوکھا کام کر رہے ہیں اور کام یہ ہے کہ وہ اپنے انسٹاگرام اکائونٹ کے ذریعے لوگوں کو کھانے پینے وزن کم کرنے اور فٹ رہنے سے متعلق ترکیبیں بتا رہے ہیں انسٹاگرام کی ایک پوسٹ میں وہ ایسی مصنوعات دکھا رہے ہوتے ہیں جو وزن کم کرنے کے لیے بنائی گئی ہیں,50,top5,
post_phase12_r_dev,R067,Pakistani dramas ki stories pehle se kam strong kyun lagti hain,NAT,,ROMAN,roman_bm25_method_D,5,11438,4.0637311935424805,خواتین ہدایت کاروں سے سیکھنے کو ملا,بولی وڈ اداکار شاہ رخ خان اپنی زندگی میں موجود ہر خاتون کے شکر گزار ہیں جن میں ایک جگہ ان کی خواتین ہدایت کاروں کی بھی ہےانڈین ایکسپریس کی رپورٹ کے مطابق شاہ رخ خان کا ایک ایونٹ کے دوران اپنی فلم ڈیئر زندگی پر بات کرتے ہوئے کہنا تھا کہ خواتین ہدایت کاروں کے باعث اب ان کا کام مزید اسان ہوگیا ہےانہوں نے کہا کہ ویسے تو میں نے بہت کم خواتین ہدایت کاروں کے ساتھ کام کیا لیکن جن کے ساتھ بھی کیا ان کے ساتھ مجھے کام کرنے کا بےحد مزہ ایا ان کا کام بےحد منفرد ہوتا ہے جس طرح سے یہ سین یا کردار کو سمجھتی ہی…,50,top5,
post_phase12_r_dev,R068,iphone 16 Pakistan price,NAT,,ROMAN,roman_bm25_method_D,1,63614,12.011040687561035,اسٹاک ایکسچینج میں کاروبار 16 پوائنٹس کے اضافے پر بند,کراچی 11 مئی 2020 پاکستان اسٹاک ایکسچینج میں کاروبار کا اختتام 16 پوائنٹس کے اضافے سے ہوا اضافے کے بعد مارکیٹ 33 ہزار 283پر بند ہوئی کاروباری ہفتے کے پہلے روز پاکستان اسٹاک ایکسچینج میں ملا جلا رجحان رہا مارکیٹ 16 پوائنٹس اضافے سے 33 ہزار 283پر بند ہوئی مارکیٹ کی بلند ترین سطح 33316 جبکہ کم ترین سطح 33126 رہی انٹر بینک میں ڈالر کی قیمت میں 11 پیسے کا اضافہ کے بعد ڈالر160روپے پیسے ہر بند ہوا اوپن مارکیٹ میں ڈالرکی قیمت میں استحکام رہا اوپن مارکیٹ میں ڈالر 160 روپے پر مستحکم رہا,50,top5,
post_phase12_r_dev,R068,iphone 16 Pakistan price,NAT,,ROMAN,roman_bm25_method_D,2,65609,11.999550819396973,بجلی روپے 16 پیسے مہنگی کر دی گئی,اسلام باد26 ستمبر 2018 نیپرا نے بجلی کی قیمت میں ایک روپے 16 پیسے اضافے کی منظوری دے دی نیپرا نے بجلی کی قیمت میں ایک روپے 16 پیسے اضافے کی منظوری دیدی ہے قیمت میں اضافہ اگست کی فیول پرائس ایڈجسٹمنٹ کی مد میں کیا گیا اگست میں بجلی کی پیداواری لاگت روپے 91 پیسے فی یونٹ رہی اور صارفین سے اگست میں روپے 75 پیسے فی یونٹ وصول کیے گئے لہذا صارفین پر ئندہ ماہ 16 ارب کا اضافی بوجھ پڑے گاواضح رہے کہ اس سے قبل اقتصادی رابطہ کمیٹی بھی گیس کی قیمتوں میں اضافے کی منظوری دے چکی ہے جس کا اطلاق یکم جولائی سے کی…,50,top5,
post_phase12_r_dev,R068,iphone 16 Pakistan price,NAT,,ROMAN,roman_bm25_method_D,3,61386,11.498275756835938,ڈالر کی قیمت میں اضافہ,کراچی 16 مئی 2017 انٹر بینک مارکیٹ میں ڈالر کی قیمت میں 10 پیسے اضافہ ہوگیا ڈالر کی نئی قیمت 106 روپے 40 پیسے ہوگئی اوپن مارکیٹ میں ڈالر کی قیمت خرید میں 10 پیسے کا اضافہ ہوا ہے جس کے بعد نئی قیمت 105 روپے 85 پیسے ہوگئی ہے جبکہ انٹربینک مارکیٹ میں ڈالر کی قیمت 10 پیسے اضافے کے بعد 106 روپے 40 پیسے ہوگئی ہے دوسری جانب اوپن مارکیٹ میں برطانوی پانڈ کی قیمت میں بھی 25 پیسے کا اضافہ ہوا ہے جس کے بعد اس کی نئی قیمت خرید 136 روپے اور قیمت فروخت 137 روپے 75 پیسے ہوگئی ہے یہ بھی پڑھیے پاکستان دنیا کی اب…,50,top5,
post_phase12_r_dev,R068,iphone 16 Pakistan price,NAT,,ROMAN,roman_bm25_method_D,4,64642,11.360108375549316,سونے کی قیمت میں فی تولہ 1300 روپے کا اضافہ,کراچی 25 جون 2019 سونے کی قیمت میں فی تولہ 1300 روپے اضافہ ہو گیاہے جس کے بعد قیمت پاکستان کی بلند ترین سطح پر پہنچ گئی ہے سونے کے زیوارت بنوانے کے خواہمشند افراد کیلئے نہایت اہم ترین خبر گئی ہے کیونکہ ڈالر کی قیمت کے بعد اب سونا بھی دن بہ دن مہنگا ہوتا چلا گیاہے 1300 روپے فی تولہ اضافے کے ساتھ پاکستان کی بلند ترین سطح 80 ہزار 500 روپے پر پہنچ گیا ہے دس گرام سونے کی قیمت میں ایک ہزار 115 روپے اضافہ ہو گیاہے جس کے بعد اس کی قیمت 69 ہزار 16 روپے ہو ئی ہے,50,top5,
post_phase12_r_dev,R068,iphone 16 Pakistan price,NAT,,ROMAN,roman_bm25_method_D,5,63196,11.349552154541016,سونے کی فی تولہ قیمت میں ایک بار پھر بڑا اضافہ,کراچی 10 اکتوبر 2020 صرافہ بازار میں سونے کی فی تولہ قیمت میں ایک بار پھر بڑا اضافہ ہوا ہے پاکستان صرافہ ایسوسی ایشن کے مطابق سونے کی فی تولہ قیمت میں 1800 روپے کا اضافہ ہوا جس کے بعد اس کی نئی قیمت ایک لاکھ 16 ہزار200 روپے ہو گئی ہے اس کے علاوہ 10 گرام سونے کی قیمت میں 543 روپے کا اضافہ ہوا جس کے بعد اس کی نئی قیمت 99 ہزار623 روپے ہو گئی ہے,50,top5,
post_phase12_r_dev,R069,cristiano ronaldo al nassr news,NAT,,ROMAN,roman_bm25_method_D,1,44476,16.642454147338867,اسٹار فٹبالر رونالڈو کے ہاں بیٹی کی پیدائش,پرتگال 92 نیوز اسٹار فٹبالر رونالڈو کیلئے ایک خوشی اور ایک پریشانی کی خبر ہے رونالڈو کے ہاں ایک بیٹی کی ولادت ہوئی ہے مگر دوسری جانب پرتگالی ماڈل نتاشا رودری گیز نے سٹار فٹبالر سے تعلقات کا دعوی کر دیاہے پرتگالی ماڈل نتاشا رودری گیز نے کہا کہ کرسٹیانو رونالڈو نے اپنی دوست جارجینا سے بے وفائی کی ہے برطانوی میڈیا کے مطابق نتاشا نے الزام لگایا کہ رونالڈو نے انہیں غیر اخلاقی پیغامات بھیجے ہیں پرتگالی ماڈل کے الزامات کے چند گھنٹے بعد ہی رونالڈو کے ہاں بیٹی الانا مارٹینا کی پیدائش ہوئی جس پر رونالڈو …,50,top5,
post_phase12_r_dev,R069,cristiano ronaldo al nassr news,NAT,,ROMAN,roman_bm25_method_D,2,49708,15.275167465209961,کرسٹیانو رونالڈو ایک بار پھر میسی نیمار پر بازی لے گئے,لندن 92 نیوز کرسٹیانو رونالڈو ایک مرتبہ پھر لیونل میسی اور نیمار پر بازی لے گئے سٹار فٹبالر نے مسلسل دوسری اور مجموعی طور پر پانچویں مرتبہ فیفا پلئیر اف دی ایئر کا ایوارڈ جیت لیا لندن میں فیفا ایوارڈز دو ہزار سترہ کا رنگا رنگ میلہ سج گیا جہاں دنیائے فٹبال کے بہترین کھلاڑیوں نے شرکت کر کے تقریب کو چار چاند لگا دئیے فیفا بیسٹ پلئیر اف دی ائیر کی دوڑ میں کرسٹیانو رونالڈو لیونل میسی اور نیمار کے درمیان مقابلہ تھا تاہم پرتگالی سپر سٹار مسلسل دوسری مرتبہ اس اعزاز کے حقدار ٹھہرے گزشتہ پانچ برسوں کے دو…,50,top5,
post_phase12_r_dev,R069,cristiano ronaldo al nassr news,NAT,,ROMAN,roman_bm25_method_D,3,29966,14.58481502532959,جب رونالڈو کا مجسمہ موضوع بحث بن گیا,لزبنپرتگال کے اسٹار فٹبالر کرسٹیانو رونالڈو کے نام سے ائرپورٹ کو منسوب کرنے کی تقریب تنازع کا شکار ہوگئیفرانسیسی خبر رساں ایجنسی کے مطابق بدھ کے روز ریال میڈرڈ فٹبال کلب کی نمائندگی کرنے والے کرسٹیانو رونالڈو کی کھیل کے لیے خدمات کے اعتراف میں پرتگال کی حکومت نے مدیرا ائرپورٹ کو رونالڈو کے نام سے منسوب کرنے کا فیصلہ کیا تھامدیرا وہ جزیرہ ہے کہاں کرسٹیانو رونالڈو کی پیدائش ہوئی تھی اور ایئرپورٹ کا نام تبدیل کرنے کے لیے پروقار تقریب کا انعقاد کیا گیا تھاتقریب کے دوران کرسٹیانو رونالڈو کا پیش کیا …,50,top5,
post_phase12_r_dev,R069,cristiano ronaldo al nassr news,NAT,,ROMAN,roman_bm25_method_D,4,27368,14.048150062561035,رونالڈو پرتگال کے فٹبال اسکواڈ سے باہر,ریپ کے الزامات کا سامنا کرنے والے عالمی شہرت یافتہ فٹبالر کرسٹیانو رونالڈو کو پرتگال کے ائندہ میچوں کے لیے ٹیم اسکواڈ کا حصہ نہیں بنایا گیاواضح رہے کہ روز قبل 34 سالہ سابق امریکی ماڈل کیتھرین مایورگا نے کرسٹیانو رونالڈو پر ریپ کا الزام عائد کرتے ہوئے کہا تھا کہ 2009 میں لاس ویگاس میں عالمی شہرت یافتہ فٹبالر نے ان کا ریپ کیا تھاتاہم کرسٹیانو رونالڈو نے سابق ماڈل اور امریکی شہری کی جانب سے لگائے گئے ریپ کے الزامات کو مسترد کرتے ہوئے انہیں جھوٹا قرار دیا تھامزید پڑھیں سابق امریکی ماڈل کا رونالڈو پ…,50,top5,
post_phase12_r_dev,R069,cristiano ronaldo al nassr news,NAT,,ROMAN,roman_bm25_method_D,5,8143,14.021620750427246,ریپ الزامات کے بعد رونالڈو کے اربوں روپے کے معاہدے خطرے میں,امریکا کی سابق ماڈل اور ٹیچرکیھرین مایورگا کی جانب سے پرتگال کے شہرت یافتہ فٹ بالر کرسٹیانو رونالڈو پر ریپ الزامات لگائے جانے کے بعد فٹ بالر کے اربوں روپے کے کاروباری معاہدے خطرے میں پڑ گئے ہیں33 سالہ فٹ بالر کرسٹیانو رونالڈو سے اربوں روپے کے اشتہاراتی معاہدے کرنے والی عالمی اسپورٹس کمپنیوں نائیکی اور ای اے اسپورٹس نے ان پر ریپ الزامات لگائے جانے پر تشویش کا اظہار کیا ہےگزشتہ ماہ ستمبر میں امریکی ماڈل کیتھرین مایورگا نے کرسٹیانو رونالڈو پر 2009 میں ریپ کا الزام عائد کرتے ہوئے امریکی ریاست نیواڈ…,50,top5,
post_phase12_r_dev,R070,کراچی stock exchange aaj close par kitne points par band hua,NAT,,MIXED,urdu_bm25,1,57899,4.645773887634277,کراچی پولو ٹورنامنٹ کا فائنل کراچی ریڈ کی فتح,کراچی پولو ٹورنامنٹ کے فائنل میں کراچی ریڈ نے کراچی بلیک کو دو کے مقابلے میں چھ گول سے شکست دے کرٹورنامنٹ اپنے نام کرلیاجبکہ کور کمانڈر کراچی نے کھلاڑیوں میں انعامات تقسیم کیے ملیر گیریژن میں کھیلے جانے والے کراچی پولو ٹورنامنٹ کے فائنل میں کور کمانڈر کراچی لیفیٹیننٹ جنرل نوید مختارنے بطورمہمان خصوصی شرکت کی جبکہ انکے علاوہ اعلی فوجی اور سول حکام سمیت بڑی تعداد میں لوگوں نے شرکت کی ٹورنامنٹ کے فائنل میچ میں کراچی ریڈ نے کراچی بلیک کو یکطرف مقابلے کے شکست دیکر فتح اپنے نام کی جبکہ میچ کے اختتام …,50,top5,
post_phase12_r_dev,R070,کراچی stock exchange aaj close par kitne points par band hua,NAT,,MIXED,urdu_bm25,2,111021,4.578675746917725,16ویں مائی کراچی نمائش کا افتتاح ہوگا,نمائش روز تک جاری رہنے کے بعد 7اپریل 2019 کو ختم ہوگی فوٹو فائل کراچی16ویں مائی کراچی نمائش کا افتتاح ایکسپو سینٹر کراچی میں ہوگا کراچی چیمبر اف کامرس اینڈ انڈسٹری کے تحت16ویں مائی کراچی نمائش کا افتتاح ایکسپو سینٹر کراچی میں ہوگا جس میں ملکی وغیر ملکی نمائش کنندگان تقریبا 10لاکھ سے زائدافراد کے سامنے اپنی خدمات اور مصنوعات کی تشہیر کریں گے نمائش روز تک جاری رہنے کے بعد 7اپریل 2019 کو ختم ہوگی یہ نمائش بزنس ٹو بزنس اور بزنس ٹو کنزیومر میٹنگز کے حوالے سے ایک بہترین پلیٹ فارم ثابت ہوگی اور ساتھ ہ…,50,top5,
post_phase12_r_dev,R070,کراچی stock exchange aaj close par kitne points par band hua,NAT,,MIXED,urdu_bm25,3,62963,4.5757246017456055,بارہویں مائی کراچی نمائش کا اغاز,بین الاقوامی سطح پر کراچی کے مثبت تاثر کو اجاگر کرنے کی غرض سے بارہویں مائی کراچی نمائش کا کراچی ایکسپو سینٹر میں اغاز ہوگیا نمائش دس تا بارہ اپریل جاری رہے گی کراچی ایکسپو سینٹر میں بارہویں بین الاقوامی مائی کراچی نمائش جاری ہے نمائش کی افتتاحی تقریب میں مہمان خصوصی وزیر اعلی سندھ کمشنر کراچی اور صنعت تجارت سے تعلق رکھنے والی شخصیات شریک تھیں افتتاحی تقریب سے خطاب کرتے ہوئے وزیر اعلی سندھ قائم علی شاہ کا کہنا تھا کہ ایسی نمائش سے کراچی کا سافٹ امیج اجاگر ہوگا اور میڈ ان پاکستان مصنوعات کو فروغ…,50,top5,
post_phase12_r_dev,R070,کراچی stock exchange aaj close par kitne points par band hua,NAT,,MIXED,urdu_bm25,4,65584,4.566045761108398,میئر کراچی کی ورلڈ بینک کے وفد سے ملاقات,کراچی03 اکتوبر2018میئر کراچی وسیم اختر سے ورلڈ بینک کے وفد سے ملاقات کی ہے جس کی صدارت عالمی بینک ڈائریکٹر ورلڈ بینک ایلنگون نے کی ورلڈ بینک کے وفد سے ملاقات میں میئر کراچی وسیم اختر نے ورلڈ بینک کے ساتھ بہتر تعاون اور کراچی کی ترقی کی امید کا اظہار کیا اس موقع پر میئر کراچی وسیم اختر نے بتایا گذشتہ دو سالوں میں کراچی میں بہتر تعاون کے ذریعے ترقیاتی کاموں کو گے بڑھایا ہے میئر کراچی کاکہناتھا کہ ہم ہراس شخص اور ادارے سے تعاون کے لئے تیار ہیں جو کراچی کی بہتری چاہتا ہے 68 2018 وسیم اختر کاکہناتھا…,50,top5,
post_phase12_r_dev,R070,کراچی stock exchange aaj close par kitne points par band hua,NAT,,MIXED,urdu_bm25,5,86673,4.544774532318115,کراچی کنگز نے اسلام اباد یونائیٹڈ کو اٹھ رنز سے ہرادیا,پاکستان سپر لیگ کے اج کھیلے جانے والے دوسرے میں کراچی کنگز نے اسلام ابادیونائیٹڈ کی ٹیم کو اٹھ رنز سے ہرادیا میچ کا فیصلہ ڈک ورتھ لوئس طریقہ کار کے مطابق کیا گیا اسلام اباد نے کراچی کنگز کو جیت کے لیے 91رنز کا ہدف دیاتھا جس پر کراچی کی ٹیم ہدف کے تعاقب میں تھی کہ بارش کی وجہ سے امپائروں نے میچ کا فیصلہ کراچی کے حق میں دیدیا اسطرح بارش کراچی کنگز کے لیے باعث رحمت ثابت ہوئی واضح رہے کہ کراچی کی ٹیم نےایونٹ میں اج پہلا میچ جیتا ہے کراچی کی جانب سے سب سے بڑا اسکور بابر اعظم 47ناٹ ائوٹ تھے انکے علاو…,50,top5,
post_phase12_r_dev,R071,Lahore mein smog season mein schools band kyun hoti hain aur hukumat kya kar rahi hai,NAT,,ROMAN,roman_bm25_method_D,1,16051,21.50605583190918,خوبرو اداکار نادرہ کی برسی,لولی وڈ کی خوبرو اور با صلاحیت اداکار نادرہ کی انیسویں برسی منائی جا رہی ہے نادرہ کے چہرے کا ہر نقش پر کشش اور سراپا دلکش تھا وہ اپنی تمام تر صلاحیتوں کے ساتھ پردہ سکرین پر کچھ یوں نمودار ہوتی کہ دیکھنے والے دیکھتے ہی رہ جاتے قدرت نے جہاں اداکار کو ہوشربا حسن سے نوازا وہیں اسے جینے کے لئے مختصر عمر عطا کینادرہ کو ہدایت کار یونس ملک نے 1986 میں اپنی فلم خری جنگ میں متعارف کروایا اور یہ بھی اتفاق ہے کہ ہدایت کار الطاف حسین کی فلم نشان پہلے ریلیز ہونے کی وجہ سے نادرہ کی ڈیبیو فلم کہلائی دلکش حسن م…,50,top5,
post_phase12_r_dev,R071,Lahore mein smog season mein schools band kyun hoti hain aur hukumat kya kar rahi hai,NAT,,ROMAN,roman_bm25_method_D,2,66314,19.796127319335938,معروف اسٹیج ٹی وی اور فلم اداکار اشرف راہی چل بسے,لاہور 26 دسمبر 2019 اسٹیج ٹی وی اور فلم اداکار اشرف راہی دل کا دورہ پڑنے سے انتقال کر گئے اشرف راہی کئی برس سے مختلف امراض کا شکار تھے لاہور میں معروف اسٹیج ٹی وی اور فلم اداکار اشرف راہی چل بسے اداکار کو رات کو دل کا دورہ پڑا تھا اسپتال منتقل کیا گیا لیکن جانبر نہ ہو سکے اشرف راہی کئی برس سے مختلف امراض کا شکار تھے ادکاار کو ہیپاٹائٹس شوگر اور دل کے امراض لاحق تھے اشرف راہی نے زندگی کے اخری ایام کسمپرسی میں گزارے انہوں نے اسٹیج کامیڈی سے شہرت حاصل کی,50,top5,
post_phase12_r_dev,R071,Lahore mein smog season mein schools band kyun hoti hain aur hukumat kya kar rahi hai,NAT,,ROMAN,roman_bm25_method_D,3,48092,19.76738166809082,سلطان راہی کی 24ویں برسی منائی جا رہی ہے,لاہور 92 نیوز فن کا سلطان راہی اج اس دنیا میں موجود نہیں مگر ان کی جانداراداکاری کی بازگشت اج بھی سنائی دیتی ہے ان کے مداح اج ان کی 24ویں برسی منارہے ہیں پاکستان میں فن کاسلطان ایک ہی شخص کہلایا جسے سلطان راہی کے نام سے یاد کیا جاتاہے 41 سال تک فلموں کی کامیابی کی ضمانت سمجھے جانے والے سلطان راہی 24 جون 1938 کو اترپردیش میں پیداہوئے سلطان راہی نے اٹھ سو سے زائد فلموں میں اپنی منفرد اداکاری کے جوہر دکھائےجن میں سات سوپنجابیایک سودس اردو فلمیں شامل ہیں سلطان راہی نے ستر کی دہائی میں فلم بشیرا سے …,50,top5,
post_phase12_r_dev,R071,Lahore mein smog season mein schools band kyun hoti hain aur hukumat kya kar rahi hai,NAT,,ROMAN,roman_bm25_method_D,4,5544,19.493074417114258,نامور اداکار اشرف راہی 65 سال کی عمر میں انتقال کرگئے,اسٹیج ڈراموں ٹی وی اور فلموں میں صلاحیتوں کے جوہر دکھانے والے پاکستان کے نامور کامیڈی اداکار اشرف راہی 65 سال کی عمر میں دل کا دورہ پڑنے سے انتقال کرگئےڈان کے مطابق اداکار کو دل کا دورہ پڑنے کے بعد فوری طور پر لاہور کے ایک ہسپتال منتقل کیا گیا جہاں وہ جانبر نہ ہوسکےوہ گزشتہ کئی سالوں سے ذیابیطس اور ہیپاٹائٹس جیسی بیماریوں کا شکار بھی تھےاشرف راہی کی نماز جنازہ لاہور میں ادا کی گئی جہاں ان کے رشتہ داروں اور محلے داروں کے علاوہ کچھ اداکاروں نے بھی شرکت کیمزید پڑھیں عینک والا جن کی واپسیاشرف راہی …,50,top5,
post_phase12_r_dev,R071,Lahore mein smog season mein schools band kyun hoti hain aur hukumat kya kar rahi hai,NAT,,ROMAN,roman_bm25_method_D,5,48389,19.17889976501465,پنجابی فلموں کے سلطان سلطان راہی کو مداحوں سے بچھڑے 23برس بیت گئے,لاہور 92 نیوز پنجابی فلموں کے سلطان سلطان راہی کو راہی ملک عدم ہوئے 23 برس بیت گئے ان کے مداح اج ان کی 23ویں برسی منا رہے ہیں فلموں میں لوگوں کو انصاف دلوانے والے کو خود انصاف نہ مل سکا پاکستان کی پنجابی اور اردو فلموں میں 41 سال تک کامیاب سمجھے جانے والے سلطان راہی اتر پردیش بھارتمیں 24 جون 1938کو پیدا ہوئے سلطان نے اپنے فنی کیرئیر کا اغاز 1955 میں سٹیج ڈراموں سے کیا جبکہ 1956 میں پہلی فلم باغی سے فلمی سفر کی شروعات کی سلطان راہی نے 800سے زائد فلموں میں اپنی منفرد اداکاری کے جوہر دیکھائے جس می…,50,top5,
post_phase12_r_dev,R072,ایشیا کپ 2026 schedule Pakistan,NAT,,MIXED,urdu_bm25,1,26590,22.371503829956055,بھارت کو فیفا کونسل کی رکنیت مل گئی ورلڈ کپ 2026 پر نظریں مرکوز,بھارتی فٹ بال فیڈریشن کے صدر پرافل پٹیل کو فیفا کی طاقتور کونسل کی رکنیت ملنے کے بعد نئی دہلی نے فٹ بال ورلڈ کپ 2026 کا حصہ بننے کی جانب نظریں مرکوز کر لی ہیںغیر ملکی خبر رساں ادارے اے ایف پی کے مطابق فیفا کونسل کی رکنیت ملنے کے بعد پرافل پٹیل نے امید ظاہر کی کہ اگلے مرحلے میں تمام تر توجہ ورلڈ کپ میں کوالیفائی کرنے کے لیے ہوں گی یہ بھی پڑھیں فیفا نے پاکستان فٹبال فیڈریشن کو فنڈز کی فراہمی روک دی انہوں نے کہا کہبھارت کی کوشش ہوگی کہ فٹ بال ورلڈ کپ 2026 کے لیے بھارتی ٹیم کی کارکردگی بہتر ہو خیال…,50,top5,
post_phase12_r_dev,R072,ایشیا کپ 2026 schedule Pakistan,NAT,,MIXED,urdu_bm25,2,84126,21.655916213989258,فٹبال ورلڈکپ2026 کی میزبانی امریکا کینیڈا اور میکسیکو کو مل گئی,تاریخ کے سب سے بڑے فٹبال ورلڈکپ 2026 کی میزبانی امریکا کینیڈا اور میکسیکو مشترکہ طور پر کریں گےروس میں فیفا ورلڈکپ 2018 کا اغاز کل سے ہو گا لیکن اس سے قبل وہیں 2026 ورلڈ کپ فٹبال کے میزبان کا بھی فیصلہ ہو گیا ماسکو میں ہونے والے فیفا کانگریس میں امریکا کینیڈا اور میکسیکو کو 134 ووٹ ملے جب کہ مراکش کے حصے میں 65 ووٹ ئے2026 کا ایونٹ فیفا کی تاریخ کا سب سے بڑا ورلڈکپ ہوگا جس میں 48 ٹیمیں امریکا کینیڈا اور میکسیکو کے میدانوں میں ایکشن میں دکھائی دیں گی2026 کا ورلڈ کپ 34 دنوں تک جاری رہےگا اور اس می…,50,top5,
post_phase12_r_dev,R072,ایشیا کپ 2026 schedule Pakistan,NAT,,MIXED,urdu_bm25,3,55132,20.548049926757812,فٹبال ورلڈکپ2026 امریکامیکسیکو اورکینیڈاکو مشترکہ میزبانی سونپ دی گئی,ماسکو14جون 2016 فٹبال ورلڈکپ2026 کے امریکامیکسیکو اورکینیڈامیں مشترک میزبان ہوں گے مشترک میزبانوں کوفیفاکانگریس میں134 اورمراکش کو65 ووٹ ملے ٹورنامنٹ میں ریکارڈ 48 ممالک شرکت کریں گے ماسکوروس میں گذشتہ روز فٹبال کی عالمی تنظیم فیفاکی68 ویں کانگریس منعقد ہوئیجس میں ارکان نےفٹبالورلڈکپ2026 کی میزبانی کےلئے ووٹ دیئے اپریل 2017 میں امریکامیکسیکواورکینیڈا نے مشترکہ میزبان کےلئے پیشکش جمع کرائی تھیاس کے مقابل مراکش تھا ووٹنگ میں مشترک میزبانوں کے حق میں 134 ووٹ ڈالے گئےمراکش کو65 ووٹ ملےاس طرح ورلڈکپ…,50,top5,
post_phase12_r_dev,R072,ایشیا کپ 2026 schedule Pakistan,NAT,,MIXED,urdu_bm25,4,31206,19.841140747070312,48 ٹیموں کا فیفا ورلڈ کپ کرانے کی تجویز,فیفا کے صدر گیانی انفنٹینو نے ورلڈ کپ میں توسیع کیلئے اس میں 48 ٹیمیں شامل کرنے کی تجویز پیش کی ہے جس پر 2026 میں عمل درمد کیا جا سکتا ہےگیانی انفنٹینو نے 2026 ورلڈ کپ میں 48 ٹیموں کی شرکت کی تجویز کی تفصیلات بتاتے ہوئے کہا کہ ابتدائی پلے رانڈ میں 16 ٹیمیں صرف ایک میچ کھیل کر وطن واپس لوٹ جائیں گی اور 16 فاتح ٹیمیں ایونٹ کی 16 سیڈڈ ٹیموں کو جوائن کریں گے جس کے بعد گروپ اسٹیج مرحلہ ہو گاکولمبیا کے شہر بگوٹا میں خطاب کرتے ہوئے فیفا کے صدر نے کہا کہ 48 ٹیموں تک توسیع سے دنیا کے مزید ملک اور خطے خو…,50,top5,
post_phase12_r_dev,R072,ایشیا کپ 2026 schedule Pakistan,NAT,,MIXED,urdu_bm25,5,27820,17.759273529052734,شمالی امریکا کو 2026 ورلڈ کپ کی میزبانی مل گئی مراکش محروم,شمالی امریکا نے ورلڈ کپ 2026 کی میزبانی کا شرف حاصل کر لیا جہاں مالی وسائل اور سفری سہولیات پر شکوک کے سبب مراکش فٹبال کی تاریخ میں پہلے 48ٹیموں پر مشتمل عالمی کپ کی میزبانی سے محروم ہو گیاامریکا نے 1994 میں ورلڈ کپ کی میزبانی کی تھی اور اب 32سال بعد ایک مرتبہ عالمی کپ کی مشترکہ طور پر میزبانی کرے گا جہاں اس کے ساتھ میکسکو اور کینیڈا 10میچوں کی میزبانی کریں گےبدھ کو ماسکو میں منعقدہ فیفا کانگریس میں 2026 کے عالمی کپ کے لیے ہونے والی ووٹنگ میں شمالی امریکا کو 134 اور مراکش کو 65 ووٹ ملے2018 اور …,50,top5,
post_phase12_r_dev,R073,وفاقی budget 2026 kab present hoga,NAT,,MIXED,urdu_bm25,1,84126,17.146503448486328,فٹبال ورلڈکپ2026 کی میزبانی امریکا کینیڈا اور میکسیکو کو مل گئی,تاریخ کے سب سے بڑے فٹبال ورلڈکپ 2026 کی میزبانی امریکا کینیڈا اور میکسیکو مشترکہ طور پر کریں گےروس میں فیفا ورلڈکپ 2018 کا اغاز کل سے ہو گا لیکن اس سے قبل وہیں 2026 ورلڈ کپ فٹبال کے میزبان کا بھی فیصلہ ہو گیا ماسکو میں ہونے والے فیفا کانگریس میں امریکا کینیڈا اور میکسیکو کو 134 ووٹ ملے جب کہ مراکش کے حصے میں 65 ووٹ ئے2026 کا ایونٹ فیفا کی تاریخ کا سب سے بڑا ورلڈکپ ہوگا جس میں 48 ٹیمیں امریکا کینیڈا اور میکسیکو کے میدانوں میں ایکشن میں دکھائی دیں گی2026 کا ورلڈ کپ 34 دنوں تک جاری رہےگا اور اس می…,50,top5,
post_phase12_r_dev,R073,وفاقی budget 2026 kab present hoga,NAT,,MIXED,urdu_bm25,2,55132,16.731353759765625,فٹبال ورلڈکپ2026 امریکامیکسیکو اورکینیڈاکو مشترکہ میزبانی سونپ دی گئی,ماسکو14جون 2016 فٹبال ورلڈکپ2026 کے امریکامیکسیکو اورکینیڈامیں مشترک میزبان ہوں گے مشترک میزبانوں کوفیفاکانگریس میں134 اورمراکش کو65 ووٹ ملے ٹورنامنٹ میں ریکارڈ 48 ممالک شرکت کریں گے ماسکوروس میں گذشتہ روز فٹبال کی عالمی تنظیم فیفاکی68 ویں کانگریس منعقد ہوئیجس میں ارکان نےفٹبالورلڈکپ2026 کی میزبانی کےلئے ووٹ دیئے اپریل 2017 میں امریکامیکسیکواورکینیڈا نے مشترکہ میزبان کےلئے پیشکش جمع کرائی تھیاس کے مقابل مراکش تھا ووٹنگ میں مشترک میزبانوں کے حق میں 134 ووٹ ڈالے گئےمراکش کو65 ووٹ ملےاس طرح ورلڈکپ…,50,top5,
post_phase12_r_dev,R073,وفاقی budget 2026 kab present hoga,NAT,,MIXED,urdu_bm25,3,31206,14.600555419921875,48 ٹیموں کا فیفا ورلڈ کپ کرانے کی تجویز,فیفا کے صدر گیانی انفنٹینو نے ورلڈ کپ میں توسیع کیلئے اس میں 48 ٹیمیں شامل کرنے کی تجویز پیش کی ہے جس پر 2026 میں عمل درمد کیا جا سکتا ہےگیانی انفنٹینو نے 2026 ورلڈ کپ میں 48 ٹیموں کی شرکت کی تجویز کی تفصیلات بتاتے ہوئے کہا کہ ابتدائی پلے رانڈ میں 16 ٹیمیں صرف ایک میچ کھیل کر وطن واپس لوٹ جائیں گی اور 16 فاتح ٹیمیں ایونٹ کی 16 سیڈڈ ٹیموں کو جوائن کریں گے جس کے بعد گروپ اسٹیج مرحلہ ہو گاکولمبیا کے شہر بگوٹا میں خطاب کرتے ہوئے فیفا کے صدر نے کہا کہ 48 ٹیموں تک توسیع سے دنیا کے مزید ملک اور خطے خو…,50,top5,
post_phase12_r_dev,R073,وفاقی budget 2026 kab present hoga,NAT,,MIXED,urdu_bm25,4,30560,13.615461349487305,فٹ بال ورلڈکپ2026 کیلئے 48 ٹیموں کی منظوری,فٹ بال کی عالمی گورننگ باڈی فیفا نے ورلڈکپ 2026 میں 32 کے بجائے 48 ٹیموں کو شامل کرنے کے فیصلے کی منظوری دے دی ہے48 ٹیموں کو 16 گروپوں میں تقسیم کیا جائے گا اور ہر گروپ میں تین تین ٹیموں کو رکھا جائے گا 32 ٹیمیں ناک مرحلے میں داخل ہوں گی جبکہ 64 کے بجائے 80 میچز ہوں گے لیکن ٹورنامنٹ کا دورانیہ وہی 32 دن کا ہوگا اور ہر گروپ سے دوٹیمیں ناک مرحلے میں داخل ہوں گی2026 کے ورلڈ کپ میں 48 ٹیموں کی شمولیت کے باوجود دلچسپ امر یہ ہے کہ فائنل تک رسائی کرنے والی ٹیم وہی سات میچ کھیلے گی جب ایونٹ میں 32 ٹیمی…,50,top5,
post_phase12_r_dev,R073,وفاقی budget 2026 kab present hoga,NAT,,MIXED,urdu_bm25,5,26590,13.325939178466797,بھارت کو فیفا کونسل کی رکنیت مل گئی ورلڈ کپ 2026 پر نظریں مرکوز,بھارتی فٹ بال فیڈریشن کے صدر پرافل پٹیل کو فیفا کی طاقتور کونسل کی رکنیت ملنے کے بعد نئی دہلی نے فٹ بال ورلڈ کپ 2026 کا حصہ بننے کی جانب نظریں مرکوز کر لی ہیںغیر ملکی خبر رساں ادارے اے ایف پی کے مطابق فیفا کونسل کی رکنیت ملنے کے بعد پرافل پٹیل نے امید ظاہر کی کہ اگلے مرحلے میں تمام تر توجہ ورلڈ کپ میں کوالیفائی کرنے کے لیے ہوں گی یہ بھی پڑھیں فیفا نے پاکستان فٹبال فیڈریشن کو فنڈز کی فراہمی روک دی انہوں نے کہا کہبھارت کی کوشش ہوگی کہ فٹ بال ورلڈ کپ 2026 کے لیے بھارتی ٹیم کی کارکردگی بہتر ہو خیال…,50,top5,
post_phase12_r_dev,R074,mahira khan new film,NAT,,ROMAN,roman_bm25_method_D,1,67109,7.4333882331848145,سہیل خان نے فلم سے اپنے بھائی سلمان خان کی چھٹی کردی,ممبئی 23 اکتوبر 2018 بالی ووڈ اداکار ہدایت کار سہیل خان نے نئی فلم شیرخان سے اپنے بھائی سلمان خان کی چھٹی کردی نامور اداکار سہیل خان نے سال قبل اپنی ہدایت کاری میں بننے والی فلم شیر خان میں اپنے بڑے بھائی سلمان خان کو مرکزی کردار کے لیے حتمی قرار دیا تھا جب کہ معروف کامیڈین کپل شرما کو بھی فلم میں متعارف کیا جانا تھا جوکہ اج کے مشہور کامیڈین ہیں خان فیملی نے ذاتی وجوہات کی بنا پر اس فلم کو بنانے کا ارادہ منسوخ کردیا تھا جس کے بعد فلم جے ہو بنائی گئی جو کہ شائقین کی توقعات پر پورا نہ اتر سکی بھا…,50,top5,
post_phase12_r_dev,R074,mahira khan new film,NAT,,ROMAN,roman_bm25_method_D,2,99924,7.415620803833008,ٹھگ اف ہندوستان نے تینوں خانز کو ملا دیا,عامر خان کی فلم ٹھگ اف ہندوستان میں شاہ رخ خان اور سلمان خان بھی مہمان اداکار کے طور پر کام کریں گےبھارتی فلم نگری کے تینوں خانز عامر خان شاہ رخ خان اور سلمان خان ایک ساتھ کبھی کسی فلم میں کام نہیں کیاسلمان خان نے جب 2015 میں شاہ رخ خان کی فلم دل والے کا ٹریلر شیئر کیا تھا اس کے بعد سے ہی تینوں خانز کی ایک ساتھ کسی فلم میں کام کرنے کی خبریں زیر گردش رہیں اور تینوں خانز نے بھی کئی مرتبہ اچھی اسکرپٹ کی صورت میں ایک ساتھ کام کرنے کی خواہش کا اظہار کیا لیکن اب فلم نگری کے یہ تینوں خانز اپنے مداحوں …,50,top5,
post_phase12_r_dev,R074,mahira khan new film,NAT,,ROMAN,roman_bm25_method_D,3,102222,7.412784576416016,کنگ خان جلد نئی فلم میں کترینہ کے ساتھ نظر ائینگے,بالی ووڈ کے کنگ خان کے فینز تیارہوجائیں بلاک بسٹر فلم فین کے بعدشاہ رخ خان جلد نئی فلم میں باربی ڈول کترینہ کیف کےساتھ بڑے پردے پرنظر ائیں گےمعروف ڈائرکٹر امتیا زعلی نے اپنی انے والی نئی فلم میں کنگ خان کوسائن کرلیاہے فلم کا اسکرپٹ مکمل کر لیاگیا ہےخبریں تھیں کہ ڈائرکٹر امتیاز علی اس فلم میں اداکارہ انوشکا شرما کو کاسٹ کرنا چاہتے تھے مگر کنگ خان کی فرمائش پر کترینہ کیف کو اس فلم میں سائن کر لیاگیا ہے جلد ہی فلم کے نام کااور شوٹنگ کا اعلان کیا جائے گا بالی ووڈ کے کنگ خان کے فینز تیارہوجائیں بلاک…,50,top5,
post_phase12_r_dev,R074,mahira khan new film,NAT,,ROMAN,roman_bm25_method_D,4,68379,7.392622947692871,سلمان خان کی فلم ٹیوب لائٹ کل نمائش کیلئے پیش کی جائے گی,نئی دہلی 22 جون 2017 سلمان خان کی فلم ٹیوب لائٹ کل نمائش کے لئے پیش کی جائے گی سلمان خان اور ان کے بھائی سہیل خان ان دنوں فلم ٹیوب لائٹ کی تشہیر میں مصروف ہیں فلم میں شاہ رخ خان بھی ایکشن میں نظر ائیں گے فلم میں سلمان خان کے بھائی کا کردار ان کے سگے بھائی سہیل خان نبھاتے نظر ائیں گے جو تقریبا سال بعد سلور اسکرین پر جلوہ گر ہوں گے ڈائریکٹر کبیر خان کے مطابق وہ سلمان خان کے بھائی کے روپ میں سہیل خان کی جگہ اکشے کمار کو دیکھنا چاہتے تھے وہ چاہتے تھے کہ یہ کردار کوئی منجھا ہوا اداکار ہی کرے فلم میں…,50,top5,
post_phase12_r_dev,R074,mahira khan new film,NAT,,ROMAN,roman_bm25_method_D,5,101328,7.388480186462402,ماہرہ اور شاہ رخ کی فلم رئیس کا گانا ریلیز کردیا گیا,معروف پاکستانی اداکارہ ماہرہ خان اورشاہ رخ خان کی فلم رئیس کا گانا ریلیز کردیا گیا ہے او ظالما گانے نے شاہ رخ اور ماہرہ کے مداحوں کے دل جیت لیے سب بے چینی سے فلم کی ریلیز کا انتظار کرنے لگے گانے میں ماہرہ خان کی پرفارمنس نے بالی ووڈ نگری کو بھی تعریف کرنے پر مجبور کردیا ہےماہرہ خان اور شاہ رخ خان اسٹارر فلم رئیس 25 جنوری کو ریلیز کی جارہی ہےاس فلم میں ماہرہ خان پہلی بار بالی ووڈ کے کنگ خان کے ساتھ مرکزی کردار ادا کررہی ہیں معروف پاکستانی اداکارہ ماہرہ خان اورشاہ رخ خان کی فلم رئیس کا گانا ریلیز…,50,top5,
post_phase12_r_dev,R075,AI tools ki wajah se Pakistan mein naujawan developers ke liye opportunities ka kya hoga,NAT,,ROMAN,roman_bm25_method_D,1,73972,11.333598136901855,11جنوری کوپاکستان اسٹاک ایکسچینج کاتاریخی افتتاح ہوگا ایس ای سی پی,اسلام اباد سیکیوریٹیز اینڈ ایکسچینج کمیشن اف پاکستان ایس ای سی پی کی جانب سے جاری اعلامیئے میں کہا گیا ہے کہ 11 جنوری کو پاکستان اسٹاک ایکسچینج کاتاریخی افتتاح ہوگا اعلامئے کے مطابق لاہور اسٹاک ایکسچینج کے ٹریڈنگ رائٹ انٹائٹل سرٹیفکیٹ ہولڈرز کو پاکستان اسٹاک ایکسچینج میں شامل کرلیا گیا ہے چیرمین ایس ای سی پی ظفرحجازی کا کہنا ہے کہ 11 جنوری سے پاکستان اسٹاک ایکسچینج کا اغاز کردیا جائےگا اسٹاک مارکیٹوں کےادغام سےمارکیٹ مستحکم ہوگی ٹریڈنگ کا حجم بڑھےگا,50,top5,
post_phase12_r_dev,R075,AI tools ki wajah se Pakistan mein naujawan developers ke liye opportunities ka kya hoga,NAT,,ROMAN,roman_bm25_method_D,2,60357,11.280861854553223,پاکستان کی پہلی ای بائیک متعارف,پاکستان کی پہلی ای بائیک متعارف کرادی گئی جولٹا انٹرنیشنل نامی کمپنی نے حال ہی میں گوادر میں الیکٹرک موٹر سائیکلوں کے تین ماڈل پیش کیے ہیں رپورٹ کے مطابق یہ کمپنی پاکستان میں بجلی سے چلنے والی موٹر سائیکلوں کے تین مختلف ماڈل ای 70 ای 100 اور ای 125 جلد فروخت کے لیے پیش کرے گی اگرچہ ابھی بیشتر تفصیلات طے نہیں ہوسکیں تاہم کمپنی کا کہنا ہے کہ اس کا بنیادی ماڈل یعنی ای 70 پاکستان میں لگ بھگ 35 سے 40 ہزار روپے میں فروخت کے لیے پیش کیا جائے گا عام موٹر سائیکلوں کی طرح کی اس بائیک کے بارے میں کمپنی کا…,50,top5,
post_phase12_r_dev,R075,AI tools ki wajah se Pakistan mein naujawan developers ke liye opportunities ka kya hoga,NAT,,ROMAN,roman_bm25_method_D,3,52443,11.001460075378418,ایشیا کپ ٹی ٹوئنٹی یو اے ای میں ہونے کا امکان,لاہور فروری 2020 ایشیاکپ ٹی ٹوئنٹی ایونٹ ستمبرمیں یواے ای میں ہوگا شارجہ اور دبئی مختصرنوٹس پرایونٹ کے لیے دستیاب ہوں گےٹورنامنٹ میں بھارت کی شمولیت یقینی بنانے کے لیے ایشین کرکٹ کونسل اجلاس میں پاکستان سے ایونٹ کی یواےای منتقلی کےلیے کہاجائےگاجس کےلیے پی سی بی مادہ ہے ایشین کرکٹ کونسل نے گذشتہ اکتوبرمیں اس سال ایشیاکپ کی میزبانی پاکستان کوسونپی تھی سٹریلیا میں شیڈول ٹی ٹوئنٹی ورلڈ کپ کے پیش نظراس بارایشین ایونٹ مختصرطرز کی کرکٹ پرمبنی ہوگا بھارت نے پاکستان نے سے انکار کر دیا ہے خلیجی اخبارکی ر…,50,top5,
post_phase12_r_dev,R075,AI tools ki wajah se Pakistan mein naujawan developers ke liye opportunities ka kya hoga,NAT,,ROMAN,roman_bm25_method_D,4,111085,10.820152282714844,ریون انرجی کا 10 میگا واٹ کے شمسی توانائی منصوبے کا اعلان,بھٹ گیس فیلڈ کے نزدیک یہ پروجیکٹ اکتوبر تک مکمل کرلیا جائے گا مجتبی حیدر فوٹو سوشل میڈیا کراچیریون انرجی لمیٹڈ نے ای این ائی نیو انرجی پاکستان کے لیے 10میگا واٹ کے شمسی توانائی منصوبے کا اعلان کیا ہے ریون انرجی لمیٹڈ نے بھٹ سندھ میں ای این ائی نیو انرجی پاکستان کے لیے 10میگا واٹ کے شمسی توانائی منصوبے کا اعلان کیا ہےاس منصوبے سے حاصل ہونے والی بجلی سائٹ پر استعمال کی جائے گی جس سے نہ صرف گیس کی بچت ہوگی بلکہ ائندہ 10 برسوں کے دوران 1لاکھ 40 ہزار ٹن کے مساوی کاربن ڈائی اکسائیڈ کا اخراج بھی کم ہو…,50,top5,
post_phase12_r_dev,R075,AI tools ki wajah se Pakistan mein naujawan developers ke liye opportunities ka kya hoga,NAT,,ROMAN,roman_bm25_method_D,5,55934,10.409358978271484,پاکستان سے سیریز کے لیے کیوی ٹیم دبئی روانہ,برینڈن مک کلم کی قیادت میں نیوزی لینڈ کرکٹ ٹیم یو اے ای روانہ ہوگئی کیوی ٹیم متحدہ عرب امارات میں پاکستان کے خلاف تین ٹیسٹ دو ٹی ٹوئنٹی اور پانچ ون ڈے میچز کی سیریز کھیلے گی برینڈن مک کلم کی زیر قیادت نیوزی لینڈ کرکٹ ٹیم ویلنگٹن سے براستہ انگلینڈ دبئی روانہ ہوگئی یواے ای میں پاکستان اور نیوزی لینڈ کے درمیان تین ٹیسٹ دو ٹی ٹوئنٹی اور پانچ ون ڈے انٹرنیشنل پر مبنی مکمل سیریز کھیلی جائے گی کیوی ٹیم دورے کا غاز تین نومبر سے شارجہ میں تین روزہ پریکٹس میچ سے کرے گی جبکہ سیریز کا پہلا ٹیسٹ نو نومبر سے …,50,top5,
post_phase12_r_dev,R076,Islamabad ka موسم aaj kaisa hai,NAT,,MIXED,urdu_bm25,1,42714,9.280282020568848,موسم اچھا رہا تو شائقین کرکٹ کو اچھا میچ دیکھنے کو ملے گا سنیل گواسکر,لندن 92 نیوز موسم کے بدلتے تیور سے بھارتی لیجنڈ سنیل گواسکر بھی پریشان ہیں کہتے ہیں اگر کل موسم نے ساتھ دیا تو شائقین کرکٹ کو زبردست میچ دیکھنے کو ملے گا لندن میں 92نیوز سے گفتگو کرتے ہوئے سنیل گواسکر نے میچ پر تبصرہ کیا اور کہا کہ ٹورنامنٹ کا سب سے اہم میچ ہو رہا ہے دونوں ٹیموں کے پاس اچھے کوالٹی کھلاڑی ہیں انڈیا پاکستان کے میچز جب بھی ہوتے ہیں تو بڑے دلچسپ ہوتے ہیں سنیل گواسکر نے کہا کہ پاک بھارت میچ ہمیشہ اخری اوور تک چلتاہے سب سے بڑی بات موسم کی ہے اگر موسم اچھا رہا تو شائقین کرکٹ کو اچھا م…,50,top5,
post_phase12_r_dev,R076,Islamabad ka موسم aaj kaisa hai,NAT,,MIXED,urdu_bm25,2,50869,9.26279067993164,لاہور ہلکی بارش اور گہرے بادلوں سے موسم خوشگوار شہریوں نے پارکوں کی طرف رخ کرلیا,لاہور92نیوزلاہور میں بارش اور گہرے بادلوں نے موسم خوشگوار بنادیا محکمہ موسمیات نے ئندہ چوبیس گھنٹے تک مطلع ابرلود رہنے اور وقفے وقفے سے ہلکی بوندا باندی کی نوید سنا کر شہریوں کو خوش کردیا تفصیلات کےمطابق جمعہ کی صبح برسنے والی بارش نے لاہور شہر کے موسم کو ایک بار پھر ٹھنڈا کردیا ہلکی ہلکی برکھا اور ٹھنڈی ہوا کا مزہ لینے شہریوں کی بڑی تعداد پورا دن گزارنے کی نیت سے کھانے پینے کا سامان لئے پارکوں میں پہنچ گئی کوئی جھولے جھولتا تو کوئی سہانے موسم میں گنگناتا دکھائی دیا طلبہ نے بھی پڑھائی چھوڑ کر د…,50,top5,
post_phase12_r_dev,R076,Islamabad ka موسم aaj kaisa hai,NAT,,MIXED,urdu_bm25,3,50089,9.155472755432129,مری برفباری تو نہ ہوئی لیکن سیاحوں نے فیملیزکے ساتھ خوب لطف اٹھایا,مری92نیوزملکہ کوہسار میں سیاح برفباری کا دن بھر انتطار کرتے رہے برفباری تو نہ ہوئی لیکن سیاحوں نے چھٹی کا دن دوستوں اور فیملیز کے ساتھ مری کے خوبصورت موسم اور دلفریب مناظر کے ساتھ گزارا تفصیلات کےمطابق اتوار کا دن ہو اور موسم بھی ہو سہانہ ایسے میں سیاح مری کا رخ نہ کریں ایسا ہو نہیں سکتا سیاح ائے تو برفباری کی امید کے ساتھ برفباری نہ ہوئی توبھیگے بھیگے موسم اور سرمئی بادلوں سے لطف اندوز ہوتے رہئے ہر منظر نکھرا نکھرا اٹکھیلیاں کرتے سرمئی بادل بھیگا بھیگا موسم ملکہ کوہسار مری کا موسم ہے یا کسی شا…,50,top5,
post_phase12_r_dev,R076,Islamabad ka موسم aaj kaisa hai,NAT,,MIXED,urdu_bm25,4,49285,9.083083152770996,گل خوشبوئیں بکھیر کر خزاں کی افسردگی کو مٹانے کا باعث ہیں,فیصل باد 92 نیوز یوں تو موسم بہار کو پھولوں کے کھلنے کا سیزن سمجھا جاتا ہے مگر کچھ گل ایسے بھی ہیں جو خوشبوئیں بکھیر کر خزاں کی افسردگی کو مٹانے کا باعث بن رہے ہیں موسم بہار میں گلستاں میں رنگ نور کا عالم تو دیکھا ہی ہو گا لیکن کل نرسریوں میں خزاں کے موسم میں بھی چند رنگا رنگ پھول ایسے ہیں جن کی خوشبو اور رعنائی دیکھنے والوں کو اپنے سحر میں جکڑ لیتی ہے گلوں کے دلدادہ افراد کہتے ہیں پھول تو پھول ہیں پھر بدلتے موسم کا تذکرہ کیسا نرسری میں میری گولڈ پٹونیا بال فلاورز نمے شیا گلاب گل شرمی ڈائی مور …,50,top5,
post_phase12_r_dev,R076,Islamabad ka موسم aaj kaisa hai,NAT,,MIXED,urdu_bm25,5,101094,9.065163612365723,موسم بدلنے کے ساتھ ملبوسات اور فیشن بھی تبدیل,موسم بدلنے کے ساتھ ملبوسات اور فیشن بھی تبدیل ہوتے ہیں جاتی سردیوں اور اتے موسم بہار میں خواتین کے ملبوسات کے علاوہ میک اپ بھی تبدیل ہوتا ہے میک اپ ارٹسٹ کا کہنا ہے کہ اج کل فیشن میں سوفٹ میک اپ زیادہ استعمال کیا جاتا ہےہلکے میک اپ کے ساتھ ہلکے رنگوں کے ملبوسات موسم بہار میں تروتازہ رکھتے ہیںلیکن اس کے لیے میک اپ کا سامان معیاری ہونا ضروری ہے فیشن ماڈلز کا کہنا ہے کہ اج کل فیشن شوز اور فوٹو شوٹ میں بھی سوفٹ میک اپ کیا جاتا ہے موسم بدلنے کے ساتھ ملبوسات اور فیشن بھی تبدیل ہوتے ہیں جاتی سردیوں او…,50,top5,
post_phase12_r_dev,R077,ghar ke liye solar panel price in Pakistan,NAT,,ROMAN,roman_bm25_method_D,1,60216,17.706584930419922,ان لائن چھتریاں کرائے پر دینے والی کمپنی کی ہزاروں چھتریاں غائب,بیجنگ 12 جولائی 2017 صارفین کو ان لائن چھتریاں کرائے پر دینے کیلئے متعارف کروائی جانے والی ایک ایپ کی ہزاروں چھتریاں غائب ہو گئیں منتظمین کا کہنا ہے کہ صارف چھتریاں اپنے گھر لے گئے صارفین کو ان لائن چھتریاں کرائے پر دینے کیلئے متعارف کروائی جانے والی ایک ایپ شیئرنگ اے امبریلا نے چین کے 11 شہروں میں لاکھ چھتریاں کرائے کیلئے مہیا کی تھیں صارفین اپنے اسمارٹ فون پر موجود کوڈ کے ذریعے 19 ین یعنی تقریبا ڈالرز کی ادائیگی کے بعد اسے حاصل کر پاتے ہیں ہر دھے گھنٹے میں مزید نصف ین بھی صارف کے اکانٹ سے کاٹ…,50,top5,
post_phase12_r_dev,R077,ghar ke liye solar panel price in Pakistan,NAT,,ROMAN,roman_bm25_method_D,2,37986,15.801169395446777,یورپ کے سمندروں میں سرفنگ کے مقابلے,پرتگال کے شہر نازارے کے شمالی ساحل اور اسپین کے سینٹینڈر کے ساحل ایل بوکال پر سرفنگ کے مقابلے ہوئے جہاں میزبان ایتھلیٹس علاوہ برطانیہ فرانس اور دیگر یورپی ممالک کے علاوہ کئی ممالک کے ایتھلیٹس نے حصہ لیااسپین کے شمالی ساحل پر ہونے والے مقابلوں میں میزبان ملک کی خاتون سرفر میرکا سولار اور پرتگالی رائیڈر جوانا اینڈریڈے نے بھی شرکت کیدوسری جانب پرتگال کے ساحل پر الیکس بوٹیلہو اور برطانوی ایتھلیٹ اینڈریو کوٹن نے منفرد کرتب دکھائےاسپین میں خواتین کے سرفنگ مقابلوں میں فرانس کی جسٹن ڈوپونٹ نے کامیابی ح…,50,top5,
post_phase12_r_dev,R077,ghar ke liye solar panel price in Pakistan,NAT,,ROMAN,roman_bm25_method_D,3,73423,14.896953582763672,برطانوی ریفرنڈم کے اثرات پاکستان کی معیشت پر بھی پڑینگے,برطانیہ کے یورپی یونین سے نکلنے کے حق میں ریفرنڈم کے غیر متوقع نتائج نے دنیا بھر کی معیشتوں کو ہلا کر رکھ دیا اس کےاثرات پاکستان کی معیشت پر بھی پڑیں گے پاکستانی ٹیکسٹائل کی برامدات متاثرہونےکاخدشہ ہے یورپی یونین سے نکلنے کے حق میں برطانوی عوام کے فیصلے سے پاونڈ اسٹرلنگ امریکی ڈالر کے مقابلے میں 7فیصد تک گرگیا اثرات پاکستان پربھی ہوئے کراچی اسٹاک ایکس چینج 100 انڈکس سے 11سو پوائنٹس گرگیا جو کہ 3اعشاریہ فیصد بنتا ہےعالمی منڈی میں تیل کی قیمتیں فیصد گرگئیں اس کااثر پاکستان کی مقامی تیل کی تلاش او…,50,top5,
post_phase12_r_dev,R077,ghar ke liye solar panel price in Pakistan,NAT,,ROMAN,roman_bm25_method_D,4,72227,14.0321044921875,شام پر امریکی میزائل حملے ایشیائی مارکیٹوں میں مندی,امریکا کی جانب سے شام کے ایئربیس پر حملے کی اطلاعات کے بعد ایشیائی اسٹاک مارکیٹیں مندی کا شکار ہوگئیں جبکہ عالمی مارکیٹ میں تیل کی قیمتوں میں یک دم اضافہ ہوگیا تیل کی قیمت ماہ کی بلند ترین سطح 5578 ڈالر فی بیرل تک جاپہنچی ہے امریکی عہدیداروں کی جانب سے روس اور ایران کی حمایت یافتہ بشارالاسد کی حکومت کے خلاف حملوں کے دعوی کے بعد مارکیٹ میں افراتفری کی صورت حال پیدا ہوئی اور ڈالر کی قیمت گرگئی جبکہ سونے کی قیمت میں اضافہ ہوا جاپان سے باہر ایم ایس سی ائی کے ایشیا پیسیفک حصص کا انڈیکس اعشاریہ فی صد…,50,top5,
post_phase12_r_dev,R077,ghar ke liye solar panel price in Pakistan,NAT,,ROMAN,roman_bm25_method_D,5,64314,13.09189510345459,کاروباری ہفتے کا چوتھا روز پاکستان اسٹاک مارکیٹ 322 پوائنٹس کے اضافے کے ساتھ بند,کراچی 24 اکتوبر 2019 پاکستان اسٹاک ایکسچینج میں کاروبارکامثبت اختتام ہوا مارکیٹ 322پوائنٹس کے اضافے سے33ہزار 762کی سطح پربندہوئی کاروباری ہفتے کے چوتھے روز پاکستان اسٹاک ایکسچینج میں کاروبارکامثبت اختتام ہوا مارکیٹ 332پوائنٹس کے اضافے سے33ہزار 762 کی سطح پر بند ہوئی دن بھرمجموعی طورپر326 کمپنیزکے شیئرزمیں کاروبار ہوا 211کمپنیزکے شیئرزکی قیمتوں میں اضافہ جبکہ 124 کے شیئرزکی قیمتوں میں کمی ریکارڈ کی گئی مارکیٹ کی بلندترین سطح33862جبکہ کم ترین سطح 33439 ریکارڈکی گئی انٹر بینک میں ڈالر15588روپے پر …,50,top5,
post_phase12_r_dev,R078,کراچی میں شاہراہِ فیصل پر روزانہ jam kyun lagta hai,NAT,,MIXED,urdu_bm25,1,77640,16.429645538330078,محکمہ ریلویز کا نجی شعبے کے اشتراک سے نائٹ کوچ چلانے کا معاہدہ,لاہور محکمہ ریلویز نے نجی شعبے کے اشتراک سے نائٹ کوچ ایکسپریس کے نام سے نئی ٹرین چلانے کا معاہدہ کیا ہے نائٹ کوچ لاہور اور کراچی کے درمیان براستہ فیصل باد اور ملتان جنوری کے پہلے ہفتے سے چلنا شروع ہو جائے گی ریلوے انتظامیہ کی جانب سے ایڈیشنل جنرل منیجر عبدالرزاق جبکہ نجی کمپنی کی طرف سے رانا رفاقت علی نے معاہدے پر دستخط کئے چیئرمین ریلویز عارف عظیم کا کہنا تھا کہ نئی ٹرین چلانے والی کمپنی ریلوے کو روزانہ 17 لاکھ روپے ادا کیا کرے گی یہ ٹرین روزانہ شام بجے بیک وقت لاہور اور کراچی سے چلا کرے گی نج…,50,top5,
post_phase12_r_dev,R078,کراچی میں شاہراہِ فیصل پر روزانہ jam kyun lagta hai,NAT,,MIXED,urdu_bm25,2,52776,16.28014373779297,قومی ٹی ٹوئنٹی کپ کا اج فیصل باد میں غاز ہو گا,کراچی 13 اکتوبر 2019 نیشنل ٹی ٹوئنٹی کپ اقبال اسٹیڈیم فیصل باد میں شروع ہو رہا ہے فائنل سے قبل روزانہ دو میچز کھیلے جائیں گے افتتاحی میچ کے پی کے اور بلوچستان کے درمیان ہوگا دوسرے میچ میں سندھ اور سینٹرل پنجاب کامقابلہ ہوگا نیشنل ٹی ٹوئنٹی کپ کا غاز اقبال اسٹیڈیم فیصل باد میں ہو رہا ہے فیصل باد ٹھ سال بعد کسی قومی ٹورنامنٹ کی میزبانی کر رہا ہے نئے ڈومیسٹک نظام کے تحت چھ صوبائی ٹیموں میں چھیانوے کھلاڑی ایکشن میں نظر ئیں گے قومی ٹیم کے سپراسٹارز سمیت تمام پلیئرز کے پاس سری لنکا کے ہاتھوں کلین سوئ…,50,top5,
post_phase12_r_dev,R078,کراچی میں شاہراہِ فیصل پر روزانہ jam kyun lagta hai,NAT,,MIXED,urdu_bm25,3,28807,14.739509582519531,قومی ٹی20 کپ کا کل سے راولپنڈی میں اغاز,اسلام باد پاکستان کرکٹ بورڈ کے زیراہتمام قومی ٹی 20 کرکٹ کپ کا اغاز کل سے راولپنڈی کرکٹ اسٹیڈیم میں شروع ہوگا جس میں اٹھ ٹیمیں شرکت کریں گی26 نومبر تک جاری رہنے والے ٹورنامنٹ میں ملک بھر سے اٹھ ٹیمیں حصہ لیں گی جن میں کراچی وائٹس فیصل باد لاہور وائٹس لاہور بلیو پشاور فاٹا راولپنڈی اور اسلام باد شامل ہیںٹورنامنٹ میں ہر ٹیم سات میچز کھیلے گی اور چار ٹاپ ٹیمیں سیمی فائنل کیلئے کوالیفائی کریں گیایونٹ میں روزانہ دو میچ کھیلے جائیں گے جس میں پہلا میچ دن 12 بجے جبکہ دوسرا میچ شام بجے کھیلا جائے گاایون…,50,top5,
post_phase12_r_dev,R078,کراچی میں شاہراہِ فیصل پر روزانہ jam kyun lagta hai,NAT,,MIXED,urdu_bm25,4,77683,14.525629043579102,فیصل باد 8دن بعد بھی صنعتوں کو گیس کی فراہمی شروع نہ ہوسکی,فیصل بادفیصل باد میں ٹھویں روز بھی صنعتوں کو گیس کی فراہمی بند ہے محکمہ سوئی گیس کے مطابق فیصل باد ریجن کی صنعتوں کو گیس کی فراہمی غیر معینہ مدت تک بند رہے گیسوئی گیس حکام کا کہنا ہے کہ گیس بندش کا فیصلہ طلب اور رسد میں فرق بڑھ جانے پر کیا گیا ہےگیس نہ ملنے سے ٹیکسٹائل صنعتوں میں کام ٹھپ ہوکر رہ گیا ہےچند فیکٹریوں میں لکڑیاں جلاکر بوائلر چلائے جارہے ہیںتاہم بیشتر صنعتوں میں گزشتہ روز سے کام بند ہونے کے باعث روزانہ اجرت پر کام کرنے والے محنت کش مشکلات کا شکار ہیں,50,top5,
post_phase12_r_dev,R078,کراچی میں شاہراہِ فیصل پر روزانہ jam kyun lagta hai,NAT,,MIXED,urdu_bm25,5,78380,14.472307205200195,سندھ اور اسکاٹش کمپنیوں میں ارب ڈالرز سرمایہ کاری کے معاہدے,گلاسگو اسکاٹ لینڈ کی مختلف کمپنیوں اور حکومت سندھ کے مختلف اداروں کے درمیان بلین ڈالرز سے زائد کی سرمایہ کاری کے ایم او یوز پر دستخط ہوگئے ہیں گلاسگو میں ایک تقریب کے دوران حکومت سندھ اور اسکاٹ لینڈ کی مختلف کمپنیوں کے درمیان مفاہمتی یادداشت ناموں پر دستخط کیے گئے پاکستانی وفد کی قیادت گورنر سندھ ڈاکٹرعشرت العباد نے کی وفد میں وفاقی وزیر بابر غوری پیر مظہر الحق رضا ہارون فیصل سبزواری صغیراحمد عادل صدیقی اور کمشنرکراچی روشن شیخ شامل تھے مفاہمتی یادداشت نامے اسکاٹش بزنس گروپ کے 4معاہدے سندھ حکومت…,50,top5,
post_phase12_r_dev,R079,youtube premium family plan Pakistan,NAT,,ROMAN,roman_bm25_method_D,1,110170,11.247576713562012,ایف اے ٹی ایف پلان غیر رسمی معیشت تک بڑھایا جائے امریکا,امریکا نے فنانشنل ایکشن ٹاسک فورس کے 27 نکاتی ایکشن پلان پر عملدرامد سے متعلق اپنے تحفظات بھی ظاہر کئے ہیں فوٹو فائل اسلام باد امریکا نے پاکستان پر زور دیا ہے کہ فنانشنل ایکشن ٹاسک فورس کے پلان کا نفاذ معیشت کے غیر رسمی شعبہ تک بڑھایا جائے امریکا نے فنانشنل ایکشن ٹاسک فورس کے 27 نکاتی ایکشن پلان پر عملدرامد سے متعلق اپنے تحفظات بھی ظاہر کئے ہیں مذکورہ ٹاسک فورس کے ایکشن پلان پر عملدرامد کا جائزہ لینے کیلئے امریکی وفد ان دنوں پاکستان کے دورہ پر ہے گزشتہ روز وفد نے وفاقی وزیر حماد اظہر سے ملاقات …,50,top5,
post_phase12_r_dev,R079,youtube premium family plan Pakistan,NAT,,ROMAN,roman_bm25_method_D,2,59069,11.062459945678711,زمبابوے کی ٹیم کے ممکنہ دورہ پاکستان کیلئے سیکیورٹی پلان تیار,زمبابوے کی ٹیم کے ممکنہ دورہ پاکستان کیلئے سیکیورٹی پلان تیار کر لیا گیا سیکیورٹی پلان چیئرمین پی سی بی شہریار خان ئی سی سی کےاجلاس میں پیش کرینگے ذرائع کے مطابق مہمان ٹیم کو کم سے کم سفر کروانے کی ہدایت کی گئی ہے زمبابوے ٹیم کو نیشنل کرکٹ اکیڈمی میں ٹھہرانے کی تجویز بھی زیرغور ہے ذرائع کا کہنا ہے کہ زمبابوے ٹیم کو سربراہ مملکت کے برابر سیکیورٹی فراہم کی جائے گی ئی سی سی کے میچ فیشلز کو بھی سخت سیکیورٹی دی جائیگی چیئرمین پاکستان کرکٹ بورڈ شہریار خان سیکیورٹی پلان کو ئی سی سی کے اجلاس میں پیش کر…,50,top5,
post_phase12_r_dev,R079,youtube premium family plan Pakistan,NAT,,ROMAN,roman_bm25_method_D,3,63683,10.969552040100098,یورپی یونین کا پاکستان کے کورونا سے متعلق رسپانس پلان کیلئے ارب روپے کی گرانٹس کا اعلان,اسلام باد 24 اپریل 2020 یورپی یونین کی جانب سے پاکستان کے کورونا سے نمٹنے کیلئے رسپانس پلان کیلئے ارب روپے کی گرانٹس کا اعلان کیا گیا ہے یورپی یونین کے سفیر انڈروکا کمینار کے مطابق پاکستان کی کوویڈ 19 سے نمٹنے کیلئے کی گئی کوششوں اور رسپانس پلان کو سراہتے ہیں یورپی یونین نے پاکستان کے کویڈ 19 رسپانس پلان کی مد میں ارب پاکستانی روپے کی فلاحی امداد مختص کی ہے یورپی یونین ارب روپے مختلف گرانٹس کی صورت میں دے گا انہوں نے مزید کہا کہ مالی مدد سے معاشرے کے کمزور طبقات کیلئے طبی سامان اور کورونا سے مت…,50,top5,
post_phase12_r_dev,R079,youtube premium family plan Pakistan,NAT,,ROMAN,roman_bm25_method_D,4,60893,10.670756340026855,چین کے ساتھ سی پیک کے طویل مدتی پلان پر اتفاق ہو گیا ہے احسن اقبال,اسلام اباد 22 نومبر 2017 وفاقی وزیرمنصوبہ بندی احسن اقبال نے کہا ہے کہ چین کے ساتھ سی پیک کےطویل مدتی پلان پراتفاق ہوگیا ہے پلان پرعملدرمد سے ئندہ چند سالوں میں ملک میں انفراسٹکچر صنعتی اور زرعی ترقی کوتیزکیا جائے اسلام باد میں سی پیک پرپاک چین ساتویں مشترکہ رابطہ کمیٹی کے اجلاس کے بعد میڈیا سے گفتگو کرتے ہوئے وزیرمنصوبہ بندی احسن اقبال نے کہا کہ سی پیک کے لانگ ٹرم پلان پر اتفاق ہوگیا ہے پلان 2030 تک سی پیک کے منصوبوں کا احاطہ کرے گا پاکستان میں صنعتی زونز کا قیام عمل میں ئے گا چین سے زرعی ٹیکن…,50,top5,
post_phase12_r_dev,R079,youtube premium family plan Pakistan,NAT,,ROMAN,roman_bm25_method_D,5,63672,10.582779884338379,سٹریلیا کا پاکستان کے کورونا کے خلاف رسپانس پلان کیلئے 38 لاکھ ڈالرز کی امداد کا اعلان,اسلام باد 26 اپریل 2020 سٹریلیا کی جانب سے پاکستان کے کورونا کے خلاف تیاری اور رسپانس پلان کیلئے 38 لاکھ ڈالرز کی امداد کا اعلان کردیا گیا ہے سٹریلوی ہائی کمشنر کا کہنا ہے کہ کورونا کے خلاف تیاری اور رسپانس پلان کے غاز پر پاکستانی کی وفاقی اور صوبائی حکومتوں کو مبارکباد دیتا ہوں سٹریلیا نے پاکستان کو جان بچانے کیلئے درکار طبی سامان کی خریداری کیلئے 38 لاکھ ڈالرز کا اعلان کیا ہے سٹریلوی ہائی کمشنر نے شرکت داروں این ڈی ایم اے ایشین ترقیاتی بینک اور ورلڈ بینک کا شکریہ ادا کیا,50,top5,
post_phase12_r_dev,R081,SUPARCO ne haal hi mein kya satellite mission announce kiya,NAT,,ROMAN,roman_bm25_method_D,1,73562,3.3762876987457275,وزیراعظم کی ہدایت پر بجٹ 3جون کو ہی پیش کیا جائیگا اسحاق ڈار,وفاقی وزیر خزانہ اسحاق ڈار نے کہا ہے کہ وزیر اعظم کی ہدایت کے مطابق ائندہ مالی سال کا بجٹ 3جون کو ہی پیش کیا جائے گا وفاقی وزیر خزانہ کے مطابق وزیر اعظم نواز شریف نے ہدایت کی ہے کہ مالی سال 172016 کا بجٹ جون کو ہی قومی اسمبلی میں پیش کیا جائے بجٹ بر وقت پیش کرنے کے لیے تمام انتظامات مکمل کیے جارہے ہیں وفاقی وزیر خزانہ اسحاق ڈار نے کہا ہے کہ وزیر اعظم کی ہدایت کے مطابق ائندہ مالی سال کا بجٹ 3جون کو ہی پیش کیا جائے گا وفاقی وزیر خزانہ کے مطابق وزیر اعظم نواز شریف نے ہدایت کی ہے کہ مالی سال 172016…,50,top5,
post_phase12_r_dev,R081,SUPARCO ne haal hi mein kya satellite mission announce kiya,NAT,,ROMAN,roman_bm25_method_D,2,101240,3.3673412799835205,ممبئی کا ایک موچی بھی رئیس بن گیا,فلم رئیس کا ڈائیلاگ ممبئی کے ایک موچی کو بھا گیاشیام بہادر نے نہ صرف اس ڈائیلاگ کا بینر بنا کر اپنی دکان پر لگا رکھا ہے بلکہ سیاہ پشاوری سینڈل کا تحفہ بھی رئیس کی خدمت میں پیش کیا ہے رئیس صرف نام کا ہی نہیں دل کا بھی رئیس ہےجو اپنے مداحوں کی دل سے قدر کرتا ہے شاہ رخ خان نے اپنے فین کا تحفہ دل سے قبول کیا اور کہا کہ وہ ہر ایک کو بتائیں گے کہ انہوں نے فلم کا یہ ڈائیلاگ شام ہی کی دکان سے چرایا ہے یہ ہی نہیں ایک انٹرویو میں اپنی ہیروئن ماہرہ خان کی بھی دل کھول کرتعریفیں کیں اور کہا کہ ماہرہ باصلاحی…,50,top5,
post_phase12_r_dev,R081,SUPARCO ne haal hi mein kya satellite mission announce kiya,NAT,,ROMAN,roman_bm25_method_D,3,87142,3.350388288497925,اسٹریلوی کپتان اسٹیو اسمتھ نے ائوٹ ہونےکااعتراف کرلیا,اسٹریلیا کے کپتان اسمتھ نے اعتراف کیا ہے کہ انہیں پتہ تھا کہ گیند ان کے بیٹ سے ٹکرا کر وکٹ کیپر کے پاس گئی تھی تاہم اپیل نہ ہونے پر وہ وکٹ پر ہی رہے ان کا کہنا ہے کہ جب پاکستانی فیلڈرز اور بالرز نے اپیل ہی نہیں کی اور نہ ہی امپائر نے اوٹ دیا تو وہ پویلین کیوں واپس جاتے اسٹیو اسمتھ کا یہ بھی کہنا ہے کہ امپائر صحیح فیصلہ کریں یا غلط ہم کھلاڑیوں کو ان کی بات ماننی ہوتی ہے اور ایسا ہی میں نے کیا واضح رہے کہ برسبین ٹیسٹ کے پہلے دن اسمتھ عامر کی بال پر کیچ اوٹ تھے لیکن پاکستانی کھلاڑیوں نے اپیل نہیں …,50,top5,
post_phase12_r_dev,R081,SUPARCO ne haal hi mein kya satellite mission announce kiya,NAT,,ROMAN,roman_bm25_method_D,4,8383,3.314131736755371,پہلی فلم ریلیز ہوتے ہی دوسری فلم بنانے کا اعلان,بولی وڈ میں فلموں کا سیکوئل بنانے کا کوئی نئی بات نہیں اگرچہ کئی فلموں کے سیکوئل ڈیڑھ دہائی بعد بننے جا رہے ہیں وہیں کچھ فلمیں ایسے بھی ہیں جن کی پہلی فلم ریلیز ہوتے ہی دوسری فلم بنانے کا اعلان کیا جاتا ہےرومانٹک ہارر فلم استری بھی ایسی ہی فلموں میں شامل ہے جن کی پہلی فلم کو ریلیز کرتے ہی اس کی دوسری فلم بنائے جانے کا اعلان کردیا گیاحیران کن بات یہ ہے کہ استری نے ریلیز کے تین دن میں نہ تو 100 کروڑ روپے کمائے اور نہ ہی پچاس کروڑ لیکن اس باوجود اس کے سیکوئل کا اعلان کردیا گیاشردھا کپور اور راج کم…,50,top5,
post_phase12_r_dev,R081,SUPARCO ne haal hi mein kya satellite mission announce kiya,NAT,,ROMAN,roman_bm25_method_D,5,101270,3.2986648082733154,کسی ہیروئن اور ڈائریکٹر کیساتھ دوبار کام نہیں کیا ارجن کپور,بولی وڈ اداکار ارجن کپور نے کہا ہے کہ اپنے9سالہ فلمی کیریئر میں کسی ہیروئن یا ڈائریکٹر کیساتھ دوبار کام نہیں کیا ارجن کپور جن کی سامنے انے والی اخری فلم کا اینڈ کی ہےجس میں انہوں کرینہ کپور کے مقابل مرکزی کردار ادا کیا تھااب موہت سوری کی فلم ہاف گرل فرینڈ میں نظر ائیں گے حال ہی میں ارجن کپور نے حیرت انگیز مگر سچائی پر مبنی دعوی کیا ہے کہ تاحال انہوں نے ایک ہی ہیروئن یا ڈائریکٹر کے ساتھ دوبارہ کام نہیں کیا اپنے نو سالہ کیریئر میں ہیروئن اور ڈائریکٹر کے ساتھ دوبار کام نہ کرنے کے ریکارڈ کے حوالے س…,50,top5,
post_phase12_r_dev,R082,Pakistan ki textile exports kam kyun ho rahi hain,NAT,,ROMAN,roman_bm25_method_D,1,101309,20.064952850341797,سلطان راہی کو اپنے مداحوں سے بچھڑے 21برس بیت گئے,فن کے سلطان راہی کو اپنے مداحوں سے بچھڑے 21برس بیت گئے پنجابی اور اردو فلموں کے معروف اداکار سلطان راہی کی 21ویں برسی اج 9جنوری کو منائی جا رہی ہے سلطان راہی کا اصلی نام حاجی حبیب احمد المعروف سلطان راہی تھا سلطان راہی بھارتی ریاست اتر پردیش کے ضلع مظفرنگر بجنور میں 1938میں پیدا ہو ئے تقسیم ہند کے وقت وہ گوجرانوالہ اگئے سلطان راہی نے اپنے کیریر کا اغاز سٹیج ڈرا مے سے کیا جس میں انکا نام نادر شاہ درا نی رکھا گیا 1959میں فلم باغی میں ایکسٹرا اداکار کی حیثیت سے کام کیا 1972میں کامیابی نے ان کے قدم…,50,top5,
post_phase12_r_dev,R082,Pakistan ki textile exports kam kyun ho rahi hain,NAT,,ROMAN,roman_bm25_method_D,2,50165,19.585777282714844,سلطان راہی کو مداحوں سے بچھڑے اکیس برس بیت گئے,لاہور 92نیوز فن کا سلطان سلطان راہی پاکستان فلم انڈسٹری کا ایسا ستارہ جس کے چاہنے والے اسے بھی نہیں بھولے گنیز بک ورلڈ ریکارڈ میں نام درج کرانے والے واحد پاکستانی اداکار سلطان راہی کی اج اکیسویں برسی منائی جا رہی ہے سلطان راہی کا اصل نام محمد سلطان خان تھا وہ 1938 میں بھارتی ریاست اترپردیش میں پیدا ہوئے صرف پاکستان ہی نہیں دنیا کی کسی فلم انڈسٹری کے پاس ایسا ہیرو نہیں یا جس نے سات سو سے زائد فلموں میں فن کے جوہر دکھائے ہوںجن میں پانچ سو اسی پنجابی اور ایک سو ساٹھ اردو فلمیں شامل ہیں ایک سال میں…,50,top5,
post_phase12_r_dev,R082,Pakistan ki textile exports kam kyun ho rahi hain,NAT,,ROMAN,roman_bm25_method_D,3,50976,19.348432540893555,فن کے سلطان کو مداحوں سے بچھڑے بیس برس بیت گئے,لاہور 92نیوز لالی وڈ پر طویل عرصے تک حکمرانی کرنے والے سلطان راہی جنوری 1996ءکو گوجرانوالا میں گولی کا نشانہ بنے پاکستان فلم انڈسٹری میں ان کا خلا تک پر نہیں ہو سکا تفصیلات کے مطابق مشہور لالی وڈ اداکار سلطان راہی کی بیسویں برسی منائی جارہی ہے سہ پہر ان کی رہائش گاہ پرقرن خوانی کا اہتمام کیا گیا ہے سلطان راہی نے فلمی کیریئر کا غاز 1956ءمیں فلم باغیسے کیا جس میں ان کا رول کافی مختصر تھا ان کی دوسری فلم بابل تھی جس میں ان کے کردار کو بہت پسند کیا گیا ڈائریکٹر اسلم ڈار نے اسی کردار کی بدولت انہیں …,50,top5,
post_phase12_r_dev,R082,Pakistan ki textile exports kam kyun ho rahi hain,NAT,,ROMAN,roman_bm25_method_D,4,98166,18.845367431640625,اسٹیج اور ٹی وی کے معروف اداکار اشرف راہی انتقال کر گئے,اسٹیج ٹی وی اور فلم کے معروف اداکار اشرف راہی دل کا دورہ پڑنے سے انتقال کر گئےاداکار اشرف راہی کو دل کا دورہ پڑنے پر خاندانی ذرائع کے مطابق اشرف راہی دل کا دورہ پڑنے کے لاہور کے پنجاب انسٹی ٹیوٹ اف کارڈیالوجی پی ئی سی منتقل کیا گیا تاہم وہ جانبر نہ ہو سکےخاندانی ذرائع کے مطابق اداکار اشرف راہی کی نماز جنازہ لال پل پنج پیر کے قریبی گرانڈ میں نماز ظہر کے بعد ادا کی جائے گی مرحوم نے سوگواران میں تین بیٹے اور ایک بیٹی چھوڑی ہےاسٹیج ٹی وی اور فلم اداکار اشرف راہی نے درجنوں اسٹیج ڈراموں ٹی وی اور فلم…,50,top5,
post_phase12_r_dev,R082,Pakistan ki textile exports kam kyun ho rahi hain,NAT,,ROMAN,roman_bm25_method_D,5,5544,18.777864456176758,نامور اداکار اشرف راہی 65 سال کی عمر میں انتقال کرگئے,اسٹیج ڈراموں ٹی وی اور فلموں میں صلاحیتوں کے جوہر دکھانے والے پاکستان کے نامور کامیڈی اداکار اشرف راہی 65 سال کی عمر میں دل کا دورہ پڑنے سے انتقال کرگئےڈان کے مطابق اداکار کو دل کا دورہ پڑنے کے بعد فوری طور پر لاہور کے ایک ہسپتال منتقل کیا گیا جہاں وہ جانبر نہ ہوسکےوہ گزشتہ کئی سالوں سے ذیابیطس اور ہیپاٹائٹس جیسی بیماریوں کا شکار بھی تھےاشرف راہی کی نماز جنازہ لاہور میں ادا کی گئی جہاں ان کے رشتہ داروں اور محلے داروں کے علاوہ کچھ اداکاروں نے بھی شرکت کیمزید پڑھیں عینک والا جن کی واپسیاشرف راہی …,50,top5,
post_phase12_r_dev,R083,Pakistani passport fees 2026,NAT,,ROMAN,roman_bm25_method_D,1,84126,17.14612579345703,فٹبال ورلڈکپ2026 کی میزبانی امریکا کینیڈا اور میکسیکو کو مل گئی,تاریخ کے سب سے بڑے فٹبال ورلڈکپ 2026 کی میزبانی امریکا کینیڈا اور میکسیکو مشترکہ طور پر کریں گےروس میں فیفا ورلڈکپ 2018 کا اغاز کل سے ہو گا لیکن اس سے قبل وہیں 2026 ورلڈ کپ فٹبال کے میزبان کا بھی فیصلہ ہو گیا ماسکو میں ہونے والے فیفا کانگریس میں امریکا کینیڈا اور میکسیکو کو 134 ووٹ ملے جب کہ مراکش کے حصے میں 65 ووٹ ئے2026 کا ایونٹ فیفا کی تاریخ کا سب سے بڑا ورلڈکپ ہوگا جس میں 48 ٹیمیں امریکا کینیڈا اور میکسیکو کے میدانوں میں ایکشن میں دکھائی دیں گی2026 کا ورلڈ کپ 34 دنوں تک جاری رہےگا اور اس می…,29,top5,
post_phase12_r_dev,R083,Pakistani passport fees 2026,NAT,,ROMAN,roman_bm25_method_D,2,55132,16.730907440185547,فٹبال ورلڈکپ2026 امریکامیکسیکو اورکینیڈاکو مشترکہ میزبانی سونپ دی گئی,ماسکو14جون 2016 فٹبال ورلڈکپ2026 کے امریکامیکسیکو اورکینیڈامیں مشترک میزبان ہوں گے مشترک میزبانوں کوفیفاکانگریس میں134 اورمراکش کو65 ووٹ ملے ٹورنامنٹ میں ریکارڈ 48 ممالک شرکت کریں گے ماسکوروس میں گذشتہ روز فٹبال کی عالمی تنظیم فیفاکی68 ویں کانگریس منعقد ہوئیجس میں ارکان نےفٹبالورلڈکپ2026 کی میزبانی کےلئے ووٹ دیئے اپریل 2017 میں امریکامیکسیکواورکینیڈا نے مشترکہ میزبان کےلئے پیشکش جمع کرائی تھیاس کے مقابل مراکش تھا ووٹنگ میں مشترک میزبانوں کے حق میں 134 ووٹ ڈالے گئےمراکش کو65 ووٹ ملےاس طرح ورلڈکپ…,29,top5,
post_phase12_r_dev,R083,Pakistani passport fees 2026,NAT,,ROMAN,roman_bm25_method_D,3,31206,14.599864959716797,48 ٹیموں کا فیفا ورلڈ کپ کرانے کی تجویز,فیفا کے صدر گیانی انفنٹینو نے ورلڈ کپ میں توسیع کیلئے اس میں 48 ٹیمیں شامل کرنے کی تجویز پیش کی ہے جس پر 2026 میں عمل درمد کیا جا سکتا ہےگیانی انفنٹینو نے 2026 ورلڈ کپ میں 48 ٹیموں کی شرکت کی تجویز کی تفصیلات بتاتے ہوئے کہا کہ ابتدائی پلے رانڈ میں 16 ٹیمیں صرف ایک میچ کھیل کر وطن واپس لوٹ جائیں گی اور 16 فاتح ٹیمیں ایونٹ کی 16 سیڈڈ ٹیموں کو جوائن کریں گے جس کے بعد گروپ اسٹیج مرحلہ ہو گاکولمبیا کے شہر بگوٹا میں خطاب کرتے ہوئے فیفا کے صدر نے کہا کہ 48 ٹیموں تک توسیع سے دنیا کے مزید ملک اور خطے خو…,29,top5,
post_phase12_r_dev,R083,Pakistani passport fees 2026,NAT,,ROMAN,roman_bm25_method_D,4,30560,13.614726066589355,فٹ بال ورلڈکپ2026 کیلئے 48 ٹیموں کی منظوری,فٹ بال کی عالمی گورننگ باڈی فیفا نے ورلڈکپ 2026 میں 32 کے بجائے 48 ٹیموں کو شامل کرنے کے فیصلے کی منظوری دے دی ہے48 ٹیموں کو 16 گروپوں میں تقسیم کیا جائے گا اور ہر گروپ میں تین تین ٹیموں کو رکھا جائے گا 32 ٹیمیں ناک مرحلے میں داخل ہوں گی جبکہ 64 کے بجائے 80 میچز ہوں گے لیکن ٹورنامنٹ کا دورانیہ وہی 32 دن کا ہوگا اور ہر گروپ سے دوٹیمیں ناک مرحلے میں داخل ہوں گی2026 کے ورلڈ کپ میں 48 ٹیموں کی شمولیت کے باوجود دلچسپ امر یہ ہے کہ فائنل تک رسائی کرنے والی ٹیم وہی سات میچ کھیلے گی جب ایونٹ میں 32 ٹیمی…,29,top5,
post_phase12_r_dev,R083,Pakistani passport fees 2026,NAT,,ROMAN,roman_bm25_method_D,5,26590,13.325119972229004,بھارت کو فیفا کونسل کی رکنیت مل گئی ورلڈ کپ 2026 پر نظریں مرکوز,بھارتی فٹ بال فیڈریشن کے صدر پرافل پٹیل کو فیفا کی طاقتور کونسل کی رکنیت ملنے کے بعد نئی دہلی نے فٹ بال ورلڈ کپ 2026 کا حصہ بننے کی جانب نظریں مرکوز کر لی ہیںغیر ملکی خبر رساں ادارے اے ایف پی کے مطابق فیفا کونسل کی رکنیت ملنے کے بعد پرافل پٹیل نے امید ظاہر کی کہ اگلے مرحلے میں تمام تر توجہ ورلڈ کپ میں کوالیفائی کرنے کے لیے ہوں گی یہ بھی پڑھیں فیفا نے پاکستان فٹبال فیڈریشن کو فنڈز کی فراہمی روک دی انہوں نے کہا کہبھارت کی کوشش ہوگی کہ فٹ بال ورلڈ کپ 2026 کے لیے بھارتی ٹیم کی کارکردگی بہتر ہو خیال…,29,top5,
post_phase12_r_dev,R084,HBL PSL 2026 final date and venue,NAT,,ROMAN,roman_bm25_method_D,1,84126,17.14612579345703,فٹبال ورلڈکپ2026 کی میزبانی امریکا کینیڈا اور میکسیکو کو مل گئی,تاریخ کے سب سے بڑے فٹبال ورلڈکپ 2026 کی میزبانی امریکا کینیڈا اور میکسیکو مشترکہ طور پر کریں گےروس میں فیفا ورلڈکپ 2018 کا اغاز کل سے ہو گا لیکن اس سے قبل وہیں 2026 ورلڈ کپ فٹبال کے میزبان کا بھی فیصلہ ہو گیا ماسکو میں ہونے والے فیفا کانگریس میں امریکا کینیڈا اور میکسیکو کو 134 ووٹ ملے جب کہ مراکش کے حصے میں 65 ووٹ ئے2026 کا ایونٹ فیفا کی تاریخ کا سب سے بڑا ورلڈکپ ہوگا جس میں 48 ٹیمیں امریکا کینیڈا اور میکسیکو کے میدانوں میں ایکشن میں دکھائی دیں گی2026 کا ورلڈ کپ 34 دنوں تک جاری رہےگا اور اس می…,50,top5,
post_phase12_r_dev,R084,HBL PSL 2026 final date and venue,NAT,,ROMAN,roman_bm25_method_D,2,59624,17.037460327148438,ایک تصویر میں 265000 کہکشائیں ہبل کا کارنامہ,واشنگٹن 08 مئی 2019 ہبل خلائی دوربین کی لاتعداد تصاویر کو جوڑ کر ایک حیرت انگیز تصویر بنائی گئی ہے جس میں ایک ہی جگہ 265000 مختلف کہکشائیں دیکھی جاسکتی ہیں اس تصویر کو ہبل پر کام کرنے والی ایک مخصوص ٹیم نے بنایا ہے جسے ہبل لیگسی فیلڈ کا نام دیا گیا ہے تصویر کا مدھم ترین نقطہ بھی ایک بہت بڑی کہکشاں کو ظاہر کرتا ہے تصویر بنانے میں ماہرین نے کئی سال لگائے ہیں اور کئی ہزار تصاویروں کو جوڑ کر ایک موزائیک بنایا ہے جس میں ہزاروں فلکیاتی اجسام کو سمویا گیا ہے ان میں سے بعض کہکشائیں زمین سے اربوں نوری س…,50,top5,
post_phase12_r_dev,R084,HBL PSL 2026 final date and venue,NAT,,ROMAN,roman_bm25_method_D,3,55132,16.730907440185547,فٹبال ورلڈکپ2026 امریکامیکسیکو اورکینیڈاکو مشترکہ میزبانی سونپ دی گئی,ماسکو14جون 2016 فٹبال ورلڈکپ2026 کے امریکامیکسیکو اورکینیڈامیں مشترک میزبان ہوں گے مشترک میزبانوں کوفیفاکانگریس میں134 اورمراکش کو65 ووٹ ملے ٹورنامنٹ میں ریکارڈ 48 ممالک شرکت کریں گے ماسکوروس میں گذشتہ روز فٹبال کی عالمی تنظیم فیفاکی68 ویں کانگریس منعقد ہوئیجس میں ارکان نےفٹبالورلڈکپ2026 کی میزبانی کےلئے ووٹ دیئے اپریل 2017 میں امریکامیکسیکواورکینیڈا نے مشترکہ میزبان کےلئے پیشکش جمع کرائی تھیاس کے مقابل مراکش تھا ووٹنگ میں مشترک میزبانوں کے حق میں 134 ووٹ ڈالے گئےمراکش کو65 ووٹ ملےاس طرح ورلڈکپ…,50,top5,
post_phase12_r_dev,R084,HBL PSL 2026 final date and venue,NAT,,ROMAN,roman_bm25_method_D,4,74218,14.658112525939941,پاکستاندہلی نمائش میں شرکت کرے گا,کراچی بھارت کے شہر دہلی میں 14سے27نومبر کو منعقد ہونے والی انڈیا انٹرنیشنل فیئر میں پاکستان بھی شریک ہو گا فیڈریشن اف پاکستان چیمبر اف کامرس اینڈ انڈ سٹر کے سنیئر نا ئب صد عبدالر حیم جانو نے کہاہے کہ انڈ یا انٹر نیشنل ٹریڈ فیئر میں پاکستان پویلین میں 80کمپنیا شریک ہوںگی اورپاکستان کی جانب سے 105اسٹا لگائے جائیں گےان اسٹالز پر ٹیکسٹا ئل ما ربل ہینڈ کرا فٹس لیڈیز گا رمنٹ میلا ما ئن پاکستانی مصالحہ جا ہر بل مصنوعات اور دیگر اشیا نما ئش کے لیے رکھی جائیں گی ایف پی سی سی ائی افس میں انڈ یا کی تجا رت…,50,top5,
post_phase12_r_dev,R084,HBL PSL 2026 final date and venue,NAT,,ROMAN,roman_bm25_method_D,5,31206,14.599864959716797,48 ٹیموں کا فیفا ورلڈ کپ کرانے کی تجویز,فیفا کے صدر گیانی انفنٹینو نے ورلڈ کپ میں توسیع کیلئے اس میں 48 ٹیمیں شامل کرنے کی تجویز پیش کی ہے جس پر 2026 میں عمل درمد کیا جا سکتا ہےگیانی انفنٹینو نے 2026 ورلڈ کپ میں 48 ٹیموں کی شرکت کی تجویز کی تفصیلات بتاتے ہوئے کہا کہ ابتدائی پلے رانڈ میں 16 ٹیمیں صرف ایک میچ کھیل کر وطن واپس لوٹ جائیں گی اور 16 فاتح ٹیمیں ایونٹ کی 16 سیڈڈ ٹیموں کو جوائن کریں گے جس کے بعد گروپ اسٹیج مرحلہ ہو گاکولمبیا کے شہر بگوٹا میں خطاب کرتے ہوئے فیفا کے صدر نے کہا کہ 48 ٹیموں تک توسیع سے دنیا کے مزید ملک اور خطے خو…,50,top5,
post_phase12_r_dev,R085,Pakistan mein khawateen ke liye public transport safe kyun nahi samjhi jati,NAT,,ROMAN,roman_bm25_method_D,1,72475,14.687835693359375,محکمہ ٹرانسپورٹ پنجاب نے3نجی ٹیکسی کمپنیوں کوغیرقانونی قرار دے دیا,حکومت پنجاب نے موبائل ایپ کے ذریعے ٹیکسی سروس فراہم کرنے والی تین کمپنیاں غیر قانونی قرار دے دیں پنجاب پرونشیل ٹرانسپورٹ اتھارٹی کی جانب سے جاری نوٹیفکیشن کے مطابق اوبر کاریم اور اے ون ٹیکسی سروس کمپنیاں موبائل ایپ کے ذریعے پرائیویٹ کاروں کو غیر قانونی طور پر بطور ٹیکسی استعمال کر رہی ہیں گاڑیوں کو فٹنس سرٹیفکیٹ اور روٹ پرمٹ کے بغیر بطورٹیکسی استعمال کیا جاتا ہے جو غیر قانونی ہےاس سے پنجاب حکومت کو بھاری مالی نقصان اٹھانا پڑرہا ہے ڈرائیورز کی سیکورٹی کلیئرنس بھی نہیں لی جاتی اس لیے ان غیر قانون…,50,top5,
post_phase12_r_dev,R085,Pakistan mein khawateen ke liye public transport safe kyun nahi samjhi jati,NAT,,ROMAN,roman_bm25_method_D,2,75043,13.963454246520996,پیٹرول بحران فور اسٹروک اور موٹرسائیکل رکشہ کے کرائے بڑھ گئے,لاہور لاہور میں جہاں شہری پٹرول کی ایک ایک بوند کو ترس رہے ہیں تو وہیں فور سٹروک اور موٹرسائیکل رکشہ ڈرائیوروں نے موقع سے فائدہ اٹھاتے ہوئےاپنے کرایوں میں اضافہ کر دیا ہے پٹرول کے ستائےعوام من مانے کرائے دینے پر مجبور ہیںمحکمہ لاہور ٹرانسپورٹ خاموش تماشائی بنا بیٹھا ہے لاہور کی سڑکوں پر چلتی اور شور مچاتی ہے موٹر سائیکل رکشہ جو بس کے بعد سستی ٹرانسپورٹ مانی جاتی ہے تاہم موجودہ پٹرول کے بحران سے فائدہ اٹھاتے ہوئے ان کے ڈرائیوروں نے بھی کرایوں میں روپے نہیں بلکہ 25 روپے اضافہ کر دیامجبور شہری ان …,50,top5,
post_phase12_r_dev,R085,Pakistan mein khawateen ke liye public transport safe kyun nahi samjhi jati,NAT,,ROMAN,roman_bm25_method_D,3,77897,13.47195053100586,گیس کی منصفانہ تقسیم 240 ارب روپے بچا سکتی ہےاپٹما,لاہورل پاکستان ٹیکسٹائل ملز ایسوسی ایشن پنجاب زورن کے چیئرمین شہزاد علی خان نے کہا ہے کہ گیس کی منصفانہ تقسیم سے وفاقی حکومت 240 ارب روپے سالانہ بچا سکتی ہے جس سے سرکلر ڈیٹ بھی ختم ہو سکتا ہے لاہو رسے جاری ایک بیان میں انہوں نے کہا کہ گیس کی بہتر تقسیم سے صارفین اور حکومت دونوں کو ریلیف مل سکتا ہے انکا کہناتھاکہ سی این جی کو صرف پبلک ٹرانسپورٹ میں ستعمال کیا جائے جس طرح سردیوں میں صنعتوں کو 90 روز گیس فرہم نہیں کی جاتی اس طرح سی این جی اسٹیشنز کو بھی سردیوں میں بند رکھا جائے,50,top5,
post_phase12_r_dev,R085,Pakistan mein khawateen ke liye public transport safe kyun nahi samjhi jati,NAT,,ROMAN,roman_bm25_method_D,4,71837,13.317806243896484,اوپن اکاونٹ کی بنیاد پر درامدات سے متعلق نظرثانی شدہ ہدایات جاری,کراچی اسٹیٹ بینک نے اوپن اکاونٹ کی بنیاد پر درامدات سے متعلق نظرثانی شدہ ہدایات جاری کر دیںدولت پاکستان نے بین الاقوامی تجارت کو سہولت دینے کی خاطر اوپن اکاونٹ کی بنیاد پر کی گئی درامدات کی ادائیگی کے لیے امپورٹرز کی طرف سے شپنگ ٹرانسپورٹ کی اصل دستاویزات مجاز ڈیلرز کے پاس جمع کرانے کی شرط ختم کردی ہےمرکزی بینک کی جانب سے جاری کردہ اعلامیہ کے مطابق قبل ازیں امپورٹرز پر لازم تھا کہ وہ درامدات کی ادائیگیوں کے لیے دیگر شرائط کے علاوہ شپنگ ٹرانسپورٹ کی اصل دستاویزات بھی مجاز ڈیلرز کو پیش کریںیہ اقد…,50,top5,
post_phase12_r_dev,R085,Pakistan mein khawateen ke liye public transport safe kyun nahi samjhi jati,NAT,,ROMAN,roman_bm25_method_D,5,63587,13.285497665405273,پاکستان پبلک ٹرانسپورٹرز ایسوسی ایشن کا کل سے پبلک ٹرانسپورٹ نہ چلانے کا اعلان,لاہور 17 مئی 2020 پاکستان پبلک ٹرانسپورٹرز ایسوسی ایشن نے کل سے پبلک ٹرانسپورٹ نہ چلانے کا اعلان کردیا پاکستان پبلک ٹرانسپورٹرز ایسوسی ایشن کے چیئرمین عصمت اللہ نیازی نے کہا ہے کہ ہماری کمیٹی بنے گی اور حکومت نمائندوں سے بات چیت کریں گے جو ایس او پیز حکومت نے ہمیں دیئے ہیں اس پر ہم ٹرانسپورٹ نہیں چلاسکتے انہوں نے کہا کہ حکومت ہماری کمیٹی کے ساتھ بیٹھ کر ایس او پیز پر نظر ثانی کرے حکومت کی جانب سے بتائے گئے ایس او پیز کچھ اور تھے اب نظر کچھ اور رہے ہیں ہماری مشاورت سے بنائے گئے ایس او پیز پر عمل…,50,top5,
post_phase12_r_dev,R086,روپے ki value ke baray mein latest update,NAT,,MIXED,urdu_bm25,1,108882,4.7935028076171875,ڈالر کے مدمقابل روپے کی قدر میں بہتری,انٹر بینک میں ڈالر کی قدر میں 215 روپے اور اوپن مارکیٹ میں ڈالر کی قیمت میں 150 روپے کی کمی واقع ہوئی فوٹو فائل کراچیانٹر بینک میں ڈالر کی قدر میں 215 روپے اور اوپن مارکیٹ میں ڈالر کی قدر میں150 روپے کی کمی واقع ہوئی بزنس رپورٹر جمعہ کے روز انٹر بینک اور مقامی اوپن کرنسی مارکیٹ میں ڈالر کے مقابلے میں پاکستانی روپیہ تگڑا ہوگیا جس کی وجہ سے انٹر بینک میں ڈالر کی قدر میں 215 روپے اور اوپن مارکیٹ میں ڈالر کی قدر میں150 روپے کی کمی واقع ہوئی فاریکس ایسوسی ایشن پاکستان کے مطابق جمعہ کو انٹر بینک میں …,50,top5,
post_phase12_r_dev,R086,روپے ki value ke baray mein latest update,NAT,,MIXED,urdu_bm25,2,109953,4.764981269836426,انٹر بینک میں ڈالر مہنگا اوپن مارکیٹ میں سستا,جمعہ کو انٹربینک مارکیٹ میں روپے کے مقابلے میں امریکی ڈالرکی قیمت میں 15 پیسے کا اضافہ ریکارڈ کیا گیا فوٹو فائل کراچیانٹربینک میں روپے کے مقابلے میں ڈالر مہنگا ہوگیا جبکہ اوپن مارکیٹ میں ڈالر سستا ہوگیا فاریکس ایسوسی ایشن پاکستان کے مطابق جمعہ کو انٹربینک مارکیٹ میں روپے کے مقابلے میں امریکی ڈالرکی قیمت میں 15 پیسے کا اضافہ ریکارڈ کیا گیا جس کے نتیجے میں امریکی ڈالر کی قیمت خرید 15615 روپے سے بڑھ کر 15630 روپے اور قیمت فروخت 15625 روپے سے بڑھ کر 15640 روپے ہوگئی اوپن کرنسی مارکیٹ میں ڈالر کی قد…,50,top5,
post_phase12_r_dev,R086,روپے ki value ke baray mein latest update,NAT,,MIXED,urdu_bm25,3,109962,4.760403633117676,روپے کے مقابلے میں ڈالر کی قدر گرنے لگی,روپے کے مقابلے میں امریکی ڈالر کی قیمت میں 12 پیسے کی کمی ریکارڈ کی گئی فوٹو فائل کراچیجمعرات کے روز انٹر بینک اور مقامی اوپن کرنسی مارکیٹ میں روپے کے مقابلے ڈالر کی قدر میں کمی کا رجحان رہا فاریکس ایسوسی ایشن پاکستان کے مطابقجمعرات کے روز انٹربینک مارکیٹ میں روپے کے مقابلے میں امریکی ڈالر کی قیمت میں 12 پیسے کی کمی ریکارڈ کی گئی جس کے نتیجے میں امریکی ڈالر کی قیمت خرید 156 روپے 27 پیسے سے گھٹ کر 156 روپے 15 پیسے اور قیمت فروخت 156 روپے 37 پیسے سے گھٹ کر 156 روپے 25 پیسے ہوگئی اوپن کرنسی مارکیٹ…,50,top5,
post_phase12_r_dev,R086,روپے ki value ke baray mein latest update,NAT,,MIXED,urdu_bm25,4,72360,4.7496442794799805,روپے کے مقابلے میں ڈالرکی قیمت میں استحکام,انٹربینک مارکیٹ اورمقامی اوپن کرنسی مارکیٹ میں روپے کے مقابلے میں ڈالرکی قدرمیں استحکام رہافاریکس ایسوسی ایشن اف پاکستان کی رپورٹ کے مطابق منگل کے روز انٹربینک مارکیٹ میں ڈالرکی قیمت خرید10483 روپے اورقیمت فروخت 10488روپے پر برقرار رہی اسی طرح اوپن کرنسی مارکیٹ میں ڈالرکی قیمت خرید 107 روپے اورقیمت فروخت 10720روپے پرمستحکم دیکھی گئی فاریکس ایسوسی ایشن کی رپورٹ کے مطابق مارکیٹ میں یوروکی قدرمیں 25پیسے کااضافہ ریکارڈکیاگیا اس سے یوروکی قیمت خرید 113روپے سے بڑھ کر11325روپے اورقیمت فروخت 11450 روپے…,50,top5,
post_phase12_r_dev,R086,روپے ki value ke baray mein latest update,NAT,,MIXED,urdu_bm25,5,72012,4.748159885406494,کراچی میں پھل خریدنا ناممکن قیمتیں اسمان پر,کمشنر کراچی کے نرخ نامے پر شہر کے بازاروں میں پھلوں کی فروخت ہونا ناممکن ہوگیا منافع خوروں کی من مانی جاری ہے جبکہ جواز منڈی سے مہنگا مال ہے مارکیٹ کمیٹی نے خوبانی 90 روپے جبکہ شہری انتظامیہ نے 120 روپے فی کلو مقرر کی ہے لیکن شہر میں خوبانی 160 روپے کلو فروخت کی جارہی ہے سندھڑی ام کی قیمت مارکیٹ کمیٹی نے 75 روپے انتظامیہ نے 100 روپے مقرر کی ہے لیکن بازار میں 120 روپے تک فروخت کیا جارہا ہے کمیٹی نے اڑو کی فی کلو 100 روپے شہری انتظامیہ نے 135 روپے مقرر کی بازار میں اڑو 180 روپے کلوہے نیوزی لینڈ ک…,50,top5,
post_phase12_r_dev,R087,gwadar port news,NAT,,ROMAN,roman_bm25_method_D,1,102141,13.496345520019531,ہریتک روشن استنبول ائیر پورٹ دھماکے میں محفوظ رہے,بالی ووڈ اداکار ہریتک روشن کا بروقت کیا گیا فیصلہ ان کے کام گیااستنبول کے ائیر پورٹ پر دھماکے سے کچھ گھنٹے قبل اداکار وہیں موجود تھے دھماکوں میں 36 افراد ہلاک 147 افراد زخمی ہوئے ہیںاستنبول کے اتا ترک ائیر پورٹ پر خوفناک دھماکوں سے کچھ گھنٹے قبل بالی ووڈ ہیرو ہریتک روشن اپنے دونوں بچوں کے ساتھ وہاں موجود تھے اداکار نے ٹوئیٹ کرتے ہوئے کہاکہ بھارت کیلئے براستہ ترکی پرواز چھوٹنے کے باعث وہ ائیر پورٹ پر موجود تھے جسکے بعد انہوں نے اکانومی کلاس میں بھارت روانہ ہونے کا فیصلہ کیااور یہ فیصلہ ان کے حق …,50,top5,
post_phase12_r_dev,R087,gwadar port news,NAT,,ROMAN,roman_bm25_method_D,2,3209,11.925971984863281,پاکستان اور چین کے درمیان پہلی فریٹ سروس کا غاز,بیجنگ پاکستان اور چین نے ریل اور سمندر کے ذریعے پہلی فریٹ سروس کا غاز کر دیا ہے جس کے تحت پہلی مال بردار ٹرین چین کے صوبہ یونان کے دارلحکومت سے روانہ ہو گئی ہےچینی خبر رساں ادارے شن ہوا کی رپورٹ کے مطابق 500 ٹن کی مختلف اشیاء لے کر یہ خصوصی مال گاڑی چین کے جنوب مغربی صوبے یونان کے شہر کونمینگ سے بدھ 30 نومبر کو گوانگزو کے لیے روانہ ہوئی جہاں سے سامان سمندری راستے سے پاکستان کے سب سے بڑے شہر کراچی بھیجا جائے گانئے سلک روٹ یونان لمٹیڈ کے نمائندے کے مطابق اس روٹ کے قیام سے اخراجات 50 فیصد تک کم ہو…,50,top5,
post_phase12_r_dev,R087,gwadar port news,NAT,,ROMAN,roman_bm25_method_D,3,71683,11.058823585510254,حکومتی فیصلے میں تاخیر سے اوورسیز پاکستانیوں کی گاڑیاں پھنس گئیں,ٹوکیو حکومت کی جانب سے فیصلے میں تاخیر سے اوورسیز پاکستانیوں کی اربوں روپے کی ہزار گاڑیاں کراچی پورٹ پر پھنس گئیںتفصیلات کے مطابق چار دسمبر کو وزارت تجارت کی جانب سے جاری کیے جانے والے اچانک اور غیر متوقع نوٹیفیکیشن کے بعد چار دسمبر اور اس کے بعد بیرون ممالک سے کراچی پورٹ پہنچنے والی تمام گاڑیوں کو کراچی پورٹ پر روک لیا گیا تھاایک مہینہ گزرنے کے باوجود حکومت یہ فیصلہ نہیں کرسکی کہ ایا نوٹیفیکیشن انے تک جو گاڑیاں جاپان یا دیگر ممالک سے پاکستان کے لیے نکل چکی تھیں ان گاڑیوں کو کس طریقہ کار کے تحت…,50,top5,
post_phase12_r_dev,R087,gwadar port news,NAT,,ROMAN,roman_bm25_method_D,4,2333,10.924262046813965,کراچی بندرگاہ پر بحری جہازوں کی ٹکر 10 کنٹینر سمندر برد,کراچی بندرگاہ پر واقع ساتھ ایشین پاکستان ٹرمینل کے قریب دو بحری جہازوں کی ٹکر کے نتیجے میں 10 سے زائد کنٹینر سمندر میں گر گئے سرکاری خبر رساں ایجنسی اے پی پی کے مطابق کراچی پورٹ ٹرسٹ کے پی ٹی کے متعلقہ حکام نے بتایا کہ کراچی بندرگاہ پر واقع ساتھ ایشین پاکستان ٹرمینل کے قریب برتھنگ کے دوران دو جہازوں کی پس میں ٹکر ہوگئیٹکر کی وجہ سے ٹولٹن نامی بحری جہاز سے 10 سے زائد کنٹینر سمندر میں گر گئے واقعے کے باعث ٹرمینل پر جہازوں کی مد رفت کچھ دیر کے لیے معطل ہوگئی کے پی ٹی کی امدادی ٹیموں نے کنٹینرز کو …,50,top5,
post_phase12_r_dev,R087,gwadar port news,NAT,,ROMAN,roman_bm25_method_D,5,57617,10.856395721435547,پی سی بی کا انگلش کرکٹ بورڈ سے رابطے کا فیصلہ,پی سی بی نے انگلش کرکٹ بورڈ سے رابطے کا فیصلہ کرلیا محمد عامر اور سلمان بٹ کے ویزا مسائل حل کرنے میں مدد کی درخواست کی جائے گی خبر وں کے مطابق انھی معاملات پر پی سی بی نے انگلش کرکٹ بورڈ سے رابطے کا فیصلہ کرلیاجس میں ویزا مسائل حل کرنے میں مدد کی درخواست کی جائے گی محمد عامر اور سلمان بٹ کو دو ہزار دس میں اسپاٹ فکسنگ کیس میں جیل کی سزا ہوچکی ہےمحمد عامر اور سلمان بٹ کو برطانیہ سے ڈی پورٹ کیا گیا تھابرطانوی امیگریشن قوانین کے مطابق کرمنل ریکارڈ رکھنے والے اور ڈی پورٹ کیے جانے والے شخص کو دس سال …,50,top5,
post_phase12_r_dev,R088,Pakistani film box office Eid 2026,NAT,,ROMAN,roman_bm25_method_D,1,84126,17.14612579345703,فٹبال ورلڈکپ2026 کی میزبانی امریکا کینیڈا اور میکسیکو کو مل گئی,تاریخ کے سب سے بڑے فٹبال ورلڈکپ 2026 کی میزبانی امریکا کینیڈا اور میکسیکو مشترکہ طور پر کریں گےروس میں فیفا ورلڈکپ 2018 کا اغاز کل سے ہو گا لیکن اس سے قبل وہیں 2026 ورلڈ کپ فٹبال کے میزبان کا بھی فیصلہ ہو گیا ماسکو میں ہونے والے فیفا کانگریس میں امریکا کینیڈا اور میکسیکو کو 134 ووٹ ملے جب کہ مراکش کے حصے میں 65 ووٹ ئے2026 کا ایونٹ فیفا کی تاریخ کا سب سے بڑا ورلڈکپ ہوگا جس میں 48 ٹیمیں امریکا کینیڈا اور میکسیکو کے میدانوں میں ایکشن میں دکھائی دیں گی2026 کا ورلڈ کپ 34 دنوں تک جاری رہےگا اور اس می…,50,top5,
post_phase12_r_dev,R088,Pakistani film box office Eid 2026,NAT,,ROMAN,roman_bm25_method_D,2,55132,16.730907440185547,فٹبال ورلڈکپ2026 امریکامیکسیکو اورکینیڈاکو مشترکہ میزبانی سونپ دی گئی,ماسکو14جون 2016 فٹبال ورلڈکپ2026 کے امریکامیکسیکو اورکینیڈامیں مشترک میزبان ہوں گے مشترک میزبانوں کوفیفاکانگریس میں134 اورمراکش کو65 ووٹ ملے ٹورنامنٹ میں ریکارڈ 48 ممالک شرکت کریں گے ماسکوروس میں گذشتہ روز فٹبال کی عالمی تنظیم فیفاکی68 ویں کانگریس منعقد ہوئیجس میں ارکان نےفٹبالورلڈکپ2026 کی میزبانی کےلئے ووٹ دیئے اپریل 2017 میں امریکامیکسیکواورکینیڈا نے مشترکہ میزبان کےلئے پیشکش جمع کرائی تھیاس کے مقابل مراکش تھا ووٹنگ میں مشترک میزبانوں کے حق میں 134 ووٹ ڈالے گئےمراکش کو65 ووٹ ملےاس طرح ورلڈکپ…,50,top5,
post_phase12_r_dev,R088,Pakistani film box office Eid 2026,NAT,,ROMAN,roman_bm25_method_D,3,31206,14.599864959716797,48 ٹیموں کا فیفا ورلڈ کپ کرانے کی تجویز,فیفا کے صدر گیانی انفنٹینو نے ورلڈ کپ میں توسیع کیلئے اس میں 48 ٹیمیں شامل کرنے کی تجویز پیش کی ہے جس پر 2026 میں عمل درمد کیا جا سکتا ہےگیانی انفنٹینو نے 2026 ورلڈ کپ میں 48 ٹیموں کی شرکت کی تجویز کی تفصیلات بتاتے ہوئے کہا کہ ابتدائی پلے رانڈ میں 16 ٹیمیں صرف ایک میچ کھیل کر وطن واپس لوٹ جائیں گی اور 16 فاتح ٹیمیں ایونٹ کی 16 سیڈڈ ٹیموں کو جوائن کریں گے جس کے بعد گروپ اسٹیج مرحلہ ہو گاکولمبیا کے شہر بگوٹا میں خطاب کرتے ہوئے فیفا کے صدر نے کہا کہ 48 ٹیموں تک توسیع سے دنیا کے مزید ملک اور خطے خو…,50,top5,
post_phase12_r_dev,R088,Pakistani film box office Eid 2026,NAT,,ROMAN,roman_bm25_method_D,4,30560,13.614726066589355,فٹ بال ورلڈکپ2026 کیلئے 48 ٹیموں کی منظوری,فٹ بال کی عالمی گورننگ باڈی فیفا نے ورلڈکپ 2026 میں 32 کے بجائے 48 ٹیموں کو شامل کرنے کے فیصلے کی منظوری دے دی ہے48 ٹیموں کو 16 گروپوں میں تقسیم کیا جائے گا اور ہر گروپ میں تین تین ٹیموں کو رکھا جائے گا 32 ٹیمیں ناک مرحلے میں داخل ہوں گی جبکہ 64 کے بجائے 80 میچز ہوں گے لیکن ٹورنامنٹ کا دورانیہ وہی 32 دن کا ہوگا اور ہر گروپ سے دوٹیمیں ناک مرحلے میں داخل ہوں گی2026 کے ورلڈ کپ میں 48 ٹیموں کی شمولیت کے باوجود دلچسپ امر یہ ہے کہ فائنل تک رسائی کرنے والی ٹیم وہی سات میچ کھیلے گی جب ایونٹ میں 32 ٹیمی…,50,top5,
post_phase12_r_dev,R088,Pakistani film box office Eid 2026,NAT,,ROMAN,roman_bm25_method_D,5,26590,13.325119972229004,بھارت کو فیفا کونسل کی رکنیت مل گئی ورلڈ کپ 2026 پر نظریں مرکوز,بھارتی فٹ بال فیڈریشن کے صدر پرافل پٹیل کو فیفا کی طاقتور کونسل کی رکنیت ملنے کے بعد نئی دہلی نے فٹ بال ورلڈ کپ 2026 کا حصہ بننے کی جانب نظریں مرکوز کر لی ہیںغیر ملکی خبر رساں ادارے اے ایف پی کے مطابق فیفا کونسل کی رکنیت ملنے کے بعد پرافل پٹیل نے امید ظاہر کی کہ اگلے مرحلے میں تمام تر توجہ ورلڈ کپ میں کوالیفائی کرنے کے لیے ہوں گی یہ بھی پڑھیں فیفا نے پاکستان فٹبال فیڈریشن کو فنڈز کی فراہمی روک دی انہوں نے کہا کہبھارت کی کوشش ہوگی کہ فٹ بال ورلڈ کپ 2026 کے لیے بھارتی ٹیم کی کارکردگی بہتر ہو خیال…,50,top5,
post_phase12_r_dev,R089,online banking fraud se bachne ke liye users ko kya karna chahiye,NAT,,ROMAN,roman_bm25_method_D,1,77147,4.197887420654297,پاکستان 24 مئی کو ئی ایم ایف کو 39 کروڑ ڈالر کی ادا کرے گا,اسلام بادپاکستان 24 مئی کو ئی ایم ایف کو 39 کروڑ ڈالر کی ادائیگی کرے گا جبکہ 28 جون کو مزید 14 کروڑ ڈالر واپس کیے جائیں گے اسلام باد میں وزارت خزانہ کے ذرائع نے جیو نیوز کو بتایاکہ جولائی سے جون تک ئی ایم ایف کو ایک ارب 39 کروڑ ڈالر سے زائد کا قرض واپس کرنا تھا تاہم تک 85 کروڑ ڈالر واپس کیے جاچکے ہیں جبکہ ئندہ مالی سال ارب کروڑ ڈالر کا قرض واپس کرنا ہوگا مالی سال201314میں ئی ایم ایف کو ارب 43 کروڑ ڈالر کی ادائیگی کرنا ہوگی مالی سال 152014 میں ئی ایم ایف کا ایک ارب 35 کروڑ ڈالر کا قرض واپس کرنا …,50,top5,
post_phase12_r_dev,R089,online banking fraud se bachne ke liye users ko kya karna chahiye,NAT,,ROMAN,roman_bm25_method_D,2,13564,4.186422348022461,پوری زندگی اداکاری نہیں کرنا چاہتی,بولی وڈ اداکارہ کنگنا رناوٹ نے وقت گزرنے کے ساتھ فلموں کو بیزار کن قرار دیتے ہوئے کہا ہے کہ وہ اپنی پوری زندگی صرف اداکاری نہیں کرنا چاہتیہندوستان ٹائمز کو ایک انٹرویو دیتے ہوئے کنگنا کا کہنا تھا کہ انہوں نے 2015 سے بہت کچھ سیکھا ہے اور اداکاری کے ساتھ ساتھ ان کی ذاتی زندگی بھی بہتری کی جانب بڑھی ہےان کا کہنا تھا میں بہت زیادہ سفر کرنا چاہتی ہوں اس کے ساتھ ساتھ میں خود کو بھی کافی وقت دینا چاہتی ہوں جیسے نئی کتابیں پڑھنا کچھ نیا کرنا نئے ڈانس سیکھنا یا موسیقی سیکھنا میں اس کے ساتھ کچھ کانفرنسز …,50,top5,
post_phase12_r_dev,R089,online banking fraud se bachne ke liye users ko kya karna chahiye,NAT,,ROMAN,roman_bm25_method_D,3,86441,4.179910182952881,کھلاڑیوں کا انتخاب میرا نہیں سلیکشن کمیٹی کا کام ہےمکی ارتھر,پاکستان کرکٹ ٹیم کے ہیڈکوچ مکی ارتھر کا کہنا ہے کہ کھلاڑی منتخب کرنا سلیکشن کمیٹی کا کام ہے میرا کام منتخب شدہ کھلاڑیوں کے ساتھ کام کرنا ہے لاہور قذافی اسٹیڈیم میں میڈیا سے گفتگو میں قومی ٹیم کے ہیڈ کوچ کا کہنا ہے کہ فکسنگ اسکینڈل پر افسوس ہو لیکن اس کا فیصلہ کرنا کرکٹ بورڈ کا کام ہے انہوں نے کہاکہ ایشیا سے باہر ہماری باولنگ سے زیادہ بیٹنگ نے خود کو منوایا ہےہماری باولنگ اور بیٹنگ میں زیادہ فرق نہیں ہے جبکہ چند کھلاڑیوں کی انفرادی کارکردگی میں کا فی بہتری ائی ہے یہ بھی سچ ہے کہ کھلاڑیوں کو اپنی…,50,top5,
post_phase12_r_dev,R089,online banking fraud se bachne ke liye users ko kya karna chahiye,NAT,,ROMAN,roman_bm25_method_D,4,23750,4.172107219696045,فیس بک میسنجر میں لوگوں کو تلاش کرنا اب سان,فیس بک نے جمعرات کی شب اپنی مقبول میسنجر ایپ کے لیے نئے فیچرز متعارف کرانے کا اعلان کیافیس بک کے بانی مارک زکربرگ نے اپنے ایک پیغام میں کہا کہ اس وقت ہر ماہ 90 کروڑ افراد میسنجر کو استعمال کررہے ہیں اور ہم اس کے لیے ایسے فیچرز متعارف کرا رہے ہیں جس سے کے لیے کسی نئے فرد سے بات چیت کرنا سان ہوجائے گا 123 900 2016فیس بک کی جانب سے جاری ایک الگ بیان میں بتایا گیا ہے کہ ان فیچرز کی بدولت لوگوں کو تلاش کرنا اور دیگر صارفین سے رابطہ کرنا سان ہوجائے گااس مقصد کے لیے فیس بک نے صارفین کے لیے میسنجر یوزر…,50,top5,
post_phase12_r_dev,R089,online banking fraud se bachne ke liye users ko kya karna chahiye,NAT,,ROMAN,roman_bm25_method_D,5,18240,4.091056823730469,18 مشکل چیزیں جن کو کرنا کامیابی کے لیے ضروری,18 مشکل چیزیں جن کو کرنا کامیابی کے لیے ضروریکیا زندگی میں کامیاب ہونا چاہتے ہیں اگر ہاں تو کچھ مشکل چیزوں کو کرنا ہی پڑے گاایسی چیزیں جو کوئی بھی کرنے کی ہمت نہیں کرپاتا ایسی چیزیں جو کو خوفزدہ کردیںایسی چیزیں جو کو سوچنے پر مجبور کردیں کہ کتنی دیر تک انہیں کرسکتے ہیں مگر وہی کی شخصیت کی وضاحت بھی کریں گییہی چیزیں ہیں جو اوسط درجے کی زندگی اور کامیابی کا فرق ثابت ہوسکتی ہیں مگر انہیں نظرانداز کرنا بہت سان ہوتا ہے اور کو ایسا لگتا ہے کہ ایسا کرنے کی ہمت ہی نہیںتو ان چیزوں کو جانے اور زما کر دیک…,50,top5,
post_phase12_r_dev,R090,matric result 2026 kab aye ga punjab,NAT,,ROMAN,roman_bm25_method_D,1,18668,19.96223258972168,کعب اللہ کا غلاف,ہرسال کی طرح اس سال بھی کعب اللہ کا غلاف تبدیل کیا گیا نو ذوالحج کو بیت اللہ میں غلاف کعبہ تبدیل کیا جاتا ہے غلاف کعبہ کو عربی میں کسو الکعبہ کہا جاتا ہے جس کی تبدیلی کاعمل چھ گھنٹوں میں مکمل ہوا خانہ کعبہ کے غلاف کی تبدیلی نماز فجر کے بعد شروع ہوئی اور اس کی تیاری میں روایتی طور پر اس سال بھی 150 کلو گرام چاندی اور سونا جبکہ 670 کلو گرام خالص ریشم کا استعمال کیا گیا سونے اور چاندی سے غلاف پر قرنی یات کی کشیدہ کاری بھی کی گئی ہے تصاویر اے ایف پی اے پی,50,top5,
post_phase12_r_dev,R090,matric result 2026 kab aye ga punjab,NAT,,ROMAN,roman_bm25_method_D,2,84126,18.86408805847168,فٹبال ورلڈکپ2026 کی میزبانی امریکا کینیڈا اور میکسیکو کو مل گئی,تاریخ کے سب سے بڑے فٹبال ورلڈکپ 2026 کی میزبانی امریکا کینیڈا اور میکسیکو مشترکہ طور پر کریں گےروس میں فیفا ورلڈکپ 2018 کا اغاز کل سے ہو گا لیکن اس سے قبل وہیں 2026 ورلڈ کپ فٹبال کے میزبان کا بھی فیصلہ ہو گیا ماسکو میں ہونے والے فیفا کانگریس میں امریکا کینیڈا اور میکسیکو کو 134 ووٹ ملے جب کہ مراکش کے حصے میں 65 ووٹ ئے2026 کا ایونٹ فیفا کی تاریخ کا سب سے بڑا ورلڈکپ ہوگا جس میں 48 ٹیمیں امریکا کینیڈا اور میکسیکو کے میدانوں میں ایکشن میں دکھائی دیں گی2026 کا ورلڈ کپ 34 دنوں تک جاری رہےگا اور اس می…,50,top5,
post_phase12_r_dev,R090,matric result 2026 kab aye ga punjab,NAT,,ROMAN,roman_bm25_method_D,3,55132,16.730907440185547,فٹبال ورلڈکپ2026 امریکامیکسیکو اورکینیڈاکو مشترکہ میزبانی سونپ دی گئی,ماسکو14جون 2016 فٹبال ورلڈکپ2026 کے امریکامیکسیکو اورکینیڈامیں مشترک میزبان ہوں گے مشترک میزبانوں کوفیفاکانگریس میں134 اورمراکش کو65 ووٹ ملے ٹورنامنٹ میں ریکارڈ 48 ممالک شرکت کریں گے ماسکوروس میں گذشتہ روز فٹبال کی عالمی تنظیم فیفاکی68 ویں کانگریس منعقد ہوئیجس میں ارکان نےفٹبالورلڈکپ2026 کی میزبانی کےلئے ووٹ دیئے اپریل 2017 میں امریکامیکسیکواورکینیڈا نے مشترکہ میزبان کےلئے پیشکش جمع کرائی تھیاس کے مقابل مراکش تھا ووٹنگ میں مشترک میزبانوں کے حق میں 134 ووٹ ڈالے گئےمراکش کو65 ووٹ ملےاس طرح ورلڈکپ…,50,top5,
post_phase12_r_dev,R090,matric result 2026 kab aye ga punjab,NAT,,ROMAN,roman_bm25_method_D,4,31206,16.492704391479492,48 ٹیموں کا فیفا ورلڈ کپ کرانے کی تجویز,فیفا کے صدر گیانی انفنٹینو نے ورلڈ کپ میں توسیع کیلئے اس میں 48 ٹیمیں شامل کرنے کی تجویز پیش کی ہے جس پر 2026 میں عمل درمد کیا جا سکتا ہےگیانی انفنٹینو نے 2026 ورلڈ کپ میں 48 ٹیموں کی شرکت کی تجویز کی تفصیلات بتاتے ہوئے کہا کہ ابتدائی پلے رانڈ میں 16 ٹیمیں صرف ایک میچ کھیل کر وطن واپس لوٹ جائیں گی اور 16 فاتح ٹیمیں ایونٹ کی 16 سیڈڈ ٹیموں کو جوائن کریں گے جس کے بعد گروپ اسٹیج مرحلہ ہو گاکولمبیا کے شہر بگوٹا میں خطاب کرتے ہوئے فیفا کے صدر نے کہا کہ 48 ٹیموں تک توسیع سے دنیا کے مزید ملک اور خطے خو…,50,top5,
post_phase12_r_dev,R090,matric result 2026 kab aye ga punjab,NAT,,ROMAN,roman_bm25_method_D,5,30560,15.894063949584961,فٹ بال ورلڈکپ2026 کیلئے 48 ٹیموں کی منظوری,فٹ بال کی عالمی گورننگ باڈی فیفا نے ورلڈکپ 2026 میں 32 کے بجائے 48 ٹیموں کو شامل کرنے کے فیصلے کی منظوری دے دی ہے48 ٹیموں کو 16 گروپوں میں تقسیم کیا جائے گا اور ہر گروپ میں تین تین ٹیموں کو رکھا جائے گا 32 ٹیمیں ناک مرحلے میں داخل ہوں گی جبکہ 64 کے بجائے 80 میچز ہوں گے لیکن ٹورنامنٹ کا دورانیہ وہی 32 دن کا ہوگا اور ہر گروپ سے دوٹیمیں ناک مرحلے میں داخل ہوں گی2026 کے ورلڈ کپ میں 48 ٹیموں کی شمولیت کے باوجود دلچسپ امر یہ ہے کہ فائنل تک رسائی کرنے والی ٹیم وہی سات میچ کھیلے گی جب ایونٹ میں 32 ٹیمی…,50,top5,
post_phase12_r_dev,R091,CPEC projects se Pakistan par qarz ka bojh barhne ki baat kyun hoti hai,NAT,,ROMAN,roman_bm25_method_D,1,72481,17.051836013793945,پنجاب بھر کےسی این جی اسٹیشن اج کھل جائیں گے,اٹھارہ روز کی بندش کے بعد وفاقی دارالحکومت اسلام اباد سمیت پنجاب بھر میں سی این جی اسٹیشنز اج کھل رہے ہیں سردی کی شدید لہر کے باعت سوئی ناردرن نے گھریلو صارفین کو گیس کی فراہمی میں بہتری کیلئے وفاقی دارالحکومت سمیت پنجاب بھر میں سی این جی اسٹیشن کو گیس فراہمی غیرمعینہ مدت تک کیلئے بند کردی تھی پاکستان سی این جی ایسوسی ایشن کے مرکزی چیئرمین غیاث پراچہ کے مطابق اج شام بجے سی این جی اسٹیشن کھل جائیں گے اٹھارہ روز کی بندش کے بعد وفاقی دارالحکومت اسلام اباد سمیت پنجاب بھر میں سی این جی اسٹیشنز اج کھ…,50,top5,
post_phase12_r_dev,R091,CPEC projects se Pakistan par qarz ka bojh barhne ki baat kyun hoti hai,NAT,,ROMAN,roman_bm25_method_D,2,54618,15.948107719421387,عثمان شنواری کابھارت کے خلاف5 وکٹیں لینے کا عزم,دبئی 17ستمبر 2017پاکستانی ٹیم کے فاسٹ بالر اور ابھرتے ہوئے کھلاڑی عثمان شنواری نے ایشیا کپ میں اپنے کیریئر کے سب سے بڑے میچ میں بھارت کے خلاف پانچ وکٹیں لینے کے عزم کااظہارکیاہے ایشیا کپ میں پاکستان کے بائیں ہاتھ سے گیند کرنے والےبالرعثمان شنواری نے ایشیا کپ کے پہلے میچ میں ہانگ کانگ کے خلاف 19 رنز دے کر وکٹیں حاصل کی تھیں پاکستان کا ہانگ کانگ سے میچ جیتنے میں عثمان شنواری نے اہم قردار ادا کیاعثمان شنواری کا مزید کہنا تھا مجھے اندازہ ہے کہ جو کھلاڑی پاکستان اور بھارت کے میچ میں اچھی کارکردگی دک…,50,top5,
post_phase12_r_dev,R091,CPEC projects se Pakistan par qarz ka bojh barhne ki baat kyun hoti hai,NAT,,ROMAN,roman_bm25_method_D,3,97059,13.563194274902344,گمبھیر اور کوہلی کی ریکارڈ شراکت سری لنکا کو 305رنز کا ہدف,ڈھاکاایشیا کپ کرکٹ ٹورنامنٹ کے ایک میچ میں گمبھیر اور کوہلی کی ریکارڈ شراکت کے باعت بھارت نے سری لنکا کو میچ جیتنے کیلئے305رنز کا ہدف دیا ہے بھارت نے پہلے بیٹنگ کرتے ہوئے مقررہ پچاس اوورز میں3وکٹوں کے نقصان پر 304رنز بنائے سری لنکن کپتان جے وردنے نے ٹاس جیت کر بھارتی ٹیم کو بیٹنگ کی دعوت دی سچن ٹنڈولکر ایک بار پھر بڑی اننگز کھیلنے میں ناکام رہے اور19 کے مجموعی اسکور پر صرف رنز بناکر پویلین کی راہ لی گوتم گمبھیر اور ورات کوہلی نے دوسری وکٹ کی شراکت میں 205 رنز بنائے جو ایشیا کپ میں دوسری وکٹ کیل…,50,top5,
post_phase12_r_dev,R091,CPEC projects se Pakistan par qarz ka bojh barhne ki baat kyun hoti hai,NAT,,ROMAN,roman_bm25_method_D,4,63415,12.446004867553711,اسٹاک ایکسچینج پر حملے کے باوجود پورے ہفتے تیزی,کراچی جولائی 2020 دیشتگردوں کے عزائم ناکام ہو گئے اسٹاک ایکسچینج میں حملے کے باوجود ہفتے کے پانچ روز تیزی دیکھی گئی کاروباری ہفتہ کے دوران 11سو سے زائد پوائنٹس کا اضافہ ریکارڈ کیا گیا دہشتگردوں کے حملے کے باوجود ہفتے کے پانچ دن مثبت رہے کاروباری ہفتہ 33939 سے شروع ہو کر 35051 پر بند ہوا پانچوں روز تیزی کے باعٹ انڈیکس میں 11 سو زائد پوائنٹس کا اضافہ ہوا کاروباری ہفتے میں 125 ارب شیئرز کے سودوں کی مالیت 43 ارب روپے رہی تیزی کے باعث سرمایہ کاروں کو ہفتے کے دوران 220 ارب کا نفع ہوا مارکیٹ کیپٹلائزی…,50,top5,
post_phase12_r_dev,R091,CPEC projects se Pakistan par qarz ka bojh barhne ki baat kyun hoti hai,NAT,,ROMAN,roman_bm25_method_D,5,54605,12.091471672058105,لیورپول نے پیرس سینٹ جرمن کو سنسنی خیز مقابلہ کے بعد شکست دے دی,لیورپول 19ستمبر 2018لیورپول نے اپنےیوئیفاچیمپئن لیگ کا اس سال کا اغاز بہترین اندازمیں شروع کرتےہوئے پیرس کی چیمپیئن ٹیم پیرس سینٹ جرمن کو سنسنی خیز مقابلہ کے بعد 32 سے شکست دے دی لیورپول کے فاروڈ پوزیشن پر کھیلنے والے کھلاڑی فرمینو کو انجری کے باعث ابتدائی وقت میں شامل نہیں کیا گیا لیکن میچ کے 72ویں منٹ پر اسکور22 سے برابر ہونے کے باعت فرمینو کو دوسرے کھلاڑی کے متبادل کے طورپربلایا گیا جوکہ ایک بہترین فیصلہ ثابت ہوافاروڈ پوزیشن کھلاڑی فرمینو نے ایک بہترین گول اسکور کرکے میچ کا پانسہ ہی پلٹ دیا …,50,top5,
post_phase12_r_dev,R092,Pakistan hockey team ranking,NAT,,ROMAN,roman_bm25_method_D,1,57901,4.6711835861206055,ورلڈ ٹی ٹوئنٹی وارم اپ میچ میں پاکستان ٹیم کل سری لنکا کے مدمقابل ہوگی,ورلڈ ٹی ٹوئنٹی کے وارم اپ میچ میں پاکستان ٹیم کل سری لنکا کے مدمقابل ہوگیمیچ کے لیے پاکستان ٹیم کولکتہ میں بھرپور ٹریننگ کر رہی ہے بارہ مارچ کو شیڈولپاکستان ٹیم کا وارم اپ میچ روانگی میں تاخیر کے باعث منسوخ ہوااب پاکستان ٹیم کولکتہ میں سری لنکا کے خلاف مدمقابل ہورہی ہے جس کے لیے پاکستان ٹیم کی ایڈن گارڈن میں بھرپور پریکٹس جارہی ہےپاکستان ٹیم کے کھلاڑی فزیکل ٹریننگ پر زیادہ توجہ دے رہے ہیں کولکتہ میں پاکستان ٹیم کے لیے سخت سیکورٹی انتظامات کیے گئے ہیںسیکورٹی اہلکاروں کے ساتھ کمانڈوز بھی تعینات ک…,50,top5,
post_phase12_r_dev,R092,Pakistan hockey team ranking,NAT,,ROMAN,roman_bm25_method_D,2,58766,4.668391227722168,ویمنز ٹور بنگلہ دیش کی سیکیورٹی ٹیم پاکستان کا دورہ کرے گی,بنگلہ دیش کی دو رکنی سیکیورٹی ٹیم پاکستان کا دورہ کرے گی ٹیم بنگلہ دیش ویمنز ٹیم کے دورہ پاکستان سے قبل سیکیورٹی صورتحال کا جائزہ لے گی بنگلہ دیش کی ویمنز کرکٹ ٹیم اکتوبرمیں پاکستان کا دورہ کرے گی بی سی بی دورے کی حتمی منظوری سیکیورٹی ٹیم کی کلیئرنس کے بعد دے گی بی سی بی کے صدر ناظم الحسن نے کہا ہے کہ ہم اپنی ویمنز کرکٹ ٹیم پاکستان بھیجنے کوتیارہیں جس کیلیے پاکستان کرکٹ بورڈ ہمیں تفصیلی پروگرام اورسیکیورٹی کی رپورٹ دے گا جس کے بعد دو رکنی سیکیورٹی ٹیم پاکستان کادورہ کرکے کھلاڑیوں کے تحفظ کے لیے…,50,top5,
post_phase12_r_dev,R092,Pakistan hockey team ranking,NAT,,ROMAN,roman_bm25_method_D,3,47656,4.663734436035156,ڈیوواٹمور اور گرانٹ فلاور کی دورہ پاکستان کیلئے بھرپور کوششیں زمبابوے کرکٹ ٹیم شیڈول کے مطابق پاکستان ئے گی اعلان متوقع,لاہور 92نیوز زمبابوے کرکٹ ٹیم کے دورہ پاکستان پر چھائے خدشات کے بادل چھٹ گئے افریقی ٹیم طے شدہ شیڈول کے مطابق دورہ کرے گی حتمی اعلان ہوگا زمبابوے کے اخبار ڈیلی ہیرالڈ نے انکشاف کیا ہے کہ زمبابوے کرکٹ ٹیم شیڈول کے مطابق پاکستان کا دورہ کرے گی دورہ پاکستان کو برقرار رکھنے کےلئے پاکستان کے سابق اور زمبابوے کے موجودہ کوچ ڈیو واٹمور اور پاکستان کے بیٹنگ کوچ گرانٹ فلاور نے اہم کردارادا کیاہے سانحہ کراچی کے بعد زمبابوے کرکٹ ٹیم کے دورہ پاکستان ملتوی ہونے کا خدشہ پیدا ہو گیا تھا تاہم پاکستان حکومت اور …,50,top5,
post_phase12_r_dev,R092,Pakistan hockey team ranking,NAT,,ROMAN,roman_bm25_method_D,4,87567,4.659185409545898,پاکستان ہاکی ٹیم اج رات ملائیشیا روانہ ہوگی,ایشین ہاکی چیمپئنز ٹرافی میں شرکت کیلئے پاکستان ٹیم اج رات ملائیشیا روانہ ہوگی کپتان محمد عرفان سفری کاغذات مکمل نہ ہونے کی وجہ سے ٹیم کے ہمراہ نہیں جاسکیں گےوہ دو روز بعد کوالالمپور روانہ ہوں گے کراچی میں جاری پاکستان ہاکی ٹیم کا مختصر تربیتی کیمپ ختم ہوگیا پاکستان ٹیم 20اکتوبر سے شروع ہونے والی ایشین ہاکی چیمپئنز ٹرافی میں اپنے اعزاز کا دفاع کرے گی پاکستان ٹیم کے کپتان محمد عرفان کا پاسپورٹ کسی دوسرے ملک کے سفارتخانے سے موصول نہیں ہوا ہے امکان ہے پیر یا منگل تک پاسپورٹ واپس مل جائے گا پاکستان…,50,top5,
post_phase12_r_dev,R092,Pakistan hockey team ranking,NAT,,ROMAN,roman_bm25_method_D,5,87409,4.658989906311035,نیلسنبارش کے باعث پاکستان کرکٹ ٹیم پریکٹس نہ کرسکی,پاکستان کرکٹ ٹیم ٹیسٹ میچز پر مشتمل سیریز کھیلنے کے لئے نیوزی لینڈ کے شہر نیلسن میں موجود ہےجہاں بارش کے باعث ٹیم کا پہلا ٹریننگ سیشن متاثر رہااور قومی ٹیم پریکٹس نہ کرسکی پاکستان کرکٹ ٹیم ٹیسٹ میچوں کی سیریز کے لیے گزشتہ روز نیوزی لینڈ کے شہر نیلسن پہنچی 24گھنٹے ارام کے بعد کھلاڑیوں کے لیے ہلکا پھلکا کرکٹ ٹریننگ سیشن شیڈول کیا گیا تھا لیکن نیلسن میں بارش کی وجہ سے پاکستان ٹیم کا سیشن متاثر ہوا کھلاڑیوں نے انڈرو فٹنس ٹریننگ میں حصہ لیا اور اس دوران فٹ بال بھی کھیلی پاکستان کرکٹ ٹیم کا کل بھرپور…,50,top5,
post_phase12_r_dev,R093,UK visit visa processing time from Pakistan,NAT,,ROMAN,roman_bm25_method_D,1,47291,18.561342239379883,برطانیہ کے کرسٹوفر فروم نے ٹور ڈی فرانس ریس جیت لی تین سالوں میں دوسری فتح,فرانس ویب ڈیسک برطانوی سائیکلسٹ کرسٹوفر فروم نے ٹور ڈی فرانس سائیکل ریس جیت لی ہے تین برسوں میں یہ ان کی دوسری فتح ہے تین ہفتوں تک جاری رہنے والی اس ریس کے اکیسویں اور حتمی مرحلے کا مقابلہ گزشتہ روز ہوا ایک سو نو کلومیٹر طویل اس مرحلے میں جرمن سائیکلسٹ اندرے گریپل فاتح رہے تاہم مجموعی کارکردگی کی بنیاد پر ریس کا ٹائٹل ٹیم سکائی کے کرسٹوفر فروم نے جیت لیا فروم دو ہزار تیرہ میں بھی ٹور ڈی فرانس کا ٹائٹل اپنے نام کر چکے ہیں سائیکلنگ کے اس سب سے بڑے مقابلے میں برطانیہ کی یہ تیسری فتح ہے کولمبیا کے …,50,top5,
post_phase12_r_dev,R093,UK visit visa processing time from Pakistan,NAT,,ROMAN,roman_bm25_method_D,2,57377,18.22942543029785,ٹور ٹو ڈی فرانس سائیکلنگ کا 11 واں مرحلہ سلواکیہ کے پیٹر سگان نے جیت لیا,ٹور ٹو ڈی فرانس سائیکلنگ کا گیارہواں مرحلہ سلواکیہ کے پیٹر سگان نے جیت لیا جبکہ کرس فروم اب بھی مجموعی برتری پر قابض ہیں ٹور ٹو ڈی فرانس سائیکلنگ کا گیارہواں مرحلہ میں سائیکلسٹ نے ایک سو باسٹھ کلو میٹر کا فاصلہ طے کیا پیٹر سگان اور کرس فروم میں جم کر مقابلہ ہوا تاہم خر کار پیٹر سگان ہی کامیاب رہے مجموعی برتری کے مالک برطانیہ کے کرس فروم دوسرے نمبر پر رہے جبکہ پولینڈ کے بوڈنر نے تیسری پوزیشن حاصل کی,50,top5,
post_phase12_r_dev,R093,UK visit visa processing time from Pakistan,NAT,,ROMAN,roman_bm25_method_D,3,88217,17.614425659179688,ٹور ڈی فرانس کا چودہواں مرحلہ مارک کیونڈش نے جیت لیا,ٹور ڈی فرانس کا چودہواں مرحلہ مارک کیونڈش نے جیت لیاکرس فروم کو مجموعی برتری اب بھی حاصل ہے ٹورڈی فرانس کے چوتھے مرحلے میںرائیڈرز کو مونٹلیمار سے ویا لی ڈمبے تک 208 کلومیٹرز تک کا فاصلہ طےکرنا تھاخوبصورت نظاروں سے بھر ان راستوں پر سب ہی رائیڈرز بازی لے جانے کے موڈ میں نظر ائےبرطانیہ کے مارک کیونڈش کسی کو بھی موقع دینے کو تیار نہیں تھےانہوں نے مقررہ فاصلہ پانچ گھنٹے 43 منٹ اور 49 سکینڈز میں طے کیا ناروے کے الیگزینڈر کرسٹوف دوسرے نمبر پر رہےاوور ال اسٹینڈنگز برطانیہ کے کرس فروم کے پاس ہے ٹور ڈی ف…,50,top5,
post_phase12_r_dev,R093,UK visit visa processing time from Pakistan,NAT,,ROMAN,roman_bm25_method_D,4,51746,16.084436416625977,فار فروم دی میڈنگ کراڈ کی سوشل میڈیا پر دھوم,اس اینجلسویب ڈیسکہالی ووڈ ڈرامہ فلم فارفروم دی میڈنگ کراوڈ کے ٹریلر نے سوشل میڈیا پر دھوم مچادی ہے دلچسپ ڈرامہ فلم یکم مئی کو سینماگھروں کی زینت بنے گی فلم کی کہانی وکٹوریہ دور میں فارم کی مالکن باتھ شیبا ایورڈین کے گرد گھوم رہی ہے جس سے تین افراد شادی کے خواہشمند ہیں ہدایتکار تھامس ونٹر برگ کی فلم میں کیری ملیگن کے مد مقابل متھیاس شان رٹسمائیکل شینٹام اسٹریج اور جونو ٹیمپل اہم کردار ادا کررہے ہیں فلم کی کہانی تھامس ہارڈے کے اٹھارہ سو چوہتر میں شائع ہونے والے چوتھے ناول سے لی گئی ہے ناول کا نام…,50,top5,
post_phase12_r_dev,R093,UK visit visa processing time from Pakistan,NAT,,ROMAN,roman_bm25_method_D,5,104536,16.039154052734375,فلم فار فروم دی میڈنگ کراوڈکا ٹریلر جاری,نیویارکہالی ووڈکی صف اول کی اداکارہ کیری ملیگن کی نئی ہالی ووڈ ڈرامہ فلمفار فروم دی میڈنگ کراوڈکا ٹریلر جاری کردیا گیاہدایتکار تھامس ونٹر برگ کی یہ فلم1874ءکے اسی نام کے ناول سے ماخوذ ہے جس میں کیری ملیگن کے مد مقابل متھیاس شان ارٹسمائیکل شینٹام اسٹریج اور جونو ٹیمپل اہم کردار ادا کررہے ہیںاینڈریو میکڈونلڈاور ایلن ریچ کی پروڈیوس کردہ اس فلم کی کہانی وکٹوریہ دور میں فارم کی مالکن باتھ شیبا ایورڈینکیری ملیگنکے گرد گھوم رہی ہے جس سے تین افراد شادی کے خواہشمند ہیںدلچسپ ڈرامہ اور اسٹوری لیے یہ فلم ف…,50,top5,
post_phase12_r_dev,R094,atif aslam concert Pakistan,NAT,,ROMAN,roman_bm25_method_D,1,41304,6.383075714111328,جنوبی افریقہ کی سکیورٹی ٹیم کا چار رکنی وفد اسلام اباد پہنچ گیا,اسلام باد92 نیوز جنوبی افریقہ کی سکیورٹی ٹیم کا چار رکنی وفد اسلام باد پہنچ گیاکورونا ٹیسٹ کے نتائج منفی نے کے بعد وفد اسلام باد میں اپنی سرگرمیوں کا غاز کرے گا جنوبی افریقہ کی سکیورٹی ٹیم پاکستان میں حفاظتی انتظامات کا جائزہ لے گی وفد کل راولپنڈی میں پاکستان اور زمبابوے کے درمیان تیسرا ون ڈے میچ بھی دیکھے گا ئندہ سال جنوری میں جنوبی افریقہ کرکٹ ٹیم کا دورہ پاکستان شیڈول ہےجنوبی افریقہ کی ٹیم دورہ پاکستان میں دوٹیسٹ اور تین ٹی ٹوئنٹی میچز کھیلے گی,50,top5,
post_phase12_r_dev,R094,atif aslam concert Pakistan,NAT,,ROMAN,roman_bm25_method_D,2,66317,6.374702453613281,معروف شاعر امجد اسلام امجد نے ترکی کا اعلی ثقافتی ایوارڈ حاصل کر لیا,انقرہ 23 دسمبر 2019 پاکستان کے معروف شاعر امجد اسلام امجد نے ترکی کا اعلی ثقافتی ایوارڈ حاصل کر لیا ہے ترک صدر رجب اردوان سمیت دیگر اعلی حکام بھی تقریب میں شریک ہوئے امجد اسلام امجد کو نصیب فضیل انٹرنیشنل کلچرل ارٹ ایوارڈ سے نوازا گیا اس موقع پر تقریب سے خطاب کرتے ہوئے ترک صدر نے کہا کہ امجد اسلام امجد جدید اردو ادب کے اہم شعرا میں سے ایک ہیں انہوں نے کہا کہ امجد اسلام امجد پاکستان کے معروف شاعر ہیں ترک صدر کا کہنا تھا کہ پاکستان ترکی کا انتہائی عزیز اور قریبی دوست ملک ہے دونوں ممالک کا مفاد یک…,50,top5,
post_phase12_r_dev,R094,atif aslam concert Pakistan,NAT,,ROMAN,roman_bm25_method_D,3,41810,6.373955249786377,ڈیرن سیمی کی اسلام اباد میں لانگ ڈرائیو,اسلام اباد 92 نیوزپشاور زلمی کے کپتان ڈیرن سیمی کو پاکستان سے محبت ہو گئی ہمیشہ پاکستان انے پر انہوں نے شاندار تجربہ قرار دیا اور ائیرپورٹ سے لے کر شاپنگ مال تک ہر تصویر کو اپنے سوشل میڈیا پر شیئر کرتے رہے ڈیرن سیمی نے اسلام اباد میں جاوید افریدی کے ہمراہ لانگ ڈرائیو کی اس دوران وہ ملی نغمہ دل دل پاکستان جان جان پاکستان بھی گنگناتے رہے ڈیرن سیمی کا کہنا ہے کہ پی ایس ایل کا بھرپور لطف اٹھارہا ہوں اسلام اباد کی خوبصورتی نے بہت متاثر کیا یاد رہے کہ ڈیرن سیمی کو 23 مارچ کو پاکستان کی اعزازی شہریت ب…,50,top5,
post_phase12_r_dev,R094,atif aslam concert Pakistan,NAT,,ROMAN,roman_bm25_method_D,4,46490,6.318516254425049,پاکستان سپرلیگ اسلام باد یونائیٹڈ نے لاہور قلندرز کو پہلے بیٹنگ کی دعوت دیدی,لاہور ویب ڈیسک پاکستان سپرلیگ کا ایک اہم میچ لاہور قلندرز اور اسلام باد یونائیٹڈ کے درمیان کھیلا جا رہا ہے اسلام باد یونائیٹڈ نے ٹاس جیت کر پہلے فیلڈنگ کا فیصلہ کیا اور لاہور قلندرز کو بیٹنگ کی دعوت دی پاکستان سپرلیگ کا نواں میچ ہے مصباح الحق انجری کی وجہ سے اسلام باد کی قیادت نہیں کر سکیں گے ان کی جگہ سٹریلوی رانڈر شین واٹسن اسلام باد یونائیٹڈ کی قیادت کریں گے لاہور قلندرز کے کپتان اظہر علی نے کہا ہے کہ وکٹ بہت اچھی ہے امید ہے کہ گزشتہ میچ کی طرح بھی اچھا ہدف دیں گے اسلام باد یونائیٹڈ میں شرجی…,50,top5,
post_phase12_r_dev,R094,atif aslam concert Pakistan,NAT,,ROMAN,roman_bm25_method_D,5,81435,6.3011908531188965,اسلام اباد یونائیٹڈ سے وابستہ جنوبی افریقا کے پیسر ڈیل اسٹین پاکستان پہنچ گئے,اسلام اباد یونائیٹڈ سے وابستہ اور جنوبی افریقا کے پیسر ڈیل اسٹینپاکستان سپر لیگ پی ایس ایل کھیلنے کے لیے اسلام باد پہنچ گئےفاسٹ بولر ڈیل اسٹین پہلی مرتبہ پاکستان سپر لیگ میں شامل ہوئے ہیں اور وہ پی ایس ایل کے پانچویں ایڈیشن میں فرنچائز اسلام باد یونائیٹڈ کا حصہ ہیں جب کہ وہ پلاٹینم کیٹیگری میں شامل ہیںپہلی مرتبہ پاکستان نے والے ڈیل اسٹین انگلینڈ کے خلاف سیریز کی وجہ سے پی ایس ایل کے ابتدائی میچز میں شریک نہ ہو سکے تاہم اب انہوں نے اپنی ٹیم جوائن کر لی ہےترجمان اسلام اباد یونائیٹڈ کا کہنا ہے کہ …,50,top5,
post_phase12_r_dev,R095,سیلاب ke baad kisanon ko fasal ke nuqsan ka muawza kyun late milta hai,NAT,,MIXED,urdu_bm25,1,103186,13.214484214782715,چنئی اکشے کمارکا چنئی سیلاب زدگان کیلئے1کروڑ روپے کا عطیہ,چنئیحال ہی میں بھارت کے شہر چنئی میں سیلاب نے شہر بھر میں تباہی مچادی ہے اسی سلسلے میں گزشتہ روز بالی ووڈ کے ایکشن ہیرو اکشے کمار نے بھی ایک ٹرسٹ کو سیلاب سے متاثر لوگوں کی امداد کے لئے1کروڑ روپے عطیہ کر دئیے ہیںواضح رہے کہ کئی بالی ووڈ اسٹارز نے سیلاب زدگان کے لئے امدادی رقوم حکومت کی طرف سے قائم کئے گئے فنڈ میں جمع کروائی ہے شاہ رخ خان اور ان کی نئی فلم دل والے کی ٹیم نے بھی ایک کروڑ روپے چنئی سیلاب زدگان کو عطیہ کئے تھے,50,top5,
post_phase12_r_dev,R095,سیلاب ke baad kisanon ko fasal ke nuqsan ka muawza kyun late milta hai,NAT,,MIXED,urdu_bm25,2,103884,13.01606559753418,دریائے سندھ میں تونسہ کے مقام پر اونچے درجے کا سیلاب,لاہورپنجاب میں دریائے سندھ میں تونسہ کے مقام پر اونچے درجے جبکہ کالا باغ اور چشمہ کے مقامات پر درمیانے درجے کا سیلاب ہے دیگر دریا معمول کے مطابق بہہ رہے ہیںپی ڈی ایم اے پنجاب کے ترجمان کے مطابق دریائے سندھ میں تونسہ کے مقام پر بہاو لاکھ 73 ہزار 108 کیوسک اور اونچے درجے کا سیلاب ہے تربیلا پر بہاو لاکھ ہزار کالاباغ لاکھ 65 ہزار 923 جبکہ چشمہ کے مقام پر بہاو لاکھ 82 ہزار 164کیوسک اور درمیانے درجے کا سیلاب ہےنالہ ڈیک میں قلعہ صوبہ سنگھ کے مقام پرپانی کا بہاو ہزار 670 کیوسک اورنچلے درجے کا سیلاب ہے …,50,top5,
post_phase12_r_dev,R095,سیلاب ke baad kisanon ko fasal ke nuqsan ka muawza kyun late milta hai,NAT,,MIXED,urdu_bm25,3,62010,12.945382118225098,سیلاب کے دوران پٹرول وڈیزل کی قلت کا خدشے اوگرا کی وارننگ,ملک بھر میں مون سون بارشوں کے بعد سیلاب کے دوران ملک میں پٹرول وڈیزل کی قلت کے خدشے کے پیش نظر اوگرا نے تمام ئل مارکیٹنگ کمپنیوں کو وارننگ جاری کردی ترجمان اوگرا کے مطابق ملک بھر میں مون سون بارشوں کے بعد سیلاب کے دوران ملک میں پیٹرولیم مصنوعات کی قلت کا امکان موجودہے جس کو مدنظر رکھتے ہوئے اوگرا نے تمام ئل مارکیٹنگ کمپنیوں کو وارننگ جاری کر دی ہے اوگرا کے مطابق محکمہ موسمیات نے ئندہ دوماہ کےدوران سیلاب کی پیشنگوئی کی ہے جس پر اوگرا نے ائل کمپنیوں کو ہدایت دی ہے کہ سیلابی صورتحال سے قبل پٹرول و…,50,top5,
post_phase12_r_dev,R095,سیلاب ke baad kisanon ko fasal ke nuqsan ka muawza kyun late milta hai,NAT,,MIXED,urdu_bm25,4,67358,12.941108703613281,بالی ووڈ اسٹارز کا سیلاب متاثرین کیلئے اہم اقدام,ویب ڈیسک20 اگست 2018 بالی ووڈ اسٹارز بھی کیرالہ کے سیلاب متاثرین کی مدد کیلئے سامنے اگئے بھارتی ذرائع کے مطابق بالی ووڈ فلم انڈسٹری کے بہت سے اسٹارز ذاتی طور پر ایمرجنسی ہیلپ لائن نمرز کو متاثرین تک پہنچا نے کی کو شش کر رہے ہیںان میں لیجنڈ اداکار امیتابھ بچن نے پہل کر تے ہو ئے کیرالا سیلاب متاثرین کیلئےٹویٹر پرایمرجنسی نمبر زشیئر کیے 2904 18 2018 ابھیشیک بچنانوشکا شرما کترینہ کیف فرح اختر ودیا بالن کریتک اریان شردھا کپور سدھارت ملہورترا کے ساتھ اور بہت سی شخصیات نے بھی سوشل میڈیا پر کیرالہ کے م…,50,top5,
post_phase12_r_dev,R095,سیلاب ke baad kisanon ko fasal ke nuqsan ka muawza kyun late milta hai,NAT,,MIXED,urdu_bm25,5,76782,12.516156196594238,پنجاب میں سیلاب سے 2ارب روپے کی فصلوں کو نقصان پہنچا,لاہورصوبہ پنجاب میں حالیہ بارشوں اور سیلاب سے چاول کپاس اور سبزیوں کی فصلیں بری طرح متاثر ہوئی ہیں مجموعی نقصان کا اندازہ ارب روپے لگایا جا رہا ہے صدر پنجاب واٹر کونسل حامد ملہی کے مطابق حالیہ بارش اور سیلاب نے پنجاب میں زرعی شعبے کو بری طرح متاثر کیا ہے چاول کی 25 فی صد فصل جبکہ کپاس کی ایک لاکھ ایکڑ پر کھڑی فصل تباہ ہوگئی ان کے مطابق نقصانات کا مجموعی اندازہ ارب روپے تک پہنچ گیا ہےحامد ملہی کا کہنا تھا کہ حکومت نے 2010 کے سیلاب سے کوئی سبق نہیں سیکھا اور ندی نالوں کے پشتے اور بند کو بروقت مضب…,50,top5,
post_phase12_r_dev,R096,Eid ka chand kab nazar aayega Pakistan,NAT,,ROMAN,roman_bm25_method_D,1,18668,20.126182556152344,کعب اللہ کا غلاف,ہرسال کی طرح اس سال بھی کعب اللہ کا غلاف تبدیل کیا گیا نو ذوالحج کو بیت اللہ میں غلاف کعبہ تبدیل کیا جاتا ہے غلاف کعبہ کو عربی میں کسو الکعبہ کہا جاتا ہے جس کی تبدیلی کاعمل چھ گھنٹوں میں مکمل ہوا خانہ کعبہ کے غلاف کی تبدیلی نماز فجر کے بعد شروع ہوئی اور اس کی تیاری میں روایتی طور پر اس سال بھی 150 کلو گرام چاندی اور سونا جبکہ 670 کلو گرام خالص ریشم کا استعمال کیا گیا سونے اور چاندی سے غلاف پر قرنی یات کی کشیدہ کاری بھی کی گئی ہے تصاویر اے ایف پی اے پی,50,top5,
post_phase12_r_dev,R096,Eid ka chand kab nazar aayega Pakistan,NAT,,ROMAN,roman_bm25_method_D,2,59335,12.486543655395508,پاکستان میں سال 2020 کے خری چاند گرہن کا نظارہ,کراچی06 جون 2020پاکستان سمیت دنیا کے کئی ممالک میں چاند گرہن کا نظارہ دیکھا گیااس سال مزید دو بار چاند گرہن کا نظارہ کیا جاسکے گا محکمہ موسمیات کے مطابق چاند گرہن پاکستانی وقت کے مطابق رات 10بج کر46منٹ پر شروع ہوارات 12بج کر 25منٹ پر چاند کو مکمل طور پر گرہن لگا جبکہ اس کا اختتام رات 2بج کر 4منٹ پر ہوا چاند گرہن کا نظارہ پاکستان سمیت یورپ ایشیاء سٹریلیا افریقہ جنوبی امریکہ بحر الکاہل بحر اوقیانوس اور بحر ہند اور انٹارکٹیکا سمیت بیشتر علاقوں دیکھا گیا محکمہ موسمیات کے مطابق مزید دوبار چاند گرہن …,50,top5,
post_phase12_r_dev,R096,Eid ka chand kab nazar aayega Pakistan,NAT,,ROMAN,roman_bm25_method_D,3,59336,12.316774368286133,پاکستان سمیت دنیا کے کئی ممالک میں چاند گرہن کا نظارہ کیا جاسکے گا,کراچی05 جون 2020پاکستان سمیت دنیا کے کئی ممالک میں چاند گرہن ہوگااس سال چار بار چاند گرہن کا نظارہ کیا جاسکے گا محکمہ موسمیات کے مطابق چاند گرہن پاکستانی وقت کے مطابق رات 10بج کر46منٹ پر شروع ہوگا جبکہ رات 12بج کر 25منٹ پر چاند مکمل طور پر گرہن میں ہوگا اور اس کا اختتام رات 2بج کر 4منٹ پر ہوگا محکمہ موسمیات کے مطابق پاکستان کے ساتھ ساتھ یہ یورپ ایشیاء سٹریلیا افریقہ جنوبی امریکہ بحر الکاہل بحر اوقیانوس اور بحر ہند اور انٹارکٹیکا سمیت بیشتر علاقوں سے بھی نظر ئے گا محکمہ موسمیات کے مطابق اس سال چ…,50,top5,
post_phase12_r_dev,R096,Eid ka chand kab nazar aayega Pakistan,NAT,,ROMAN,roman_bm25_method_D,4,59559,12.233760833740234,پاکستان سمیت دنیا بھر میں رواں سال کا دوسرا چاند گرہن شروع,کراچی پاکستان سمیت دنیا میں رواں سال کا دوسرا چاند گرہن شروع ہو گیا ہے رات 11 بج کر 44 منٹ پرغاز ہوا ایک بج کر منٹ پر چاند کو جزوی گرہن ہوگا تفصیلات کے مطابق محکمہ موسمیات کا کہنا ہے کہ چاند کو گرہن لگنے لگا ہے گیارہ بج کر چوالیس منٹ پر اغاز ہوا جب کہ ایک بج کر دو منٹ پر جزوی گرہن ہوگامحکمہ موسمیات کا یہ بھی کہنا ہے کہ رات بج کر 32 منٹ پر مکمل چاند گرہن ہوگا چاند گرہن کا مجموعی دورانیہ گھنٹے 34 منٹ ہوگا چاند گرہن یورپ ایشیا سٹریلیا افریقا میں دیکھا جا سکے گا جب کہ امریکا پیسیفک اٹلانٹک بحیرہ ہن…,50,top5,
post_phase12_r_dev,R096,Eid ka chand kab nazar aayega Pakistan,NAT,,ROMAN,roman_bm25_method_D,5,59558,12.174683570861816,رواں سال دو دوسرا چاند گرہن ختم,کراچی17 جولائی 2019 رواں سال کا دوسرا پانچ گھنٹے طویل چاند گرہن ختم ہو گیا تفصیلات کے مطابق رات گیارہ بجکر چوالیس منٹ پر شروع ہونے والا چاند گرہن صبح پانچ بجکر اٹھارہ منٹ تک جاری رہا رواں سال کا دوسرا چاند گرہن پاکستان کے علاوہ یورپایشیا افریقااورجنوبی امریکا میں دیکھاگیا سے قبل رواں سال کا پہلا چاند گرہن 21 جنوری 2019 کو ہوا تھا جو کہ پاکستان میں نہیں دیکھا جا سکا تھا اس چاند گرہن کا نظارہ یورپ جنوبی اور شمالی امریکا اور افریقا میں دیکھا گیا تھا جسے ماہرین فلکیات نے سپر بلڈ وولف مون کا نام دیا…,50,top5,
post_phase12_r_dev,R097,Karachi property tax online payment ka tareeqa,NAT,,ROMAN,roman_bm25_method_D,1,57899,4.758752346038818,کراچی پولو ٹورنامنٹ کا فائنل کراچی ریڈ کی فتح,کراچی پولو ٹورنامنٹ کے فائنل میں کراچی ریڈ نے کراچی بلیک کو دو کے مقابلے میں چھ گول سے شکست دے کرٹورنامنٹ اپنے نام کرلیاجبکہ کور کمانڈر کراچی نے کھلاڑیوں میں انعامات تقسیم کیے ملیر گیریژن میں کھیلے جانے والے کراچی پولو ٹورنامنٹ کے فائنل میں کور کمانڈر کراچی لیفیٹیننٹ جنرل نوید مختارنے بطورمہمان خصوصی شرکت کی جبکہ انکے علاوہ اعلی فوجی اور سول حکام سمیت بڑی تعداد میں لوگوں نے شرکت کی ٹورنامنٹ کے فائنل میچ میں کراچی ریڈ نے کراچی بلیک کو یکطرف مقابلے کے شکست دیکر فتح اپنے نام کی جبکہ میچ کے اختتام …,50,top5,
post_phase12_r_dev,R097,Karachi property tax online payment ka tareeqa,NAT,,ROMAN,roman_bm25_method_D,2,62963,4.748509883880615,بارہویں مائی کراچی نمائش کا اغاز,بین الاقوامی سطح پر کراچی کے مثبت تاثر کو اجاگر کرنے کی غرض سے بارہویں مائی کراچی نمائش کا کراچی ایکسپو سینٹر میں اغاز ہوگیا نمائش دس تا بارہ اپریل جاری رہے گی کراچی ایکسپو سینٹر میں بارہویں بین الاقوامی مائی کراچی نمائش جاری ہے نمائش کی افتتاحی تقریب میں مہمان خصوصی وزیر اعلی سندھ کمشنر کراچی اور صنعت تجارت سے تعلق رکھنے والی شخصیات شریک تھیں افتتاحی تقریب سے خطاب کرتے ہوئے وزیر اعلی سندھ قائم علی شاہ کا کہنا تھا کہ ایسی نمائش سے کراچی کا سافٹ امیج اجاگر ہوگا اور میڈ ان پاکستان مصنوعات کو فروغ…,50,top5,
post_phase12_r_dev,R097,Karachi property tax online payment ka tareeqa,NAT,,ROMAN,roman_bm25_method_D,3,111021,4.741668701171875,16ویں مائی کراچی نمائش کا افتتاح ہوگا,نمائش روز تک جاری رہنے کے بعد 7اپریل 2019 کو ختم ہوگی فوٹو فائل کراچی16ویں مائی کراچی نمائش کا افتتاح ایکسپو سینٹر کراچی میں ہوگا کراچی چیمبر اف کامرس اینڈ انڈسٹری کے تحت16ویں مائی کراچی نمائش کا افتتاح ایکسپو سینٹر کراچی میں ہوگا جس میں ملکی وغیر ملکی نمائش کنندگان تقریبا 10لاکھ سے زائدافراد کے سامنے اپنی خدمات اور مصنوعات کی تشہیر کریں گے نمائش روز تک جاری رہنے کے بعد 7اپریل 2019 کو ختم ہوگی یہ نمائش بزنس ٹو بزنس اور بزنس ٹو کنزیومر میٹنگز کے حوالے سے ایک بہترین پلیٹ فارم ثابت ہوگی اور ساتھ ہ…,50,top5,
post_phase12_r_dev,R097,Karachi property tax online payment ka tareeqa,NAT,,ROMAN,roman_bm25_method_D,4,61585,4.718203067779541,چودھویں مائی کراچی انٹرنیشنل نمائش اپریل سے ایکسپو سینٹر میں شروع ہوگی سراج قاسم تیلی,تین روزہ 14 ویں مائی کراچی انٹرنیشنل نمائش ایکسپو سینٹر میں سے اپریل تک منعقد کی جائے گی اس بات کا اعلان کراچی چیمبر کے سرپرست اعلی سراج قاسم تیلی نے کیا کراچی چیمبر کامرس میں پریس کانفرنس کرتے ہوئے انہوں نے کہا کہ روزہ 14ویں مائی کراچی انٹرنیشل نمائش کا انعقاد کراچی ایکسپو سینٹر میں کیا جائے گا نمائش سے اپریل تک جاری رہے گی سراج قاسم تیلی کا کہنا تھا کہ مائی کراچی نمائش میں ہر سال عوام کی بڑی تعداد کی شرکت اس کی کامیابی ہے مائی کراچی نمائش کے افتتاح کے لیے وزیراعظم پاکستان صدر پاکستان گورنر سن…,50,top5,
post_phase12_r_dev,R097,Karachi property tax online payment ka tareeqa,NAT,,ROMAN,roman_bm25_method_D,5,65584,4.716708183288574,میئر کراچی کی ورلڈ بینک کے وفد سے ملاقات,کراچی03 اکتوبر2018میئر کراچی وسیم اختر سے ورلڈ بینک کے وفد سے ملاقات کی ہے جس کی صدارت عالمی بینک ڈائریکٹر ورلڈ بینک ایلنگون نے کی ورلڈ بینک کے وفد سے ملاقات میں میئر کراچی وسیم اختر نے ورلڈ بینک کے ساتھ بہتر تعاون اور کراچی کی ترقی کی امید کا اظہار کیا اس موقع پر میئر کراچی وسیم اختر نے بتایا گذشتہ دو سالوں میں کراچی میں بہتر تعاون کے ذریعے ترقیاتی کاموں کو گے بڑھایا ہے میئر کراچی کاکہناتھا کہ ہم ہراس شخص اور ادارے سے تعاون کے لئے تیار ہیں جو کراچی کی بہتری چاہتا ہے 68 2018 وسیم اختر کاکہناتھا…,50,top5,
post_phase12_r_dev,R098,Turkish dramas Pakistan mein itne popular kyun ho gaye hain,NAT,,ROMAN,roman_bm25_method_D,1,81170,5.558025360107422,کورونا نے مشکلات میں گھری پاکستان ہاکی کے مسائل کو گھمبیر بنا دیا,پاکستان ہاکی فیڈریشن کے سیکریٹری صف باجوہ کا کہنا ہے کہ کورونا وائرس کے پاکستان ہاکی پر انتہائی منفی اثرات پڑے ہیں پاکستان ہاکی پہلے ہی مالی مسائل کی وجہ سے زوال کا شکارتھی اب صورتحال گھمبیر ہو چکی ہے اور کھلاڑی بے روزگار ہو رہے ہیںعالمی وبا کورونا وائرس کے تو زندگی کے ہر شعبے پر منفی اثرات پڑے ہیں لیکن دنیا بھر میں کھیلوں کی سرگرمیاں متاثر ہونے کی وجہ سے کھیلوں پر اس کے اثرات شدید منفی نوعیت کے ہیں ترقی یافتہ ممالک میں بھی کھیلوں کی تنظمیں مالی نقصانات سے دوچار ہیں اور کھلاڑی پے کٹس کا شکار ہی…,50,top5,
post_phase12_r_dev,R098,Turkish dramas Pakistan mein itne popular kyun ho gaye hain,NAT,,ROMAN,roman_bm25_method_D,2,80869,5.430665969848633,وسیم خان نے پاکستان کی انگلینڈ کے خلاف سیریز کو چیلنجنگ قرار دیدیا,چیف ایگزیکٹو پاکستان کرکٹ بورڈ وسیم خان نے پاکستان کی انگلینڈ کے خلاف سیریز کو چیلنجنگ قرار دیدیاپاکستان کرکٹ ٹیم ان دنوں ڈربی میں قیام پزیر ہے اور انٹرا اسکواڈ میچز کے علاوہ ٹریننگ سیشنز کر رہی ہے جب کہ انگلینڈ کے خلاف تین ٹیسٹ میچز کی سیریز کا پہلا ٹیسٹ اگست سے اولڈ ٹریفورڈ مانچسٹر میں شروع ہو گا پاکستان کرکٹ بورڈ کے چیف ایکزیکٹو وسیم خان کا کہنا ہے کہ پاکستان کی انگلینڈ کے خلاف سیریز سان نہیں ہو گی کیونکہ اس سے قبل انگلینڈ کی ٹیم ویسٹ انڈیز کے خلاف تین ٹیسٹ میچز کی سیریز کھیل چکی ہو گی اور م…,50,top5,
post_phase12_r_dev,R098,Turkish dramas Pakistan mein itne popular kyun ho gaye hain,NAT,,ROMAN,roman_bm25_method_D,3,89567,5.420563697814941,سیریز تب ہی ہوگی جب بھارتی حکومت اجازت دے گیشہریار,لاہورپاکستان کرکٹ بورڈ کے چیئر مین شہریار خان کا کہنا ہے کہ پاک بھارت سیریز تب ہی ہو گی جب بھارتی حکومت اجازت دے گی واپڈا ٹی 12 سکول کرکٹ ٹورنامنٹ کی افتتاحی تقرب کا انعقاد کیا گیا جس کے مہمان خصوصی پاکستان کرکٹ بورڈ کے چیئر مین شہریار خان تھے میڈیا سے گفتگو کرتے ہوئےپاکستان کرکٹ بورڈ کے چیئر مین شہریا خان کا کہنا تھا کہ پاکستان سپر لیگ کے انتظامات مکمل ہو چکے ہیں سری لنکا کے پلیئر پاکستان سپر لیگ میں شامل نہیں ہو سکے جس کا افسوس رہے گاشہریار خان کا مزید کہنا تھا کہ پاک بھارت سیریز اب تبھی ممکن…,50,top5,
post_phase12_r_dev,R098,Turkish dramas Pakistan mein itne popular kyun ho gaye hain,NAT,,ROMAN,roman_bm25_method_D,4,86199,5.3877058029174805,بیسویں صدی کی نہیں جدید دور کی کرکٹ کھیلنا ہو گی مکی ارتھر,پاکستان کرکٹ ٹیم کے ہیڈ کوچ مکی ارتھر نے اپنے کھلاڑیوں کو خبردار کیا ہے کہ اب بیسویں صدی کی نہیں جدید دور کی کرکٹ کھیلنا ہو گی مکی ارتھرکو پاکستان کرکٹ ٹیم کی کوچنگ سنبھالے ایک برس ہونے کو ہے اور اب انہیں احساس ہو گیا ہے کہ پاکستان کرکٹ ٹیم بیسویں صدی کی کرکٹ کھیلتی رہی ہے گیانا میں ایک انٹرویو میں انہوں نےکہا کہ اب نئے تقاضوں کے مطابق کھیلنا ہو گا مکی ارتھر مانتے ہیں کہ یہ حقیقت ہے کہ پاکستان میں کرکٹ نہیں ہو رہی اور نہ ہی کھلاڑیوں کو ائی پی ایل ایکسپوژر ہے یہ حقائق اپنی جگہ مگرکھلاڑیوں کو ہر …,50,top5,
post_phase12_r_dev,R098,Turkish dramas Pakistan mein itne popular kyun ho gaye hain,NAT,,ROMAN,roman_bm25_method_D,5,86880,5.349913597106934,پاکستان بلائنڈ کرکٹ ٹیم کی ٹی ٹوئنٹی کیلئےبھرپور تیاریاں,پاکستان بلائنڈ کرکٹ ٹیم بھارت جائے گی یا نہیں اس کا فیصلہ تو نہیں ہو سکا لیکن پاکستان بلائنڈ بھارت میں کھیلے جانے والے ٹی ٹوئنٹی ورلڈ کپ کے لئےبھرپور تیاریاں کر رہی ہے بلائنڈ ٹی ٹوئنٹی ورلڈ کپ اکتیس جنوری سے بھارت کے مختلف شہروں میں کھیلا جانا ہےلیکن پاکستان بلائنڈ ٹیم تاحال بھارت اور پاکستان کی حکومتوں کی جانب سے کلیئرنس کی منتظر ہے ٹیم مینجمنٹ کا کہنا ہے انتظار اپنی جگہ لیکن بھرپور ٹریننگ جاری ہے پاکستان بلائنڈ کرکٹ ٹیم کے کوچ عبدالرزاق کا کہنا ہے کہ کھلاڑی بھی بھارت میں مقابلے کے منتظر ہیں ک…,50,top5,
post_phase12_r_dev,R099,Pakistan mein COVID cases ka latest data,NAT,,ROMAN,roman_bm25_method_D,1,84780,17.580490112304688,لاہور قلندرز کے کھلاڑیوں ٹیم منجمنٹ کی داتا دربار حاضری,لاہور پاکستان سپر لیگ پی ایس ایل کی فرنچائز لاہور قلندرز کے کھلاڑیوں نے ٹیم منجمنٹ کے ہمراہ داتا دربار پر حاضری دیحاضری دینے والے کھلاڑیوں میں مڈل ارڈر بلے باز عمر اکمل لیگ اسپنر یاسر شاہ اوپننگ بلے باز فخر زمان ال رانڈر بلاول بھٹی اور دیگر کھلاڑی شامل تھےاس کے علاوہ لاہور قلندرز کے چیئرمین فواد رانا سی ای او عاطف رانا اور ہیڈ کوچ عاقب جاوید بھی ٹیم کے ہمراہ داتا دربار گئےکھلاڑیوں اور منجمنٹ نے داتا دربار پر خصوصی دعائیں کی,50,top5,
post_phase12_r_dev,R099,Pakistan mein COVID cases ka latest data,NAT,,ROMAN,roman_bm25_method_D,2,93306,16.26761817932129,پاکستانینژاد برطانوی باکسر عامر خان کی لاہور مد داتا دربار حاضری,لاہورپاکستانینژاد برطانوی باکسر عامر خان نے لاہور میں داتا دربار پرحاضری دی اہل خانہ کے ہمراہ واہگہ بارڈر پر پرچم کشائی تقریب میں بھی شرکت کی عالمی شہرت یافتہ باکسر عامر خان فیملی کے ہمراہ واہگہ بارڈر پہنچے پرچم کشائی کی تقریب میں شرکت کی لوگوں میں گھل مل گئے تقریب کو بھرپو انجوائے کیاخود بھی قومی پرچم لہراتے رہے ان کا کہنا تھا کہ وہ یہاں کر خود کو زیادہ توانا محسوس کر رہے ہیں عامر خان نے اہل خانہ کے ہمراہ مزار حضرت داتا صاحب پرحاضری دی اور پھولوں کی چادر چڑھائیایک سوال پر ان کا کہنا تھا کہ پاک…,50,top5,
post_phase12_r_dev,R099,Pakistan mein COVID cases ka latest data,NAT,,ROMAN,roman_bm25_method_D,3,96688,16.21849822998047,لاہور قومی ہاکی ٹیم کی داتا دربار پر حاضری کامیابی کیلئے دعائیں,لاہور پاکستان ہاکی ٹیم کے ارکان نے لاہور میں ممتاز بزرگ ہستی حضرت علی ہجویری المعروف حضرت داتا گنج بخش رحم اللہ علیہ کے مزار پر حاضری دی انہوں نے وہاں اللہ رب العزت کے حضور اذلان شاہ ہاکی ٹورنامنٹ سمیت ہاکی کے ہر میدان میں سبز ہلالی پرچم سر بلند کرنے کی دعائیں مانگیں اذلان شاہ ہاکی ٹورنامنٹ میں شرکت سے ایک دن پہلے قومی ہاکی ٹیم کے کھلاڑی کوچ اور منیجر کے ہمراہ حضرت علی ہجویری کے دربار پر حاضر ہوئے انہوں نے وہاں پھول چڑھائے اور فاتحہ خوانی کی کھلاڑیوں نے مسجد داتا دربار میں نوافل ادا کیے اور قوم…,50,top5,
post_phase12_r_dev,R099,Pakistan mein COVID cases ka latest data,NAT,,ROMAN,roman_bm25_method_D,4,55624,16.132658004760742,لاہور باکسر عامر خان کی داتا دربار پر حاضری,پاکستانی نژاد برطانوی باکسر عامر خان کا کہنا ہے کہ پاکستان محفوظ ملک ہے یہاں باکسنگ اکیڈمی کھولنے کی خواہش ہے ان کا کہنا تھا کہ وہ اگلا مقابلہ جیت کر دوبارہ پاکستان ئیں گے باکسر عامر خان نے لاہور میں داتا دربار کے مزار پر حاضری دی پھولوں کی چادر چڑھائی اور فاتحہ خوانی کی عامر خان کے ہمراہ ان کے بھائی اور چچا کے علاوہ شہریوں کی بڑی تعداد بھی موجود تھی حاضری کے بعد میڈیا سے گفتگو کرتے ہوئے عامر خان کا کہنا تھا کہ سانحہ پشاور کے شہدا کے لیے دعا کی پاکستان میں امن چاہتا ہوں شہدا جنت میں جائیں گے عا…,50,top5,
post_phase12_r_dev,R099,Pakistan mein COVID cases ka latest data,NAT,,ROMAN,roman_bm25_method_D,5,45726,16.002635955810547,باکسر عامر خان کی دوستوں کے ہمراہ داتا دربار پر حاضری,لاہور92نیوزپاکستانی نژاد برطانوی باکسرعامر خان نے داتا دربار حاضری دی کہتے ہیں کہ صوفیائے کرام کی درگاہوں پر کر سکون ملتا ہےپنجاب حکومت کی جانب سے باکسنگ اکیڈمی کیلئے جگہ کے بارے میں کوئی جھوٹ نہیں بولا تفصیلات کےمطابق عالمی شہرت یافتہ باکسر عامر خان نے دوستوں کے ہمراہ داتار دربار پرحاضری دیمیڈیا سے گفتگو کرتے ہوئے باکسر نے کہا کہ حضرت علی ہجویری المعروف داتا گنج بخش جیسے صوفیاءکرام کی درگاہ پر کر مجھے سکون ملتا ہے جب بھی لاہور تا ہوں داتا دربار حاضری دیتا ہوں عامر خان نے داتا دربار حاضری کے بع…,50,top5,
post_phase12_r_dev,R100,lahore qalandars squad,NAT,,ROMAN,roman_bm25_method_D,1,96430,4.870622634887695,پریمیئر لیگ ویمن ٹی 20 لاہور لائنز نے لاہور ٹائیگرز کو وکٹوں سے ہرادیا,لاہور لاہور پریمیئر ویمن ٹی 20 لیگ میں لاہور لائنز نے لاہور ٹائیگرز کو وکٹوں سے شکست دے دی کینرڈ کالج لاہور میں اسپورٹس فیسٹول کے سلسلے میں کھیلے جانے والے ٹی20 ایونٹ میں لاہور ٹائیگرز کی ٹیم 96 رنز بنا کر وٹ ہوگئی ثانیہ خان نے 35 سدرا امین نے 20 اور فرزانہ شفیع نے 19 رنز بنائے ایلزبتھ خان نے اور صباحت رشید نے وکٹیں حاصل کیں جواب میں لاہور لائنز نے 15 ویں اوور میں ہدف حاصل کرلیا ارم جاوید نے نے 55 اورفرح نعیم نے 30 رنز ناٹ وٹ بنائے,50,top5,
post_phase12_r_dev,R100,lahore qalandars squad,NAT,,ROMAN,roman_bm25_method_D,2,41965,4.841333389282227,ارسلان نے مسٹر لاہور اور قیصر نے جونیئر مسٹر لاہور کا مقابلہ جیت لیا,لاہور 92 نیوز گریٹر اقبال پارک میں سجا باڈی بلڈنگ کا مقابلہ جس میں جونیئر مسٹر لاہور اور مسٹر لاہور کیلئے تن سازوں نے اپنے فن کا مظاہرہ کیا ارسلان نے مسٹر لاہور اور قیصر نے جونیئر مسٹر لاہور کا مقابلہ جیت لیا گریٹر اقبال پارک میں جونیئر مسٹر لاہور اور مسٹر لاہور کے مقابلے کروائے گئے جس لاہور شہر کے تن سازوں نے حصہ لیا باڈی بلڈنگ کے مقابلے دیکھنے لاہوریے بڑی تعداد میں امڈ ئے صدر باڈی بلڈنگ پنجاب ایسوسی ایشن شعیب ظہور کا کہنا تھا کہ باڈی بلڈنگ میں پاکستان کے پاس ٹیلنٹ موجود لیکن حکومتی سرپرستی در…,50,top5,
post_phase12_r_dev,R100,lahore qalandars squad,NAT,,ROMAN,roman_bm25_method_D,3,44399,4.841190338134766,لاہور بلیوز نے نیشنل ٹی 20 کپ پر قبضہ جما لیا,راولپنڈی 92 نیوز لاہور بلیو نیشنل ٹی 20 کپ کے فیصلہ کن معرکے میں لاہور وائٹس کو وکٹوں سے شکست دے کر کپ پر قبضہ جما لیاراولپنڈی مین نیشنل ٹی 20 کپ لاہور بلیوز اور لاہور وائٹس کے مابین کھیلا گیا جس میں لاہور بلیوز نے لاہور وائٹس کو وکٹوں سے شکست دے دی لاہور وائٹس نے پہلے کھیلتے ہوئے 128 رنز کا ہدف دیا تھا لاہور وائٹس کی جانب سے کپتان سلمان بٹ نے 62 رنز بنائے جبکہ دیگر کھلاڑی کوئی خاطر خواہ کارکردگی نہ دکھا سکالاہور وائٹس کی جانب سے کامران اکمل نے 20 عمر یامین 15 عمر اکمل نے اصف ذاکر نے اور سمیع ا…,50,top5,
post_phase12_r_dev,R100,lahore qalandars squad,NAT,,ROMAN,roman_bm25_method_D,4,44405,4.816254138946533,نیشنل ٹی 20 لاہور وائٹس اور لاہور بلیوز کل فائنل کھیلیں گے,راولپنڈی 92 نیوز راولپنڈی میں کھیلے جانے والے نیشنل ٹی 20 کپ کے سیمی فائنلز میں لاہور وائٹس اورلاہور بلیو نے اپنے اپنے مچیز جیت کر فائنل کیلئے نشستیں پکی کر لیں دونوں ٹیمیں کل فائنل میں مد مقابل ہوں گی راولپنڈی میں کھیلے جانے والے میچ میں لاہور وائٹس کا مقابلہ فیصل اباد سے ہوا جس میں لاہور وائٹس نے فیصل اباد کو 10 رنز سے شکست دے کر باہر کردیادوسرے سیمی فائنل میچ میں لاہور بلیوز اور فاٹا مد مقابل ائے امام الحق اور احمد شہزاد کی شاندار بیٹنگ کی بدولت لاہور بلیوز نے فاٹا کو 222 رنز کا ہدف دیا مگر …,50,top5,
post_phase12_r_dev,R100,lahore qalandars squad,NAT,,ROMAN,roman_bm25_method_D,5,87848,4.802702903747559,لاہور قلندرز کے جاز رائزنگ اسٹارز کے ٹرائل کی رجسٹریشن,لاہور میں نوجوانوں کا اج کل ایک ہی عزم ہے کہ لاہور قلندرز کے جاز رائزنگ اسٹارز کے ٹرائیلز کے رجسٹریشن کرانا ہے لاہور میں پانچویں روز بھی نوجوانوں کا جو خروش عروج پر رہا لاہور قلندرز کا فلوٹ جوہر ٹاون پہنچا جہاں مقامی کالج میں نوجوانوں کا وہی رسپانس ملا جو اسے گزشتہ روز لاہوریوں سے ملا تھا نوجوان ٹرائیلز کی رجسٹریشن کرانے کے لیے فلوٹ کے ارد گرد امڈ ائے نوجوانوں کا کہنا تھا کہ لاہور قلندرز اگر رائزنگ اسٹارز پروگرام شروع نہ کرتی تو ان کا ٹیلنٹ ضائع ہو جاتا لاہور میں نوجوانوں کا اج کل ایک ہی عزم ہے…,50,top5,
