experiment_id,candidate_id,query_id,query_text,track,source_doc_id,detector_label,retrieval_path,rank,doc_id,bm25_score,n_hits_returned
post_phase12_module2_M2-A,M2-A,R001,ایشیائی مارکیٹوں میں کورونا کے بعد تیزی سے بحالی,KI,523,URDU,urdu_char3gram_bm25,1,673,72.36627960205078,50
post_phase12_module2_M2-A,M2-A,R001,ایشیائی مارکیٹوں میں کورونا کے بعد تیزی سے بحالی,KI,523,URDU,urdu_char3gram_bm25,2,62331,70.77782440185547,50
post_phase12_module2_M2-A,M2-A,R001,ایشیائی مارکیٹوں میں کورونا کے بعد تیزی سے بحالی,KI,523,URDU,urdu_char3gram_bm25,3,523,66.56292724609375,50
post_phase12_module2_M2-A,M2-A,R001,ایشیائی مارکیٹوں میں کورونا کے بعد تیزی سے بحالی,KI,523,URDU,urdu_char3gram_bm25,4,63853,66.27656555175781,50
post_phase12_module2_M2-A,M2-A,R001,ایشیائی مارکیٹوں میں کورونا کے بعد تیزی سے بحالی,KI,523,URDU,urdu_char3gram_bm25,5,641,63.84525680541992,50
post_phase12_module2_M2-A,M2-A,R001,ایشیائی مارکیٹوں میں کورونا کے بعد تیزی سے بحالی,KI,523,URDU,urdu_char3gram_bm25,6,86,63.69157791137695,50
post_phase12_module2_M2-A,M2-A,R001,ایشیائی مارکیٹوں میں کورونا کے بعد تیزی سے بحالی,KI,523,URDU,urdu_char3gram_bm25,7,40694,62.61020278930664,50
post_phase12_module2_M2-A,M2-A,R001,ایشیائی مارکیٹوں میں کورونا کے بعد تیزی سے بحالی,KI,523,URDU,urdu_char3gram_bm25,8,62180,62.34657669067383,50
post_phase12_module2_M2-A,M2-A,R001,ایشیائی مارکیٹوں میں کورونا کے بعد تیزی سے بحالی,KI,523,URDU,urdu_char3gram_bm25,9,38447,62.28850173950195,50
post_phase12_module2_M2-A,M2-A,R001,ایشیائی مارکیٹوں میں کورونا کے بعد تیزی سے بحالی,KI,523,URDU,urdu_char3gram_bm25,10,335,61.943302154541016,50
post_phase12_module2_M2-A,M2-A,R001,ایشیائی مارکیٹوں میں کورونا کے بعد تیزی سے بحالی,KI,523,URDU,urdu_char3gram_bm25,11,62439,61.635040283203125,50
post_phase12_module2_M2-A,M2-A,R001,ایشیائی مارکیٹوں میں کورونا کے بعد تیزی سے بحالی,KI,523,URDU,urdu_char3gram_bm25,12,62405,61.588478088378906,50
post_phase12_module2_M2-A,M2-A,R001,ایشیائی مارکیٹوں میں کورونا کے بعد تیزی سے بحالی,KI,523,URDU,urdu_char3gram_bm25,13,653,60.864105224609375,50
post_phase12_module2_M2-A,M2-A,R001,ایشیائی مارکیٹوں میں کورونا کے بعد تیزی سے بحالی,KI,523,URDU,urdu_char3gram_bm25,14,63852,60.83625793457031,50
post_phase12_module2_M2-A,M2-A,R001,ایشیائی مارکیٹوں میں کورونا کے بعد تیزی سے بحالی,KI,523,URDU,urdu_char3gram_bm25,15,79031,60.40034484863281,50
post_phase12_module2_M2-A,M2-A,R001,ایشیائی مارکیٹوں میں کورونا کے بعد تیزی سے بحالی,KI,523,URDU,urdu_char3gram_bm25,16,62406,59.76146697998047,50
post_phase12_module2_M2-A,M2-A,R001,ایشیائی مارکیٹوں میں کورونا کے بعد تیزی سے بحالی,KI,523,URDU,urdu_char3gram_bm25,17,62425,59.75394058227539,50
post_phase12_module2_M2-A,M2-A,R001,ایشیائی مارکیٹوں میں کورونا کے بعد تیزی سے بحالی,KI,523,URDU,urdu_char3gram_bm25,18,63277,59.452091217041016,50
post_phase12_module2_M2-A,M2-A,R001,ایشیائی مارکیٹوں میں کورونا کے بعد تیزی سے بحالی,KI,523,URDU,urdu_char3gram_bm25,19,848,59.354156494140625,50
post_phase12_module2_M2-A,M2-A,R001,ایشیائی مارکیٹوں میں کورونا کے بعد تیزی سے بحالی,KI,523,URDU,urdu_char3gram_bm25,20,38564,59.165733337402344,50
post_phase12_module2_M2-A,M2-A,R001,ایشیائی مارکیٹوں میں کورونا کے بعد تیزی سے بحالی,KI,523,URDU,urdu_char3gram_bm25,21,40167,58.89425277709961,50
post_phase12_module2_M2-A,M2-A,R001,ایشیائی مارکیٹوں میں کورونا کے بعد تیزی سے بحالی,KI,523,URDU,urdu_char3gram_bm25,22,62699,58.44291687011719,50
post_phase12_module2_M2-A,M2-A,R001,ایشیائی مارکیٹوں میں کورونا کے بعد تیزی سے بحالی,KI,523,URDU,urdu_char3gram_bm25,23,108895,57.923648834228516,50
post_phase12_module2_M2-A,M2-A,R001,ایشیائی مارکیٹوں میں کورونا کے بعد تیزی سے بحالی,KI,523,URDU,urdu_char3gram_bm25,24,689,57.592620849609375,50
post_phase12_module2_M2-A,M2-A,R001,ایشیائی مارکیٹوں میں کورونا کے بعد تیزی سے بحالی,KI,523,URDU,urdu_char3gram_bm25,25,40953,57.27144241333008,50
post_phase12_module2_M2-A,M2-A,R001,ایشیائی مارکیٹوں میں کورونا کے بعد تیزی سے بحالی,KI,523,URDU,urdu_char3gram_bm25,26,38429,56.96892547607422,50
post_phase12_module2_M2-A,M2-A,R001,ایشیائی مارکیٹوں میں کورونا کے بعد تیزی سے بحالی,KI,523,URDU,urdu_char3gram_bm25,27,601,56.92526626586914,50
post_phase12_module2_M2-A,M2-A,R001,ایشیائی مارکیٹوں میں کورونا کے بعد تیزی سے بحالی,KI,523,URDU,urdu_char3gram_bm25,28,74431,56.42675018310547,50
post_phase12_module2_M2-A,M2-A,R001,ایشیائی مارکیٹوں میں کورونا کے بعد تیزی سے بحالی,KI,523,URDU,urdu_char3gram_bm25,29,74174,55.9801139831543,50
post_phase12_module2_M2-A,M2-A,R001,ایشیائی مارکیٹوں میں کورونا کے بعد تیزی سے بحالی,KI,523,URDU,urdu_char3gram_bm25,30,62245,55.768028259277344,50
post_phase12_module2_M2-A,M2-A,R001,ایشیائی مارکیٹوں میں کورونا کے بعد تیزی سے بحالی,KI,523,URDU,urdu_char3gram_bm25,31,62285,55.5069580078125,50
post_phase12_module2_M2-A,M2-A,R001,ایشیائی مارکیٹوں میں کورونا کے بعد تیزی سے بحالی,KI,523,URDU,urdu_char3gram_bm25,32,3398,55.50423812866211,50
post_phase12_module2_M2-A,M2-A,R001,ایشیائی مارکیٹوں میں کورونا کے بعد تیزی سے بحالی,KI,523,URDU,urdu_char3gram_bm25,33,108914,55.33448791503906,50
post_phase12_module2_M2-A,M2-A,R001,ایشیائی مارکیٹوں میں کورونا کے بعد تیزی سے بحالی,KI,523,URDU,urdu_char3gram_bm25,34,47,55.102073669433594,50
post_phase12_module2_M2-A,M2-A,R001,ایشیائی مارکیٹوں میں کورونا کے بعد تیزی سے بحالی,KI,523,URDU,urdu_char3gram_bm25,35,40047,54.836585998535156,50
post_phase12_module2_M2-A,M2-A,R001,ایشیائی مارکیٹوں میں کورونا کے بعد تیزی سے بحالی,KI,523,URDU,urdu_char3gram_bm25,36,178,54.166805267333984,50
post_phase12_module2_M2-A,M2-A,R001,ایشیائی مارکیٹوں میں کورونا کے بعد تیزی سے بحالی,KI,523,URDU,urdu_char3gram_bm25,37,62435,54.12737274169922,50
post_phase12_module2_M2-A,M2-A,R001,ایشیائی مارکیٹوں میں کورونا کے بعد تیزی سے بحالی,KI,523,URDU,urdu_char3gram_bm25,38,108881,53.858158111572266,50
post_phase12_module2_M2-A,M2-A,R001,ایشیائی مارکیٹوں میں کورونا کے بعد تیزی سے بحالی,KI,523,URDU,urdu_char3gram_bm25,39,64222,53.696632385253906,50
post_phase12_module2_M2-A,M2-A,R001,ایشیائی مارکیٹوں میں کورونا کے بعد تیزی سے بحالی,KI,523,URDU,urdu_char3gram_bm25,40,108918,53.597965240478516,50
post_phase12_module2_M2-A,M2-A,R001,ایشیائی مارکیٹوں میں کورونا کے بعد تیزی سے بحالی,KI,523,URDU,urdu_char3gram_bm25,41,62453,53.56349563598633,50
post_phase12_module2_M2-A,M2-A,R001,ایشیائی مارکیٹوں میں کورونا کے بعد تیزی سے بحالی,KI,523,URDU,urdu_char3gram_bm25,42,2971,53.46866989135742,50
post_phase12_module2_M2-A,M2-A,R001,ایشیائی مارکیٹوں میں کورونا کے بعد تیزی سے بحالی,KI,523,URDU,urdu_char3gram_bm25,43,62330,53.419227600097656,50
post_phase12_module2_M2-A,M2-A,R001,ایشیائی مارکیٹوں میں کورونا کے بعد تیزی سے بحالی,KI,523,URDU,urdu_char3gram_bm25,44,17185,53.40334701538086,50
post_phase12_module2_M2-A,M2-A,R001,ایشیائی مارکیٹوں میں کورونا کے بعد تیزی سے بحالی,KI,523,URDU,urdu_char3gram_bm25,45,63656,53.36393737792969,50
post_phase12_module2_M2-A,M2-A,R001,ایشیائی مارکیٹوں میں کورونا کے بعد تیزی سے بحالی,KI,523,URDU,urdu_char3gram_bm25,46,110095,53.20333480834961,50
post_phase12_module2_M2-A,M2-A,R001,ایشیائی مارکیٹوں میں کورونا کے بعد تیزی سے بحالی,KI,523,URDU,urdu_char3gram_bm25,47,73772,53.02938461303711,50
post_phase12_module2_M2-A,M2-A,R001,ایشیائی مارکیٹوں میں کورونا کے بعد تیزی سے بحالی,KI,523,URDU,urdu_char3gram_bm25,48,691,52.905540466308594,50
post_phase12_module2_M2-A,M2-A,R001,ایشیائی مارکیٹوں میں کورونا کے بعد تیزی سے بحالی,KI,523,URDU,urdu_char3gram_bm25,49,157,52.57915496826172,50
post_phase12_module2_M2-A,M2-A,R001,ایشیائی مارکیٹوں میں کورونا کے بعد تیزی سے بحالی,KI,523,URDU,urdu_char3gram_bm25,50,64776,52.47180938720703,50
post_phase12_module2_M2-A,M2-A,R002,مارشل آرٹ کی تربیت میں حملہ کرنے والا روبوٹ,KI,51897,URDU,urdu_char3gram_bm25,1,51897,83.76453399658203,50
post_phase12_module2_M2-A,M2-A,R002,مارشل آرٹ کی تربیت میں حملہ کرنے والا روبوٹ,KI,51897,URDU,urdu_char3gram_bm25,2,22213,55.7506217956543,50
post_phase12_module2_M2-A,M2-A,R002,مارشل آرٹ کی تربیت میں حملہ کرنے والا روبوٹ,KI,51897,URDU,urdu_char3gram_bm25,3,59747,54.827632904052734,50
post_phase12_module2_M2-A,M2-A,R002,مارشل آرٹ کی تربیت میں حملہ کرنے والا روبوٹ,KI,51897,URDU,urdu_char3gram_bm25,4,79691,52.315895080566406,50
post_phase12_module2_M2-A,M2-A,R002,مارشل آرٹ کی تربیت میں حملہ کرنے والا روبوٹ,KI,51897,URDU,urdu_char3gram_bm25,5,18287,51.73402404785156,50
post_phase12_module2_M2-A,M2-A,R002,مارشل آرٹ کی تربیت میں حملہ کرنے والا روبوٹ,KI,51897,URDU,urdu_char3gram_bm25,6,49261,51.34510803222656,50
post_phase12_module2_M2-A,M2-A,R002,مارشل آرٹ کی تربیت میں حملہ کرنے والا روبوٹ,KI,51897,URDU,urdu_char3gram_bm25,7,9515,49.93309783935547,50
post_phase12_module2_M2-A,M2-A,R002,مارشل آرٹ کی تربیت میں حملہ کرنے والا روبوٹ,KI,51897,URDU,urdu_char3gram_bm25,8,6939,49.873870849609375,50
post_phase12_module2_M2-A,M2-A,R002,مارشل آرٹ کی تربیت میں حملہ کرنے والا روبوٹ,KI,51897,URDU,urdu_char3gram_bm25,9,37767,49.7997932434082,50
post_phase12_module2_M2-A,M2-A,R002,مارشل آرٹ کی تربیت میں حملہ کرنے والا روبوٹ,KI,51897,URDU,urdu_char3gram_bm25,10,13916,48.97993469238281,50
post_phase12_module2_M2-A,M2-A,R002,مارشل آرٹ کی تربیت میں حملہ کرنے والا روبوٹ,KI,51897,URDU,urdu_char3gram_bm25,11,59433,48.48018264770508,50
post_phase12_module2_M2-A,M2-A,R002,مارشل آرٹ کی تربیت میں حملہ کرنے والا روبوٹ,KI,51897,URDU,urdu_char3gram_bm25,12,19907,48.346553802490234,50
post_phase12_module2_M2-A,M2-A,R002,مارشل آرٹ کی تربیت میں حملہ کرنے والا روبوٹ,KI,51897,URDU,urdu_char3gram_bm25,13,102264,48.10818862915039,50
post_phase12_module2_M2-A,M2-A,R002,مارشل آرٹ کی تربیت میں حملہ کرنے والا روبوٹ,KI,51897,URDU,urdu_char3gram_bm25,14,59386,47.04521560668945,50
post_phase12_module2_M2-A,M2-A,R002,مارشل آرٹ کی تربیت میں حملہ کرنے والا روبوٹ,KI,51897,URDU,urdu_char3gram_bm25,15,80029,46.755062103271484,50
post_phase12_module2_M2-A,M2-A,R002,مارشل آرٹ کی تربیت میں حملہ کرنے والا روبوٹ,KI,51897,URDU,urdu_char3gram_bm25,16,19602,46.49069595336914,50
post_phase12_module2_M2-A,M2-A,R002,مارشل آرٹ کی تربیت میں حملہ کرنے والا روبوٹ,KI,51897,URDU,urdu_char3gram_bm25,17,83076,45.59729766845703,50
post_phase12_module2_M2-A,M2-A,R002,مارشل آرٹ کی تربیت میں حملہ کرنے والا روبوٹ,KI,51897,URDU,urdu_char3gram_bm25,18,59640,44.67384719848633,50
post_phase12_module2_M2-A,M2-A,R002,مارشل آرٹ کی تربیت میں حملہ کرنے والا روبوٹ,KI,51897,URDU,urdu_char3gram_bm25,19,20340,44.333412170410156,50
post_phase12_module2_M2-A,M2-A,R002,مارشل آرٹ کی تربیت میں حملہ کرنے والا روبوٹ,KI,51897,URDU,urdu_char3gram_bm25,20,19833,44.19174575805664,50
post_phase12_module2_M2-A,M2-A,R002,مارشل آرٹ کی تربیت میں حملہ کرنے والا روبوٹ,KI,51897,URDU,urdu_char3gram_bm25,21,37768,44.06878662109375,50
post_phase12_module2_M2-A,M2-A,R002,مارشل آرٹ کی تربیت میں حملہ کرنے والا روبوٹ,KI,51897,URDU,urdu_char3gram_bm25,22,16971,44.03911590576172,50
post_phase12_module2_M2-A,M2-A,R002,مارشل آرٹ کی تربیت میں حملہ کرنے والا روبوٹ,KI,51897,URDU,urdu_char3gram_bm25,23,26933,43.965938568115234,50
post_phase12_module2_M2-A,M2-A,R002,مارشل آرٹ کی تربیت میں حملہ کرنے والا روبوٹ,KI,51897,URDU,urdu_char3gram_bm25,24,80071,43.581722259521484,50
post_phase12_module2_M2-A,M2-A,R002,مارشل آرٹ کی تربیت میں حملہ کرنے والا روبوٹ,KI,51897,URDU,urdu_char3gram_bm25,25,60213,43.14753723144531,50
post_phase12_module2_M2-A,M2-A,R002,مارشل آرٹ کی تربیت میں حملہ کرنے والا روبوٹ,KI,51897,URDU,urdu_char3gram_bm25,26,21015,42.75425720214844,50
post_phase12_module2_M2-A,M2-A,R002,مارشل آرٹ کی تربیت میں حملہ کرنے والا روبوٹ,KI,51897,URDU,urdu_char3gram_bm25,27,79422,42.569557189941406,50
post_phase12_module2_M2-A,M2-A,R002,مارشل آرٹ کی تربیت میں حملہ کرنے والا روبوٹ,KI,51897,URDU,urdu_char3gram_bm25,28,59984,42.5038948059082,50
post_phase12_module2_M2-A,M2-A,R002,مارشل آرٹ کی تربیت میں حملہ کرنے والا روبوٹ,KI,51897,URDU,urdu_char3gram_bm25,29,32067,42.498252868652344,50
post_phase12_module2_M2-A,M2-A,R002,مارشل آرٹ کی تربیت میں حملہ کرنے والا روبوٹ,KI,51897,URDU,urdu_char3gram_bm25,30,29292,42.45840072631836,50
post_phase12_module2_M2-A,M2-A,R002,مارشل آرٹ کی تربیت میں حملہ کرنے والا روبوٹ,KI,51897,URDU,urdu_char3gram_bm25,31,21261,42.36335754394531,50
post_phase12_module2_M2-A,M2-A,R002,مارشل آرٹ کی تربیت میں حملہ کرنے والا روبوٹ,KI,51897,URDU,urdu_char3gram_bm25,32,80239,42.333126068115234,50
post_phase12_module2_M2-A,M2-A,R002,مارشل آرٹ کی تربیت میں حملہ کرنے والا روبوٹ,KI,51897,URDU,urdu_char3gram_bm25,33,60297,42.15298080444336,50
post_phase12_module2_M2-A,M2-A,R002,مارشل آرٹ کی تربیت میں حملہ کرنے والا روبوٹ,KI,51897,URDU,urdu_char3gram_bm25,34,10944,42.09696960449219,50
post_phase12_module2_M2-A,M2-A,R002,مارشل آرٹ کی تربیت میں حملہ کرنے والا روبوٹ,KI,51897,URDU,urdu_char3gram_bm25,35,60155,42.015281677246094,50
post_phase12_module2_M2-A,M2-A,R002,مارشل آرٹ کی تربیت میں حملہ کرنے والا روبوٹ,KI,51897,URDU,urdu_char3gram_bm25,36,21365,41.831512451171875,50
post_phase12_module2_M2-A,M2-A,R002,مارشل آرٹ کی تربیت میں حملہ کرنے والا روبوٹ,KI,51897,URDU,urdu_char3gram_bm25,37,51116,41.695579528808594,50
post_phase12_module2_M2-A,M2-A,R002,مارشل آرٹ کی تربیت میں حملہ کرنے والا روبوٹ,KI,51897,URDU,urdu_char3gram_bm25,38,59515,41.603519439697266,50
post_phase12_module2_M2-A,M2-A,R002,مارشل آرٹ کی تربیت میں حملہ کرنے والا روبوٹ,KI,51897,URDU,urdu_char3gram_bm25,39,100948,41.22841262817383,50
post_phase12_module2_M2-A,M2-A,R002,مارشل آرٹ کی تربیت میں حملہ کرنے والا روبوٹ,KI,51897,URDU,urdu_char3gram_bm25,40,59680,41.2097053527832,50
post_phase12_module2_M2-A,M2-A,R002,مارشل آرٹ کی تربیت میں حملہ کرنے والا روبوٹ,KI,51897,URDU,urdu_char3gram_bm25,41,29460,41.1933479309082,50
post_phase12_module2_M2-A,M2-A,R002,مارشل آرٹ کی تربیت میں حملہ کرنے والا روبوٹ,KI,51897,URDU,urdu_char3gram_bm25,42,33799,41.12860107421875,50
post_phase12_module2_M2-A,M2-A,R002,مارشل آرٹ کی تربیت میں حملہ کرنے والا روبوٹ,KI,51897,URDU,urdu_char3gram_bm25,43,59792,41.07749938964844,50
post_phase12_module2_M2-A,M2-A,R002,مارشل آرٹ کی تربیت میں حملہ کرنے والا روبوٹ,KI,51897,URDU,urdu_char3gram_bm25,44,60316,40.971927642822266,50
post_phase12_module2_M2-A,M2-A,R002,مارشل آرٹ کی تربیت میں حملہ کرنے والا روبوٹ,KI,51897,URDU,urdu_char3gram_bm25,45,60124,40.71979904174805,50
post_phase12_module2_M2-A,M2-A,R002,مارشل آرٹ کی تربیت میں حملہ کرنے والا روبوٹ,KI,51897,URDU,urdu_char3gram_bm25,46,79861,40.67317581176758,50
post_phase12_module2_M2-A,M2-A,R002,مارشل آرٹ کی تربیت میں حملہ کرنے والا روبوٹ,KI,51897,URDU,urdu_char3gram_bm25,47,59860,40.60772705078125,50
post_phase12_module2_M2-A,M2-A,R002,مارشل آرٹ کی تربیت میں حملہ کرنے والا روبوٹ,KI,51897,URDU,urdu_char3gram_bm25,48,21657,40.56667709350586,50
post_phase12_module2_M2-A,M2-A,R002,مارشل آرٹ کی تربیت میں حملہ کرنے والا روبوٹ,KI,51897,URDU,urdu_char3gram_bm25,49,59583,40.49161911010742,50
post_phase12_module2_M2-A,M2-A,R002,مارشل آرٹ کی تربیت میں حملہ کرنے والا روبوٹ,KI,51897,URDU,urdu_char3gram_bm25,50,24633,40.37637710571289,50
post_phase12_module2_M2-A,M2-A,R003,سافٹ ویئر کیریئر کے لیے کون سی کوڈنگ زبانیں سیکھنی چاہئیں,KI,22675,URDU,urdu_char3gram_bm25,1,23053,60.02497482299805,50
post_phase12_module2_M2-A,M2-A,R003,سافٹ ویئر کیریئر کے لیے کون سی کوڈنگ زبانیں سیکھنی چاہئیں,KI,22675,URDU,urdu_char3gram_bm25,2,14523,57.35050964355469,50
post_phase12_module2_M2-A,M2-A,R003,سافٹ ویئر کیریئر کے لیے کون سی کوڈنگ زبانیں سیکھنی چاہئیں,KI,22675,URDU,urdu_char3gram_bm25,3,21870,56.89209747314453,50
post_phase12_module2_M2-A,M2-A,R003,سافٹ ویئر کیریئر کے لیے کون سی کوڈنگ زبانیں سیکھنی چاہئیں,KI,22675,URDU,urdu_char3gram_bm25,4,22229,56.10214614868164,50
post_phase12_module2_M2-A,M2-A,R003,سافٹ ویئر کیریئر کے لیے کون سی کوڈنگ زبانیں سیکھنی چاہئیں,KI,22675,URDU,urdu_char3gram_bm25,5,60358,55.930397033691406,50
post_phase12_module2_M2-A,M2-A,R003,سافٹ ویئر کیریئر کے لیے کون سی کوڈنگ زبانیں سیکھنی چاہئیں,KI,22675,URDU,urdu_char3gram_bm25,6,111731,55.85250473022461,50
post_phase12_module2_M2-A,M2-A,R003,سافٹ ویئر کیریئر کے لیے کون سی کوڈنگ زبانیں سیکھنی چاہئیں,KI,22675,URDU,urdu_char3gram_bm25,7,11192,54.138458251953125,50
post_phase12_module2_M2-A,M2-A,R003,سافٹ ویئر کیریئر کے لیے کون سی کوڈنگ زبانیں سیکھنی چاہئیں,KI,22675,URDU,urdu_char3gram_bm25,8,23055,53.994136810302734,50
post_phase12_module2_M2-A,M2-A,R003,سافٹ ویئر کیریئر کے لیے کون سی کوڈنگ زبانیں سیکھنی چاہئیں,KI,22675,URDU,urdu_char3gram_bm25,9,14330,53.551456451416016,50
post_phase12_module2_M2-A,M2-A,R003,سافٹ ویئر کیریئر کے لیے کون سی کوڈنگ زبانیں سیکھنی چاہئیں,KI,22675,URDU,urdu_char3gram_bm25,10,23970,53.485782623291016,50
post_phase12_module2_M2-A,M2-A,R003,سافٹ ویئر کیریئر کے لیے کون سی کوڈنگ زبانیں سیکھنی چاہئیں,KI,22675,URDU,urdu_char3gram_bm25,11,23637,53.18911361694336,50
post_phase12_module2_M2-A,M2-A,R003,سافٹ ویئر کیریئر کے لیے کون سی کوڈنگ زبانیں سیکھنی چاہئیں,KI,22675,URDU,urdu_char3gram_bm25,12,23880,52.18272018432617,50
post_phase12_module2_M2-A,M2-A,R003,سافٹ ویئر کیریئر کے لیے کون سی کوڈنگ زبانیں سیکھنی چاہئیں,KI,22675,URDU,urdu_char3gram_bm25,13,23759,51.628421783447266,50
post_phase12_module2_M2-A,M2-A,R003,سافٹ ویئر کیریئر کے لیے کون سی کوڈنگ زبانیں سیکھنی چاہئیں,KI,22675,URDU,urdu_char3gram_bm25,14,22782,51.335025787353516,50
post_phase12_module2_M2-A,M2-A,R003,سافٹ ویئر کیریئر کے لیے کون سی کوڈنگ زبانیں سیکھنی چاہئیں,KI,22675,URDU,urdu_char3gram_bm25,15,23990,51.13387680053711,50
post_phase12_module2_M2-A,M2-A,R003,سافٹ ویئر کیریئر کے لیے کون سی کوڈنگ زبانیں سیکھنی چاہئیں,KI,22675,URDU,urdu_char3gram_bm25,16,84543,51.125755310058594,50
post_phase12_module2_M2-A,M2-A,R003,سافٹ ویئر کیریئر کے لیے کون سی کوڈنگ زبانیں سیکھنی چاہئیں,KI,22675,URDU,urdu_char3gram_bm25,17,60306,51.10954666137695,50
post_phase12_module2_M2-A,M2-A,R003,سافٹ ویئر کیریئر کے لیے کون سی کوڈنگ زبانیں سیکھنی چاہئیں,KI,22675,URDU,urdu_char3gram_bm25,18,14258,51.10340881347656,50
post_phase12_module2_M2-A,M2-A,R003,سافٹ ویئر کیریئر کے لیے کون سی کوڈنگ زبانیں سیکھنی چاہئیں,KI,22675,URDU,urdu_char3gram_bm25,19,23781,50.980384826660156,50
post_phase12_module2_M2-A,M2-A,R003,سافٹ ویئر کیریئر کے لیے کون سی کوڈنگ زبانیں سیکھنی چاہئیں,KI,22675,URDU,urdu_char3gram_bm25,20,22675,50.689605712890625,50
post_phase12_module2_M2-A,M2-A,R003,سافٹ ویئر کیریئر کے لیے کون سی کوڈنگ زبانیں سیکھنی چاہئیں,KI,22675,URDU,urdu_char3gram_bm25,21,24416,50.57154083251953,50
post_phase12_module2_M2-A,M2-A,R003,سافٹ ویئر کیریئر کے لیے کون سی کوڈنگ زبانیں سیکھنی چاہئیں,KI,22675,URDU,urdu_char3gram_bm25,22,14497,50.38074493408203,50
post_phase12_module2_M2-A,M2-A,R003,سافٹ ویئر کیریئر کے لیے کون سی کوڈنگ زبانیں سیکھنی چاہئیں,KI,22675,URDU,urdu_char3gram_bm25,23,16746,50.070030212402344,50
post_phase12_module2_M2-A,M2-A,R003,سافٹ ویئر کیریئر کے لیے کون سی کوڈنگ زبانیں سیکھنی چاہئیں,KI,22675,URDU,urdu_char3gram_bm25,24,60308,49.95574188232422,50
post_phase12_module2_M2-A,M2-A,R003,سافٹ ویئر کیریئر کے لیے کون سی کوڈنگ زبانیں سیکھنی چاہئیں,KI,22675,URDU,urdu_char3gram_bm25,25,22380,49.75963592529297,50
post_phase12_module2_M2-A,M2-A,R003,سافٹ ویئر کیریئر کے لیے کون سی کوڈنگ زبانیں سیکھنی چاہئیں,KI,22675,URDU,urdu_char3gram_bm25,26,15825,49.650718688964844,50
post_phase12_module2_M2-A,M2-A,R003,سافٹ ویئر کیریئر کے لیے کون سی کوڈنگ زبانیں سیکھنی چاہئیں,KI,22675,URDU,urdu_char3gram_bm25,27,23826,49.58436584472656,50
post_phase12_module2_M2-A,M2-A,R003,سافٹ ویئر کیریئر کے لیے کون سی کوڈنگ زبانیں سیکھنی چاہئیں,KI,22675,URDU,urdu_char3gram_bm25,28,23686,49.550193786621094,50
post_phase12_module2_M2-A,M2-A,R003,سافٹ ویئر کیریئر کے لیے کون سی کوڈنگ زبانیں سیکھنی چاہئیں,KI,22675,URDU,urdu_char3gram_bm25,29,35329,48.88671875,50
post_phase12_module2_M2-A,M2-A,R003,سافٹ ویئر کیریئر کے لیے کون سی کوڈنگ زبانیں سیکھنی چاہئیں,KI,22675,URDU,urdu_char3gram_bm25,30,59481,48.8704948425293,50
post_phase12_module2_M2-A,M2-A,R003,سافٹ ویئر کیریئر کے لیے کون سی کوڈنگ زبانیں سیکھنی چاہئیں,KI,22675,URDU,urdu_char3gram_bm25,31,24246,48.80984115600586,50
post_phase12_module2_M2-A,M2-A,R003,سافٹ ویئر کیریئر کے لیے کون سی کوڈنگ زبانیں سیکھنی چاہئیں,KI,22675,URDU,urdu_char3gram_bm25,32,23824,48.782928466796875,50
post_phase12_module2_M2-A,M2-A,R003,سافٹ ویئر کیریئر کے لیے کون سی کوڈنگ زبانیں سیکھنی چاہئیں,KI,22675,URDU,urdu_char3gram_bm25,33,14409,48.77436828613281,50
post_phase12_module2_M2-A,M2-A,R003,سافٹ ویئر کیریئر کے لیے کون سی کوڈنگ زبانیں سیکھنی چاہئیں,KI,22675,URDU,urdu_char3gram_bm25,34,15408,48.67770004272461,50
post_phase12_module2_M2-A,M2-A,R003,سافٹ ویئر کیریئر کے لیے کون سی کوڈنگ زبانیں سیکھنی چاہئیں,KI,22675,URDU,urdu_char3gram_bm25,35,23667,48.634300231933594,50
post_phase12_module2_M2-A,M2-A,R003,سافٹ ویئر کیریئر کے لیے کون سی کوڈنگ زبانیں سیکھنی چاہئیں,KI,22675,URDU,urdu_char3gram_bm25,36,79574,47.93292236328125,50
post_phase12_module2_M2-A,M2-A,R003,سافٹ ویئر کیریئر کے لیے کون سی کوڈنگ زبانیں سیکھنی چاہئیں,KI,22675,URDU,urdu_char3gram_bm25,37,60287,47.80312728881836,50
post_phase12_module2_M2-A,M2-A,R003,سافٹ ویئر کیریئر کے لیے کون سی کوڈنگ زبانیں سیکھنی چاہئیں,KI,22675,URDU,urdu_char3gram_bm25,38,60371,47.72789764404297,50
post_phase12_module2_M2-A,M2-A,R003,سافٹ ویئر کیریئر کے لیے کون سی کوڈنگ زبانیں سیکھنی چاہئیں,KI,22675,URDU,urdu_char3gram_bm25,39,14117,47.68767166137695,50
post_phase12_module2_M2-A,M2-A,R003,سافٹ ویئر کیریئر کے لیے کون سی کوڈنگ زبانیں سیکھنی چاہئیں,KI,22675,URDU,urdu_char3gram_bm25,40,59311,47.57057571411133,50
post_phase12_module2_M2-A,M2-A,R003,سافٹ ویئر کیریئر کے لیے کون سی کوڈنگ زبانیں سیکھنی چاہئیں,KI,22675,URDU,urdu_char3gram_bm25,41,14286,47.56205749511719,50
post_phase12_module2_M2-A,M2-A,R003,سافٹ ویئر کیریئر کے لیے کون سی کوڈنگ زبانیں سیکھنی چاہئیں,KI,22675,URDU,urdu_char3gram_bm25,42,24360,47.45629119873047,50
post_phase12_module2_M2-A,M2-A,R003,سافٹ ویئر کیریئر کے لیے کون سی کوڈنگ زبانیں سیکھنی چاہئیں,KI,22675,URDU,urdu_char3gram_bm25,43,22827,47.313602447509766,50
post_phase12_module2_M2-A,M2-A,R003,سافٹ ویئر کیریئر کے لیے کون سی کوڈنگ زبانیں سیکھنی چاہئیں,KI,22675,URDU,urdu_char3gram_bm25,44,14835,47.28483963012695,50
post_phase12_module2_M2-A,M2-A,R003,سافٹ ویئر کیریئر کے لیے کون سی کوڈنگ زبانیں سیکھنی چاہئیں,KI,22675,URDU,urdu_char3gram_bm25,45,24087,47.1887321472168,50
post_phase12_module2_M2-A,M2-A,R003,سافٹ ویئر کیریئر کے لیے کون سی کوڈنگ زبانیں سیکھنی چاہئیں,KI,22675,URDU,urdu_char3gram_bm25,46,14153,47.17325973510742,50
post_phase12_module2_M2-A,M2-A,R003,سافٹ ویئر کیریئر کے لیے کون سی کوڈنگ زبانیں سیکھنی چاہئیں,KI,22675,URDU,urdu_char3gram_bm25,47,14225,47.064273834228516,50
post_phase12_module2_M2-A,M2-A,R003,سافٹ ویئر کیریئر کے لیے کون سی کوڈنگ زبانیں سیکھنی چاہئیں,KI,22675,URDU,urdu_char3gram_bm25,48,110371,47.044273376464844,50
post_phase12_module2_M2-A,M2-A,R003,سافٹ ویئر کیریئر کے لیے کون سی کوڈنگ زبانیں سیکھنی چاہئیں,KI,22675,URDU,urdu_char3gram_bm25,49,60390,46.98320007324219,50
post_phase12_module2_M2-A,M2-A,R003,سافٹ ویئر کیریئر کے لیے کون سی کوڈنگ زبانیں سیکھنی چاہئیں,KI,22675,URDU,urdu_char3gram_bm25,50,60259,46.93832015991211,50
post_phase12_module2_M2-A,M2-A,R004,اسٹیٹ بینک کے ذخائر میں ہفتے کے دوران کتنی کمی ہوئی,KI,72830,URDU,urdu_char3gram_bm25,1,73000,96.2363510131836,50
post_phase12_module2_M2-A,M2-A,R004,اسٹیٹ بینک کے ذخائر میں ہفتے کے دوران کتنی کمی ہوئی,KI,72830,URDU,urdu_char3gram_bm25,2,64891,94.83362579345703,50
post_phase12_module2_M2-A,M2-A,R004,اسٹیٹ بینک کے ذخائر میں ہفتے کے دوران کتنی کمی ہوئی,KI,72830,URDU,urdu_char3gram_bm25,3,61105,94.23603057861328,50
post_phase12_module2_M2-A,M2-A,R004,اسٹیٹ بینک کے ذخائر میں ہفتے کے دوران کتنی کمی ہوئی,KI,72830,URDU,urdu_char3gram_bm25,4,71824,93.83243560791016,50
post_phase12_module2_M2-A,M2-A,R004,اسٹیٹ بینک کے ذخائر میں ہفتے کے دوران کتنی کمی ہوئی,KI,72830,URDU,urdu_char3gram_bm25,5,60988,93.58075714111328,50
post_phase12_module2_M2-A,M2-A,R004,اسٹیٹ بینک کے ذخائر میں ہفتے کے دوران کتنی کمی ہوئی,KI,72830,URDU,urdu_char3gram_bm25,6,65444,93.32768249511719,50
post_phase12_module2_M2-A,M2-A,R004,اسٹیٹ بینک کے ذخائر میں ہفتے کے دوران کتنی کمی ہوئی,KI,72830,URDU,urdu_char3gram_bm25,7,64586,93.20416259765625,50
post_phase12_module2_M2-A,M2-A,R004,اسٹیٹ بینک کے ذخائر میں ہفتے کے دوران کتنی کمی ہوئی,KI,72830,URDU,urdu_char3gram_bm25,8,71981,92.61357116699219,50
post_phase12_module2_M2-A,M2-A,R004,اسٹیٹ بینک کے ذخائر میں ہفتے کے دوران کتنی کمی ہوئی,KI,72830,URDU,urdu_char3gram_bm25,9,71747,92.42613983154297,50
post_phase12_module2_M2-A,M2-A,R004,اسٹیٹ بینک کے ذخائر میں ہفتے کے دوران کتنی کمی ہوئی,KI,72830,URDU,urdu_char3gram_bm25,10,72260,92.38375091552734,50
post_phase12_module2_M2-A,M2-A,R004,اسٹیٹ بینک کے ذخائر میں ہفتے کے دوران کتنی کمی ہوئی,KI,72830,URDU,urdu_char3gram_bm25,11,70444,92.3146743774414,50
post_phase12_module2_M2-A,M2-A,R004,اسٹیٹ بینک کے ذخائر میں ہفتے کے دوران کتنی کمی ہوئی,KI,72830,URDU,urdu_char3gram_bm25,12,110831,91.92938232421875,50
post_phase12_module2_M2-A,M2-A,R004,اسٹیٹ بینک کے ذخائر میں ہفتے کے دوران کتنی کمی ہوئی,KI,72830,URDU,urdu_char3gram_bm25,13,60546,91.78610229492188,50
post_phase12_module2_M2-A,M2-A,R004,اسٹیٹ بینک کے ذخائر میں ہفتے کے دوران کتنی کمی ہوئی,KI,72830,URDU,urdu_char3gram_bm25,14,39030,91.62744140625,50
post_phase12_module2_M2-A,M2-A,R004,اسٹیٹ بینک کے ذخائر میں ہفتے کے دوران کتنی کمی ہوئی,KI,72830,URDU,urdu_char3gram_bm25,15,64242,91.51329803466797,50
post_phase12_module2_M2-A,M2-A,R004,اسٹیٹ بینک کے ذخائر میں ہفتے کے دوران کتنی کمی ہوئی,KI,72830,URDU,urdu_char3gram_bm25,16,110393,91.10427856445312,50
post_phase12_module2_M2-A,M2-A,R004,اسٹیٹ بینک کے ذخائر میں ہفتے کے دوران کتنی کمی ہوئی,KI,72830,URDU,urdu_char3gram_bm25,17,60959,90.45382690429688,50
post_phase12_module2_M2-A,M2-A,R004,اسٹیٹ بینک کے ذخائر میں ہفتے کے دوران کتنی کمی ہوئی,KI,72830,URDU,urdu_char3gram_bm25,18,61738,90.43195343017578,50
post_phase12_module2_M2-A,M2-A,R004,اسٹیٹ بینک کے ذخائر میں ہفتے کے دوران کتنی کمی ہوئی,KI,72830,URDU,urdu_char3gram_bm25,19,61263,90.13314819335938,50
post_phase12_module2_M2-A,M2-A,R004,اسٹیٹ بینک کے ذخائر میں ہفتے کے دوران کتنی کمی ہوئی,KI,72830,URDU,urdu_char3gram_bm25,20,73136,90.07418060302734,50
post_phase12_module2_M2-A,M2-A,R004,اسٹیٹ بینک کے ذخائر میں ہفتے کے دوران کتنی کمی ہوئی,KI,72830,URDU,urdu_char3gram_bm25,21,63042,89.58727264404297,50
post_phase12_module2_M2-A,M2-A,R004,اسٹیٹ بینک کے ذخائر میں ہفتے کے دوران کتنی کمی ہوئی,KI,72830,URDU,urdu_char3gram_bm25,22,72830,89.28187561035156,50
post_phase12_module2_M2-A,M2-A,R004,اسٹیٹ بینک کے ذخائر میں ہفتے کے دوران کتنی کمی ہوئی,KI,72830,URDU,urdu_char3gram_bm25,23,72180,89.07870483398438,50
post_phase12_module2_M2-A,M2-A,R004,اسٹیٹ بینک کے ذخائر میں ہفتے کے دوران کتنی کمی ہوئی,KI,72830,URDU,urdu_char3gram_bm25,24,71680,88.8404769897461,50
post_phase12_module2_M2-A,M2-A,R004,اسٹیٹ بینک کے ذخائر میں ہفتے کے دوران کتنی کمی ہوئی,KI,72830,URDU,urdu_char3gram_bm25,25,61280,88.61003875732422,50
post_phase12_module2_M2-A,M2-A,R004,اسٹیٹ بینک کے ذخائر میں ہفتے کے دوران کتنی کمی ہوئی,KI,72830,URDU,urdu_char3gram_bm25,26,63789,88.02284240722656,50
post_phase12_module2_M2-A,M2-A,R004,اسٹیٹ بینک کے ذخائر میں ہفتے کے دوران کتنی کمی ہوئی,KI,72830,URDU,urdu_char3gram_bm25,27,71875,88.01787567138672,50
post_phase12_module2_M2-A,M2-A,R004,اسٹیٹ بینک کے ذخائر میں ہفتے کے دوران کتنی کمی ہوئی,KI,72830,URDU,urdu_char3gram_bm25,28,72058,87.90190124511719,50
post_phase12_module2_M2-A,M2-A,R004,اسٹیٹ بینک کے ذخائر میں ہفتے کے دوران کتنی کمی ہوئی,KI,72830,URDU,urdu_char3gram_bm25,29,70560,87.81654357910156,50
post_phase12_module2_M2-A,M2-A,R004,اسٹیٹ بینک کے ذخائر میں ہفتے کے دوران کتنی کمی ہوئی,KI,72830,URDU,urdu_char3gram_bm25,30,3109,87.77102661132812,50
post_phase12_module2_M2-A,M2-A,R004,اسٹیٹ بینک کے ذخائر میں ہفتے کے دوران کتنی کمی ہوئی,KI,72830,URDU,urdu_char3gram_bm25,31,62346,87.70281219482422,50
post_phase12_module2_M2-A,M2-A,R004,اسٹیٹ بینک کے ذخائر میں ہفتے کے دوران کتنی کمی ہوئی,KI,72830,URDU,urdu_char3gram_bm25,32,60901,87.45394897460938,50
post_phase12_module2_M2-A,M2-A,R004,اسٹیٹ بینک کے ذخائر میں ہفتے کے دوران کتنی کمی ہوئی,KI,72830,URDU,urdu_char3gram_bm25,33,110878,87.19670867919922,50
post_phase12_module2_M2-A,M2-A,R004,اسٹیٹ بینک کے ذخائر میں ہفتے کے دوران کتنی کمی ہوئی,KI,72830,URDU,urdu_char3gram_bm25,34,60531,87.01944732666016,50
post_phase12_module2_M2-A,M2-A,R004,اسٹیٹ بینک کے ذخائر میں ہفتے کے دوران کتنی کمی ہوئی,KI,72830,URDU,urdu_char3gram_bm25,35,71705,86.87847900390625,50
post_phase12_module2_M2-A,M2-A,R004,اسٹیٹ بینک کے ذخائر میں ہفتے کے دوران کتنی کمی ہوئی,KI,72830,URDU,urdu_char3gram_bm25,36,60943,86.77079010009766,50
post_phase12_module2_M2-A,M2-A,R004,اسٹیٹ بینک کے ذخائر میں ہفتے کے دوران کتنی کمی ہوئی,KI,72830,URDU,urdu_char3gram_bm25,37,60820,86.7549819946289,50
post_phase12_module2_M2-A,M2-A,R004,اسٹیٹ بینک کے ذخائر میں ہفتے کے دوران کتنی کمی ہوئی,KI,72830,URDU,urdu_char3gram_bm25,38,65614,86.5514907836914,50
post_phase12_module2_M2-A,M2-A,R004,اسٹیٹ بینک کے ذخائر میں ہفتے کے دوران کتنی کمی ہوئی,KI,72830,URDU,urdu_char3gram_bm25,39,39745,86.5436019897461,50
post_phase12_module2_M2-A,M2-A,R004,اسٹیٹ بینک کے ذخائر میں ہفتے کے دوران کتنی کمی ہوئی,KI,72830,URDU,urdu_char3gram_bm25,40,62034,85.85189819335938,50
post_phase12_module2_M2-A,M2-A,R004,اسٹیٹ بینک کے ذخائر میں ہفتے کے دوران کتنی کمی ہوئی,KI,72830,URDU,urdu_char3gram_bm25,41,73192,85.82405853271484,50
post_phase12_module2_M2-A,M2-A,R004,اسٹیٹ بینک کے ذخائر میں ہفتے کے دوران کتنی کمی ہوئی,KI,72830,URDU,urdu_char3gram_bm25,42,111855,85.80780792236328,50
post_phase12_module2_M2-A,M2-A,R004,اسٹیٹ بینک کے ذخائر میں ہفتے کے دوران کتنی کمی ہوئی,KI,72830,URDU,urdu_char3gram_bm25,43,71791,85.6458740234375,50
post_phase12_module2_M2-A,M2-A,R004,اسٹیٹ بینک کے ذخائر میں ہفتے کے دوران کتنی کمی ہوئی,KI,72830,URDU,urdu_char3gram_bm25,44,61045,85.58296966552734,50
post_phase12_module2_M2-A,M2-A,R004,اسٹیٹ بینک کے ذخائر میں ہفتے کے دوران کتنی کمی ہوئی,KI,72830,URDU,urdu_char3gram_bm25,45,60865,85.3402099609375,50
post_phase12_module2_M2-A,M2-A,R004,اسٹیٹ بینک کے ذخائر میں ہفتے کے دوران کتنی کمی ہوئی,KI,72830,URDU,urdu_char3gram_bm25,46,111552,85.25537872314453,50
post_phase12_module2_M2-A,M2-A,R004,اسٹیٹ بینک کے ذخائر میں ہفتے کے دوران کتنی کمی ہوئی,KI,72830,URDU,urdu_char3gram_bm25,47,61678,85.23503112792969,50
post_phase12_module2_M2-A,M2-A,R004,اسٹیٹ بینک کے ذخائر میں ہفتے کے دوران کتنی کمی ہوئی,KI,72830,URDU,urdu_char3gram_bm25,48,109874,85.02571868896484,50
post_phase12_module2_M2-A,M2-A,R004,اسٹیٹ بینک کے ذخائر میں ہفتے کے دوران کتنی کمی ہوئی,KI,72830,URDU,urdu_char3gram_bm25,49,61581,84.96700286865234,50
post_phase12_module2_M2-A,M2-A,R004,اسٹیٹ بینک کے ذخائر میں ہفتے کے دوران کتنی کمی ہوئی,KI,72830,URDU,urdu_char3gram_bm25,50,3080,84.82501220703125,50
post_phase12_module2_M2-A,M2-A,R005,بالی ووڈ اداکارہ کا پاکستانی فنکاروں کے کام پر کیا کہنا تھا,KI,12425,URDU,urdu_char3gram_bm25,1,101681,73.64351654052734,50
post_phase12_module2_M2-A,M2-A,R005,بالی ووڈ اداکارہ کا پاکستانی فنکاروں کے کام پر کیا کہنا تھا,KI,12425,URDU,urdu_char3gram_bm25,2,66725,73.38262939453125,50
post_phase12_module2_M2-A,M2-A,R005,بالی ووڈ اداکارہ کا پاکستانی فنکاروں کے کام پر کیا کہنا تھا,KI,12425,URDU,urdu_char3gram_bm25,3,103450,71.97508239746094,50
post_phase12_module2_M2-A,M2-A,R005,بالی ووڈ اداکارہ کا پاکستانی فنکاروں کے کام پر کیا کہنا تھا,KI,12425,URDU,urdu_char3gram_bm25,4,101783,68.89112091064453,50
post_phase12_module2_M2-A,M2-A,R005,بالی ووڈ اداکارہ کا پاکستانی فنکاروں کے کام پر کیا کہنا تھا,KI,12425,URDU,urdu_char3gram_bm25,5,101758,66.95565795898438,50
post_phase12_module2_M2-A,M2-A,R005,بالی ووڈ اداکارہ کا پاکستانی فنکاروں کے کام پر کیا کہنا تھا,KI,12425,URDU,urdu_char3gram_bm25,6,101643,66.85253143310547,50
post_phase12_module2_M2-A,M2-A,R005,بالی ووڈ اداکارہ کا پاکستانی فنکاروں کے کام پر کیا کہنا تھا,KI,12425,URDU,urdu_char3gram_bm25,7,67119,64.7159423828125,50
post_phase12_module2_M2-A,M2-A,R005,بالی ووڈ اداکارہ کا پاکستانی فنکاروں کے کام پر کیا کہنا تھا,KI,12425,URDU,urdu_char3gram_bm25,8,98520,63.973663330078125,50
post_phase12_module2_M2-A,M2-A,R005,بالی ووڈ اداکارہ کا پاکستانی فنکاروں کے کام پر کیا کہنا تھا,KI,12425,URDU,urdu_char3gram_bm25,9,103383,63.424957275390625,50
post_phase12_module2_M2-A,M2-A,R005,بالی ووڈ اداکارہ کا پاکستانی فنکاروں کے کام پر کیا کہنا تھا,KI,12425,URDU,urdu_char3gram_bm25,10,69315,63.20237350463867,50
post_phase12_module2_M2-A,M2-A,R005,بالی ووڈ اداکارہ کا پاکستانی فنکاروں کے کام پر کیا کہنا تھا,KI,12425,URDU,urdu_char3gram_bm25,11,50356,62.82783126831055,50
post_phase12_module2_M2-A,M2-A,R005,بالی ووڈ اداکارہ کا پاکستانی فنکاروں کے کام پر کیا کہنا تھا,KI,12425,URDU,urdu_char3gram_bm25,12,67451,61.98188400268555,50
post_phase12_module2_M2-A,M2-A,R005,بالی ووڈ اداکارہ کا پاکستانی فنکاروں کے کام پر کیا کہنا تھا,KI,12425,URDU,urdu_char3gram_bm25,13,66827,61.93527603149414,50
post_phase12_module2_M2-A,M2-A,R005,بالی ووڈ اداکارہ کا پاکستانی فنکاروں کے کام پر کیا کہنا تھا,KI,12425,URDU,urdu_char3gram_bm25,14,68837,61.810794830322266,50
post_phase12_module2_M2-A,M2-A,R005,بالی ووڈ اداکارہ کا پاکستانی فنکاروں کے کام پر کیا کہنا تھا,KI,12425,URDU,urdu_char3gram_bm25,15,12406,60.9976921081543,50
post_phase12_module2_M2-A,M2-A,R005,بالی ووڈ اداکارہ کا پاکستانی فنکاروں کے کام پر کیا کہنا تھا,KI,12425,URDU,urdu_char3gram_bm25,16,12425,60.50096130371094,50
post_phase12_module2_M2-A,M2-A,R005,بالی ووڈ اداکارہ کا پاکستانی فنکاروں کے کام پر کیا کہنا تھا,KI,12425,URDU,urdu_char3gram_bm25,17,66604,60.41885757446289,50
post_phase12_module2_M2-A,M2-A,R005,بالی ووڈ اداکارہ کا پاکستانی فنکاروں کے کام پر کیا کہنا تھا,KI,12425,URDU,urdu_char3gram_bm25,18,67686,60.392337799072266,50
post_phase12_module2_M2-A,M2-A,R005,بالی ووڈ اداکارہ کا پاکستانی فنکاروں کے کام پر کیا کہنا تھا,KI,12425,URDU,urdu_char3gram_bm25,19,69544,60.29957962036133,50
post_phase12_module2_M2-A,M2-A,R005,بالی ووڈ اداکارہ کا پاکستانی فنکاروں کے کام پر کیا کہنا تھا,KI,12425,URDU,urdu_char3gram_bm25,20,67684,60.28977966308594,50
post_phase12_module2_M2-A,M2-A,R005,بالی ووڈ اداکارہ کا پاکستانی فنکاروں کے کام پر کیا کہنا تھا,KI,12425,URDU,urdu_char3gram_bm25,21,67691,59.90904998779297,50
post_phase12_module2_M2-A,M2-A,R005,بالی ووڈ اداکارہ کا پاکستانی فنکاروں کے کام پر کیا کہنا تھا,KI,12425,URDU,urdu_char3gram_bm25,22,48383,59.85403823852539,50
post_phase12_module2_M2-A,M2-A,R005,بالی ووڈ اداکارہ کا پاکستانی فنکاروں کے کام پر کیا کہنا تھا,KI,12425,URDU,urdu_char3gram_bm25,23,50368,59.791080474853516,50
post_phase12_module2_M2-A,M2-A,R005,بالی ووڈ اداکارہ کا پاکستانی فنکاروں کے کام پر کیا کہنا تھا,KI,12425,URDU,urdu_char3gram_bm25,24,66694,59.17530822753906,50
post_phase12_module2_M2-A,M2-A,R005,بالی ووڈ اداکارہ کا پاکستانی فنکاروں کے کام پر کیا کہنا تھا,KI,12425,URDU,urdu_char3gram_bm25,25,31121,58.9671745300293,50
post_phase12_module2_M2-A,M2-A,R005,بالی ووڈ اداکارہ کا پاکستانی فنکاروں کے کام پر کیا کہنا تھا,KI,12425,URDU,urdu_char3gram_bm25,26,100492,58.88871765136719,50
post_phase12_module2_M2-A,M2-A,R005,بالی ووڈ اداکارہ کا پاکستانی فنکاروں کے کام پر کیا کہنا تھا,KI,12425,URDU,urdu_char3gram_bm25,27,101322,58.6455078125,50
post_phase12_module2_M2-A,M2-A,R005,بالی ووڈ اداکارہ کا پاکستانی فنکاروں کے کام پر کیا کہنا تھا,KI,12425,URDU,urdu_char3gram_bm25,28,101675,58.51884078979492,50
post_phase12_module2_M2-A,M2-A,R005,بالی ووڈ اداکارہ کا پاکستانی فنکاروں کے کام پر کیا کہنا تھا,KI,12425,URDU,urdu_char3gram_bm25,29,102011,58.412723541259766,50
post_phase12_module2_M2-A,M2-A,R005,بالی ووڈ اداکارہ کا پاکستانی فنکاروں کے کام پر کیا کہنا تھا,KI,12425,URDU,urdu_char3gram_bm25,30,13640,58.41218948364258,50
post_phase12_module2_M2-A,M2-A,R005,بالی ووڈ اداکارہ کا پاکستانی فنکاروں کے کام پر کیا کہنا تھا,KI,12425,URDU,urdu_char3gram_bm25,31,68824,58.35130310058594,50
post_phase12_module2_M2-A,M2-A,R005,بالی ووڈ اداکارہ کا پاکستانی فنکاروں کے کام پر کیا کہنا تھا,KI,12425,URDU,urdu_char3gram_bm25,32,99407,58.343875885009766,50
post_phase12_module2_M2-A,M2-A,R005,بالی ووڈ اداکارہ کا پاکستانی فنکاروں کے کام پر کیا کہنا تھا,KI,12425,URDU,urdu_char3gram_bm25,33,11883,58.26084518432617,50
post_phase12_module2_M2-A,M2-A,R005,بالی ووڈ اداکارہ کا پاکستانی فنکاروں کے کام پر کیا کہنا تھا,KI,12425,URDU,urdu_char3gram_bm25,34,98562,57.96446990966797,50
post_phase12_module2_M2-A,M2-A,R005,بالی ووڈ اداکارہ کا پاکستانی فنکاروں کے کام پر کیا کہنا تھا,KI,12425,URDU,urdu_char3gram_bm25,35,68839,57.960453033447266,50
post_phase12_module2_M2-A,M2-A,R005,بالی ووڈ اداکارہ کا پاکستانی فنکاروں کے کام پر کیا کہنا تھا,KI,12425,URDU,urdu_char3gram_bm25,36,12056,57.94767761230469,50
post_phase12_module2_M2-A,M2-A,R005,بالی ووڈ اداکارہ کا پاکستانی فنکاروں کے کام پر کیا کہنا تھا,KI,12425,URDU,urdu_char3gram_bm25,37,101296,57.884666442871094,50
post_phase12_module2_M2-A,M2-A,R005,بالی ووڈ اداکارہ کا پاکستانی فنکاروں کے کام پر کیا کہنا تھا,KI,12425,URDU,urdu_char3gram_bm25,38,98351,57.88179397583008,50
post_phase12_module2_M2-A,M2-A,R005,بالی ووڈ اداکارہ کا پاکستانی فنکاروں کے کام پر کیا کہنا تھا,KI,12425,URDU,urdu_char3gram_bm25,39,8678,57.721126556396484,50
post_phase12_module2_M2-A,M2-A,R005,بالی ووڈ اداکارہ کا پاکستانی فنکاروں کے کام پر کیا کہنا تھا,KI,12425,URDU,urdu_char3gram_bm25,40,101123,57.36301040649414,50
post_phase12_module2_M2-A,M2-A,R005,بالی ووڈ اداکارہ کا پاکستانی فنکاروں کے کام پر کیا کہنا تھا,KI,12425,URDU,urdu_char3gram_bm25,41,101765,57.09197998046875,50
post_phase12_module2_M2-A,M2-A,R005,بالی ووڈ اداکارہ کا پاکستانی فنکاروں کے کام پر کیا کہنا تھا,KI,12425,URDU,urdu_char3gram_bm25,42,102170,57.080406188964844,50
post_phase12_module2_M2-A,M2-A,R005,بالی ووڈ اداکارہ کا پاکستانی فنکاروں کے کام پر کیا کہنا تھا,KI,12425,URDU,urdu_char3gram_bm25,43,101455,57.024662017822266,50
post_phase12_module2_M2-A,M2-A,R005,بالی ووڈ اداکارہ کا پاکستانی فنکاروں کے کام پر کیا کہنا تھا,KI,12425,URDU,urdu_char3gram_bm25,44,12347,56.9155387878418,50
post_phase12_module2_M2-A,M2-A,R005,بالی ووڈ اداکارہ کا پاکستانی فنکاروں کے کام پر کیا کہنا تھا,KI,12425,URDU,urdu_char3gram_bm25,45,50372,56.57602310180664,50
post_phase12_module2_M2-A,M2-A,R005,بالی ووڈ اداکارہ کا پاکستانی فنکاروں کے کام پر کیا کہنا تھا,KI,12425,URDU,urdu_char3gram_bm25,46,12445,56.554805755615234,50
post_phase12_module2_M2-A,M2-A,R005,بالی ووڈ اداکارہ کا پاکستانی فنکاروں کے کام پر کیا کہنا تھا,KI,12425,URDU,urdu_char3gram_bm25,47,101657,56.499855041503906,50
post_phase12_module2_M2-A,M2-A,R005,بالی ووڈ اداکارہ کا پاکستانی فنکاروں کے کام پر کیا کہنا تھا,KI,12425,URDU,urdu_char3gram_bm25,48,66852,56.490013122558594,50
post_phase12_module2_M2-A,M2-A,R005,بالی ووڈ اداکارہ کا پاکستانی فنکاروں کے کام پر کیا کہنا تھا,KI,12425,URDU,urdu_char3gram_bm25,49,48409,56.38792037963867,50
post_phase12_module2_M2-A,M2-A,R005,بالی ووڈ اداکارہ کا پاکستانی فنکاروں کے کام پر کیا کہنا تھا,KI,12425,URDU,urdu_char3gram_bm25,50,11448,56.288455963134766,50
post_phase12_module2_M2-A,M2-A,R006,پریمیئر لیگ میں سٹی نے بورنemouth کو کتنے گولوں سے ہرایا,KI,43215,MIXED,urdu_char3gram_bm25,1,41516,67.5649642944336,50
post_phase12_module2_M2-A,M2-A,R006,پریمیئر لیگ میں سٹی نے بورنemouth کو کتنے گولوں سے ہرایا,KI,43215,MIXED,urdu_char3gram_bm25,2,43057,65.50733947753906,50
post_phase12_module2_M2-A,M2-A,R006,پریمیئر لیگ میں سٹی نے بورنemouth کو کتنے گولوں سے ہرایا,KI,43215,MIXED,urdu_char3gram_bm25,3,44452,65.2343521118164,50
post_phase12_module2_M2-A,M2-A,R006,پریمیئر لیگ میں سٹی نے بورنemouth کو کتنے گولوں سے ہرایا,KI,43215,MIXED,urdu_char3gram_bm25,4,42163,64.29222869873047,50
post_phase12_module2_M2-A,M2-A,R006,پریمیئر لیگ میں سٹی نے بورنemouth کو کتنے گولوں سے ہرایا,KI,43215,MIXED,urdu_char3gram_bm25,5,43215,63.54378890991211,50
post_phase12_module2_M2-A,M2-A,R006,پریمیئر لیگ میں سٹی نے بورنemouth کو کتنے گولوں سے ہرایا,KI,43215,MIXED,urdu_char3gram_bm25,6,43378,63.003875732421875,50
post_phase12_module2_M2-A,M2-A,R006,پریمیئر لیگ میں سٹی نے بورنemouth کو کتنے گولوں سے ہرایا,KI,43215,MIXED,urdu_char3gram_bm25,7,42803,62.475677490234375,50
post_phase12_module2_M2-A,M2-A,R006,پریمیئر لیگ میں سٹی نے بورنemouth کو کتنے گولوں سے ہرایا,KI,43215,MIXED,urdu_char3gram_bm25,8,42120,62.16956329345703,50
post_phase12_module2_M2-A,M2-A,R006,پریمیئر لیگ میں سٹی نے بورنemouth کو کتنے گولوں سے ہرایا,KI,43215,MIXED,urdu_char3gram_bm25,9,44306,61.81051254272461,50
post_phase12_module2_M2-A,M2-A,R006,پریمیئر لیگ میں سٹی نے بورنemouth کو کتنے گولوں سے ہرایا,KI,43215,MIXED,urdu_char3gram_bm25,10,41300,61.73832702636719,50
post_phase12_module2_M2-A,M2-A,R006,پریمیئر لیگ میں سٹی نے بورنemouth کو کتنے گولوں سے ہرایا,KI,43215,MIXED,urdu_char3gram_bm25,11,44286,61.6435546875,50
post_phase12_module2_M2-A,M2-A,R006,پریمیئر لیگ میں سٹی نے بورنemouth کو کتنے گولوں سے ہرایا,KI,43215,MIXED,urdu_char3gram_bm25,12,44396,61.2584228515625,50
post_phase12_module2_M2-A,M2-A,R006,پریمیئر لیگ میں سٹی نے بورنemouth کو کتنے گولوں سے ہرایا,KI,43215,MIXED,urdu_char3gram_bm25,13,87209,61.04433059692383,50
post_phase12_module2_M2-A,M2-A,R006,پریمیئر لیگ میں سٹی نے بورنemouth کو کتنے گولوں سے ہرایا,KI,43215,MIXED,urdu_char3gram_bm25,14,41940,60.848060607910156,50
post_phase12_module2_M2-A,M2-A,R006,پریمیئر لیگ میں سٹی نے بورنemouth کو کتنے گولوں سے ہرایا,KI,43215,MIXED,urdu_char3gram_bm25,15,47899,60.611228942871094,50
post_phase12_module2_M2-A,M2-A,R006,پریمیئر لیگ میں سٹی نے بورنemouth کو کتنے گولوں سے ہرایا,KI,43215,MIXED,urdu_char3gram_bm25,16,42252,60.28025436401367,50
post_phase12_module2_M2-A,M2-A,R006,پریمیئر لیگ میں سٹی نے بورنemouth کو کتنے گولوں سے ہرایا,KI,43215,MIXED,urdu_char3gram_bm25,17,43284,59.870765686035156,50
post_phase12_module2_M2-A,M2-A,R006,پریمیئر لیگ میں سٹی نے بورنemouth کو کتنے گولوں سے ہرایا,KI,43215,MIXED,urdu_char3gram_bm25,18,44175,59.863651275634766,50
post_phase12_module2_M2-A,M2-A,R006,پریمیئر لیگ میں سٹی نے بورنemouth کو کتنے گولوں سے ہرایا,KI,43215,MIXED,urdu_char3gram_bm25,19,44294,59.70275115966797,50
post_phase12_module2_M2-A,M2-A,R006,پریمیئر لیگ میں سٹی نے بورنemouth کو کتنے گولوں سے ہرایا,KI,43215,MIXED,urdu_char3gram_bm25,20,43006,59.047428131103516,50
post_phase12_module2_M2-A,M2-A,R006,پریمیئر لیگ میں سٹی نے بورنemouth کو کتنے گولوں سے ہرایا,KI,43215,MIXED,urdu_char3gram_bm25,21,44059,58.873531341552734,50
post_phase12_module2_M2-A,M2-A,R006,پریمیئر لیگ میں سٹی نے بورنemouth کو کتنے گولوں سے ہرایا,KI,43215,MIXED,urdu_char3gram_bm25,22,95232,58.661746978759766,50
post_phase12_module2_M2-A,M2-A,R006,پریمیئر لیگ میں سٹی نے بورنemouth کو کتنے گولوں سے ہرایا,KI,43215,MIXED,urdu_char3gram_bm25,23,41320,58.545623779296875,50
post_phase12_module2_M2-A,M2-A,R006,پریمیئر لیگ میں سٹی نے بورنemouth کو کتنے گولوں سے ہرایا,KI,43215,MIXED,urdu_char3gram_bm25,24,41324,58.40467834472656,50
post_phase12_module2_M2-A,M2-A,R006,پریمیئر لیگ میں سٹی نے بورنemouth کو کتنے گولوں سے ہرایا,KI,43215,MIXED,urdu_char3gram_bm25,25,44400,57.672752380371094,50
post_phase12_module2_M2-A,M2-A,R006,پریمیئر لیگ میں سٹی نے بورنemouth کو کتنے گولوں سے ہرایا,KI,43215,MIXED,urdu_char3gram_bm25,26,41287,57.33836364746094,50
post_phase12_module2_M2-A,M2-A,R006,پریمیئر لیگ میں سٹی نے بورنemouth کو کتنے گولوں سے ہرایا,KI,43215,MIXED,urdu_char3gram_bm25,27,43272,57.23035430908203,50
post_phase12_module2_M2-A,M2-A,R006,پریمیئر لیگ میں سٹی نے بورنemouth کو کتنے گولوں سے ہرایا,KI,43215,MIXED,urdu_char3gram_bm25,28,43011,57.17911148071289,50
post_phase12_module2_M2-A,M2-A,R006,پریمیئر لیگ میں سٹی نے بورنemouth کو کتنے گولوں سے ہرایا,KI,43215,MIXED,urdu_char3gram_bm25,29,41544,56.93720245361328,50
post_phase12_module2_M2-A,M2-A,R006,پریمیئر لیگ میں سٹی نے بورنemouth کو کتنے گولوں سے ہرایا,KI,43215,MIXED,urdu_char3gram_bm25,30,26485,56.9249382019043,50
post_phase12_module2_M2-A,M2-A,R006,پریمیئر لیگ میں سٹی نے بورنemouth کو کتنے گولوں سے ہرایا,KI,43215,MIXED,urdu_char3gram_bm25,31,42789,56.890987396240234,50
post_phase12_module2_M2-A,M2-A,R006,پریمیئر لیگ میں سٹی نے بورنemouth کو کتنے گولوں سے ہرایا,KI,43215,MIXED,urdu_char3gram_bm25,32,44237,56.763710021972656,50
post_phase12_module2_M2-A,M2-A,R006,پریمیئر لیگ میں سٹی نے بورنemouth کو کتنے گولوں سے ہرایا,KI,43215,MIXED,urdu_char3gram_bm25,33,47715,55.886573791503906,50
post_phase12_module2_M2-A,M2-A,R006,پریمیئر لیگ میں سٹی نے بورنemouth کو کتنے گولوں سے ہرایا,KI,43215,MIXED,urdu_char3gram_bm25,34,33143,55.794036865234375,50
post_phase12_module2_M2-A,M2-A,R006,پریمیئر لیگ میں سٹی نے بورنemouth کو کتنے گولوں سے ہرایا,KI,43215,MIXED,urdu_char3gram_bm25,35,41302,55.64691925048828,50
post_phase12_module2_M2-A,M2-A,R006,پریمیئر لیگ میں سٹی نے بورنemouth کو کتنے گولوں سے ہرایا,KI,43215,MIXED,urdu_char3gram_bm25,36,43508,54.77499771118164,50
post_phase12_module2_M2-A,M2-A,R006,پریمیئر لیگ میں سٹی نے بورنemouth کو کتنے گولوں سے ہرایا,KI,43215,MIXED,urdu_char3gram_bm25,37,42176,54.73585891723633,50
post_phase12_module2_M2-A,M2-A,R006,پریمیئر لیگ میں سٹی نے بورنemouth کو کتنے گولوں سے ہرایا,KI,43215,MIXED,urdu_char3gram_bm25,38,90195,54.49756622314453,50
post_phase12_module2_M2-A,M2-A,R006,پریمیئر لیگ میں سٹی نے بورنemouth کو کتنے گولوں سے ہرایا,KI,43215,MIXED,urdu_char3gram_bm25,39,41558,54.47135543823242,50
post_phase12_module2_M2-A,M2-A,R006,پریمیئر لیگ میں سٹی نے بورنemouth کو کتنے گولوں سے ہرایا,KI,43215,MIXED,urdu_char3gram_bm25,40,85486,54.45707702636719,50
post_phase12_module2_M2-A,M2-A,R006,پریمیئر لیگ میں سٹی نے بورنemouth کو کتنے گولوں سے ہرایا,KI,43215,MIXED,urdu_char3gram_bm25,41,42398,54.29773712158203,50
post_phase12_module2_M2-A,M2-A,R006,پریمیئر لیگ میں سٹی نے بورنemouth کو کتنے گولوں سے ہرایا,KI,43215,MIXED,urdu_char3gram_bm25,42,32467,54.24869155883789,50
post_phase12_module2_M2-A,M2-A,R006,پریمیئر لیگ میں سٹی نے بورنemouth کو کتنے گولوں سے ہرایا,KI,43215,MIXED,urdu_char3gram_bm25,43,43092,54.11248016357422,50
post_phase12_module2_M2-A,M2-A,R006,پریمیئر لیگ میں سٹی نے بورنemouth کو کتنے گولوں سے ہرایا,KI,43215,MIXED,urdu_char3gram_bm25,44,43146,54.01914596557617,50
post_phase12_module2_M2-A,M2-A,R006,پریمیئر لیگ میں سٹی نے بورنemouth کو کتنے گولوں سے ہرایا,KI,43215,MIXED,urdu_char3gram_bm25,45,41534,53.97098159790039,50
post_phase12_module2_M2-A,M2-A,R006,پریمیئر لیگ میں سٹی نے بورنemouth کو کتنے گولوں سے ہرایا,KI,43215,MIXED,urdu_char3gram_bm25,46,44179,53.92416763305664,50
post_phase12_module2_M2-A,M2-A,R006,پریمیئر لیگ میں سٹی نے بورنemouth کو کتنے گولوں سے ہرایا,KI,43215,MIXED,urdu_char3gram_bm25,47,41569,53.8118782043457,50
post_phase12_module2_M2-A,M2-A,R006,پریمیئر لیگ میں سٹی نے بورنemouth کو کتنے گولوں سے ہرایا,KI,43215,MIXED,urdu_char3gram_bm25,48,41600,53.529296875,50
post_phase12_module2_M2-A,M2-A,R006,پریمیئر لیگ میں سٹی نے بورنemouth کو کتنے گولوں سے ہرایا,KI,43215,MIXED,urdu_char3gram_bm25,49,42542,53.51402282714844,50
post_phase12_module2_M2-A,M2-A,R006,پریمیئر لیگ میں سٹی نے بورنemouth کو کتنے گولوں سے ہرایا,KI,43215,MIXED,urdu_char3gram_bm25,50,44332,53.3620719909668,50
post_phase12_module2_M2-A,M2-A,R007,جدید گیجٹس کی وجہ سے وقت تیزی سے گزرنے کا احساس کیوں,KI,23576,URDU,urdu_char3gram_bm25,1,23576,55.64848709106445,50
post_phase12_module2_M2-A,M2-A,R007,جدید گیجٹس کی وجہ سے وقت تیزی سے گزرنے کا احساس کیوں,KI,23576,URDU,urdu_char3gram_bm25,2,51298,51.93922424316406,50
post_phase12_module2_M2-A,M2-A,R007,جدید گیجٹس کی وجہ سے وقت تیزی سے گزرنے کا احساس کیوں,KI,23576,URDU,urdu_char3gram_bm25,3,59976,49.97628402709961,50
post_phase12_module2_M2-A,M2-A,R007,جدید گیجٹس کی وجہ سے وقت تیزی سے گزرنے کا احساس کیوں,KI,23576,URDU,urdu_char3gram_bm25,4,23071,46.74863815307617,50
post_phase12_module2_M2-A,M2-A,R007,جدید گیجٹس کی وجہ سے وقت تیزی سے گزرنے کا احساس کیوں,KI,23576,URDU,urdu_char3gram_bm25,5,16183,46.00597381591797,50
post_phase12_module2_M2-A,M2-A,R007,جدید گیجٹس کی وجہ سے وقت تیزی سے گزرنے کا احساس کیوں,KI,23576,URDU,urdu_char3gram_bm25,6,80089,45.68411636352539,50
post_phase12_module2_M2-A,M2-A,R007,جدید گیجٹس کی وجہ سے وقت تیزی سے گزرنے کا احساس کیوں,KI,23576,URDU,urdu_char3gram_bm25,7,15422,45.63988494873047,50
post_phase12_module2_M2-A,M2-A,R007,جدید گیجٹس کی وجہ سے وقت تیزی سے گزرنے کا احساس کیوں,KI,23576,URDU,urdu_char3gram_bm25,8,20522,45.48971176147461,50
post_phase12_module2_M2-A,M2-A,R007,جدید گیجٹس کی وجہ سے وقت تیزی سے گزرنے کا احساس کیوں,KI,23576,URDU,urdu_char3gram_bm25,9,86199,45.24127197265625,50
post_phase12_module2_M2-A,M2-A,R007,جدید گیجٹس کی وجہ سے وقت تیزی سے گزرنے کا احساس کیوں,KI,23576,URDU,urdu_char3gram_bm25,10,47824,45.002864837646484,50
post_phase12_module2_M2-A,M2-A,R007,جدید گیجٹس کی وجہ سے وقت تیزی سے گزرنے کا احساس کیوں,KI,23576,URDU,urdu_char3gram_bm25,11,79550,44.87250518798828,50
post_phase12_module2_M2-A,M2-A,R007,جدید گیجٹس کی وجہ سے وقت تیزی سے گزرنے کا احساس کیوں,KI,23576,URDU,urdu_char3gram_bm25,12,23151,44.747711181640625,50
post_phase12_module2_M2-A,M2-A,R007,جدید گیجٹس کی وجہ سے وقت تیزی سے گزرنے کا احساس کیوں,KI,23576,URDU,urdu_char3gram_bm25,13,23493,44.46516036987305,50
post_phase12_module2_M2-A,M2-A,R007,جدید گیجٹس کی وجہ سے وقت تیزی سے گزرنے کا احساس کیوں,KI,23576,URDU,urdu_char3gram_bm25,14,40200,44.36264419555664,50
post_phase12_module2_M2-A,M2-A,R007,جدید گیجٹس کی وجہ سے وقت تیزی سے گزرنے کا احساس کیوں,KI,23576,URDU,urdu_char3gram_bm25,15,18384,44.12062454223633,50
post_phase12_module2_M2-A,M2-A,R007,جدید گیجٹس کی وجہ سے وقت تیزی سے گزرنے کا احساس کیوں,KI,23576,URDU,urdu_char3gram_bm25,16,1640,43.72165298461914,50
post_phase12_module2_M2-A,M2-A,R007,جدید گیجٹس کی وجہ سے وقت تیزی سے گزرنے کا احساس کیوں,KI,23576,URDU,urdu_char3gram_bm25,17,40471,43.70092010498047,50
post_phase12_module2_M2-A,M2-A,R007,جدید گیجٹس کی وجہ سے وقت تیزی سے گزرنے کا احساس کیوں,KI,23576,URDU,urdu_char3gram_bm25,18,39779,43.29370880126953,50
post_phase12_module2_M2-A,M2-A,R007,جدید گیجٹس کی وجہ سے وقت تیزی سے گزرنے کا احساس کیوں,KI,23576,URDU,urdu_char3gram_bm25,19,21976,43.22342300415039,50
post_phase12_module2_M2-A,M2-A,R007,جدید گیجٹس کی وجہ سے وقت تیزی سے گزرنے کا احساس کیوں,KI,23576,URDU,urdu_char3gram_bm25,20,39602,43.20018768310547,50
post_phase12_module2_M2-A,M2-A,R007,جدید گیجٹس کی وجہ سے وقت تیزی سے گزرنے کا احساس کیوں,KI,23576,URDU,urdu_char3gram_bm25,21,80970,42.99590301513672,50
post_phase12_module2_M2-A,M2-A,R007,جدید گیجٹس کی وجہ سے وقت تیزی سے گزرنے کا احساس کیوں,KI,23576,URDU,urdu_char3gram_bm25,22,15816,42.987266540527344,50
post_phase12_module2_M2-A,M2-A,R007,جدید گیجٹس کی وجہ سے وقت تیزی سے گزرنے کا احساس کیوں,KI,23576,URDU,urdu_char3gram_bm25,23,12741,42.8941535949707,50
post_phase12_module2_M2-A,M2-A,R007,جدید گیجٹس کی وجہ سے وقت تیزی سے گزرنے کا احساس کیوں,KI,23576,URDU,urdu_char3gram_bm25,24,24628,42.63239669799805,50
post_phase12_module2_M2-A,M2-A,R007,جدید گیجٹس کی وجہ سے وقت تیزی سے گزرنے کا احساس کیوں,KI,23576,URDU,urdu_char3gram_bm25,25,24623,42.19473648071289,50
post_phase12_module2_M2-A,M2-A,R007,جدید گیجٹس کی وجہ سے وقت تیزی سے گزرنے کا احساس کیوں,KI,23576,URDU,urdu_char3gram_bm25,26,59922,42.130706787109375,50
post_phase12_module2_M2-A,M2-A,R007,جدید گیجٹس کی وجہ سے وقت تیزی سے گزرنے کا احساس کیوں,KI,23576,URDU,urdu_char3gram_bm25,27,15794,41.87888717651367,50
post_phase12_module2_M2-A,M2-A,R007,جدید گیجٹس کی وجہ سے وقت تیزی سے گزرنے کا احساس کیوں,KI,23576,URDU,urdu_char3gram_bm25,28,16116,41.663917541503906,50
post_phase12_module2_M2-A,M2-A,R007,جدید گیجٹس کی وجہ سے وقت تیزی سے گزرنے کا احساس کیوں,KI,23576,URDU,urdu_char3gram_bm25,29,4055,41.453365325927734,50
post_phase12_module2_M2-A,M2-A,R007,جدید گیجٹس کی وجہ سے وقت تیزی سے گزرنے کا احساس کیوں,KI,23576,URDU,urdu_char3gram_bm25,30,72992,41.03157043457031,50
post_phase12_module2_M2-A,M2-A,R007,جدید گیجٹس کی وجہ سے وقت تیزی سے گزرنے کا احساس کیوں,KI,23576,URDU,urdu_char3gram_bm25,31,15825,41.00904083251953,50
post_phase12_module2_M2-A,M2-A,R007,جدید گیجٹس کی وجہ سے وقت تیزی سے گزرنے کا احساس کیوں,KI,23576,URDU,urdu_char3gram_bm25,32,15701,40.719234466552734,50
post_phase12_module2_M2-A,M2-A,R007,جدید گیجٹس کی وجہ سے وقت تیزی سے گزرنے کا احساس کیوں,KI,23576,URDU,urdu_char3gram_bm25,33,14648,40.69417953491211,50
post_phase12_module2_M2-A,M2-A,R007,جدید گیجٹس کی وجہ سے وقت تیزی سے گزرنے کا احساس کیوں,KI,23576,URDU,urdu_char3gram_bm25,34,60484,40.53667068481445,50
post_phase12_module2_M2-A,M2-A,R007,جدید گیجٹس کی وجہ سے وقت تیزی سے گزرنے کا احساس کیوں,KI,23576,URDU,urdu_char3gram_bm25,35,22393,40.527034759521484,50
post_phase12_module2_M2-A,M2-A,R007,جدید گیجٹس کی وجہ سے وقت تیزی سے گزرنے کا احساس کیوں,KI,23576,URDU,urdu_char3gram_bm25,36,7749,40.49515914916992,50
post_phase12_module2_M2-A,M2-A,R007,جدید گیجٹس کی وجہ سے وقت تیزی سے گزرنے کا احساس کیوں,KI,23576,URDU,urdu_char3gram_bm25,37,3857,40.32064437866211,50
post_phase12_module2_M2-A,M2-A,R007,جدید گیجٹس کی وجہ سے وقت تیزی سے گزرنے کا احساس کیوں,KI,23576,URDU,urdu_char3gram_bm25,38,18388,40.06193923950195,50
post_phase12_module2_M2-A,M2-A,R007,جدید گیجٹس کی وجہ سے وقت تیزی سے گزرنے کا احساس کیوں,KI,23576,URDU,urdu_char3gram_bm25,39,23366,39.94813537597656,50
post_phase12_module2_M2-A,M2-A,R007,جدید گیجٹس کی وجہ سے وقت تیزی سے گزرنے کا احساس کیوں,KI,23576,URDU,urdu_char3gram_bm25,40,30833,39.8922119140625,50
post_phase12_module2_M2-A,M2-A,R007,جدید گیجٹس کی وجہ سے وقت تیزی سے گزرنے کا احساس کیوں,KI,23576,URDU,urdu_char3gram_bm25,41,9439,39.851383209228516,50
post_phase12_module2_M2-A,M2-A,R007,جدید گیجٹس کی وجہ سے وقت تیزی سے گزرنے کا احساس کیوں,KI,23576,URDU,urdu_char3gram_bm25,42,110763,39.844200134277344,50
post_phase12_module2_M2-A,M2-A,R007,جدید گیجٹس کی وجہ سے وقت تیزی سے گزرنے کا احساس کیوں,KI,23576,URDU,urdu_char3gram_bm25,43,106662,39.79481887817383,50
post_phase12_module2_M2-A,M2-A,R007,جدید گیجٹس کی وجہ سے وقت تیزی سے گزرنے کا احساس کیوں,KI,23576,URDU,urdu_char3gram_bm25,44,16158,39.65235900878906,50
post_phase12_module2_M2-A,M2-A,R007,جدید گیجٹس کی وجہ سے وقت تیزی سے گزرنے کا احساس کیوں,KI,23576,URDU,urdu_char3gram_bm25,45,24587,39.48020553588867,50
post_phase12_module2_M2-A,M2-A,R007,جدید گیجٹس کی وجہ سے وقت تیزی سے گزرنے کا احساس کیوں,KI,23576,URDU,urdu_char3gram_bm25,46,15771,39.185585021972656,50
post_phase12_module2_M2-A,M2-A,R007,جدید گیجٹس کی وجہ سے وقت تیزی سے گزرنے کا احساس کیوں,KI,23576,URDU,urdu_char3gram_bm25,47,9208,39.135215759277344,50
post_phase12_module2_M2-A,M2-A,R007,جدید گیجٹس کی وجہ سے وقت تیزی سے گزرنے کا احساس کیوں,KI,23576,URDU,urdu_char3gram_bm25,48,23782,39.002403259277344,50
post_phase12_module2_M2-A,M2-A,R007,جدید گیجٹس کی وجہ سے وقت تیزی سے گزرنے کا احساس کیوں,KI,23576,URDU,urdu_char3gram_bm25,49,6901,38.98231506347656,50
post_phase12_module2_M2-A,M2-A,R007,جدید گیجٹس کی وجہ سے وقت تیزی سے گزرنے کا احساس کیوں,KI,23576,URDU,urdu_char3gram_bm25,50,14894,38.90666961669922,50
post_phase12_module2_M2-A,M2-A,R008,ایک عام گوگل تلاش سے ٹرمپ خاندان کی مالی تاریخ سامنے کیسے آئی,KI,21267,URDU,urdu_char3gram_bm25,1,21267,103.2274169921875,50
post_phase12_module2_M2-A,M2-A,R008,ایک عام گوگل تلاش سے ٹرمپ خاندان کی مالی تاریخ سامنے کیسے آئی,KI,21267,URDU,urdu_char3gram_bm25,2,23238,85.80701446533203,50
post_phase12_module2_M2-A,M2-A,R008,ایک عام گوگل تلاش سے ٹرمپ خاندان کی مالی تاریخ سامنے کیسے آئی,KI,21267,URDU,urdu_char3gram_bm25,3,23152,72.7095718383789,50
post_phase12_module2_M2-A,M2-A,R008,ایک عام گوگل تلاش سے ٹرمپ خاندان کی مالی تاریخ سامنے کیسے آئی,KI,21267,URDU,urdu_char3gram_bm25,4,20485,70.59174346923828,50
post_phase12_module2_M2-A,M2-A,R008,ایک عام گوگل تلاش سے ٹرمپ خاندان کی مالی تاریخ سامنے کیسے آئی,KI,21267,URDU,urdu_char3gram_bm25,5,21358,69.60590362548828,50
post_phase12_module2_M2-A,M2-A,R008,ایک عام گوگل تلاش سے ٹرمپ خاندان کی مالی تاریخ سامنے کیسے آئی,KI,21267,URDU,urdu_char3gram_bm25,6,59848,68.7374496459961,50
post_phase12_module2_M2-A,M2-A,R008,ایک عام گوگل تلاش سے ٹرمپ خاندان کی مالی تاریخ سامنے کیسے آئی,KI,21267,URDU,urdu_char3gram_bm25,7,20304,68.45503997802734,50
post_phase12_module2_M2-A,M2-A,R008,ایک عام گوگل تلاش سے ٹرمپ خاندان کی مالی تاریخ سامنے کیسے آئی,KI,21267,URDU,urdu_char3gram_bm25,8,19808,67.81552124023438,50
post_phase12_module2_M2-A,M2-A,R008,ایک عام گوگل تلاش سے ٹرمپ خاندان کی مالی تاریخ سامنے کیسے آئی,KI,21267,URDU,urdu_char3gram_bm25,9,14972,67.79718017578125,50
post_phase12_module2_M2-A,M2-A,R008,ایک عام گوگل تلاش سے ٹرمپ خاندان کی مالی تاریخ سامنے کیسے آئی,KI,21267,URDU,urdu_char3gram_bm25,10,22428,66.69454193115234,50
post_phase12_module2_M2-A,M2-A,R008,ایک عام گوگل تلاش سے ٹرمپ خاندان کی مالی تاریخ سامنے کیسے آئی,KI,21267,URDU,urdu_char3gram_bm25,11,23038,66.50826263427734,50
post_phase12_module2_M2-A,M2-A,R008,ایک عام گوگل تلاش سے ٹرمپ خاندان کی مالی تاریخ سامنے کیسے آئی,KI,21267,URDU,urdu_char3gram_bm25,12,21149,65.35517883300781,50
post_phase12_module2_M2-A,M2-A,R008,ایک عام گوگل تلاش سے ٹرمپ خاندان کی مالی تاریخ سامنے کیسے آئی,KI,21267,URDU,urdu_char3gram_bm25,13,15093,64.60572052001953,50
post_phase12_module2_M2-A,M2-A,R008,ایک عام گوگل تلاش سے ٹرمپ خاندان کی مالی تاریخ سامنے کیسے آئی,KI,21267,URDU,urdu_char3gram_bm25,14,22634,64.21768951416016,50
post_phase12_module2_M2-A,M2-A,R008,ایک عام گوگل تلاش سے ٹرمپ خاندان کی مالی تاریخ سامنے کیسے آئی,KI,21267,URDU,urdu_char3gram_bm25,15,21463,64.01893615722656,50
post_phase12_module2_M2-A,M2-A,R008,ایک عام گوگل تلاش سے ٹرمپ خاندان کی مالی تاریخ سامنے کیسے آئی,KI,21267,URDU,urdu_char3gram_bm25,16,79366,63.91754150390625,50
post_phase12_module2_M2-A,M2-A,R008,ایک عام گوگل تلاش سے ٹرمپ خاندان کی مالی تاریخ سامنے کیسے آئی,KI,21267,URDU,urdu_char3gram_bm25,17,59906,63.55531692504883,50
post_phase12_module2_M2-A,M2-A,R008,ایک عام گوگل تلاش سے ٹرمپ خاندان کی مالی تاریخ سامنے کیسے آئی,KI,21267,URDU,urdu_char3gram_bm25,18,59702,63.52871322631836,50
post_phase12_module2_M2-A,M2-A,R008,ایک عام گوگل تلاش سے ٹرمپ خاندان کی مالی تاریخ سامنے کیسے آئی,KI,21267,URDU,urdu_char3gram_bm25,19,22008,63.290985107421875,50
post_phase12_module2_M2-A,M2-A,R008,ایک عام گوگل تلاش سے ٹرمپ خاندان کی مالی تاریخ سامنے کیسے آئی,KI,21267,URDU,urdu_char3gram_bm25,20,23427,63.08595657348633,50
post_phase12_module2_M2-A,M2-A,R008,ایک عام گوگل تلاش سے ٹرمپ خاندان کی مالی تاریخ سامنے کیسے آئی,KI,21267,URDU,urdu_char3gram_bm25,21,21836,62.91157913208008,50
post_phase12_module2_M2-A,M2-A,R008,ایک عام گوگل تلاش سے ٹرمپ خاندان کی مالی تاریخ سامنے کیسے آئی,KI,21267,URDU,urdu_char3gram_bm25,22,22635,62.628089904785156,50
post_phase12_module2_M2-A,M2-A,R008,ایک عام گوگل تلاش سے ٹرمپ خاندان کی مالی تاریخ سامنے کیسے آئی,KI,21267,URDU,urdu_char3gram_bm25,23,24645,62.52272415161133,50
post_phase12_module2_M2-A,M2-A,R008,ایک عام گوگل تلاش سے ٹرمپ خاندان کی مالی تاریخ سامنے کیسے آئی,KI,21267,URDU,urdu_char3gram_bm25,24,23126,62.517356872558594,50
post_phase12_module2_M2-A,M2-A,R008,ایک عام گوگل تلاش سے ٹرمپ خاندان کی مالی تاریخ سامنے کیسے آئی,KI,21267,URDU,urdu_char3gram_bm25,25,21342,62.44789505004883,50
post_phase12_module2_M2-A,M2-A,R008,ایک عام گوگل تلاش سے ٹرمپ خاندان کی مالی تاریخ سامنے کیسے آئی,KI,21267,URDU,urdu_char3gram_bm25,26,10938,61.55624008178711,50
post_phase12_module2_M2-A,M2-A,R008,ایک عام گوگل تلاش سے ٹرمپ خاندان کی مالی تاریخ سامنے کیسے آئی,KI,21267,URDU,urdu_char3gram_bm25,27,22281,61.24568176269531,50
post_phase12_module2_M2-A,M2-A,R008,ایک عام گوگل تلاش سے ٹرمپ خاندان کی مالی تاریخ سامنے کیسے آئی,KI,21267,URDU,urdu_char3gram_bm25,28,21749,60.610321044921875,50
post_phase12_module2_M2-A,M2-A,R008,ایک عام گوگل تلاش سے ٹرمپ خاندان کی مالی تاریخ سامنے کیسے آئی,KI,21267,URDU,urdu_char3gram_bm25,29,20722,60.604637145996094,50
post_phase12_module2_M2-A,M2-A,R008,ایک عام گوگل تلاش سے ٹرمپ خاندان کی مالی تاریخ سامنے کیسے آئی,KI,21267,URDU,urdu_char3gram_bm25,30,23617,60.33857345581055,50
post_phase12_module2_M2-A,M2-A,R008,ایک عام گوگل تلاش سے ٹرمپ خاندان کی مالی تاریخ سامنے کیسے آئی,KI,21267,URDU,urdu_char3gram_bm25,31,24688,59.86263656616211,50
post_phase12_module2_M2-A,M2-A,R008,ایک عام گوگل تلاش سے ٹرمپ خاندان کی مالی تاریخ سامنے کیسے آئی,KI,21267,URDU,urdu_char3gram_bm25,32,60430,59.4637565612793,50
post_phase12_module2_M2-A,M2-A,R008,ایک عام گوگل تلاش سے ٹرمپ خاندان کی مالی تاریخ سامنے کیسے آئی,KI,21267,URDU,urdu_char3gram_bm25,33,23216,59.38484191894531,50
post_phase12_module2_M2-A,M2-A,R008,ایک عام گوگل تلاش سے ٹرمپ خاندان کی مالی تاریخ سامنے کیسے آئی,KI,21267,URDU,urdu_char3gram_bm25,34,13995,58.95878982543945,50
post_phase12_module2_M2-A,M2-A,R008,ایک عام گوگل تلاش سے ٹرمپ خاندان کی مالی تاریخ سامنے کیسے آئی,KI,21267,URDU,urdu_char3gram_bm25,35,20293,58.952266693115234,50
post_phase12_module2_M2-A,M2-A,R008,ایک عام گوگل تلاش سے ٹرمپ خاندان کی مالی تاریخ سامنے کیسے آئی,KI,21267,URDU,urdu_char3gram_bm25,36,79808,58.86439895629883,50
post_phase12_module2_M2-A,M2-A,R008,ایک عام گوگل تلاش سے ٹرمپ خاندان کی مالی تاریخ سامنے کیسے آئی,KI,21267,URDU,urdu_char3gram_bm25,37,17898,58.165931701660156,50
post_phase12_module2_M2-A,M2-A,R008,ایک عام گوگل تلاش سے ٹرمپ خاندان کی مالی تاریخ سامنے کیسے آئی,KI,21267,URDU,urdu_char3gram_bm25,38,19813,58.13174057006836,50
post_phase12_module2_M2-A,M2-A,R008,ایک عام گوگل تلاش سے ٹرمپ خاندان کی مالی تاریخ سامنے کیسے آئی,KI,21267,URDU,urdu_char3gram_bm25,39,20597,58.0565071105957,50
post_phase12_module2_M2-A,M2-A,R008,ایک عام گوگل تلاش سے ٹرمپ خاندان کی مالی تاریخ سامنے کیسے آئی,KI,21267,URDU,urdu_char3gram_bm25,40,21300,57.710933685302734,50
post_phase12_module2_M2-A,M2-A,R008,ایک عام گوگل تلاش سے ٹرمپ خاندان کی مالی تاریخ سامنے کیسے آئی,KI,21267,URDU,urdu_char3gram_bm25,41,20521,57.652099609375,50
post_phase12_module2_M2-A,M2-A,R008,ایک عام گوگل تلاش سے ٹرمپ خاندان کی مالی تاریخ سامنے کیسے آئی,KI,21267,URDU,urdu_char3gram_bm25,42,21253,57.46906280517578,50
post_phase12_module2_M2-A,M2-A,R008,ایک عام گوگل تلاش سے ٹرمپ خاندان کی مالی تاریخ سامنے کیسے آئی,KI,21267,URDU,urdu_char3gram_bm25,43,22012,57.38957977294922,50
post_phase12_module2_M2-A,M2-A,R008,ایک عام گوگل تلاش سے ٹرمپ خاندان کی مالی تاریخ سامنے کیسے آئی,KI,21267,URDU,urdu_char3gram_bm25,44,19233,57.3177375793457,50
post_phase12_module2_M2-A,M2-A,R008,ایک عام گوگل تلاش سے ٹرمپ خاندان کی مالی تاریخ سامنے کیسے آئی,KI,21267,URDU,urdu_char3gram_bm25,45,6601,57.25040054321289,50
post_phase12_module2_M2-A,M2-A,R008,ایک عام گوگل تلاش سے ٹرمپ خاندان کی مالی تاریخ سامنے کیسے آئی,KI,21267,URDU,urdu_char3gram_bm25,46,17976,57.18928527832031,50
post_phase12_module2_M2-A,M2-A,R008,ایک عام گوگل تلاش سے ٹرمپ خاندان کی مالی تاریخ سامنے کیسے آئی,KI,21267,URDU,urdu_char3gram_bm25,47,21303,57.059242248535156,50
post_phase12_module2_M2-A,M2-A,R008,ایک عام گوگل تلاش سے ٹرمپ خاندان کی مالی تاریخ سامنے کیسے آئی,KI,21267,URDU,urdu_char3gram_bm25,48,19651,56.949363708496094,50
post_phase12_module2_M2-A,M2-A,R008,ایک عام گوگل تلاش سے ٹرمپ خاندان کی مالی تاریخ سامنے کیسے آئی,KI,21267,URDU,urdu_char3gram_bm25,49,20060,56.878475189208984,50
post_phase12_module2_M2-A,M2-A,R008,ایک عام گوگل تلاش سے ٹرمپ خاندان کی مالی تاریخ سامنے کیسے آئی,KI,21267,URDU,urdu_char3gram_bm25,50,22210,56.852848052978516,50
post_phase12_module2_M2-A,M2-A,R009,سیالکوٹ ایئرپورٹ پر بین الاقوامی فلائٹس کا اعتماد کیوں بڑھ رہا ہے,KI,38938,URDU,urdu_char3gram_bm25,1,38938,90.55533599853516,50
post_phase12_module2_M2-A,M2-A,R009,سیالکوٹ ایئرپورٹ پر بین الاقوامی فلائٹس کا اعتماد کیوں بڑھ رہا ہے,KI,38938,URDU,urdu_char3gram_bm25,2,64581,81.38545989990234,50
post_phase12_module2_M2-A,M2-A,R009,سیالکوٹ ایئرپورٹ پر بین الاقوامی فلائٹس کا اعتماد کیوں بڑھ رہا ہے,KI,38938,URDU,urdu_char3gram_bm25,3,41164,80.81507110595703,50
post_phase12_module2_M2-A,M2-A,R009,سیالکوٹ ایئرپورٹ پر بین الاقوامی فلائٹس کا اعتماد کیوں بڑھ رہا ہے,KI,38938,URDU,urdu_char3gram_bm25,4,74466,79.45985412597656,50
post_phase12_module2_M2-A,M2-A,R009,سیالکوٹ ایئرپورٹ پر بین الاقوامی فلائٹس کا اعتماد کیوں بڑھ رہا ہے,KI,38938,URDU,urdu_char3gram_bm25,5,110466,74.7877426147461,50
post_phase12_module2_M2-A,M2-A,R009,سیالکوٹ ایئرپورٹ پر بین الاقوامی فلائٹس کا اعتماد کیوں بڑھ رہا ہے,KI,38938,URDU,urdu_char3gram_bm25,6,109381,74.6847915649414,50
post_phase12_module2_M2-A,M2-A,R009,سیالکوٹ ایئرپورٹ پر بین الاقوامی فلائٹس کا اعتماد کیوں بڑھ رہا ہے,KI,38938,URDU,urdu_char3gram_bm25,7,268,73.24053955078125,50
post_phase12_module2_M2-A,M2-A,R009,سیالکوٹ ایئرپورٹ پر بین الاقوامی فلائٹس کا اعتماد کیوں بڑھ رہا ہے,KI,38938,URDU,urdu_char3gram_bm25,8,39537,72.38520812988281,50
post_phase12_module2_M2-A,M2-A,R009,سیالکوٹ ایئرپورٹ پر بین الاقوامی فلائٹس کا اعتماد کیوں بڑھ رہا ہے,KI,38938,URDU,urdu_char3gram_bm25,9,63065,71.98957061767578,50
post_phase12_module2_M2-A,M2-A,R009,سیالکوٹ ایئرپورٹ پر بین الاقوامی فلائٹس کا اعتماد کیوں بڑھ رہا ہے,KI,38938,URDU,urdu_char3gram_bm25,10,60213,71.48387145996094,50
post_phase12_module2_M2-A,M2-A,R009,سیالکوٹ ایئرپورٹ پر بین الاقوامی فلائٹس کا اعتماد کیوں بڑھ رہا ہے,KI,38938,URDU,urdu_char3gram_bm25,11,71034,70.75536346435547,50
post_phase12_module2_M2-A,M2-A,R009,سیالکوٹ ایئرپورٹ پر بین الاقوامی فلائٹس کا اعتماد کیوں بڑھ رہا ہے,KI,38938,URDU,urdu_char3gram_bm25,12,21049,70.1530990600586,50
post_phase12_module2_M2-A,M2-A,R009,سیالکوٹ ایئرپورٹ پر بین الاقوامی فلائٹس کا اعتماد کیوں بڑھ رہا ہے,KI,38938,URDU,urdu_char3gram_bm25,13,35767,68.71337890625,50
post_phase12_module2_M2-A,M2-A,R009,سیالکوٹ ایئرپورٹ پر بین الاقوامی فلائٹس کا اعتماد کیوں بڑھ رہا ہے,KI,38938,URDU,urdu_char3gram_bm25,14,74486,67.62721252441406,50
post_phase12_module2_M2-A,M2-A,R009,سیالکوٹ ایئرپورٹ پر بین الاقوامی فلائٹس کا اعتماد کیوں بڑھ رہا ہے,KI,38938,URDU,urdu_char3gram_bm25,15,48219,66.25326538085938,50
post_phase12_module2_M2-A,M2-A,R009,سیالکوٹ ایئرپورٹ پر بین الاقوامی فلائٹس کا اعتماد کیوں بڑھ رہا ہے,KI,38938,URDU,urdu_char3gram_bm25,16,35637,65.5263671875,50
post_phase12_module2_M2-A,M2-A,R009,سیالکوٹ ایئرپورٹ پر بین الاقوامی فلائٹس کا اعتماد کیوں بڑھ رہا ہے,KI,38938,URDU,urdu_char3gram_bm25,17,99643,65.48777770996094,50
post_phase12_module2_M2-A,M2-A,R009,سیالکوٹ ایئرپورٹ پر بین الاقوامی فلائٹس کا اعتماد کیوں بڑھ رہا ہے,KI,38938,URDU,urdu_char3gram_bm25,18,79898,65.46287536621094,50
post_phase12_module2_M2-A,M2-A,R009,سیالکوٹ ایئرپورٹ پر بین الاقوامی فلائٹس کا اعتماد کیوں بڑھ رہا ہے,KI,38938,URDU,urdu_char3gram_bm25,19,38977,65.43634796142578,50
post_phase12_module2_M2-A,M2-A,R009,سیالکوٹ ایئرپورٹ پر بین الاقوامی فلائٹس کا اعتماد کیوں بڑھ رہا ہے,KI,38938,URDU,urdu_char3gram_bm25,20,40243,65.05909729003906,50
post_phase12_module2_M2-A,M2-A,R009,سیالکوٹ ایئرپورٹ پر بین الاقوامی فلائٹس کا اعتماد کیوں بڑھ رہا ہے,KI,38938,URDU,urdu_char3gram_bm25,21,62591,65.05288696289062,50
post_phase12_module2_M2-A,M2-A,R009,سیالکوٹ ایئرپورٹ پر بین الاقوامی فلائٹس کا اعتماد کیوں بڑھ رہا ہے,KI,38938,URDU,urdu_char3gram_bm25,22,111036,65.03942108154297,50
post_phase12_module2_M2-A,M2-A,R009,سیالکوٹ ایئرپورٹ پر بین الاقوامی فلائٹس کا اعتماد کیوں بڑھ رہا ہے,KI,38938,URDU,urdu_char3gram_bm25,23,55947,64.99044036865234,50
post_phase12_module2_M2-A,M2-A,R009,سیالکوٹ ایئرپورٹ پر بین الاقوامی فلائٹس کا اعتماد کیوں بڑھ رہا ہے,KI,38938,URDU,urdu_char3gram_bm25,24,27302,64.7478256225586,50
post_phase12_module2_M2-A,M2-A,R009,سیالکوٹ ایئرپورٹ پر بین الاقوامی فلائٹس کا اعتماد کیوں بڑھ رہا ہے,KI,38938,URDU,urdu_char3gram_bm25,25,29417,64.70191192626953,50
post_phase12_module2_M2-A,M2-A,R009,سیالکوٹ ایئرپورٹ پر بین الاقوامی فلائٹس کا اعتماد کیوں بڑھ رہا ہے,KI,38938,URDU,urdu_char3gram_bm25,26,61887,64.43574523925781,50
post_phase12_module2_M2-A,M2-A,R009,سیالکوٹ ایئرپورٹ پر بین الاقوامی فلائٹس کا اعتماد کیوں بڑھ رہا ہے,KI,38938,URDU,urdu_char3gram_bm25,27,1861,63.925445556640625,50
post_phase12_module2_M2-A,M2-A,R009,سیالکوٹ ایئرپورٹ پر بین الاقوامی فلائٹس کا اعتماد کیوں بڑھ رہا ہے,KI,38938,URDU,urdu_char3gram_bm25,28,55726,63.826011657714844,50
post_phase12_module2_M2-A,M2-A,R009,سیالکوٹ ایئرپورٹ پر بین الاقوامی فلائٹس کا اعتماد کیوں بڑھ رہا ہے,KI,38938,URDU,urdu_char3gram_bm25,29,78364,63.756568908691406,50
post_phase12_module2_M2-A,M2-A,R009,سیالکوٹ ایئرپورٹ پر بین الاقوامی فلائٹس کا اعتماد کیوں بڑھ رہا ہے,KI,38938,URDU,urdu_char3gram_bm25,30,103716,63.563438415527344,50
post_phase12_module2_M2-A,M2-A,R009,سیالکوٹ ایئرپورٹ پر بین الاقوامی فلائٹس کا اعتماد کیوں بڑھ رہا ہے,KI,38938,URDU,urdu_char3gram_bm25,31,110247,63.17012023925781,50
post_phase12_module2_M2-A,M2-A,R009,سیالکوٹ ایئرپورٹ پر بین الاقوامی فلائٹس کا اعتماد کیوں بڑھ رہا ہے,KI,38938,URDU,urdu_char3gram_bm25,32,45372,62.782867431640625,50
post_phase12_module2_M2-A,M2-A,R009,سیالکوٹ ایئرپورٹ پر بین الاقوامی فلائٹس کا اعتماد کیوں بڑھ رہا ہے,KI,38938,URDU,urdu_char3gram_bm25,33,19532,62.773216247558594,50
post_phase12_module2_M2-A,M2-A,R009,سیالکوٹ ایئرپورٹ پر بین الاقوامی فلائٹس کا اعتماد کیوں بڑھ رہا ہے,KI,38938,URDU,urdu_char3gram_bm25,34,72798,62.645416259765625,50
post_phase12_module2_M2-A,M2-A,R009,سیالکوٹ ایئرپورٹ پر بین الاقوامی فلائٹس کا اعتماد کیوں بڑھ رہا ہے,KI,38938,URDU,urdu_char3gram_bm25,35,63756,62.59136199951172,50
post_phase12_module2_M2-A,M2-A,R009,سیالکوٹ ایئرپورٹ پر بین الاقوامی فلائٹس کا اعتماد کیوں بڑھ رہا ہے,KI,38938,URDU,urdu_char3gram_bm25,36,110888,62.34794616699219,50
post_phase12_module2_M2-A,M2-A,R009,سیالکوٹ ایئرپورٹ پر بین الاقوامی فلائٹس کا اعتماد کیوں بڑھ رہا ہے,KI,38938,URDU,urdu_char3gram_bm25,37,26903,62.29387283325195,50
post_phase12_module2_M2-A,M2-A,R009,سیالکوٹ ایئرپورٹ پر بین الاقوامی فلائٹس کا اعتماد کیوں بڑھ رہا ہے,KI,38938,URDU,urdu_char3gram_bm25,38,41210,62.231441497802734,50
post_phase12_module2_M2-A,M2-A,R009,سیالکوٹ ایئرپورٹ پر بین الاقوامی فلائٹس کا اعتماد کیوں بڑھ رہا ہے,KI,38938,URDU,urdu_char3gram_bm25,39,17243,61.8961067199707,50
post_phase12_module2_M2-A,M2-A,R009,سیالکوٹ ایئرپورٹ پر بین الاقوامی فلائٹس کا اعتماد کیوں بڑھ رہا ہے,KI,38938,URDU,urdu_char3gram_bm25,40,109912,61.75197982788086,50
post_phase12_module2_M2-A,M2-A,R009,سیالکوٹ ایئرپورٹ پر بین الاقوامی فلائٹس کا اعتماد کیوں بڑھ رہا ہے,KI,38938,URDU,urdu_char3gram_bm25,41,63567,61.69269943237305,50
post_phase12_module2_M2-A,M2-A,R009,سیالکوٹ ایئرپورٹ پر بین الاقوامی فلائٹس کا اعتماد کیوں بڑھ رہا ہے,KI,38938,URDU,urdu_char3gram_bm25,42,2218,61.52787399291992,50
post_phase12_module2_M2-A,M2-A,R009,سیالکوٹ ایئرپورٹ پر بین الاقوامی فلائٹس کا اعتماد کیوں بڑھ رہا ہے,KI,38938,URDU,urdu_char3gram_bm25,43,1791,61.502052307128906,50
post_phase12_module2_M2-A,M2-A,R009,سیالکوٹ ایئرپورٹ پر بین الاقوامی فلائٹس کا اعتماد کیوں بڑھ رہا ہے,KI,38938,URDU,urdu_char3gram_bm25,44,25391,61.35816192626953,50
post_phase12_module2_M2-A,M2-A,R009,سیالکوٹ ایئرپورٹ پر بین الاقوامی فلائٹس کا اعتماد کیوں بڑھ رہا ہے,KI,38938,URDU,urdu_char3gram_bm25,45,65588,61.2801513671875,50
post_phase12_module2_M2-A,M2-A,R009,سیالکوٹ ایئرپورٹ پر بین الاقوامی فلائٹس کا اعتماد کیوں بڑھ رہا ہے,KI,38938,URDU,urdu_char3gram_bm25,46,24,61.025123596191406,50
post_phase12_module2_M2-A,M2-A,R009,سیالکوٹ ایئرپورٹ پر بین الاقوامی فلائٹس کا اعتماد کیوں بڑھ رہا ہے,KI,38938,URDU,urdu_char3gram_bm25,47,28885,60.649776458740234,50
post_phase12_module2_M2-A,M2-A,R009,سیالکوٹ ایئرپورٹ پر بین الاقوامی فلائٹس کا اعتماد کیوں بڑھ رہا ہے,KI,38938,URDU,urdu_char3gram_bm25,48,64213,60.629940032958984,50
post_phase12_module2_M2-A,M2-A,R009,سیالکوٹ ایئرپورٹ پر بین الاقوامی فلائٹس کا اعتماد کیوں بڑھ رہا ہے,KI,38938,URDU,urdu_char3gram_bm25,49,30936,60.43381881713867,50
post_phase12_module2_M2-A,M2-A,R009,سیالکوٹ ایئرپورٹ پر بین الاقوامی فلائٹس کا اعتماد کیوں بڑھ رہا ہے,KI,38938,URDU,urdu_char3gram_bm25,50,2276,60.08916473388672,50
post_phase12_module2_M2-A,M2-A,R010,پنجاب کے سی این جی اسٹیشن مالکان ایل این جی درآمد کے لیے کیا کر رہے ہیں,KI,75297,URDU,urdu_char3gram_bm25,1,75297,82.60392761230469,50
post_phase12_module2_M2-A,M2-A,R010,پنجاب کے سی این جی اسٹیشن مالکان ایل این جی درآمد کے لیے کیا کر رہے ہیں,KI,75297,URDU,urdu_char3gram_bm25,2,62850,77.974853515625,50
post_phase12_module2_M2-A,M2-A,R010,پنجاب کے سی این جی اسٹیشن مالکان ایل این جی درآمد کے لیے کیا کر رہے ہیں,KI,75297,URDU,urdu_char3gram_bm25,3,74412,76.35359954833984,50
post_phase12_module2_M2-A,M2-A,R010,پنجاب کے سی این جی اسٹیشن مالکان ایل این جی درآمد کے لیے کیا کر رہے ہیں,KI,75297,URDU,urdu_char3gram_bm25,4,74673,76.27725982666016,50
post_phase12_module2_M2-A,M2-A,R010,پنجاب کے سی این جی اسٹیشن مالکان ایل این جی درآمد کے لیے کیا کر رہے ہیں,KI,75297,URDU,urdu_char3gram_bm25,5,74606,74.16719055175781,50
post_phase12_module2_M2-A,M2-A,R010,پنجاب کے سی این جی اسٹیشن مالکان ایل این جی درآمد کے لیے کیا کر رہے ہیں,KI,75297,URDU,urdu_char3gram_bm25,6,78558,73.92485046386719,50
post_phase12_module2_M2-A,M2-A,R010,پنجاب کے سی این جی اسٹیشن مالکان ایل این جی درآمد کے لیے کیا کر رہے ہیں,KI,75297,URDU,urdu_char3gram_bm25,7,62922,73.90892028808594,50
post_phase12_module2_M2-A,M2-A,R010,پنجاب کے سی این جی اسٹیشن مالکان ایل این جی درآمد کے لیے کیا کر رہے ہیں,KI,75297,URDU,urdu_char3gram_bm25,8,62811,73.90135192871094,50
post_phase12_module2_M2-A,M2-A,R010,پنجاب کے سی این جی اسٹیشن مالکان ایل این جی درآمد کے لیے کیا کر رہے ہیں,KI,75297,URDU,urdu_char3gram_bm25,9,75899,73.3910140991211,50
post_phase12_module2_M2-A,M2-A,R010,پنجاب کے سی این جی اسٹیشن مالکان ایل این جی درآمد کے لیے کیا کر رہے ہیں,KI,75297,URDU,urdu_char3gram_bm25,10,74674,71.89079284667969,50
post_phase12_module2_M2-A,M2-A,R010,پنجاب کے سی این جی اسٹیشن مالکان ایل این جی درآمد کے لیے کیا کر رہے ہیں,KI,75297,URDU,urdu_char3gram_bm25,11,62951,71.09691619873047,50
post_phase12_module2_M2-A,M2-A,R010,پنجاب کے سی این جی اسٹیشن مالکان ایل این جی درآمد کے لیے کیا کر رہے ہیں,KI,75297,URDU,urdu_char3gram_bm25,12,74104,70.14647674560547,50
post_phase12_module2_M2-A,M2-A,R010,پنجاب کے سی این جی اسٹیشن مالکان ایل این جی درآمد کے لیے کیا کر رہے ہیں,KI,75297,URDU,urdu_char3gram_bm25,13,74671,70.09534454345703,50
post_phase12_module2_M2-A,M2-A,R010,پنجاب کے سی این جی اسٹیشن مالکان ایل این جی درآمد کے لیے کیا کر رہے ہیں,KI,75297,URDU,urdu_char3gram_bm25,14,77507,69.41897583007812,50
post_phase12_module2_M2-A,M2-A,R010,پنجاب کے سی این جی اسٹیشن مالکان ایل این جی درآمد کے لیے کیا کر رہے ہیں,KI,75297,URDU,urdu_char3gram_bm25,15,75244,68.00988006591797,50
post_phase12_module2_M2-A,M2-A,R010,پنجاب کے سی این جی اسٹیشن مالکان ایل این جی درآمد کے لیے کیا کر رہے ہیں,KI,75297,URDU,urdu_char3gram_bm25,16,62766,67.95195007324219,50
post_phase12_module2_M2-A,M2-A,R010,پنجاب کے سی این جی اسٹیشن مالکان ایل این جی درآمد کے لیے کیا کر رہے ہیں,KI,75297,URDU,urdu_char3gram_bm25,17,72245,66.5091552734375,50
post_phase12_module2_M2-A,M2-A,R010,پنجاب کے سی این جی اسٹیشن مالکان ایل این جی درآمد کے لیے کیا کر رہے ہیں,KI,75297,URDU,urdu_char3gram_bm25,18,75886,66.48908996582031,50
post_phase12_module2_M2-A,M2-A,R010,پنجاب کے سی این جی اسٹیشن مالکان ایل این جی درآمد کے لیے کیا کر رہے ہیں,KI,75297,URDU,urdu_char3gram_bm25,19,77566,65.90486907958984,50
post_phase12_module2_M2-A,M2-A,R010,پنجاب کے سی این جی اسٹیشن مالکان ایل این جی درآمد کے لیے کیا کر رہے ہیں,KI,75297,URDU,urdu_char3gram_bm25,20,75868,65.69297790527344,50
post_phase12_module2_M2-A,M2-A,R010,پنجاب کے سی این جی اسٹیشن مالکان ایل این جی درآمد کے لیے کیا کر رہے ہیں,KI,75297,URDU,urdu_char3gram_bm25,21,65253,65.60224151611328,50
post_phase12_module2_M2-A,M2-A,R010,پنجاب کے سی این جی اسٹیشن مالکان ایل این جی درآمد کے لیے کیا کر رہے ہیں,KI,75297,URDU,urdu_char3gram_bm25,22,75864,65.5311508178711,50
post_phase12_module2_M2-A,M2-A,R010,پنجاب کے سی این جی اسٹیشن مالکان ایل این جی درآمد کے لیے کیا کر رہے ہیں,KI,75297,URDU,urdu_char3gram_bm25,23,77809,65.4921875,50
post_phase12_module2_M2-A,M2-A,R010,پنجاب کے سی این جی اسٹیشن مالکان ایل این جی درآمد کے لیے کیا کر رہے ہیں,KI,75297,URDU,urdu_char3gram_bm25,24,78537,65.32731628417969,50
post_phase12_module2_M2-A,M2-A,R010,پنجاب کے سی این جی اسٹیشن مالکان ایل این جی درآمد کے لیے کیا کر رہے ہیں,KI,75297,URDU,urdu_char3gram_bm25,25,78900,65.24906158447266,50
post_phase12_module2_M2-A,M2-A,R010,پنجاب کے سی این جی اسٹیشن مالکان ایل این جی درآمد کے لیے کیا کر رہے ہیں,KI,75297,URDU,urdu_char3gram_bm25,26,74670,65.15750122070312,50
post_phase12_module2_M2-A,M2-A,R010,پنجاب کے سی این جی اسٹیشن مالکان ایل این جی درآمد کے لیے کیا کر رہے ہیں,KI,75297,URDU,urdu_char3gram_bm25,27,40777,64.90978240966797,50
post_phase12_module2_M2-A,M2-A,R010,پنجاب کے سی این جی اسٹیشن مالکان ایل این جی درآمد کے لیے کیا کر رہے ہیں,KI,75297,URDU,urdu_char3gram_bm25,28,77548,63.959632873535156,50
post_phase12_module2_M2-A,M2-A,R010,پنجاب کے سی این جی اسٹیشن مالکان ایل این جی درآمد کے لیے کیا کر رہے ہیں,KI,75297,URDU,urdu_char3gram_bm25,29,74675,63.858909606933594,50
post_phase12_module2_M2-A,M2-A,R010,پنجاب کے سی این جی اسٹیشن مالکان ایل این جی درآمد کے لیے کیا کر رہے ہیں,KI,75297,URDU,urdu_char3gram_bm25,30,74470,63.66017532348633,50
post_phase12_module2_M2-A,M2-A,R010,پنجاب کے سی این جی اسٹیشن مالکان ایل این جی درآمد کے لیے کیا کر رہے ہیں,KI,75297,URDU,urdu_char3gram_bm25,31,72223,63.26930618286133,50
post_phase12_module2_M2-A,M2-A,R010,پنجاب کے سی این جی اسٹیشن مالکان ایل این جی درآمد کے لیے کیا کر رہے ہیں,KI,75297,URDU,urdu_char3gram_bm25,32,62748,63.16525650024414,50
post_phase12_module2_M2-A,M2-A,R010,پنجاب کے سی این جی اسٹیشن مالکان ایل این جی درآمد کے لیے کیا کر رہے ہیں,KI,75297,URDU,urdu_char3gram_bm25,33,63391,63.04884338378906,50
post_phase12_module2_M2-A,M2-A,R010,پنجاب کے سی این جی اسٹیشن مالکان ایل این جی درآمد کے لیے کیا کر رہے ہیں,KI,75297,URDU,urdu_char3gram_bm25,34,77545,62.816322326660156,50
post_phase12_module2_M2-A,M2-A,R010,پنجاب کے سی این جی اسٹیشن مالکان ایل این جی درآمد کے لیے کیا کر رہے ہیں,KI,75297,URDU,urdu_char3gram_bm25,35,62349,62.76789093017578,50
post_phase12_module2_M2-A,M2-A,R010,پنجاب کے سی این جی اسٹیشن مالکان ایل این جی درآمد کے لیے کیا کر رہے ہیں,KI,75297,URDU,urdu_char3gram_bm25,36,61755,62.710994720458984,50
post_phase12_module2_M2-A,M2-A,R010,پنجاب کے سی این جی اسٹیشن مالکان ایل این جی درآمد کے لیے کیا کر رہے ہیں,KI,75297,URDU,urdu_char3gram_bm25,37,62723,62.29576110839844,50
post_phase12_module2_M2-A,M2-A,R010,پنجاب کے سی این جی اسٹیشن مالکان ایل این جی درآمد کے لیے کیا کر رہے ہیں,KI,75297,URDU,urdu_char3gram_bm25,38,61899,62.24086380004883,50
post_phase12_module2_M2-A,M2-A,R010,پنجاب کے سی این جی اسٹیشن مالکان ایل این جی درآمد کے لیے کیا کر رہے ہیں,KI,75297,URDU,urdu_char3gram_bm25,39,74678,62.131103515625,50
post_phase12_module2_M2-A,M2-A,R010,پنجاب کے سی این جی اسٹیشن مالکان ایل این جی درآمد کے لیے کیا کر رہے ہیں,KI,75297,URDU,urdu_char3gram_bm25,40,62772,62.008750915527344,50
post_phase12_module2_M2-A,M2-A,R010,پنجاب کے سی این جی اسٹیشن مالکان ایل این جی درآمد کے لیے کیا کر رہے ہیں,KI,75297,URDU,urdu_char3gram_bm25,41,61669,61.056724548339844,50
post_phase12_module2_M2-A,M2-A,R010,پنجاب کے سی این جی اسٹیشن مالکان ایل این جی درآمد کے لیے کیا کر رہے ہیں,KI,75297,URDU,urdu_char3gram_bm25,42,62908,61.02378463745117,50
post_phase12_module2_M2-A,M2-A,R010,پنجاب کے سی این جی اسٹیشن مالکان ایل این جی درآمد کے لیے کیا کر رہے ہیں,KI,75297,URDU,urdu_char3gram_bm25,43,62090,60.78565979003906,50
post_phase12_module2_M2-A,M2-A,R010,پنجاب کے سی این جی اسٹیشن مالکان ایل این جی درآمد کے لیے کیا کر رہے ہیں,KI,75297,URDU,urdu_char3gram_bm25,44,74801,60.06653594970703,50
post_phase12_module2_M2-A,M2-A,R010,پنجاب کے سی این جی اسٹیشن مالکان ایل این جی درآمد کے لیے کیا کر رہے ہیں,KI,75297,URDU,urdu_char3gram_bm25,45,70317,60.06572341918945,50
post_phase12_module2_M2-A,M2-A,R010,پنجاب کے سی این جی اسٹیشن مالکان ایل این جی درآمد کے لیے کیا کر رہے ہیں,KI,75297,URDU,urdu_char3gram_bm25,46,3169,59.748374938964844,50
post_phase12_module2_M2-A,M2-A,R010,پنجاب کے سی این جی اسٹیشن مالکان ایل این جی درآمد کے لیے کیا کر رہے ہیں,KI,75297,URDU,urdu_char3gram_bm25,47,77637,59.653602600097656,50
post_phase12_module2_M2-A,M2-A,R010,پنجاب کے سی این جی اسٹیشن مالکان ایل این جی درآمد کے لیے کیا کر رہے ہیں,KI,75297,URDU,urdu_char3gram_bm25,48,75787,59.63763427734375,50
post_phase12_module2_M2-A,M2-A,R010,پنجاب کے سی این جی اسٹیشن مالکان ایل این جی درآمد کے لیے کیا کر رہے ہیں,KI,75297,URDU,urdu_char3gram_bm25,49,62809,59.497737884521484,50
post_phase12_module2_M2-A,M2-A,R010,پنجاب کے سی این جی اسٹیشن مالکان ایل این جی درآمد کے لیے کیا کر رہے ہیں,KI,75297,URDU,urdu_char3gram_bm25,50,75048,59.409236907958984,50
post_phase12_module2_M2-A,M2-A,R011,رجنی کانت والی فلم نے ریلیز سے پہلے کتna کاروبار کیا,KI,11649,MIXED,urdu_char3gram_bm25,1,10895,71.83917999267578,50
post_phase12_module2_M2-A,M2-A,R011,رجنی کانت والی فلم نے ریلیز سے پہلے کتna کاروبار کیا,KI,11649,MIXED,urdu_char3gram_bm25,2,7750,68.69398498535156,50
post_phase12_module2_M2-A,M2-A,R011,رجنی کانت والی فلم نے ریلیز سے پہلے کتna کاروبار کیا,KI,11649,MIXED,urdu_char3gram_bm25,3,102065,67.55647277832031,50
post_phase12_module2_M2-A,M2-A,R011,رجنی کانت والی فلم نے ریلیز سے پہلے کتna کاروبار کیا,KI,11649,MIXED,urdu_char3gram_bm25,4,7744,67.3726806640625,50
post_phase12_module2_M2-A,M2-A,R011,رجنی کانت والی فلم نے ریلیز سے پہلے کتna کاروبار کیا,KI,11649,MIXED,urdu_char3gram_bm25,5,99511,66.46852111816406,50
post_phase12_module2_M2-A,M2-A,R011,رجنی کانت والی فلم نے ریلیز سے پہلے کتna کاروبار کیا,KI,11649,MIXED,urdu_char3gram_bm25,6,99963,65.78360748291016,50
post_phase12_module2_M2-A,M2-A,R011,رجنی کانت والی فلم نے ریلیز سے پہلے کتna کاروبار کیا,KI,11649,MIXED,urdu_char3gram_bm25,7,12797,65.31009674072266,50
post_phase12_module2_M2-A,M2-A,R011,رجنی کانت والی فلم نے ریلیز سے پہلے کتna کاروبار کیا,KI,11649,MIXED,urdu_char3gram_bm25,8,98782,65.10862731933594,50
post_phase12_module2_M2-A,M2-A,R011,رجنی کانت والی فلم نے ریلیز سے پہلے کتna کاروبار کیا,KI,11649,MIXED,urdu_char3gram_bm25,9,99489,64.88655090332031,50
post_phase12_module2_M2-A,M2-A,R011,رجنی کانت والی فلم نے ریلیز سے پہلے کتna کاروبار کیا,KI,11649,MIXED,urdu_char3gram_bm25,10,102068,64.5554428100586,50
post_phase12_module2_M2-A,M2-A,R011,رجنی کانت والی فلم نے ریلیز سے پہلے کتna کاروبار کیا,KI,11649,MIXED,urdu_char3gram_bm25,11,10099,64.38948822021484,50
post_phase12_module2_M2-A,M2-A,R011,رجنی کانت والی فلم نے ریلیز سے پہلے کتna کاروبار کیا,KI,11649,MIXED,urdu_char3gram_bm25,12,7779,64.38096618652344,50
post_phase12_module2_M2-A,M2-A,R011,رجنی کانت والی فلم نے ریلیز سے پہلے کتna کاروبار کیا,KI,11649,MIXED,urdu_char3gram_bm25,13,104962,64.19141387939453,50
post_phase12_module2_M2-A,M2-A,R011,رجنی کانت والی فلم نے ریلیز سے پہلے کتna کاروبار کیا,KI,11649,MIXED,urdu_char3gram_bm25,14,98774,64.17575073242188,50
post_phase12_module2_M2-A,M2-A,R011,رجنی کانت والی فلم نے ریلیز سے پہلے کتna کاروبار کیا,KI,11649,MIXED,urdu_char3gram_bm25,15,7775,64.10543823242188,50
post_phase12_module2_M2-A,M2-A,R011,رجنی کانت والی فلم نے ریلیز سے پہلے کتna کاروبار کیا,KI,11649,MIXED,urdu_char3gram_bm25,16,8306,63.96514129638672,50
post_phase12_module2_M2-A,M2-A,R011,رجنی کانت والی فلم نے ریلیز سے پہلے کتna کاروبار کیا,KI,11649,MIXED,urdu_char3gram_bm25,17,105198,63.4679069519043,50
post_phase12_module2_M2-A,M2-A,R011,رجنی کانت والی فلم نے ریلیز سے پہلے کتna کاروبار کیا,KI,11649,MIXED,urdu_char3gram_bm25,18,69617,63.094032287597656,50
post_phase12_module2_M2-A,M2-A,R011,رجنی کانت والی فلم نے ریلیز سے پہلے کتna کاروبار کیا,KI,11649,MIXED,urdu_char3gram_bm25,19,10287,62.745845794677734,50
post_phase12_module2_M2-A,M2-A,R011,رجنی کانت والی فلم نے ریلیز سے پہلے کتna کاروبار کیا,KI,11649,MIXED,urdu_char3gram_bm25,20,66998,62.497344970703125,50
post_phase12_module2_M2-A,M2-A,R011,رجنی کانت والی فلم نے ریلیز سے پہلے کتna کاروبار کیا,KI,11649,MIXED,urdu_char3gram_bm25,21,11649,62.46353530883789,50
post_phase12_module2_M2-A,M2-A,R011,رجنی کانت والی فلم نے ریلیز سے پہلے کتna کاروبار کیا,KI,11649,MIXED,urdu_char3gram_bm25,22,12769,62.38701248168945,50
post_phase12_module2_M2-A,M2-A,R011,رجنی کانت والی فلم نے ریلیز سے پہلے کتna کاروبار کیا,KI,11649,MIXED,urdu_char3gram_bm25,23,7726,62.32271194458008,50
post_phase12_module2_M2-A,M2-A,R011,رجنی کانت والی فلم نے ریلیز سے پہلے کتna کاروبار کیا,KI,11649,MIXED,urdu_char3gram_bm25,24,9545,62.044410705566406,50
post_phase12_module2_M2-A,M2-A,R011,رجنی کانت والی فلم نے ریلیز سے پہلے کتna کاروبار کیا,KI,11649,MIXED,urdu_char3gram_bm25,25,7700,62.03171920776367,50
post_phase12_module2_M2-A,M2-A,R011,رجنی کانت والی فلم نے ریلیز سے پہلے کتna کاروبار کیا,KI,11649,MIXED,urdu_char3gram_bm25,26,99560,61.98298263549805,50
post_phase12_module2_M2-A,M2-A,R011,رجنی کانت والی فلم نے ریلیز سے پہلے کتna کاروبار کیا,KI,11649,MIXED,urdu_char3gram_bm25,27,7831,61.82899475097656,50
post_phase12_module2_M2-A,M2-A,R011,رجنی کانت والی فلم نے ریلیز سے پہلے کتna کاروبار کیا,KI,11649,MIXED,urdu_char3gram_bm25,28,7233,61.436859130859375,50
post_phase12_module2_M2-A,M2-A,R011,رجنی کانت والی فلم نے ریلیز سے پہلے کتna کاروبار کیا,KI,11649,MIXED,urdu_char3gram_bm25,29,9343,61.15761947631836,50
post_phase12_module2_M2-A,M2-A,R011,رجنی کانت والی فلم نے ریلیز سے پہلے کتna کاروبار کیا,KI,11649,MIXED,urdu_char3gram_bm25,30,67272,60.151084899902344,50
post_phase12_module2_M2-A,M2-A,R011,رجنی کانت والی فلم نے ریلیز سے پہلے کتna کاروبار کیا,KI,11649,MIXED,urdu_char3gram_bm25,31,106780,60.08092498779297,50
post_phase12_module2_M2-A,M2-A,R011,رجنی کانت والی فلم نے ریلیز سے پہلے کتna کاروبار کیا,KI,11649,MIXED,urdu_char3gram_bm25,32,12171,59.54251480102539,50
post_phase12_module2_M2-A,M2-A,R011,رجنی کانت والی فلم نے ریلیز سے پہلے کتna کاروبار کیا,KI,11649,MIXED,urdu_char3gram_bm25,33,12772,59.12376403808594,50
post_phase12_module2_M2-A,M2-A,R011,رجنی کانت والی فلم نے ریلیز سے پہلے کتna کاروبار کیا,KI,11649,MIXED,urdu_char3gram_bm25,34,7641,59.10997772216797,50
post_phase12_module2_M2-A,M2-A,R011,رجنی کانت والی فلم نے ریلیز سے پہلے کتna کاروبار کیا,KI,11649,MIXED,urdu_char3gram_bm25,35,9890,58.98335266113281,50
post_phase12_module2_M2-A,M2-A,R011,رجنی کانت والی فلم نے ریلیز سے پہلے کتna کاروبار کیا,KI,11649,MIXED,urdu_char3gram_bm25,36,15680,58.4891357421875,50
post_phase12_module2_M2-A,M2-A,R011,رجنی کانت والی فلم نے ریلیز سے پہلے کتna کاروبار کیا,KI,11649,MIXED,urdu_char3gram_bm25,37,105543,58.43198776245117,50
post_phase12_module2_M2-A,M2-A,R011,رجنی کانت والی فلم نے ریلیز سے پہلے کتna کاروبار کیا,KI,11649,MIXED,urdu_char3gram_bm25,38,8800,58.27444076538086,50
post_phase12_module2_M2-A,M2-A,R011,رجنی کانت والی فلم نے ریلیز سے پہلے کتna کاروبار کیا,KI,11649,MIXED,urdu_char3gram_bm25,39,99351,58.249603271484375,50
post_phase12_module2_M2-A,M2-A,R011,رجنی کانت والی فلم نے ریلیز سے پہلے کتna کاروبار کیا,KI,11649,MIXED,urdu_char3gram_bm25,40,99676,57.861846923828125,50
post_phase12_module2_M2-A,M2-A,R011,رجنی کانت والی فلم نے ریلیز سے پہلے کتna کاروبار کیا,KI,11649,MIXED,urdu_char3gram_bm25,41,100126,57.55767822265625,50
post_phase12_module2_M2-A,M2-A,R011,رجنی کانت والی فلم نے ریلیز سے پہلے کتna کاروبار کیا,KI,11649,MIXED,urdu_char3gram_bm25,42,13726,57.017250061035156,50
post_phase12_module2_M2-A,M2-A,R011,رجنی کانت والی فلم نے ریلیز سے پہلے کتna کاروبار کیا,KI,11649,MIXED,urdu_char3gram_bm25,43,99952,56.88168716430664,50
post_phase12_module2_M2-A,M2-A,R011,رجنی کانت والی فلم نے ریلیز سے پہلے کتna کاروبار کیا,KI,11649,MIXED,urdu_char3gram_bm25,44,99481,56.2657356262207,50
post_phase12_module2_M2-A,M2-A,R011,رجنی کانت والی فلم نے ریلیز سے پہلے کتna کاروبار کیا,KI,11649,MIXED,urdu_char3gram_bm25,45,108871,56.092586517333984,50
post_phase12_module2_M2-A,M2-A,R011,رجنی کانت والی فلم نے ریلیز سے پہلے کتna کاروبار کیا,KI,11649,MIXED,urdu_char3gram_bm25,46,68599,55.662353515625,50
post_phase12_module2_M2-A,M2-A,R011,رجنی کانت والی فلم نے ریلیز سے پہلے کتna کاروبار کیا,KI,11649,MIXED,urdu_char3gram_bm25,47,98798,54.724449157714844,50
post_phase12_module2_M2-A,M2-A,R011,رجنی کانت والی فلم نے ریلیز سے پہلے کتna کاروبار کیا,KI,11649,MIXED,urdu_char3gram_bm25,48,99696,54.686134338378906,50
post_phase12_module2_M2-A,M2-A,R011,رجنی کانت والی فلم نے ریلیز سے پہلے کتna کاروبار کیا,KI,11649,MIXED,urdu_char3gram_bm25,49,69430,54.4514274597168,50
post_phase12_module2_M2-A,M2-A,R011,رجنی کانت والی فلم نے ریلیز سے پہلے کتna کاروبار کیا,KI,11649,MIXED,urdu_char3gram_bm25,50,99982,54.40366744995117,50
post_phase12_module2_M2-A,M2-A,R012,عید پر مٹھائی کی جگہ لوگ ab کya تحفہ dena pasand karte hain,KI,40307,MIXED,urdu_char3gram_bm25,1,40307,85.69470977783203,50
post_phase12_module2_M2-A,M2-A,R012,عید پر مٹھائی کی جگہ لوگ ab کya تحفہ dena pasand karte hain,KI,40307,MIXED,urdu_char3gram_bm25,2,57390,56.38311767578125,50
post_phase12_module2_M2-A,M2-A,R012,عید پر مٹھائی کی جگہ لوگ ab کya تحفہ dena pasand karte hain,KI,40307,MIXED,urdu_char3gram_bm25,3,55955,51.30434799194336,50
post_phase12_module2_M2-A,M2-A,R012,عید پر مٹھائی کی جگہ لوگ ab کya تحفہ dena pasand karte hain,KI,40307,MIXED,urdu_char3gram_bm25,4,85673,49.38633728027344,50
post_phase12_module2_M2-A,M2-A,R012,عید پر مٹھائی کی جگہ لوگ ab کya تحفہ dena pasand karte hain,KI,40307,MIXED,urdu_char3gram_bm25,5,93697,47.169246673583984,50
post_phase12_module2_M2-A,M2-A,R012,عید پر مٹھائی کی جگہ لوگ ab کya تحفہ dena pasand karte hain,KI,40307,MIXED,urdu_char3gram_bm25,6,67584,43.2132453918457,50
post_phase12_module2_M2-A,M2-A,R012,عید پر مٹھائی کی جگہ لوگ ab کya تحفہ dena pasand karte hain,KI,40307,MIXED,urdu_char3gram_bm25,7,67617,42.25446319580078,50
post_phase12_module2_M2-A,M2-A,R012,عید پر مٹھائی کی جگہ لوگ ab کya تحفہ dena pasand karte hain,KI,40307,MIXED,urdu_char3gram_bm25,8,39198,42.190181732177734,50
post_phase12_module2_M2-A,M2-A,R012,عید پر مٹھائی کی جگہ لوگ ab کya تحفہ dena pasand karte hain,KI,40307,MIXED,urdu_char3gram_bm25,9,16119,41.39864730834961,50
post_phase12_module2_M2-A,M2-A,R012,عید پر مٹھائی کی جگہ لوگ ab کya تحفہ dena pasand karte hain,KI,40307,MIXED,urdu_char3gram_bm25,10,39631,40.40399932861328,50
post_phase12_module2_M2-A,M2-A,R012,عید پر مٹھائی کی جگہ لوگ ab کya تحفہ dena pasand karte hain,KI,40307,MIXED,urdu_char3gram_bm25,11,103943,39.64470672607422,50
post_phase12_module2_M2-A,M2-A,R012,عید پر مٹھائی کی جگہ لوگ ab کya تحفہ dena pasand karte hain,KI,40307,MIXED,urdu_char3gram_bm25,12,22062,39.28255844116211,50
post_phase12_module2_M2-A,M2-A,R012,عید پر مٹھائی کی جگہ لوگ ab کya تحفہ dena pasand karte hain,KI,40307,MIXED,urdu_char3gram_bm25,13,82726,38.4143180847168,50
post_phase12_module2_M2-A,M2-A,R012,عید پر مٹھائی کی جگہ لوگ ab کya تحفہ dena pasand karte hain,KI,40307,MIXED,urdu_char3gram_bm25,14,49117,38.24034118652344,50
post_phase12_module2_M2-A,M2-A,R012,عید پر مٹھائی کی جگہ لوگ ab کya تحفہ dena pasand karte hain,KI,40307,MIXED,urdu_char3gram_bm25,15,98507,38.04323959350586,50
post_phase12_module2_M2-A,M2-A,R012,عید پر مٹھائی کی جگہ لوگ ab کya تحفہ dena pasand karte hain,KI,40307,MIXED,urdu_char3gram_bm25,16,78199,38.04132843017578,50
post_phase12_module2_M2-A,M2-A,R012,عید پر مٹھائی کی جگہ لوگ ab کya تحفہ dena pasand karte hain,KI,40307,MIXED,urdu_char3gram_bm25,17,73393,38.00217056274414,50
post_phase12_module2_M2-A,M2-A,R012,عید پر مٹھائی کی جگہ لوگ ab کya تحفہ dena pasand karte hain,KI,40307,MIXED,urdu_char3gram_bm25,18,68998,37.69633102416992,50
post_phase12_module2_M2-A,M2-A,R012,عید پر مٹھائی کی جگہ لوگ ab کya تحفہ dena pasand karte hain,KI,40307,MIXED,urdu_char3gram_bm25,19,99191,37.33832550048828,50
post_phase12_module2_M2-A,M2-A,R012,عید پر مٹھائی کی جگہ لوگ ab کya تحفہ dena pasand karte hain,KI,40307,MIXED,urdu_char3gram_bm25,20,82719,37.09286880493164,50
post_phase12_module2_M2-A,M2-A,R012,عید پر مٹھائی کی جگہ لوگ ab کya تحفہ dena pasand karte hain,KI,40307,MIXED,urdu_char3gram_bm25,21,6629,36.94472122192383,50
post_phase12_module2_M2-A,M2-A,R012,عید پر مٹھائی کی جگہ لوگ ab کya تحفہ dena pasand karte hain,KI,40307,MIXED,urdu_char3gram_bm25,22,44835,36.799495697021484,50
post_phase12_module2_M2-A,M2-A,R012,عید پر مٹھائی کی جگہ لوگ ab کya تحفہ dena pasand karte hain,KI,40307,MIXED,urdu_char3gram_bm25,23,8927,36.672847747802734,50
post_phase12_module2_M2-A,M2-A,R012,عید پر مٹھائی کی جگہ لوگ ab کya تحفہ dena pasand karte hain,KI,40307,MIXED,urdu_char3gram_bm25,24,102632,36.65884780883789,50
post_phase12_module2_M2-A,M2-A,R012,عید پر مٹھائی کی جگہ لوگ ab کya تحفہ dena pasand karte hain,KI,40307,MIXED,urdu_char3gram_bm25,25,73446,36.55939483642578,50
post_phase12_module2_M2-A,M2-A,R012,عید پر مٹھائی کی جگہ لوگ ab کya تحفہ dena pasand karte hain,KI,40307,MIXED,urdu_char3gram_bm25,26,40317,36.34676742553711,50
post_phase12_module2_M2-A,M2-A,R012,عید پر مٹھائی کی جگہ لوگ ab کya تحفہ dena pasand karte hain,KI,40307,MIXED,urdu_char3gram_bm25,27,92180,36.33442306518555,50
post_phase12_module2_M2-A,M2-A,R012,عید پر مٹھائی کی جگہ لوگ ab کya تحفہ dena pasand karte hain,KI,40307,MIXED,urdu_char3gram_bm25,28,48912,36.30082702636719,50
post_phase12_module2_M2-A,M2-A,R012,عید پر مٹھائی کی جگہ لوگ ab کya تحفہ dena pasand karte hain,KI,40307,MIXED,urdu_char3gram_bm25,29,40192,35.7822151184082,50
post_phase12_module2_M2-A,M2-A,R012,عید پر مٹھائی کی جگہ لوگ ab کya تحفہ dena pasand karte hain,KI,40307,MIXED,urdu_char3gram_bm25,30,6403,35.77286148071289,50
post_phase12_module2_M2-A,M2-A,R012,عید پر مٹھائی کی جگہ لوگ ab کya تحفہ dena pasand karte hain,KI,40307,MIXED,urdu_char3gram_bm25,31,58810,35.48701095581055,50
post_phase12_module2_M2-A,M2-A,R012,عید پر مٹھائی کی جگہ لوگ ab کya تحفہ dena pasand karte hain,KI,40307,MIXED,urdu_char3gram_bm25,32,77920,35.465423583984375,50
post_phase12_module2_M2-A,M2-A,R012,عید پر مٹھائی کی جگہ لوگ ab کya تحفہ dena pasand karte hain,KI,40307,MIXED,urdu_char3gram_bm25,33,107830,35.45433044433594,50
post_phase12_module2_M2-A,M2-A,R012,عید پر مٹھائی کی جگہ لوگ ab کya تحفہ dena pasand karte hain,KI,40307,MIXED,urdu_char3gram_bm25,34,54989,35.35173416137695,50
post_phase12_module2_M2-A,M2-A,R012,عید پر مٹھائی کی جگہ لوگ ab کya تحفہ dena pasand karte hain,KI,40307,MIXED,urdu_char3gram_bm25,35,90449,35.345088958740234,50
post_phase12_module2_M2-A,M2-A,R012,عید پر مٹھائی کی جگہ لوگ ab کya تحفہ dena pasand karte hain,KI,40307,MIXED,urdu_char3gram_bm25,36,70263,35.322906494140625,50
post_phase12_module2_M2-A,M2-A,R012,عید پر مٹھائی کی جگہ لوگ ab کya تحفہ dena pasand karte hain,KI,40307,MIXED,urdu_char3gram_bm25,37,78334,35.1463737487793,50
post_phase12_module2_M2-A,M2-A,R012,عید پر مٹھائی کی جگہ لوگ ab کya تحفہ dena pasand karte hain,KI,40307,MIXED,urdu_char3gram_bm25,38,14879,35.02913284301758,50
post_phase12_module2_M2-A,M2-A,R012,عید پر مٹھائی کی جگہ لوگ ab کya تحفہ dena pasand karte hain,KI,40307,MIXED,urdu_char3gram_bm25,39,18256,34.876502990722656,50
post_phase12_module2_M2-A,M2-A,R012,عید پر مٹھائی کی جگہ لوگ ab کya تحفہ dena pasand karte hain,KI,40307,MIXED,urdu_char3gram_bm25,40,16084,34.863258361816406,50
post_phase12_module2_M2-A,M2-A,R012,عید پر مٹھائی کی جگہ لوگ ab کya تحفہ dena pasand karte hain,KI,40307,MIXED,urdu_char3gram_bm25,41,92185,34.45648193359375,50
post_phase12_module2_M2-A,M2-A,R012,عید پر مٹھائی کی جگہ لوگ ab کya تحفہ dena pasand karte hain,KI,40307,MIXED,urdu_char3gram_bm25,42,8941,34.398338317871094,50
post_phase12_module2_M2-A,M2-A,R012,عید پر مٹھائی کی جگہ لوگ ab کya تحفہ dena pasand karte hain,KI,40307,MIXED,urdu_char3gram_bm25,43,85716,34.352378845214844,50
post_phase12_module2_M2-A,M2-A,R012,عید پر مٹھائی کی جگہ لوگ ab کya تحفہ dena pasand karte hain,KI,40307,MIXED,urdu_char3gram_bm25,44,59960,34.301246643066406,50
post_phase12_module2_M2-A,M2-A,R012,عید پر مٹھائی کی جگہ لوگ ab کya تحفہ dena pasand karte hain,KI,40307,MIXED,urdu_char3gram_bm25,45,97647,34.21525955200195,50
post_phase12_module2_M2-A,M2-A,R012,عید پر مٹھائی کی جگہ لوگ ab کya تحفہ dena pasand karte hain,KI,40307,MIXED,urdu_char3gram_bm25,46,82737,34.01551055908203,50
post_phase12_module2_M2-A,M2-A,R012,عید پر مٹھائی کی جگہ لوگ ab کya تحفہ dena pasand karte hain,KI,40307,MIXED,urdu_char3gram_bm25,47,44851,33.55913543701172,50
post_phase12_module2_M2-A,M2-A,R012,عید پر مٹھائی کی جگہ لوگ ab کya تحفہ dena pasand karte hain,KI,40307,MIXED,urdu_char3gram_bm25,48,75409,33.53657531738281,50
post_phase12_module2_M2-A,M2-A,R012,عید پر مٹھائی کی جگہ لوگ ab کya تحفہ dena pasand karte hain,KI,40307,MIXED,urdu_char3gram_bm25,49,8321,33.468021392822266,50
post_phase12_module2_M2-A,M2-A,R012,عید پر مٹھائی کی جگہ لوگ ab کya تحفہ dena pasand karte hain,KI,40307,MIXED,urdu_char3gram_bm25,50,71845,33.10350036621094,50
post_phase12_module2_M2-A,M2-A,R013,ہاکی ورلڈ کپ کا فائنل کن دو ٹیموں کے درمیان ہے,KI,54100,URDU,urdu_char3gram_bm25,1,85648,77.76152038574219,50
post_phase12_module2_M2-A,M2-A,R013,ہاکی ورلڈ کپ کا فائنل کن دو ٹیموں کے درمیان ہے,KI,54100,URDU,urdu_char3gram_bm25,2,85656,75.3208236694336,50
post_phase12_module2_M2-A,M2-A,R013,ہاکی ورلڈ کپ کا فائنل کن دو ٹیموں کے درمیان ہے,KI,54100,URDU,urdu_char3gram_bm25,3,54100,74.44740295410156,50
post_phase12_module2_M2-A,M2-A,R013,ہاکی ورلڈ کپ کا فائنل کن دو ٹیموں کے درمیان ہے,KI,54100,URDU,urdu_char3gram_bm25,4,54103,74.25869750976562,50
post_phase12_module2_M2-A,M2-A,R013,ہاکی ورلڈ کپ کا فائنل کن دو ٹیموں کے درمیان ہے,KI,54100,URDU,urdu_char3gram_bm25,5,54101,72.58424377441406,50
post_phase12_module2_M2-A,M2-A,R013,ہاکی ورلڈ کپ کا فائنل کن دو ٹیموں کے درمیان ہے,KI,54100,URDU,urdu_char3gram_bm25,6,85669,69.82196044921875,50
post_phase12_module2_M2-A,M2-A,R013,ہاکی ورلڈ کپ کا فائنل کن دو ٹیموں کے درمیان ہے,KI,54100,URDU,urdu_char3gram_bm25,7,83410,69.33135223388672,50
post_phase12_module2_M2-A,M2-A,R013,ہاکی ورلڈ کپ کا فائنل کن دو ٹیموں کے درمیان ہے,KI,54100,URDU,urdu_char3gram_bm25,8,47300,69.21379089355469,50
post_phase12_module2_M2-A,M2-A,R013,ہاکی ورلڈ کپ کا فائنل کن دو ٹیموں کے درمیان ہے,KI,54100,URDU,urdu_char3gram_bm25,9,54117,68.95350646972656,50
post_phase12_module2_M2-A,M2-A,R013,ہاکی ورلڈ کپ کا فائنل کن دو ٹیموں کے درمیان ہے,KI,54100,URDU,urdu_char3gram_bm25,10,54123,68.70045471191406,50
post_phase12_module2_M2-A,M2-A,R013,ہاکی ورلڈ کپ کا فائنل کن دو ٹیموں کے درمیان ہے,KI,54100,URDU,urdu_char3gram_bm25,11,36580,68.5537338256836,50
post_phase12_module2_M2-A,M2-A,R013,ہاکی ورلڈ کپ کا فائنل کن دو ٹیموں کے درمیان ہے,KI,54100,URDU,urdu_char3gram_bm25,12,56120,67.61103820800781,50
post_phase12_module2_M2-A,M2-A,R013,ہاکی ورلڈ کپ کا فائنل کن دو ٹیموں کے درمیان ہے,KI,54100,URDU,urdu_char3gram_bm25,13,92393,67.4688491821289,50
post_phase12_module2_M2-A,M2-A,R013,ہاکی ورلڈ کپ کا فائنل کن دو ٹیموں کے درمیان ہے,KI,54100,URDU,urdu_char3gram_bm25,14,26137,67.28602600097656,50
post_phase12_module2_M2-A,M2-A,R013,ہاکی ورلڈ کپ کا فائنل کن دو ٹیموں کے درمیان ہے,KI,54100,URDU,urdu_char3gram_bm25,15,29211,66.69139862060547,50
post_phase12_module2_M2-A,M2-A,R013,ہاکی ورلڈ کپ کا فائنل کن دو ٹیموں کے درمیان ہے,KI,54100,URDU,urdu_char3gram_bm25,16,83473,66.62803649902344,50
post_phase12_module2_M2-A,M2-A,R013,ہاکی ورلڈ کپ کا فائنل کن دو ٹیموں کے درمیان ہے,KI,54100,URDU,urdu_char3gram_bm25,17,83400,66.33357238769531,50
post_phase12_module2_M2-A,M2-A,R013,ہاکی ورلڈ کپ کا فائنل کن دو ٹیموں کے درمیان ہے,KI,54100,URDU,urdu_char3gram_bm25,18,81535,66.29629516601562,50
post_phase12_module2_M2-A,M2-A,R013,ہاکی ورلڈ کپ کا فائنل کن دو ٹیموں کے درمیان ہے,KI,54100,URDU,urdu_char3gram_bm25,19,85727,66.1366195678711,50
post_phase12_module2_M2-A,M2-A,R013,ہاکی ورلڈ کپ کا فائنل کن دو ٹیموں کے درمیان ہے,KI,54100,URDU,urdu_char3gram_bm25,20,26156,65.93862915039062,50
post_phase12_module2_M2-A,M2-A,R013,ہاکی ورلڈ کپ کا فائنل کن دو ٹیموں کے درمیان ہے,KI,54100,URDU,urdu_char3gram_bm25,21,97014,65.60244750976562,50
post_phase12_module2_M2-A,M2-A,R013,ہاکی ورلڈ کپ کا فائنل کن دو ٹیموں کے درمیان ہے,KI,54100,URDU,urdu_char3gram_bm25,22,34442,65.27020263671875,50
post_phase12_module2_M2-A,M2-A,R013,ہاکی ورلڈ کپ کا فائنل کن دو ٹیموں کے درمیان ہے,KI,54100,URDU,urdu_char3gram_bm25,23,26148,65.09153747558594,50
post_phase12_module2_M2-A,M2-A,R013,ہاکی ورلڈ کپ کا فائنل کن دو ٹیموں کے درمیان ہے,KI,54100,URDU,urdu_char3gram_bm25,24,35778,64.82169342041016,50
post_phase12_module2_M2-A,M2-A,R013,ہاکی ورلڈ کپ کا فائنل کن دو ٹیموں کے درمیان ہے,KI,54100,URDU,urdu_char3gram_bm25,25,36403,64.79924774169922,50
post_phase12_module2_M2-A,M2-A,R013,ہاکی ورلڈ کپ کا فائنل کن دو ٹیموں کے درمیان ہے,KI,54100,URDU,urdu_char3gram_bm25,26,54143,64.78536224365234,50
post_phase12_module2_M2-A,M2-A,R013,ہاکی ورلڈ کپ کا فائنل کن دو ٹیموں کے درمیان ہے,KI,54100,URDU,urdu_char3gram_bm25,27,90545,64.31480407714844,50
post_phase12_module2_M2-A,M2-A,R013,ہاکی ورلڈ کپ کا فائنل کن دو ٹیموں کے درمیان ہے,KI,54100,URDU,urdu_char3gram_bm25,28,58332,64.02667236328125,50
post_phase12_module2_M2-A,M2-A,R013,ہاکی ورلڈ کپ کا فائنل کن دو ٹیموں کے درمیان ہے,KI,54100,URDU,urdu_char3gram_bm25,29,96106,63.928131103515625,50
post_phase12_module2_M2-A,M2-A,R013,ہاکی ورلڈ کپ کا فائنل کن دو ٹیموں کے درمیان ہے,KI,54100,URDU,urdu_char3gram_bm25,30,58329,63.723243713378906,50
post_phase12_module2_M2-A,M2-A,R013,ہاکی ورلڈ کپ کا فائنل کن دو ٹیموں کے درمیان ہے,KI,54100,URDU,urdu_char3gram_bm25,31,55032,63.65946960449219,50
post_phase12_module2_M2-A,M2-A,R013,ہاکی ورلڈ کپ کا فائنل کن دو ٹیموں کے درمیان ہے,KI,54100,URDU,urdu_char3gram_bm25,32,54198,63.516685485839844,50
post_phase12_module2_M2-A,M2-A,R013,ہاکی ورلڈ کپ کا فائنل کن دو ٹیموں کے درمیان ہے,KI,54100,URDU,urdu_char3gram_bm25,33,92238,63.50144958496094,50
post_phase12_module2_M2-A,M2-A,R013,ہاکی ورلڈ کپ کا فائنل کن دو ٹیموں کے درمیان ہے,KI,54100,URDU,urdu_char3gram_bm25,34,27077,63.157020568847656,50
post_phase12_module2_M2-A,M2-A,R013,ہاکی ورلڈ کپ کا فائنل کن دو ٹیموں کے درمیان ہے,KI,54100,URDU,urdu_char3gram_bm25,35,90523,63.016231536865234,50
post_phase12_module2_M2-A,M2-A,R013,ہاکی ورلڈ کپ کا فائنل کن دو ٹیموں کے درمیان ہے,KI,54100,URDU,urdu_char3gram_bm25,36,81536,62.99163055419922,50
post_phase12_module2_M2-A,M2-A,R013,ہاکی ورلڈ کپ کا فائنل کن دو ٹیموں کے درمیان ہے,KI,54100,URDU,urdu_char3gram_bm25,37,27071,62.95435333251953,50
post_phase12_module2_M2-A,M2-A,R013,ہاکی ورلڈ کپ کا فائنل کن دو ٹیموں کے درمیان ہے,KI,54100,URDU,urdu_char3gram_bm25,38,35649,62.824554443359375,50
post_phase12_module2_M2-A,M2-A,R013,ہاکی ورلڈ کپ کا فائنل کن دو ٹیموں کے درمیان ہے,KI,54100,URDU,urdu_char3gram_bm25,39,83386,62.754966735839844,50
post_phase12_module2_M2-A,M2-A,R013,ہاکی ورلڈ کپ کا فائنل کن دو ٹیموں کے درمیان ہے,KI,54100,URDU,urdu_char3gram_bm25,40,26119,62.746055603027344,50
post_phase12_module2_M2-A,M2-A,R013,ہاکی ورلڈ کپ کا فائنل کن دو ٹیموں کے درمیان ہے,KI,54100,URDU,urdu_char3gram_bm25,41,53038,62.65891647338867,50
post_phase12_module2_M2-A,M2-A,R013,ہاکی ورلڈ کپ کا فائنل کن دو ٹیموں کے درمیان ہے,KI,54100,URDU,urdu_char3gram_bm25,42,54151,62.56000518798828,50
post_phase12_module2_M2-A,M2-A,R013,ہاکی ورلڈ کپ کا فائنل کن دو ٹیموں کے درمیان ہے,KI,54100,URDU,urdu_char3gram_bm25,43,43148,62.47571563720703,50
post_phase12_module2_M2-A,M2-A,R013,ہاکی ورلڈ کپ کا فائنل کن دو ٹیموں کے درمیان ہے,KI,54100,URDU,urdu_char3gram_bm25,44,53087,62.44492721557617,50
post_phase12_module2_M2-A,M2-A,R013,ہاکی ورلڈ کپ کا فائنل کن دو ٹیموں کے درمیان ہے,KI,54100,URDU,urdu_char3gram_bm25,45,53023,62.44480895996094,50
post_phase12_module2_M2-A,M2-A,R013,ہاکی ورلڈ کپ کا فائنل کن دو ٹیموں کے درمیان ہے,KI,54100,URDU,urdu_char3gram_bm25,46,29479,62.41707229614258,50
post_phase12_module2_M2-A,M2-A,R013,ہاکی ورلڈ کپ کا فائنل کن دو ٹیموں کے درمیان ہے,KI,54100,URDU,urdu_char3gram_bm25,47,36585,62.23773956298828,50
post_phase12_module2_M2-A,M2-A,R013,ہاکی ورلڈ کپ کا فائنل کن دو ٹیموں کے درمیان ہے,KI,54100,URDU,urdu_char3gram_bm25,48,54219,62.15168762207031,50
post_phase12_module2_M2-A,M2-A,R013,ہاکی ورلڈ کپ کا فائنل کن دو ٹیموں کے درمیان ہے,KI,54100,URDU,urdu_char3gram_bm25,49,30852,61.936119079589844,50
post_phase12_module2_M2-A,M2-A,R013,ہاکی ورلڈ کپ کا فائنل کن دو ٹیموں کے درمیان ہے,KI,54100,URDU,urdu_char3gram_bm25,50,34506,61.85614776611328,50
post_phase12_module2_M2-A,M2-A,R014,پی سی بی قائم مقام چیئرمین کے لیے کن ناموں پر غور ہے,KI,94363,URDU,urdu_char3gram_bm25,1,94339,67.90608978271484,50
post_phase12_module2_M2-A,M2-A,R014,پی سی بی قائم مقام چیئرمین کے لیے کن ناموں پر غور ہے,KI,94363,URDU,urdu_char3gram_bm25,2,94258,67.5098648071289,50
post_phase12_module2_M2-A,M2-A,R014,پی سی بی قائم مقام چیئرمین کے لیے کن ناموں پر غور ہے,KI,94363,URDU,urdu_char3gram_bm25,3,94363,66.66272735595703,50
post_phase12_module2_M2-A,M2-A,R014,پی سی بی قائم مقام چیئرمین کے لیے کن ناموں پر غور ہے,KI,94363,URDU,urdu_char3gram_bm25,4,36636,66.23291015625,50
post_phase12_module2_M2-A,M2-A,R014,پی سی بی قائم مقام چیئرمین کے لیے کن ناموں پر غور ہے,KI,94363,URDU,urdu_char3gram_bm25,5,92147,65.3855209350586,50
post_phase12_module2_M2-A,M2-A,R014,پی سی بی قائم مقام چیئرمین کے لیے کن ناموں پر غور ہے,KI,94363,URDU,urdu_char3gram_bm25,6,35400,63.82151412963867,50
post_phase12_module2_M2-A,M2-A,R014,پی سی بی قائم مقام چیئرمین کے لیے کن ناموں پر غور ہے,KI,94363,URDU,urdu_char3gram_bm25,7,54785,63.230350494384766,50
post_phase12_module2_M2-A,M2-A,R014,پی سی بی قائم مقام چیئرمین کے لیے کن ناموں پر غور ہے,KI,94363,URDU,urdu_char3gram_bm25,8,94336,62.99354934692383,50
post_phase12_module2_M2-A,M2-A,R014,پی سی بی قائم مقام چیئرمین کے لیے کن ناموں پر غور ہے,KI,94363,URDU,urdu_char3gram_bm25,9,94398,62.80915069580078,50
post_phase12_module2_M2-A,M2-A,R014,پی سی بی قائم مقام چیئرمین کے لیے کن ناموں پر غور ہے,KI,94363,URDU,urdu_char3gram_bm25,10,94314,62.388206481933594,50
post_phase12_module2_M2-A,M2-A,R014,پی سی بی قائم مقام چیئرمین کے لیے کن ناموں پر غور ہے,KI,94363,URDU,urdu_char3gram_bm25,11,54714,61.52561569213867,50
post_phase12_module2_M2-A,M2-A,R014,پی سی بی قائم مقام چیئرمین کے لیے کن ناموں پر غور ہے,KI,94363,URDU,urdu_char3gram_bm25,12,94265,61.154075622558594,50
post_phase12_module2_M2-A,M2-A,R014,پی سی بی قائم مقام چیئرمین کے لیے کن ناموں پر غور ہے,KI,94363,URDU,urdu_char3gram_bm25,13,36591,61.024696350097656,50
post_phase12_module2_M2-A,M2-A,R014,پی سی بی قائم مقام چیئرمین کے لیے کن ناموں پر غور ہے,KI,94363,URDU,urdu_char3gram_bm25,14,94280,60.921165466308594,50
post_phase12_module2_M2-A,M2-A,R014,پی سی بی قائم مقام چیئرمین کے لیے کن ناموں پر غور ہے,KI,94363,URDU,urdu_char3gram_bm25,15,94317,60.46315383911133,50
post_phase12_module2_M2-A,M2-A,R014,پی سی بی قائم مقام چیئرمین کے لیے کن ناموں پر غور ہے,KI,94363,URDU,urdu_char3gram_bm25,16,51791,60.2811164855957,50
post_phase12_module2_M2-A,M2-A,R014,پی سی بی قائم مقام چیئرمین کے لیے کن ناموں پر غور ہے,KI,94363,URDU,urdu_char3gram_bm25,17,94225,60.18233871459961,50
post_phase12_module2_M2-A,M2-A,R014,پی سی بی قائم مقام چیئرمین کے لیے کن ناموں پر غور ہے,KI,94363,URDU,urdu_char3gram_bm25,18,92156,59.97602081298828,50
post_phase12_module2_M2-A,M2-A,R014,پی سی بی قائم مقام چیئرمین کے لیے کن ناموں پر غور ہے,KI,94363,URDU,urdu_char3gram_bm25,19,71263,59.07837677001953,50
post_phase12_module2_M2-A,M2-A,R014,پی سی بی قائم مقام چیئرمین کے لیے کن ناموں پر غور ہے,KI,94363,URDU,urdu_char3gram_bm25,20,738,58.618709564208984,50
post_phase12_module2_M2-A,M2-A,R014,پی سی بی قائم مقام چیئرمین کے لیے کن ناموں پر غور ہے,KI,94363,URDU,urdu_char3gram_bm25,21,35963,58.1046028137207,50
post_phase12_module2_M2-A,M2-A,R014,پی سی بی قائم مقام چیئرمین کے لیے کن ناموں پر غور ہے,KI,94363,URDU,urdu_char3gram_bm25,22,40584,58.08912658691406,50
post_phase12_module2_M2-A,M2-A,R014,پی سی بی قائم مقام چیئرمین کے لیے کن ناموں پر غور ہے,KI,94363,URDU,urdu_char3gram_bm25,23,94326,57.892086029052734,50
post_phase12_module2_M2-A,M2-A,R014,پی سی بی قائم مقام چیئرمین کے لیے کن ناموں پر غور ہے,KI,94363,URDU,urdu_char3gram_bm25,24,79244,57.71649169921875,50
post_phase12_module2_M2-A,M2-A,R014,پی سی بی قائم مقام چیئرمین کے لیے کن ناموں پر غور ہے,KI,94363,URDU,urdu_char3gram_bm25,25,93328,57.620357513427734,50
post_phase12_module2_M2-A,M2-A,R014,پی سی بی قائم مقام چیئرمین کے لیے کن ناموں پر غور ہے,KI,94363,URDU,urdu_char3gram_bm25,26,94207,57.568912506103516,50
post_phase12_module2_M2-A,M2-A,R014,پی سی بی قائم مقام چیئرمین کے لیے کن ناموں پر غور ہے,KI,94363,URDU,urdu_char3gram_bm25,27,36551,57.13692092895508,50
post_phase12_module2_M2-A,M2-A,R014,پی سی بی قائم مقام چیئرمین کے لیے کن ناموں پر غور ہے,KI,94363,URDU,urdu_char3gram_bm25,28,92092,57.11859130859375,50
post_phase12_module2_M2-A,M2-A,R014,پی سی بی قائم مقام چیئرمین کے لیے کن ناموں پر غور ہے,KI,94363,URDU,urdu_char3gram_bm25,29,46312,56.93511962890625,50
post_phase12_module2_M2-A,M2-A,R014,پی سی بی قائم مقام چیئرمین کے لیے کن ناموں پر غور ہے,KI,94363,URDU,urdu_char3gram_bm25,30,94361,56.500858306884766,50
post_phase12_module2_M2-A,M2-A,R014,پی سی بی قائم مقام چیئرمین کے لیے کن ناموں پر غور ہے,KI,94363,URDU,urdu_char3gram_bm25,31,76131,56.30045700073242,50
post_phase12_module2_M2-A,M2-A,R014,پی سی بی قائم مقام چیئرمین کے لیے کن ناموں پر غور ہے,KI,94363,URDU,urdu_char3gram_bm25,32,109110,56.129276275634766,50
post_phase12_module2_M2-A,M2-A,R014,پی سی بی قائم مقام چیئرمین کے لیے کن ناموں پر غور ہے,KI,94363,URDU,urdu_char3gram_bm25,33,54712,55.992523193359375,50
post_phase12_module2_M2-A,M2-A,R014,پی سی بی قائم مقام چیئرمین کے لیے کن ناموں پر غور ہے,KI,94363,URDU,urdu_char3gram_bm25,34,57122,55.50385284423828,50
post_phase12_module2_M2-A,M2-A,R014,پی سی بی قائم مقام چیئرمین کے لیے کن ناموں پر غور ہے,KI,94363,URDU,urdu_char3gram_bm25,35,54765,54.77576446533203,50
post_phase12_module2_M2-A,M2-A,R014,پی سی بی قائم مقام چیئرمین کے لیے کن ناموں پر غور ہے,KI,94363,URDU,urdu_char3gram_bm25,36,36626,54.77383804321289,50
post_phase12_module2_M2-A,M2-A,R014,پی سی بی قائم مقام چیئرمین کے لیے کن ناموں پر غور ہے,KI,94363,URDU,urdu_char3gram_bm25,37,92208,54.72411346435547,50
post_phase12_module2_M2-A,M2-A,R014,پی سی بی قائم مقام چیئرمین کے لیے کن ناموں پر غور ہے,KI,94363,URDU,urdu_char3gram_bm25,38,35475,54.638492584228516,50
post_phase12_module2_M2-A,M2-A,R014,پی سی بی قائم مقام چیئرمین کے لیے کن ناموں پر غور ہے,KI,94363,URDU,urdu_char3gram_bm25,39,2922,54.59868621826172,50
post_phase12_module2_M2-A,M2-A,R014,پی سی بی قائم مقام چیئرمین کے لیے کن ناموں پر غور ہے,KI,94363,URDU,urdu_char3gram_bm25,40,70862,54.53548049926758,50
post_phase12_module2_M2-A,M2-A,R014,پی سی بی قائم مقام چیئرمین کے لیے کن ناموں پر غور ہے,KI,94363,URDU,urdu_char3gram_bm25,41,61151,54.522342681884766,50
post_phase12_module2_M2-A,M2-A,R014,پی سی بی قائم مقام چیئرمین کے لیے کن ناموں پر غور ہے,KI,94363,URDU,urdu_char3gram_bm25,42,35512,54.471031188964844,50
post_phase12_module2_M2-A,M2-A,R014,پی سی بی قائم مقام چیئرمین کے لیے کن ناموں پر غور ہے,KI,94363,URDU,urdu_char3gram_bm25,43,83896,54.11723327636719,50
post_phase12_module2_M2-A,M2-A,R014,پی سی بی قائم مقام چیئرمین کے لیے کن ناموں پر غور ہے,KI,94363,URDU,urdu_char3gram_bm25,44,35431,54.09959030151367,50
post_phase12_module2_M2-A,M2-A,R014,پی سی بی قائم مقام چیئرمین کے لیے کن ناموں پر غور ہے,KI,94363,URDU,urdu_char3gram_bm25,45,36629,54.0356330871582,50
post_phase12_module2_M2-A,M2-A,R014,پی سی بی قائم مقام چیئرمین کے لیے کن ناموں پر غور ہے,KI,94363,URDU,urdu_char3gram_bm25,46,90964,53.963623046875,50
post_phase12_module2_M2-A,M2-A,R014,پی سی بی قائم مقام چیئرمین کے لیے کن ناموں پر غور ہے,KI,94363,URDU,urdu_char3gram_bm25,47,83898,53.7812385559082,50
post_phase12_module2_M2-A,M2-A,R014,پی سی بی قائم مقام چیئرمین کے لیے کن ناموں پر غور ہے,KI,94363,URDU,urdu_char3gram_bm25,48,83906,53.635494232177734,50
post_phase12_module2_M2-A,M2-A,R014,پی سی بی قائم مقام چیئرمین کے لیے کن ناموں پر غور ہے,KI,94363,URDU,urdu_char3gram_bm25,49,51797,53.60520553588867,50
post_phase12_module2_M2-A,M2-A,R014,پی سی بی قائم مقام چیئرمین کے لیے کن ناموں پر غور ہے,KI,94363,URDU,urdu_char3gram_bm25,50,34427,53.349021911621094,50
post_phase12_module2_M2-A,M2-A,R015,صوبوں نے وفاق کو ترقیاتی فنڈز کیوں واپس کیے,KI,915,URDU,urdu_char3gram_bm25,1,915,103.8709945678711,50
post_phase12_module2_M2-A,M2-A,R015,صوبوں نے وفاق کو ترقیاتی فنڈز کیوں واپس کیے,KI,915,URDU,urdu_char3gram_bm25,2,75735,95.95471954345703,50
post_phase12_module2_M2-A,M2-A,R015,صوبوں نے وفاق کو ترقیاتی فنڈز کیوں واپس کیے,KI,915,URDU,urdu_char3gram_bm25,3,3298,91.89979553222656,50
post_phase12_module2_M2-A,M2-A,R015,صوبوں نے وفاق کو ترقیاتی فنڈز کیوں واپس کیے,KI,915,URDU,urdu_char3gram_bm25,4,109970,91.29120635986328,50
post_phase12_module2_M2-A,M2-A,R015,صوبوں نے وفاق کو ترقیاتی فنڈز کیوں واپس کیے,KI,915,URDU,urdu_char3gram_bm25,5,61371,88.98670959472656,50
post_phase12_module2_M2-A,M2-A,R015,صوبوں نے وفاق کو ترقیاتی فنڈز کیوں واپس کیے,KI,915,URDU,urdu_char3gram_bm25,6,62895,88.96499633789062,50
post_phase12_module2_M2-A,M2-A,R015,صوبوں نے وفاق کو ترقیاتی فنڈز کیوں واپس کیے,KI,915,URDU,urdu_char3gram_bm25,7,77852,88.71028137207031,50
post_phase12_module2_M2-A,M2-A,R015,صوبوں نے وفاق کو ترقیاتی فنڈز کیوں واپس کیے,KI,915,URDU,urdu_char3gram_bm25,8,63676,88.42821502685547,50
post_phase12_module2_M2-A,M2-A,R015,صوبوں نے وفاق کو ترقیاتی فنڈز کیوں واپس کیے,KI,915,URDU,urdu_char3gram_bm25,9,1008,88.42259979248047,50
post_phase12_module2_M2-A,M2-A,R015,صوبوں نے وفاق کو ترقیاتی فنڈز کیوں واپس کیے,KI,915,URDU,urdu_char3gram_bm25,10,60636,88.27696990966797,50
post_phase12_module2_M2-A,M2-A,R015,صوبوں نے وفاق کو ترقیاتی فنڈز کیوں واپس کیے,KI,915,URDU,urdu_char3gram_bm25,11,74171,88.19266510009766,50
post_phase12_module2_M2-A,M2-A,R015,صوبوں نے وفاق کو ترقیاتی فنڈز کیوں واپس کیے,KI,915,URDU,urdu_char3gram_bm25,12,77791,87.69649505615234,50
post_phase12_module2_M2-A,M2-A,R015,صوبوں نے وفاق کو ترقیاتی فنڈز کیوں واپس کیے,KI,915,URDU,urdu_char3gram_bm25,13,65688,87.41626739501953,50
post_phase12_module2_M2-A,M2-A,R015,صوبوں نے وفاق کو ترقیاتی فنڈز کیوں واپس کیے,KI,915,URDU,urdu_char3gram_bm25,14,61043,87.35047149658203,50
post_phase12_module2_M2-A,M2-A,R015,صوبوں نے وفاق کو ترقیاتی فنڈز کیوں واپس کیے,KI,915,URDU,urdu_char3gram_bm25,15,61520,87.14444732666016,50
post_phase12_module2_M2-A,M2-A,R015,صوبوں نے وفاق کو ترقیاتی فنڈز کیوں واپس کیے,KI,915,URDU,urdu_char3gram_bm25,16,109256,86.21735382080078,50
post_phase12_module2_M2-A,M2-A,R015,صوبوں نے وفاق کو ترقیاتی فنڈز کیوں واپس کیے,KI,915,URDU,urdu_char3gram_bm25,17,77499,85.81025695800781,50
post_phase12_module2_M2-A,M2-A,R015,صوبوں نے وفاق کو ترقیاتی فنڈز کیوں واپس کیے,KI,915,URDU,urdu_char3gram_bm25,18,75803,83.80331420898438,50
post_phase12_module2_M2-A,M2-A,R015,صوبوں نے وفاق کو ترقیاتی فنڈز کیوں واپس کیے,KI,915,URDU,urdu_char3gram_bm25,19,71225,83.78434753417969,50
post_phase12_module2_M2-A,M2-A,R015,صوبوں نے وفاق کو ترقیاتی فنڈز کیوں واپس کیے,KI,915,URDU,urdu_char3gram_bm25,20,2435,83.46073150634766,50
post_phase12_module2_M2-A,M2-A,R015,صوبوں نے وفاق کو ترقیاتی فنڈز کیوں واپس کیے,KI,915,URDU,urdu_char3gram_bm25,21,70807,83.43285369873047,50
post_phase12_module2_M2-A,M2-A,R015,صوبوں نے وفاق کو ترقیاتی فنڈز کیوں واپس کیے,KI,915,URDU,urdu_char3gram_bm25,22,678,82.67924499511719,50
post_phase12_module2_M2-A,M2-A,R015,صوبوں نے وفاق کو ترقیاتی فنڈز کیوں واپس کیے,KI,915,URDU,urdu_char3gram_bm25,23,60616,82.4870834350586,50
post_phase12_module2_M2-A,M2-A,R015,صوبوں نے وفاق کو ترقیاتی فنڈز کیوں واپس کیے,KI,915,URDU,urdu_char3gram_bm25,24,109529,81.60630798339844,50
post_phase12_module2_M2-A,M2-A,R015,صوبوں نے وفاق کو ترقیاتی فنڈز کیوں واپس کیے,KI,915,URDU,urdu_char3gram_bm25,25,77796,81.54298400878906,50
post_phase12_module2_M2-A,M2-A,R015,صوبوں نے وفاق کو ترقیاتی فنڈز کیوں واپس کیے,KI,915,URDU,urdu_char3gram_bm25,26,75690,81.46331787109375,50
post_phase12_module2_M2-A,M2-A,R015,صوبوں نے وفاق کو ترقیاتی فنڈز کیوں واپس کیے,KI,915,URDU,urdu_char3gram_bm25,27,78574,80.92254638671875,50
post_phase12_module2_M2-A,M2-A,R015,صوبوں نے وفاق کو ترقیاتی فنڈز کیوں واپس کیے,KI,915,URDU,urdu_char3gram_bm25,28,78834,80.51127624511719,50
post_phase12_module2_M2-A,M2-A,R015,صوبوں نے وفاق کو ترقیاتی فنڈز کیوں واپس کیے,KI,915,URDU,urdu_char3gram_bm25,29,62215,80.5038070678711,50
post_phase12_module2_M2-A,M2-A,R015,صوبوں نے وفاق کو ترقیاتی فنڈز کیوں واپس کیے,KI,915,URDU,urdu_char3gram_bm25,30,110956,79.88475036621094,50
post_phase12_module2_M2-A,M2-A,R015,صوبوں نے وفاق کو ترقیاتی فنڈز کیوں واپس کیے,KI,915,URDU,urdu_char3gram_bm25,31,61791,79.71678924560547,50
post_phase12_module2_M2-A,M2-A,R015,صوبوں نے وفاق کو ترقیاتی فنڈز کیوں واپس کیے,KI,915,URDU,urdu_char3gram_bm25,32,79152,78.98941802978516,50
post_phase12_module2_M2-A,M2-A,R015,صوبوں نے وفاق کو ترقیاتی فنڈز کیوں واپس کیے,KI,915,URDU,urdu_char3gram_bm25,33,510,78.70052337646484,50
post_phase12_module2_M2-A,M2-A,R015,صوبوں نے وفاق کو ترقیاتی فنڈز کیوں واپس کیے,KI,915,URDU,urdu_char3gram_bm25,34,65790,78.6731185913086,50
post_phase12_module2_M2-A,M2-A,R015,صوبوں نے وفاق کو ترقیاتی فنڈز کیوں واپس کیے,KI,915,URDU,urdu_char3gram_bm25,35,63095,78.59834289550781,50
post_phase12_module2_M2-A,M2-A,R015,صوبوں نے وفاق کو ترقیاتی فنڈز کیوں واپس کیے,KI,915,URDU,urdu_char3gram_bm25,36,61348,77.59075927734375,50
post_phase12_module2_M2-A,M2-A,R015,صوبوں نے وفاق کو ترقیاتی فنڈز کیوں واپس کیے,KI,915,URDU,urdu_char3gram_bm25,37,72087,77.38693237304688,50
post_phase12_module2_M2-A,M2-A,R015,صوبوں نے وفاق کو ترقیاتی فنڈز کیوں واپس کیے,KI,915,URDU,urdu_char3gram_bm25,38,62854,77.32722473144531,50
post_phase12_module2_M2-A,M2-A,R015,صوبوں نے وفاق کو ترقیاتی فنڈز کیوں واپس کیے,KI,915,URDU,urdu_char3gram_bm25,39,820,76.39498138427734,50
post_phase12_module2_M2-A,M2-A,R015,صوبوں نے وفاق کو ترقیاتی فنڈز کیوں واپس کیے,KI,915,URDU,urdu_char3gram_bm25,40,1105,76.38664245605469,50
post_phase12_module2_M2-A,M2-A,R015,صوبوں نے وفاق کو ترقیاتی فنڈز کیوں واپس کیے,KI,915,URDU,urdu_char3gram_bm25,41,64759,76.31194305419922,50
post_phase12_module2_M2-A,M2-A,R015,صوبوں نے وفاق کو ترقیاتی فنڈز کیوں واپس کیے,KI,915,URDU,urdu_char3gram_bm25,42,110558,75.24037170410156,50
post_phase12_module2_M2-A,M2-A,R015,صوبوں نے وفاق کو ترقیاتی فنڈز کیوں واپس کیے,KI,915,URDU,urdu_char3gram_bm25,43,1376,74.85134887695312,50
post_phase12_module2_M2-A,M2-A,R015,صوبوں نے وفاق کو ترقیاتی فنڈز کیوں واپس کیے,KI,915,URDU,urdu_char3gram_bm25,44,514,74.49483489990234,50
post_phase12_module2_M2-A,M2-A,R015,صوبوں نے وفاق کو ترقیاتی فنڈز کیوں واپس کیے,KI,915,URDU,urdu_char3gram_bm25,45,60808,74.44139099121094,50
post_phase12_module2_M2-A,M2-A,R015,صوبوں نے وفاق کو ترقیاتی فنڈز کیوں واپس کیے,KI,915,URDU,urdu_char3gram_bm25,46,79264,73.94242858886719,50
post_phase12_module2_M2-A,M2-A,R015,صوبوں نے وفاق کو ترقیاتی فنڈز کیوں واپس کیے,KI,915,URDU,urdu_char3gram_bm25,47,77873,73.26519775390625,50
post_phase12_module2_M2-A,M2-A,R015,صوبوں نے وفاق کو ترقیاتی فنڈز کیوں واپس کیے,KI,915,URDU,urdu_char3gram_bm25,48,71750,73.01282501220703,50
post_phase12_module2_M2-A,M2-A,R015,صوبوں نے وفاق کو ترقیاتی فنڈز کیوں واپس کیے,KI,915,URDU,urdu_char3gram_bm25,49,111064,72.70423126220703,50
post_phase12_module2_M2-A,M2-A,R015,صوبوں نے وفاق کو ترقیاتی فنڈز کیوں واپس کیے,KI,915,URDU,urdu_char3gram_bm25,50,1098,72.6314468383789,50
post_phase12_module2_M2-A,M2-A,R016,سام سنگ اپنے نئے فلیگ شپ فون کی رونمائی کب San Francisco میں کرے گا,KI,21021,MIXED,urdu_char3gram_bm25,1,20890,75.23680114746094,50
post_phase12_module2_M2-A,M2-A,R016,سام سنگ اپنے نئے فلیگ شپ فون کی رونمائی کب San Francisco میں کرے گا,KI,21021,MIXED,urdu_char3gram_bm25,2,19419,73.90411376953125,50
post_phase12_module2_M2-A,M2-A,R016,سام سنگ اپنے نئے فلیگ شپ فون کی رونمائی کب San Francisco میں کرے گا,KI,21021,MIXED,urdu_char3gram_bm25,3,21349,73.76795959472656,50
post_phase12_module2_M2-A,M2-A,R016,سام سنگ اپنے نئے فلیگ شپ فون کی رونمائی کب San Francisco میں کرے گا,KI,21021,MIXED,urdu_char3gram_bm25,4,19677,73.42777252197266,50
post_phase12_module2_M2-A,M2-A,R016,سام سنگ اپنے نئے فلیگ شپ فون کی رونمائی کب San Francisco میں کرے گا,KI,21021,MIXED,urdu_char3gram_bm25,5,21978,69.74431610107422,50
post_phase12_module2_M2-A,M2-A,R016,سام سنگ اپنے نئے فلیگ شپ فون کی رونمائی کب San Francisco میں کرے گا,KI,21021,MIXED,urdu_char3gram_bm25,6,19936,69.50921630859375,50
post_phase12_module2_M2-A,M2-A,R016,سام سنگ اپنے نئے فلیگ شپ فون کی رونمائی کب San Francisco میں کرے گا,KI,21021,MIXED,urdu_char3gram_bm25,7,21203,68.56836700439453,50
post_phase12_module2_M2-A,M2-A,R016,سام سنگ اپنے نئے فلیگ شپ فون کی رونمائی کب San Francisco میں کرے گا,KI,21021,MIXED,urdu_char3gram_bm25,8,20101,68.20552062988281,50
post_phase12_module2_M2-A,M2-A,R016,سام سنگ اپنے نئے فلیگ شپ فون کی رونمائی کب San Francisco میں کرے گا,KI,21021,MIXED,urdu_char3gram_bm25,9,20992,68.01097869873047,50
post_phase12_module2_M2-A,M2-A,R016,سام سنگ اپنے نئے فلیگ شپ فون کی رونمائی کب San Francisco میں کرے گا,KI,21021,MIXED,urdu_char3gram_bm25,10,21503,68.00025939941406,50
post_phase12_module2_M2-A,M2-A,R016,سام سنگ اپنے نئے فلیگ شپ فون کی رونمائی کب San Francisco میں کرے گا,KI,21021,MIXED,urdu_char3gram_bm25,11,21473,67.99149322509766,50
post_phase12_module2_M2-A,M2-A,R016,سام سنگ اپنے نئے فلیگ شپ فون کی رونمائی کب San Francisco میں کرے گا,KI,21021,MIXED,urdu_char3gram_bm25,12,2602,67.7365493774414,50
post_phase12_module2_M2-A,M2-A,R016,سام سنگ اپنے نئے فلیگ شپ فون کی رونمائی کب San Francisco میں کرے گا,KI,21021,MIXED,urdu_char3gram_bm25,13,21927,67.49527740478516,50
post_phase12_module2_M2-A,M2-A,R016,سام سنگ اپنے نئے فلیگ شپ فون کی رونمائی کب San Francisco میں کرے گا,KI,21021,MIXED,urdu_char3gram_bm25,14,21835,66.8159408569336,50
post_phase12_module2_M2-A,M2-A,R016,سام سنگ اپنے نئے فلیگ شپ فون کی رونمائی کب San Francisco میں کرے گا,KI,21021,MIXED,urdu_char3gram_bm25,15,22892,66.3464584350586,50
post_phase12_module2_M2-A,M2-A,R016,سام سنگ اپنے نئے فلیگ شپ فون کی رونمائی کب San Francisco میں کرے گا,KI,21021,MIXED,urdu_char3gram_bm25,16,79775,66.19664764404297,50
post_phase12_module2_M2-A,M2-A,R016,سام سنگ اپنے نئے فلیگ شپ فون کی رونمائی کب San Francisco میں کرے گا,KI,21021,MIXED,urdu_char3gram_bm25,17,20547,66.19145965576172,50
post_phase12_module2_M2-A,M2-A,R016,سام سنگ اپنے نئے فلیگ شپ فون کی رونمائی کب San Francisco میں کرے گا,KI,21021,MIXED,urdu_char3gram_bm25,18,19628,65.57941436767578,50
post_phase12_module2_M2-A,M2-A,R016,سام سنگ اپنے نئے فلیگ شپ فون کی رونمائی کب San Francisco میں کرے گا,KI,21021,MIXED,urdu_char3gram_bm25,19,21524,65.43497467041016,50
post_phase12_module2_M2-A,M2-A,R016,سام سنگ اپنے نئے فلیگ شپ فون کی رونمائی کب San Francisco میں کرے گا,KI,21021,MIXED,urdu_char3gram_bm25,20,19385,65.20745086669922,50
post_phase12_module2_M2-A,M2-A,R016,سام سنگ اپنے نئے فلیگ شپ فون کی رونمائی کب San Francisco میں کرے گا,KI,21021,MIXED,urdu_char3gram_bm25,21,21615,65.15043640136719,50
post_phase12_module2_M2-A,M2-A,R016,سام سنگ اپنے نئے فلیگ شپ فون کی رونمائی کب San Francisco میں کرے گا,KI,21021,MIXED,urdu_char3gram_bm25,22,23182,65.14705657958984,50
post_phase12_module2_M2-A,M2-A,R016,سام سنگ اپنے نئے فلیگ شپ فون کی رونمائی کب San Francisco میں کرے گا,KI,21021,MIXED,urdu_char3gram_bm25,23,23383,65.05941772460938,50
post_phase12_module2_M2-A,M2-A,R016,سام سنگ اپنے نئے فلیگ شپ فون کی رونمائی کب San Francisco میں کرے گا,KI,21021,MIXED,urdu_char3gram_bm25,24,21683,64.99239349365234,50
post_phase12_module2_M2-A,M2-A,R016,سام سنگ اپنے نئے فلیگ شپ فون کی رونمائی کب San Francisco میں کرے گا,KI,21021,MIXED,urdu_char3gram_bm25,25,23012,64.92475891113281,50
post_phase12_module2_M2-A,M2-A,R016,سام سنگ اپنے نئے فلیگ شپ فون کی رونمائی کب San Francisco میں کرے گا,KI,21021,MIXED,urdu_char3gram_bm25,26,19362,64.38841247558594,50
post_phase12_module2_M2-A,M2-A,R016,سام سنگ اپنے نئے فلیگ شپ فون کی رونمائی کب San Francisco میں کرے گا,KI,21021,MIXED,urdu_char3gram_bm25,27,23046,64.32850646972656,50
post_phase12_module2_M2-A,M2-A,R016,سام سنگ اپنے نئے فلیگ شپ فون کی رونمائی کب San Francisco میں کرے گا,KI,21021,MIXED,urdu_char3gram_bm25,28,24657,64.09263610839844,50
post_phase12_module2_M2-A,M2-A,R016,سام سنگ اپنے نئے فلیگ شپ فون کی رونمائی کب San Francisco میں کرے گا,KI,21021,MIXED,urdu_char3gram_bm25,29,21057,64.00930786132812,50
post_phase12_module2_M2-A,M2-A,R016,سام سنگ اپنے نئے فلیگ شپ فون کی رونمائی کب San Francisco میں کرے گا,KI,21021,MIXED,urdu_char3gram_bm25,30,20164,63.75267791748047,50
post_phase12_module2_M2-A,M2-A,R016,سام سنگ اپنے نئے فلیگ شپ فون کی رونمائی کب San Francisco میں کرے گا,KI,21021,MIXED,urdu_char3gram_bm25,31,20973,63.50521469116211,50
post_phase12_module2_M2-A,M2-A,R016,سام سنگ اپنے نئے فلیگ شپ فون کی رونمائی کب San Francisco میں کرے گا,KI,21021,MIXED,urdu_char3gram_bm25,32,20908,63.49574661254883,50
post_phase12_module2_M2-A,M2-A,R016,سام سنگ اپنے نئے فلیگ شپ فون کی رونمائی کب San Francisco میں کرے گا,KI,21021,MIXED,urdu_char3gram_bm25,33,19887,63.34893798828125,50
post_phase12_module2_M2-A,M2-A,R016,سام سنگ اپنے نئے فلیگ شپ فون کی رونمائی کب San Francisco میں کرے گا,KI,21021,MIXED,urdu_char3gram_bm25,34,20645,63.33909225463867,50
post_phase12_module2_M2-A,M2-A,R016,سام سنگ اپنے نئے فلیگ شپ فون کی رونمائی کب San Francisco میں کرے گا,KI,21021,MIXED,urdu_char3gram_bm25,35,24689,63.14120101928711,50
post_phase12_module2_M2-A,M2-A,R016,سام سنگ اپنے نئے فلیگ شپ فون کی رونمائی کب San Francisco میں کرے گا,KI,21021,MIXED,urdu_char3gram_bm25,36,21178,63.03859329223633,50
post_phase12_module2_M2-A,M2-A,R016,سام سنگ اپنے نئے فلیگ شپ فون کی رونمائی کب San Francisco میں کرے گا,KI,21021,MIXED,urdu_char3gram_bm25,37,60096,62.850887298583984,50
post_phase12_module2_M2-A,M2-A,R016,سام سنگ اپنے نئے فلیگ شپ فون کی رونمائی کب San Francisco میں کرے گا,KI,21021,MIXED,urdu_char3gram_bm25,38,22440,62.82141876220703,50
post_phase12_module2_M2-A,M2-A,R016,سام سنگ اپنے نئے فلیگ شپ فون کی رونمائی کب San Francisco میں کرے گا,KI,21021,MIXED,urdu_char3gram_bm25,39,21313,62.78379440307617,50
post_phase12_module2_M2-A,M2-A,R016,سام سنگ اپنے نئے فلیگ شپ فون کی رونمائی کب San Francisco میں کرے گا,KI,21021,MIXED,urdu_char3gram_bm25,40,21881,62.52308654785156,50
post_phase12_module2_M2-A,M2-A,R016,سام سنگ اپنے نئے فلیگ شپ فون کی رونمائی کب San Francisco میں کرے گا,KI,21021,MIXED,urdu_char3gram_bm25,41,20212,62.359432220458984,50
post_phase12_module2_M2-A,M2-A,R016,سام سنگ اپنے نئے فلیگ شپ فون کی رونمائی کب San Francisco میں کرے گا,KI,21021,MIXED,urdu_char3gram_bm25,42,21131,62.05668640136719,50
post_phase12_module2_M2-A,M2-A,R016,سام سنگ اپنے نئے فلیگ شپ فون کی رونمائی کب San Francisco میں کرے گا,KI,21021,MIXED,urdu_char3gram_bm25,43,21050,61.882659912109375,50
post_phase12_module2_M2-A,M2-A,R016,سام سنگ اپنے نئے فلیگ شپ فون کی رونمائی کب San Francisco میں کرے گا,KI,21021,MIXED,urdu_char3gram_bm25,44,22405,61.77245330810547,50
post_phase12_module2_M2-A,M2-A,R016,سام سنگ اپنے نئے فلیگ شپ فون کی رونمائی کب San Francisco میں کرے گا,KI,21021,MIXED,urdu_char3gram_bm25,45,19968,61.62784194946289,50
post_phase12_module2_M2-A,M2-A,R016,سام سنگ اپنے نئے فلیگ شپ فون کی رونمائی کب San Francisco میں کرے گا,KI,21021,MIXED,urdu_char3gram_bm25,46,19698,61.580284118652344,50
post_phase12_module2_M2-A,M2-A,R016,سام سنگ اپنے نئے فلیگ شپ فون کی رونمائی کب San Francisco میں کرے گا,KI,21021,MIXED,urdu_char3gram_bm25,47,21891,61.44923400878906,50
post_phase12_module2_M2-A,M2-A,R016,سام سنگ اپنے نئے فلیگ شپ فون کی رونمائی کب San Francisco میں کرے گا,KI,21021,MIXED,urdu_char3gram_bm25,48,21590,61.42143630981445,50
post_phase12_module2_M2-A,M2-A,R016,سام سنگ اپنے نئے فلیگ شپ فون کی رونمائی کب San Francisco میں کرے گا,KI,21021,MIXED,urdu_char3gram_bm25,49,20651,61.32197189331055,50
post_phase12_module2_M2-A,M2-A,R016,سام سنگ اپنے نئے فلیگ شپ فون کی رونمائی کب San Francisco میں کرے گا,KI,21021,MIXED,urdu_char3gram_bm25,50,21624,61.317665100097656,50
post_phase12_module2_M2-A,M2-A,R017,عراق نے طلبہ کی نقل روکنے کے لیے امتحانات کے دوران کیا بند کیا,KI,23646,URDU,urdu_char3gram_bm25,1,23646,104.00555419921875,50
post_phase12_module2_M2-A,M2-A,R017,عراق نے طلبہ کی نقل روکنے کے لیے امتحانات کے دوران کیا بند کیا,KI,23646,URDU,urdu_char3gram_bm25,2,48969,72.16545867919922,50
post_phase12_module2_M2-A,M2-A,R017,عراق نے طلبہ کی نقل روکنے کے لیے امتحانات کے دوران کیا بند کیا,KI,23646,URDU,urdu_char3gram_bm25,3,60266,68.81795501708984,50
post_phase12_module2_M2-A,M2-A,R017,عراق نے طلبہ کی نقل روکنے کے لیے امتحانات کے دوران کیا بند کیا,KI,23646,URDU,urdu_char3gram_bm25,4,970,67.04488372802734,50
post_phase12_module2_M2-A,M2-A,R017,عراق نے طلبہ کی نقل روکنے کے لیے امتحانات کے دوران کیا بند کیا,KI,23646,URDU,urdu_char3gram_bm25,5,98181,55.91682052612305,50
post_phase12_module2_M2-A,M2-A,R017,عراق نے طلبہ کی نقل روکنے کے لیے امتحانات کے دوران کیا بند کیا,KI,23646,URDU,urdu_char3gram_bm25,6,73743,55.18364715576172,50
post_phase12_module2_M2-A,M2-A,R017,عراق نے طلبہ کی نقل روکنے کے لیے امتحانات کے دوران کیا بند کیا,KI,23646,URDU,urdu_char3gram_bm25,7,7658,54.22807693481445,50
post_phase12_module2_M2-A,M2-A,R017,عراق نے طلبہ کی نقل روکنے کے لیے امتحانات کے دوران کیا بند کیا,KI,23646,URDU,urdu_char3gram_bm25,8,63703,53.54560852050781,50
post_phase12_module2_M2-A,M2-A,R017,عراق نے طلبہ کی نقل روکنے کے لیے امتحانات کے دوران کیا بند کیا,KI,23646,URDU,urdu_char3gram_bm25,9,15035,52.60059356689453,50
post_phase12_module2_M2-A,M2-A,R017,عراق نے طلبہ کی نقل روکنے کے لیے امتحانات کے دوران کیا بند کیا,KI,23646,URDU,urdu_char3gram_bm25,10,25948,51.87161636352539,50
post_phase12_module2_M2-A,M2-A,R017,عراق نے طلبہ کی نقل روکنے کے لیے امتحانات کے دوران کیا بند کیا,KI,23646,URDU,urdu_char3gram_bm25,11,1907,51.80567169189453,50
post_phase12_module2_M2-A,M2-A,R017,عراق نے طلبہ کی نقل روکنے کے لیے امتحانات کے دوران کیا بند کیا,KI,23646,URDU,urdu_char3gram_bm25,12,10689,51.778350830078125,50
post_phase12_module2_M2-A,M2-A,R017,عراق نے طلبہ کی نقل روکنے کے لیے امتحانات کے دوران کیا بند کیا,KI,23646,URDU,urdu_char3gram_bm25,13,23851,51.144989013671875,50
post_phase12_module2_M2-A,M2-A,R017,عراق نے طلبہ کی نقل روکنے کے لیے امتحانات کے دوران کیا بند کیا,KI,23646,URDU,urdu_char3gram_bm25,14,18235,50.97484588623047,50
post_phase12_module2_M2-A,M2-A,R017,عراق نے طلبہ کی نقل روکنے کے لیے امتحانات کے دوران کیا بند کیا,KI,23646,URDU,urdu_char3gram_bm25,15,109377,48.28770446777344,50
post_phase12_module2_M2-A,M2-A,R017,عراق نے طلبہ کی نقل روکنے کے لیے امتحانات کے دوران کیا بند کیا,KI,23646,URDU,urdu_char3gram_bm25,16,20426,47.71900939941406,50
post_phase12_module2_M2-A,M2-A,R017,عراق نے طلبہ کی نقل روکنے کے لیے امتحانات کے دوران کیا بند کیا,KI,23646,URDU,urdu_char3gram_bm25,17,14091,47.49935531616211,50
post_phase12_module2_M2-A,M2-A,R017,عراق نے طلبہ کی نقل روکنے کے لیے امتحانات کے دوران کیا بند کیا,KI,23646,URDU,urdu_char3gram_bm25,18,35271,47.2241096496582,50
post_phase12_module2_M2-A,M2-A,R017,عراق نے طلبہ کی نقل روکنے کے لیے امتحانات کے دوران کیا بند کیا,KI,23646,URDU,urdu_char3gram_bm25,19,846,46.42414093017578,50
post_phase12_module2_M2-A,M2-A,R017,عراق نے طلبہ کی نقل روکنے کے لیے امتحانات کے دوران کیا بند کیا,KI,23646,URDU,urdu_char3gram_bm25,20,12667,46.28920364379883,50
post_phase12_module2_M2-A,M2-A,R017,عراق نے طلبہ کی نقل روکنے کے لیے امتحانات کے دوران کیا بند کیا,KI,23646,URDU,urdu_char3gram_bm25,21,68265,46.09607696533203,50
post_phase12_module2_M2-A,M2-A,R017,عراق نے طلبہ کی نقل روکنے کے لیے امتحانات کے دوران کیا بند کیا,KI,23646,URDU,urdu_char3gram_bm25,22,28719,45.40709686279297,50
post_phase12_module2_M2-A,M2-A,R017,عراق نے طلبہ کی نقل روکنے کے لیے امتحانات کے دوران کیا بند کیا,KI,23646,URDU,urdu_char3gram_bm25,23,4709,45.207637786865234,50
post_phase12_module2_M2-A,M2-A,R017,عراق نے طلبہ کی نقل روکنے کے لیے امتحانات کے دوران کیا بند کیا,KI,23646,URDU,urdu_char3gram_bm25,24,72072,44.8798713684082,50
post_phase12_module2_M2-A,M2-A,R017,عراق نے طلبہ کی نقل روکنے کے لیے امتحانات کے دوران کیا بند کیا,KI,23646,URDU,urdu_char3gram_bm25,25,79431,44.65339279174805,50
post_phase12_module2_M2-A,M2-A,R017,عراق نے طلبہ کی نقل روکنے کے لیے امتحانات کے دوران کیا بند کیا,KI,23646,URDU,urdu_char3gram_bm25,26,1263,44.3325080871582,50
post_phase12_module2_M2-A,M2-A,R017,عراق نے طلبہ کی نقل روکنے کے لیے امتحانات کے دوران کیا بند کیا,KI,23646,URDU,urdu_char3gram_bm25,27,10112,43.99356460571289,50
post_phase12_module2_M2-A,M2-A,R017,عراق نے طلبہ کی نقل روکنے کے لیے امتحانات کے دوران کیا بند کیا,KI,23646,URDU,urdu_char3gram_bm25,28,109670,43.91132354736328,50
post_phase12_module2_M2-A,M2-A,R017,عراق نے طلبہ کی نقل روکنے کے لیے امتحانات کے دوران کیا بند کیا,KI,23646,URDU,urdu_char3gram_bm25,29,8142,43.769691467285156,50
post_phase12_module2_M2-A,M2-A,R017,عراق نے طلبہ کی نقل روکنے کے لیے امتحانات کے دوران کیا بند کیا,KI,23646,URDU,urdu_char3gram_bm25,30,8101,43.407325744628906,50
post_phase12_module2_M2-A,M2-A,R017,عراق نے طلبہ کی نقل روکنے کے لیے امتحانات کے دوران کیا بند کیا,KI,23646,URDU,urdu_char3gram_bm25,31,50374,43.240478515625,50
post_phase12_module2_M2-A,M2-A,R017,عراق نے طلبہ کی نقل روکنے کے لیے امتحانات کے دوران کیا بند کیا,KI,23646,URDU,urdu_char3gram_bm25,32,40662,43.18661117553711,50
post_phase12_module2_M2-A,M2-A,R017,عراق نے طلبہ کی نقل روکنے کے لیے امتحانات کے دوران کیا بند کیا,KI,23646,URDU,urdu_char3gram_bm25,33,73887,43.1435546875,50
post_phase12_module2_M2-A,M2-A,R017,عراق نے طلبہ کی نقل روکنے کے لیے امتحانات کے دوران کیا بند کیا,KI,23646,URDU,urdu_char3gram_bm25,34,109961,43.13967514038086,50
post_phase12_module2_M2-A,M2-A,R017,عراق نے طلبہ کی نقل روکنے کے لیے امتحانات کے دوران کیا بند کیا,KI,23646,URDU,urdu_char3gram_bm25,35,70763,42.93204879760742,50
post_phase12_module2_M2-A,M2-A,R017,عراق نے طلبہ کی نقل روکنے کے لیے امتحانات کے دوران کیا بند کیا,KI,23646,URDU,urdu_char3gram_bm25,36,10343,42.90117645263672,50
post_phase12_module2_M2-A,M2-A,R017,عراق نے طلبہ کی نقل روکنے کے لیے امتحانات کے دوران کیا بند کیا,KI,23646,URDU,urdu_char3gram_bm25,37,3731,42.81554412841797,50
post_phase12_module2_M2-A,M2-A,R017,عراق نے طلبہ کی نقل روکنے کے لیے امتحانات کے دوران کیا بند کیا,KI,23646,URDU,urdu_char3gram_bm25,38,78830,42.70188903808594,50
post_phase12_module2_M2-A,M2-A,R017,عراق نے طلبہ کی نقل روکنے کے لیے امتحانات کے دوران کیا بند کیا,KI,23646,URDU,urdu_char3gram_bm25,39,3885,42.60537338256836,50
post_phase12_module2_M2-A,M2-A,R017,عراق نے طلبہ کی نقل روکنے کے لیے امتحانات کے دوران کیا بند کیا,KI,23646,URDU,urdu_char3gram_bm25,40,3871,42.5589485168457,50
post_phase12_module2_M2-A,M2-A,R017,عراق نے طلبہ کی نقل روکنے کے لیے امتحانات کے دوران کیا بند کیا,KI,23646,URDU,urdu_char3gram_bm25,41,569,42.289772033691406,50
post_phase12_module2_M2-A,M2-A,R017,عراق نے طلبہ کی نقل روکنے کے لیے امتحانات کے دوران کیا بند کیا,KI,23646,URDU,urdu_char3gram_bm25,42,80095,42.20882797241211,50
post_phase12_module2_M2-A,M2-A,R017,عراق نے طلبہ کی نقل روکنے کے لیے امتحانات کے دوران کیا بند کیا,KI,23646,URDU,urdu_char3gram_bm25,43,9747,42.001914978027344,50
post_phase12_module2_M2-A,M2-A,R017,عراق نے طلبہ کی نقل روکنے کے لیے امتحانات کے دوران کیا بند کیا,KI,23646,URDU,urdu_char3gram_bm25,44,3851,41.83612060546875,50
post_phase12_module2_M2-A,M2-A,R017,عراق نے طلبہ کی نقل روکنے کے لیے امتحانات کے دوران کیا بند کیا,KI,23646,URDU,urdu_char3gram_bm25,45,2288,41.82881164550781,50
post_phase12_module2_M2-A,M2-A,R017,عراق نے طلبہ کی نقل روکنے کے لیے امتحانات کے دوران کیا بند کیا,KI,23646,URDU,urdu_char3gram_bm25,46,79512,41.73967742919922,50
post_phase12_module2_M2-A,M2-A,R017,عراق نے طلبہ کی نقل روکنے کے لیے امتحانات کے دوران کیا بند کیا,KI,23646,URDU,urdu_char3gram_bm25,47,3968,41.54790115356445,50
post_phase12_module2_M2-A,M2-A,R017,عراق نے طلبہ کی نقل روکنے کے لیے امتحانات کے دوران کیا بند کیا,KI,23646,URDU,urdu_char3gram_bm25,48,1848,41.46489334106445,50
post_phase12_module2_M2-A,M2-A,R017,عراق نے طلبہ کی نقل روکنے کے لیے امتحانات کے دوران کیا بند کیا,KI,23646,URDU,urdu_char3gram_bm25,49,16292,41.22151184082031,50
post_phase12_module2_M2-A,M2-A,R017,عراق نے طلبہ کی نقل روکنے کے لیے امتحانات کے دوران کیا بند کیا,KI,23646,URDU,urdu_char3gram_bm25,50,633,41.16329574584961,50
post_phase12_module2_M2-A,M2-A,R018,کراچی میں پاک فوج کے نام پر سائیکل ریس کا مقصد کیا تھا,KI,46877,URDU,urdu_char3gram_bm25,1,88214,68.79949188232422,50
post_phase12_module2_M2-A,M2-A,R018,کراچی میں پاک فوج کے نام پر سائیکل ریس کا مقصد کیا تھا,KI,46877,URDU,urdu_char3gram_bm25,2,33827,63.126651763916016,50
post_phase12_module2_M2-A,M2-A,R018,کراچی میں پاک فوج کے نام پر سائیکل ریس کا مقصد کیا تھا,KI,46877,URDU,urdu_char3gram_bm25,3,91009,61.23740005493164,50
post_phase12_module2_M2-A,M2-A,R018,کراچی میں پاک فوج کے نام پر سائیکل ریس کا مقصد کیا تھا,KI,46877,URDU,urdu_char3gram_bm25,4,84028,57.48038864135742,50
post_phase12_module2_M2-A,M2-A,R018,کراچی میں پاک فوج کے نام پر سائیکل ریس کا مقصد کیا تھا,KI,46877,URDU,urdu_char3gram_bm25,5,46877,55.651283264160156,50
post_phase12_module2_M2-A,M2-A,R018,کراچی میں پاک فوج کے نام پر سائیکل ریس کا مقصد کیا تھا,KI,46877,URDU,urdu_char3gram_bm25,6,44202,55.49663162231445,50
post_phase12_module2_M2-A,M2-A,R018,کراچی میں پاک فوج کے نام پر سائیکل ریس کا مقصد کیا تھا,KI,46877,URDU,urdu_char3gram_bm25,7,43881,52.83541488647461,50
post_phase12_module2_M2-A,M2-A,R018,کراچی میں پاک فوج کے نام پر سائیکل ریس کا مقصد کیا تھا,KI,46877,URDU,urdu_char3gram_bm25,8,44598,52.32123947143555,50
post_phase12_module2_M2-A,M2-A,R018,کراچی میں پاک فوج کے نام پر سائیکل ریس کا مقصد کیا تھا,KI,46877,URDU,urdu_char3gram_bm25,9,65687,51.673240661621094,50
post_phase12_module2_M2-A,M2-A,R018,کراچی میں پاک فوج کے نام پر سائیکل ریس کا مقصد کیا تھا,KI,46877,URDU,urdu_char3gram_bm25,10,30420,50.464447021484375,50
post_phase12_module2_M2-A,M2-A,R018,کراچی میں پاک فوج کے نام پر سائیکل ریس کا مقصد کیا تھا,KI,46877,URDU,urdu_char3gram_bm25,11,44759,48.23084259033203,50
post_phase12_module2_M2-A,M2-A,R018,کراچی میں پاک فوج کے نام پر سائیکل ریس کا مقصد کیا تھا,KI,46877,URDU,urdu_char3gram_bm25,12,82210,47.705440521240234,50
post_phase12_module2_M2-A,M2-A,R018,کراچی میں پاک فوج کے نام پر سائیکل ریس کا مقصد کیا تھا,KI,46877,URDU,urdu_char3gram_bm25,13,44705,47.605899810791016,50
post_phase12_module2_M2-A,M2-A,R018,کراچی میں پاک فوج کے نام پر سائیکل ریس کا مقصد کیا تھا,KI,46877,URDU,urdu_char3gram_bm25,14,86991,47.21834182739258,50
post_phase12_module2_M2-A,M2-A,R018,کراچی میں پاک فوج کے نام پر سائیکل ریس کا مقصد کیا تھا,KI,46877,URDU,urdu_char3gram_bm25,15,43367,46.48759078979492,50
post_phase12_module2_M2-A,M2-A,R018,کراچی میں پاک فوج کے نام پر سائیکل ریس کا مقصد کیا تھا,KI,46877,URDU,urdu_char3gram_bm25,16,43115,46.25012969970703,50
post_phase12_module2_M2-A,M2-A,R018,کراچی میں پاک فوج کے نام پر سائیکل ریس کا مقصد کیا تھا,KI,46877,URDU,urdu_char3gram_bm25,17,96520,46.14305114746094,50
post_phase12_module2_M2-A,M2-A,R018,کراچی میں پاک فوج کے نام پر سائیکل ریس کا مقصد کیا تھا,KI,46877,URDU,urdu_char3gram_bm25,18,6825,45.39763641357422,50
post_phase12_module2_M2-A,M2-A,R018,کراچی میں پاک فوج کے نام پر سائیکل ریس کا مقصد کیا تھا,KI,46877,URDU,urdu_char3gram_bm25,19,50394,45.03635025024414,50
post_phase12_module2_M2-A,M2-A,R018,کراچی میں پاک فوج کے نام پر سائیکل ریس کا مقصد کیا تھا,KI,46877,URDU,urdu_char3gram_bm25,20,47297,44.974754333496094,50
post_phase12_module2_M2-A,M2-A,R018,کراچی میں پاک فوج کے نام پر سائیکل ریس کا مقصد کیا تھا,KI,46877,URDU,urdu_char3gram_bm25,21,44707,44.89532470703125,50
post_phase12_module2_M2-A,M2-A,R018,کراچی میں پاک فوج کے نام پر سائیکل ریس کا مقصد کیا تھا,KI,46877,URDU,urdu_char3gram_bm25,22,69531,44.646202087402344,50
post_phase12_module2_M2-A,M2-A,R018,کراچی میں پاک فوج کے نام پر سائیکل ریس کا مقصد کیا تھا,KI,46877,URDU,urdu_char3gram_bm25,23,31448,44.36878204345703,50
post_phase12_module2_M2-A,M2-A,R018,کراچی میں پاک فوج کے نام پر سائیکل ریس کا مقصد کیا تھا,KI,46877,URDU,urdu_char3gram_bm25,24,58666,44.270286560058594,50
post_phase12_module2_M2-A,M2-A,R018,کراچی میں پاک فوج کے نام پر سائیکل ریس کا مقصد کیا تھا,KI,46877,URDU,urdu_char3gram_bm25,25,91526,44.11532974243164,50
post_phase12_module2_M2-A,M2-A,R018,کراچی میں پاک فوج کے نام پر سائیکل ریس کا مقصد کیا تھا,KI,46877,URDU,urdu_char3gram_bm25,26,42872,44.079864501953125,50
post_phase12_module2_M2-A,M2-A,R018,کراچی میں پاک فوج کے نام پر سائیکل ریس کا مقصد کیا تھا,KI,46877,URDU,urdu_char3gram_bm25,27,87938,43.949798583984375,50
post_phase12_module2_M2-A,M2-A,R018,کراچی میں پاک فوج کے نام پر سائیکل ریس کا مقصد کیا تھا,KI,46877,URDU,urdu_char3gram_bm25,28,68543,43.94237518310547,50
post_phase12_module2_M2-A,M2-A,R018,کراچی میں پاک فوج کے نام پر سائیکل ریس کا مقصد کیا تھا,KI,46877,URDU,urdu_char3gram_bm25,29,43253,43.80779266357422,50
post_phase12_module2_M2-A,M2-A,R018,کراچی میں پاک فوج کے نام پر سائیکل ریس کا مقصد کیا تھا,KI,46877,URDU,urdu_char3gram_bm25,30,37737,43.79859924316406,50
post_phase12_module2_M2-A,M2-A,R018,کراچی میں پاک فوج کے نام پر سائیکل ریس کا مقصد کیا تھا,KI,46877,URDU,urdu_char3gram_bm25,31,97094,43.47133255004883,50
post_phase12_module2_M2-A,M2-A,R018,کراچی میں پاک فوج کے نام پر سائیکل ریس کا مقصد کیا تھا,KI,46877,URDU,urdu_char3gram_bm25,32,52299,43.44377899169922,50
post_phase12_module2_M2-A,M2-A,R018,کراچی میں پاک فوج کے نام پر سائیکل ریس کا مقصد کیا تھا,KI,46877,URDU,urdu_char3gram_bm25,33,2595,43.410736083984375,50
post_phase12_module2_M2-A,M2-A,R018,کراچی میں پاک فوج کے نام پر سائیکل ریس کا مقصد کیا تھا,KI,46877,URDU,urdu_char3gram_bm25,34,43144,43.153438568115234,50
post_phase12_module2_M2-A,M2-A,R018,کراچی میں پاک فوج کے نام پر سائیکل ریس کا مقصد کیا تھا,KI,46877,URDU,urdu_char3gram_bm25,35,5867,42.905128479003906,50
post_phase12_module2_M2-A,M2-A,R018,کراچی میں پاک فوج کے نام پر سائیکل ریس کا مقصد کیا تھا,KI,46877,URDU,urdu_char3gram_bm25,36,19577,42.82255554199219,50
post_phase12_module2_M2-A,M2-A,R018,کراچی میں پاک فوج کے نام پر سائیکل ریس کا مقصد کیا تھا,KI,46877,URDU,urdu_char3gram_bm25,37,85292,42.68287658691406,50
post_phase12_module2_M2-A,M2-A,R018,کراچی میں پاک فوج کے نام پر سائیکل ریس کا مقصد کیا تھا,KI,46877,URDU,urdu_char3gram_bm25,38,43138,42.577999114990234,50
post_phase12_module2_M2-A,M2-A,R018,کراچی میں پاک فوج کے نام پر سائیکل ریس کا مقصد کیا تھا,KI,46877,URDU,urdu_char3gram_bm25,39,32326,42.37080383300781,50
post_phase12_module2_M2-A,M2-A,R018,کراچی میں پاک فوج کے نام پر سائیکل ریس کا مقصد کیا تھا,KI,46877,URDU,urdu_char3gram_bm25,40,42440,42.27622985839844,50
post_phase12_module2_M2-A,M2-A,R018,کراچی میں پاک فوج کے نام پر سائیکل ریس کا مقصد کیا تھا,KI,46877,URDU,urdu_char3gram_bm25,41,68364,42.21689987182617,50
post_phase12_module2_M2-A,M2-A,R018,کراچی میں پاک فوج کے نام پر سائیکل ریس کا مقصد کیا تھا,KI,46877,URDU,urdu_char3gram_bm25,42,21957,42.03688430786133,50
post_phase12_module2_M2-A,M2-A,R018,کراچی میں پاک فوج کے نام پر سائیکل ریس کا مقصد کیا تھا,KI,46877,URDU,urdu_char3gram_bm25,43,31674,41.76052474975586,50
post_phase12_module2_M2-A,M2-A,R018,کراچی میں پاک فوج کے نام پر سائیکل ریس کا مقصد کیا تھا,KI,46877,URDU,urdu_char3gram_bm25,44,59861,41.695655822753906,50
post_phase12_module2_M2-A,M2-A,R018,کراچی میں پاک فوج کے نام پر سائیکل ریس کا مقصد کیا تھا,KI,46877,URDU,urdu_char3gram_bm25,45,27035,41.66862106323242,50
post_phase12_module2_M2-A,M2-A,R018,کراچی میں پاک فوج کے نام پر سائیکل ریس کا مقصد کیا تھا,KI,46877,URDU,urdu_char3gram_bm25,46,21923,41.576622009277344,50
post_phase12_module2_M2-A,M2-A,R018,کراچی میں پاک فوج کے نام پر سائیکل ریس کا مقصد کیا تھا,KI,46877,URDU,urdu_char3gram_bm25,47,20629,41.49552536010742,50
post_phase12_module2_M2-A,M2-A,R018,کراچی میں پاک فوج کے نام پر سائیکل ریس کا مقصد کیا تھا,KI,46877,URDU,urdu_char3gram_bm25,48,7940,41.477874755859375,50
post_phase12_module2_M2-A,M2-A,R018,کراچی میں پاک فوج کے نام پر سائیکل ریس کا مقصد کیا تھا,KI,46877,URDU,urdu_char3gram_bm25,49,23110,41.38593292236328,50
post_phase12_module2_M2-A,M2-A,R018,کراچی میں پاک فوج کے نام پر سائیکل ریس کا مقصد کیا تھا,KI,46877,URDU,urdu_char3gram_bm25,50,100170,41.18655014038086,50
post_phase12_module2_M2-A,M2-A,R019,اپریل 2019 میں کراچی اسٹاک مارکیٹ کتne پوائنٹس نیچے بند ہوئی,KI,64946,MIXED,urdu_char3gram_bm25,1,64946,107.13911437988281,50
post_phase12_module2_M2-A,M2-A,R019,اپریل 2019 میں کراچی اسٹاک مارکیٹ کتne پوائنٹس نیچے بند ہوئی,KI,64946,MIXED,urdu_char3gram_bm25,2,64886,106.88801574707031,50
post_phase12_module2_M2-A,M2-A,R019,اپریل 2019 میں کراچی اسٹاک مارکیٹ کتne پوائنٹس نیچے بند ہوئی,KI,64946,MIXED,urdu_char3gram_bm25,3,64604,104.39828491210938,50
post_phase12_module2_M2-A,M2-A,R019,اپریل 2019 میں کراچی اسٹاک مارکیٹ کتne پوائنٹس نیچے بند ہوئی,KI,64946,MIXED,urdu_char3gram_bm25,4,65045,101.8106689453125,50
post_phase12_module2_M2-A,M2-A,R019,اپریل 2019 میں کراچی اسٹاک مارکیٹ کتne پوائنٹس نیچے بند ہوئی,KI,64946,MIXED,urdu_char3gram_bm25,5,64841,100.1379623413086,50
post_phase12_module2_M2-A,M2-A,R019,اپریل 2019 میں کراچی اسٹاک مارکیٹ کتne پوائنٹس نیچے بند ہوئی,KI,64946,MIXED,urdu_char3gram_bm25,6,64913,99.7101821899414,50
post_phase12_module2_M2-A,M2-A,R019,اپریل 2019 میں کراچی اسٹاک مارکیٹ کتne پوائنٹس نیچے بند ہوئی,KI,64946,MIXED,urdu_char3gram_bm25,7,65067,99.23157501220703,50
post_phase12_module2_M2-A,M2-A,R019,اپریل 2019 میں کراچی اسٹاک مارکیٹ کتne پوائنٹس نیچے بند ہوئی,KI,64946,MIXED,urdu_char3gram_bm25,8,64931,99.08392333984375,50
post_phase12_module2_M2-A,M2-A,R019,اپریل 2019 میں کراچی اسٹاک مارکیٹ کتne پوائنٹس نیچے بند ہوئی,KI,64946,MIXED,urdu_char3gram_bm25,9,64950,98.2839126586914,50
post_phase12_module2_M2-A,M2-A,R019,اپریل 2019 میں کراچی اسٹاک مارکیٹ کتne پوائنٹس نیچے بند ہوئی,KI,64946,MIXED,urdu_char3gram_bm25,10,65072,98.01293182373047,50
post_phase12_module2_M2-A,M2-A,R019,اپریل 2019 میں کراچی اسٹاک مارکیٹ کتne پوائنٹس نیچے بند ہوئی,KI,64946,MIXED,urdu_char3gram_bm25,11,61242,97.74617004394531,50
post_phase12_module2_M2-A,M2-A,R019,اپریل 2019 میں کراچی اسٹاک مارکیٹ کتne پوائنٹس نیچے بند ہوئی,KI,64946,MIXED,urdu_char3gram_bm25,12,63143,97.5238265991211,50
post_phase12_module2_M2-A,M2-A,R019,اپریل 2019 میں کراچی اسٹاک مارکیٹ کتne پوائنٹس نیچے بند ہوئی,KI,64946,MIXED,urdu_char3gram_bm25,13,64629,96.97305297851562,50
post_phase12_module2_M2-A,M2-A,R019,اپریل 2019 میں کراچی اسٹاک مارکیٹ کتne پوائنٹس نیچے بند ہوئی,KI,64946,MIXED,urdu_char3gram_bm25,14,64647,96.69210052490234,50
post_phase12_module2_M2-A,M2-A,R019,اپریل 2019 میں کراچی اسٹاک مارکیٹ کتne پوائنٹس نیچے بند ہوئی,KI,64946,MIXED,urdu_char3gram_bm25,15,64915,96.5091323852539,50
post_phase12_module2_M2-A,M2-A,R019,اپریل 2019 میں کراچی اسٹاک مارکیٹ کتne پوائنٹس نیچے بند ہوئی,KI,64946,MIXED,urdu_char3gram_bm25,16,64635,96.01520538330078,50
post_phase12_module2_M2-A,M2-A,R019,اپریل 2019 میں کراچی اسٹاک مارکیٹ کتne پوائنٹس نیچے بند ہوئی,KI,64946,MIXED,urdu_char3gram_bm25,17,61177,95.62078094482422,50
post_phase12_module2_M2-A,M2-A,R019,اپریل 2019 میں کراچی اسٹاک مارکیٹ کتne پوائنٹس نیچے بند ہوئی,KI,64946,MIXED,urdu_char3gram_bm25,18,78642,95.43087005615234,50
post_phase12_module2_M2-A,M2-A,R019,اپریل 2019 میں کراچی اسٹاک مارکیٹ کتne پوائنٹس نیچے بند ہوئی,KI,64946,MIXED,urdu_char3gram_bm25,19,1967,95.10974884033203,50
post_phase12_module2_M2-A,M2-A,R019,اپریل 2019 میں کراچی اسٹاک مارکیٹ کتne پوائنٹس نیچے بند ہوئی,KI,64946,MIXED,urdu_char3gram_bm25,20,61231,95.0976333618164,50
post_phase12_module2_M2-A,M2-A,R019,اپریل 2019 میں کراچی اسٹاک مارکیٹ کتne پوائنٹس نیچے بند ہوئی,KI,64946,MIXED,urdu_char3gram_bm25,21,65129,94.52664184570312,50
post_phase12_module2_M2-A,M2-A,R019,اپریل 2019 میں کراچی اسٹاک مارکیٹ کتne پوائنٹس نیچے بند ہوئی,KI,64946,MIXED,urdu_char3gram_bm25,22,71088,94.49718475341797,50
post_phase12_module2_M2-A,M2-A,R019,اپریل 2019 میں کراچی اسٹاک مارکیٹ کتne پوائنٹس نیچے بند ہوئی,KI,64946,MIXED,urdu_char3gram_bm25,23,38807,94.02561950683594,50
post_phase12_module2_M2-A,M2-A,R019,اپریل 2019 میں کراچی اسٹاک مارکیٹ کتne پوائنٹس نیچے بند ہوئی,KI,64946,MIXED,urdu_char3gram_bm25,24,64902,93.824462890625,50
post_phase12_module2_M2-A,M2-A,R019,اپریل 2019 میں کراچی اسٹاک مارکیٹ کتne پوائنٹس نیچے بند ہوئی,KI,64946,MIXED,urdu_char3gram_bm25,25,64760,93.810791015625,50
post_phase12_module2_M2-A,M2-A,R019,اپریل 2019 میں کراچی اسٹاک مارکیٹ کتne پوائنٹس نیچے بند ہوئی,KI,64946,MIXED,urdu_char3gram_bm25,26,64948,93.6489486694336,50
post_phase12_module2_M2-A,M2-A,R019,اپریل 2019 میں کراچی اسٹاک مارکیٹ کتne پوائنٹس نیچے بند ہوئی,KI,64946,MIXED,urdu_char3gram_bm25,27,64909,93.3520278930664,50
post_phase12_module2_M2-A,M2-A,R019,اپریل 2019 میں کراچی اسٹاک مارکیٹ کتne پوائنٹس نیچے بند ہوئی,KI,64946,MIXED,urdu_char3gram_bm25,28,63860,93.2966537475586,50
post_phase12_module2_M2-A,M2-A,R019,اپریل 2019 میں کراچی اسٹاک مارکیٹ کتne پوائنٹس نیچے بند ہوئی,KI,64946,MIXED,urdu_char3gram_bm25,29,76988,93.22807312011719,50
post_phase12_module2_M2-A,M2-A,R019,اپریل 2019 میں کراچی اسٹاک مارکیٹ کتne پوائنٹس نیچے بند ہوئی,KI,64946,MIXED,urdu_char3gram_bm25,30,62503,93.1399154663086,50
post_phase12_module2_M2-A,M2-A,R019,اپریل 2019 میں کراچی اسٹاک مارکیٹ کتne پوائنٹس نیچے بند ہوئی,KI,64946,MIXED,urdu_char3gram_bm25,31,64917,92.90670776367188,50
post_phase12_module2_M2-A,M2-A,R019,اپریل 2019 میں کراچی اسٹاک مارکیٹ کتne پوائنٹس نیچے بند ہوئی,KI,64946,MIXED,urdu_char3gram_bm25,32,61376,92.7833023071289,50
post_phase12_module2_M2-A,M2-A,R019,اپریل 2019 میں کراچی اسٹاک مارکیٹ کتne پوائنٹس نیچے بند ہوئی,KI,64946,MIXED,urdu_char3gram_bm25,33,64892,92.6658935546875,50
post_phase12_module2_M2-A,M2-A,R019,اپریل 2019 میں کراچی اسٹاک مارکیٹ کتne پوائنٹس نیچے بند ہوئی,KI,64946,MIXED,urdu_char3gram_bm25,34,64958,92.5321273803711,50
post_phase12_module2_M2-A,M2-A,R019,اپریل 2019 میں کراچی اسٹاک مارکیٹ کتne پوائنٹس نیچے بند ہوئی,KI,64946,MIXED,urdu_char3gram_bm25,35,64479,92.41748046875,50
post_phase12_module2_M2-A,M2-A,R019,اپریل 2019 میں کراچی اسٹاک مارکیٹ کتne پوائنٹس نیچے بند ہوئی,KI,64946,MIXED,urdu_char3gram_bm25,36,75665,92.19174194335938,50
post_phase12_module2_M2-A,M2-A,R019,اپریل 2019 میں کراچی اسٹاک مارکیٹ کتne پوائنٹس نیچے بند ہوئی,KI,64946,MIXED,urdu_char3gram_bm25,37,77586,92.16724395751953,50
post_phase12_module2_M2-A,M2-A,R019,اپریل 2019 میں کراچی اسٹاک مارکیٹ کتne پوائنٹس نیچے بند ہوئی,KI,64946,MIXED,urdu_char3gram_bm25,38,71854,92.14093780517578,50
post_phase12_module2_M2-A,M2-A,R019,اپریل 2019 میں کراچی اسٹاک مارکیٹ کتne پوائنٹس نیچے بند ہوئی,KI,64946,MIXED,urdu_char3gram_bm25,39,64163,92.0957260131836,50
post_phase12_module2_M2-A,M2-A,R019,اپریل 2019 میں کراچی اسٹاک مارکیٹ کتne پوائنٹس نیچے بند ہوئی,KI,64946,MIXED,urdu_char3gram_bm25,40,65029,92.0567626953125,50
post_phase12_module2_M2-A,M2-A,R019,اپریل 2019 میں کراچی اسٹاک مارکیٹ کتne پوائنٹس نیچے بند ہوئی,KI,64946,MIXED,urdu_char3gram_bm25,41,63711,91.83187103271484,50
post_phase12_module2_M2-A,M2-A,R019,اپریل 2019 میں کراچی اسٹاک مارکیٹ کتne پوائنٹس نیچے بند ہوئی,KI,64946,MIXED,urdu_char3gram_bm25,42,64546,91.73616027832031,50
post_phase12_module2_M2-A,M2-A,R019,اپریل 2019 میں کراچی اسٹاک مارکیٹ کتne پوائنٹس نیچے بند ہوئی,KI,64946,MIXED,urdu_char3gram_bm25,43,61282,91.70771026611328,50
post_phase12_module2_M2-A,M2-A,R019,اپریل 2019 میں کراچی اسٹاک مارکیٹ کتne پوائنٹس نیچے بند ہوئی,KI,64946,MIXED,urdu_char3gram_bm25,44,78750,91.67579650878906,50
post_phase12_module2_M2-A,M2-A,R019,اپریل 2019 میں کراچی اسٹاک مارکیٹ کتne پوائنٹس نیچے بند ہوئی,KI,64946,MIXED,urdu_char3gram_bm25,45,64907,91.64939880371094,50
post_phase12_module2_M2-A,M2-A,R019,اپریل 2019 میں کراچی اسٹاک مارکیٹ کتne پوائنٹس نیچے بند ہوئی,KI,64946,MIXED,urdu_char3gram_bm25,46,64450,91.56158447265625,50
post_phase12_module2_M2-A,M2-A,R019,اپریل 2019 میں کراچی اسٹاک مارکیٹ کتne پوائنٹس نیچے بند ہوئی,KI,64946,MIXED,urdu_char3gram_bm25,47,63059,91.54085540771484,50
post_phase12_module2_M2-A,M2-A,R019,اپریل 2019 میں کراچی اسٹاک مارکیٹ کتne پوائنٹس نیچے بند ہوئی,KI,64946,MIXED,urdu_char3gram_bm25,48,65538,91.46131896972656,50
post_phase12_module2_M2-A,M2-A,R019,اپریل 2019 میں کراچی اسٹاک مارکیٹ کتne پوائنٹس نیچے بند ہوئی,KI,64946,MIXED,urdu_char3gram_bm25,49,71865,91.45306396484375,50
post_phase12_module2_M2-A,M2-A,R019,اپریل 2019 میں کراچی اسٹاک مارکیٹ کتne پوائنٹس نیچے بند ہوئی,KI,64946,MIXED,urdu_char3gram_bm25,50,64905,91.24314880371094,50
post_phase12_module2_M2-A,M2-A,R020,قائداعظم ون ڈے کپ کے دوسرے سیمی فائنل میں کس بینک نے جیت حاصل کی,KI,83578,URDU,urdu_char3gram_bm25,1,83578,110.9649887084961,50
post_phase12_module2_M2-A,M2-A,R020,قائداعظم ون ڈے کپ کے دوسرے سیمی فائنل میں کس بینک نے جیت حاصل کی,KI,83578,URDU,urdu_char3gram_bm25,2,83587,92.74986267089844,50
post_phase12_module2_M2-A,M2-A,R020,قائداعظم ون ڈے کپ کے دوسرے سیمی فائنل میں کس بینک نے جیت حاصل کی,KI,83578,URDU,urdu_char3gram_bm25,3,83610,91.47980499267578,50
post_phase12_module2_M2-A,M2-A,R020,قائداعظم ون ڈے کپ کے دوسرے سیمی فائنل میں کس بینک نے جیت حاصل کی,KI,83578,URDU,urdu_char3gram_bm25,4,83459,89.67310333251953,50
post_phase12_module2_M2-A,M2-A,R020,قائداعظم ون ڈے کپ کے دوسرے سیمی فائنل میں کس بینک نے جیت حاصل کی,KI,83578,URDU,urdu_char3gram_bm25,5,54305,85.9803695678711,50
post_phase12_module2_M2-A,M2-A,R020,قائداعظم ون ڈے کپ کے دوسرے سیمی فائنل میں کس بینک نے جیت حاصل کی,KI,83578,URDU,urdu_char3gram_bm25,6,83577,83.69853973388672,50
post_phase12_module2_M2-A,M2-A,R020,قائداعظم ون ڈے کپ کے دوسرے سیمی فائنل میں کس بینک نے جیت حاصل کی,KI,83578,URDU,urdu_char3gram_bm25,7,87181,80.32158660888672,50
post_phase12_module2_M2-A,M2-A,R020,قائداعظم ون ڈے کپ کے دوسرے سیمی فائنل میں کس بینک نے جیت حاصل کی,KI,83578,URDU,urdu_char3gram_bm25,8,30791,78.28059387207031,50
post_phase12_module2_M2-A,M2-A,R020,قائداعظم ون ڈے کپ کے دوسرے سیمی فائنل میں کس بینک نے جیت حاصل کی,KI,83578,URDU,urdu_char3gram_bm25,9,31866,77.13835144042969,50
post_phase12_module2_M2-A,M2-A,R020,قائداعظم ون ڈے کپ کے دوسرے سیمی فائنل میں کس بینک نے جیت حاصل کی,KI,83578,URDU,urdu_char3gram_bm25,10,97029,75.49412536621094,50
post_phase12_module2_M2-A,M2-A,R020,قائداعظم ون ڈے کپ کے دوسرے سیمی فائنل میں کس بینک نے جیت حاصل کی,KI,83578,URDU,urdu_char3gram_bm25,11,83585,74.7320327758789,50
post_phase12_module2_M2-A,M2-A,R020,قائداعظم ون ڈے کپ کے دوسرے سیمی فائنل میں کس بینک نے جیت حاصل کی,KI,83578,URDU,urdu_char3gram_bm25,12,82067,74.344482421875,50
post_phase12_module2_M2-A,M2-A,R020,قائداعظم ون ڈے کپ کے دوسرے سیمی فائنل میں کس بینک نے جیت حاصل کی,KI,83578,URDU,urdu_char3gram_bm25,13,42072,72.45337677001953,50
post_phase12_module2_M2-A,M2-A,R020,قائداعظم ون ڈے کپ کے دوسرے سیمی فائنل میں کس بینک نے جیت حاصل کی,KI,83578,URDU,urdu_char3gram_bm25,14,52545,72.18405151367188,50
post_phase12_module2_M2-A,M2-A,R020,قائداعظم ون ڈے کپ کے دوسرے سیمی فائنل میں کس بینک نے جیت حاصل کی,KI,83578,URDU,urdu_char3gram_bm25,15,81700,71.89788818359375,50
post_phase12_module2_M2-A,M2-A,R020,قائداعظم ون ڈے کپ کے دوسرے سیمی فائنل میں کس بینک نے جیت حاصل کی,KI,83578,URDU,urdu_char3gram_bm25,16,83913,70.59207916259766,50
post_phase12_module2_M2-A,M2-A,R020,قائداعظم ون ڈے کپ کے دوسرے سیمی فائنل میں کس بینک نے جیت حاصل کی,KI,83578,URDU,urdu_char3gram_bm25,17,26681,70.33221435546875,50
post_phase12_module2_M2-A,M2-A,R020,قائداعظم ون ڈے کپ کے دوسرے سیمی فائنل میں کس بینک نے جیت حاصل کی,KI,83578,URDU,urdu_char3gram_bm25,18,46661,70.00904083251953,50
post_phase12_module2_M2-A,M2-A,R020,قائداعظم ون ڈے کپ کے دوسرے سیمی فائنل میں کس بینک نے جیت حاصل کی,KI,83578,URDU,urdu_char3gram_bm25,19,94987,69.78457641601562,50
post_phase12_module2_M2-A,M2-A,R020,قائداعظم ون ڈے کپ کے دوسرے سیمی فائنل میں کس بینک نے جیت حاصل کی,KI,83578,URDU,urdu_char3gram_bm25,20,32903,69.44319152832031,50
post_phase12_module2_M2-A,M2-A,R020,قائداعظم ون ڈے کپ کے دوسرے سیمی فائنل میں کس بینک نے جیت حاصل کی,KI,83578,URDU,urdu_char3gram_bm25,21,83946,69.4024658203125,50
post_phase12_module2_M2-A,M2-A,R020,قائداعظم ون ڈے کپ کے دوسرے سیمی فائنل میں کس بینک نے جیت حاصل کی,KI,83578,URDU,urdu_char3gram_bm25,22,85061,69.33599090576172,50
post_phase12_module2_M2-A,M2-A,R020,قائداعظم ون ڈے کپ کے دوسرے سیمی فائنل میں کس بینک نے جیت حاصل کی,KI,83578,URDU,urdu_char3gram_bm25,23,33009,68.4363021850586,50
post_phase12_module2_M2-A,M2-A,R020,قائداعظم ون ڈے کپ کے دوسرے سیمی فائنل میں کس بینک نے جیت حاصل کی,KI,83578,URDU,urdu_char3gram_bm25,24,83886,68.36502838134766,50
post_phase12_module2_M2-A,M2-A,R020,قائداعظم ون ڈے کپ کے دوسرے سیمی فائنل میں کس بینک نے جیت حاصل کی,KI,83578,URDU,urdu_char3gram_bm25,25,25927,67.18883514404297,50
post_phase12_module2_M2-A,M2-A,R020,قائداعظم ون ڈے کپ کے دوسرے سیمی فائنل میں کس بینک نے جیت حاصل کی,KI,83578,URDU,urdu_char3gram_bm25,26,86210,67.1150131225586,50
post_phase12_module2_M2-A,M2-A,R020,قائداعظم ون ڈے کپ کے دوسرے سیمی فائنل میں کس بینک نے جیت حاصل کی,KI,83578,URDU,urdu_char3gram_bm25,27,94983,66.72503662109375,50
post_phase12_module2_M2-A,M2-A,R020,قائداعظم ون ڈے کپ کے دوسرے سیمی فائنل میں کس بینک نے جیت حاصل کی,KI,83578,URDU,urdu_char3gram_bm25,28,30639,66.41880798339844,50
post_phase12_module2_M2-A,M2-A,R020,قائداعظم ون ڈے کپ کے دوسرے سیمی فائنل میں کس بینک نے جیت حاصل کی,KI,83578,URDU,urdu_char3gram_bm25,29,83147,66.23408508300781,50
post_phase12_module2_M2-A,M2-A,R020,قائداعظم ون ڈے کپ کے دوسرے سیمی فائنل میں کس بینک نے جیت حاصل کی,KI,83578,URDU,urdu_char3gram_bm25,30,53718,66.0716552734375,50
post_phase12_module2_M2-A,M2-A,R020,قائداعظم ون ڈے کپ کے دوسرے سیمی فائنل میں کس بینک نے جیت حاصل کی,KI,83578,URDU,urdu_char3gram_bm25,31,83032,65.8663330078125,50
post_phase12_module2_M2-A,M2-A,R020,قائداعظم ون ڈے کپ کے دوسرے سیمی فائنل میں کس بینک نے جیت حاصل کی,KI,83578,URDU,urdu_char3gram_bm25,32,87153,65.82353210449219,50
post_phase12_module2_M2-A,M2-A,R020,قائداعظم ون ڈے کپ کے دوسرے سیمی فائنل میں کس بینک نے جیت حاصل کی,KI,83578,URDU,urdu_char3gram_bm25,33,26135,65.52734375,50
post_phase12_module2_M2-A,M2-A,R020,قائداعظم ون ڈے کپ کے دوسرے سیمی فائنل میں کس بینک نے جیت حاصل کی,KI,83578,URDU,urdu_char3gram_bm25,34,44305,65.27871704101562,50
post_phase12_module2_M2-A,M2-A,R020,قائداعظم ون ڈے کپ کے دوسرے سیمی فائنل میں کس بینک نے جیت حاصل کی,KI,83578,URDU,urdu_char3gram_bm25,35,33210,64.9594955444336,50
post_phase12_module2_M2-A,M2-A,R020,قائداعظم ون ڈے کپ کے دوسرے سیمی فائنل میں کس بینک نے جیت حاصل کی,KI,83578,URDU,urdu_char3gram_bm25,36,34442,64.5727767944336,50
post_phase12_module2_M2-A,M2-A,R020,قائداعظم ون ڈے کپ کے دوسرے سیمی فائنل میں کس بینک نے جیت حاصل کی,KI,83578,URDU,urdu_char3gram_bm25,37,29027,64.35649108886719,50
post_phase12_module2_M2-A,M2-A,R020,قائداعظم ون ڈے کپ کے دوسرے سیمی فائنل میں کس بینک نے جیت حاصل کی,KI,83578,URDU,urdu_char3gram_bm25,38,84948,64.2978744506836,50
post_phase12_module2_M2-A,M2-A,R020,قائداعظم ون ڈے کپ کے دوسرے سیمی فائنل میں کس بینک نے جیت حاصل کی,KI,83578,URDU,urdu_char3gram_bm25,39,83957,64.24683380126953,50
post_phase12_module2_M2-A,M2-A,R020,قائداعظم ون ڈے کپ کے دوسرے سیمی فائنل میں کس بینک نے جیت حاصل کی,KI,83578,URDU,urdu_char3gram_bm25,40,30745,64.12567901611328,50
post_phase12_module2_M2-A,M2-A,R020,قائداعظم ون ڈے کپ کے دوسرے سیمی فائنل میں کس بینک نے جیت حاصل کی,KI,83578,URDU,urdu_char3gram_bm25,41,33239,63.98554229736328,50
post_phase12_module2_M2-A,M2-A,R020,قائداعظم ون ڈے کپ کے دوسرے سیمی فائنل میں کس بینک نے جیت حاصل کی,KI,83578,URDU,urdu_char3gram_bm25,42,55633,63.94727325439453,50
post_phase12_module2_M2-A,M2-A,R020,قائداعظم ون ڈے کپ کے دوسرے سیمی فائنل میں کس بینک نے جیت حاصل کی,KI,83578,URDU,urdu_char3gram_bm25,43,82400,63.90808868408203,50
post_phase12_module2_M2-A,M2-A,R020,قائداعظم ون ڈے کپ کے دوسرے سیمی فائنل میں کس بینک نے جیت حاصل کی,KI,83578,URDU,urdu_char3gram_bm25,44,54304,63.7444953918457,50
post_phase12_module2_M2-A,M2-A,R020,قائداعظم ون ڈے کپ کے دوسرے سیمی فائنل میں کس بینک نے جیت حاصل کی,KI,83578,URDU,urdu_char3gram_bm25,45,45074,63.614505767822266,50
post_phase12_module2_M2-A,M2-A,R020,قائداعظم ون ڈے کپ کے دوسرے سیمی فائنل میں کس بینک نے جیت حاصل کی,KI,83578,URDU,urdu_char3gram_bm25,46,82320,63.56455612182617,50
post_phase12_module2_M2-A,M2-A,R020,قائداعظم ون ڈے کپ کے دوسرے سیمی فائنل میں کس بینک نے جیت حاصل کی,KI,83578,URDU,urdu_char3gram_bm25,47,26137,63.529170989990234,50
post_phase12_module2_M2-A,M2-A,R020,قائداعظم ون ڈے کپ کے دوسرے سیمی فائنل میں کس بینک نے جیت حاصل کی,KI,83578,URDU,urdu_char3gram_bm25,48,59180,63.41154479980469,50
post_phase12_module2_M2-A,M2-A,R020,قائداعظم ون ڈے کپ کے دوسرے سیمی فائنل میں کس بینک نے جیت حاصل کی,KI,83578,URDU,urdu_char3gram_bm25,49,29531,63.378936767578125,50
post_phase12_module2_M2-A,M2-A,R020,قائداعظم ون ڈے کپ کے دوسرے سیمی فائنل میں کس بینک نے جیت حاصل کی,KI,83578,URDU,urdu_char3gram_bm25,50,89202,63.25104904174805,50
post_phase12_module2_M2-A,M2-A,R021,کے الیکٹرک صارفین کے لیے بجلی یونٹ کتna مہnga hua manzoor,KI,349,MIXED,urdu_char3gram_bm25,1,109301,87.89860534667969,50
post_phase12_module2_M2-A,M2-A,R021,کے الیکٹرک صارفین کے لیے بجلی یونٹ کتna مہnga hua manzoor,KI,349,MIXED,urdu_char3gram_bm25,2,70772,87.67962646484375,50
post_phase12_module2_M2-A,M2-A,R021,کے الیکٹرک صارفین کے لیے بجلی یونٹ کتna مہnga hua manzoor,KI,349,MIXED,urdu_char3gram_bm25,3,70776,87.4934310913086,50
post_phase12_module2_M2-A,M2-A,R021,کے الیکٹرک صارفین کے لیے بجلی یونٹ کتna مہnga hua manzoor,KI,349,MIXED,urdu_char3gram_bm25,4,3163,85.1249008178711,50
post_phase12_module2_M2-A,M2-A,R021,کے الیکٹرک صارفین کے لیے بجلی یونٹ کتna مہnga hua manzoor,KI,349,MIXED,urdu_char3gram_bm25,5,63190,84.97562408447266,50
post_phase12_module2_M2-A,M2-A,R021,کے الیکٹرک صارفین کے لیے بجلی یونٹ کتna مہnga hua manzoor,KI,349,MIXED,urdu_char3gram_bm25,6,70771,84.57933807373047,50
post_phase12_module2_M2-A,M2-A,R021,کے الیکٹرک صارفین کے لیے بجلی یونٹ کتna مہnga hua manzoor,KI,349,MIXED,urdu_char3gram_bm25,7,64141,84.21126556396484,50
post_phase12_module2_M2-A,M2-A,R021,کے الیکٹرک صارفین کے لیے بجلی یونٹ کتna مہnga hua manzoor,KI,349,MIXED,urdu_char3gram_bm25,8,62946,83.83360290527344,50
post_phase12_module2_M2-A,M2-A,R021,کے الیکٹرک صارفین کے لیے بجلی یونٹ کتna مہnga hua manzoor,KI,349,MIXED,urdu_char3gram_bm25,9,70782,83.57585906982422,50
post_phase12_module2_M2-A,M2-A,R021,کے الیکٹرک صارفین کے لیے بجلی یونٹ کتna مہnga hua manzoor,KI,349,MIXED,urdu_char3gram_bm25,10,862,83.49835205078125,50
post_phase12_module2_M2-A,M2-A,R021,کے الیکٹرک صارفین کے لیے بجلی یونٹ کتna مہnga hua manzoor,KI,349,MIXED,urdu_char3gram_bm25,11,74771,83.38880920410156,50
post_phase12_module2_M2-A,M2-A,R021,کے الیکٹرک صارفین کے لیے بجلی یونٹ کتna مہnga hua manzoor,KI,349,MIXED,urdu_char3gram_bm25,12,64246,83.11750030517578,50
post_phase12_module2_M2-A,M2-A,R021,کے الیکٹرک صارفین کے لیے بجلی یونٹ کتna مہnga hua manzoor,KI,349,MIXED,urdu_char3gram_bm25,13,143,82.88104248046875,50
post_phase12_module2_M2-A,M2-A,R021,کے الیکٹرک صارفین کے لیے بجلی یونٹ کتna مہnga hua manzoor,KI,349,MIXED,urdu_char3gram_bm25,14,109783,82.67317199707031,50
post_phase12_module2_M2-A,M2-A,R021,کے الیکٹرک صارفین کے لیے بجلی یونٹ کتna مہnga hua manzoor,KI,349,MIXED,urdu_char3gram_bm25,15,70165,82.36122131347656,50
post_phase12_module2_M2-A,M2-A,R021,کے الیکٹرک صارفین کے لیے بجلی یونٹ کتna مہnga hua manzoor,KI,349,MIXED,urdu_char3gram_bm25,16,71808,82.1900863647461,50
post_phase12_module2_M2-A,M2-A,R021,کے الیکٹرک صارفین کے لیے بجلی یونٹ کتna مہnga hua manzoor,KI,349,MIXED,urdu_char3gram_bm25,17,1481,82.12439727783203,50
post_phase12_module2_M2-A,M2-A,R021,کے الیکٹرک صارفین کے لیے بجلی یونٹ کتna مہnga hua manzoor,KI,349,MIXED,urdu_char3gram_bm25,18,61626,81.47357177734375,50
post_phase12_module2_M2-A,M2-A,R021,کے الیکٹرک صارفین کے لیے بجلی یونٹ کتna مہnga hua manzoor,KI,349,MIXED,urdu_char3gram_bm25,19,110449,81.39551544189453,50
post_phase12_module2_M2-A,M2-A,R021,کے الیکٹرک صارفین کے لیے بجلی یونٹ کتna مہnga hua manzoor,KI,349,MIXED,urdu_char3gram_bm25,20,74241,80.3534927368164,50
post_phase12_module2_M2-A,M2-A,R021,کے الیکٹرک صارفین کے لیے بجلی یونٹ کتna مہnga hua manzoor,KI,349,MIXED,urdu_char3gram_bm25,21,73149,80.32208251953125,50
post_phase12_module2_M2-A,M2-A,R021,کے الیکٹرک صارفین کے لیے بجلی یونٹ کتna مہnga hua manzoor,KI,349,MIXED,urdu_char3gram_bm25,22,70910,80.29209899902344,50
post_phase12_module2_M2-A,M2-A,R021,کے الیکٹرک صارفین کے لیے بجلی یونٹ کتna مہnga hua manzoor,KI,349,MIXED,urdu_char3gram_bm25,23,73380,80.17256164550781,50
post_phase12_module2_M2-A,M2-A,R021,کے الیکٹرک صارفین کے لیے بجلی یونٹ کتna مہnga hua manzoor,KI,349,MIXED,urdu_char3gram_bm25,24,75088,79.71809387207031,50
post_phase12_module2_M2-A,M2-A,R021,کے الیکٹرک صارفین کے لیے بجلی یونٹ کتna مہnga hua manzoor,KI,349,MIXED,urdu_char3gram_bm25,25,70037,79.59107971191406,50
post_phase12_module2_M2-A,M2-A,R021,کے الیکٹرک صارفین کے لیے بجلی یونٹ کتna مہnga hua manzoor,KI,349,MIXED,urdu_char3gram_bm25,26,74493,79.4164047241211,50
post_phase12_module2_M2-A,M2-A,R021,کے الیکٹرک صارفین کے لیے بجلی یونٹ کتna مہnga hua manzoor,KI,349,MIXED,urdu_char3gram_bm25,27,72974,79.30781555175781,50
post_phase12_module2_M2-A,M2-A,R021,کے الیکٹرک صارفین کے لیے بجلی یونٹ کتna مہnga hua manzoor,KI,349,MIXED,urdu_char3gram_bm25,28,73911,79.23135375976562,50
post_phase12_module2_M2-A,M2-A,R021,کے الیکٹرک صارفین کے لیے بجلی یونٹ کتna مہnga hua manzoor,KI,349,MIXED,urdu_char3gram_bm25,29,70880,78.9599609375,50
post_phase12_module2_M2-A,M2-A,R021,کے الیکٹرک صارفین کے لیے بجلی یونٹ کتna مہnga hua manzoor,KI,349,MIXED,urdu_char3gram_bm25,30,1195,78.83464813232422,50
post_phase12_module2_M2-A,M2-A,R021,کے الیکٹرک صارفین کے لیے بجلی یونٹ کتna مہnga hua manzoor,KI,349,MIXED,urdu_char3gram_bm25,31,109613,78.80430603027344,50
post_phase12_module2_M2-A,M2-A,R021,کے الیکٹرک صارفین کے لیے بجلی یونٹ کتna مہnga hua manzoor,KI,349,MIXED,urdu_char3gram_bm25,32,64488,78.5830078125,50
post_phase12_module2_M2-A,M2-A,R021,کے الیکٹرک صارفین کے لیے بجلی یونٹ کتna مہnga hua manzoor,KI,349,MIXED,urdu_char3gram_bm25,33,61670,78.49766540527344,50
post_phase12_module2_M2-A,M2-A,R021,کے الیکٹرک صارفین کے لیے بجلی یونٹ کتna مہnga hua manzoor,KI,349,MIXED,urdu_char3gram_bm25,34,73637,78.49242401123047,50
post_phase12_module2_M2-A,M2-A,R021,کے الیکٹرک صارفین کے لیے بجلی یونٹ کتna مہnga hua manzoor,KI,349,MIXED,urdu_char3gram_bm25,35,70808,78.30921936035156,50
post_phase12_module2_M2-A,M2-A,R021,کے الیکٹرک صارفین کے لیے بجلی یونٹ کتna مہnga hua manzoor,KI,349,MIXED,urdu_char3gram_bm25,36,76167,78.24573516845703,50
post_phase12_module2_M2-A,M2-A,R021,کے الیکٹرک صارفین کے لیے بجلی یونٹ کتna مہnga hua manzoor,KI,349,MIXED,urdu_char3gram_bm25,37,64689,78.18289184570312,50
post_phase12_module2_M2-A,M2-A,R021,کے الیکٹرک صارفین کے لیے بجلی یونٹ کتna مہnga hua manzoor,KI,349,MIXED,urdu_char3gram_bm25,38,2780,77.99473571777344,50
post_phase12_module2_M2-A,M2-A,R021,کے الیکٹرک صارفین کے لیے بجلی یونٹ کتna مہnga hua manzoor,KI,349,MIXED,urdu_char3gram_bm25,39,72289,77.99051666259766,50
post_phase12_module2_M2-A,M2-A,R021,کے الیکٹرک صارفین کے لیے بجلی یونٹ کتna مہnga hua manzoor,KI,349,MIXED,urdu_char3gram_bm25,40,3284,77.9388198852539,50
post_phase12_module2_M2-A,M2-A,R021,کے الیکٹرک صارفین کے لیے بجلی یونٹ کتna مہnga hua manzoor,KI,349,MIXED,urdu_char3gram_bm25,41,270,77.58660888671875,50
post_phase12_module2_M2-A,M2-A,R021,کے الیکٹرک صارفین کے لیے بجلی یونٹ کتna مہnga hua manzoor,KI,349,MIXED,urdu_char3gram_bm25,42,71385,77.57256317138672,50
post_phase12_module2_M2-A,M2-A,R021,کے الیکٹرک صارفین کے لیے بجلی یونٹ کتna مہnga hua manzoor,KI,349,MIXED,urdu_char3gram_bm25,43,71383,77.49568939208984,50
post_phase12_module2_M2-A,M2-A,R021,کے الیکٹرک صارفین کے لیے بجلی یونٹ کتna مہnga hua manzoor,KI,349,MIXED,urdu_char3gram_bm25,44,109689,77.37181091308594,50
post_phase12_module2_M2-A,M2-A,R021,کے الیکٹرک صارفین کے لیے بجلی یونٹ کتna مہnga hua manzoor,KI,349,MIXED,urdu_char3gram_bm25,45,72658,77.1226806640625,50
post_phase12_module2_M2-A,M2-A,R021,کے الیکٹرک صارفین کے لیے بجلی یونٹ کتna مہnga hua manzoor,KI,349,MIXED,urdu_char3gram_bm25,46,71708,77.07901000976562,50
post_phase12_module2_M2-A,M2-A,R021,کے الیکٹرک صارفین کے لیے بجلی یونٹ کتna مہnga hua manzoor,KI,349,MIXED,urdu_char3gram_bm25,47,62365,77.05174255371094,50
post_phase12_module2_M2-A,M2-A,R021,کے الیکٹرک صارفین کے لیے بجلی یونٹ کتna مہnga hua manzoor,KI,349,MIXED,urdu_char3gram_bm25,48,70115,76.80924987792969,50
post_phase12_module2_M2-A,M2-A,R021,کے الیکٹرک صارفین کے لیے بجلی یونٹ کتna مہnga hua manzoor,KI,349,MIXED,urdu_char3gram_bm25,49,60979,76.56195068359375,50
post_phase12_module2_M2-A,M2-A,R021,کے الیکٹرک صارفین کے لیے بجلی یونٹ کتna مہnga hua manzoor,KI,349,MIXED,urdu_char3gram_bm25,50,74441,76.30166625976562,50
post_phase12_module2_M2-A,M2-A,R022,ملک میں سونے ki فی تولہ qeemat mein kitna izafa hua,KI,73145,MIXED,urdu_char3gram_bm25,1,72736,44.16472244262695,50
post_phase12_module2_M2-A,M2-A,R022,ملک میں سونے ki فی تولہ qeemat mein kitna izafa hua,KI,73145,MIXED,urdu_char3gram_bm25,2,74509,43.982933044433594,50
post_phase12_module2_M2-A,M2-A,R022,ملک میں سونے ki فی تولہ qeemat mein kitna izafa hua,KI,73145,MIXED,urdu_char3gram_bm25,3,70436,43.81943130493164,50
post_phase12_module2_M2-A,M2-A,R022,ملک میں سونے ki فی تولہ qeemat mein kitna izafa hua,KI,73145,MIXED,urdu_char3gram_bm25,4,72799,43.80776596069336,50
post_phase12_module2_M2-A,M2-A,R022,ملک میں سونے ki فی تولہ qeemat mein kitna izafa hua,KI,73145,MIXED,urdu_char3gram_bm25,5,70295,43.53617858886719,50
post_phase12_module2_M2-A,M2-A,R022,ملک میں سونے ki فی تولہ qeemat mein kitna izafa hua,KI,73145,MIXED,urdu_char3gram_bm25,6,72732,43.492496490478516,50
post_phase12_module2_M2-A,M2-A,R022,ملک میں سونے ki فی تولہ qeemat mein kitna izafa hua,KI,73145,MIXED,urdu_char3gram_bm25,7,72246,43.43966293334961,50
post_phase12_module2_M2-A,M2-A,R022,ملک میں سونے ki فی تولہ qeemat mein kitna izafa hua,KI,73145,MIXED,urdu_char3gram_bm25,8,76870,43.3892707824707,50
post_phase12_module2_M2-A,M2-A,R022,ملک میں سونے ki فی تولہ qeemat mein kitna izafa hua,KI,73145,MIXED,urdu_char3gram_bm25,9,70167,43.38193130493164,50
post_phase12_module2_M2-A,M2-A,R022,ملک میں سونے ki فی تولہ qeemat mein kitna izafa hua,KI,73145,MIXED,urdu_char3gram_bm25,10,71264,43.3619384765625,50
post_phase12_module2_M2-A,M2-A,R022,ملک میں سونے ki فی تولہ qeemat mein kitna izafa hua,KI,73145,MIXED,urdu_char3gram_bm25,11,65716,43.2694091796875,50
post_phase12_module2_M2-A,M2-A,R022,ملک میں سونے ki فی تولہ qeemat mein kitna izafa hua,KI,73145,MIXED,urdu_char3gram_bm25,12,72275,43.256813049316406,50
post_phase12_module2_M2-A,M2-A,R022,ملک میں سونے ki فی تولہ qeemat mein kitna izafa hua,KI,73145,MIXED,urdu_char3gram_bm25,13,70618,43.21005630493164,50
post_phase12_module2_M2-A,M2-A,R022,ملک میں سونے ki فی تولہ qeemat mein kitna izafa hua,KI,73145,MIXED,urdu_char3gram_bm25,14,72865,43.06535339355469,50
post_phase12_module2_M2-A,M2-A,R022,ملک میں سونے ki فی تولہ qeemat mein kitna izafa hua,KI,73145,MIXED,urdu_char3gram_bm25,15,70067,43.04672622680664,50
post_phase12_module2_M2-A,M2-A,R022,ملک میں سونے ki فی تولہ qeemat mein kitna izafa hua,KI,73145,MIXED,urdu_char3gram_bm25,16,73142,42.996559143066406,50
post_phase12_module2_M2-A,M2-A,R022,ملک میں سونے ki فی تولہ qeemat mein kitna izafa hua,KI,73145,MIXED,urdu_char3gram_bm25,17,73255,42.84571838378906,50
post_phase12_module2_M2-A,M2-A,R022,ملک میں سونے ki فی تولہ qeemat mein kitna izafa hua,KI,73145,MIXED,urdu_char3gram_bm25,18,70279,42.83772659301758,50
post_phase12_module2_M2-A,M2-A,R022,ملک میں سونے ki فی تولہ qeemat mein kitna izafa hua,KI,73145,MIXED,urdu_char3gram_bm25,19,78843,42.779457092285156,50
post_phase12_module2_M2-A,M2-A,R022,ملک میں سونے ki فی تولہ qeemat mein kitna izafa hua,KI,73145,MIXED,urdu_char3gram_bm25,20,70001,42.7287483215332,50
post_phase12_module2_M2-A,M2-A,R022,ملک میں سونے ki فی تولہ qeemat mein kitna izafa hua,KI,73145,MIXED,urdu_char3gram_bm25,21,70760,42.68825149536133,50
post_phase12_module2_M2-A,M2-A,R022,ملک میں سونے ki فی تولہ qeemat mein kitna izafa hua,KI,73145,MIXED,urdu_char3gram_bm25,22,70292,42.662967681884766,50
post_phase12_module2_M2-A,M2-A,R022,ملک میں سونے ki فی تولہ qeemat mein kitna izafa hua,KI,73145,MIXED,urdu_char3gram_bm25,23,72334,42.662437438964844,50
post_phase12_module2_M2-A,M2-A,R022,ملک میں سونے ki فی تولہ qeemat mein kitna izafa hua,KI,73145,MIXED,urdu_char3gram_bm25,24,71468,42.649879455566406,50
post_phase12_module2_M2-A,M2-A,R022,ملک میں سونے ki فی تولہ qeemat mein kitna izafa hua,KI,73145,MIXED,urdu_char3gram_bm25,25,70153,42.59355163574219,50
post_phase12_module2_M2-A,M2-A,R022,ملک میں سونے ki فی تولہ qeemat mein kitna izafa hua,KI,73145,MIXED,urdu_char3gram_bm25,26,70190,42.526187896728516,50
post_phase12_module2_M2-A,M2-A,R022,ملک میں سونے ki فی تولہ qeemat mein kitna izafa hua,KI,73145,MIXED,urdu_char3gram_bm25,27,3367,42.37044143676758,50
post_phase12_module2_M2-A,M2-A,R022,ملک میں سونے ki فی تولہ qeemat mein kitna izafa hua,KI,73145,MIXED,urdu_char3gram_bm25,28,76966,42.367820739746094,50
post_phase12_module2_M2-A,M2-A,R022,ملک میں سونے ki فی تولہ qeemat mein kitna izafa hua,KI,73145,MIXED,urdu_char3gram_bm25,29,70264,42.345237731933594,50
post_phase12_module2_M2-A,M2-A,R022,ملک میں سونے ki فی تولہ qeemat mein kitna izafa hua,KI,73145,MIXED,urdu_char3gram_bm25,30,1216,42.26606369018555,50
post_phase12_module2_M2-A,M2-A,R022,ملک میں سونے ki فی تولہ qeemat mein kitna izafa hua,KI,73145,MIXED,urdu_char3gram_bm25,31,71462,42.23686599731445,50
post_phase12_module2_M2-A,M2-A,R022,ملک میں سونے ki فی تولہ qeemat mein kitna izafa hua,KI,73145,MIXED,urdu_char3gram_bm25,32,70248,42.22384262084961,50
post_phase12_module2_M2-A,M2-A,R022,ملک میں سونے ki فی تولہ qeemat mein kitna izafa hua,KI,73145,MIXED,urdu_char3gram_bm25,33,70290,42.21778869628906,50
post_phase12_module2_M2-A,M2-A,R022,ملک میں سونے ki فی تولہ qeemat mein kitna izafa hua,KI,73145,MIXED,urdu_char3gram_bm25,34,63003,42.21577835083008,50
post_phase12_module2_M2-A,M2-A,R022,ملک میں سونے ki فی تولہ qeemat mein kitna izafa hua,KI,73145,MIXED,urdu_char3gram_bm25,35,70073,42.19091796875,50
post_phase12_module2_M2-A,M2-A,R022,ملک میں سونے ki فی تولہ qeemat mein kitna izafa hua,KI,73145,MIXED,urdu_char3gram_bm25,36,71116,42.1828727722168,50
post_phase12_module2_M2-A,M2-A,R022,ملک میں سونے ki فی تولہ qeemat mein kitna izafa hua,KI,73145,MIXED,urdu_char3gram_bm25,37,70022,42.08943557739258,50
post_phase12_module2_M2-A,M2-A,R022,ملک میں سونے ki فی تولہ qeemat mein kitna izafa hua,KI,73145,MIXED,urdu_char3gram_bm25,38,70359,41.99543762207031,50
post_phase12_module2_M2-A,M2-A,R022,ملک میں سونے ki فی تولہ qeemat mein kitna izafa hua,KI,73145,MIXED,urdu_char3gram_bm25,39,71940,41.982261657714844,50
post_phase12_module2_M2-A,M2-A,R022,ملک میں سونے ki فی تولہ qeemat mein kitna izafa hua,KI,73145,MIXED,urdu_char3gram_bm25,40,70645,41.921077728271484,50
post_phase12_module2_M2-A,M2-A,R022,ملک میں سونے ki فی تولہ qeemat mein kitna izafa hua,KI,73145,MIXED,urdu_char3gram_bm25,41,64473,41.91753387451172,50
post_phase12_module2_M2-A,M2-A,R022,ملک میں سونے ki فی تولہ qeemat mein kitna izafa hua,KI,73145,MIXED,urdu_char3gram_bm25,42,70674,41.902137756347656,50
post_phase12_module2_M2-A,M2-A,R022,ملک میں سونے ki فی تولہ qeemat mein kitna izafa hua,KI,73145,MIXED,urdu_char3gram_bm25,43,109188,41.878421783447266,50
post_phase12_module2_M2-A,M2-A,R022,ملک میں سونے ki فی تولہ qeemat mein kitna izafa hua,KI,73145,MIXED,urdu_char3gram_bm25,44,70313,41.87602996826172,50
post_phase12_module2_M2-A,M2-A,R022,ملک میں سونے ki فی تولہ qeemat mein kitna izafa hua,KI,73145,MIXED,urdu_char3gram_bm25,45,73293,41.86991500854492,50
post_phase12_module2_M2-A,M2-A,R022,ملک میں سونے ki فی تولہ qeemat mein kitna izafa hua,KI,73145,MIXED,urdu_char3gram_bm25,46,40148,41.86402130126953,50
post_phase12_module2_M2-A,M2-A,R022,ملک میں سونے ki فی تولہ qeemat mein kitna izafa hua,KI,73145,MIXED,urdu_char3gram_bm25,47,70132,41.82534408569336,50
post_phase12_module2_M2-A,M2-A,R022,ملک میں سونے ki فی تولہ qeemat mein kitna izafa hua,KI,73145,MIXED,urdu_char3gram_bm25,48,111650,41.825294494628906,50
post_phase12_module2_M2-A,M2-A,R022,ملک میں سونے ki فی تولہ qeemat mein kitna izafa hua,KI,73145,MIXED,urdu_char3gram_bm25,49,109744,41.823936462402344,50
post_phase12_module2_M2-A,M2-A,R022,ملک میں سونے ki فی تولہ qeemat mein kitna izafa hua,KI,73145,MIXED,urdu_char3gram_bm25,50,70134,41.80794143676758,50
post_phase12_module2_M2-A,M2-A,R023,فواد چوہدری ne pehla science fair kab aur kahan karne ka elaan kiya,KI,59622,MIXED,urdu_char3gram_bm25,1,3879,57.248931884765625,50
post_phase12_module2_M2-A,M2-A,R023,فواد چوہدری ne pehla science fair kab aur kahan karne ka elaan kiya,KI,59622,MIXED,urdu_char3gram_bm25,2,3653,56.36647033691406,50
post_phase12_module2_M2-A,M2-A,R023,فواد چوہدری ne pehla science fair kab aur kahan karne ka elaan kiya,KI,59622,MIXED,urdu_char3gram_bm25,3,98947,55.68450164794922,50
post_phase12_module2_M2-A,M2-A,R023,فواد چوہدری ne pehla science fair kab aur kahan karne ka elaan kiya,KI,59622,MIXED,urdu_char3gram_bm25,4,20652,55.063194274902344,50
post_phase12_module2_M2-A,M2-A,R023,فواد چوہدری ne pehla science fair kab aur kahan karne ka elaan kiya,KI,59622,MIXED,urdu_char3gram_bm25,5,19972,54.75064468383789,50
post_phase12_module2_M2-A,M2-A,R023,فواد چوہدری ne pehla science fair kab aur kahan karne ka elaan kiya,KI,59622,MIXED,urdu_char3gram_bm25,6,79785,54.16779327392578,50
post_phase12_module2_M2-A,M2-A,R023,فواد چوہدری ne pehla science fair kab aur kahan karne ka elaan kiya,KI,59622,MIXED,urdu_char3gram_bm25,7,59622,53.87318801879883,50
post_phase12_module2_M2-A,M2-A,R023,فواد چوہدری ne pehla science fair kab aur kahan karne ka elaan kiya,KI,59622,MIXED,urdu_char3gram_bm25,8,20660,53.85956573486328,50
post_phase12_module2_M2-A,M2-A,R023,فواد چوہدری ne pehla science fair kab aur kahan karne ka elaan kiya,KI,59622,MIXED,urdu_char3gram_bm25,9,98761,53.021183013916016,50
post_phase12_module2_M2-A,M2-A,R023,فواد چوہدری ne pehla science fair kab aur kahan karne ka elaan kiya,KI,59622,MIXED,urdu_char3gram_bm25,10,5313,52.97786331176758,50
post_phase12_module2_M2-A,M2-A,R023,فواد چوہدری ne pehla science fair kab aur kahan karne ka elaan kiya,KI,59622,MIXED,urdu_char3gram_bm25,11,20665,52.76772689819336,50
post_phase12_module2_M2-A,M2-A,R023,فواد چوہدری ne pehla science fair kab aur kahan karne ka elaan kiya,KI,59622,MIXED,urdu_char3gram_bm25,12,83212,52.07106399536133,50
post_phase12_module2_M2-A,M2-A,R023,فواد چوہدری ne pehla science fair kab aur kahan karne ka elaan kiya,KI,59622,MIXED,urdu_char3gram_bm25,13,3891,51.936668395996094,50
post_phase12_module2_M2-A,M2-A,R023,فواد چوہدری ne pehla science fair kab aur kahan karne ka elaan kiya,KI,59622,MIXED,urdu_char3gram_bm25,14,79373,51.88309097290039,50
post_phase12_module2_M2-A,M2-A,R023,فواد چوہدری ne pehla science fair kab aur kahan karne ka elaan kiya,KI,59622,MIXED,urdu_char3gram_bm25,15,69414,51.85673904418945,50
post_phase12_module2_M2-A,M2-A,R023,فواد چوہدری ne pehla science fair kab aur kahan karne ka elaan kiya,KI,59622,MIXED,urdu_char3gram_bm25,16,20605,51.291404724121094,50
post_phase12_module2_M2-A,M2-A,R023,فواد چوہدری ne pehla science fair kab aur kahan karne ka elaan kiya,KI,59622,MIXED,urdu_char3gram_bm25,17,67326,51.064857482910156,50
post_phase12_module2_M2-A,M2-A,R023,فواد چوہدری ne pehla science fair kab aur kahan karne ka elaan kiya,KI,59622,MIXED,urdu_char3gram_bm25,18,26898,50.67884063720703,50
post_phase12_module2_M2-A,M2-A,R023,فواد چوہدری ne pehla science fair kab aur kahan karne ka elaan kiya,KI,59622,MIXED,urdu_char3gram_bm25,19,98604,49.958160400390625,50
post_phase12_module2_M2-A,M2-A,R023,فواد چوہدری ne pehla science fair kab aur kahan karne ka elaan kiya,KI,59622,MIXED,urdu_char3gram_bm25,20,83905,49.84363555908203,50
post_phase12_module2_M2-A,M2-A,R023,فواد چوہدری ne pehla science fair kab aur kahan karne ka elaan kiya,KI,59622,MIXED,urdu_char3gram_bm25,21,26419,49.762325286865234,50
post_phase12_module2_M2-A,M2-A,R023,فواد چوہدری ne pehla science fair kab aur kahan karne ka elaan kiya,KI,59622,MIXED,urdu_char3gram_bm25,22,59247,49.46870803833008,50
post_phase12_module2_M2-A,M2-A,R023,فواد چوہدری ne pehla science fair kab aur kahan karne ka elaan kiya,KI,59622,MIXED,urdu_char3gram_bm25,23,4744,49.357975006103516,50
post_phase12_module2_M2-A,M2-A,R023,فواد چوہدری ne pehla science fair kab aur kahan karne ka elaan kiya,KI,59622,MIXED,urdu_char3gram_bm25,24,70216,49.199092864990234,50
post_phase12_module2_M2-A,M2-A,R023,فواد چوہدری ne pehla science fair kab aur kahan karne ka elaan kiya,KI,59622,MIXED,urdu_char3gram_bm25,25,59422,48.884796142578125,50
post_phase12_module2_M2-A,M2-A,R023,فواد چوہدری ne pehla science fair kab aur kahan karne ka elaan kiya,KI,59622,MIXED,urdu_char3gram_bm25,26,3710,48.51078796386719,50
post_phase12_module2_M2-A,M2-A,R023,فواد چوہدری ne pehla science fair kab aur kahan karne ka elaan kiya,KI,59622,MIXED,urdu_char3gram_bm25,27,82283,48.507808685302734,50
post_phase12_module2_M2-A,M2-A,R023,فواد چوہدری ne pehla science fair kab aur kahan karne ka elaan kiya,KI,59622,MIXED,urdu_char3gram_bm25,28,20573,48.449039459228516,50
post_phase12_module2_M2-A,M2-A,R023,فواد چوہدری ne pehla science fair kab aur kahan karne ka elaan kiya,KI,59622,MIXED,urdu_char3gram_bm25,29,79293,48.17644500732422,50
post_phase12_module2_M2-A,M2-A,R023,فواد چوہدری ne pehla science fair kab aur kahan karne ka elaan kiya,KI,59622,MIXED,urdu_char3gram_bm25,30,20587,47.87224197387695,50
post_phase12_module2_M2-A,M2-A,R023,فواد چوہدری ne pehla science fair kab aur kahan karne ka elaan kiya,KI,59622,MIXED,urdu_char3gram_bm25,31,83042,47.72272491455078,50
post_phase12_module2_M2-A,M2-A,R023,فواد چوہدری ne pehla science fair kab aur kahan karne ka elaan kiya,KI,59622,MIXED,urdu_char3gram_bm25,32,4770,47.59296417236328,50
post_phase12_module2_M2-A,M2-A,R023,فواد چوہدری ne pehla science fair kab aur kahan karne ka elaan kiya,KI,59622,MIXED,urdu_char3gram_bm25,33,65602,47.46567153930664,50
post_phase12_module2_M2-A,M2-A,R023,فواد چوہدری ne pehla science fair kab aur kahan karne ka elaan kiya,KI,59622,MIXED,urdu_char3gram_bm25,34,66819,47.05061340332031,50
post_phase12_module2_M2-A,M2-A,R023,فواد چوہدری ne pehla science fair kab aur kahan karne ka elaan kiya,KI,59622,MIXED,urdu_char3gram_bm25,35,97468,46.75906753540039,50
post_phase12_module2_M2-A,M2-A,R023,فواد چوہدری ne pehla science fair kab aur kahan karne ka elaan kiya,KI,59622,MIXED,urdu_char3gram_bm25,36,111010,46.256744384765625,50
post_phase12_module2_M2-A,M2-A,R023,فواد چوہدری ne pehla science fair kab aur kahan karne ka elaan kiya,KI,59622,MIXED,urdu_char3gram_bm25,37,98051,46.03843307495117,50
post_phase12_module2_M2-A,M2-A,R023,فواد چوہدری ne pehla science fair kab aur kahan karne ka elaan kiya,KI,59622,MIXED,urdu_char3gram_bm25,38,19273,45.99844741821289,50
post_phase12_module2_M2-A,M2-A,R023,فواد چوہدری ne pehla science fair kab aur kahan karne ka elaan kiya,KI,59622,MIXED,urdu_char3gram_bm25,39,79533,45.91800308227539,50
post_phase12_module2_M2-A,M2-A,R023,فواد چوہدری ne pehla science fair kab aur kahan karne ka elaan kiya,KI,59622,MIXED,urdu_char3gram_bm25,40,4734,45.4594612121582,50
post_phase12_module2_M2-A,M2-A,R023,فواد چوہدری ne pehla science fair kab aur kahan karne ka elaan kiya,KI,59622,MIXED,urdu_char3gram_bm25,41,82794,44.972076416015625,50
post_phase12_module2_M2-A,M2-A,R023,فواد چوہدری ne pehla science fair kab aur kahan karne ka elaan kiya,KI,59622,MIXED,urdu_char3gram_bm25,42,82286,44.656700134277344,50
post_phase12_module2_M2-A,M2-A,R023,فواد چوہدری ne pehla science fair kab aur kahan karne ka elaan kiya,KI,59622,MIXED,urdu_char3gram_bm25,43,20463,44.32355880737305,50
post_phase12_module2_M2-A,M2-A,R023,فواد چوہدری ne pehla science fair kab aur kahan karne ka elaan kiya,KI,59622,MIXED,urdu_char3gram_bm25,44,67181,44.24346160888672,50
post_phase12_module2_M2-A,M2-A,R023,فواد چوہدری ne pehla science fair kab aur kahan karne ka elaan kiya,KI,59622,MIXED,urdu_char3gram_bm25,45,98447,43.64698791503906,50
post_phase12_module2_M2-A,M2-A,R023,فواد چوہدری ne pehla science fair kab aur kahan karne ka elaan kiya,KI,59622,MIXED,urdu_char3gram_bm25,46,26596,43.50298309326172,50
post_phase12_module2_M2-A,M2-A,R023,فواد چوہدری ne pehla science fair kab aur kahan karne ka elaan kiya,KI,59622,MIXED,urdu_char3gram_bm25,47,4630,42.52165603637695,50
post_phase12_module2_M2-A,M2-A,R023,فواد چوہدری ne pehla science fair kab aur kahan karne ka elaan kiya,KI,59622,MIXED,urdu_char3gram_bm25,48,5747,42.49590301513672,50
post_phase12_module2_M2-A,M2-A,R023,فواد چوہدری ne pehla science fair kab aur kahan karne ka elaan kiya,KI,59622,MIXED,urdu_char3gram_bm25,49,6911,42.48411560058594,50
post_phase12_module2_M2-A,M2-A,R023,فواد چوہدری ne pehla science fair kab aur kahan karne ka elaan kiya,KI,59622,MIXED,urdu_char3gram_bm25,50,82960,42.18586730957031,50
post_phase12_module2_M2-A,M2-A,R024,گوگل کی خودکار udan taxi ne New Zealand mein pehli test parwaz kab ki,KI,80278,MIXED,urdu_char3gram_bm25,1,22819,53.897300720214844,50
post_phase12_module2_M2-A,M2-A,R024,گوگل کی خودکار udan taxi ne New Zealand mein pehli test parwaz kab ki,KI,80278,MIXED,urdu_char3gram_bm25,2,79536,51.510841369628906,50
post_phase12_module2_M2-A,M2-A,R024,گوگل کی خودکار udan taxi ne New Zealand mein pehli test parwaz kab ki,KI,80278,MIXED,urdu_char3gram_bm25,3,20653,48.31494140625,50
post_phase12_module2_M2-A,M2-A,R024,گوگل کی خودکار udan taxi ne New Zealand mein pehli test parwaz kab ki,KI,80278,MIXED,urdu_char3gram_bm25,4,80131,48.24531555175781,50
post_phase12_module2_M2-A,M2-A,R024,گوگل کی خودکار udan taxi ne New Zealand mein pehli test parwaz kab ki,KI,80278,MIXED,urdu_char3gram_bm25,5,14929,48.160526275634766,50
post_phase12_module2_M2-A,M2-A,R024,گوگل کی خودکار udan taxi ne New Zealand mein pehli test parwaz kab ki,KI,80278,MIXED,urdu_char3gram_bm25,6,24139,46.57274627685547,50
post_phase12_module2_M2-A,M2-A,R024,گوگل کی خودکار udan taxi ne New Zealand mein pehli test parwaz kab ki,KI,80278,MIXED,urdu_char3gram_bm25,7,19896,46.57025146484375,50
post_phase12_module2_M2-A,M2-A,R024,گوگل کی خودکار udan taxi ne New Zealand mein pehli test parwaz kab ki,KI,80278,MIXED,urdu_char3gram_bm25,8,20410,45.20745849609375,50
post_phase12_module2_M2-A,M2-A,R024,گوگل کی خودکار udan taxi ne New Zealand mein pehli test parwaz kab ki,KI,80278,MIXED,urdu_char3gram_bm25,9,20627,45.13109588623047,50
post_phase12_module2_M2-A,M2-A,R024,گوگل کی خودکار udan taxi ne New Zealand mein pehli test parwaz kab ki,KI,80278,MIXED,urdu_char3gram_bm25,10,21243,44.731300354003906,50
post_phase12_module2_M2-A,M2-A,R024,گوگل کی خودکار udan taxi ne New Zealand mein pehli test parwaz kab ki,KI,80278,MIXED,urdu_char3gram_bm25,11,60366,44.532657623291016,50
post_phase12_module2_M2-A,M2-A,R024,گوگل کی خودکار udan taxi ne New Zealand mein pehli test parwaz kab ki,KI,80278,MIXED,urdu_char3gram_bm25,12,21300,44.529762268066406,50
post_phase12_module2_M2-A,M2-A,R024,گوگل کی خودکار udan taxi ne New Zealand mein pehli test parwaz kab ki,KI,80278,MIXED,urdu_char3gram_bm25,13,19694,44.441917419433594,50
post_phase12_module2_M2-A,M2-A,R024,گوگل کی خودکار udan taxi ne New Zealand mein pehli test parwaz kab ki,KI,80278,MIXED,urdu_char3gram_bm25,14,23361,43.96067810058594,50
post_phase12_module2_M2-A,M2-A,R024,گوگل کی خودکار udan taxi ne New Zealand mein pehli test parwaz kab ki,KI,80278,MIXED,urdu_char3gram_bm25,15,22791,43.952880859375,50
post_phase12_module2_M2-A,M2-A,R024,گوگل کی خودکار udan taxi ne New Zealand mein pehli test parwaz kab ki,KI,80278,MIXED,urdu_char3gram_bm25,16,19233,42.912879943847656,50
post_phase12_module2_M2-A,M2-A,R024,گوگل کی خودکار udan taxi ne New Zealand mein pehli test parwaz kab ki,KI,80278,MIXED,urdu_char3gram_bm25,17,59250,42.64137268066406,50
post_phase12_module2_M2-A,M2-A,R024,گوگل کی خودکار udan taxi ne New Zealand mein pehli test parwaz kab ki,KI,80278,MIXED,urdu_char3gram_bm25,18,22832,42.377357482910156,50
post_phase12_module2_M2-A,M2-A,R024,گوگل کی خودکار udan taxi ne New Zealand mein pehli test parwaz kab ki,KI,80278,MIXED,urdu_char3gram_bm25,19,22416,41.70637130737305,50
post_phase12_module2_M2-A,M2-A,R024,گوگل کی خودکار udan taxi ne New Zealand mein pehli test parwaz kab ki,KI,80278,MIXED,urdu_char3gram_bm25,20,22636,41.68243408203125,50
post_phase12_module2_M2-A,M2-A,R024,گوگل کی خودکار udan taxi ne New Zealand mein pehli test parwaz kab ki,KI,80278,MIXED,urdu_char3gram_bm25,21,19306,41.449886322021484,50
post_phase12_module2_M2-A,M2-A,R024,گوگل کی خودکار udan taxi ne New Zealand mein pehli test parwaz kab ki,KI,80278,MIXED,urdu_char3gram_bm25,22,80164,41.37959289550781,50
post_phase12_module2_M2-A,M2-A,R024,گوگل کی خودکار udan taxi ne New Zealand mein pehli test parwaz kab ki,KI,80278,MIXED,urdu_char3gram_bm25,23,21235,41.37266540527344,50
post_phase12_module2_M2-A,M2-A,R024,گوگل کی خودکار udan taxi ne New Zealand mein pehli test parwaz kab ki,KI,80278,MIXED,urdu_char3gram_bm25,24,20024,41.20231628417969,50
post_phase12_module2_M2-A,M2-A,R024,گوگل کی خودکار udan taxi ne New Zealand mein pehli test parwaz kab ki,KI,80278,MIXED,urdu_char3gram_bm25,25,23311,41.201988220214844,50
post_phase12_module2_M2-A,M2-A,R024,گوگل کی خودکار udan taxi ne New Zealand mein pehli test parwaz kab ki,KI,80278,MIXED,urdu_char3gram_bm25,26,19266,40.879520416259766,50
post_phase12_module2_M2-A,M2-A,R024,گوگل کی خودکار udan taxi ne New Zealand mein pehli test parwaz kab ki,KI,80278,MIXED,urdu_char3gram_bm25,27,15627,40.82233810424805,50
post_phase12_module2_M2-A,M2-A,R024,گوگل کی خودکار udan taxi ne New Zealand mein pehli test parwaz kab ki,KI,80278,MIXED,urdu_char3gram_bm25,28,79499,40.697959899902344,50
post_phase12_module2_M2-A,M2-A,R024,گوگل کی خودکار udan taxi ne New Zealand mein pehli test parwaz kab ki,KI,80278,MIXED,urdu_char3gram_bm25,29,23775,40.363834381103516,50
post_phase12_module2_M2-A,M2-A,R024,گوگل کی خودکار udan taxi ne New Zealand mein pehli test parwaz kab ki,KI,80278,MIXED,urdu_char3gram_bm25,30,20722,40.33460998535156,50
post_phase12_module2_M2-A,M2-A,R024,گوگل کی خودکار udan taxi ne New Zealand mein pehli test parwaz kab ki,KI,80278,MIXED,urdu_char3gram_bm25,31,22362,40.32949447631836,50
post_phase12_module2_M2-A,M2-A,R024,گوگل کی خودکار udan taxi ne New Zealand mein pehli test parwaz kab ki,KI,80278,MIXED,urdu_char3gram_bm25,32,20457,40.326507568359375,50
post_phase12_module2_M2-A,M2-A,R024,گوگل کی خودکار udan taxi ne New Zealand mein pehli test parwaz kab ki,KI,80278,MIXED,urdu_char3gram_bm25,33,80224,40.312381744384766,50
post_phase12_module2_M2-A,M2-A,R024,گوگل کی خودکار udan taxi ne New Zealand mein pehli test parwaz kab ki,KI,80278,MIXED,urdu_char3gram_bm25,34,20325,40.20956039428711,50
post_phase12_module2_M2-A,M2-A,R024,گوگل کی خودکار udan taxi ne New Zealand mein pehli test parwaz kab ki,KI,80278,MIXED,urdu_char3gram_bm25,35,20293,40.196937561035156,50
post_phase12_module2_M2-A,M2-A,R024,گوگل کی خودکار udan taxi ne New Zealand mein pehli test parwaz kab ki,KI,80278,MIXED,urdu_char3gram_bm25,36,21674,40.03936767578125,50
post_phase12_module2_M2-A,M2-A,R024,گوگل کی خودکار udan taxi ne New Zealand mein pehli test parwaz kab ki,KI,80278,MIXED,urdu_char3gram_bm25,37,19564,40.03929138183594,50
post_phase12_module2_M2-A,M2-A,R024,گوگل کی خودکار udan taxi ne New Zealand mein pehli test parwaz kab ki,KI,80278,MIXED,urdu_char3gram_bm25,38,20824,39.846702575683594,50
post_phase12_module2_M2-A,M2-A,R024,گوگل کی خودکار udan taxi ne New Zealand mein pehli test parwaz kab ki,KI,80278,MIXED,urdu_char3gram_bm25,39,14860,39.82081985473633,50
post_phase12_module2_M2-A,M2-A,R024,گوگل کی خودکار udan taxi ne New Zealand mein pehli test parwaz kab ki,KI,80278,MIXED,urdu_char3gram_bm25,40,21306,39.80207061767578,50
post_phase12_module2_M2-A,M2-A,R024,گوگل کی خودکار udan taxi ne New Zealand mein pehli test parwaz kab ki,KI,80278,MIXED,urdu_char3gram_bm25,41,23164,39.57765197753906,50
post_phase12_module2_M2-A,M2-A,R024,گوگل کی خودکار udan taxi ne New Zealand mein pehli test parwaz kab ki,KI,80278,MIXED,urdu_char3gram_bm25,42,22438,39.3575325012207,50
post_phase12_module2_M2-A,M2-A,R024,گوگل کی خودکار udan taxi ne New Zealand mein pehli test parwaz kab ki,KI,80278,MIXED,urdu_char3gram_bm25,43,24653,39.150611877441406,50
post_phase12_module2_M2-A,M2-A,R024,گوگل کی خودکار udan taxi ne New Zealand mein pehli test parwaz kab ki,KI,80278,MIXED,urdu_char3gram_bm25,44,23726,38.89059829711914,50
post_phase12_module2_M2-A,M2-A,R024,گوگل کی خودکار udan taxi ne New Zealand mein pehli test parwaz kab ki,KI,80278,MIXED,urdu_char3gram_bm25,45,19787,38.86097717285156,50
post_phase12_module2_M2-A,M2-A,R024,گوگل کی خودکار udan taxi ne New Zealand mein pehli test parwaz kab ki,KI,80278,MIXED,urdu_char3gram_bm25,46,20214,38.793216705322266,50
post_phase12_module2_M2-A,M2-A,R024,گوگل کی خودکار udan taxi ne New Zealand mein pehli test parwaz kab ki,KI,80278,MIXED,urdu_char3gram_bm25,47,79890,38.72388458251953,50
post_phase12_module2_M2-A,M2-A,R024,گوگل کی خودکار udan taxi ne New Zealand mein pehli test parwaz kab ki,KI,80278,MIXED,urdu_char3gram_bm25,48,14902,38.69329071044922,50
post_phase12_module2_M2-A,M2-A,R024,گوگل کی خودکار udan taxi ne New Zealand mein pehli test parwaz kab ki,KI,80278,MIXED,urdu_char3gram_bm25,49,22255,38.68425750732422,50
post_phase12_module2_M2-A,M2-A,R024,گوگل کی خودکار udan taxi ne New Zealand mein pehli test parwaz kab ki,KI,80278,MIXED,urdu_char3gram_bm25,50,21668,38.001991271972656,50
post_phase12_module2_M2-A,M2-A,R025,تیسرے ون ڈے میں ویسٹ انڈیز ne Pakistan ko jeet ke liye kitna target diya,KI,86209,MIXED,urdu_char3gram_bm25,1,57041,57.8830451965332,50
post_phase12_module2_M2-A,M2-A,R025,تیسرے ون ڈے میں ویسٹ انڈیز ne Pakistan ko jeet ke liye kitna target diya,KI,86209,MIXED,urdu_char3gram_bm25,2,45011,57.68967056274414,50
post_phase12_module2_M2-A,M2-A,R025,تیسرے ون ڈے میں ویسٹ انڈیز ne Pakistan ko jeet ke liye kitna target diya,KI,86209,MIXED,urdu_char3gram_bm25,3,94136,56.75016403198242,50
post_phase12_module2_M2-A,M2-A,R025,تیسرے ون ڈے میں ویسٹ انڈیز ne Pakistan ko jeet ke liye kitna target diya,KI,86209,MIXED,urdu_char3gram_bm25,4,86447,55.21707534790039,50
post_phase12_module2_M2-A,M2-A,R025,تیسرے ون ڈے میں ویسٹ انڈیز ne Pakistan ko jeet ke liye kitna target diya,KI,86209,MIXED,urdu_char3gram_bm25,5,57036,54.97773742675781,50
post_phase12_module2_M2-A,M2-A,R025,تیسرے ون ڈے میں ویسٹ انڈیز ne Pakistan ko jeet ke liye kitna target diya,KI,86209,MIXED,urdu_char3gram_bm25,6,87664,54.894439697265625,50
post_phase12_module2_M2-A,M2-A,R025,تیسرے ون ڈے میں ویسٹ انڈیز ne Pakistan ko jeet ke liye kitna target diya,KI,86209,MIXED,urdu_char3gram_bm25,7,91396,54.88448715209961,50
post_phase12_module2_M2-A,M2-A,R025,تیسرے ون ڈے میں ویسٹ انڈیز ne Pakistan ko jeet ke liye kitna target diya,KI,86209,MIXED,urdu_char3gram_bm25,8,86214,54.06840515136719,50
post_phase12_module2_M2-A,M2-A,R025,تیسرے ون ڈے میں ویسٹ انڈیز ne Pakistan ko jeet ke liye kitna target diya,KI,86209,MIXED,urdu_char3gram_bm25,9,87942,54.03395080566406,50
post_phase12_module2_M2-A,M2-A,R025,تیسرے ون ڈے میں ویسٹ انڈیز ne Pakistan ko jeet ke liye kitna target diya,KI,86209,MIXED,urdu_char3gram_bm25,10,86954,53.893089294433594,50
post_phase12_module2_M2-A,M2-A,R025,تیسرے ون ڈے میں ویسٹ انڈیز ne Pakistan ko jeet ke liye kitna target diya,KI,86209,MIXED,urdu_char3gram_bm25,11,94993,53.772972106933594,50
post_phase12_module2_M2-A,M2-A,R025,تیسرے ون ڈے میں ویسٹ انڈیز ne Pakistan ko jeet ke liye kitna target diya,KI,86209,MIXED,urdu_char3gram_bm25,12,94984,53.7702522277832,50
post_phase12_module2_M2-A,M2-A,R025,تیسرے ون ڈے میں ویسٹ انڈیز ne Pakistan ko jeet ke liye kitna target diya,KI,86209,MIXED,urdu_char3gram_bm25,13,44675,53.69056701660156,50
post_phase12_module2_M2-A,M2-A,R025,تیسرے ون ڈے میں ویسٹ انڈیز ne Pakistan ko jeet ke liye kitna target diya,KI,86209,MIXED,urdu_char3gram_bm25,14,56331,53.38473892211914,50
post_phase12_module2_M2-A,M2-A,R025,تیسرے ون ڈے میں ویسٹ انڈیز ne Pakistan ko jeet ke liye kitna target diya,KI,86209,MIXED,urdu_char3gram_bm25,15,92074,53.371952056884766,50
post_phase12_module2_M2-A,M2-A,R025,تیسرے ون ڈے میں ویسٹ انڈیز ne Pakistan ko jeet ke liye kitna target diya,KI,86209,MIXED,urdu_char3gram_bm25,16,86204,53.228084564208984,50
post_phase12_module2_M2-A,M2-A,R025,تیسرے ون ڈے میں ویسٹ انڈیز ne Pakistan ko jeet ke liye kitna target diya,KI,86209,MIXED,urdu_char3gram_bm25,17,94184,53.16750717163086,50
post_phase12_module2_M2-A,M2-A,R025,تیسرے ون ڈے میں ویسٹ انڈیز ne Pakistan ko jeet ke liye kitna target diya,KI,86209,MIXED,urdu_char3gram_bm25,18,58487,53.07047653198242,50
post_phase12_module2_M2-A,M2-A,R025,تیسرے ون ڈے میں ویسٹ انڈیز ne Pakistan ko jeet ke liye kitna target diya,KI,86209,MIXED,urdu_char3gram_bm25,19,87640,52.928794860839844,50
post_phase12_module2_M2-A,M2-A,R025,تیسرے ون ڈے میں ویسٹ انڈیز ne Pakistan ko jeet ke liye kitna target diya,KI,86209,MIXED,urdu_char3gram_bm25,20,86514,52.925655364990234,50
post_phase12_module2_M2-A,M2-A,R025,تیسرے ون ڈے میں ویسٹ انڈیز ne Pakistan ko jeet ke liye kitna target diya,KI,86209,MIXED,urdu_char3gram_bm25,21,28613,52.83881759643555,50
post_phase12_module2_M2-A,M2-A,R025,تیسرے ون ڈے میں ویسٹ انڈیز ne Pakistan ko jeet ke liye kitna target diya,KI,86209,MIXED,urdu_char3gram_bm25,22,95441,52.31548309326172,50
post_phase12_module2_M2-A,M2-A,R025,تیسرے ون ڈے میں ویسٹ انڈیز ne Pakistan ko jeet ke liye kitna target diya,KI,86209,MIXED,urdu_char3gram_bm25,23,86443,52.24666976928711,50
post_phase12_module2_M2-A,M2-A,R025,تیسرے ون ڈے میں ویسٹ انڈیز ne Pakistan ko jeet ke liye kitna target diya,KI,86209,MIXED,urdu_char3gram_bm25,24,93276,52.01142501831055,50
post_phase12_module2_M2-A,M2-A,R025,تیسرے ون ڈے میں ویسٹ انڈیز ne Pakistan ko jeet ke liye kitna target diya,KI,86209,MIXED,urdu_char3gram_bm25,25,56327,51.832427978515625,50
post_phase12_module2_M2-A,M2-A,R025,تیسرے ون ڈے میں ویسٹ انڈیز ne Pakistan ko jeet ke liye kitna target diya,KI,86209,MIXED,urdu_char3gram_bm25,26,57607,51.57475662231445,50
post_phase12_module2_M2-A,M2-A,R025,تیسرے ون ڈے میں ویسٹ انڈیز ne Pakistan ko jeet ke liye kitna target diya,KI,86209,MIXED,urdu_char3gram_bm25,27,56329,51.55758285522461,50
post_phase12_module2_M2-A,M2-A,R025,تیسرے ون ڈے میں ویسٹ انڈیز ne Pakistan ko jeet ke liye kitna target diya,KI,86209,MIXED,urdu_char3gram_bm25,28,53816,51.52986145019531,50
post_phase12_module2_M2-A,M2-A,R025,تیسرے ون ڈے میں ویسٹ انڈیز ne Pakistan ko jeet ke liye kitna target diya,KI,86209,MIXED,urdu_char3gram_bm25,29,86205,51.46511459350586,50
post_phase12_module2_M2-A,M2-A,R025,تیسرے ون ڈے میں ویسٹ انڈیز ne Pakistan ko jeet ke liye kitna target diya,KI,86209,MIXED,urdu_char3gram_bm25,30,56711,51.4350471496582,50
post_phase12_module2_M2-A,M2-A,R025,تیسرے ون ڈے میں ویسٹ انڈیز ne Pakistan ko jeet ke liye kitna target diya,KI,86209,MIXED,urdu_char3gram_bm25,31,95440,51.2912712097168,50
post_phase12_module2_M2-A,M2-A,R025,تیسرے ون ڈے میں ویسٹ انڈیز ne Pakistan ko jeet ke liye kitna target diya,KI,86209,MIXED,urdu_char3gram_bm25,32,53901,51.243587493896484,50
post_phase12_module2_M2-A,M2-A,R025,تیسرے ون ڈے میں ویسٹ انڈیز ne Pakistan ko jeet ke liye kitna target diya,KI,86209,MIXED,urdu_char3gram_bm25,33,31258,51.18001174926758,50
post_phase12_module2_M2-A,M2-A,R025,تیسرے ون ڈے میں ویسٹ انڈیز ne Pakistan ko jeet ke liye kitna target diya,KI,86209,MIXED,urdu_char3gram_bm25,34,53906,51.1534309387207,50
post_phase12_module2_M2-A,M2-A,R025,تیسرے ون ڈے میں ویسٹ انڈیز ne Pakistan ko jeet ke liye kitna target diya,KI,86209,MIXED,urdu_char3gram_bm25,35,92080,51.02009201049805,50
post_phase12_module2_M2-A,M2-A,R025,تیسرے ون ڈے میں ویسٹ انڈیز ne Pakistan ko jeet ke liye kitna target diya,KI,86209,MIXED,urdu_char3gram_bm25,36,56332,50.95657730102539,50
post_phase12_module2_M2-A,M2-A,R025,تیسرے ون ڈے میں ویسٹ انڈیز ne Pakistan ko jeet ke liye kitna target diya,KI,86209,MIXED,urdu_char3gram_bm25,37,58411,50.7413444519043,50
post_phase12_module2_M2-A,M2-A,R025,تیسرے ون ڈے میں ویسٹ انڈیز ne Pakistan ko jeet ke liye kitna target diya,KI,86209,MIXED,urdu_char3gram_bm25,38,28671,50.725467681884766,50
post_phase12_module2_M2-A,M2-A,R025,تیسرے ون ڈے میں ویسٹ انڈیز ne Pakistan ko jeet ke liye kitna target diya,KI,86209,MIXED,urdu_char3gram_bm25,39,53887,50.662445068359375,50
post_phase12_module2_M2-A,M2-A,R025,تیسرے ون ڈے میں ویسٹ انڈیز ne Pakistan ko jeet ke liye kitna target diya,KI,86209,MIXED,urdu_char3gram_bm25,40,45597,50.61140823364258,50
post_phase12_module2_M2-A,M2-A,R025,تیسرے ون ڈے میں ویسٹ انڈیز ne Pakistan ko jeet ke liye kitna target diya,KI,86209,MIXED,urdu_char3gram_bm25,41,42791,50.57857131958008,50
post_phase12_module2_M2-A,M2-A,R025,تیسرے ون ڈے میں ویسٹ انڈیز ne Pakistan ko jeet ke liye kitna target diya,KI,86209,MIXED,urdu_char3gram_bm25,42,86210,50.52928924560547,50
post_phase12_module2_M2-A,M2-A,R025,تیسرے ون ڈے میں ویسٹ انڈیز ne Pakistan ko jeet ke liye kitna target diya,KI,86209,MIXED,urdu_char3gram_bm25,43,45596,50.209083557128906,50
post_phase12_module2_M2-A,M2-A,R025,تیسرے ون ڈے میں ویسٹ انڈیز ne Pakistan ko jeet ke liye kitna target diya,KI,86209,MIXED,urdu_char3gram_bm25,44,56334,50.15804672241211,50
post_phase12_module2_M2-A,M2-A,R025,تیسرے ون ڈے میں ویسٹ انڈیز ne Pakistan ko jeet ke liye kitna target diya,KI,86209,MIXED,urdu_char3gram_bm25,45,57029,50.06166076660156,50
post_phase12_module2_M2-A,M2-A,R025,تیسرے ون ڈے میں ویسٹ انڈیز ne Pakistan ko jeet ke liye kitna target diya,KI,86209,MIXED,urdu_char3gram_bm25,46,86202,50.00539779663086,50
post_phase12_module2_M2-A,M2-A,R025,تیسرے ون ڈے میں ویسٹ انڈیز ne Pakistan ko jeet ke liye kitna target diya,KI,86209,MIXED,urdu_char3gram_bm25,47,52513,49.87760543823242,50
post_phase12_module2_M2-A,M2-A,R025,تیسرے ون ڈے میں ویسٹ انڈیز ne Pakistan ko jeet ke liye kitna target diya,KI,86209,MIXED,urdu_char3gram_bm25,48,44685,49.80088806152344,50
post_phase12_module2_M2-A,M2-A,R025,تیسرے ون ڈے میں ویسٹ انڈیز ne Pakistan ko jeet ke liye kitna target diya,KI,86209,MIXED,urdu_char3gram_bm25,49,59046,49.74735641479492,50
post_phase12_module2_M2-A,M2-A,R025,تیسرے ون ڈے میں ویسٹ انڈیز ne Pakistan ko jeet ke liye kitna target diya,KI,86209,MIXED,urdu_char3gram_bm25,50,36097,49.73863220214844,50
post_phase12_module2_M2-A,M2-A,R026,اقصی علی ne Meesha Shafi aur Ali Zafar jhagra par kya inkshaaf kiya,KI,67741,MIXED,urdu_char3gram_bm25,1,67741,38.49567794799805,50
post_phase12_module2_M2-A,M2-A,R026,اقصی علی ne Meesha Shafi aur Ali Zafar jhagra par kya inkshaaf kiya,KI,67741,MIXED,urdu_char3gram_bm25,2,98573,33.9793701171875,50
post_phase12_module2_M2-A,M2-A,R026,اقصی علی ne Meesha Shafi aur Ali Zafar jhagra par kya inkshaaf kiya,KI,67741,MIXED,urdu_char3gram_bm25,3,96907,31.650455474853516,50
post_phase12_module2_M2-A,M2-A,R026,اقصی علی ne Meesha Shafi aur Ali Zafar jhagra par kya inkshaaf kiya,KI,67741,MIXED,urdu_char3gram_bm25,4,58792,31.264545440673828,50
post_phase12_module2_M2-A,M2-A,R026,اقصی علی ne Meesha Shafi aur Ali Zafar jhagra par kya inkshaaf kiya,KI,67741,MIXED,urdu_char3gram_bm25,5,49072,30.789207458496094,50
post_phase12_module2_M2-A,M2-A,R026,اقصی علی ne Meesha Shafi aur Ali Zafar jhagra par kya inkshaaf kiya,KI,67741,MIXED,urdu_char3gram_bm25,6,6958,29.574825286865234,50
post_phase12_module2_M2-A,M2-A,R026,اقصی علی ne Meesha Shafi aur Ali Zafar jhagra par kya inkshaaf kiya,KI,67741,MIXED,urdu_char3gram_bm25,7,67737,28.140459060668945,50
post_phase12_module2_M2-A,M2-A,R026,اقصی علی ne Meesha Shafi aur Ali Zafar jhagra par kya inkshaaf kiya,KI,67741,MIXED,urdu_char3gram_bm25,8,47276,26.977685928344727,50
post_phase12_module2_M2-A,M2-A,R026,اقصی علی ne Meesha Shafi aur Ali Zafar jhagra par kya inkshaaf kiya,KI,67741,MIXED,urdu_char3gram_bm25,9,18321,26.322437286376953,50
post_phase12_module2_M2-A,M2-A,R026,اقصی علی ne Meesha Shafi aur Ali Zafar jhagra par kya inkshaaf kiya,KI,67741,MIXED,urdu_char3gram_bm25,10,67727,26.172204971313477,50
post_phase12_module2_M2-A,M2-A,R026,اقصی علی ne Meesha Shafi aur Ali Zafar jhagra par kya inkshaaf kiya,KI,67741,MIXED,urdu_char3gram_bm25,11,43241,25.883119583129883,50
post_phase12_module2_M2-A,M2-A,R026,اقصی علی ne Meesha Shafi aur Ali Zafar jhagra par kya inkshaaf kiya,KI,67741,MIXED,urdu_char3gram_bm25,12,66738,25.577407836914062,50
post_phase12_module2_M2-A,M2-A,R026,اقصی علی ne Meesha Shafi aur Ali Zafar jhagra par kya inkshaaf kiya,KI,67741,MIXED,urdu_char3gram_bm25,13,67724,24.269699096679688,50
post_phase12_module2_M2-A,M2-A,R026,اقصی علی ne Meesha Shafi aur Ali Zafar jhagra par kya inkshaaf kiya,KI,67741,MIXED,urdu_char3gram_bm25,14,67736,23.569475173950195,50
post_phase12_module2_M2-A,M2-A,R026,اقصی علی ne Meesha Shafi aur Ali Zafar jhagra par kya inkshaaf kiya,KI,67741,MIXED,urdu_char3gram_bm25,15,6665,23.081256866455078,50
post_phase12_module2_M2-A,M2-A,R026,اقصی علی ne Meesha Shafi aur Ali Zafar jhagra par kya inkshaaf kiya,KI,67741,MIXED,urdu_char3gram_bm25,16,46326,22.962570190429688,50
post_phase12_module2_M2-A,M2-A,R026,اقصی علی ne Meesha Shafi aur Ali Zafar jhagra par kya inkshaaf kiya,KI,67741,MIXED,urdu_char3gram_bm25,17,47267,22.216489791870117,50
post_phase12_module2_M2-A,M2-A,R026,اقصی علی ne Meesha Shafi aur Ali Zafar jhagra par kya inkshaaf kiya,KI,67741,MIXED,urdu_char3gram_bm25,18,82135,22.129718780517578,50
post_phase12_module2_M2-A,M2-A,R026,اقصی علی ne Meesha Shafi aur Ali Zafar jhagra par kya inkshaaf kiya,KI,67741,MIXED,urdu_char3gram_bm25,19,47278,21.562639236450195,50
post_phase12_module2_M2-A,M2-A,R026,اقصی علی ne Meesha Shafi aur Ali Zafar jhagra par kya inkshaaf kiya,KI,67741,MIXED,urdu_char3gram_bm25,20,41358,21.09223175048828,50
post_phase12_module2_M2-A,M2-A,R026,اقصی علی ne Meesha Shafi aur Ali Zafar jhagra par kya inkshaaf kiya,KI,67741,MIXED,urdu_char3gram_bm25,21,81537,18.804780960083008,50
post_phase12_module2_M2-A,M2-A,R026,اقصی علی ne Meesha Shafi aur Ali Zafar jhagra par kya inkshaaf kiya,KI,67741,MIXED,urdu_char3gram_bm25,22,25365,18.428251266479492,50
post_phase12_module2_M2-A,M2-A,R026,اقصی علی ne Meesha Shafi aur Ali Zafar jhagra par kya inkshaaf kiya,KI,67741,MIXED,urdu_char3gram_bm25,23,6717,18.365142822265625,50
post_phase12_module2_M2-A,M2-A,R026,اقصی علی ne Meesha Shafi aur Ali Zafar jhagra par kya inkshaaf kiya,KI,67741,MIXED,urdu_char3gram_bm25,24,5824,17.862489700317383,50
post_phase12_module2_M2-A,M2-A,R026,اقصی علی ne Meesha Shafi aur Ali Zafar jhagra par kya inkshaaf kiya,KI,67741,MIXED,urdu_char3gram_bm25,25,16673,17.484987258911133,50
post_phase12_module2_M2-A,M2-A,R026,اقصی علی ne Meesha Shafi aur Ali Zafar jhagra par kya inkshaaf kiya,KI,67741,MIXED,urdu_char3gram_bm25,26,25362,17.46061897277832,50
post_phase12_module2_M2-A,M2-A,R026,اقصی علی ne Meesha Shafi aur Ali Zafar jhagra par kya inkshaaf kiya,KI,67741,MIXED,urdu_char3gram_bm25,27,25356,16.468660354614258,50
post_phase12_module2_M2-A,M2-A,R026,اقصی علی ne Meesha Shafi aur Ali Zafar jhagra par kya inkshaaf kiya,KI,67741,MIXED,urdu_char3gram_bm25,28,704,16.23442840576172,50
post_phase12_module2_M2-A,M2-A,R026,اقصی علی ne Meesha Shafi aur Ali Zafar jhagra par kya inkshaaf kiya,KI,67741,MIXED,urdu_char3gram_bm25,29,6669,16.135406494140625,50
post_phase12_module2_M2-A,M2-A,R026,اقصی علی ne Meesha Shafi aur Ali Zafar jhagra par kya inkshaaf kiya,KI,67741,MIXED,urdu_char3gram_bm25,30,81852,15.787168502807617,50
post_phase12_module2_M2-A,M2-A,R026,اقصی علی ne Meesha Shafi aur Ali Zafar jhagra par kya inkshaaf kiya,KI,67741,MIXED,urdu_char3gram_bm25,31,42171,15.706949234008789,50
post_phase12_module2_M2-A,M2-A,R026,اقصی علی ne Meesha Shafi aur Ali Zafar jhagra par kya inkshaaf kiya,KI,67741,MIXED,urdu_char3gram_bm25,32,40504,15.171804428100586,50
post_phase12_module2_M2-A,M2-A,R026,اقصی علی ne Meesha Shafi aur Ali Zafar jhagra par kya inkshaaf kiya,KI,67741,MIXED,urdu_char3gram_bm25,33,46591,15.091833114624023,50
post_phase12_module2_M2-A,M2-A,R026,اقصی علی ne Meesha Shafi aur Ali Zafar jhagra par kya inkshaaf kiya,KI,67741,MIXED,urdu_char3gram_bm25,34,86971,14.986080169677734,50
post_phase12_module2_M2-A,M2-A,R026,اقصی علی ne Meesha Shafi aur Ali Zafar jhagra par kya inkshaaf kiya,KI,67741,MIXED,urdu_char3gram_bm25,35,45682,14.826473236083984,50
post_phase12_module2_M2-A,M2-A,R026,اقصی علی ne Meesha Shafi aur Ali Zafar jhagra par kya inkshaaf kiya,KI,67741,MIXED,urdu_char3gram_bm25,36,74642,14.798774719238281,50
post_phase12_module2_M2-A,M2-A,R026,اقصی علی ne Meesha Shafi aur Ali Zafar jhagra par kya inkshaaf kiya,KI,67741,MIXED,urdu_char3gram_bm25,37,72439,14.404558181762695,50
post_phase12_module2_M2-A,M2-A,R026,اقصی علی ne Meesha Shafi aur Ali Zafar jhagra par kya inkshaaf kiya,KI,67741,MIXED,urdu_char3gram_bm25,38,9157,14.361197471618652,50
post_phase12_module2_M2-A,M2-A,R026,اقصی علی ne Meesha Shafi aur Ali Zafar jhagra par kya inkshaaf kiya,KI,67741,MIXED,urdu_char3gram_bm25,39,49958,14.275012969970703,50
post_phase12_module2_M2-A,M2-A,R026,اقصی علی ne Meesha Shafi aur Ali Zafar jhagra par kya inkshaaf kiya,KI,67741,MIXED,urdu_char3gram_bm25,40,42283,14.261269569396973,50
post_phase12_module2_M2-A,M2-A,R026,اقصی علی ne Meesha Shafi aur Ali Zafar jhagra par kya inkshaaf kiya,KI,67741,MIXED,urdu_char3gram_bm25,41,32442,14.211966514587402,50
post_phase12_module2_M2-A,M2-A,R026,اقصی علی ne Meesha Shafi aur Ali Zafar jhagra par kya inkshaaf kiya,KI,67741,MIXED,urdu_char3gram_bm25,42,40513,14.175618171691895,50
post_phase12_module2_M2-A,M2-A,R026,اقصی علی ne Meesha Shafi aur Ali Zafar jhagra par kya inkshaaf kiya,KI,67741,MIXED,urdu_char3gram_bm25,43,8774,14.120379447937012,50
post_phase12_module2_M2-A,M2-A,R026,اقصی علی ne Meesha Shafi aur Ali Zafar jhagra par kya inkshaaf kiya,KI,67741,MIXED,urdu_char3gram_bm25,44,7466,13.79883861541748,50
post_phase12_module2_M2-A,M2-A,R026,اقصی علی ne Meesha Shafi aur Ali Zafar jhagra par kya inkshaaf kiya,KI,67741,MIXED,urdu_char3gram_bm25,45,4146,13.76770305633545,50
post_phase12_module2_M2-A,M2-A,R026,اقصی علی ne Meesha Shafi aur Ali Zafar jhagra par kya inkshaaf kiya,KI,67741,MIXED,urdu_char3gram_bm25,46,69515,13.70790958404541,50
post_phase12_module2_M2-A,M2-A,R026,اقصی علی ne Meesha Shafi aur Ali Zafar jhagra par kya inkshaaf kiya,KI,67741,MIXED,urdu_char3gram_bm25,47,69611,13.566011428833008,50
post_phase12_module2_M2-A,M2-A,R026,اقصی علی ne Meesha Shafi aur Ali Zafar jhagra par kya inkshaaf kiya,KI,67741,MIXED,urdu_char3gram_bm25,48,45701,13.547567367553711,50
post_phase12_module2_M2-A,M2-A,R026,اقصی علی ne Meesha Shafi aur Ali Zafar jhagra par kya inkshaaf kiya,KI,67741,MIXED,urdu_char3gram_bm25,49,41781,13.539499282836914,50
post_phase12_module2_M2-A,M2-A,R026,اقصی علی ne Meesha Shafi aur Ali Zafar jhagra par kya inkshaaf kiya,KI,67741,MIXED,urdu_char3gram_bm25,50,81801,13.449246406555176,50
post_phase12_module2_M2-A,M2-A,R027,کلینڈ میں نیوزی لینڈ ne West Indies ko pehle T20 mein kitne runs se haraaya,KI,93226,MIXED,urdu_char3gram_bm25,1,44207,34.06436538696289,50
post_phase12_module2_M2-A,M2-A,R027,کلینڈ میں نیوزی لینڈ ne West Indies ko pehle T20 mein kitne runs se haraaya,KI,93226,MIXED,urdu_char3gram_bm25,2,44293,33.362701416015625,50
post_phase12_module2_M2-A,M2-A,R027,کلینڈ میں نیوزی لینڈ ne West Indies ko pehle T20 mein kitne runs se haraaya,KI,93226,MIXED,urdu_char3gram_bm25,3,95080,32.818702697753906,50
post_phase12_module2_M2-A,M2-A,R027,کلینڈ میں نیوزی لینڈ ne West Indies ko pehle T20 mein kitne runs se haraaya,KI,93226,MIXED,urdu_char3gram_bm25,4,37002,32.395023345947266,50
post_phase12_module2_M2-A,M2-A,R027,کلینڈ میں نیوزی لینڈ ne West Indies ko pehle T20 mein kitne runs se haraaya,KI,93226,MIXED,urdu_char3gram_bm25,5,89374,32.38881301879883,50
post_phase12_module2_M2-A,M2-A,R027,کلینڈ میں نیوزی لینڈ ne West Indies ko pehle T20 mein kitne runs se haraaya,KI,93226,MIXED,urdu_char3gram_bm25,6,32233,32.24712371826172,50
post_phase12_module2_M2-A,M2-A,R027,کلینڈ میں نیوزی لینڈ ne West Indies ko pehle T20 mein kitne runs se haraaya,KI,93226,MIXED,urdu_char3gram_bm25,7,80641,31.957984924316406,50
post_phase12_module2_M2-A,M2-A,R027,کلینڈ میں نیوزی لینڈ ne West Indies ko pehle T20 mein kitne runs se haraaya,KI,93226,MIXED,urdu_char3gram_bm25,8,24863,31.93505096435547,50
post_phase12_module2_M2-A,M2-A,R027,کلینڈ میں نیوزی لینڈ ne West Indies ko pehle T20 mein kitne runs se haraaya,KI,93226,MIXED,urdu_char3gram_bm25,9,52534,31.738645553588867,50
post_phase12_module2_M2-A,M2-A,R027,کلینڈ میں نیوزی لینڈ ne West Indies ko pehle T20 mein kitne runs se haraaya,KI,93226,MIXED,urdu_char3gram_bm25,10,51794,31.649904251098633,50
post_phase12_module2_M2-A,M2-A,R027,کلینڈ میں نیوزی لینڈ ne West Indies ko pehle T20 mein kitne runs se haraaya,KI,93226,MIXED,urdu_char3gram_bm25,11,51777,31.586111068725586,50
post_phase12_module2_M2-A,M2-A,R027,کلینڈ میں نیوزی لینڈ ne West Indies ko pehle T20 mein kitne runs se haraaya,KI,93226,MIXED,urdu_char3gram_bm25,12,93082,31.375980377197266,50
post_phase12_module2_M2-A,M2-A,R027,کلینڈ میں نیوزی لینڈ ne West Indies ko pehle T20 mein kitne runs se haraaya,KI,93226,MIXED,urdu_char3gram_bm25,13,46558,31.362394332885742,50
post_phase12_module2_M2-A,M2-A,R027,کلینڈ میں نیوزی لینڈ ne West Indies ko pehle T20 mein kitne runs se haraaya,KI,93226,MIXED,urdu_char3gram_bm25,14,30475,31.317935943603516,50
post_phase12_module2_M2-A,M2-A,R027,کلینڈ میں نیوزی لینڈ ne West Indies ko pehle T20 mein kitne runs se haraaya,KI,93226,MIXED,urdu_char3gram_bm25,15,93226,31.278898239135742,50
post_phase12_module2_M2-A,M2-A,R027,کلینڈ میں نیوزی لینڈ ne West Indies ko pehle T20 mein kitne runs se haraaya,KI,93226,MIXED,urdu_char3gram_bm25,16,51890,31.219026565551758,50
post_phase12_module2_M2-A,M2-A,R027,کلینڈ میں نیوزی لینڈ ne West Indies ko pehle T20 mein kitne runs se haraaya,KI,93226,MIXED,urdu_char3gram_bm25,17,28469,31.19075584411621,50
post_phase12_module2_M2-A,M2-A,R027,کلینڈ میں نیوزی لینڈ ne West Indies ko pehle T20 mein kitne runs se haraaya,KI,93226,MIXED,urdu_char3gram_bm25,18,44116,31.185791015625,50
post_phase12_module2_M2-A,M2-A,R027,کلینڈ میں نیوزی لینڈ ne West Indies ko pehle T20 mein kitne runs se haraaya,KI,93226,MIXED,urdu_char3gram_bm25,19,89379,31.11521339416504,50
post_phase12_module2_M2-A,M2-A,R027,کلینڈ میں نیوزی لینڈ ne West Indies ko pehle T20 mein kitne runs se haraaya,KI,93226,MIXED,urdu_char3gram_bm25,20,84935,31.047597885131836,50
post_phase12_module2_M2-A,M2-A,R027,کلینڈ میں نیوزی لینڈ ne West Indies ko pehle T20 mein kitne runs se haraaya,KI,93226,MIXED,urdu_char3gram_bm25,21,32894,30.978979110717773,50
post_phase12_module2_M2-A,M2-A,R027,کلینڈ میں نیوزی لینڈ ne West Indies ko pehle T20 mein kitne runs se haraaya,KI,93226,MIXED,urdu_char3gram_bm25,22,93094,30.932720184326172,50
post_phase12_module2_M2-A,M2-A,R027,کلینڈ میں نیوزی لینڈ ne West Indies ko pehle T20 mein kitne runs se haraaya,KI,93226,MIXED,urdu_char3gram_bm25,23,81561,30.89427375793457,50
post_phase12_module2_M2-A,M2-A,R027,کلینڈ میں نیوزی لینڈ ne West Indies ko pehle T20 mein kitne runs se haraaya,KI,93226,MIXED,urdu_char3gram_bm25,24,97115,30.8841552734375,50
post_phase12_module2_M2-A,M2-A,R027,کلینڈ میں نیوزی لینڈ ne West Indies ko pehle T20 mein kitne runs se haraaya,KI,93226,MIXED,urdu_char3gram_bm25,25,52399,30.77691650390625,50
post_phase12_module2_M2-A,M2-A,R027,کلینڈ میں نیوزی لینڈ ne West Indies ko pehle T20 mein kitne runs se haraaya,KI,93226,MIXED,urdu_char3gram_bm25,26,28792,30.762924194335938,50
post_phase12_module2_M2-A,M2-A,R027,کلینڈ میں نیوزی لینڈ ne West Indies ko pehle T20 mein kitne runs se haraaya,KI,93226,MIXED,urdu_char3gram_bm25,27,86426,30.75364875793457,50
post_phase12_module2_M2-A,M2-A,R027,کلینڈ میں نیوزی لینڈ ne West Indies ko pehle T20 mein kitne runs se haraaya,KI,93226,MIXED,urdu_char3gram_bm25,28,92792,30.691129684448242,50
post_phase12_module2_M2-A,M2-A,R027,کلینڈ میں نیوزی لینڈ ne West Indies ko pehle T20 mein kitne runs se haraaya,KI,93226,MIXED,urdu_char3gram_bm25,29,25412,30.65607261657715,50
post_phase12_module2_M2-A,M2-A,R027,کلینڈ میں نیوزی لینڈ ne West Indies ko pehle T20 mein kitne runs se haraaya,KI,93226,MIXED,urdu_char3gram_bm25,30,80469,30.629005432128906,50
post_phase12_module2_M2-A,M2-A,R027,کلینڈ میں نیوزی لینڈ ne West Indies ko pehle T20 mein kitne runs se haraaya,KI,93226,MIXED,urdu_char3gram_bm25,31,52307,30.59734344482422,50
post_phase12_module2_M2-A,M2-A,R027,کلینڈ میں نیوزی لینڈ ne West Indies ko pehle T20 mein kitne runs se haraaya,KI,93226,MIXED,urdu_char3gram_bm25,32,28847,30.419212341308594,50
post_phase12_module2_M2-A,M2-A,R027,کلینڈ میں نیوزی لینڈ ne West Indies ko pehle T20 mein kitne runs se haraaya,KI,93226,MIXED,urdu_char3gram_bm25,33,35789,30.379133224487305,50
post_phase12_module2_M2-A,M2-A,R027,کلینڈ میں نیوزی لینڈ ne West Indies ko pehle T20 mein kitne runs se haraaya,KI,93226,MIXED,urdu_char3gram_bm25,34,80484,30.302263259887695,50
post_phase12_module2_M2-A,M2-A,R027,کلینڈ میں نیوزی لینڈ ne West Indies ko pehle T20 mein kitne runs se haraaya,KI,93226,MIXED,urdu_char3gram_bm25,35,94846,30.28932762145996,50
post_phase12_module2_M2-A,M2-A,R027,کلینڈ میں نیوزی لینڈ ne West Indies ko pehle T20 mein kitne runs se haraaya,KI,93226,MIXED,urdu_char3gram_bm25,36,30474,30.274776458740234,50
post_phase12_module2_M2-A,M2-A,R027,کلینڈ میں نیوزی لینڈ ne West Indies ko pehle T20 mein kitne runs se haraaya,KI,93226,MIXED,urdu_char3gram_bm25,37,55567,30.265853881835938,50
post_phase12_module2_M2-A,M2-A,R027,کلینڈ میں نیوزی لینڈ ne West Indies ko pehle T20 mein kitne runs se haraaya,KI,93226,MIXED,urdu_char3gram_bm25,38,32762,30.10914421081543,50
post_phase12_module2_M2-A,M2-A,R027,کلینڈ میں نیوزی لینڈ ne West Indies ko pehle T20 mein kitne runs se haraaya,KI,93226,MIXED,urdu_char3gram_bm25,39,35897,30.108272552490234,50
post_phase12_module2_M2-A,M2-A,R027,کلینڈ میں نیوزی لینڈ ne West Indies ko pehle T20 mein kitne runs se haraaya,KI,93226,MIXED,urdu_char3gram_bm25,40,89172,30.07879638671875,50
post_phase12_module2_M2-A,M2-A,R027,کلینڈ میں نیوزی لینڈ ne West Indies ko pehle T20 mein kitne runs se haraaya,KI,93226,MIXED,urdu_char3gram_bm25,41,32863,29.985126495361328,50
post_phase12_module2_M2-A,M2-A,R027,کلینڈ میں نیوزی لینڈ ne West Indies ko pehle T20 mein kitne runs se haraaya,KI,93226,MIXED,urdu_char3gram_bm25,42,95034,29.936098098754883,50
post_phase12_module2_M2-A,M2-A,R027,کلینڈ میں نیوزی لینڈ ne West Indies ko pehle T20 mein kitne runs se haraaya,KI,93226,MIXED,urdu_char3gram_bm25,43,52420,29.935556411743164,50
post_phase12_module2_M2-A,M2-A,R027,کلینڈ میں نیوزی لینڈ ne West Indies ko pehle T20 mein kitne runs se haraaya,KI,93226,MIXED,urdu_char3gram_bm25,44,44543,29.893646240234375,50
post_phase12_module2_M2-A,M2-A,R027,کلینڈ میں نیوزی لینڈ ne West Indies ko pehle T20 mein kitne runs se haraaya,KI,93226,MIXED,urdu_char3gram_bm25,45,80467,29.76361846923828,50
post_phase12_module2_M2-A,M2-A,R027,کلینڈ میں نیوزی لینڈ ne West Indies ko pehle T20 mein kitne runs se haraaya,KI,93226,MIXED,urdu_char3gram_bm25,46,36171,29.667152404785156,50
post_phase12_module2_M2-A,M2-A,R027,کلینڈ میں نیوزی لینڈ ne West Indies ko pehle T20 mein kitne runs se haraaya,KI,93226,MIXED,urdu_char3gram_bm25,47,56857,29.635278701782227,50
post_phase12_module2_M2-A,M2-A,R027,کلینڈ میں نیوزی لینڈ ne West Indies ko pehle T20 mein kitne runs se haraaya,KI,93226,MIXED,urdu_char3gram_bm25,48,41369,29.579639434814453,50
post_phase12_module2_M2-A,M2-A,R027,کلینڈ میں نیوزی لینڈ ne West Indies ko pehle T20 mein kitne runs se haraaya,KI,93226,MIXED,urdu_char3gram_bm25,49,45302,29.571685791015625,50
post_phase12_module2_M2-A,M2-A,R027,کلینڈ میں نیوزی لینڈ ne West Indies ko pehle T20 mein kitne runs se haraaya,KI,93226,MIXED,urdu_char3gram_bm25,50,41217,29.536487579345703,50
post_phase12_module2_M2-A,M2-A,R028,فیس بک comments mein animated GIF bhejne ka naya button kab aaya,KI,22551,MIXED,urdu_char3gram_bm25,1,59850,23.818340301513672,50
post_phase12_module2_M2-A,M2-A,R028,فیس بک comments mein animated GIF bhejne ka naya button kab aaya,KI,22551,MIXED,urdu_char3gram_bm25,2,23274,23.813629150390625,50
post_phase12_module2_M2-A,M2-A,R028,فیس بک comments mein animated GIF bhejne ka naya button kab aaya,KI,22551,MIXED,urdu_char3gram_bm25,3,59921,23.70319366455078,50
post_phase12_module2_M2-A,M2-A,R028,فیس بک comments mein animated GIF bhejne ka naya button kab aaya,KI,22551,MIXED,urdu_char3gram_bm25,4,60402,23.677852630615234,50
post_phase12_module2_M2-A,M2-A,R028,فیس بک comments mein animated GIF bhejne ka naya button kab aaya,KI,22551,MIXED,urdu_char3gram_bm25,5,24006,23.669170379638672,50
post_phase12_module2_M2-A,M2-A,R028,فیس بک comments mein animated GIF bhejne ka naya button kab aaya,KI,22551,MIXED,urdu_char3gram_bm25,6,103659,23.666370391845703,50
post_phase12_module2_M2-A,M2-A,R028,فیس بک comments mein animated GIF bhejne ka naya button kab aaya,KI,22551,MIXED,urdu_char3gram_bm25,7,22718,23.59099578857422,50
post_phase12_module2_M2-A,M2-A,R028,فیس بک comments mein animated GIF bhejne ka naya button kab aaya,KI,22551,MIXED,urdu_char3gram_bm25,8,80399,23.580883026123047,50
post_phase12_module2_M2-A,M2-A,R028,فیس بک comments mein animated GIF bhejne ka naya button kab aaya,KI,22551,MIXED,urdu_char3gram_bm25,9,22307,23.539932250976562,50
post_phase12_module2_M2-A,M2-A,R028,فیس بک comments mein animated GIF bhejne ka naya button kab aaya,KI,22551,MIXED,urdu_char3gram_bm25,10,16920,23.53225326538086,50
post_phase12_module2_M2-A,M2-A,R028,فیس بک comments mein animated GIF bhejne ka naya button kab aaya,KI,22551,MIXED,urdu_char3gram_bm25,11,22491,23.517362594604492,50
post_phase12_module2_M2-A,M2-A,R028,فیس بک comments mein animated GIF bhejne ka naya button kab aaya,KI,22551,MIXED,urdu_char3gram_bm25,12,79459,23.51674461364746,50
post_phase12_module2_M2-A,M2-A,R028,فیس بک comments mein animated GIF bhejne ka naya button kab aaya,KI,22551,MIXED,urdu_char3gram_bm25,13,19574,23.510852813720703,50
post_phase12_module2_M2-A,M2-A,R028,فیس بک comments mein animated GIF bhejne ka naya button kab aaya,KI,22551,MIXED,urdu_char3gram_bm25,14,15481,23.50506591796875,50
post_phase12_module2_M2-A,M2-A,R028,فیس بک comments mein animated GIF bhejne ka naya button kab aaya,KI,22551,MIXED,urdu_char3gram_bm25,15,60141,23.502580642700195,50
post_phase12_module2_M2-A,M2-A,R028,فیس بک comments mein animated GIF bhejne ka naya button kab aaya,KI,22551,MIXED,urdu_char3gram_bm25,16,79686,23.496429443359375,50
post_phase12_module2_M2-A,M2-A,R028,فیس بک comments mein animated GIF bhejne ka naya button kab aaya,KI,22551,MIXED,urdu_char3gram_bm25,17,22461,23.495813369750977,50
post_phase12_module2_M2-A,M2-A,R028,فیس بک comments mein animated GIF bhejne ka naya button kab aaya,KI,22551,MIXED,urdu_char3gram_bm25,18,99415,23.487972259521484,50
post_phase12_module2_M2-A,M2-A,R028,فیس بک comments mein animated GIF bhejne ka naya button kab aaya,KI,22551,MIXED,urdu_char3gram_bm25,19,19837,23.482845306396484,50
post_phase12_module2_M2-A,M2-A,R028,فیس بک comments mein animated GIF bhejne ka naya button kab aaya,KI,22551,MIXED,urdu_char3gram_bm25,20,20001,23.47161865234375,50
post_phase12_module2_M2-A,M2-A,R028,فیس بک comments mein animated GIF bhejne ka naya button kab aaya,KI,22551,MIXED,urdu_char3gram_bm25,21,22179,23.46859359741211,50
post_phase12_module2_M2-A,M2-A,R028,فیس بک comments mein animated GIF bhejne ka naya button kab aaya,KI,22551,MIXED,urdu_char3gram_bm25,22,59709,23.462495803833008,50
post_phase12_module2_M2-A,M2-A,R028,فیس بک comments mein animated GIF bhejne ka naya button kab aaya,KI,22551,MIXED,urdu_char3gram_bm25,23,21118,23.460731506347656,50
post_phase12_module2_M2-A,M2-A,R028,فیس بک comments mein animated GIF bhejne ka naya button kab aaya,KI,22551,MIXED,urdu_char3gram_bm25,24,20127,23.453327178955078,50
post_phase12_module2_M2-A,M2-A,R028,فیس بک comments mein animated GIF bhejne ka naya button kab aaya,KI,22551,MIXED,urdu_char3gram_bm25,25,60372,23.446176528930664,50
post_phase12_module2_M2-A,M2-A,R028,فیس بک comments mein animated GIF bhejne ka naya button kab aaya,KI,22551,MIXED,urdu_char3gram_bm25,26,60005,23.441543579101562,50
post_phase12_module2_M2-A,M2-A,R028,فیس بک comments mein animated GIF bhejne ka naya button kab aaya,KI,22551,MIXED,urdu_char3gram_bm25,27,17137,23.418071746826172,50
post_phase12_module2_M2-A,M2-A,R028,فیس بک comments mein animated GIF bhejne ka naya button kab aaya,KI,22551,MIXED,urdu_char3gram_bm25,28,22110,23.413238525390625,50
post_phase12_module2_M2-A,M2-A,R028,فیس بک comments mein animated GIF bhejne ka naya button kab aaya,KI,22551,MIXED,urdu_char3gram_bm25,29,13933,23.4100341796875,50
post_phase12_module2_M2-A,M2-A,R028,فیس بک comments mein animated GIF bhejne ka naya button kab aaya,KI,22551,MIXED,urdu_char3gram_bm25,30,80244,23.39634895324707,50
post_phase12_module2_M2-A,M2-A,R028,فیس بک comments mein animated GIF bhejne ka naya button kab aaya,KI,22551,MIXED,urdu_char3gram_bm25,31,59854,23.370759963989258,50
post_phase12_module2_M2-A,M2-A,R028,فیس بک comments mein animated GIF bhejne ka naya button kab aaya,KI,22551,MIXED,urdu_char3gram_bm25,32,60047,23.365755081176758,50
post_phase12_module2_M2-A,M2-A,R028,فیس بک comments mein animated GIF bhejne ka naya button kab aaya,KI,22551,MIXED,urdu_char3gram_bm25,33,22708,23.365264892578125,50
post_phase12_module2_M2-A,M2-A,R028,فیس بک comments mein animated GIF bhejne ka naya button kab aaya,KI,22551,MIXED,urdu_char3gram_bm25,34,21565,23.349119186401367,50
post_phase12_module2_M2-A,M2-A,R028,فیس بک comments mein animated GIF bhejne ka naya button kab aaya,KI,22551,MIXED,urdu_char3gram_bm25,35,60376,23.335163116455078,50
post_phase12_module2_M2-A,M2-A,R028,فیس بک comments mein animated GIF bhejne ka naya button kab aaya,KI,22551,MIXED,urdu_char3gram_bm25,36,80211,23.325637817382812,50
post_phase12_module2_M2-A,M2-A,R028,فیس بک comments mein animated GIF bhejne ka naya button kab aaya,KI,22551,MIXED,urdu_char3gram_bm25,37,23602,23.31163787841797,50
post_phase12_module2_M2-A,M2-A,R028,فیس بک comments mein animated GIF bhejne ka naya button kab aaya,KI,22551,MIXED,urdu_char3gram_bm25,38,19429,23.30636978149414,50
post_phase12_module2_M2-A,M2-A,R028,فیس بک comments mein animated GIF bhejne ka naya button kab aaya,KI,22551,MIXED,urdu_char3gram_bm25,39,20681,23.29564666748047,50
post_phase12_module2_M2-A,M2-A,R028,فیس بک comments mein animated GIF bhejne ka naya button kab aaya,KI,22551,MIXED,urdu_char3gram_bm25,40,21537,23.283771514892578,50
post_phase12_module2_M2-A,M2-A,R028,فیس بک comments mein animated GIF bhejne ka naya button kab aaya,KI,22551,MIXED,urdu_char3gram_bm25,41,21660,23.28084945678711,50
post_phase12_module2_M2-A,M2-A,R028,فیس بک comments mein animated GIF bhejne ka naya button kab aaya,KI,22551,MIXED,urdu_char3gram_bm25,42,23343,23.275449752807617,50
post_phase12_module2_M2-A,M2-A,R028,فیس بک comments mein animated GIF bhejne ka naya button kab aaya,KI,22551,MIXED,urdu_char3gram_bm25,43,20674,23.275449752807617,50
post_phase12_module2_M2-A,M2-A,R028,فیس بک comments mein animated GIF bhejne ka naya button kab aaya,KI,22551,MIXED,urdu_char3gram_bm25,44,24691,23.269906997680664,50
post_phase12_module2_M2-A,M2-A,R028,فیس بک comments mein animated GIF bhejne ka naya button kab aaya,KI,22551,MIXED,urdu_char3gram_bm25,45,22062,23.263385772705078,50
post_phase12_module2_M2-A,M2-A,R028,فیس بک comments mein animated GIF bhejne ka naya button kab aaya,KI,22551,MIXED,urdu_char3gram_bm25,46,21882,23.26028823852539,50
post_phase12_module2_M2-A,M2-A,R028,فیس بک comments mein animated GIF bhejne ka naya button kab aaya,KI,22551,MIXED,urdu_char3gram_bm25,47,15374,23.256179809570312,50
post_phase12_module2_M2-A,M2-A,R028,فیس بک comments mein animated GIF bhejne ka naya button kab aaya,KI,22551,MIXED,urdu_char3gram_bm25,48,79446,23.250106811523438,50
post_phase12_module2_M2-A,M2-A,R028,فیس بک comments mein animated GIF bhejne ka naya button kab aaya,KI,22551,MIXED,urdu_char3gram_bm25,49,22668,23.239322662353516,50
post_phase12_module2_M2-A,M2-A,R028,فیس بک comments mein animated GIF bhejne ka naya button kab aaya,KI,22551,MIXED,urdu_char3gram_bm25,50,21155,23.232681274414062,50
post_phase12_module2_M2-A,M2-A,R029,سوشل میڈia ki khabron ke baad Imad Wasim ne shadi ke bare mein kya kaha,KI,29033,MIXED,urdu_char3gram_bm25,1,101089,23.2556095123291,50
post_phase12_module2_M2-A,M2-A,R029,سوشل میڈia ki khabron ke baad Imad Wasim ne shadi ke bare mein kya kaha,KI,29033,MIXED,urdu_char3gram_bm25,2,86500,23.132246017456055,50
post_phase12_module2_M2-A,M2-A,R029,سوشل میڈia ki khabron ke baad Imad Wasim ne shadi ke bare mein kya kaha,KI,29033,MIXED,urdu_char3gram_bm25,3,97570,23.123294830322266,50
post_phase12_module2_M2-A,M2-A,R029,سوشل میڈia ki khabron ke baad Imad Wasim ne shadi ke bare mein kya kaha,KI,29033,MIXED,urdu_char3gram_bm25,4,97830,23.11831283569336,50
post_phase12_module2_M2-A,M2-A,R029,سوشل میڈia ki khabron ke baad Imad Wasim ne shadi ke bare mein kya kaha,KI,29033,MIXED,urdu_char3gram_bm25,5,21665,23.083087921142578,50
post_phase12_module2_M2-A,M2-A,R029,سوشل میڈia ki khabron ke baad Imad Wasim ne shadi ke bare mein kya kaha,KI,29033,MIXED,urdu_char3gram_bm25,6,19361,22.9976749420166,50
post_phase12_module2_M2-A,M2-A,R029,سوشل میڈia ki khabron ke baad Imad Wasim ne shadi ke bare mein kya kaha,KI,29033,MIXED,urdu_char3gram_bm25,7,60386,22.867544174194336,50
post_phase12_module2_M2-A,M2-A,R029,سوشل میڈia ki khabron ke baad Imad Wasim ne shadi ke bare mein kya kaha,KI,29033,MIXED,urdu_char3gram_bm25,8,60117,22.86408042907715,50
post_phase12_module2_M2-A,M2-A,R029,سوشل میڈia ki khabron ke baad Imad Wasim ne shadi ke bare mein kya kaha,KI,29033,MIXED,urdu_char3gram_bm25,9,101265,22.82185935974121,50
post_phase12_module2_M2-A,M2-A,R029,سوشل میڈia ki khabron ke baad Imad Wasim ne shadi ke bare mein kya kaha,KI,29033,MIXED,urdu_char3gram_bm25,10,100776,22.76453971862793,50
post_phase12_module2_M2-A,M2-A,R029,سوشل میڈia ki khabron ke baad Imad Wasim ne shadi ke bare mein kya kaha,KI,29033,MIXED,urdu_char3gram_bm25,11,100295,22.753829956054688,50
post_phase12_module2_M2-A,M2-A,R029,سوشل میڈia ki khabron ke baad Imad Wasim ne shadi ke bare mein kya kaha,KI,29033,MIXED,urdu_char3gram_bm25,12,22786,22.68183135986328,50
post_phase12_module2_M2-A,M2-A,R029,سوشل میڈia ki khabron ke baad Imad Wasim ne shadi ke bare mein kya kaha,KI,29033,MIXED,urdu_char3gram_bm25,13,102763,22.665328979492188,50
post_phase12_module2_M2-A,M2-A,R029,سوشل میڈia ki khabron ke baad Imad Wasim ne shadi ke bare mein kya kaha,KI,29033,MIXED,urdu_char3gram_bm25,14,11303,22.588869094848633,50
post_phase12_module2_M2-A,M2-A,R029,سوشل میڈia ki khabron ke baad Imad Wasim ne shadi ke bare mein kya kaha,KI,29033,MIXED,urdu_char3gram_bm25,15,97888,22.563295364379883,50
post_phase12_module2_M2-A,M2-A,R029,سوشل میڈia ki khabron ke baad Imad Wasim ne shadi ke bare mein kya kaha,KI,29033,MIXED,urdu_char3gram_bm25,16,101750,22.550153732299805,50
post_phase12_module2_M2-A,M2-A,R029,سوشل میڈia ki khabron ke baad Imad Wasim ne shadi ke bare mein kya kaha,KI,29033,MIXED,urdu_char3gram_bm25,17,48167,22.444211959838867,50
post_phase12_module2_M2-A,M2-A,R029,سوشل میڈia ki khabron ke baad Imad Wasim ne shadi ke bare mein kya kaha,KI,29033,MIXED,urdu_char3gram_bm25,18,97535,22.433626174926758,50
post_phase12_module2_M2-A,M2-A,R029,سوشل میڈia ki khabron ke baad Imad Wasim ne shadi ke bare mein kya kaha,KI,29033,MIXED,urdu_char3gram_bm25,19,9773,22.423049926757812,50
post_phase12_module2_M2-A,M2-A,R029,سوشل میڈia ki khabron ke baad Imad Wasim ne shadi ke bare mein kya kaha,KI,29033,MIXED,urdu_char3gram_bm25,20,59851,22.400131225585938,50
post_phase12_module2_M2-A,M2-A,R029,سوشل میڈia ki khabron ke baad Imad Wasim ne shadi ke bare mein kya kaha,KI,29033,MIXED,urdu_char3gram_bm25,21,7184,22.380638122558594,50
post_phase12_module2_M2-A,M2-A,R029,سوشل میڈia ki khabron ke baad Imad Wasim ne shadi ke bare mein kya kaha,KI,29033,MIXED,urdu_char3gram_bm25,22,59403,22.358675003051758,50
post_phase12_module2_M2-A,M2-A,R029,سوشل میڈia ki khabron ke baad Imad Wasim ne shadi ke bare mein kya kaha,KI,29033,MIXED,urdu_char3gram_bm25,23,10171,22.347963333129883,50
post_phase12_module2_M2-A,M2-A,R029,سوشل میڈia ki khabron ke baad Imad Wasim ne shadi ke bare mein kya kaha,KI,29033,MIXED,urdu_char3gram_bm25,24,104148,22.278839111328125,50
post_phase12_module2_M2-A,M2-A,R029,سوشل میڈia ki khabron ke baad Imad Wasim ne shadi ke bare mein kya kaha,KI,29033,MIXED,urdu_char3gram_bm25,25,81705,22.24190330505371,50
post_phase12_module2_M2-A,M2-A,R029,سوشل میڈia ki khabron ke baad Imad Wasim ne shadi ke bare mein kya kaha,KI,29033,MIXED,urdu_char3gram_bm25,26,19248,22.218996047973633,50
post_phase12_module2_M2-A,M2-A,R029,سوشل میڈia ki khabron ke baad Imad Wasim ne shadi ke bare mein kya kaha,KI,29033,MIXED,urdu_char3gram_bm25,27,97803,22.17171859741211,50
post_phase12_module2_M2-A,M2-A,R029,سوشل میڈia ki khabron ke baad Imad Wasim ne shadi ke bare mein kya kaha,KI,29033,MIXED,urdu_char3gram_bm25,28,50063,22.079483032226562,50
post_phase12_module2_M2-A,M2-A,R029,سوشل میڈia ki khabron ke baad Imad Wasim ne shadi ke bare mein kya kaha,KI,29033,MIXED,urdu_char3gram_bm25,29,81040,22.043426513671875,50
post_phase12_module2_M2-A,M2-A,R029,سوشل میڈia ki khabron ke baad Imad Wasim ne shadi ke bare mein kya kaha,KI,29033,MIXED,urdu_char3gram_bm25,30,19208,22.026687622070312,50
post_phase12_module2_M2-A,M2-A,R029,سوشل میڈia ki khabron ke baad Imad Wasim ne shadi ke bare mein kya kaha,KI,29033,MIXED,urdu_char3gram_bm25,31,68317,22.016826629638672,50
post_phase12_module2_M2-A,M2-A,R029,سوشل میڈia ki khabron ke baad Imad Wasim ne shadi ke bare mein kya kaha,KI,29033,MIXED,urdu_char3gram_bm25,32,20599,22.002105712890625,50
post_phase12_module2_M2-A,M2-A,R029,سوشل میڈia ki khabron ke baad Imad Wasim ne shadi ke bare mein kya kaha,KI,29033,MIXED,urdu_char3gram_bm25,33,23782,21.998611450195312,50
post_phase12_module2_M2-A,M2-A,R029,سوشل میڈia ki khabron ke baad Imad Wasim ne shadi ke bare mein kya kaha,KI,29033,MIXED,urdu_char3gram_bm25,34,21983,21.90799331665039,50
post_phase12_module2_M2-A,M2-A,R029,سوشل میڈia ki khabron ke baad Imad Wasim ne shadi ke bare mein kya kaha,KI,29033,MIXED,urdu_char3gram_bm25,35,15869,21.862611770629883,50
post_phase12_module2_M2-A,M2-A,R029,سوشل میڈia ki khabron ke baad Imad Wasim ne shadi ke bare mein kya kaha,KI,29033,MIXED,urdu_char3gram_bm25,36,68420,21.858068466186523,50
post_phase12_module2_M2-A,M2-A,R029,سوشل میڈia ki khabron ke baad Imad Wasim ne shadi ke bare mein kya kaha,KI,29033,MIXED,urdu_char3gram_bm25,37,52115,21.844377517700195,50
post_phase12_module2_M2-A,M2-A,R029,سوشل میڈia ki khabron ke baad Imad Wasim ne shadi ke bare mein kya kaha,KI,29033,MIXED,urdu_char3gram_bm25,38,79728,21.843891143798828,50
post_phase12_module2_M2-A,M2-A,R029,سوشل میڈia ki khabron ke baad Imad Wasim ne shadi ke bare mein kya kaha,KI,29033,MIXED,urdu_char3gram_bm25,39,98675,21.78615379333496,50
post_phase12_module2_M2-A,M2-A,R029,سوشل میڈia ki khabron ke baad Imad Wasim ne shadi ke bare mein kya kaha,KI,29033,MIXED,urdu_char3gram_bm25,40,50357,21.77556610107422,50
post_phase12_module2_M2-A,M2-A,R029,سوشل میڈia ki khabron ke baad Imad Wasim ne shadi ke bare mein kya kaha,KI,29033,MIXED,urdu_char3gram_bm25,41,2982,21.696456909179688,50
post_phase12_module2_M2-A,M2-A,R029,سوشل میڈia ki khabron ke baad Imad Wasim ne shadi ke bare mein kya kaha,KI,29033,MIXED,urdu_char3gram_bm25,42,98909,21.684528350830078,50
post_phase12_module2_M2-A,M2-A,R029,سوشل میڈia ki khabron ke baad Imad Wasim ne shadi ke bare mein kya kaha,KI,29033,MIXED,urdu_char3gram_bm25,43,79851,21.657472610473633,50
post_phase12_module2_M2-A,M2-A,R029,سوشل میڈia ki khabron ke baad Imad Wasim ne shadi ke bare mein kya kaha,KI,29033,MIXED,urdu_char3gram_bm25,44,22794,21.618816375732422,50
post_phase12_module2_M2-A,M2-A,R029,سوشل میڈia ki khabron ke baad Imad Wasim ne shadi ke bare mein kya kaha,KI,29033,MIXED,urdu_char3gram_bm25,45,48201,21.590740203857422,50
post_phase12_module2_M2-A,M2-A,R029,سوشل میڈia ki khabron ke baad Imad Wasim ne shadi ke bare mein kya kaha,KI,29033,MIXED,urdu_char3gram_bm25,46,67934,21.570749282836914,50
post_phase12_module2_M2-A,M2-A,R029,سوشل میڈia ki khabron ke baad Imad Wasim ne shadi ke bare mein kya kaha,KI,29033,MIXED,urdu_char3gram_bm25,47,101182,21.56711196899414,50
post_phase12_module2_M2-A,M2-A,R029,سوشل میڈia ki khabron ke baad Imad Wasim ne shadi ke bare mein kya kaha,KI,29033,MIXED,urdu_char3gram_bm25,48,19949,21.55988121032715,50
post_phase12_module2_M2-A,M2-A,R029,سوشل میڈia ki khabron ke baad Imad Wasim ne shadi ke bare mein kya kaha,KI,29033,MIXED,urdu_char3gram_bm25,49,98961,21.551645278930664,50
post_phase12_module2_M2-A,M2-A,R029,سوشل میڈia ki khabron ke baad Imad Wasim ne shadi ke bare mein kya kaha,KI,29033,MIXED,urdu_char3gram_bm25,50,14824,21.5463809967041,50
post_phase12_module2_M2-A,M2-A,R030,2018 ke pehle ODI mein Pakistan ko New Zealand se kitni runs ki shikast hui,KI,44267,ROMAN,roman_char3gram_bm25_method_D,1,66959,49.8265495300293,50
post_phase12_module2_M2-A,M2-A,R030,2018 ke pehle ODI mein Pakistan ko New Zealand se kitni runs ki shikast hui,KI,44267,ROMAN,roman_char3gram_bm25_method_D,2,10044,45.07500076293945,50
post_phase12_module2_M2-A,M2-A,R030,2018 ke pehle ODI mein Pakistan ko New Zealand se kitni runs ki shikast hui,KI,44267,ROMAN,roman_char3gram_bm25_method_D,3,1834,44.77381896972656,50
post_phase12_module2_M2-A,M2-A,R030,2018 ke pehle ODI mein Pakistan ko New Zealand se kitni runs ki shikast hui,KI,44267,ROMAN,roman_char3gram_bm25_method_D,4,84722,44.310890197753906,50
post_phase12_module2_M2-A,M2-A,R030,2018 ke pehle ODI mein Pakistan ko New Zealand se kitni runs ki shikast hui,KI,44267,ROMAN,roman_char3gram_bm25_method_D,5,6938,43.73370361328125,50
post_phase12_module2_M2-A,M2-A,R030,2018 ke pehle ODI mein Pakistan ko New Zealand se kitni runs ki shikast hui,KI,44267,ROMAN,roman_char3gram_bm25_method_D,6,84501,43.61453628540039,50
post_phase12_module2_M2-A,M2-A,R030,2018 ke pehle ODI mein Pakistan ko New Zealand se kitni runs ki shikast hui,KI,44267,ROMAN,roman_char3gram_bm25_method_D,7,8980,43.15153121948242,50
post_phase12_module2_M2-A,M2-A,R030,2018 ke pehle ODI mein Pakistan ko New Zealand se kitni runs ki shikast hui,KI,44267,ROMAN,roman_char3gram_bm25_method_D,8,17926,42.95065689086914,50
post_phase12_module2_M2-A,M2-A,R030,2018 ke pehle ODI mein Pakistan ko New Zealand se kitni runs ki shikast hui,KI,44267,ROMAN,roman_char3gram_bm25_method_D,9,21059,42.838134765625,50
post_phase12_module2_M2-A,M2-A,R030,2018 ke pehle ODI mein Pakistan ko New Zealand se kitni runs ki shikast hui,KI,44267,ROMAN,roman_char3gram_bm25_method_D,10,67595,42.343143463134766,50
post_phase12_module2_M2-A,M2-A,R030,2018 ke pehle ODI mein Pakistan ko New Zealand se kitni runs ki shikast hui,KI,44267,ROMAN,roman_char3gram_bm25_method_D,11,26662,41.930023193359375,50
post_phase12_module2_M2-A,M2-A,R030,2018 ke pehle ODI mein Pakistan ko New Zealand se kitni runs ki shikast hui,KI,44267,ROMAN,roman_char3gram_bm25_method_D,12,1736,41.861324310302734,50
post_phase12_module2_M2-A,M2-A,R030,2018 ke pehle ODI mein Pakistan ko New Zealand se kitni runs ki shikast hui,KI,44267,ROMAN,roman_char3gram_bm25_method_D,13,26180,41.76598358154297,50
post_phase12_module2_M2-A,M2-A,R030,2018 ke pehle ODI mein Pakistan ko New Zealand se kitni runs ki shikast hui,KI,44267,ROMAN,roman_char3gram_bm25_method_D,14,58302,41.134552001953125,50
post_phase12_module2_M2-A,M2-A,R030,2018 ke pehle ODI mein Pakistan ko New Zealand se kitni runs ki shikast hui,KI,44267,ROMAN,roman_char3gram_bm25_method_D,15,54596,41.10409164428711,50
post_phase12_module2_M2-A,M2-A,R030,2018 ke pehle ODI mein Pakistan ko New Zealand se kitni runs ki shikast hui,KI,44267,ROMAN,roman_char3gram_bm25_method_D,16,53852,40.882686614990234,50
post_phase12_module2_M2-A,M2-A,R030,2018 ke pehle ODI mein Pakistan ko New Zealand se kitni runs ki shikast hui,KI,44267,ROMAN,roman_char3gram_bm25_method_D,17,17811,40.879207611083984,50
post_phase12_module2_M2-A,M2-A,R030,2018 ke pehle ODI mein Pakistan ko New Zealand se kitni runs ki shikast hui,KI,44267,ROMAN,roman_char3gram_bm25_method_D,18,99641,40.82301330566406,50
post_phase12_module2_M2-A,M2-A,R030,2018 ke pehle ODI mein Pakistan ko New Zealand se kitni runs ki shikast hui,KI,44267,ROMAN,roman_char3gram_bm25_method_D,19,54853,40.780677795410156,50
post_phase12_module2_M2-A,M2-A,R030,2018 ke pehle ODI mein Pakistan ko New Zealand se kitni runs ki shikast hui,KI,44267,ROMAN,roman_char3gram_bm25_method_D,20,9914,40.67349624633789,50
post_phase12_module2_M2-A,M2-A,R030,2018 ke pehle ODI mein Pakistan ko New Zealand se kitni runs ki shikast hui,KI,44267,ROMAN,roman_char3gram_bm25_method_D,21,2270,40.65434265136719,50
post_phase12_module2_M2-A,M2-A,R030,2018 ke pehle ODI mein Pakistan ko New Zealand se kitni runs ki shikast hui,KI,44267,ROMAN,roman_char3gram_bm25_method_D,22,99173,40.59039306640625,50
post_phase12_module2_M2-A,M2-A,R030,2018 ke pehle ODI mein Pakistan ko New Zealand se kitni runs ki shikast hui,KI,44267,ROMAN,roman_char3gram_bm25_method_D,23,81693,40.546661376953125,50
post_phase12_module2_M2-A,M2-A,R030,2018 ke pehle ODI mein Pakistan ko New Zealand se kitni runs ki shikast hui,KI,44267,ROMAN,roman_char3gram_bm25_method_D,24,58533,40.5196418762207,50
post_phase12_module2_M2-A,M2-A,R030,2018 ke pehle ODI mein Pakistan ko New Zealand se kitni runs ki shikast hui,KI,44267,ROMAN,roman_char3gram_bm25_method_D,25,2368,40.518314361572266,50
post_phase12_module2_M2-A,M2-A,R030,2018 ke pehle ODI mein Pakistan ko New Zealand se kitni runs ki shikast hui,KI,44267,ROMAN,roman_char3gram_bm25_method_D,26,53703,40.4234619140625,50
post_phase12_module2_M2-A,M2-A,R030,2018 ke pehle ODI mein Pakistan ko New Zealand se kitni runs ki shikast hui,KI,44267,ROMAN,roman_char3gram_bm25_method_D,27,9294,40.421688079833984,50
post_phase12_module2_M2-A,M2-A,R030,2018 ke pehle ODI mein Pakistan ko New Zealand se kitni runs ki shikast hui,KI,44267,ROMAN,roman_char3gram_bm25_method_D,28,2480,40.336448669433594,50
post_phase12_module2_M2-A,M2-A,R030,2018 ke pehle ODI mein Pakistan ko New Zealand se kitni runs ki shikast hui,KI,44267,ROMAN,roman_char3gram_bm25_method_D,29,107305,40.3243408203125,50
post_phase12_module2_M2-A,M2-A,R030,2018 ke pehle ODI mein Pakistan ko New Zealand se kitni runs ki shikast hui,KI,44267,ROMAN,roman_char3gram_bm25_method_D,30,63328,40.127384185791016,50
post_phase12_module2_M2-A,M2-A,R030,2018 ke pehle ODI mein Pakistan ko New Zealand se kitni runs ki shikast hui,KI,44267,ROMAN,roman_char3gram_bm25_method_D,31,30882,40.036460876464844,50
post_phase12_module2_M2-A,M2-A,R030,2018 ke pehle ODI mein Pakistan ko New Zealand se kitni runs ki shikast hui,KI,44267,ROMAN,roman_char3gram_bm25_method_D,32,54210,39.953678131103516,50
post_phase12_module2_M2-A,M2-A,R030,2018 ke pehle ODI mein Pakistan ko New Zealand se kitni runs ki shikast hui,KI,44267,ROMAN,roman_char3gram_bm25_method_D,33,7376,39.93842315673828,50
post_phase12_module2_M2-A,M2-A,R030,2018 ke pehle ODI mein Pakistan ko New Zealand se kitni runs ki shikast hui,KI,44267,ROMAN,roman_char3gram_bm25_method_D,34,9592,39.892913818359375,50
post_phase12_module2_M2-A,M2-A,R030,2018 ke pehle ODI mein Pakistan ko New Zealand se kitni runs ki shikast hui,KI,44267,ROMAN,roman_char3gram_bm25_method_D,35,59803,39.831851959228516,50
post_phase12_module2_M2-A,M2-A,R030,2018 ke pehle ODI mein Pakistan ko New Zealand se kitni runs ki shikast hui,KI,44267,ROMAN,roman_char3gram_bm25_method_D,36,54581,39.74795913696289,50
post_phase12_module2_M2-A,M2-A,R030,2018 ke pehle ODI mein Pakistan ko New Zealand se kitni runs ki shikast hui,KI,44267,ROMAN,roman_char3gram_bm25_method_D,37,1890,39.695533752441406,50
post_phase12_module2_M2-A,M2-A,R030,2018 ke pehle ODI mein Pakistan ko New Zealand se kitni runs ki shikast hui,KI,44267,ROMAN,roman_char3gram_bm25_method_D,38,28199,39.68644714355469,50
post_phase12_module2_M2-A,M2-A,R030,2018 ke pehle ODI mein Pakistan ko New Zealand se kitni runs ki shikast hui,KI,44267,ROMAN,roman_char3gram_bm25_method_D,39,54244,39.58755111694336,50
post_phase12_module2_M2-A,M2-A,R030,2018 ke pehle ODI mein Pakistan ko New Zealand se kitni runs ki shikast hui,KI,44267,ROMAN,roman_char3gram_bm25_method_D,40,83023,39.57566833496094,50
post_phase12_module2_M2-A,M2-A,R030,2018 ke pehle ODI mein Pakistan ko New Zealand se kitni runs ki shikast hui,KI,44267,ROMAN,roman_char3gram_bm25_method_D,41,87515,39.54011154174805,50
post_phase12_module2_M2-A,M2-A,R030,2018 ke pehle ODI mein Pakistan ko New Zealand se kitni runs ki shikast hui,KI,44267,ROMAN,roman_char3gram_bm25_method_D,42,37744,39.515769958496094,50
post_phase12_module2_M2-A,M2-A,R030,2018 ke pehle ODI mein Pakistan ko New Zealand se kitni runs ki shikast hui,KI,44267,ROMAN,roman_char3gram_bm25_method_D,43,26865,39.50691223144531,50
post_phase12_module2_M2-A,M2-A,R030,2018 ke pehle ODI mein Pakistan ko New Zealand se kitni runs ki shikast hui,KI,44267,ROMAN,roman_char3gram_bm25_method_D,44,7708,39.375831604003906,50
post_phase12_module2_M2-A,M2-A,R030,2018 ke pehle ODI mein Pakistan ko New Zealand se kitni runs ki shikast hui,KI,44267,ROMAN,roman_char3gram_bm25_method_D,45,53938,39.36702346801758,50
post_phase12_module2_M2-A,M2-A,R030,2018 ke pehle ODI mein Pakistan ko New Zealand se kitni runs ki shikast hui,KI,44267,ROMAN,roman_char3gram_bm25_method_D,46,28198,39.340850830078125,50
post_phase12_module2_M2-A,M2-A,R030,2018 ke pehle ODI mein Pakistan ko New Zealand se kitni runs ki shikast hui,KI,44267,ROMAN,roman_char3gram_bm25_method_D,47,73443,39.31982421875,50
post_phase12_module2_M2-A,M2-A,R030,2018 ke pehle ODI mein Pakistan ko New Zealand se kitni runs ki shikast hui,KI,44267,ROMAN,roman_char3gram_bm25_method_D,48,99071,39.303558349609375,50
post_phase12_module2_M2-A,M2-A,R030,2018 ke pehle ODI mein Pakistan ko New Zealand se kitni runs ki shikast hui,KI,44267,ROMAN,roman_char3gram_bm25_method_D,49,2401,39.15574645996094,50
post_phase12_module2_M2-A,M2-A,R030,2018 ke pehle ODI mein Pakistan ko New Zealand se kitni runs ki shikast hui,KI,44267,ROMAN,roman_char3gram_bm25_method_D,50,54857,39.12043380737305,50
post_phase12_module2_M2-A,M2-A,R031,open market mein dollar ki qeemat 20 paisay kam hokar kitni reh gayi,KI,75827,ROMAN,roman_char3gram_bm25_method_D,1,73068,58.32496643066406,50
post_phase12_module2_M2-A,M2-A,R031,open market mein dollar ki qeemat 20 paisay kam hokar kitni reh gayi,KI,75827,ROMAN,roman_char3gram_bm25_method_D,2,71628,55.61328887939453,50
post_phase12_module2_M2-A,M2-A,R031,open market mein dollar ki qeemat 20 paisay kam hokar kitni reh gayi,KI,75827,ROMAN,roman_char3gram_bm25_method_D,3,70172,55.54592514038086,50
post_phase12_module2_M2-A,M2-A,R031,open market mein dollar ki qeemat 20 paisay kam hokar kitni reh gayi,KI,75827,ROMAN,roman_char3gram_bm25_method_D,4,109426,55.24994659423828,50
post_phase12_module2_M2-A,M2-A,R031,open market mein dollar ki qeemat 20 paisay kam hokar kitni reh gayi,KI,75827,ROMAN,roman_char3gram_bm25_method_D,5,1484,54.156944274902344,50
post_phase12_module2_M2-A,M2-A,R031,open market mein dollar ki qeemat 20 paisay kam hokar kitni reh gayi,KI,75827,ROMAN,roman_char3gram_bm25_method_D,6,72724,53.42392349243164,50
post_phase12_module2_M2-A,M2-A,R031,open market mein dollar ki qeemat 20 paisay kam hokar kitni reh gayi,KI,75827,ROMAN,roman_char3gram_bm25_method_D,7,64801,52.769805908203125,50
post_phase12_module2_M2-A,M2-A,R031,open market mein dollar ki qeemat 20 paisay kam hokar kitni reh gayi,KI,75827,ROMAN,roman_char3gram_bm25_method_D,8,64053,52.76620101928711,50
post_phase12_module2_M2-A,M2-A,R031,open market mein dollar ki qeemat 20 paisay kam hokar kitni reh gayi,KI,75827,ROMAN,roman_char3gram_bm25_method_D,9,3426,52.28766632080078,50
post_phase12_module2_M2-A,M2-A,R031,open market mein dollar ki qeemat 20 paisay kam hokar kitni reh gayi,KI,75827,ROMAN,roman_char3gram_bm25_method_D,10,110172,51.870548248291016,50
post_phase12_module2_M2-A,M2-A,R031,open market mein dollar ki qeemat 20 paisay kam hokar kitni reh gayi,KI,75827,ROMAN,roman_char3gram_bm25_method_D,11,70011,51.83372497558594,50
post_phase12_module2_M2-A,M2-A,R031,open market mein dollar ki qeemat 20 paisay kam hokar kitni reh gayi,KI,75827,ROMAN,roman_char3gram_bm25_method_D,12,72694,51.82119369506836,50
post_phase12_module2_M2-A,M2-A,R031,open market mein dollar ki qeemat 20 paisay kam hokar kitni reh gayi,KI,75827,ROMAN,roman_char3gram_bm25_method_D,13,63285,51.799137115478516,50
post_phase12_module2_M2-A,M2-A,R031,open market mein dollar ki qeemat 20 paisay kam hokar kitni reh gayi,KI,75827,ROMAN,roman_char3gram_bm25_method_D,14,65322,51.57624053955078,50
post_phase12_module2_M2-A,M2-A,R031,open market mein dollar ki qeemat 20 paisay kam hokar kitni reh gayi,KI,75827,ROMAN,roman_char3gram_bm25_method_D,15,71884,51.509117126464844,50
post_phase12_module2_M2-A,M2-A,R031,open market mein dollar ki qeemat 20 paisay kam hokar kitni reh gayi,KI,75827,ROMAN,roman_char3gram_bm25_method_D,16,72358,51.23693084716797,50
post_phase12_module2_M2-A,M2-A,R031,open market mein dollar ki qeemat 20 paisay kam hokar kitni reh gayi,KI,75827,ROMAN,roman_char3gram_bm25_method_D,17,72844,51.067604064941406,50
post_phase12_module2_M2-A,M2-A,R031,open market mein dollar ki qeemat 20 paisay kam hokar kitni reh gayi,KI,75827,ROMAN,roman_char3gram_bm25_method_D,18,71737,50.82091522216797,50
post_phase12_module2_M2-A,M2-A,R031,open market mein dollar ki qeemat 20 paisay kam hokar kitni reh gayi,KI,75827,ROMAN,roman_char3gram_bm25_method_D,19,76567,50.8204231262207,50
post_phase12_module2_M2-A,M2-A,R031,open market mein dollar ki qeemat 20 paisay kam hokar kitni reh gayi,KI,75827,ROMAN,roman_char3gram_bm25_method_D,20,73481,50.81779861450195,50
post_phase12_module2_M2-A,M2-A,R031,open market mein dollar ki qeemat 20 paisay kam hokar kitni reh gayi,KI,75827,ROMAN,roman_char3gram_bm25_method_D,21,65861,50.506072998046875,50
post_phase12_module2_M2-A,M2-A,R031,open market mein dollar ki qeemat 20 paisay kam hokar kitni reh gayi,KI,75827,ROMAN,roman_char3gram_bm25_method_D,22,73474,50.291683197021484,50
post_phase12_module2_M2-A,M2-A,R031,open market mein dollar ki qeemat 20 paisay kam hokar kitni reh gayi,KI,75827,ROMAN,roman_char3gram_bm25_method_D,23,39029,50.10038375854492,50
post_phase12_module2_M2-A,M2-A,R031,open market mein dollar ki qeemat 20 paisay kam hokar kitni reh gayi,KI,75827,ROMAN,roman_char3gram_bm25_method_D,24,63169,50.0643310546875,50
post_phase12_module2_M2-A,M2-A,R031,open market mein dollar ki qeemat 20 paisay kam hokar kitni reh gayi,KI,75827,ROMAN,roman_char3gram_bm25_method_D,25,73468,50.00418472290039,50
post_phase12_module2_M2-A,M2-A,R031,open market mein dollar ki qeemat 20 paisay kam hokar kitni reh gayi,KI,75827,ROMAN,roman_char3gram_bm25_method_D,26,63151,49.937347412109375,50
post_phase12_module2_M2-A,M2-A,R031,open market mein dollar ki qeemat 20 paisay kam hokar kitni reh gayi,KI,75827,ROMAN,roman_char3gram_bm25_method_D,27,71526,49.84056854248047,50
post_phase12_module2_M2-A,M2-A,R031,open market mein dollar ki qeemat 20 paisay kam hokar kitni reh gayi,KI,75827,ROMAN,roman_char3gram_bm25_method_D,28,70032,49.839237213134766,50
post_phase12_module2_M2-A,M2-A,R031,open market mein dollar ki qeemat 20 paisay kam hokar kitni reh gayi,KI,75827,ROMAN,roman_char3gram_bm25_method_D,29,109782,49.65553283691406,50
post_phase12_module2_M2-A,M2-A,R031,open market mein dollar ki qeemat 20 paisay kam hokar kitni reh gayi,KI,75827,ROMAN,roman_char3gram_bm25_method_D,30,65760,49.625732421875,50
post_phase12_module2_M2-A,M2-A,R031,open market mein dollar ki qeemat 20 paisay kam hokar kitni reh gayi,KI,75827,ROMAN,roman_char3gram_bm25_method_D,31,63116,49.54400634765625,50
post_phase12_module2_M2-A,M2-A,R031,open market mein dollar ki qeemat 20 paisay kam hokar kitni reh gayi,KI,75827,ROMAN,roman_char3gram_bm25_method_D,32,72270,49.537933349609375,50
post_phase12_module2_M2-A,M2-A,R031,open market mein dollar ki qeemat 20 paisay kam hokar kitni reh gayi,KI,75827,ROMAN,roman_char3gram_bm25_method_D,33,108975,49.424102783203125,50
post_phase12_module2_M2-A,M2-A,R031,open market mein dollar ki qeemat 20 paisay kam hokar kitni reh gayi,KI,75827,ROMAN,roman_char3gram_bm25_method_D,34,65860,49.35659408569336,50
post_phase12_module2_M2-A,M2-A,R031,open market mein dollar ki qeemat 20 paisay kam hokar kitni reh gayi,KI,75827,ROMAN,roman_char3gram_bm25_method_D,35,65745,49.350528717041016,50
post_phase12_module2_M2-A,M2-A,R031,open market mein dollar ki qeemat 20 paisay kam hokar kitni reh gayi,KI,75827,ROMAN,roman_char3gram_bm25_method_D,36,110357,49.32974624633789,50
post_phase12_module2_M2-A,M2-A,R031,open market mein dollar ki qeemat 20 paisay kam hokar kitni reh gayi,KI,75827,ROMAN,roman_char3gram_bm25_method_D,37,76881,49.24430847167969,50
post_phase12_module2_M2-A,M2-A,R031,open market mein dollar ki qeemat 20 paisay kam hokar kitni reh gayi,KI,75827,ROMAN,roman_char3gram_bm25_method_D,38,109202,49.12246322631836,50
post_phase12_module2_M2-A,M2-A,R031,open market mein dollar ki qeemat 20 paisay kam hokar kitni reh gayi,KI,75827,ROMAN,roman_char3gram_bm25_method_D,39,1387,49.01283264160156,50
post_phase12_module2_M2-A,M2-A,R031,open market mein dollar ki qeemat 20 paisay kam hokar kitni reh gayi,KI,75827,ROMAN,roman_char3gram_bm25_method_D,40,63133,48.99579620361328,50
post_phase12_module2_M2-A,M2-A,R031,open market mein dollar ki qeemat 20 paisay kam hokar kitni reh gayi,KI,75827,ROMAN,roman_char3gram_bm25_method_D,41,110394,48.93936538696289,50
post_phase12_module2_M2-A,M2-A,R031,open market mein dollar ki qeemat 20 paisay kam hokar kitni reh gayi,KI,75827,ROMAN,roman_char3gram_bm25_method_D,42,2261,48.915008544921875,50
post_phase12_module2_M2-A,M2-A,R031,open market mein dollar ki qeemat 20 paisay kam hokar kitni reh gayi,KI,75827,ROMAN,roman_char3gram_bm25_method_D,43,109589,48.862152099609375,50
post_phase12_module2_M2-A,M2-A,R031,open market mein dollar ki qeemat 20 paisay kam hokar kitni reh gayi,KI,75827,ROMAN,roman_char3gram_bm25_method_D,44,63163,48.833412170410156,50
post_phase12_module2_M2-A,M2-A,R031,open market mein dollar ki qeemat 20 paisay kam hokar kitni reh gayi,KI,75827,ROMAN,roman_char3gram_bm25_method_D,45,110214,48.74919128417969,50
post_phase12_module2_M2-A,M2-A,R031,open market mein dollar ki qeemat 20 paisay kam hokar kitni reh gayi,KI,75827,ROMAN,roman_char3gram_bm25_method_D,46,73351,48.745670318603516,50
post_phase12_module2_M2-A,M2-A,R031,open market mein dollar ki qeemat 20 paisay kam hokar kitni reh gayi,KI,75827,ROMAN,roman_char3gram_bm25_method_D,47,110334,48.6458854675293,50
post_phase12_module2_M2-A,M2-A,R031,open market mein dollar ki qeemat 20 paisay kam hokar kitni reh gayi,KI,75827,ROMAN,roman_char3gram_bm25_method_D,48,71408,48.509700775146484,50
post_phase12_module2_M2-A,M2-A,R031,open market mein dollar ki qeemat 20 paisay kam hokar kitni reh gayi,KI,75827,ROMAN,roman_char3gram_bm25_method_D,49,109129,48.50114059448242,50
post_phase12_module2_M2-A,M2-A,R031,open market mein dollar ki qeemat 20 paisay kam hokar kitni reh gayi,KI,75827,ROMAN,roman_char3gram_bm25_method_D,50,110245,48.44719314575195,50
post_phase12_module2_M2-A,M2-A,R032,ارطغرل ڈرامے ki Halima Sultan Pakistan aane ki khwahish kyun zahir ki,KI,97791,MIXED,urdu_char3gram_bm25,1,4773,91.36759948730469,50
post_phase12_module2_M2-A,M2-A,R032,ارطغرل ڈرامے ki Halima Sultan Pakistan aane ki khwahish kyun zahir ki,KI,97791,MIXED,urdu_char3gram_bm25,2,4923,91.33662414550781,50
post_phase12_module2_M2-A,M2-A,R032,ارطغرل ڈرامے ki Halima Sultan Pakistan aane ki khwahish kyun zahir ki,KI,97791,MIXED,urdu_char3gram_bm25,3,4798,91.3083267211914,50
post_phase12_module2_M2-A,M2-A,R032,ارطغرل ڈرامے ki Halima Sultan Pakistan aane ki khwahish kyun zahir ki,KI,97791,MIXED,urdu_char3gram_bm25,4,4800,91.19595336914062,50
post_phase12_module2_M2-A,M2-A,R032,ارطغرل ڈرامے ki Halima Sultan Pakistan aane ki khwahish kyun zahir ki,KI,97791,MIXED,urdu_char3gram_bm25,5,4794,91.11361694335938,50
post_phase12_module2_M2-A,M2-A,R032,ارطغرل ڈرامے ki Halima Sultan Pakistan aane ki khwahish kyun zahir ki,KI,97791,MIXED,urdu_char3gram_bm25,6,4824,90.88768005371094,50
post_phase12_module2_M2-A,M2-A,R032,ارطغرل ڈرامے ki Halima Sultan Pakistan aane ki khwahish kyun zahir ki,KI,97791,MIXED,urdu_char3gram_bm25,7,4674,90.39142608642578,50
post_phase12_module2_M2-A,M2-A,R032,ارطغرل ڈرامے ki Halima Sultan Pakistan aane ki khwahish kyun zahir ki,KI,97791,MIXED,urdu_char3gram_bm25,8,4803,90.37073516845703,50
post_phase12_module2_M2-A,M2-A,R032,ارطغرل ڈرامے ki Halima Sultan Pakistan aane ki khwahish kyun zahir ki,KI,97791,MIXED,urdu_char3gram_bm25,9,3651,90.31822967529297,50
post_phase12_module2_M2-A,M2-A,R032,ارطغرل ڈرامے ki Halima Sultan Pakistan aane ki khwahish kyun zahir ki,KI,97791,MIXED,urdu_char3gram_bm25,10,4692,90.22236633300781,50
post_phase12_module2_M2-A,M2-A,R032,ارطغرل ڈرامے ki Halima Sultan Pakistan aane ki khwahish kyun zahir ki,KI,97791,MIXED,urdu_char3gram_bm25,11,4804,89.87139129638672,50
post_phase12_module2_M2-A,M2-A,R032,ارطغرل ڈرامے ki Halima Sultan Pakistan aane ki khwahish kyun zahir ki,KI,97791,MIXED,urdu_char3gram_bm25,12,97731,89.613525390625,50
post_phase12_module2_M2-A,M2-A,R032,ارطغرل ڈرامے ki Halima Sultan Pakistan aane ki khwahish kyun zahir ki,KI,97791,MIXED,urdu_char3gram_bm25,13,4948,89.53437805175781,50
post_phase12_module2_M2-A,M2-A,R032,ارطغرل ڈرامے ki Halima Sultan Pakistan aane ki khwahish kyun zahir ki,KI,97791,MIXED,urdu_char3gram_bm25,14,4466,89.23135375976562,50
post_phase12_module2_M2-A,M2-A,R032,ارطغرل ڈرامے ki Halima Sultan Pakistan aane ki khwahish kyun zahir ki,KI,97791,MIXED,urdu_char3gram_bm25,15,4025,89.1363525390625,50
post_phase12_module2_M2-A,M2-A,R032,ارطغرل ڈرامے ki Halima Sultan Pakistan aane ki khwahish kyun zahir ki,KI,97791,MIXED,urdu_char3gram_bm25,16,5611,89.09441375732422,50
post_phase12_module2_M2-A,M2-A,R032,ارطغرل ڈرامے ki Halima Sultan Pakistan aane ki khwahish kyun zahir ki,KI,97791,MIXED,urdu_char3gram_bm25,17,4784,88.92764282226562,50
post_phase12_module2_M2-A,M2-A,R032,ارطغرل ڈرامے ki Halima Sultan Pakistan aane ki khwahish kyun zahir ki,KI,97791,MIXED,urdu_char3gram_bm25,18,4772,88.77059936523438,50
post_phase12_module2_M2-A,M2-A,R032,ارطغرل ڈرامے ki Halima Sultan Pakistan aane ki khwahish kyun zahir ki,KI,97791,MIXED,urdu_char3gram_bm25,19,4811,88.469482421875,50
post_phase12_module2_M2-A,M2-A,R032,ارطغرل ڈرامے ki Halima Sultan Pakistan aane ki khwahish kyun zahir ki,KI,97791,MIXED,urdu_char3gram_bm25,20,4847,88.46092987060547,50
post_phase12_module2_M2-A,M2-A,R032,ارطغرل ڈرامے ki Halima Sultan Pakistan aane ki khwahish kyun zahir ki,KI,97791,MIXED,urdu_char3gram_bm25,21,97843,88.45067596435547,50
post_phase12_module2_M2-A,M2-A,R032,ارطغرل ڈرامے ki Halima Sultan Pakistan aane ki khwahish kyun zahir ki,KI,97791,MIXED,urdu_char3gram_bm25,22,4831,88.38246154785156,50
post_phase12_module2_M2-A,M2-A,R032,ارطغرل ڈرامے ki Halima Sultan Pakistan aane ki khwahish kyun zahir ki,KI,97791,MIXED,urdu_char3gram_bm25,23,5651,88.2779541015625,50
post_phase12_module2_M2-A,M2-A,R032,ارطغرل ڈرامے ki Halima Sultan Pakistan aane ki khwahish kyun zahir ki,KI,97791,MIXED,urdu_char3gram_bm25,24,4715,88.04812622070312,50
post_phase12_module2_M2-A,M2-A,R032,ارطغرل ڈرامے ki Halima Sultan Pakistan aane ki khwahish kyun zahir ki,KI,97791,MIXED,urdu_char3gram_bm25,25,4828,87.90569305419922,50
post_phase12_module2_M2-A,M2-A,R032,ارطغرل ڈرامے ki Halima Sultan Pakistan aane ki khwahish kyun zahir ki,KI,97791,MIXED,urdu_char3gram_bm25,26,4818,87.88955688476562,50
post_phase12_module2_M2-A,M2-A,R032,ارطغرل ڈرامے ki Halima Sultan Pakistan aane ki khwahish kyun zahir ki,KI,97791,MIXED,urdu_char3gram_bm25,27,4717,87.77290344238281,50
post_phase12_module2_M2-A,M2-A,R032,ارطغرل ڈرامے ki Halima Sultan Pakistan aane ki khwahish kyun zahir ki,KI,97791,MIXED,urdu_char3gram_bm25,28,4763,87.49188232421875,50
post_phase12_module2_M2-A,M2-A,R032,ارطغرل ڈرامے ki Halima Sultan Pakistan aane ki khwahish kyun zahir ki,KI,97791,MIXED,urdu_char3gram_bm25,29,4574,87.24712371826172,50
post_phase12_module2_M2-A,M2-A,R032,ارطغرل ڈرامے ki Halima Sultan Pakistan aane ki khwahish kyun zahir ki,KI,97791,MIXED,urdu_char3gram_bm25,30,4840,87.1993637084961,50
post_phase12_module2_M2-A,M2-A,R032,ارطغرل ڈرامے ki Halima Sultan Pakistan aane ki khwahish kyun zahir ki,KI,97791,MIXED,urdu_char3gram_bm25,31,4639,87.1827392578125,50
post_phase12_module2_M2-A,M2-A,R032,ارطغرل ڈرامے ki Halima Sultan Pakistan aane ki khwahish kyun zahir ki,KI,97791,MIXED,urdu_char3gram_bm25,32,5493,87.07189178466797,50
post_phase12_module2_M2-A,M2-A,R032,ارطغرل ڈرامے ki Halima Sultan Pakistan aane ki khwahish kyun zahir ki,KI,97791,MIXED,urdu_char3gram_bm25,33,4857,86.97895812988281,50
post_phase12_module2_M2-A,M2-A,R032,ارطغرل ڈرامے ki Halima Sultan Pakistan aane ki khwahish kyun zahir ki,KI,97791,MIXED,urdu_char3gram_bm25,34,4782,86.94535827636719,50
post_phase12_module2_M2-A,M2-A,R032,ارطغرل ڈرامے ki Halima Sultan Pakistan aane ki khwahish kyun zahir ki,KI,97791,MIXED,urdu_char3gram_bm25,35,4222,86.87071228027344,50
post_phase12_module2_M2-A,M2-A,R032,ارطغرل ڈرامے ki Halima Sultan Pakistan aane ki khwahish kyun zahir ki,KI,97791,MIXED,urdu_char3gram_bm25,36,4744,86.63186645507812,50
post_phase12_module2_M2-A,M2-A,R032,ارطغرل ڈرامے ki Halima Sultan Pakistan aane ki khwahish kyun zahir ki,KI,97791,MIXED,urdu_char3gram_bm25,37,4402,86.18013000488281,50
post_phase12_module2_M2-A,M2-A,R032,ارطغرل ڈرامے ki Halima Sultan Pakistan aane ki khwahish kyun zahir ki,KI,97791,MIXED,urdu_char3gram_bm25,38,4825,86.16073608398438,50
post_phase12_module2_M2-A,M2-A,R032,ارطغرل ڈرامے ki Halima Sultan Pakistan aane ki khwahish kyun zahir ki,KI,97791,MIXED,urdu_char3gram_bm25,39,4734,86.15497589111328,50
post_phase12_module2_M2-A,M2-A,R032,ارطغرل ڈرامے ki Halima Sultan Pakistan aane ki khwahish kyun zahir ki,KI,97791,MIXED,urdu_char3gram_bm25,40,4052,86.14372253417969,50
post_phase12_module2_M2-A,M2-A,R032,ارطغرل ڈرامے ki Halima Sultan Pakistan aane ki khwahish kyun zahir ki,KI,97791,MIXED,urdu_char3gram_bm25,41,4283,86.1199951171875,50
post_phase12_module2_M2-A,M2-A,R032,ارطغرل ڈرامے ki Halima Sultan Pakistan aane ki khwahish kyun zahir ki,KI,97791,MIXED,urdu_char3gram_bm25,42,4797,86.0976333618164,50
post_phase12_module2_M2-A,M2-A,R032,ارطغرل ڈرامے ki Halima Sultan Pakistan aane ki khwahish kyun zahir ki,KI,97791,MIXED,urdu_char3gram_bm25,43,4253,86.01657104492188,50
post_phase12_module2_M2-A,M2-A,R032,ارطغرل ڈرامے ki Halima Sultan Pakistan aane ki khwahish kyun zahir ki,KI,97791,MIXED,urdu_char3gram_bm25,44,4700,85.93626403808594,50
post_phase12_module2_M2-A,M2-A,R032,ارطغرل ڈرامے ki Halima Sultan Pakistan aane ki khwahish kyun zahir ki,KI,97791,MIXED,urdu_char3gram_bm25,45,4856,85.72872924804688,50
post_phase12_module2_M2-A,M2-A,R032,ارطغرل ڈرامے ki Halima Sultan Pakistan aane ki khwahish kyun zahir ki,KI,97791,MIXED,urdu_char3gram_bm25,46,97857,85.72023010253906,50
post_phase12_module2_M2-A,M2-A,R032,ارطغرل ڈرامے ki Halima Sultan Pakistan aane ki khwahish kyun zahir ki,KI,97791,MIXED,urdu_char3gram_bm25,47,4885,85.3274154663086,50
post_phase12_module2_M2-A,M2-A,R032,ارطغرل ڈرامے ki Halima Sultan Pakistan aane ki khwahish kyun zahir ki,KI,97791,MIXED,urdu_char3gram_bm25,48,3904,85.225830078125,50
post_phase12_module2_M2-A,M2-A,R032,ارطغرل ڈرامے ki Halima Sultan Pakistan aane ki khwahish kyun zahir ki,KI,97791,MIXED,urdu_char3gram_bm25,49,4240,84.986572265625,50
post_phase12_module2_M2-A,M2-A,R032,ارطغرل ڈرامے ki Halima Sultan Pakistan aane ki khwahish kyun zahir ki,KI,97791,MIXED,urdu_char3gram_bm25,50,4368,84.93978118896484,50
post_phase12_module2_M2-A,M2-A,R033,ٹرمپ ke pehle tees dinon mein Dow Jones ka century record kyun toota,KI,39798,MIXED,urdu_char3gram_bm25,1,101582,31.938831329345703,50
post_phase12_module2_M2-A,M2-A,R033,ٹرمپ ke pehle tees dinon mein Dow Jones ka century record kyun toota,KI,39798,MIXED,urdu_char3gram_bm25,2,68658,31.899127960205078,50
post_phase12_module2_M2-A,M2-A,R033,ٹرمپ ke pehle tees dinon mein Dow Jones ka century record kyun toota,KI,39798,MIXED,urdu_char3gram_bm25,3,102657,31.814054489135742,50
post_phase12_module2_M2-A,M2-A,R033,ٹرمپ ke pehle tees dinon mein Dow Jones ka century record kyun toota,KI,39798,MIXED,urdu_char3gram_bm25,4,49387,31.788898468017578,50
post_phase12_module2_M2-A,M2-A,R033,ٹرمپ ke pehle tees dinon mein Dow Jones ka century record kyun toota,KI,39798,MIXED,urdu_char3gram_bm25,5,3777,31.716144561767578,50
post_phase12_module2_M2-A,M2-A,R033,ٹرمپ ke pehle tees dinon mein Dow Jones ka century record kyun toota,KI,39798,MIXED,urdu_char3gram_bm25,6,10342,31.67251968383789,50
post_phase12_module2_M2-A,M2-A,R033,ٹرمپ ke pehle tees dinon mein Dow Jones ka century record kyun toota,KI,39798,MIXED,urdu_char3gram_bm25,7,11895,31.53838348388672,50
post_phase12_module2_M2-A,M2-A,R033,ٹرمپ ke pehle tees dinon mein Dow Jones ka century record kyun toota,KI,39798,MIXED,urdu_char3gram_bm25,8,101812,31.44830894470215,50
post_phase12_module2_M2-A,M2-A,R033,ٹرمپ ke pehle tees dinon mein Dow Jones ka century record kyun toota,KI,39798,MIXED,urdu_char3gram_bm25,9,5247,31.446617126464844,50
post_phase12_module2_M2-A,M2-A,R033,ٹرمپ ke pehle tees dinon mein Dow Jones ka century record kyun toota,KI,39798,MIXED,urdu_char3gram_bm25,10,8519,31.438430786132812,50
post_phase12_module2_M2-A,M2-A,R033,ٹرمپ ke pehle tees dinon mein Dow Jones ka century record kyun toota,KI,39798,MIXED,urdu_char3gram_bm25,11,60710,31.431259155273438,50
post_phase12_module2_M2-A,M2-A,R033,ٹرمپ ke pehle tees dinon mein Dow Jones ka century record kyun toota,KI,39798,MIXED,urdu_char3gram_bm25,12,50405,31.406326293945312,50
post_phase12_module2_M2-A,M2-A,R033,ٹرمپ ke pehle tees dinon mein Dow Jones ka century record kyun toota,KI,39798,MIXED,urdu_char3gram_bm25,13,11826,31.40399169921875,50
post_phase12_module2_M2-A,M2-A,R033,ٹرمپ ke pehle tees dinon mein Dow Jones ka century record kyun toota,KI,39798,MIXED,urdu_char3gram_bm25,14,12249,31.301469802856445,50
post_phase12_module2_M2-A,M2-A,R033,ٹرمپ ke pehle tees dinon mein Dow Jones ka century record kyun toota,KI,39798,MIXED,urdu_char3gram_bm25,15,6676,31.300050735473633,50
post_phase12_module2_M2-A,M2-A,R033,ٹرمپ ke pehle tees dinon mein Dow Jones ka century record kyun toota,KI,39798,MIXED,urdu_char3gram_bm25,16,5196,31.265804290771484,50
post_phase12_module2_M2-A,M2-A,R033,ٹرمپ ke pehle tees dinon mein Dow Jones ka century record kyun toota,KI,39798,MIXED,urdu_char3gram_bm25,17,11393,31.262035369873047,50
post_phase12_module2_M2-A,M2-A,R033,ٹرمپ ke pehle tees dinon mein Dow Jones ka century record kyun toota,KI,39798,MIXED,urdu_char3gram_bm25,18,7133,31.238861083984375,50
post_phase12_module2_M2-A,M2-A,R033,ٹرمپ ke pehle tees dinon mein Dow Jones ka century record kyun toota,KI,39798,MIXED,urdu_char3gram_bm25,19,4021,31.234737396240234,50
post_phase12_module2_M2-A,M2-A,R033,ٹرمپ ke pehle tees dinon mein Dow Jones ka century record kyun toota,KI,39798,MIXED,urdu_char3gram_bm25,20,50913,31.173625946044922,50
post_phase12_module2_M2-A,M2-A,R033,ٹرمپ ke pehle tees dinon mein Dow Jones ka century record kyun toota,KI,39798,MIXED,urdu_char3gram_bm25,21,10187,31.160253524780273,50
post_phase12_module2_M2-A,M2-A,R033,ٹرمپ ke pehle tees dinon mein Dow Jones ka century record kyun toota,KI,39798,MIXED,urdu_char3gram_bm25,22,22477,31.15606117248535,50
post_phase12_module2_M2-A,M2-A,R033,ٹرمپ ke pehle tees dinon mein Dow Jones ka century record kyun toota,KI,39798,MIXED,urdu_char3gram_bm25,23,3789,31.153499603271484,50
post_phase12_module2_M2-A,M2-A,R033,ٹرمپ ke pehle tees dinon mein Dow Jones ka century record kyun toota,KI,39798,MIXED,urdu_char3gram_bm25,24,11860,31.128660202026367,50
post_phase12_module2_M2-A,M2-A,R033,ٹرمپ ke pehle tees dinon mein Dow Jones ka century record kyun toota,KI,39798,MIXED,urdu_char3gram_bm25,25,7648,31.112215042114258,50
post_phase12_module2_M2-A,M2-A,R033,ٹرمپ ke pehle tees dinon mein Dow Jones ka century record kyun toota,KI,39798,MIXED,urdu_char3gram_bm25,26,50114,31.068727493286133,50
post_phase12_module2_M2-A,M2-A,R033,ٹرمپ ke pehle tees dinon mein Dow Jones ka century record kyun toota,KI,39798,MIXED,urdu_char3gram_bm25,27,101591,31.022079467773438,50
post_phase12_module2_M2-A,M2-A,R033,ٹرمپ ke pehle tees dinon mein Dow Jones ka century record kyun toota,KI,39798,MIXED,urdu_char3gram_bm25,28,9821,31.01352310180664,50
post_phase12_module2_M2-A,M2-A,R033,ٹرمپ ke pehle tees dinon mein Dow Jones ka century record kyun toota,KI,39798,MIXED,urdu_char3gram_bm25,29,39858,30.980758666992188,50
post_phase12_module2_M2-A,M2-A,R033,ٹرمپ ke pehle tees dinon mein Dow Jones ka century record kyun toota,KI,39798,MIXED,urdu_char3gram_bm25,30,7375,30.842668533325195,50
post_phase12_module2_M2-A,M2-A,R033,ٹرمپ ke pehle tees dinon mein Dow Jones ka century record kyun toota,KI,39798,MIXED,urdu_char3gram_bm25,31,21938,30.818796157836914,50
post_phase12_module2_M2-A,M2-A,R033,ٹرمپ ke pehle tees dinon mein Dow Jones ka century record kyun toota,KI,39798,MIXED,urdu_char3gram_bm25,32,10094,30.773757934570312,50
post_phase12_module2_M2-A,M2-A,R033,ٹرمپ ke pehle tees dinon mein Dow Jones ka century record kyun toota,KI,39798,MIXED,urdu_char3gram_bm25,33,17898,30.770090103149414,50
post_phase12_module2_M2-A,M2-A,R033,ٹرمپ ke pehle tees dinon mein Dow Jones ka century record kyun toota,KI,39798,MIXED,urdu_char3gram_bm25,34,79473,30.672740936279297,50
post_phase12_module2_M2-A,M2-A,R033,ٹرمپ ke pehle tees dinon mein Dow Jones ka century record kyun toota,KI,39798,MIXED,urdu_char3gram_bm25,35,40543,30.657398223876953,50
post_phase12_module2_M2-A,M2-A,R033,ٹرمپ ke pehle tees dinon mein Dow Jones ka century record kyun toota,KI,39798,MIXED,urdu_char3gram_bm25,36,50340,30.65030288696289,50
post_phase12_module2_M2-A,M2-A,R033,ٹرمپ ke pehle tees dinon mein Dow Jones ka century record kyun toota,KI,39798,MIXED,urdu_char3gram_bm25,37,22490,30.644832611083984,50
post_phase12_module2_M2-A,M2-A,R033,ٹرمپ ke pehle tees dinon mein Dow Jones ka century record kyun toota,KI,39798,MIXED,urdu_char3gram_bm25,38,17927,30.635787963867188,50
post_phase12_module2_M2-A,M2-A,R033,ٹرمپ ke pehle tees dinon mein Dow Jones ka century record kyun toota,KI,39798,MIXED,urdu_char3gram_bm25,39,21267,30.625438690185547,50
post_phase12_module2_M2-A,M2-A,R033,ٹرمپ ke pehle tees dinon mein Dow Jones ka century record kyun toota,KI,39798,MIXED,urdu_char3gram_bm25,40,20038,30.62526512145996,50
post_phase12_module2_M2-A,M2-A,R033,ٹرمپ ke pehle tees dinon mein Dow Jones ka century record kyun toota,KI,39798,MIXED,urdu_char3gram_bm25,41,19547,30.574138641357422,50
post_phase12_module2_M2-A,M2-A,R033,ٹرمپ ke pehle tees dinon mein Dow Jones ka century record kyun toota,KI,39798,MIXED,urdu_char3gram_bm25,42,72879,30.52400016784668,50
post_phase12_module2_M2-A,M2-A,R033,ٹرمپ ke pehle tees dinon mein Dow Jones ka century record kyun toota,KI,39798,MIXED,urdu_char3gram_bm25,43,50163,30.489534378051758,50
post_phase12_module2_M2-A,M2-A,R033,ٹرمپ ke pehle tees dinon mein Dow Jones ka century record kyun toota,KI,39798,MIXED,urdu_char3gram_bm25,44,12475,30.466907501220703,50
post_phase12_module2_M2-A,M2-A,R033,ٹرمپ ke pehle tees dinon mein Dow Jones ka century record kyun toota,KI,39798,MIXED,urdu_char3gram_bm25,45,101569,30.444316864013672,50
post_phase12_module2_M2-A,M2-A,R033,ٹرمپ ke pehle tees dinon mein Dow Jones ka century record kyun toota,KI,39798,MIXED,urdu_char3gram_bm25,46,68590,30.42780876159668,50
post_phase12_module2_M2-A,M2-A,R033,ٹرمپ ke pehle tees dinon mein Dow Jones ka century record kyun toota,KI,39798,MIXED,urdu_char3gram_bm25,47,79761,30.382909774780273,50
post_phase12_module2_M2-A,M2-A,R033,ٹرمپ ke pehle tees dinon mein Dow Jones ka century record kyun toota,KI,39798,MIXED,urdu_char3gram_bm25,48,19236,30.378143310546875,50
post_phase12_module2_M2-A,M2-A,R033,ٹرمپ ke pehle tees dinon mein Dow Jones ka century record kyun toota,KI,39798,MIXED,urdu_char3gram_bm25,49,31938,30.29340171813965,50
post_phase12_module2_M2-A,M2-A,R033,ٹرمپ ke pehle tees dinon mein Dow Jones ka century record kyun toota,KI,39798,MIXED,urdu_char3gram_bm25,50,4235,30.2893009185791,50
post_phase12_module2_M2-A,M2-A,R034,شعیب ملک Champions Trophy mein kitni martaba shamil ho chuke hain,KI,56105,MIXED,urdu_char3gram_bm25,1,42626,32.34478759765625,50
post_phase12_module2_M2-A,M2-A,R034,شعیب ملک Champions Trophy mein kitni martaba shamil ho chuke hain,KI,56105,MIXED,urdu_char3gram_bm25,2,84810,32.02884292602539,50
post_phase12_module2_M2-A,M2-A,R034,شعیب ملک Champions Trophy mein kitni martaba shamil ho chuke hain,KI,56105,MIXED,urdu_char3gram_bm25,3,45006,31.993703842163086,50
post_phase12_module2_M2-A,M2-A,R034,شعیب ملک Champions Trophy mein kitni martaba shamil ho chuke hain,KI,56105,MIXED,urdu_char3gram_bm25,4,54328,31.597042083740234,50
post_phase12_module2_M2-A,M2-A,R034,شعیب ملک Champions Trophy mein kitni martaba shamil ho chuke hain,KI,56105,MIXED,urdu_char3gram_bm25,5,80492,31.584421157836914,50
post_phase12_module2_M2-A,M2-A,R034,شعیب ملک Champions Trophy mein kitni martaba shamil ho chuke hain,KI,56105,MIXED,urdu_char3gram_bm25,6,42545,31.500186920166016,50
post_phase12_module2_M2-A,M2-A,R034,شعیب ملک Champions Trophy mein kitni martaba shamil ho chuke hain,KI,56105,MIXED,urdu_char3gram_bm25,7,90113,31.45417022705078,50
post_phase12_module2_M2-A,M2-A,R034,شعیب ملک Champions Trophy mein kitni martaba shamil ho chuke hain,KI,56105,MIXED,urdu_char3gram_bm25,8,82482,31.439029693603516,50
post_phase12_module2_M2-A,M2-A,R034,شعیب ملک Champions Trophy mein kitni martaba shamil ho chuke hain,KI,56105,MIXED,urdu_char3gram_bm25,9,52089,31.427433013916016,50
post_phase12_module2_M2-A,M2-A,R034,شعیب ملک Champions Trophy mein kitni martaba shamil ho chuke hain,KI,56105,MIXED,urdu_char3gram_bm25,10,82486,31.405799865722656,50
post_phase12_module2_M2-A,M2-A,R034,شعیب ملک Champions Trophy mein kitni martaba shamil ho chuke hain,KI,56105,MIXED,urdu_char3gram_bm25,11,46995,31.37151527404785,50
post_phase12_module2_M2-A,M2-A,R034,شعیب ملک Champions Trophy mein kitni martaba shamil ho chuke hain,KI,56105,MIXED,urdu_char3gram_bm25,12,84837,31.290977478027344,50
post_phase12_module2_M2-A,M2-A,R034,شعیب ملک Champions Trophy mein kitni martaba shamil ho chuke hain,KI,56105,MIXED,urdu_char3gram_bm25,13,81267,31.275245666503906,50
post_phase12_module2_M2-A,M2-A,R034,شعیب ملک Champions Trophy mein kitni martaba shamil ho chuke hain,KI,56105,MIXED,urdu_char3gram_bm25,14,11504,31.261899948120117,50
post_phase12_module2_M2-A,M2-A,R034,شعیب ملک Champions Trophy mein kitni martaba shamil ho chuke hain,KI,56105,MIXED,urdu_char3gram_bm25,15,7935,31.23383331298828,50
post_phase12_module2_M2-A,M2-A,R034,شعیب ملک Champions Trophy mein kitni martaba shamil ho chuke hain,KI,56105,MIXED,urdu_char3gram_bm25,16,82885,31.228153228759766,50
post_phase12_module2_M2-A,M2-A,R034,شعیب ملک Champions Trophy mein kitni martaba shamil ho chuke hain,KI,56105,MIXED,urdu_char3gram_bm25,17,86204,31.224838256835938,50
post_phase12_module2_M2-A,M2-A,R034,شعیب ملک Champions Trophy mein kitni martaba shamil ho chuke hain,KI,56105,MIXED,urdu_char3gram_bm25,18,54578,31.173002243041992,50
post_phase12_module2_M2-A,M2-A,R034,شعیب ملک Champions Trophy mein kitni martaba shamil ho chuke hain,KI,56105,MIXED,urdu_char3gram_bm25,19,42624,31.170852661132812,50
post_phase12_module2_M2-A,M2-A,R034,شعیب ملک Champions Trophy mein kitni martaba shamil ho chuke hain,KI,56105,MIXED,urdu_char3gram_bm25,20,86847,31.162351608276367,50
post_phase12_module2_M2-A,M2-A,R034,شعیب ملک Champions Trophy mein kitni martaba shamil ho chuke hain,KI,56105,MIXED,urdu_char3gram_bm25,21,53486,31.142431259155273,50
post_phase12_module2_M2-A,M2-A,R034,شعیب ملک Champions Trophy mein kitni martaba shamil ho chuke hain,KI,56105,MIXED,urdu_char3gram_bm25,22,85211,31.107995986938477,50
post_phase12_module2_M2-A,M2-A,R034,شعیب ملک Champions Trophy mein kitni martaba shamil ho chuke hain,KI,56105,MIXED,urdu_char3gram_bm25,23,58531,31.083099365234375,50
post_phase12_module2_M2-A,M2-A,R034,شعیب ملک Champions Trophy mein kitni martaba shamil ho chuke hain,KI,56105,MIXED,urdu_char3gram_bm25,24,58525,31.03528594970703,50
post_phase12_module2_M2-A,M2-A,R034,شعیب ملک Champions Trophy mein kitni martaba shamil ho chuke hain,KI,56105,MIXED,urdu_char3gram_bm25,25,46972,30.996767044067383,50
post_phase12_module2_M2-A,M2-A,R034,شعیب ملک Champions Trophy mein kitni martaba shamil ho chuke hain,KI,56105,MIXED,urdu_char3gram_bm25,26,82650,30.952573776245117,50
post_phase12_module2_M2-A,M2-A,R034,شعیب ملک Champions Trophy mein kitni martaba shamil ho chuke hain,KI,56105,MIXED,urdu_char3gram_bm25,27,57822,30.95090103149414,50
post_phase12_module2_M2-A,M2-A,R034,شعیب ملک Champions Trophy mein kitni martaba shamil ho chuke hain,KI,56105,MIXED,urdu_char3gram_bm25,28,8289,30.927637100219727,50
post_phase12_module2_M2-A,M2-A,R034,شعیب ملک Champions Trophy mein kitni martaba shamil ho chuke hain,KI,56105,MIXED,urdu_char3gram_bm25,29,84845,30.913257598876953,50
post_phase12_module2_M2-A,M2-A,R034,شعیب ملک Champions Trophy mein kitni martaba shamil ho chuke hain,KI,56105,MIXED,urdu_char3gram_bm25,30,28515,30.905147552490234,50
post_phase12_module2_M2-A,M2-A,R034,شعیب ملک Champions Trophy mein kitni martaba shamil ho chuke hain,KI,56105,MIXED,urdu_char3gram_bm25,31,91847,30.886123657226562,50
post_phase12_module2_M2-A,M2-A,R034,شعیب ملک Champions Trophy mein kitni martaba shamil ho chuke hain,KI,56105,MIXED,urdu_char3gram_bm25,32,87340,30.884235382080078,50
post_phase12_module2_M2-A,M2-A,R034,شعیب ملک Champions Trophy mein kitni martaba shamil ho chuke hain,KI,56105,MIXED,urdu_char3gram_bm25,33,47594,30.853586196899414,50
post_phase12_module2_M2-A,M2-A,R034,شعیب ملک Champions Trophy mein kitni martaba shamil ho chuke hain,KI,56105,MIXED,urdu_char3gram_bm25,34,82997,30.852153778076172,50
post_phase12_module2_M2-A,M2-A,R034,شعیب ملک Champions Trophy mein kitni martaba shamil ho chuke hain,KI,56105,MIXED,urdu_char3gram_bm25,35,95571,30.838886260986328,50
post_phase12_module2_M2-A,M2-A,R034,شعیب ملک Champions Trophy mein kitni martaba shamil ho chuke hain,KI,56105,MIXED,urdu_char3gram_bm25,36,46893,30.80693244934082,50
post_phase12_module2_M2-A,M2-A,R034,شعیب ملک Champions Trophy mein kitni martaba shamil ho chuke hain,KI,56105,MIXED,urdu_char3gram_bm25,37,53229,30.784259796142578,50
post_phase12_module2_M2-A,M2-A,R034,شعیب ملک Champions Trophy mein kitni martaba shamil ho chuke hain,KI,56105,MIXED,urdu_char3gram_bm25,38,56105,30.770042419433594,50
post_phase12_module2_M2-A,M2-A,R034,شعیب ملک Champions Trophy mein kitni martaba shamil ho chuke hain,KI,56105,MIXED,urdu_char3gram_bm25,39,86205,30.74314308166504,50
post_phase12_module2_M2-A,M2-A,R034,شعیب ملک Champions Trophy mein kitni martaba shamil ho chuke hain,KI,56105,MIXED,urdu_char3gram_bm25,40,82641,30.72756576538086,50
post_phase12_module2_M2-A,M2-A,R034,شعیب ملک Champions Trophy mein kitni martaba shamil ho chuke hain,KI,56105,MIXED,urdu_char3gram_bm25,41,96943,30.67520523071289,50
post_phase12_module2_M2-A,M2-A,R034,شعیب ملک Champions Trophy mein kitni martaba shamil ho chuke hain,KI,56105,MIXED,urdu_char3gram_bm25,42,94247,30.59667205810547,50
post_phase12_module2_M2-A,M2-A,R034,شعیب ملک Champions Trophy mein kitni martaba shamil ho chuke hain,KI,56105,MIXED,urdu_char3gram_bm25,43,44177,30.594524383544922,50
post_phase12_module2_M2-A,M2-A,R034,شعیب ملک Champions Trophy mein kitni martaba shamil ho chuke hain,KI,56105,MIXED,urdu_char3gram_bm25,44,53072,30.592775344848633,50
post_phase12_module2_M2-A,M2-A,R034,شعیب ملک Champions Trophy mein kitni martaba shamil ho chuke hain,KI,56105,MIXED,urdu_char3gram_bm25,45,58748,30.570079803466797,50
post_phase12_module2_M2-A,M2-A,R034,شعیب ملک Champions Trophy mein kitni martaba shamil ho chuke hain,KI,56105,MIXED,urdu_char3gram_bm25,46,54634,30.56732940673828,50
post_phase12_module2_M2-A,M2-A,R034,شعیب ملک Champions Trophy mein kitni martaba shamil ho chuke hain,KI,56105,MIXED,urdu_char3gram_bm25,47,86610,30.499940872192383,50
post_phase12_module2_M2-A,M2-A,R034,شعیب ملک Champions Trophy mein kitni martaba shamil ho chuke hain,KI,56105,MIXED,urdu_char3gram_bm25,48,7931,30.460323333740234,50
post_phase12_module2_M2-A,M2-A,R034,شعیب ملک Champions Trophy mein kitni martaba shamil ho chuke hain,KI,56105,MIXED,urdu_char3gram_bm25,49,43834,30.449256896972656,50
post_phase12_module2_M2-A,M2-A,R034,شعیب ملک Champions Trophy mein kitni martaba shamil ho chuke hain,KI,56105,MIXED,urdu_char3gram_bm25,50,85749,30.439830780029297,50
post_phase12_module2_M2-A,M2-A,R035,راکھی ساونت Ludhiana court mein giraftari se kaise bach gayi,KI,10810,MIXED,urdu_char3gram_bm25,1,7938,46.312278747558594,50
post_phase12_module2_M2-A,M2-A,R035,راکھی ساونت Ludhiana court mein giraftari se kaise bach gayi,KI,10810,MIXED,urdu_char3gram_bm25,2,67055,46.08766174316406,50
post_phase12_module2_M2-A,M2-A,R035,راکھی ساونت Ludhiana court mein giraftari se kaise bach gayi,KI,10810,MIXED,urdu_char3gram_bm25,3,7869,46.01087951660156,50
post_phase12_module2_M2-A,M2-A,R035,راکھی ساونت Ludhiana court mein giraftari se kaise bach gayi,KI,10810,MIXED,urdu_char3gram_bm25,4,7986,45.74235916137695,50
post_phase12_module2_M2-A,M2-A,R035,راکھی ساونت Ludhiana court mein giraftari se kaise bach gayi,KI,10810,MIXED,urdu_char3gram_bm25,5,48273,45.009647369384766,50
post_phase12_module2_M2-A,M2-A,R035,راکھی ساونت Ludhiana court mein giraftari se kaise bach gayi,KI,10810,MIXED,urdu_char3gram_bm25,6,7849,44.959693908691406,50
post_phase12_module2_M2-A,M2-A,R035,راکھی ساونت Ludhiana court mein giraftari se kaise bach gayi,KI,10810,MIXED,urdu_char3gram_bm25,7,10810,44.938663482666016,50
post_phase12_module2_M2-A,M2-A,R035,راکھی ساونت Ludhiana court mein giraftari se kaise bach gayi,KI,10810,MIXED,urdu_char3gram_bm25,8,7971,44.89271926879883,50
post_phase12_module2_M2-A,M2-A,R035,راکھی ساونت Ludhiana court mein giraftari se kaise bach gayi,KI,10810,MIXED,urdu_char3gram_bm25,9,7921,44.718685150146484,50
post_phase12_module2_M2-A,M2-A,R035,راکھی ساونت Ludhiana court mein giraftari se kaise bach gayi,KI,10810,MIXED,urdu_char3gram_bm25,10,11012,44.40330123901367,50
post_phase12_module2_M2-A,M2-A,R035,راکھی ساونت Ludhiana court mein giraftari se kaise bach gayi,KI,10810,MIXED,urdu_char3gram_bm25,11,68463,44.05196762084961,50
post_phase12_module2_M2-A,M2-A,R035,راکھی ساونت Ludhiana court mein giraftari se kaise bach gayi,KI,10810,MIXED,urdu_char3gram_bm25,12,7949,43.96626663208008,50
post_phase12_module2_M2-A,M2-A,R035,راکھی ساونت Ludhiana court mein giraftari se kaise bach gayi,KI,10810,MIXED,urdu_char3gram_bm25,13,67110,43.8456916809082,50
post_phase12_module2_M2-A,M2-A,R035,راکھی ساونت Ludhiana court mein giraftari se kaise bach gayi,KI,10810,MIXED,urdu_char3gram_bm25,14,106147,43.84489059448242,50
post_phase12_module2_M2-A,M2-A,R035,راکھی ساونت Ludhiana court mein giraftari se kaise bach gayi,KI,10810,MIXED,urdu_char3gram_bm25,15,7742,43.50325393676758,50
post_phase12_module2_M2-A,M2-A,R035,راکھی ساونت Ludhiana court mein giraftari se kaise bach gayi,KI,10810,MIXED,urdu_char3gram_bm25,16,105773,43.166439056396484,50
post_phase12_module2_M2-A,M2-A,R035,راکھی ساونت Ludhiana court mein giraftari se kaise bach gayi,KI,10810,MIXED,urdu_char3gram_bm25,17,7998,42.901031494140625,50
post_phase12_module2_M2-A,M2-A,R035,راکھی ساونت Ludhiana court mein giraftari se kaise bach gayi,KI,10810,MIXED,urdu_char3gram_bm25,18,9185,42.6780891418457,50
post_phase12_module2_M2-A,M2-A,R035,راکھی ساونت Ludhiana court mein giraftari se kaise bach gayi,KI,10810,MIXED,urdu_char3gram_bm25,19,66662,42.51239013671875,50
post_phase12_module2_M2-A,M2-A,R035,راکھی ساونت Ludhiana court mein giraftari se kaise bach gayi,KI,10810,MIXED,urdu_char3gram_bm25,20,6765,41.920196533203125,50
post_phase12_module2_M2-A,M2-A,R035,راکھی ساونت Ludhiana court mein giraftari se kaise bach gayi,KI,10810,MIXED,urdu_char3gram_bm25,21,67009,41.35664749145508,50
post_phase12_module2_M2-A,M2-A,R035,راکھی ساونت Ludhiana court mein giraftari se kaise bach gayi,KI,10810,MIXED,urdu_char3gram_bm25,22,105856,41.1367301940918,50
post_phase12_module2_M2-A,M2-A,R035,راکھی ساونت Ludhiana court mein giraftari se kaise bach gayi,KI,10810,MIXED,urdu_char3gram_bm25,23,8178,40.383670806884766,50
post_phase12_module2_M2-A,M2-A,R035,راکھی ساونت Ludhiana court mein giraftari se kaise bach gayi,KI,10810,MIXED,urdu_char3gram_bm25,24,107484,40.26120376586914,50
post_phase12_module2_M2-A,M2-A,R035,راکھی ساونت Ludhiana court mein giraftari se kaise bach gayi,KI,10810,MIXED,urdu_char3gram_bm25,25,67728,39.351802825927734,50
post_phase12_module2_M2-A,M2-A,R035,راکھی ساونت Ludhiana court mein giraftari se kaise bach gayi,KI,10810,MIXED,urdu_char3gram_bm25,26,108732,38.89400863647461,50
post_phase12_module2_M2-A,M2-A,R035,راکھی ساونت Ludhiana court mein giraftari se kaise bach gayi,KI,10810,MIXED,urdu_char3gram_bm25,27,6290,38.55503845214844,50
post_phase12_module2_M2-A,M2-A,R035,راکھی ساونت Ludhiana court mein giraftari se kaise bach gayi,KI,10810,MIXED,urdu_char3gram_bm25,28,15293,37.53022766113281,50
post_phase12_module2_M2-A,M2-A,R035,راکھی ساونت Ludhiana court mein giraftari se kaise bach gayi,KI,10810,MIXED,urdu_char3gram_bm25,29,13245,37.16691207885742,50
post_phase12_module2_M2-A,M2-A,R035,راکھی ساونت Ludhiana court mein giraftari se kaise bach gayi,KI,10810,MIXED,urdu_char3gram_bm25,30,7764,32.56114959716797,50
post_phase12_module2_M2-A,M2-A,R035,راکھی ساونت Ludhiana court mein giraftari se kaise bach gayi,KI,10810,MIXED,urdu_char3gram_bm25,31,13237,30.09776496887207,50
post_phase12_module2_M2-A,M2-A,R035,راکھی ساونت Ludhiana court mein giraftari se kaise bach gayi,KI,10810,MIXED,urdu_char3gram_bm25,32,11550,28.73163604736328,50
post_phase12_module2_M2-A,M2-A,R035,راکھی ساونت Ludhiana court mein giraftari se kaise bach gayi,KI,10810,MIXED,urdu_char3gram_bm25,33,67720,28.00876808166504,50
post_phase12_module2_M2-A,M2-A,R035,راکھی ساونت Ludhiana court mein giraftari se kaise bach gayi,KI,10810,MIXED,urdu_char3gram_bm25,34,67054,27.3884334564209,50
post_phase12_module2_M2-A,M2-A,R035,راکھی ساونت Ludhiana court mein giraftari se kaise bach gayi,KI,10810,MIXED,urdu_char3gram_bm25,35,104859,26.632139205932617,50
post_phase12_module2_M2-A,M2-A,R035,راکھی ساونت Ludhiana court mein giraftari se kaise bach gayi,KI,10810,MIXED,urdu_char3gram_bm25,36,30423,26.620201110839844,50
post_phase12_module2_M2-A,M2-A,R035,راکھی ساونت Ludhiana court mein giraftari se kaise bach gayi,KI,10810,MIXED,urdu_char3gram_bm25,37,8166,26.414188385009766,50
post_phase12_module2_M2-A,M2-A,R035,راکھی ساونت Ludhiana court mein giraftari se kaise bach gayi,KI,10810,MIXED,urdu_char3gram_bm25,38,67053,26.08770179748535,50
post_phase12_module2_M2-A,M2-A,R035,راکھی ساونت Ludhiana court mein giraftari se kaise bach gayi,KI,10810,MIXED,urdu_char3gram_bm25,39,108358,25.79205894470215,50
post_phase12_module2_M2-A,M2-A,R035,راکھی ساونت Ludhiana court mein giraftari se kaise bach gayi,KI,10810,MIXED,urdu_char3gram_bm25,40,105750,24.111312866210938,50
post_phase12_module2_M2-A,M2-A,R035,راکھی ساونت Ludhiana court mein giraftari se kaise bach gayi,KI,10810,MIXED,urdu_char3gram_bm25,41,6245,23.8742733001709,50
post_phase12_module2_M2-A,M2-A,R035,راکھی ساونت Ludhiana court mein giraftari se kaise bach gayi,KI,10810,MIXED,urdu_char3gram_bm25,42,31143,23.811674118041992,50
post_phase12_module2_M2-A,M2-A,R035,راکھی ساونت Ludhiana court mein giraftari se kaise bach gayi,KI,10810,MIXED,urdu_char3gram_bm25,43,105565,23.047321319580078,50
post_phase12_module2_M2-A,M2-A,R035,راکھی ساونت Ludhiana court mein giraftari se kaise bach gayi,KI,10810,MIXED,urdu_char3gram_bm25,44,65010,22.09070587158203,50
post_phase12_module2_M2-A,M2-A,R035,راکھی ساونت Ludhiana court mein giraftari se kaise bach gayi,KI,10810,MIXED,urdu_char3gram_bm25,45,87569,21.954612731933594,50
post_phase12_module2_M2-A,M2-A,R035,راکھی ساونت Ludhiana court mein giraftari se kaise bach gayi,KI,10810,MIXED,urdu_char3gram_bm25,46,73996,21.82232666015625,50
post_phase12_module2_M2-A,M2-A,R035,راکھی ساونت Ludhiana court mein giraftari se kaise bach gayi,KI,10810,MIXED,urdu_char3gram_bm25,47,108959,21.34186363220215,50
post_phase12_module2_M2-A,M2-A,R035,راکھی ساونت Ludhiana court mein giraftari se kaise bach gayi,KI,10810,MIXED,urdu_char3gram_bm25,48,110253,21.188634872436523,50
post_phase12_module2_M2-A,M2-A,R035,راکھی ساونت Ludhiana court mein giraftari se kaise bach gayi,KI,10810,MIXED,urdu_char3gram_bm25,49,72779,21.10736846923828,50
post_phase12_module2_M2-A,M2-A,R035,راکھی ساونت Ludhiana court mein giraftari se kaise bach gayi,KI,10810,MIXED,urdu_char3gram_bm25,50,466,20.890052795410156,50
post_phase12_module2_M2-A,M2-A,R036,اسٹار وارز ساتویں فلم کا نیا ٹریلر کب جاری ہوا,KI,103345,URDU,urdu_char3gram_bm25,1,104322,76.59080505371094,50
post_phase12_module2_M2-A,M2-A,R036,اسٹار وارز ساتویں فلم کا نیا ٹریلر کب جاری ہوا,KI,103345,URDU,urdu_char3gram_bm25,2,69543,76.14798736572266,50
post_phase12_module2_M2-A,M2-A,R036,اسٹار وارز ساتویں فلم کا نیا ٹریلر کب جاری ہوا,KI,103345,URDU,urdu_char3gram_bm25,3,104320,74.37932586669922,50
post_phase12_module2_M2-A,M2-A,R036,اسٹار وارز ساتویں فلم کا نیا ٹریلر کب جاری ہوا,KI,103345,URDU,urdu_char3gram_bm25,4,103317,71.10356903076172,50
post_phase12_module2_M2-A,M2-A,R036,اسٹار وارز ساتویں فلم کا نیا ٹریلر کب جاری ہوا,KI,103345,URDU,urdu_char3gram_bm25,5,103212,71.10262298583984,50
post_phase12_module2_M2-A,M2-A,R036,اسٹار وارز ساتویں فلم کا نیا ٹریلر کب جاری ہوا,KI,103345,URDU,urdu_char3gram_bm25,6,104483,69.5520248413086,50
post_phase12_module2_M2-A,M2-A,R036,اسٹار وارز ساتویں فلم کا نیا ٹریلر کب جاری ہوا,KI,103345,URDU,urdu_char3gram_bm25,7,103345,68.44804382324219,50
post_phase12_module2_M2-A,M2-A,R036,اسٹار وارز ساتویں فلم کا نیا ٹریلر کب جاری ہوا,KI,103345,URDU,urdu_char3gram_bm25,8,103820,65.99356842041016,50
post_phase12_module2_M2-A,M2-A,R036,اسٹار وارز ساتویں فلم کا نیا ٹریلر کب جاری ہوا,KI,103345,URDU,urdu_char3gram_bm25,9,9991,65.43424224853516,50
post_phase12_module2_M2-A,M2-A,R036,اسٹار وارز ساتویں فلم کا نیا ٹریلر کب جاری ہوا,KI,103345,URDU,urdu_char3gram_bm25,10,15664,62.48872756958008,50
post_phase12_module2_M2-A,M2-A,R036,اسٹار وارز ساتویں فلم کا نیا ٹریلر کب جاری ہوا,KI,103345,URDU,urdu_char3gram_bm25,11,104917,62.22526168823242,50
post_phase12_module2_M2-A,M2-A,R036,اسٹار وارز ساتویں فلم کا نیا ٹریلر کب جاری ہوا,KI,103345,URDU,urdu_char3gram_bm25,12,102126,62.22037887573242,50
post_phase12_module2_M2-A,M2-A,R036,اسٹار وارز ساتویں فلم کا نیا ٹریلر کب جاری ہوا,KI,103345,URDU,urdu_char3gram_bm25,13,68108,61.578575134277344,50
post_phase12_module2_M2-A,M2-A,R036,اسٹار وارز ساتویں فلم کا نیا ٹریلر کب جاری ہوا,KI,103345,URDU,urdu_char3gram_bm25,14,103867,61.550201416015625,50
post_phase12_module2_M2-A,M2-A,R036,اسٹار وارز ساتویں فلم کا نیا ٹریلر کب جاری ہوا,KI,103345,URDU,urdu_char3gram_bm25,15,6925,60.90475845336914,50
post_phase12_module2_M2-A,M2-A,R036,اسٹار وارز ساتویں فلم کا نیا ٹریلر کب جاری ہوا,KI,103345,URDU,urdu_char3gram_bm25,16,9322,60.243995666503906,50
post_phase12_module2_M2-A,M2-A,R036,اسٹار وارز ساتویں فلم کا نیا ٹریلر کب جاری ہوا,KI,103345,URDU,urdu_char3gram_bm25,17,10391,58.826194763183594,50
post_phase12_module2_M2-A,M2-A,R036,اسٹار وارز ساتویں فلم کا نیا ٹریلر کب جاری ہوا,KI,103345,URDU,urdu_char3gram_bm25,18,103794,58.46087646484375,50
post_phase12_module2_M2-A,M2-A,R036,اسٹار وارز ساتویں فلم کا نیا ٹریلر کب جاری ہوا,KI,103345,URDU,urdu_char3gram_bm25,19,51639,57.75367736816406,50
post_phase12_module2_M2-A,M2-A,R036,اسٹار وارز ساتویں فلم کا نیا ٹریلر کب جاری ہوا,KI,103345,URDU,urdu_char3gram_bm25,20,50264,57.34781265258789,50
post_phase12_module2_M2-A,M2-A,R036,اسٹار وارز ساتویں فلم کا نیا ٹریلر کب جاری ہوا,KI,103345,URDU,urdu_char3gram_bm25,21,105378,56.6583251953125,50
post_phase12_module2_M2-A,M2-A,R036,اسٹار وارز ساتویں فلم کا نیا ٹریلر کب جاری ہوا,KI,103345,URDU,urdu_char3gram_bm25,22,104654,56.55585861206055,50
post_phase12_module2_M2-A,M2-A,R036,اسٹار وارز ساتویں فلم کا نیا ٹریلر کب جاری ہوا,KI,103345,URDU,urdu_char3gram_bm25,23,9687,55.92882537841797,50
post_phase12_module2_M2-A,M2-A,R036,اسٹار وارز ساتویں فلم کا نیا ٹریلر کب جاری ہوا,KI,103345,URDU,urdu_char3gram_bm25,24,50672,55.87941360473633,50
post_phase12_module2_M2-A,M2-A,R036,اسٹار وارز ساتویں فلم کا نیا ٹریلر کب جاری ہوا,KI,103345,URDU,urdu_char3gram_bm25,25,51156,55.758392333984375,50
post_phase12_module2_M2-A,M2-A,R036,اسٹار وارز ساتویں فلم کا نیا ٹریلر کب جاری ہوا,KI,103345,URDU,urdu_char3gram_bm25,26,100786,55.72716522216797,50
post_phase12_module2_M2-A,M2-A,R036,اسٹار وارز ساتویں فلم کا نیا ٹریلر کب جاری ہوا,KI,103345,URDU,urdu_char3gram_bm25,27,68534,55.47538757324219,50
post_phase12_module2_M2-A,M2-A,R036,اسٹار وارز ساتویں فلم کا نیا ٹریلر کب جاری ہوا,KI,103345,URDU,urdu_char3gram_bm25,28,17838,54.790584564208984,50
post_phase12_module2_M2-A,M2-A,R036,اسٹار وارز ساتویں فلم کا نیا ٹریلر کب جاری ہوا,KI,103345,URDU,urdu_char3gram_bm25,29,13630,54.390689849853516,50
post_phase12_module2_M2-A,M2-A,R036,اسٹار وارز ساتویں فلم کا نیا ٹریلر کب جاری ہوا,KI,103345,URDU,urdu_char3gram_bm25,30,50361,54.33158493041992,50
post_phase12_module2_M2-A,M2-A,R036,اسٹار وارز ساتویں فلم کا نیا ٹریلر کب جاری ہوا,KI,103345,URDU,urdu_char3gram_bm25,31,9982,54.19757843017578,50
post_phase12_module2_M2-A,M2-A,R036,اسٹار وارز ساتویں فلم کا نیا ٹریلر کب جاری ہوا,KI,103345,URDU,urdu_char3gram_bm25,32,101904,53.66044235229492,50
post_phase12_module2_M2-A,M2-A,R036,اسٹار وارز ساتویں فلم کا نیا ٹریلر کب جاری ہوا,KI,103345,URDU,urdu_char3gram_bm25,33,9960,53.61130905151367,50
post_phase12_module2_M2-A,M2-A,R036,اسٹار وارز ساتویں فلم کا نیا ٹریلر کب جاری ہوا,KI,103345,URDU,urdu_char3gram_bm25,34,3680,53.58284378051758,50
post_phase12_module2_M2-A,M2-A,R036,اسٹار وارز ساتویں فلم کا نیا ٹریلر کب جاری ہوا,KI,103345,URDU,urdu_char3gram_bm25,35,10055,53.520259857177734,50
post_phase12_module2_M2-A,M2-A,R036,اسٹار وارز ساتویں فلم کا نیا ٹریلر کب جاری ہوا,KI,103345,URDU,urdu_char3gram_bm25,36,104354,53.134429931640625,50
post_phase12_module2_M2-A,M2-A,R036,اسٹار وارز ساتویں فلم کا نیا ٹریلر کب جاری ہوا,KI,103345,URDU,urdu_char3gram_bm25,37,68104,53.08206558227539,50
post_phase12_module2_M2-A,M2-A,R036,اسٹار وارز ساتویں فلم کا نیا ٹریلر کب جاری ہوا,KI,103345,URDU,urdu_char3gram_bm25,38,105663,52.70878601074219,50
post_phase12_module2_M2-A,M2-A,R036,اسٹار وارز ساتویں فلم کا نیا ٹریلر کب جاری ہوا,KI,103345,URDU,urdu_char3gram_bm25,39,50501,52.6995964050293,50
post_phase12_module2_M2-A,M2-A,R036,اسٹار وارز ساتویں فلم کا نیا ٹریلر کب جاری ہوا,KI,103345,URDU,urdu_char3gram_bm25,40,105224,52.67573547363281,50
post_phase12_module2_M2-A,M2-A,R036,اسٹار وارز ساتویں فلم کا نیا ٹریلر کب جاری ہوا,KI,103345,URDU,urdu_char3gram_bm25,41,105671,52.10429763793945,50
post_phase12_module2_M2-A,M2-A,R036,اسٹار وارز ساتویں فلم کا نیا ٹریلر کب جاری ہوا,KI,103345,URDU,urdu_char3gram_bm25,42,18226,52.009239196777344,50
post_phase12_module2_M2-A,M2-A,R036,اسٹار وارز ساتویں فلم کا نیا ٹریلر کب جاری ہوا,KI,103345,URDU,urdu_char3gram_bm25,43,103081,51.71805191040039,50
post_phase12_module2_M2-A,M2-A,R036,اسٹار وارز ساتویں فلم کا نیا ٹریلر کب جاری ہوا,KI,103345,URDU,urdu_char3gram_bm25,44,105783,50.86928939819336,50
post_phase12_module2_M2-A,M2-A,R036,اسٹار وارز ساتویں فلم کا نیا ٹریلر کب جاری ہوا,KI,103345,URDU,urdu_char3gram_bm25,45,68925,50.07295227050781,50
post_phase12_module2_M2-A,M2-A,R036,اسٹار وارز ساتویں فلم کا نیا ٹریلر کب جاری ہوا,KI,103345,URDU,urdu_char3gram_bm25,46,102415,50.06349182128906,50
post_phase12_module2_M2-A,M2-A,R036,اسٹار وارز ساتویں فلم کا نیا ٹریلر کب جاری ہوا,KI,103345,URDU,urdu_char3gram_bm25,47,103622,50.02267074584961,50
post_phase12_module2_M2-A,M2-A,R036,اسٹار وارز ساتویں فلم کا نیا ٹریلر کب جاری ہوا,KI,103345,URDU,urdu_char3gram_bm25,48,102245,49.88542556762695,50
post_phase12_module2_M2-A,M2-A,R036,اسٹار وارز ساتویں فلم کا نیا ٹریلر کب جاری ہوا,KI,103345,URDU,urdu_char3gram_bm25,49,105753,49.88008117675781,50
post_phase12_module2_M2-A,M2-A,R036,اسٹار وارز ساتویں فلم کا نیا ٹریلر کب جاری ہوا,KI,103345,URDU,urdu_char3gram_bm25,50,69234,49.77094650268555,50
post_phase12_module2_M2-A,M2-A,R037,ڈھاکہ میں فیشن ویک کس شہر میں جاری ہے,KI,19022,URDU,urdu_char3gram_bm25,1,19022,55.36354446411133,50
post_phase12_module2_M2-A,M2-A,R037,ڈھاکہ میں فیشن ویک کس شہر میں جاری ہے,KI,19022,URDU,urdu_char3gram_bm25,2,67798,40.77584457397461,50
post_phase12_module2_M2-A,M2-A,R037,ڈھاکہ میں فیشن ویک کس شہر میں جاری ہے,KI,19022,URDU,urdu_char3gram_bm25,3,101632,39.763160705566406,50
post_phase12_module2_M2-A,M2-A,R037,ڈھاکہ میں فیشن ویک کس شہر میں جاری ہے,KI,19022,URDU,urdu_char3gram_bm25,4,100879,38.98793411254883,50
post_phase12_module2_M2-A,M2-A,R037,ڈھاکہ میں فیشن ویک کس شہر میں جاری ہے,KI,19022,URDU,urdu_char3gram_bm25,5,100620,37.911312103271484,50
post_phase12_module2_M2-A,M2-A,R037,ڈھاکہ میں فیشن ویک کس شہر میں جاری ہے,KI,19022,URDU,urdu_char3gram_bm25,6,101145,37.83486557006836,50
post_phase12_module2_M2-A,M2-A,R037,ڈھاکہ میں فیشن ویک کس شہر میں جاری ہے,KI,19022,URDU,urdu_char3gram_bm25,7,102428,37.57709884643555,50
post_phase12_module2_M2-A,M2-A,R037,ڈھاکہ میں فیشن ویک کس شہر میں جاری ہے,KI,19022,URDU,urdu_char3gram_bm25,8,67983,37.55906677246094,50
post_phase12_module2_M2-A,M2-A,R037,ڈھاکہ میں فیشن ویک کس شہر میں جاری ہے,KI,19022,URDU,urdu_char3gram_bm25,9,68659,37.37656021118164,50
post_phase12_module2_M2-A,M2-A,R037,ڈھاکہ میں فیشن ویک کس شہر میں جاری ہے,KI,19022,URDU,urdu_char3gram_bm25,10,19070,37.35364532470703,50
post_phase12_module2_M2-A,M2-A,R037,ڈھاکہ میں فیشن ویک کس شہر میں جاری ہے,KI,19022,URDU,urdu_char3gram_bm25,11,100866,37.33798599243164,50
post_phase12_module2_M2-A,M2-A,R037,ڈھاکہ میں فیشن ویک کس شہر میں جاری ہے,KI,19022,URDU,urdu_char3gram_bm25,12,101811,37.29514694213867,50
post_phase12_module2_M2-A,M2-A,R037,ڈھاکہ میں فیشن ویک کس شہر میں جاری ہے,KI,19022,URDU,urdu_char3gram_bm25,13,50414,37.076053619384766,50
post_phase12_module2_M2-A,M2-A,R037,ڈھاکہ میں فیشن ویک کس شہر میں جاری ہے,KI,19022,URDU,urdu_char3gram_bm25,14,101079,36.93479537963867,50
post_phase12_module2_M2-A,M2-A,R037,ڈھاکہ میں فیشن ویک کس شہر میں جاری ہے,KI,19022,URDU,urdu_char3gram_bm25,15,102166,36.914772033691406,50
post_phase12_module2_M2-A,M2-A,R037,ڈھاکہ میں فیشن ویک کس شہر میں جاری ہے,KI,19022,URDU,urdu_char3gram_bm25,16,102459,36.861263275146484,50
post_phase12_module2_M2-A,M2-A,R037,ڈھاکہ میں فیشن ویک کس شہر میں جاری ہے,KI,19022,URDU,urdu_char3gram_bm25,17,77409,36.78581619262695,50
post_phase12_module2_M2-A,M2-A,R037,ڈھاکہ میں فیشن ویک کس شہر میں جاری ہے,KI,19022,URDU,urdu_char3gram_bm25,18,107568,36.6325798034668,50
post_phase12_module2_M2-A,M2-A,R037,ڈھاکہ میں فیشن ویک کس شہر میں جاری ہے,KI,19022,URDU,urdu_char3gram_bm25,19,101351,36.47863006591797,50
post_phase12_module2_M2-A,M2-A,R037,ڈھاکہ میں فیشن ویک کس شہر میں جاری ہے,KI,19022,URDU,urdu_char3gram_bm25,20,50851,35.98491287231445,50
post_phase12_module2_M2-A,M2-A,R037,ڈھاکہ میں فیشن ویک کس شہر میں جاری ہے,KI,19022,URDU,urdu_char3gram_bm25,21,101006,35.60654830932617,50
post_phase12_module2_M2-A,M2-A,R037,ڈھاکہ میں فیشن ویک کس شہر میں جاری ہے,KI,19022,URDU,urdu_char3gram_bm25,22,50815,35.56767654418945,50
post_phase12_module2_M2-A,M2-A,R037,ڈھاکہ میں فیشن ویک کس شہر میں جاری ہے,KI,19022,URDU,urdu_char3gram_bm25,23,105632,35.559200286865234,50
post_phase12_module2_M2-A,M2-A,R037,ڈھاکہ میں فیشن ویک کس شہر میں جاری ہے,KI,19022,URDU,urdu_char3gram_bm25,24,98588,35.514556884765625,50
post_phase12_module2_M2-A,M2-A,R037,ڈھاکہ میں فیشن ویک کس شہر میں جاری ہے,KI,19022,URDU,urdu_char3gram_bm25,25,104509,35.508522033691406,50
post_phase12_module2_M2-A,M2-A,R037,ڈھاکہ میں فیشن ویک کس شہر میں جاری ہے,KI,19022,URDU,urdu_char3gram_bm25,26,18593,35.41103744506836,50
post_phase12_module2_M2-A,M2-A,R037,ڈھاکہ میں فیشن ویک کس شہر میں جاری ہے,KI,19022,URDU,urdu_char3gram_bm25,27,58979,35.38945770263672,50
post_phase12_module2_M2-A,M2-A,R037,ڈھاکہ میں فیشن ویک کس شہر میں جاری ہے,KI,19022,URDU,urdu_char3gram_bm25,28,100484,35.37690734863281,50
post_phase12_module2_M2-A,M2-A,R037,ڈھاکہ میں فیشن ویک کس شہر میں جاری ہے,KI,19022,URDU,urdu_char3gram_bm25,29,50889,35.362918853759766,50
post_phase12_module2_M2-A,M2-A,R037,ڈھاکہ میں فیشن ویک کس شہر میں جاری ہے,KI,19022,URDU,urdu_char3gram_bm25,30,51630,35.23357009887695,50
post_phase12_module2_M2-A,M2-A,R037,ڈھاکہ میں فیشن ویک کس شہر میں جاری ہے,KI,19022,URDU,urdu_char3gram_bm25,31,108841,35.20147705078125,50
post_phase12_module2_M2-A,M2-A,R037,ڈھاکہ میں فیشن ویک کس شہر میں جاری ہے,KI,19022,URDU,urdu_char3gram_bm25,32,68649,35.14806365966797,50
post_phase12_module2_M2-A,M2-A,R037,ڈھاکہ میں فیشن ویک کس شہر میں جاری ہے,KI,19022,URDU,urdu_char3gram_bm25,33,105985,34.95885467529297,50
post_phase12_module2_M2-A,M2-A,R037,ڈھاکہ میں فیشن ویک کس شہر میں جاری ہے,KI,19022,URDU,urdu_char3gram_bm25,34,102600,34.87332534790039,50
post_phase12_module2_M2-A,M2-A,R037,ڈھاکہ میں فیشن ویک کس شہر میں جاری ہے,KI,19022,URDU,urdu_char3gram_bm25,35,49124,34.73488998413086,50
post_phase12_module2_M2-A,M2-A,R037,ڈھاکہ میں فیشن ویک کس شہر میں جاری ہے,KI,19022,URDU,urdu_char3gram_bm25,36,98352,34.643672943115234,50
post_phase12_module2_M2-A,M2-A,R037,ڈھاکہ میں فیشن ویک کس شہر میں جاری ہے,KI,19022,URDU,urdu_char3gram_bm25,37,3652,34.60627365112305,50
post_phase12_module2_M2-A,M2-A,R037,ڈھاکہ میں فیشن ویک کس شہر میں جاری ہے,KI,19022,URDU,urdu_char3gram_bm25,38,102479,34.4556999206543,50
post_phase12_module2_M2-A,M2-A,R037,ڈھاکہ میں فیشن ویک کس شہر میں جاری ہے,KI,19022,URDU,urdu_char3gram_bm25,39,50397,34.3524169921875,50
post_phase12_module2_M2-A,M2-A,R037,ڈھاکہ میں فیشن ویک کس شہر میں جاری ہے,KI,19022,URDU,urdu_char3gram_bm25,40,18042,34.32393264770508,50
post_phase12_module2_M2-A,M2-A,R037,ڈھاکہ میں فیشن ویک کس شہر میں جاری ہے,KI,19022,URDU,urdu_char3gram_bm25,41,107466,34.25031661987305,50
post_phase12_module2_M2-A,M2-A,R037,ڈھاکہ میں فیشن ویک کس شہر میں جاری ہے,KI,19022,URDU,urdu_char3gram_bm25,42,4093,34.12479782104492,50
post_phase12_module2_M2-A,M2-A,R037,ڈھاکہ میں فیشن ویک کس شہر میں جاری ہے,KI,19022,URDU,urdu_char3gram_bm25,43,111467,34.093849182128906,50
post_phase12_module2_M2-A,M2-A,R037,ڈھاکہ میں فیشن ویک کس شہر میں جاری ہے,KI,19022,URDU,urdu_char3gram_bm25,44,104461,33.95378875732422,50
post_phase12_module2_M2-A,M2-A,R037,ڈھاکہ میں فیشن ویک کس شہر میں جاری ہے,KI,19022,URDU,urdu_char3gram_bm25,45,18001,33.900482177734375,50
post_phase12_module2_M2-A,M2-A,R037,ڈھاکہ میں فیشن ویک کس شہر میں جاری ہے,KI,19022,URDU,urdu_char3gram_bm25,46,90766,33.802391052246094,50
post_phase12_module2_M2-A,M2-A,R037,ڈھاکہ میں فیشن ویک کس شہر میں جاری ہے,KI,19022,URDU,urdu_char3gram_bm25,47,18442,33.67656707763672,50
post_phase12_module2_M2-A,M2-A,R037,ڈھاکہ میں فیشن ویک کس شہر میں جاری ہے,KI,19022,URDU,urdu_char3gram_bm25,48,49329,33.2843132019043,50
post_phase12_module2_M2-A,M2-A,R037,ڈھاکہ میں فیشن ویک کس شہر میں جاری ہے,KI,19022,URDU,urdu_char3gram_bm25,49,6016,33.24681091308594,50
post_phase12_module2_M2-A,M2-A,R037,ڈھاکہ میں فیشن ویک کس شہر میں جاری ہے,KI,19022,URDU,urdu_char3gram_bm25,50,68187,33.16559982299805,50
post_phase12_module2_M2-A,M2-A,R038,نیویارک میں خاتoon ke purse mein Galaxy Note jalne ka waqia kya tha,KI,21320,MIXED,urdu_char3gram_bm25,1,103018,32.14400863647461,50
post_phase12_module2_M2-A,M2-A,R038,نیویارک میں خاتoon ke purse mein Galaxy Note jalne ka waqia kya tha,KI,21320,MIXED,urdu_char3gram_bm25,2,48835,32.004520416259766,50
post_phase12_module2_M2-A,M2-A,R038,نیویارک میں خاتoon ke purse mein Galaxy Note jalne ka waqia kya tha,KI,21320,MIXED,urdu_char3gram_bm25,3,103651,31.697315216064453,50
post_phase12_module2_M2-A,M2-A,R038,نیویارک میں خاتoon ke purse mein Galaxy Note jalne ka waqia kya tha,KI,21320,MIXED,urdu_char3gram_bm25,4,50987,31.009855270385742,50
post_phase12_module2_M2-A,M2-A,R038,نیویارک میں خاتoon ke purse mein Galaxy Note jalne ka waqia kya tha,KI,21320,MIXED,urdu_char3gram_bm25,5,107817,29.83675193786621,50
post_phase12_module2_M2-A,M2-A,R038,نیویارک میں خاتoon ke purse mein Galaxy Note jalne ka waqia kya tha,KI,21320,MIXED,urdu_char3gram_bm25,6,61056,29.57444190979004,50
post_phase12_module2_M2-A,M2-A,R038,نیویارک میں خاتoon ke purse mein Galaxy Note jalne ka waqia kya tha,KI,21320,MIXED,urdu_char3gram_bm25,7,48941,29.472238540649414,50
post_phase12_module2_M2-A,M2-A,R038,نیویارک میں خاتoon ke purse mein Galaxy Note jalne ka waqia kya tha,KI,21320,MIXED,urdu_char3gram_bm25,8,103869,28.592824935913086,50
post_phase12_module2_M2-A,M2-A,R038,نیویارک میں خاتoon ke purse mein Galaxy Note jalne ka waqia kya tha,KI,21320,MIXED,urdu_char3gram_bm25,9,90263,28.572925567626953,50
post_phase12_module2_M2-A,M2-A,R038,نیویارک میں خاتoon ke purse mein Galaxy Note jalne ka waqia kya tha,KI,21320,MIXED,urdu_char3gram_bm25,10,57633,28.417556762695312,50
post_phase12_module2_M2-A,M2-A,R038,نیویارک میں خاتoon ke purse mein Galaxy Note jalne ka waqia kya tha,KI,21320,MIXED,urdu_char3gram_bm25,11,6843,27.920673370361328,50
post_phase12_module2_M2-A,M2-A,R038,نیویارک میں خاتoon ke purse mein Galaxy Note jalne ka waqia kya tha,KI,21320,MIXED,urdu_char3gram_bm25,12,67609,27.478796005249023,50
post_phase12_module2_M2-A,M2-A,R038,نیویارک میں خاتoon ke purse mein Galaxy Note jalne ka waqia kya tha,KI,21320,MIXED,urdu_char3gram_bm25,13,2660,27.451276779174805,50
post_phase12_module2_M2-A,M2-A,R038,نیویارک میں خاتoon ke purse mein Galaxy Note jalne ka waqia kya tha,KI,21320,MIXED,urdu_char3gram_bm25,14,8814,27.106168746948242,50
post_phase12_module2_M2-A,M2-A,R038,نیویارک میں خاتoon ke purse mein Galaxy Note jalne ka waqia kya tha,KI,21320,MIXED,urdu_char3gram_bm25,15,18555,26.967756271362305,50
post_phase12_module2_M2-A,M2-A,R038,نیویارک میں خاتoon ke purse mein Galaxy Note jalne ka waqia kya tha,KI,21320,MIXED,urdu_char3gram_bm25,16,51003,26.79432487487793,50
post_phase12_module2_M2-A,M2-A,R038,نیویارک میں خاتoon ke purse mein Galaxy Note jalne ka waqia kya tha,KI,21320,MIXED,urdu_char3gram_bm25,17,94476,26.70869255065918,50
post_phase12_module2_M2-A,M2-A,R038,نیویارک میں خاتoon ke purse mein Galaxy Note jalne ka waqia kya tha,KI,21320,MIXED,urdu_char3gram_bm25,18,5298,26.670045852661133,50
post_phase12_module2_M2-A,M2-A,R038,نیویارک میں خاتoon ke purse mein Galaxy Note jalne ka waqia kya tha,KI,21320,MIXED,urdu_char3gram_bm25,19,17511,26.60133934020996,50
post_phase12_module2_M2-A,M2-A,R038,نیویارک میں خاتoon ke purse mein Galaxy Note jalne ka waqia kya tha,KI,21320,MIXED,urdu_char3gram_bm25,20,108053,26.52634048461914,50
post_phase12_module2_M2-A,M2-A,R038,نیویارک میں خاتoon ke purse mein Galaxy Note jalne ka waqia kya tha,KI,21320,MIXED,urdu_char3gram_bm25,21,48961,26.512563705444336,50
post_phase12_module2_M2-A,M2-A,R038,نیویارک میں خاتoon ke purse mein Galaxy Note jalne ka waqia kya tha,KI,21320,MIXED,urdu_char3gram_bm25,22,49016,26.478816986083984,50
post_phase12_module2_M2-A,M2-A,R038,نیویارک میں خاتoon ke purse mein Galaxy Note jalne ka waqia kya tha,KI,21320,MIXED,urdu_char3gram_bm25,23,21320,26.476972579956055,50
post_phase12_module2_M2-A,M2-A,R038,نیویارک میں خاتoon ke purse mein Galaxy Note jalne ka waqia kya tha,KI,21320,MIXED,urdu_char3gram_bm25,24,89414,26.44707679748535,50
post_phase12_module2_M2-A,M2-A,R038,نیویارک میں خاتoon ke purse mein Galaxy Note jalne ka waqia kya tha,KI,21320,MIXED,urdu_char3gram_bm25,25,89875,26.38442039489746,50
post_phase12_module2_M2-A,M2-A,R038,نیویارک میں خاتoon ke purse mein Galaxy Note jalne ka waqia kya tha,KI,21320,MIXED,urdu_char3gram_bm25,26,70678,26.381582260131836,50
post_phase12_module2_M2-A,M2-A,R038,نیویارک میں خاتoon ke purse mein Galaxy Note jalne ka waqia kya tha,KI,21320,MIXED,urdu_char3gram_bm25,27,50767,26.353839874267578,50
post_phase12_module2_M2-A,M2-A,R038,نیویارک میں خاتoon ke purse mein Galaxy Note jalne ka waqia kya tha,KI,21320,MIXED,urdu_char3gram_bm25,28,49426,26.344430923461914,50
post_phase12_module2_M2-A,M2-A,R038,نیویارک میں خاتoon ke purse mein Galaxy Note jalne ka waqia kya tha,KI,21320,MIXED,urdu_char3gram_bm25,29,5023,26.342201232910156,50
post_phase12_module2_M2-A,M2-A,R038,نیویارک میں خاتoon ke purse mein Galaxy Note jalne ka waqia kya tha,KI,21320,MIXED,urdu_char3gram_bm25,30,50885,26.22918701171875,50
post_phase12_module2_M2-A,M2-A,R038,نیویارک میں خاتoon ke purse mein Galaxy Note jalne ka waqia kya tha,KI,21320,MIXED,urdu_char3gram_bm25,31,49384,26.218427658081055,50
post_phase12_module2_M2-A,M2-A,R038,نیویارک میں خاتoon ke purse mein Galaxy Note jalne ka waqia kya tha,KI,21320,MIXED,urdu_char3gram_bm25,32,108686,26.202350616455078,50
post_phase12_module2_M2-A,M2-A,R038,نیویارک میں خاتoon ke purse mein Galaxy Note jalne ka waqia kya tha,KI,21320,MIXED,urdu_char3gram_bm25,33,87772,26.172800064086914,50
post_phase12_module2_M2-A,M2-A,R038,نیویارک میں خاتoon ke purse mein Galaxy Note jalne ka waqia kya tha,KI,21320,MIXED,urdu_char3gram_bm25,34,10973,26.134843826293945,50
post_phase12_module2_M2-A,M2-A,R038,نیویارک میں خاتoon ke purse mein Galaxy Note jalne ka waqia kya tha,KI,21320,MIXED,urdu_char3gram_bm25,35,32808,25.93743896484375,50
post_phase12_module2_M2-A,M2-A,R038,نیویارک میں خاتoon ke purse mein Galaxy Note jalne ka waqia kya tha,KI,21320,MIXED,urdu_char3gram_bm25,36,89878,25.907032012939453,50
post_phase12_module2_M2-A,M2-A,R038,نیویارک میں خاتoon ke purse mein Galaxy Note jalne ka waqia kya tha,KI,21320,MIXED,urdu_char3gram_bm25,37,105169,25.8708438873291,50
post_phase12_module2_M2-A,M2-A,R038,نیویارک میں خاتoon ke purse mein Galaxy Note jalne ka waqia kya tha,KI,21320,MIXED,urdu_char3gram_bm25,38,19147,25.862585067749023,50
post_phase12_module2_M2-A,M2-A,R038,نیویارک میں خاتoon ke purse mein Galaxy Note jalne ka waqia kya tha,KI,21320,MIXED,urdu_char3gram_bm25,39,49023,25.85359764099121,50
post_phase12_module2_M2-A,M2-A,R038,نیویارک میں خاتoon ke purse mein Galaxy Note jalne ka waqia kya tha,KI,21320,MIXED,urdu_char3gram_bm25,40,107616,25.84783935546875,50
post_phase12_module2_M2-A,M2-A,R038,نیویارک میں خاتoon ke purse mein Galaxy Note jalne ka waqia kya tha,KI,21320,MIXED,urdu_char3gram_bm25,41,108564,25.801897048950195,50
post_phase12_module2_M2-A,M2-A,R038,نیویارک میں خاتoon ke purse mein Galaxy Note jalne ka waqia kya tha,KI,21320,MIXED,urdu_char3gram_bm25,42,107840,25.77011489868164,50
post_phase12_module2_M2-A,M2-A,R038,نیویارک میں خاتoon ke purse mein Galaxy Note jalne ka waqia kya tha,KI,21320,MIXED,urdu_char3gram_bm25,43,65630,25.756006240844727,50
post_phase12_module2_M2-A,M2-A,R038,نیویارک میں خاتoon ke purse mein Galaxy Note jalne ka waqia kya tha,KI,21320,MIXED,urdu_char3gram_bm25,44,103198,25.754337310791016,50
post_phase12_module2_M2-A,M2-A,R038,نیویارک میں خاتoon ke purse mein Galaxy Note jalne ka waqia kya tha,KI,21320,MIXED,urdu_char3gram_bm25,45,108048,25.72116470336914,50
post_phase12_module2_M2-A,M2-A,R038,نیویارک میں خاتoon ke purse mein Galaxy Note jalne ka waqia kya tha,KI,21320,MIXED,urdu_char3gram_bm25,46,99945,25.657268524169922,50
post_phase12_module2_M2-A,M2-A,R038,نیویارک میں خاتoon ke purse mein Galaxy Note jalne ka waqia kya tha,KI,21320,MIXED,urdu_char3gram_bm25,47,51643,25.653722763061523,50
post_phase12_module2_M2-A,M2-A,R038,نیویارک میں خاتoon ke purse mein Galaxy Note jalne ka waqia kya tha,KI,21320,MIXED,urdu_char3gram_bm25,48,49329,25.61277961730957,50
post_phase12_module2_M2-A,M2-A,R038,نیویارک میں خاتoon ke purse mein Galaxy Note jalne ka waqia kya tha,KI,21320,MIXED,urdu_char3gram_bm25,49,65364,25.609668731689453,50
post_phase12_module2_M2-A,M2-A,R038,نیویارک میں خاتoon ke purse mein Galaxy Note jalne ka waqia kya tha,KI,21320,MIXED,urdu_char3gram_bm25,50,58415,25.565980911254883,50
post_phase12_module2_M2-A,M2-A,R039,برسبن ٹیسٹ میں پاکستان ko innings shikast se bachne ke liye kitne runs chahiye,KI,81925,MIXED,urdu_char3gram_bm25,1,85993,36.4483528137207,50
post_phase12_module2_M2-A,M2-A,R039,برسبن ٹیسٹ میں پاکستان ko innings shikast se bachne ke liye kitne runs chahiye,KI,81925,MIXED,urdu_char3gram_bm25,2,56814,35.44314956665039,50
post_phase12_module2_M2-A,M2-A,R039,برسبن ٹیسٹ میں پاکستان ko innings shikast se bachne ke liye kitne runs chahiye,KI,81925,MIXED,urdu_char3gram_bm25,3,52649,35.29534912109375,50
post_phase12_module2_M2-A,M2-A,R039,برسبن ٹیسٹ میں پاکستان ko innings shikast se bachne ke liye kitne runs chahiye,KI,81925,MIXED,urdu_char3gram_bm25,4,56846,35.17985916137695,50
post_phase12_module2_M2-A,M2-A,R039,برسبن ٹیسٹ میں پاکستان ko innings shikast se bachne ke liye kitne runs chahiye,KI,81925,MIXED,urdu_char3gram_bm25,5,52647,35.068870544433594,50
post_phase12_module2_M2-A,M2-A,R039,برسبن ٹیسٹ میں پاکستان ko innings shikast se bachne ke liye kitne runs chahiye,KI,81925,MIXED,urdu_char3gram_bm25,6,86989,35.01036071777344,50
post_phase12_module2_M2-A,M2-A,R039,برسبن ٹیسٹ میں پاکستان ko innings shikast se bachne ke liye kitne runs chahiye,KI,81925,MIXED,urdu_char3gram_bm25,7,87127,34.910831451416016,50
post_phase12_module2_M2-A,M2-A,R039,برسبن ٹیسٹ میں پاکستان ko innings shikast se bachne ke liye kitne runs chahiye,KI,81925,MIXED,urdu_char3gram_bm25,8,45387,34.871299743652344,50
post_phase12_module2_M2-A,M2-A,R039,برسبن ٹیسٹ میں پاکستان ko innings shikast se bachne ke liye kitne runs chahiye,KI,81925,MIXED,urdu_char3gram_bm25,9,56851,34.64527893066406,50
post_phase12_module2_M2-A,M2-A,R039,برسبن ٹیسٹ میں پاکستان ko innings shikast se bachne ke liye kitne runs chahiye,KI,81925,MIXED,urdu_char3gram_bm25,10,52660,34.57382583618164,50
post_phase12_module2_M2-A,M2-A,R039,برسبن ٹیسٹ میں پاکستان ko innings shikast se bachne ke liye kitne runs chahiye,KI,81925,MIXED,urdu_char3gram_bm25,11,87179,34.32040786743164,50
post_phase12_module2_M2-A,M2-A,R039,برسبن ٹیسٹ میں پاکستان ko innings shikast se bachne ke liye kitne runs chahiye,KI,81925,MIXED,urdu_char3gram_bm25,12,45406,34.264503479003906,50
post_phase12_module2_M2-A,M2-A,R039,برسبن ٹیسٹ میں پاکستان ko innings shikast se bachne ke liye kitne runs chahiye,KI,81925,MIXED,urdu_char3gram_bm25,13,87481,34.11906814575195,50
post_phase12_module2_M2-A,M2-A,R039,برسبن ٹیسٹ میں پاکستان ko innings shikast se bachne ke liye kitne runs chahiye,KI,81925,MIXED,urdu_char3gram_bm25,14,56794,33.93694305419922,50
post_phase12_module2_M2-A,M2-A,R039,برسبن ٹیسٹ میں پاکستان ko innings shikast se bachne ke liye kitne runs chahiye,KI,81925,MIXED,urdu_char3gram_bm25,15,45394,33.751808166503906,50
post_phase12_module2_M2-A,M2-A,R039,برسبن ٹیسٹ میں پاکستان ko innings shikast se bachne ke liye kitne runs chahiye,KI,81925,MIXED,urdu_char3gram_bm25,16,87124,33.64597702026367,50
post_phase12_module2_M2-A,M2-A,R039,برسبن ٹیسٹ میں پاکستان ko innings shikast se bachne ke liye kitne runs chahiye,KI,81925,MIXED,urdu_char3gram_bm25,17,87239,33.543609619140625,50
post_phase12_module2_M2-A,M2-A,R039,برسبن ٹیسٹ میں پاکستان ko innings shikast se bachne ke liye kitne runs chahiye,KI,81925,MIXED,urdu_char3gram_bm25,18,45391,33.35795211791992,50
post_phase12_module2_M2-A,M2-A,R039,برسبن ٹیسٹ میں پاکستان ko innings shikast se bachne ke liye kitne runs chahiye,KI,81925,MIXED,urdu_char3gram_bm25,19,45383,33.348514556884766,50
post_phase12_module2_M2-A,M2-A,R039,برسبن ٹیسٹ میں پاکستان ko innings shikast se bachne ke liye kitne runs chahiye,KI,81925,MIXED,urdu_char3gram_bm25,20,87176,33.311946868896484,50
post_phase12_module2_M2-A,M2-A,R039,برسبن ٹیسٹ میں پاکستان ko innings shikast se bachne ke liye kitne runs chahiye,KI,81925,MIXED,urdu_char3gram_bm25,21,87331,33.31044006347656,50
post_phase12_module2_M2-A,M2-A,R039,برسبن ٹیسٹ میں پاکستان ko innings shikast se bachne ke liye kitne runs chahiye,KI,81925,MIXED,urdu_char3gram_bm25,22,56800,33.30788803100586,50
post_phase12_module2_M2-A,M2-A,R039,برسبن ٹیسٹ میں پاکستان ko innings shikast se bachne ke liye kitne runs chahiye,KI,81925,MIXED,urdu_char3gram_bm25,23,87129,33.27828598022461,50
post_phase12_module2_M2-A,M2-A,R039,برسبن ٹیسٹ میں پاکستان ko innings shikast se bachne ke liye kitne runs chahiye,KI,81925,MIXED,urdu_char3gram_bm25,24,87162,33.11609649658203,50
post_phase12_module2_M2-A,M2-A,R039,برسبن ٹیسٹ میں پاکستان ko innings shikast se bachne ke liye kitne runs chahiye,KI,81925,MIXED,urdu_char3gram_bm25,25,87161,33.11360168457031,50
post_phase12_module2_M2-A,M2-A,R039,برسبن ٹیسٹ میں پاکستان ko innings shikast se bachne ke liye kitne runs chahiye,KI,81925,MIXED,urdu_char3gram_bm25,26,87260,32.992347717285156,50
post_phase12_module2_M2-A,M2-A,R039,برسبن ٹیسٹ میں پاکستان ko innings shikast se bachne ke liye kitne runs chahiye,KI,81925,MIXED,urdu_char3gram_bm25,27,25634,32.97801971435547,50
post_phase12_module2_M2-A,M2-A,R039,برسبن ٹیسٹ میں پاکستان ko innings shikast se bachne ke liye kitne runs chahiye,KI,81925,MIXED,urdu_char3gram_bm25,28,57744,32.962947845458984,50
post_phase12_module2_M2-A,M2-A,R039,برسبن ٹیسٹ میں پاکستان ko innings shikast se bachne ke liye kitne runs chahiye,KI,81925,MIXED,urdu_char3gram_bm25,29,56804,32.94085693359375,50
post_phase12_module2_M2-A,M2-A,R039,برسبن ٹیسٹ میں پاکستان ko innings shikast se bachne ke liye kitne runs chahiye,KI,81925,MIXED,urdu_char3gram_bm25,30,56790,32.86192321777344,50
post_phase12_module2_M2-A,M2-A,R039,برسبن ٹیسٹ میں پاکستان ko innings shikast se bachne ke liye kitne runs chahiye,KI,81925,MIXED,urdu_char3gram_bm25,31,26932,32.823890686035156,50
post_phase12_module2_M2-A,M2-A,R039,برسبن ٹیسٹ میں پاکستان ko innings shikast se bachne ke liye kitne runs chahiye,KI,81925,MIXED,urdu_char3gram_bm25,32,87190,32.76115036010742,50
post_phase12_module2_M2-A,M2-A,R039,برسبن ٹیسٹ میں پاکستان ko innings shikast se bachne ke liye kitne runs chahiye,KI,81925,MIXED,urdu_char3gram_bm25,33,42230,32.50511169433594,50
post_phase12_module2_M2-A,M2-A,R039,برسبن ٹیسٹ میں پاکستان ko innings shikast se bachne ke liye kitne runs chahiye,KI,81925,MIXED,urdu_char3gram_bm25,34,87122,32.46879577636719,50
post_phase12_module2_M2-A,M2-A,R039,برسبن ٹیسٹ میں پاکستان ko innings shikast se bachne ke liye kitne runs chahiye,KI,81925,MIXED,urdu_char3gram_bm25,35,56774,32.455501556396484,50
post_phase12_module2_M2-A,M2-A,R039,برسبن ٹیسٹ میں پاکستان ko innings shikast se bachne ke liye kitne runs chahiye,KI,81925,MIXED,urdu_char3gram_bm25,36,30769,32.41758728027344,50
post_phase12_module2_M2-A,M2-A,R039,برسبن ٹیسٹ میں پاکستان ko innings shikast se bachne ke liye kitne runs chahiye,KI,81925,MIXED,urdu_char3gram_bm25,37,56807,32.405174255371094,50
post_phase12_module2_M2-A,M2-A,R039,برسبن ٹیسٹ میں پاکستان ko innings shikast se bachne ke liye kitne runs chahiye,KI,81925,MIXED,urdu_char3gram_bm25,38,45381,32.28444290161133,50
post_phase12_module2_M2-A,M2-A,R039,برسبن ٹیسٹ میں پاکستان ko innings shikast se bachne ke liye kitne runs chahiye,KI,81925,MIXED,urdu_char3gram_bm25,39,52668,32.25112533569336,50
post_phase12_module2_M2-A,M2-A,R039,برسبن ٹیسٹ میں پاکستان ko innings shikast se bachne ke liye kitne runs chahiye,KI,81925,MIXED,urdu_char3gram_bm25,40,56805,32.241233825683594,50
post_phase12_module2_M2-A,M2-A,R039,برسبن ٹیسٹ میں پاکستان ko innings shikast se bachne ke liye kitne runs chahiye,KI,81925,MIXED,urdu_char3gram_bm25,41,87132,32.14533233642578,50
post_phase12_module2_M2-A,M2-A,R039,برسبن ٹیسٹ میں پاکستان ko innings shikast se bachne ke liye kitne runs chahiye,KI,81925,MIXED,urdu_char3gram_bm25,42,30718,32.124481201171875,50
post_phase12_module2_M2-A,M2-A,R039,برسبن ٹیسٹ میں پاکستان ko innings shikast se bachne ke liye kitne runs chahiye,KI,81925,MIXED,urdu_char3gram_bm25,43,45398,32.096893310546875,50
post_phase12_module2_M2-A,M2-A,R039,برسبن ٹیسٹ میں پاکستان ko innings shikast se bachne ke liye kitne runs chahiye,KI,81925,MIXED,urdu_char3gram_bm25,44,31003,32.08480453491211,50
post_phase12_module2_M2-A,M2-A,R039,برسبن ٹیسٹ میں پاکستان ko innings shikast se bachne ke liye kitne runs chahiye,KI,81925,MIXED,urdu_char3gram_bm25,45,81877,31.94074249267578,50
post_phase12_module2_M2-A,M2-A,R039,برسبن ٹیسٹ میں پاکستان ko innings shikast se bachne ke liye kitne runs chahiye,KI,81925,MIXED,urdu_char3gram_bm25,46,52653,31.888715744018555,50
post_phase12_module2_M2-A,M2-A,R039,برسبن ٹیسٹ میں پاکستان ko innings shikast se bachne ke liye kitne runs chahiye,KI,81925,MIXED,urdu_char3gram_bm25,47,87195,31.879337310791016,50
post_phase12_module2_M2-A,M2-A,R039,برسبن ٹیسٹ میں پاکستان ko innings shikast se bachne ke liye kitne runs chahiye,KI,81925,MIXED,urdu_char3gram_bm25,48,52642,31.807228088378906,50
post_phase12_module2_M2-A,M2-A,R039,برسبن ٹیسٹ میں پاکستان ko innings shikast se bachne ke liye kitne runs chahiye,KI,81925,MIXED,urdu_char3gram_bm25,49,45388,31.794921875,50
post_phase12_module2_M2-A,M2-A,R039,برسبن ٹیسٹ میں پاکستان ko innings shikast se bachne ke liye kitne runs chahiye,KI,81925,MIXED,urdu_char3gram_bm25,50,83249,31.770275115966797,50
post_phase12_module2_M2-A,M2-A,R040,موٹورولا ne apna pehla foldable phone confirm karte hue kya bataya,KI,20845,MIXED,urdu_char3gram_bm25,1,80436,38.6390495300293,50
post_phase12_module2_M2-A,M2-A,R040,موٹورولا ne apna pehla foldable phone confirm karte hue kya bataya,KI,20845,MIXED,urdu_char3gram_bm25,2,22640,34.321903228759766,50
post_phase12_module2_M2-A,M2-A,R040,موٹورولا ne apna pehla foldable phone confirm karte hue kya bataya,KI,20845,MIXED,urdu_char3gram_bm25,3,80161,34.136600494384766,50
post_phase12_module2_M2-A,M2-A,R040,موٹورولا ne apna pehla foldable phone confirm karte hue kya bataya,KI,20845,MIXED,urdu_char3gram_bm25,4,20929,31.698272705078125,50
post_phase12_module2_M2-A,M2-A,R040,موٹورولا ne apna pehla foldable phone confirm karte hue kya bataya,KI,20845,MIXED,urdu_char3gram_bm25,5,19191,30.861894607543945,50
post_phase12_module2_M2-A,M2-A,R040,موٹورولا ne apna pehla foldable phone confirm karte hue kya bataya,KI,20845,MIXED,urdu_char3gram_bm25,6,22399,30.684734344482422,50
post_phase12_module2_M2-A,M2-A,R040,موٹورولا ne apna pehla foldable phone confirm karte hue kya bataya,KI,20845,MIXED,urdu_char3gram_bm25,7,21399,29.848731994628906,50
post_phase12_module2_M2-A,M2-A,R040,موٹورولا ne apna pehla foldable phone confirm karte hue kya bataya,KI,20845,MIXED,urdu_char3gram_bm25,8,19788,28.898752212524414,50
post_phase12_module2_M2-A,M2-A,R040,موٹورولا ne apna pehla foldable phone confirm karte hue kya bataya,KI,20845,MIXED,urdu_char3gram_bm25,9,20180,28.72523307800293,50
post_phase12_module2_M2-A,M2-A,R040,موٹورولا ne apna pehla foldable phone confirm karte hue kya bataya,KI,20845,MIXED,urdu_char3gram_bm25,10,21436,28.50231170654297,50
post_phase12_module2_M2-A,M2-A,R040,موٹورولا ne apna pehla foldable phone confirm karte hue kya bataya,KI,20845,MIXED,urdu_char3gram_bm25,11,21883,28.32101058959961,50
post_phase12_module2_M2-A,M2-A,R040,موٹورولا ne apna pehla foldable phone confirm karte hue kya bataya,KI,20845,MIXED,urdu_char3gram_bm25,12,21031,28.30568504333496,50
post_phase12_module2_M2-A,M2-A,R040,موٹورولا ne apna pehla foldable phone confirm karte hue kya bataya,KI,20845,MIXED,urdu_char3gram_bm25,13,22232,28.285194396972656,50
post_phase12_module2_M2-A,M2-A,R040,موٹورولا ne apna pehla foldable phone confirm karte hue kya bataya,KI,20845,MIXED,urdu_char3gram_bm25,14,21562,28.275066375732422,50
post_phase12_module2_M2-A,M2-A,R040,موٹورولا ne apna pehla foldable phone confirm karte hue kya bataya,KI,20845,MIXED,urdu_char3gram_bm25,15,22061,28.15479278564453,50
post_phase12_module2_M2-A,M2-A,R040,موٹورولا ne apna pehla foldable phone confirm karte hue kya bataya,KI,20845,MIXED,urdu_char3gram_bm25,16,19689,28.12900733947754,50
post_phase12_module2_M2-A,M2-A,R040,موٹورولا ne apna pehla foldable phone confirm karte hue kya bataya,KI,20845,MIXED,urdu_char3gram_bm25,17,21720,27.927209854125977,50
post_phase12_module2_M2-A,M2-A,R040,موٹورولا ne apna pehla foldable phone confirm karte hue kya bataya,KI,20845,MIXED,urdu_char3gram_bm25,18,19887,27.91100311279297,50
post_phase12_module2_M2-A,M2-A,R040,موٹورولا ne apna pehla foldable phone confirm karte hue kya bataya,KI,20845,MIXED,urdu_char3gram_bm25,19,21670,27.838930130004883,50
post_phase12_module2_M2-A,M2-A,R040,موٹورولا ne apna pehla foldable phone confirm karte hue kya bataya,KI,20845,MIXED,urdu_char3gram_bm25,20,22958,27.835378646850586,50
post_phase12_module2_M2-A,M2-A,R040,موٹورولا ne apna pehla foldable phone confirm karte hue kya bataya,KI,20845,MIXED,urdu_char3gram_bm25,21,22585,27.832717895507812,50
post_phase12_module2_M2-A,M2-A,R040,موٹورولا ne apna pehla foldable phone confirm karte hue kya bataya,KI,20845,MIXED,urdu_char3gram_bm25,22,19492,27.656105041503906,50
post_phase12_module2_M2-A,M2-A,R040,موٹورولا ne apna pehla foldable phone confirm karte hue kya bataya,KI,20845,MIXED,urdu_char3gram_bm25,23,22326,27.54631233215332,50
post_phase12_module2_M2-A,M2-A,R040,موٹورولا ne apna pehla foldable phone confirm karte hue kya bataya,KI,20845,MIXED,urdu_char3gram_bm25,24,20583,27.191246032714844,50
post_phase12_module2_M2-A,M2-A,R040,موٹورولا ne apna pehla foldable phone confirm karte hue kya bataya,KI,20845,MIXED,urdu_char3gram_bm25,25,22425,27.096446990966797,50
post_phase12_module2_M2-A,M2-A,R040,موٹورولا ne apna pehla foldable phone confirm karte hue kya bataya,KI,20845,MIXED,urdu_char3gram_bm25,26,20676,27.01723861694336,50
post_phase12_module2_M2-A,M2-A,R040,موٹورولا ne apna pehla foldable phone confirm karte hue kya bataya,KI,20845,MIXED,urdu_char3gram_bm25,27,79812,26.95713233947754,50
post_phase12_module2_M2-A,M2-A,R040,موٹورولا ne apna pehla foldable phone confirm karte hue kya bataya,KI,20845,MIXED,urdu_char3gram_bm25,28,22858,26.79530906677246,50
post_phase12_module2_M2-A,M2-A,R040,موٹورولا ne apna pehla foldable phone confirm karte hue kya bataya,KI,20845,MIXED,urdu_char3gram_bm25,29,19683,26.75111961364746,50
post_phase12_module2_M2-A,M2-A,R040,موٹورولا ne apna pehla foldable phone confirm karte hue kya bataya,KI,20845,MIXED,urdu_char3gram_bm25,30,22286,26.704082489013672,50
post_phase12_module2_M2-A,M2-A,R040,موٹورولا ne apna pehla foldable phone confirm karte hue kya bataya,KI,20845,MIXED,urdu_char3gram_bm25,31,19974,26.57223129272461,50
post_phase12_module2_M2-A,M2-A,R040,موٹورولا ne apna pehla foldable phone confirm karte hue kya bataya,KI,20845,MIXED,urdu_char3gram_bm25,32,20630,26.35062599182129,50
post_phase12_module2_M2-A,M2-A,R040,موٹورولا ne apna pehla foldable phone confirm karte hue kya bataya,KI,20845,MIXED,urdu_char3gram_bm25,33,23409,25.90639305114746,50
post_phase12_module2_M2-A,M2-A,R040,موٹورولا ne apna pehla foldable phone confirm karte hue kya bataya,KI,20845,MIXED,urdu_char3gram_bm25,34,22560,25.797666549682617,50
post_phase12_module2_M2-A,M2-A,R040,موٹورولا ne apna pehla foldable phone confirm karte hue kya bataya,KI,20845,MIXED,urdu_char3gram_bm25,35,20421,25.63480567932129,50
post_phase12_module2_M2-A,M2-A,R040,موٹورولا ne apna pehla foldable phone confirm karte hue kya bataya,KI,20845,MIXED,urdu_char3gram_bm25,36,20004,25.37890625,50
post_phase12_module2_M2-A,M2-A,R040,موٹورولا ne apna pehla foldable phone confirm karte hue kya bataya,KI,20845,MIXED,urdu_char3gram_bm25,37,19431,25.084152221679688,50
post_phase12_module2_M2-A,M2-A,R040,موٹورولا ne apna pehla foldable phone confirm karte hue kya bataya,KI,20845,MIXED,urdu_char3gram_bm25,38,20137,24.163127899169922,50
post_phase12_module2_M2-A,M2-A,R040,موٹورولا ne apna pehla foldable phone confirm karte hue kya bataya,KI,20845,MIXED,urdu_char3gram_bm25,39,59882,23.607566833496094,50
post_phase12_module2_M2-A,M2-A,R040,موٹورولا ne apna pehla foldable phone confirm karte hue kya bataya,KI,20845,MIXED,urdu_char3gram_bm25,40,23586,23.364721298217773,50
post_phase12_module2_M2-A,M2-A,R040,موٹورولا ne apna pehla foldable phone confirm karte hue kya bataya,KI,20845,MIXED,urdu_char3gram_bm25,41,20278,23.316486358642578,50
post_phase12_module2_M2-A,M2-A,R040,موٹورولا ne apna pehla foldable phone confirm karte hue kya bataya,KI,20845,MIXED,urdu_char3gram_bm25,42,20985,23.20630645751953,50
post_phase12_module2_M2-A,M2-A,R040,موٹورولا ne apna pehla foldable phone confirm karte hue kya bataya,KI,20845,MIXED,urdu_char3gram_bm25,43,21533,23.113330841064453,50
post_phase12_module2_M2-A,M2-A,R040,موٹورولا ne apna pehla foldable phone confirm karte hue kya bataya,KI,20845,MIXED,urdu_char3gram_bm25,44,20845,23.060577392578125,50
post_phase12_module2_M2-A,M2-A,R040,موٹورولا ne apna pehla foldable phone confirm karte hue kya bataya,KI,20845,MIXED,urdu_char3gram_bm25,45,20933,22.88422966003418,50
post_phase12_module2_M2-A,M2-A,R040,موٹورولا ne apna pehla foldable phone confirm karte hue kya bataya,KI,20845,MIXED,urdu_char3gram_bm25,46,24138,22.834205627441406,50
post_phase12_module2_M2-A,M2-A,R040,موٹورولا ne apna pehla foldable phone confirm karte hue kya bataya,KI,20845,MIXED,urdu_char3gram_bm25,47,19892,22.71271514892578,50
post_phase12_module2_M2-A,M2-A,R040,موٹورولا ne apna pehla foldable phone confirm karte hue kya bataya,KI,20845,MIXED,urdu_char3gram_bm25,48,21762,22.108928680419922,50
post_phase12_module2_M2-A,M2-A,R040,موٹورولا ne apna pehla foldable phone confirm karte hue kya bataya,KI,20845,MIXED,urdu_char3gram_bm25,49,20409,22.10173988342285,50
post_phase12_module2_M2-A,M2-A,R040,موٹورولا ne apna pehla foldable phone confirm karte hue kya bataya,KI,20845,MIXED,urdu_char3gram_bm25,50,20219,21.99216079711914,50
post_phase12_module2_M2-A,M2-A,R041,کمار سانو ke khilaf school function mein raat bhar gaana gaane par kya case bana,KI,67310,MIXED,urdu_char3gram_bm25,1,8607,24.629623413085938,50
post_phase12_module2_M2-A,M2-A,R041,کمار سانو ke khilaf school function mein raat bhar gaana gaane par kya case bana,KI,67310,MIXED,urdu_char3gram_bm25,2,3932,24.50126838684082,50
post_phase12_module2_M2-A,M2-A,R041,کمار سانو ke khilaf school function mein raat bhar gaana gaane par kya case bana,KI,67310,MIXED,urdu_char3gram_bm25,3,101347,24.180580139160156,50
post_phase12_module2_M2-A,M2-A,R041,کمار سانو ke khilaf school function mein raat bhar gaana gaane par kya case bana,KI,67310,MIXED,urdu_char3gram_bm25,4,69803,23.876380920410156,50
post_phase12_module2_M2-A,M2-A,R041,کمار سانو ke khilaf school function mein raat bhar gaana gaane par kya case bana,KI,67310,MIXED,urdu_char3gram_bm25,5,67310,23.859636306762695,50
post_phase12_module2_M2-A,M2-A,R041,کمار سانو ke khilaf school function mein raat bhar gaana gaane par kya case bana,KI,67310,MIXED,urdu_char3gram_bm25,6,106617,22.836158752441406,50
post_phase12_module2_M2-A,M2-A,R041,کمار سانو ke khilaf school function mein raat bhar gaana gaane par kya case bana,KI,67310,MIXED,urdu_char3gram_bm25,7,68842,21.802125930786133,50
post_phase12_module2_M2-A,M2-A,R041,کمار سانو ke khilaf school function mein raat bhar gaana gaane par kya case bana,KI,67310,MIXED,urdu_char3gram_bm25,8,4256,21.692171096801758,50
post_phase12_module2_M2-A,M2-A,R041,کمار سانو ke khilaf school function mein raat bhar gaana gaane par kya case bana,KI,67310,MIXED,urdu_char3gram_bm25,9,10782,20.759626388549805,50
post_phase12_module2_M2-A,M2-A,R041,کمار سانو ke khilaf school function mein raat bhar gaana gaane par kya case bana,KI,67310,MIXED,urdu_char3gram_bm25,10,7670,20.204811096191406,50
post_phase12_module2_M2-A,M2-A,R041,کمار سانو ke khilaf school function mein raat bhar gaana gaane par kya case bana,KI,67310,MIXED,urdu_char3gram_bm25,11,12620,20.077579498291016,50
post_phase12_module2_M2-A,M2-A,R041,کمار سانو ke khilaf school function mein raat bhar gaana gaane par kya case bana,KI,67310,MIXED,urdu_char3gram_bm25,12,10813,19.863216400146484,50
post_phase12_module2_M2-A,M2-A,R041,کمار سانو ke khilaf school function mein raat bhar gaana gaane par kya case bana,KI,67310,MIXED,urdu_char3gram_bm25,13,13204,19.762849807739258,50
post_phase12_module2_M2-A,M2-A,R041,کمار سانو ke khilaf school function mein raat bhar gaana gaane par kya case bana,KI,67310,MIXED,urdu_char3gram_bm25,14,10022,19.75259017944336,50
post_phase12_module2_M2-A,M2-A,R041,کمار سانو ke khilaf school function mein raat bhar gaana gaane par kya case bana,KI,67310,MIXED,urdu_char3gram_bm25,15,16133,19.692487716674805,50
post_phase12_module2_M2-A,M2-A,R041,کمار سانو ke khilaf school function mein raat bhar gaana gaane par kya case bana,KI,67310,MIXED,urdu_char3gram_bm25,16,100792,19.622373580932617,50
post_phase12_module2_M2-A,M2-A,R041,کمار سانو ke khilaf school function mein raat bhar gaana gaane par kya case bana,KI,67310,MIXED,urdu_char3gram_bm25,17,15590,19.30849266052246,50
post_phase12_module2_M2-A,M2-A,R041,کمار سانو ke khilaf school function mein raat bhar gaana gaane par kya case bana,KI,67310,MIXED,urdu_char3gram_bm25,18,69453,19.286170959472656,50
post_phase12_module2_M2-A,M2-A,R041,کمار سانو ke khilaf school function mein raat bhar gaana gaane par kya case bana,KI,67310,MIXED,urdu_char3gram_bm25,19,10568,19.248992919921875,50
post_phase12_module2_M2-A,M2-A,R041,کمار سانو ke khilaf school function mein raat bhar gaana gaane par kya case bana,KI,67310,MIXED,urdu_char3gram_bm25,20,13742,19.126047134399414,50
post_phase12_module2_M2-A,M2-A,R041,کمار سانو ke khilaf school function mein raat bhar gaana gaane par kya case bana,KI,67310,MIXED,urdu_char3gram_bm25,21,11141,18.97586441040039,50
post_phase12_module2_M2-A,M2-A,R041,کمار سانو ke khilaf school function mein raat bhar gaana gaane par kya case bana,KI,67310,MIXED,urdu_char3gram_bm25,22,103220,18.948423385620117,50
post_phase12_module2_M2-A,M2-A,R041,کمار سانو ke khilaf school function mein raat bhar gaana gaane par kya case bana,KI,67310,MIXED,urdu_char3gram_bm25,23,68215,18.71869468688965,50
post_phase12_module2_M2-A,M2-A,R041,کمار سانو ke khilaf school function mein raat bhar gaana gaane par kya case bana,KI,67310,MIXED,urdu_char3gram_bm25,24,11080,18.69110679626465,50
post_phase12_module2_M2-A,M2-A,R041,کمار سانو ke khilaf school function mein raat bhar gaana gaane par kya case bana,KI,67310,MIXED,urdu_char3gram_bm25,25,103223,18.55463981628418,50
post_phase12_module2_M2-A,M2-A,R041,کمار سانو ke khilaf school function mein raat bhar gaana gaane par kya case bana,KI,67310,MIXED,urdu_char3gram_bm25,26,97539,18.554092407226562,50
post_phase12_module2_M2-A,M2-A,R041,کمار سانو ke khilaf school function mein raat bhar gaana gaane par kya case bana,KI,67310,MIXED,urdu_char3gram_bm25,27,11986,18.401119232177734,50
post_phase12_module2_M2-A,M2-A,R041,کمار سانو ke khilaf school function mein raat bhar gaana gaane par kya case bana,KI,67310,MIXED,urdu_char3gram_bm25,28,12879,18.219141006469727,50
post_phase12_module2_M2-A,M2-A,R041,کمار سانو ke khilaf school function mein raat bhar gaana gaane par kya case bana,KI,67310,MIXED,urdu_char3gram_bm25,29,13749,17.984468460083008,50
post_phase12_module2_M2-A,M2-A,R041,کمار سانو ke khilaf school function mein raat bhar gaana gaane par kya case bana,KI,67310,MIXED,urdu_char3gram_bm25,30,105033,17.887428283691406,50
post_phase12_module2_M2-A,M2-A,R041,کمار سانو ke khilaf school function mein raat bhar gaana gaane par kya case bana,KI,67310,MIXED,urdu_char3gram_bm25,31,68677,17.885231018066406,50
post_phase12_module2_M2-A,M2-A,R041,کمار سانو ke khilaf school function mein raat bhar gaana gaane par kya case bana,KI,67310,MIXED,urdu_char3gram_bm25,32,97584,17.863611221313477,50
post_phase12_module2_M2-A,M2-A,R041,کمار سانو ke khilaf school function mein raat bhar gaana gaane par kya case bana,KI,67310,MIXED,urdu_char3gram_bm25,33,68064,17.84574317932129,50
post_phase12_module2_M2-A,M2-A,R041,کمار سانو ke khilaf school function mein raat bhar gaana gaane par kya case bana,KI,67310,MIXED,urdu_char3gram_bm25,34,100200,17.760297775268555,50
post_phase12_module2_M2-A,M2-A,R041,کمار سانو ke khilaf school function mein raat bhar gaana gaane par kya case bana,KI,67310,MIXED,urdu_char3gram_bm25,35,99785,17.71605110168457,50
post_phase12_module2_M2-A,M2-A,R041,کمار سانو ke khilaf school function mein raat bhar gaana gaane par kya case bana,KI,67310,MIXED,urdu_char3gram_bm25,36,100155,17.68671417236328,50
post_phase12_module2_M2-A,M2-A,R041,کمار سانو ke khilaf school function mein raat bhar gaana gaane par kya case bana,KI,67310,MIXED,urdu_char3gram_bm25,37,66981,17.571125030517578,50
post_phase12_module2_M2-A,M2-A,R041,کمار سانو ke khilaf school function mein raat bhar gaana gaane par kya case bana,KI,67310,MIXED,urdu_char3gram_bm25,38,4086,17.399425506591797,50
post_phase12_module2_M2-A,M2-A,R041,کمار سانو ke khilaf school function mein raat bhar gaana gaane par kya case bana,KI,67310,MIXED,urdu_char3gram_bm25,39,4357,17.372642517089844,50
post_phase12_module2_M2-A,M2-A,R041,کمار سانو ke khilaf school function mein raat bhar gaana gaane par kya case bana,KI,67310,MIXED,urdu_char3gram_bm25,40,67436,17.222299575805664,50
post_phase12_module2_M2-A,M2-A,R041,کمار سانو ke khilaf school function mein raat bhar gaana gaane par kya case bana,KI,67310,MIXED,urdu_char3gram_bm25,41,16858,17.171524047851562,50
post_phase12_module2_M2-A,M2-A,R041,کمار سانو ke khilaf school function mein raat bhar gaana gaane par kya case bana,KI,67310,MIXED,urdu_char3gram_bm25,42,4268,17.16596031188965,50
post_phase12_module2_M2-A,M2-A,R041,کمار سانو ke khilaf school function mein raat bhar gaana gaane par kya case bana,KI,67310,MIXED,urdu_char3gram_bm25,43,103550,17.156005859375,50
post_phase12_module2_M2-A,M2-A,R041,کمار سانو ke khilaf school function mein raat bhar gaana gaane par kya case bana,KI,67310,MIXED,urdu_char3gram_bm25,44,29977,17.148056030273438,50
post_phase12_module2_M2-A,M2-A,R041,کمار سانو ke khilaf school function mein raat bhar gaana gaane par kya case bana,KI,67310,MIXED,urdu_char3gram_bm25,45,8121,17.125207901000977,50
post_phase12_module2_M2-A,M2-A,R041,کمار سانو ke khilaf school function mein raat bhar gaana gaane par kya case bana,KI,67310,MIXED,urdu_char3gram_bm25,46,69982,17.120038986206055,50
post_phase12_module2_M2-A,M2-A,R041,کمار سانو ke khilaf school function mein raat bhar gaana gaane par kya case bana,KI,67310,MIXED,urdu_char3gram_bm25,47,10722,17.088029861450195,50
post_phase12_module2_M2-A,M2-A,R041,کمار سانو ke khilaf school function mein raat bhar gaana gaane par kya case bana,KI,67310,MIXED,urdu_char3gram_bm25,48,107423,17.061792373657227,50
post_phase12_module2_M2-A,M2-A,R041,کمار سانو ke khilaf school function mein raat bhar gaana gaane par kya case bana,KI,67310,MIXED,urdu_char3gram_bm25,49,67170,17.030223846435547,50
post_phase12_module2_M2-A,M2-A,R041,کمار سانو ke khilaf school function mein raat bhar gaana gaane par kya case bana,KI,67310,MIXED,urdu_char3gram_bm25,50,12097,16.947038650512695,50
post_phase12_module2_M2-A,M2-A,R042,Iran ne 100 meter door se corona mareez pehchanne wala kya device mutaarif karaya,KI,19807,ROMAN,roman_char3gram_bm25_method_D,1,19807,63.67122268676758,50
post_phase12_module2_M2-A,M2-A,R042,Iran ne 100 meter door se corona mareez pehchanne wala kya device mutaarif karaya,KI,19807,ROMAN,roman_char3gram_bm25_method_D,2,109836,53.929283142089844,50
post_phase12_module2_M2-A,M2-A,R042,Iran ne 100 meter door se corona mareez pehchanne wala kya device mutaarif karaya,KI,19807,ROMAN,roman_char3gram_bm25_method_D,3,107352,53.745487213134766,50
post_phase12_module2_M2-A,M2-A,R042,Iran ne 100 meter door se corona mareez pehchanne wala kya device mutaarif karaya,KI,19807,ROMAN,roman_char3gram_bm25_method_D,4,108921,51.625404357910156,50
post_phase12_module2_M2-A,M2-A,R042,Iran ne 100 meter door se corona mareez pehchanne wala kya device mutaarif karaya,KI,19807,ROMAN,roman_char3gram_bm25_method_D,5,111126,51.572227478027344,50
post_phase12_module2_M2-A,M2-A,R042,Iran ne 100 meter door se corona mareez pehchanne wala kya device mutaarif karaya,KI,19807,ROMAN,roman_char3gram_bm25_method_D,6,109846,50.28632354736328,50
post_phase12_module2_M2-A,M2-A,R042,Iran ne 100 meter door se corona mareez pehchanne wala kya device mutaarif karaya,KI,19807,ROMAN,roman_char3gram_bm25_method_D,7,65711,49.926998138427734,50
post_phase12_module2_M2-A,M2-A,R042,Iran ne 100 meter door se corona mareez pehchanne wala kya device mutaarif karaya,KI,19807,ROMAN,roman_char3gram_bm25_method_D,8,109873,49.72520065307617,50
post_phase12_module2_M2-A,M2-A,R042,Iran ne 100 meter door se corona mareez pehchanne wala kya device mutaarif karaya,KI,19807,ROMAN,roman_char3gram_bm25_method_D,9,65878,49.282264709472656,50
post_phase12_module2_M2-A,M2-A,R042,Iran ne 100 meter door se corona mareez pehchanne wala kya device mutaarif karaya,KI,19807,ROMAN,roman_char3gram_bm25_method_D,10,23106,48.99799728393555,50
post_phase12_module2_M2-A,M2-A,R042,Iran ne 100 meter door se corona mareez pehchanne wala kya device mutaarif karaya,KI,19807,ROMAN,roman_char3gram_bm25_method_D,11,70666,48.864768981933594,50
post_phase12_module2_M2-A,M2-A,R042,Iran ne 100 meter door se corona mareez pehchanne wala kya device mutaarif karaya,KI,19807,ROMAN,roman_char3gram_bm25_method_D,12,73047,48.82398986816406,50
post_phase12_module2_M2-A,M2-A,R042,Iran ne 100 meter door se corona mareez pehchanne wala kya device mutaarif karaya,KI,19807,ROMAN,roman_char3gram_bm25_method_D,13,23584,48.28528594970703,50
post_phase12_module2_M2-A,M2-A,R042,Iran ne 100 meter door se corona mareez pehchanne wala kya device mutaarif karaya,KI,19807,ROMAN,roman_char3gram_bm25_method_D,14,109482,48.04914855957031,50
post_phase12_module2_M2-A,M2-A,R042,Iran ne 100 meter door se corona mareez pehchanne wala kya device mutaarif karaya,KI,19807,ROMAN,roman_char3gram_bm25_method_D,15,19861,47.908348083496094,50
post_phase12_module2_M2-A,M2-A,R042,Iran ne 100 meter door se corona mareez pehchanne wala kya device mutaarif karaya,KI,19807,ROMAN,roman_char3gram_bm25_method_D,16,24213,47.89874267578125,50
post_phase12_module2_M2-A,M2-A,R042,Iran ne 100 meter door se corona mareez pehchanne wala kya device mutaarif karaya,KI,19807,ROMAN,roman_char3gram_bm25_method_D,17,110394,47.32496643066406,50
post_phase12_module2_M2-A,M2-A,R042,Iran ne 100 meter door se corona mareez pehchanne wala kya device mutaarif karaya,KI,19807,ROMAN,roman_char3gram_bm25_method_D,18,110969,47.25480270385742,50
post_phase12_module2_M2-A,M2-A,R042,Iran ne 100 meter door se corona mareez pehchanne wala kya device mutaarif karaya,KI,19807,ROMAN,roman_char3gram_bm25_method_D,19,64045,46.82265853881836,50
post_phase12_module2_M2-A,M2-A,R042,Iran ne 100 meter door se corona mareez pehchanne wala kya device mutaarif karaya,KI,19807,ROMAN,roman_char3gram_bm25_method_D,20,110280,46.68874740600586,50
post_phase12_module2_M2-A,M2-A,R042,Iran ne 100 meter door se corona mareez pehchanne wala kya device mutaarif karaya,KI,19807,ROMAN,roman_char3gram_bm25_method_D,21,24604,46.6424674987793,50
post_phase12_module2_M2-A,M2-A,R042,Iran ne 100 meter door se corona mareez pehchanne wala kya device mutaarif karaya,KI,19807,ROMAN,roman_char3gram_bm25_method_D,22,361,46.63479995727539,50
post_phase12_module2_M2-A,M2-A,R042,Iran ne 100 meter door se corona mareez pehchanne wala kya device mutaarif karaya,KI,19807,ROMAN,roman_char3gram_bm25_method_D,23,79864,46.330650329589844,50
post_phase12_module2_M2-A,M2-A,R042,Iran ne 100 meter door se corona mareez pehchanne wala kya device mutaarif karaya,KI,19807,ROMAN,roman_char3gram_bm25_method_D,24,24144,46.31810760498047,50
post_phase12_module2_M2-A,M2-A,R042,Iran ne 100 meter door se corona mareez pehchanne wala kya device mutaarif karaya,KI,19807,ROMAN,roman_char3gram_bm25_method_D,25,19256,46.17951965332031,50
post_phase12_module2_M2-A,M2-A,R042,Iran ne 100 meter door se corona mareez pehchanne wala kya device mutaarif karaya,KI,19807,ROMAN,roman_char3gram_bm25_method_D,26,321,46.04037094116211,50
post_phase12_module2_M2-A,M2-A,R042,Iran ne 100 meter door se corona mareez pehchanne wala kya device mutaarif karaya,KI,19807,ROMAN,roman_char3gram_bm25_method_D,27,21218,46.0369758605957,50
post_phase12_module2_M2-A,M2-A,R042,Iran ne 100 meter door se corona mareez pehchanne wala kya device mutaarif karaya,KI,19807,ROMAN,roman_char3gram_bm25_method_D,28,59946,45.64815139770508,50
post_phase12_module2_M2-A,M2-A,R042,Iran ne 100 meter door se corona mareez pehchanne wala kya device mutaarif karaya,KI,19807,ROMAN,roman_char3gram_bm25_method_D,29,72282,45.48430252075195,50
post_phase12_module2_M2-A,M2-A,R042,Iran ne 100 meter door se corona mareez pehchanne wala kya device mutaarif karaya,KI,19807,ROMAN,roman_char3gram_bm25_method_D,30,30612,45.35255432128906,50
post_phase12_module2_M2-A,M2-A,R042,Iran ne 100 meter door se corona mareez pehchanne wala kya device mutaarif karaya,KI,19807,ROMAN,roman_char3gram_bm25_method_D,31,558,45.281455993652344,50
post_phase12_module2_M2-A,M2-A,R042,Iran ne 100 meter door se corona mareez pehchanne wala kya device mutaarif karaya,KI,19807,ROMAN,roman_char3gram_bm25_method_D,32,70603,45.118656158447266,50
post_phase12_module2_M2-A,M2-A,R042,Iran ne 100 meter door se corona mareez pehchanne wala kya device mutaarif karaya,KI,19807,ROMAN,roman_char3gram_bm25_method_D,33,635,44.92899703979492,50
post_phase12_module2_M2-A,M2-A,R042,Iran ne 100 meter door se corona mareez pehchanne wala kya device mutaarif karaya,KI,19807,ROMAN,roman_char3gram_bm25_method_D,34,24101,44.90044403076172,50
post_phase12_module2_M2-A,M2-A,R042,Iran ne 100 meter door se corona mareez pehchanne wala kya device mutaarif karaya,KI,19807,ROMAN,roman_char3gram_bm25_method_D,35,84726,44.705535888671875,50
post_phase12_module2_M2-A,M2-A,R042,Iran ne 100 meter door se corona mareez pehchanne wala kya device mutaarif karaya,KI,19807,ROMAN,roman_char3gram_bm25_method_D,36,110142,44.6427116394043,50
post_phase12_module2_M2-A,M2-A,R042,Iran ne 100 meter door se corona mareez pehchanne wala kya device mutaarif karaya,KI,19807,ROMAN,roman_char3gram_bm25_method_D,37,58651,44.57653045654297,50
post_phase12_module2_M2-A,M2-A,R042,Iran ne 100 meter door se corona mareez pehchanne wala kya device mutaarif karaya,KI,19807,ROMAN,roman_char3gram_bm25_method_D,38,21467,44.54090118408203,50
post_phase12_module2_M2-A,M2-A,R042,Iran ne 100 meter door se corona mareez pehchanne wala kya device mutaarif karaya,KI,19807,ROMAN,roman_char3gram_bm25_method_D,39,18412,44.51591110229492,50
post_phase12_module2_M2-A,M2-A,R042,Iran ne 100 meter door se corona mareez pehchanne wala kya device mutaarif karaya,KI,19807,ROMAN,roman_char3gram_bm25_method_D,40,2318,44.442745208740234,50
post_phase12_module2_M2-A,M2-A,R042,Iran ne 100 meter door se corona mareez pehchanne wala kya device mutaarif karaya,KI,19807,ROMAN,roman_char3gram_bm25_method_D,41,108934,44.39142608642578,50
post_phase12_module2_M2-A,M2-A,R042,Iran ne 100 meter door se corona mareez pehchanne wala kya device mutaarif karaya,KI,19807,ROMAN,roman_char3gram_bm25_method_D,42,21028,44.23202133178711,50
post_phase12_module2_M2-A,M2-A,R042,Iran ne 100 meter door se corona mareez pehchanne wala kya device mutaarif karaya,KI,19807,ROMAN,roman_char3gram_bm25_method_D,43,65661,44.05128479003906,50
post_phase12_module2_M2-A,M2-A,R042,Iran ne 100 meter door se corona mareez pehchanne wala kya device mutaarif karaya,KI,19807,ROMAN,roman_char3gram_bm25_method_D,44,104690,43.87622833251953,50
post_phase12_module2_M2-A,M2-A,R042,Iran ne 100 meter door se corona mareez pehchanne wala kya device mutaarif karaya,KI,19807,ROMAN,roman_char3gram_bm25_method_D,45,79994,43.848480224609375,50
post_phase12_module2_M2-A,M2-A,R042,Iran ne 100 meter door se corona mareez pehchanne wala kya device mutaarif karaya,KI,19807,ROMAN,roman_char3gram_bm25_method_D,46,25289,43.83941650390625,50
post_phase12_module2_M2-A,M2-A,R042,Iran ne 100 meter door se corona mareez pehchanne wala kya device mutaarif karaya,KI,19807,ROMAN,roman_char3gram_bm25_method_D,47,70589,43.83289337158203,50
post_phase12_module2_M2-A,M2-A,R042,Iran ne 100 meter door se corona mareez pehchanne wala kya device mutaarif karaya,KI,19807,ROMAN,roman_char3gram_bm25_method_D,48,20028,43.809181213378906,50
post_phase12_module2_M2-A,M2-A,R042,Iran ne 100 meter door se corona mareez pehchanne wala kya device mutaarif karaya,KI,19807,ROMAN,roman_char3gram_bm25_method_D,49,39037,43.68473434448242,50
post_phase12_module2_M2-A,M2-A,R042,Iran ne 100 meter door se corona mareez pehchanne wala kya device mutaarif karaya,KI,19807,ROMAN,roman_char3gram_bm25_method_D,50,109152,43.61927795410156,50
post_phase12_module2_M2-A,M2-A,R043,نرگس فخری ne hamla hone ki afwahon par kya jawab diya,KI,7449,MIXED,urdu_char3gram_bm25,1,69964,67.4200210571289,50
post_phase12_module2_M2-A,M2-A,R043,نرگس فخری ne hamla hone ki afwahon par kya jawab diya,KI,7449,MIXED,urdu_char3gram_bm25,2,10081,67.05818176269531,50
post_phase12_module2_M2-A,M2-A,R043,نرگس فخری ne hamla hone ki afwahon par kya jawab diya,KI,7449,MIXED,urdu_char3gram_bm25,3,101952,66.55149841308594,50
post_phase12_module2_M2-A,M2-A,R043,نرگس فخری ne hamla hone ki afwahon par kya jawab diya,KI,7449,MIXED,urdu_char3gram_bm25,4,7449,65.3494873046875,50
post_phase12_module2_M2-A,M2-A,R043,نرگس فخری ne hamla hone ki afwahon par kya jawab diya,KI,7449,MIXED,urdu_char3gram_bm25,5,12744,65.2674560546875,50
post_phase12_module2_M2-A,M2-A,R043,نرگس فخری ne hamla hone ki afwahon par kya jawab diya,KI,7449,MIXED,urdu_char3gram_bm25,6,106941,64.85606384277344,50
post_phase12_module2_M2-A,M2-A,R043,نرگس فخری ne hamla hone ki afwahon par kya jawab diya,KI,7449,MIXED,urdu_char3gram_bm25,7,68624,63.93500518798828,50
post_phase12_module2_M2-A,M2-A,R043,نرگس فخری ne hamla hone ki afwahon par kya jawab diya,KI,7449,MIXED,urdu_char3gram_bm25,8,107708,63.71916198730469,50
post_phase12_module2_M2-A,M2-A,R043,نرگس فخری ne hamla hone ki afwahon par kya jawab diya,KI,7449,MIXED,urdu_char3gram_bm25,9,106890,63.67638397216797,50
post_phase12_module2_M2-A,M2-A,R043,نرگس فخری ne hamla hone ki afwahon par kya jawab diya,KI,7449,MIXED,urdu_char3gram_bm25,10,11696,63.60434341430664,50
post_phase12_module2_M2-A,M2-A,R043,نرگس فخری ne hamla hone ki afwahon par kya jawab diya,KI,7449,MIXED,urdu_char3gram_bm25,11,12417,62.9155158996582,50
post_phase12_module2_M2-A,M2-A,R043,نرگس فخری ne hamla hone ki afwahon par kya jawab diya,KI,7449,MIXED,urdu_char3gram_bm25,12,107705,62.61076736450195,50
post_phase12_module2_M2-A,M2-A,R043,نرگس فخری ne hamla hone ki afwahon par kya jawab diya,KI,7449,MIXED,urdu_char3gram_bm25,13,50755,62.18040084838867,50
post_phase12_module2_M2-A,M2-A,R043,نرگس فخری ne hamla hone ki afwahon par kya jawab diya,KI,7449,MIXED,urdu_char3gram_bm25,14,108286,61.80803680419922,50
post_phase12_module2_M2-A,M2-A,R043,نرگس فخری ne hamla hone ki afwahon par kya jawab diya,KI,7449,MIXED,urdu_char3gram_bm25,15,10207,61.13418197631836,50
post_phase12_module2_M2-A,M2-A,R043,نرگس فخری ne hamla hone ki afwahon par kya jawab diya,KI,7449,MIXED,urdu_char3gram_bm25,16,68272,61.08240509033203,50
post_phase12_module2_M2-A,M2-A,R043,نرگس فخری ne hamla hone ki afwahon par kya jawab diya,KI,7449,MIXED,urdu_char3gram_bm25,17,13161,60.965843200683594,50
post_phase12_module2_M2-A,M2-A,R043,نرگس فخری ne hamla hone ki afwahon par kya jawab diya,KI,7449,MIXED,urdu_char3gram_bm25,18,12548,60.6374397277832,50
post_phase12_module2_M2-A,M2-A,R043,نرگس فخری ne hamla hone ki afwahon par kya jawab diya,KI,7449,MIXED,urdu_char3gram_bm25,19,67733,60.38274002075195,50
post_phase12_module2_M2-A,M2-A,R043,نرگس فخری ne hamla hone ki afwahon par kya jawab diya,KI,7449,MIXED,urdu_char3gram_bm25,20,50060,59.993324279785156,50
post_phase12_module2_M2-A,M2-A,R043,نرگس فخری ne hamla hone ki afwahon par kya jawab diya,KI,7449,MIXED,urdu_char3gram_bm25,21,106939,59.92626190185547,50
post_phase12_module2_M2-A,M2-A,R043,نرگس فخری ne hamla hone ki afwahon par kya jawab diya,KI,7449,MIXED,urdu_char3gram_bm25,22,105760,59.33623504638672,50
post_phase12_module2_M2-A,M2-A,R043,نرگس فخری ne hamla hone ki afwahon par kya jawab diya,KI,7449,MIXED,urdu_char3gram_bm25,23,69163,59.26396560668945,50
post_phase12_module2_M2-A,M2-A,R043,نرگس فخری ne hamla hone ki afwahon par kya jawab diya,KI,7449,MIXED,urdu_char3gram_bm25,24,102602,58.683441162109375,50
post_phase12_module2_M2-A,M2-A,R043,نرگس فخری ne hamla hone ki afwahon par kya jawab diya,KI,7449,MIXED,urdu_char3gram_bm25,25,101934,58.312564849853516,50
post_phase12_module2_M2-A,M2-A,R043,نرگس فخری ne hamla hone ki afwahon par kya jawab diya,KI,7449,MIXED,urdu_char3gram_bm25,26,107242,58.228477478027344,50
post_phase12_module2_M2-A,M2-A,R043,نرگس فخری ne hamla hone ki afwahon par kya jawab diya,KI,7449,MIXED,urdu_char3gram_bm25,27,13706,58.0876579284668,50
post_phase12_module2_M2-A,M2-A,R043,نرگس فخری ne hamla hone ki afwahon par kya jawab diya,KI,7449,MIXED,urdu_char3gram_bm25,28,107073,58.04045867919922,50
post_phase12_module2_M2-A,M2-A,R043,نرگس فخری ne hamla hone ki afwahon par kya jawab diya,KI,7449,MIXED,urdu_char3gram_bm25,29,106873,57.86869430541992,50
post_phase12_module2_M2-A,M2-A,R043,نرگس فخری ne hamla hone ki afwahon par kya jawab diya,KI,7449,MIXED,urdu_char3gram_bm25,30,48473,56.404502868652344,50
post_phase12_module2_M2-A,M2-A,R043,نرگس فخری ne hamla hone ki afwahon par kya jawab diya,KI,7449,MIXED,urdu_char3gram_bm25,31,105894,55.158935546875,50
post_phase12_module2_M2-A,M2-A,R043,نرگس فخری ne hamla hone ki afwahon par kya jawab diya,KI,7449,MIXED,urdu_char3gram_bm25,32,100990,54.90513610839844,50
post_phase12_module2_M2-A,M2-A,R043,نرگس فخری ne hamla hone ki afwahon par kya jawab diya,KI,7449,MIXED,urdu_char3gram_bm25,33,24064,54.52880859375,50
post_phase12_module2_M2-A,M2-A,R043,نرگس فخری ne hamla hone ki afwahon par kya jawab diya,KI,7449,MIXED,urdu_char3gram_bm25,34,13121,53.74689865112305,50
post_phase12_module2_M2-A,M2-A,R043,نرگس فخری ne hamla hone ki afwahon par kya jawab diya,KI,7449,MIXED,urdu_char3gram_bm25,35,106928,53.70136642456055,50
post_phase12_module2_M2-A,M2-A,R043,نرگس فخری ne hamla hone ki afwahon par kya jawab diya,KI,7449,MIXED,urdu_char3gram_bm25,36,69195,53.31131362915039,50
post_phase12_module2_M2-A,M2-A,R043,نرگس فخری ne hamla hone ki afwahon par kya jawab diya,KI,7449,MIXED,urdu_char3gram_bm25,37,106805,53.298316955566406,50
post_phase12_module2_M2-A,M2-A,R043,نرگس فخری ne hamla hone ki afwahon par kya jawab diya,KI,7449,MIXED,urdu_char3gram_bm25,38,69771,52.84720230102539,50
post_phase12_module2_M2-A,M2-A,R043,نرگس فخری ne hamla hone ki afwahon par kya jawab diya,KI,7449,MIXED,urdu_char3gram_bm25,39,18621,52.75526809692383,50
post_phase12_module2_M2-A,M2-A,R043,نرگس فخری ne hamla hone ki afwahon par kya jawab diya,KI,7449,MIXED,urdu_char3gram_bm25,40,108122,52.427589416503906,50
post_phase12_module2_M2-A,M2-A,R043,نرگس فخری ne hamla hone ki afwahon par kya jawab diya,KI,7449,MIXED,urdu_char3gram_bm25,41,106849,51.75946807861328,50
post_phase12_module2_M2-A,M2-A,R043,نرگس فخری ne hamla hone ki afwahon par kya jawab diya,KI,7449,MIXED,urdu_char3gram_bm25,42,69692,50.275611877441406,50
post_phase12_module2_M2-A,M2-A,R043,نرگس فخری ne hamla hone ki afwahon par kya jawab diya,KI,7449,MIXED,urdu_char3gram_bm25,43,105613,49.739253997802734,50
post_phase12_module2_M2-A,M2-A,R043,نرگس فخری ne hamla hone ki afwahon par kya jawab diya,KI,7449,MIXED,urdu_char3gram_bm25,44,67725,49.660682678222656,50
post_phase12_module2_M2-A,M2-A,R043,نرگس فخری ne hamla hone ki afwahon par kya jawab diya,KI,7449,MIXED,urdu_char3gram_bm25,45,104247,49.62189483642578,50
post_phase12_module2_M2-A,M2-A,R043,نرگس فخری ne hamla hone ki afwahon par kya jawab diya,KI,7449,MIXED,urdu_char3gram_bm25,46,105929,49.519432067871094,50
post_phase12_module2_M2-A,M2-A,R043,نرگس فخری ne hamla hone ki afwahon par kya jawab diya,KI,7449,MIXED,urdu_char3gram_bm25,47,12473,48.09733581542969,50
post_phase12_module2_M2-A,M2-A,R043,نرگس فخری ne hamla hone ki afwahon par kya jawab diya,KI,7449,MIXED,urdu_char3gram_bm25,48,106876,47.88276672363281,50
post_phase12_module2_M2-A,M2-A,R043,نرگس فخری ne hamla hone ki afwahon par kya jawab diya,KI,7449,MIXED,urdu_char3gram_bm25,49,106574,47.64291000366211,50
post_phase12_module2_M2-A,M2-A,R043,نرگس فخری ne hamla hone ki afwahon par kya jawab diya,KI,7449,MIXED,urdu_char3gram_bm25,50,15721,46.804107666015625,50
post_phase12_module2_M2-A,M2-A,R044,اسحاق ڈار ne SECP ki karکردagi par kya raay di,KI,40802,MIXED,urdu_char3gram_bm25,1,71987,49.621177673339844,50
post_phase12_module2_M2-A,M2-A,R044,اسحاق ڈار ne SECP ki karکردagi par kya raay di,KI,40802,MIXED,urdu_char3gram_bm25,2,73016,48.42863464355469,50
post_phase12_module2_M2-A,M2-A,R044,اسحاق ڈار ne SECP ki karکردagi par kya raay di,KI,40802,MIXED,urdu_char3gram_bm25,3,72035,47.66897201538086,50
post_phase12_module2_M2-A,M2-A,R044,اسحاق ڈار ne SECP ki karکردagi par kya raay di,KI,40802,MIXED,urdu_char3gram_bm25,4,61201,47.298866271972656,50
post_phase12_module2_M2-A,M2-A,R044,اسحاق ڈار ne SECP ki karکردagi par kya raay di,KI,40802,MIXED,urdu_char3gram_bm25,5,75862,47.22555923461914,50
post_phase12_module2_M2-A,M2-A,R044,اسحاق ڈار ne SECP ki karکردagi par kya raay di,KI,40802,MIXED,urdu_char3gram_bm25,6,60898,46.986019134521484,50
post_phase12_module2_M2-A,M2-A,R044,اسحاق ڈار ne SECP ki karکردagi par kya raay di,KI,40802,MIXED,urdu_char3gram_bm25,7,73324,46.973751068115234,50
post_phase12_module2_M2-A,M2-A,R044,اسحاق ڈار ne SECP ki karکردagi par kya raay di,KI,40802,MIXED,urdu_char3gram_bm25,8,61937,46.90888214111328,50
post_phase12_module2_M2-A,M2-A,R044,اسحاق ڈار ne SECP ki karکردagi par kya raay di,KI,40802,MIXED,urdu_char3gram_bm25,9,74798,46.75618362426758,50
post_phase12_module2_M2-A,M2-A,R044,اسحاق ڈار ne SECP ki karکردagi par kya raay di,KI,40802,MIXED,urdu_char3gram_bm25,10,61372,46.694358825683594,50
post_phase12_module2_M2-A,M2-A,R044,اسحاق ڈار ne SECP ki karکردagi par kya raay di,KI,40802,MIXED,urdu_char3gram_bm25,11,62485,46.51217269897461,50
post_phase12_module2_M2-A,M2-A,R044,اسحاق ڈار ne SECP ki karکردagi par kya raay di,KI,40802,MIXED,urdu_char3gram_bm25,12,76552,46.284488677978516,50
post_phase12_module2_M2-A,M2-A,R044,اسحاق ڈار ne SECP ki karکردagi par kya raay di,KI,40802,MIXED,urdu_char3gram_bm25,13,74076,46.250877380371094,50
post_phase12_module2_M2-A,M2-A,R044,اسحاق ڈار ne SECP ki karکردagi par kya raay di,KI,40802,MIXED,urdu_char3gram_bm25,14,61973,46.24706268310547,50
post_phase12_module2_M2-A,M2-A,R044,اسحاق ڈار ne SECP ki karکردagi par kya raay di,KI,40802,MIXED,urdu_char3gram_bm25,15,61814,46.12773895263672,50
post_phase12_module2_M2-A,M2-A,R044,اسحاق ڈار ne SECP ki karکردagi par kya raay di,KI,40802,MIXED,urdu_char3gram_bm25,16,60963,46.121315002441406,50
post_phase12_module2_M2-A,M2-A,R044,اسحاق ڈار ne SECP ki karکردagi par kya raay di,KI,40802,MIXED,urdu_char3gram_bm25,17,61088,46.05022430419922,50
post_phase12_module2_M2-A,M2-A,R044,اسحاق ڈار ne SECP ki karکردagi par kya raay di,KI,40802,MIXED,urdu_char3gram_bm25,18,60965,46.02094268798828,50
post_phase12_module2_M2-A,M2-A,R044,اسحاق ڈار ne SECP ki karکردagi par kya raay di,KI,40802,MIXED,urdu_char3gram_bm25,19,76104,46.0079345703125,50
post_phase12_module2_M2-A,M2-A,R044,اسحاق ڈار ne SECP ki karکردagi par kya raay di,KI,40802,MIXED,urdu_char3gram_bm25,20,72184,45.988040924072266,50
post_phase12_module2_M2-A,M2-A,R044,اسحاق ڈار ne SECP ki karکردagi par kya raay di,KI,40802,MIXED,urdu_char3gram_bm25,21,39712,45.971275329589844,50
post_phase12_module2_M2-A,M2-A,R044,اسحاق ڈار ne SECP ki karکردagi par kya raay di,KI,40802,MIXED,urdu_char3gram_bm25,22,39931,45.93509292602539,50
post_phase12_module2_M2-A,M2-A,R044,اسحاق ڈار ne SECP ki karکردagi par kya raay di,KI,40802,MIXED,urdu_char3gram_bm25,23,73250,45.918643951416016,50
post_phase12_module2_M2-A,M2-A,R044,اسحاق ڈار ne SECP ki karکردagi par kya raay di,KI,40802,MIXED,urdu_char3gram_bm25,24,74059,45.82493591308594,50
post_phase12_module2_M2-A,M2-A,R044,اسحاق ڈار ne SECP ki karکردagi par kya raay di,KI,40802,MIXED,urdu_char3gram_bm25,25,61306,45.7898063659668,50
post_phase12_module2_M2-A,M2-A,R044,اسحاق ڈار ne SECP ki karکردagi par kya raay di,KI,40802,MIXED,urdu_char3gram_bm25,26,62935,45.60831832885742,50
post_phase12_module2_M2-A,M2-A,R044,اسحاق ڈار ne SECP ki karکردagi par kya raay di,KI,40802,MIXED,urdu_char3gram_bm25,27,61348,45.57264709472656,50
post_phase12_module2_M2-A,M2-A,R044,اسحاق ڈار ne SECP ki karکردagi par kya raay di,KI,40802,MIXED,urdu_char3gram_bm25,28,76328,45.51329040527344,50
post_phase12_module2_M2-A,M2-A,R044,اسحاق ڈار ne SECP ki karکردagi par kya raay di,KI,40802,MIXED,urdu_char3gram_bm25,29,62679,45.465431213378906,50
post_phase12_module2_M2-A,M2-A,R044,اسحاق ڈار ne SECP ki karکردagi par kya raay di,KI,40802,MIXED,urdu_char3gram_bm25,30,74127,45.38895034790039,50
post_phase12_module2_M2-A,M2-A,R044,اسحاق ڈار ne SECP ki karکردagi par kya raay di,KI,40802,MIXED,urdu_char3gram_bm25,31,61284,45.317752838134766,50
post_phase12_module2_M2-A,M2-A,R044,اسحاق ڈار ne SECP ki karکردagi par kya raay di,KI,40802,MIXED,urdu_char3gram_bm25,32,75137,45.28959274291992,50
post_phase12_module2_M2-A,M2-A,R044,اسحاق ڈار ne SECP ki karکردagi par kya raay di,KI,40802,MIXED,urdu_char3gram_bm25,33,62915,45.28944778442383,50
post_phase12_module2_M2-A,M2-A,R044,اسحاق ڈار ne SECP ki karکردagi par kya raay di,KI,40802,MIXED,urdu_char3gram_bm25,34,63017,45.282039642333984,50
post_phase12_module2_M2-A,M2-A,R044,اسحاق ڈار ne SECP ki karکردagi par kya raay di,KI,40802,MIXED,urdu_char3gram_bm25,35,41000,45.25633239746094,50
post_phase12_module2_M2-A,M2-A,R044,اسحاق ڈار ne SECP ki karکردagi par kya raay di,KI,40802,MIXED,urdu_char3gram_bm25,36,61609,45.21110916137695,50
post_phase12_module2_M2-A,M2-A,R044,اسحاق ڈار ne SECP ki karکردagi par kya raay di,KI,40802,MIXED,urdu_char3gram_bm25,37,72766,45.0742073059082,50
post_phase12_module2_M2-A,M2-A,R044,اسحاق ڈار ne SECP ki karکردagi par kya raay di,KI,40802,MIXED,urdu_char3gram_bm25,38,75883,45.02818298339844,50
post_phase12_module2_M2-A,M2-A,R044,اسحاق ڈار ne SECP ki karکردagi par kya raay di,KI,40802,MIXED,urdu_char3gram_bm25,39,77047,44.96989822387695,50
post_phase12_module2_M2-A,M2-A,R044,اسحاق ڈار ne SECP ki karکردagi par kya raay di,KI,40802,MIXED,urdu_char3gram_bm25,40,62914,44.956573486328125,50
post_phase12_module2_M2-A,M2-A,R044,اسحاق ڈار ne SECP ki karکردagi par kya raay di,KI,40802,MIXED,urdu_char3gram_bm25,41,72549,44.93531799316406,50
post_phase12_module2_M2-A,M2-A,R044,اسحاق ڈار ne SECP ki karکردagi par kya raay di,KI,40802,MIXED,urdu_char3gram_bm25,42,40350,44.900394439697266,50
post_phase12_module2_M2-A,M2-A,R044,اسحاق ڈار ne SECP ki karکردagi par kya raay di,KI,40802,MIXED,urdu_char3gram_bm25,43,74532,44.87900161743164,50
post_phase12_module2_M2-A,M2-A,R044,اسحاق ڈار ne SECP ki karکردagi par kya raay di,KI,40802,MIXED,urdu_char3gram_bm25,44,76049,44.840755462646484,50
post_phase12_module2_M2-A,M2-A,R044,اسحاق ڈار ne SECP ki karکردagi par kya raay di,KI,40802,MIXED,urdu_char3gram_bm25,45,74088,44.82248306274414,50
post_phase12_module2_M2-A,M2-A,R044,اسحاق ڈار ne SECP ki karکردagi par kya raay di,KI,40802,MIXED,urdu_char3gram_bm25,46,61250,44.81365203857422,50
post_phase12_module2_M2-A,M2-A,R044,اسحاق ڈار ne SECP ki karکردagi par kya raay di,KI,40802,MIXED,urdu_char3gram_bm25,47,61480,44.7979736328125,50
post_phase12_module2_M2-A,M2-A,R044,اسحاق ڈار ne SECP ki karکردagi par kya raay di,KI,40802,MIXED,urdu_char3gram_bm25,48,74290,44.79010009765625,50
post_phase12_module2_M2-A,M2-A,R044,اسحاق ڈار ne SECP ki karکردagi par kya raay di,KI,40802,MIXED,urdu_char3gram_bm25,49,75820,44.78105545043945,50
post_phase12_module2_M2-A,M2-A,R044,اسحاق ڈار ne SECP ki karکردagi par kya raay di,KI,40802,MIXED,urdu_char3gram_bm25,50,76899,44.74521255493164,50
post_phase12_module2_M2-A,M2-A,R045,Galaxy S10 ke kitne alag versions leak hokar samne aaye hain,KI,21313,ROMAN,roman_char3gram_bm25_method_D,1,55084,38.8560905456543,50
post_phase12_module2_M2-A,M2-A,R045,Galaxy S10 ke kitne alag versions leak hokar samne aaye hain,KI,21313,ROMAN,roman_char3gram_bm25_method_D,2,45765,33.7989501953125,50
post_phase12_module2_M2-A,M2-A,R045,Galaxy S10 ke kitne alag versions leak hokar samne aaye hain,KI,21313,ROMAN,roman_char3gram_bm25_method_D,3,109408,33.77049255371094,50
post_phase12_module2_M2-A,M2-A,R045,Galaxy S10 ke kitne alag versions leak hokar samne aaye hain,KI,21313,ROMAN,roman_char3gram_bm25_method_D,4,22634,33.68753433227539,50
post_phase12_module2_M2-A,M2-A,R045,Galaxy S10 ke kitne alag versions leak hokar samne aaye hain,KI,21313,ROMAN,roman_char3gram_bm25_method_D,5,8362,33.414241790771484,50
post_phase12_module2_M2-A,M2-A,R045,Galaxy S10 ke kitne alag versions leak hokar samne aaye hain,KI,21313,ROMAN,roman_char3gram_bm25_method_D,6,2523,33.0711784362793,50
post_phase12_module2_M2-A,M2-A,R045,Galaxy S10 ke kitne alag versions leak hokar samne aaye hain,KI,21313,ROMAN,roman_char3gram_bm25_method_D,7,24045,32.48953628540039,50
post_phase12_module2_M2-A,M2-A,R045,Galaxy S10 ke kitne alag versions leak hokar samne aaye hain,KI,21313,ROMAN,roman_char3gram_bm25_method_D,8,7170,32.48589324951172,50
post_phase12_module2_M2-A,M2-A,R045,Galaxy S10 ke kitne alag versions leak hokar samne aaye hain,KI,21313,ROMAN,roman_char3gram_bm25_method_D,9,29240,32.4173583984375,50
post_phase12_module2_M2-A,M2-A,R045,Galaxy S10 ke kitne alag versions leak hokar samne aaye hain,KI,21313,ROMAN,roman_char3gram_bm25_method_D,10,3622,32.34060287475586,50
post_phase12_module2_M2-A,M2-A,R045,Galaxy S10 ke kitne alag versions leak hokar samne aaye hain,KI,21313,ROMAN,roman_char3gram_bm25_method_D,11,5271,32.266502380371094,50
post_phase12_module2_M2-A,M2-A,R045,Galaxy S10 ke kitne alag versions leak hokar samne aaye hain,KI,21313,ROMAN,roman_char3gram_bm25_method_D,12,10217,31.72297477722168,50
post_phase12_module2_M2-A,M2-A,R045,Galaxy S10 ke kitne alag versions leak hokar samne aaye hain,KI,21313,ROMAN,roman_char3gram_bm25_method_D,13,21717,31.45315170288086,50
post_phase12_module2_M2-A,M2-A,R045,Galaxy S10 ke kitne alag versions leak hokar samne aaye hain,KI,21313,ROMAN,roman_char3gram_bm25_method_D,14,86736,31.44164276123047,50
post_phase12_module2_M2-A,M2-A,R045,Galaxy S10 ke kitne alag versions leak hokar samne aaye hain,KI,21313,ROMAN,roman_char3gram_bm25_method_D,15,38652,31.191829681396484,50
post_phase12_module2_M2-A,M2-A,R045,Galaxy S10 ke kitne alag versions leak hokar samne aaye hain,KI,21313,ROMAN,roman_char3gram_bm25_method_D,16,72597,31.184545516967773,50
post_phase12_module2_M2-A,M2-A,R045,Galaxy S10 ke kitne alag versions leak hokar samne aaye hain,KI,21313,ROMAN,roman_char3gram_bm25_method_D,17,72519,31.147994995117188,50
post_phase12_module2_M2-A,M2-A,R045,Galaxy S10 ke kitne alag versions leak hokar samne aaye hain,KI,21313,ROMAN,roman_char3gram_bm25_method_D,18,71903,31.138994216918945,50
post_phase12_module2_M2-A,M2-A,R045,Galaxy S10 ke kitne alag versions leak hokar samne aaye hain,KI,21313,ROMAN,roman_char3gram_bm25_method_D,19,4445,31.138662338256836,50
post_phase12_module2_M2-A,M2-A,R045,Galaxy S10 ke kitne alag versions leak hokar samne aaye hain,KI,21313,ROMAN,roman_char3gram_bm25_method_D,20,5442,31.12635040283203,50
post_phase12_module2_M2-A,M2-A,R045,Galaxy S10 ke kitne alag versions leak hokar samne aaye hain,KI,21313,ROMAN,roman_char3gram_bm25_method_D,21,23964,31.094501495361328,50
post_phase12_module2_M2-A,M2-A,R045,Galaxy S10 ke kitne alag versions leak hokar samne aaye hain,KI,21313,ROMAN,roman_char3gram_bm25_method_D,22,51359,31.007415771484375,50
post_phase12_module2_M2-A,M2-A,R045,Galaxy S10 ke kitne alag versions leak hokar samne aaye hain,KI,21313,ROMAN,roman_char3gram_bm25_method_D,23,7112,30.90627670288086,50
post_phase12_module2_M2-A,M2-A,R045,Galaxy S10 ke kitne alag versions leak hokar samne aaye hain,KI,21313,ROMAN,roman_char3gram_bm25_method_D,24,28755,30.863378524780273,50
post_phase12_module2_M2-A,M2-A,R045,Galaxy S10 ke kitne alag versions leak hokar samne aaye hain,KI,21313,ROMAN,roman_char3gram_bm25_method_D,25,102939,30.73967742919922,50
post_phase12_module2_M2-A,M2-A,R045,Galaxy S10 ke kitne alag versions leak hokar samne aaye hain,KI,21313,ROMAN,roman_char3gram_bm25_method_D,26,20127,30.6247501373291,50
post_phase12_module2_M2-A,M2-A,R045,Galaxy S10 ke kitne alag versions leak hokar samne aaye hain,KI,21313,ROMAN,roman_char3gram_bm25_method_D,27,23389,30.515254974365234,50
post_phase12_module2_M2-A,M2-A,R045,Galaxy S10 ke kitne alag versions leak hokar samne aaye hain,KI,21313,ROMAN,roman_char3gram_bm25_method_D,28,23639,30.511768341064453,50
post_phase12_module2_M2-A,M2-A,R045,Galaxy S10 ke kitne alag versions leak hokar samne aaye hain,KI,21313,ROMAN,roman_char3gram_bm25_method_D,29,27974,30.487701416015625,50
post_phase12_module2_M2-A,M2-A,R045,Galaxy S10 ke kitne alag versions leak hokar samne aaye hain,KI,21313,ROMAN,roman_char3gram_bm25_method_D,30,85461,30.45319366455078,50
post_phase12_module2_M2-A,M2-A,R045,Galaxy S10 ke kitne alag versions leak hokar samne aaye hain,KI,21313,ROMAN,roman_char3gram_bm25_method_D,31,5546,30.44972801208496,50
post_phase12_module2_M2-A,M2-A,R045,Galaxy S10 ke kitne alag versions leak hokar samne aaye hain,KI,21313,ROMAN,roman_char3gram_bm25_method_D,32,6219,30.402130126953125,50
post_phase12_module2_M2-A,M2-A,R045,Galaxy S10 ke kitne alag versions leak hokar samne aaye hain,KI,21313,ROMAN,roman_char3gram_bm25_method_D,33,29229,30.236003875732422,50
post_phase12_module2_M2-A,M2-A,R045,Galaxy S10 ke kitne alag versions leak hokar samne aaye hain,KI,21313,ROMAN,roman_char3gram_bm25_method_D,34,23310,30.158357620239258,50
post_phase12_module2_M2-A,M2-A,R045,Galaxy S10 ke kitne alag versions leak hokar samne aaye hain,KI,21313,ROMAN,roman_char3gram_bm25_method_D,35,44456,30.107492446899414,50
post_phase12_module2_M2-A,M2-A,R045,Galaxy S10 ke kitne alag versions leak hokar samne aaye hain,KI,21313,ROMAN,roman_char3gram_bm25_method_D,36,106463,30.09091567993164,50
post_phase12_module2_M2-A,M2-A,R045,Galaxy S10 ke kitne alag versions leak hokar samne aaye hain,KI,21313,ROMAN,roman_char3gram_bm25_method_D,37,6000,30.017549514770508,50
post_phase12_module2_M2-A,M2-A,R045,Galaxy S10 ke kitne alag versions leak hokar samne aaye hain,KI,21313,ROMAN,roman_char3gram_bm25_method_D,38,21149,29.984336853027344,50
post_phase12_module2_M2-A,M2-A,R045,Galaxy S10 ke kitne alag versions leak hokar samne aaye hain,KI,21313,ROMAN,roman_char3gram_bm25_method_D,39,61869,29.7296199798584,50
post_phase12_module2_M2-A,M2-A,R045,Galaxy S10 ke kitne alag versions leak hokar samne aaye hain,KI,21313,ROMAN,roman_char3gram_bm25_method_D,40,27720,29.706165313720703,50
post_phase12_module2_M2-A,M2-A,R045,Galaxy S10 ke kitne alag versions leak hokar samne aaye hain,KI,21313,ROMAN,roman_char3gram_bm25_method_D,41,365,29.652420043945312,50
post_phase12_module2_M2-A,M2-A,R045,Galaxy S10 ke kitne alag versions leak hokar samne aaye hain,KI,21313,ROMAN,roman_char3gram_bm25_method_D,42,33593,29.640090942382812,50
post_phase12_module2_M2-A,M2-A,R045,Galaxy S10 ke kitne alag versions leak hokar samne aaye hain,KI,21313,ROMAN,roman_char3gram_bm25_method_D,43,71759,29.59773063659668,50
post_phase12_module2_M2-A,M2-A,R045,Galaxy S10 ke kitne alag versions leak hokar samne aaye hain,KI,21313,ROMAN,roman_char3gram_bm25_method_D,44,94342,29.597625732421875,50
post_phase12_module2_M2-A,M2-A,R045,Galaxy S10 ke kitne alag versions leak hokar samne aaye hain,KI,21313,ROMAN,roman_char3gram_bm25_method_D,45,4768,29.29841423034668,50
post_phase12_module2_M2-A,M2-A,R045,Galaxy S10 ke kitne alag versions leak hokar samne aaye hain,KI,21313,ROMAN,roman_char3gram_bm25_method_D,46,10918,29.280887603759766,50
post_phase12_module2_M2-A,M2-A,R045,Galaxy S10 ke kitne alag versions leak hokar samne aaye hain,KI,21313,ROMAN,roman_char3gram_bm25_method_D,47,31124,29.27208709716797,50
post_phase12_module2_M2-A,M2-A,R045,Galaxy S10 ke kitne alag versions leak hokar samne aaye hain,KI,21313,ROMAN,roman_char3gram_bm25_method_D,48,26572,29.254043579101562,50
post_phase12_module2_M2-A,M2-A,R045,Galaxy S10 ke kitne alag versions leak hokar samne aaye hain,KI,21313,ROMAN,roman_char3gram_bm25_method_D,49,5869,29.2322940826416,50
post_phase12_module2_M2-A,M2-A,R045,Galaxy S10 ke kitne alag versions leak hokar samne aaye hain,KI,21313,ROMAN,roman_char3gram_bm25_method_D,50,104916,29.227901458740234,50
post_phase12_module2_M2-A,M2-A,R046,میرا ke jhoothi shadi ke case mein Atiq ur Rehman ko adalat ne kyun bulaya,KI,68052,MIXED,urdu_char3gram_bm25,1,105284,11.001035690307617,50
post_phase12_module2_M2-A,M2-A,R046,میرا ke jhoothi shadi ke case mein Atiq ur Rehman ko adalat ne kyun bulaya,KI,68052,MIXED,urdu_char3gram_bm25,2,105283,10.999913215637207,50
post_phase12_module2_M2-A,M2-A,R046,میرا ke jhoothi shadi ke case mein Atiq ur Rehman ko adalat ne kyun bulaya,KI,68052,MIXED,urdu_char3gram_bm25,3,103726,10.970556259155273,50
post_phase12_module2_M2-A,M2-A,R046,میرا ke jhoothi shadi ke case mein Atiq ur Rehman ko adalat ne kyun bulaya,KI,68052,MIXED,urdu_char3gram_bm25,4,11179,10.961164474487305,50
post_phase12_module2_M2-A,M2-A,R046,میرا ke jhoothi shadi ke case mein Atiq ur Rehman ko adalat ne kyun bulaya,KI,68052,MIXED,urdu_char3gram_bm25,5,108477,10.916524887084961,50
post_phase12_module2_M2-A,M2-A,R046,میرا ke jhoothi shadi ke case mein Atiq ur Rehman ko adalat ne kyun bulaya,KI,68052,MIXED,urdu_char3gram_bm25,6,14548,10.904327392578125,50
post_phase12_module2_M2-A,M2-A,R046,میرا ke jhoothi shadi ke case mein Atiq ur Rehman ko adalat ne kyun bulaya,KI,68052,MIXED,urdu_char3gram_bm25,7,14256,10.896413803100586,50
post_phase12_module2_M2-A,M2-A,R046,میرا ke jhoothi shadi ke case mein Atiq ur Rehman ko adalat ne kyun bulaya,KI,68052,MIXED,urdu_char3gram_bm25,8,100753,10.89262580871582,50
post_phase12_module2_M2-A,M2-A,R046,میرا ke jhoothi shadi ke case mein Atiq ur Rehman ko adalat ne kyun bulaya,KI,68052,MIXED,urdu_char3gram_bm25,9,108116,10.88613510131836,50
post_phase12_module2_M2-A,M2-A,R046,میرا ke jhoothi shadi ke case mein Atiq ur Rehman ko adalat ne kyun bulaya,KI,68052,MIXED,urdu_char3gram_bm25,10,69602,10.850563049316406,50
post_phase12_module2_M2-A,M2-A,R046,میرا ke jhoothi shadi ke case mein Atiq ur Rehman ko adalat ne kyun bulaya,KI,68052,MIXED,urdu_char3gram_bm25,11,13548,10.836593627929688,50
post_phase12_module2_M2-A,M2-A,R046,میرا ke jhoothi shadi ke case mein Atiq ur Rehman ko adalat ne kyun bulaya,KI,68052,MIXED,urdu_char3gram_bm25,12,97855,10.835796356201172,50
post_phase12_module2_M2-A,M2-A,R046,میرا ke jhoothi shadi ke case mein Atiq ur Rehman ko adalat ne kyun bulaya,KI,68052,MIXED,urdu_char3gram_bm25,13,99221,10.834014892578125,50
post_phase12_module2_M2-A,M2-A,R046,میرا ke jhoothi shadi ke case mein Atiq ur Rehman ko adalat ne kyun bulaya,KI,68052,MIXED,urdu_char3gram_bm25,14,67638,10.833045959472656,50
post_phase12_module2_M2-A,M2-A,R046,میرا ke jhoothi shadi ke case mein Atiq ur Rehman ko adalat ne kyun bulaya,KI,68052,MIXED,urdu_char3gram_bm25,15,67152,10.826421737670898,50
post_phase12_module2_M2-A,M2-A,R046,میرا ke jhoothi shadi ke case mein Atiq ur Rehman ko adalat ne kyun bulaya,KI,68052,MIXED,urdu_char3gram_bm25,16,98873,10.823747634887695,50
post_phase12_module2_M2-A,M2-A,R046,میرا ke jhoothi shadi ke case mein Atiq ur Rehman ko adalat ne kyun bulaya,KI,68052,MIXED,urdu_char3gram_bm25,17,105956,10.799962997436523,50
post_phase12_module2_M2-A,M2-A,R046,میرا ke jhoothi shadi ke case mein Atiq ur Rehman ko adalat ne kyun bulaya,KI,68052,MIXED,urdu_char3gram_bm25,18,104249,10.797026634216309,50
post_phase12_module2_M2-A,M2-A,R046,میرا ke jhoothi shadi ke case mein Atiq ur Rehman ko adalat ne kyun bulaya,KI,68052,MIXED,urdu_char3gram_bm25,19,106065,10.790188789367676,50
post_phase12_module2_M2-A,M2-A,R046,میرا ke jhoothi shadi ke case mein Atiq ur Rehman ko adalat ne kyun bulaya,KI,68052,MIXED,urdu_char3gram_bm25,20,97526,10.78984260559082,50
post_phase12_module2_M2-A,M2-A,R046,میرا ke jhoothi shadi ke case mein Atiq ur Rehman ko adalat ne kyun bulaya,KI,68052,MIXED,urdu_char3gram_bm25,21,97801,10.776202201843262,50
post_phase12_module2_M2-A,M2-A,R046,میرا ke jhoothi shadi ke case mein Atiq ur Rehman ko adalat ne kyun bulaya,KI,68052,MIXED,urdu_char3gram_bm25,22,98362,10.772130966186523,50
post_phase12_module2_M2-A,M2-A,R046,میرا ke jhoothi shadi ke case mein Atiq ur Rehman ko adalat ne kyun bulaya,KI,68052,MIXED,urdu_char3gram_bm25,23,68122,10.771486282348633,50
post_phase12_module2_M2-A,M2-A,R046,میرا ke jhoothi shadi ke case mein Atiq ur Rehman ko adalat ne kyun bulaya,KI,68052,MIXED,urdu_char3gram_bm25,24,68144,10.771342277526855,50
post_phase12_module2_M2-A,M2-A,R046,میرا ke jhoothi shadi ke case mein Atiq ur Rehman ko adalat ne kyun bulaya,KI,68052,MIXED,urdu_char3gram_bm25,25,69144,10.767560958862305,50
post_phase12_module2_M2-A,M2-A,R046,میرا ke jhoothi shadi ke case mein Atiq ur Rehman ko adalat ne kyun bulaya,KI,68052,MIXED,urdu_char3gram_bm25,26,68894,10.763965606689453,50
post_phase12_module2_M2-A,M2-A,R046,میرا ke jhoothi shadi ke case mein Atiq ur Rehman ko adalat ne kyun bulaya,KI,68052,MIXED,urdu_char3gram_bm25,27,100987,10.758389472961426,50
post_phase12_module2_M2-A,M2-A,R046,میرا ke jhoothi shadi ke case mein Atiq ur Rehman ko adalat ne kyun bulaya,KI,68052,MIXED,urdu_char3gram_bm25,28,50652,10.754191398620605,50
post_phase12_module2_M2-A,M2-A,R046,میرا ke jhoothi shadi ke case mein Atiq ur Rehman ko adalat ne kyun bulaya,KI,68052,MIXED,urdu_char3gram_bm25,29,92232,10.749476432800293,50
post_phase12_module2_M2-A,M2-A,R046,میرا ke jhoothi shadi ke case mein Atiq ur Rehman ko adalat ne kyun bulaya,KI,68052,MIXED,urdu_char3gram_bm25,30,69270,10.733955383300781,50
post_phase12_module2_M2-A,M2-A,R046,میرا ke jhoothi shadi ke case mein Atiq ur Rehman ko adalat ne kyun bulaya,KI,68052,MIXED,urdu_char3gram_bm25,31,14157,10.731069564819336,50
post_phase12_module2_M2-A,M2-A,R046,میرا ke jhoothi shadi ke case mein Atiq ur Rehman ko adalat ne kyun bulaya,KI,68052,MIXED,urdu_char3gram_bm25,32,17143,10.730597496032715,50
post_phase12_module2_M2-A,M2-A,R046,میرا ke jhoothi shadi ke case mein Atiq ur Rehman ko adalat ne kyun bulaya,KI,68052,MIXED,urdu_char3gram_bm25,33,103904,10.71888542175293,50
post_phase12_module2_M2-A,M2-A,R046,میرا ke jhoothi shadi ke case mein Atiq ur Rehman ko adalat ne kyun bulaya,KI,68052,MIXED,urdu_char3gram_bm25,34,7895,10.716965675354004,50
post_phase12_module2_M2-A,M2-A,R046,میرا ke jhoothi shadi ke case mein Atiq ur Rehman ko adalat ne kyun bulaya,KI,68052,MIXED,urdu_char3gram_bm25,35,102691,10.712162017822266,50
post_phase12_module2_M2-A,M2-A,R046,میرا ke jhoothi shadi ke case mein Atiq ur Rehman ko adalat ne kyun bulaya,KI,68052,MIXED,urdu_char3gram_bm25,36,68148,10.691936492919922,50
post_phase12_module2_M2-A,M2-A,R046,میرا ke jhoothi shadi ke case mein Atiq ur Rehman ko adalat ne kyun bulaya,KI,68052,MIXED,urdu_char3gram_bm25,37,97829,10.689010620117188,50
post_phase12_module2_M2-A,M2-A,R046,میرا ke jhoothi shadi ke case mein Atiq ur Rehman ko adalat ne kyun bulaya,KI,68052,MIXED,urdu_char3gram_bm25,38,99298,10.683064460754395,50
post_phase12_module2_M2-A,M2-A,R046,میرا ke jhoothi shadi ke case mein Atiq ur Rehman ko adalat ne kyun bulaya,KI,68052,MIXED,urdu_char3gram_bm25,39,104089,10.681377410888672,50
post_phase12_module2_M2-A,M2-A,R046,میرا ke jhoothi shadi ke case mein Atiq ur Rehman ko adalat ne kyun bulaya,KI,68052,MIXED,urdu_char3gram_bm25,40,18289,10.67657470703125,50
post_phase12_module2_M2-A,M2-A,R046,میرا ke jhoothi shadi ke case mein Atiq ur Rehman ko adalat ne kyun bulaya,KI,68052,MIXED,urdu_char3gram_bm25,41,108473,10.673637390136719,50
post_phase12_module2_M2-A,M2-A,R046,میرا ke jhoothi shadi ke case mein Atiq ur Rehman ko adalat ne kyun bulaya,KI,68052,MIXED,urdu_char3gram_bm25,42,98039,10.67100715637207,50
post_phase12_module2_M2-A,M2-A,R046,میرا ke jhoothi shadi ke case mein Atiq ur Rehman ko adalat ne kyun bulaya,KI,68052,MIXED,urdu_char3gram_bm25,43,107409,10.666585922241211,50
post_phase12_module2_M2-A,M2-A,R046,میرا ke jhoothi shadi ke case mein Atiq ur Rehman ko adalat ne kyun bulaya,KI,68052,MIXED,urdu_char3gram_bm25,44,4159,10.649795532226562,50
post_phase12_module2_M2-A,M2-A,R046,میرا ke jhoothi shadi ke case mein Atiq ur Rehman ko adalat ne kyun bulaya,KI,68052,MIXED,urdu_char3gram_bm25,45,105942,10.649112701416016,50
post_phase12_module2_M2-A,M2-A,R046,میرا ke jhoothi shadi ke case mein Atiq ur Rehman ko adalat ne kyun bulaya,KI,68052,MIXED,urdu_char3gram_bm25,46,104092,10.647525787353516,50
post_phase12_module2_M2-A,M2-A,R046,میرا ke jhoothi shadi ke case mein Atiq ur Rehman ko adalat ne kyun bulaya,KI,68052,MIXED,urdu_char3gram_bm25,47,16323,10.643875122070312,50
post_phase12_module2_M2-A,M2-A,R046,میرا ke jhoothi shadi ke case mein Atiq ur Rehman ko adalat ne kyun bulaya,KI,68052,MIXED,urdu_char3gram_bm25,48,51478,10.641151428222656,50
post_phase12_module2_M2-A,M2-A,R046,میرا ke jhoothi shadi ke case mein Atiq ur Rehman ko adalat ne kyun bulaya,KI,68052,MIXED,urdu_char3gram_bm25,49,5287,10.640043258666992,50
post_phase12_module2_M2-A,M2-A,R046,میرا ke jhoothi shadi ke case mein Atiq ur Rehman ko adalat ne kyun bulaya,KI,68052,MIXED,urdu_char3gram_bm25,50,108730,10.63441276550293,50
post_phase12_module2_M2-A,M2-A,R047,فرانس ne Chitral aur Dargai hydropower plants ke liye kitna euro qarz diya,KI,110281,MIXED,urdu_char3gram_bm25,1,88270,14.119725227355957,50
post_phase12_module2_M2-A,M2-A,R047,فرانس ne Chitral aur Dargai hydropower plants ke liye kitna euro qarz diya,KI,110281,MIXED,urdu_char3gram_bm25,2,35600,13.921562194824219,50
post_phase12_module2_M2-A,M2-A,R047,فرانس ne Chitral aur Dargai hydropower plants ke liye kitna euro qarz diya,KI,110281,MIXED,urdu_char3gram_bm25,3,43611,13.911398887634277,50
post_phase12_module2_M2-A,M2-A,R047,فرانس ne Chitral aur Dargai hydropower plants ke liye kitna euro qarz diya,KI,110281,MIXED,urdu_char3gram_bm25,4,84000,13.86251163482666,50
post_phase12_module2_M2-A,M2-A,R047,فرانس ne Chitral aur Dargai hydropower plants ke liye kitna euro qarz diya,KI,110281,MIXED,urdu_char3gram_bm25,5,88290,13.850046157836914,50
post_phase12_module2_M2-A,M2-A,R047,فرانس ne Chitral aur Dargai hydropower plants ke liye kitna euro qarz diya,KI,110281,MIXED,urdu_char3gram_bm25,6,65938,13.820137023925781,50
post_phase12_module2_M2-A,M2-A,R047,فرانس ne Chitral aur Dargai hydropower plants ke liye kitna euro qarz diya,KI,110281,MIXED,urdu_char3gram_bm25,7,88265,13.798337936401367,50
post_phase12_module2_M2-A,M2-A,R047,فرانس ne Chitral aur Dargai hydropower plants ke liye kitna euro qarz diya,KI,110281,MIXED,urdu_char3gram_bm25,8,45893,13.755392074584961,50
post_phase12_module2_M2-A,M2-A,R047,فرانس ne Chitral aur Dargai hydropower plants ke liye kitna euro qarz diya,KI,110281,MIXED,urdu_char3gram_bm25,9,57387,13.725805282592773,50
post_phase12_module2_M2-A,M2-A,R047,فرانس ne Chitral aur Dargai hydropower plants ke liye kitna euro qarz diya,KI,110281,MIXED,urdu_char3gram_bm25,10,43633,13.683507919311523,50
post_phase12_module2_M2-A,M2-A,R047,فرانس ne Chitral aur Dargai hydropower plants ke liye kitna euro qarz diya,KI,110281,MIXED,urdu_char3gram_bm25,11,88406,13.658354759216309,50
post_phase12_module2_M2-A,M2-A,R047,فرانس ne Chitral aur Dargai hydropower plants ke liye kitna euro qarz diya,KI,110281,MIXED,urdu_char3gram_bm25,12,72250,13.610626220703125,50
post_phase12_module2_M2-A,M2-A,R047,فرانس ne Chitral aur Dargai hydropower plants ke liye kitna euro qarz diya,KI,110281,MIXED,urdu_char3gram_bm25,13,111047,13.605855941772461,50
post_phase12_module2_M2-A,M2-A,R047,فرانس ne Chitral aur Dargai hydropower plants ke liye kitna euro qarz diya,KI,110281,MIXED,urdu_char3gram_bm25,14,88291,13.55111026763916,50
post_phase12_module2_M2-A,M2-A,R047,فرانس ne Chitral aur Dargai hydropower plants ke liye kitna euro qarz diya,KI,110281,MIXED,urdu_char3gram_bm25,15,64529,13.519502639770508,50
post_phase12_module2_M2-A,M2-A,R047,فرانس ne Chitral aur Dargai hydropower plants ke liye kitna euro qarz diya,KI,110281,MIXED,urdu_char3gram_bm25,16,31723,13.491326332092285,50
post_phase12_module2_M2-A,M2-A,R047,فرانس ne Chitral aur Dargai hydropower plants ke liye kitna euro qarz diya,KI,110281,MIXED,urdu_char3gram_bm25,17,44686,13.487167358398438,50
post_phase12_module2_M2-A,M2-A,R047,فرانس ne Chitral aur Dargai hydropower plants ke liye kitna euro qarz diya,KI,110281,MIXED,urdu_char3gram_bm25,18,88445,13.47150707244873,50
post_phase12_module2_M2-A,M2-A,R047,فرانس ne Chitral aur Dargai hydropower plants ke liye kitna euro qarz diya,KI,110281,MIXED,urdu_char3gram_bm25,19,45965,13.461763381958008,50
post_phase12_module2_M2-A,M2-A,R047,فرانس ne Chitral aur Dargai hydropower plants ke liye kitna euro qarz diya,KI,110281,MIXED,urdu_char3gram_bm25,20,57394,13.461067199707031,50
post_phase12_module2_M2-A,M2-A,R047,فرانس ne Chitral aur Dargai hydropower plants ke liye kitna euro qarz diya,KI,110281,MIXED,urdu_char3gram_bm25,21,89791,13.452186584472656,50
post_phase12_module2_M2-A,M2-A,R047,فرانس ne Chitral aur Dargai hydropower plants ke liye kitna euro qarz diya,KI,110281,MIXED,urdu_char3gram_bm25,22,92307,13.438225746154785,50
post_phase12_module2_M2-A,M2-A,R047,فرانس ne Chitral aur Dargai hydropower plants ke liye kitna euro qarz diya,KI,110281,MIXED,urdu_char3gram_bm25,23,110281,13.437933921813965,50
post_phase12_module2_M2-A,M2-A,R047,فرانس ne Chitral aur Dargai hydropower plants ke liye kitna euro qarz diya,KI,110281,MIXED,urdu_char3gram_bm25,24,43357,13.437509536743164,50
post_phase12_module2_M2-A,M2-A,R047,فرانس ne Chitral aur Dargai hydropower plants ke liye kitna euro qarz diya,KI,110281,MIXED,urdu_char3gram_bm25,25,24344,13.402152061462402,50
post_phase12_module2_M2-A,M2-A,R047,فرانس ne Chitral aur Dargai hydropower plants ke liye kitna euro qarz diya,KI,110281,MIXED,urdu_char3gram_bm25,26,31743,13.39582633972168,50
post_phase12_module2_M2-A,M2-A,R047,فرانس ne Chitral aur Dargai hydropower plants ke liye kitna euro qarz diya,KI,110281,MIXED,urdu_char3gram_bm25,27,61222,13.38608169555664,50
post_phase12_module2_M2-A,M2-A,R047,فرانس ne Chitral aur Dargai hydropower plants ke liye kitna euro qarz diya,KI,110281,MIXED,urdu_char3gram_bm25,28,45874,13.359312057495117,50
post_phase12_module2_M2-A,M2-A,R047,فرانس ne Chitral aur Dargai hydropower plants ke liye kitna euro qarz diya,KI,110281,MIXED,urdu_char3gram_bm25,29,88400,13.357780456542969,50
post_phase12_module2_M2-A,M2-A,R047,فرانس ne Chitral aur Dargai hydropower plants ke liye kitna euro qarz diya,KI,110281,MIXED,urdu_char3gram_bm25,30,57477,13.33413314819336,50
post_phase12_module2_M2-A,M2-A,R047,فرانس ne Chitral aur Dargai hydropower plants ke liye kitna euro qarz diya,KI,110281,MIXED,urdu_char3gram_bm25,31,107903,13.330427169799805,50
post_phase12_module2_M2-A,M2-A,R047,فرانس ne Chitral aur Dargai hydropower plants ke liye kitna euro qarz diya,KI,110281,MIXED,urdu_char3gram_bm25,32,89620,13.322429656982422,50
post_phase12_module2_M2-A,M2-A,R047,فرانس ne Chitral aur Dargai hydropower plants ke liye kitna euro qarz diya,KI,110281,MIXED,urdu_char3gram_bm25,33,43583,13.318105697631836,50
post_phase12_module2_M2-A,M2-A,R047,فرانس ne Chitral aur Dargai hydropower plants ke liye kitna euro qarz diya,KI,110281,MIXED,urdu_char3gram_bm25,34,64968,13.316875457763672,50
post_phase12_module2_M2-A,M2-A,R047,فرانس ne Chitral aur Dargai hydropower plants ke liye kitna euro qarz diya,KI,110281,MIXED,urdu_char3gram_bm25,35,78401,13.312768936157227,50
post_phase12_module2_M2-A,M2-A,R047,فرانس ne Chitral aur Dargai hydropower plants ke liye kitna euro qarz diya,KI,110281,MIXED,urdu_char3gram_bm25,36,51854,13.309258460998535,50
post_phase12_module2_M2-A,M2-A,R047,فرانس ne Chitral aur Dargai hydropower plants ke liye kitna euro qarz diya,KI,110281,MIXED,urdu_char3gram_bm25,37,57395,13.305143356323242,50
post_phase12_module2_M2-A,M2-A,R047,فرانس ne Chitral aur Dargai hydropower plants ke liye kitna euro qarz diya,KI,110281,MIXED,urdu_char3gram_bm25,38,43656,13.28406810760498,50
post_phase12_module2_M2-A,M2-A,R047,فرانس ne Chitral aur Dargai hydropower plants ke liye kitna euro qarz diya,KI,110281,MIXED,urdu_char3gram_bm25,39,110693,13.282113075256348,50
post_phase12_module2_M2-A,M2-A,R047,فرانس ne Chitral aur Dargai hydropower plants ke liye kitna euro qarz diya,KI,110281,MIXED,urdu_char3gram_bm25,40,27692,13.280852317810059,50
post_phase12_module2_M2-A,M2-A,R047,فرانس ne Chitral aur Dargai hydropower plants ke liye kitna euro qarz diya,KI,110281,MIXED,urdu_char3gram_bm25,41,1946,13.279260635375977,50
post_phase12_module2_M2-A,M2-A,R047,فرانس ne Chitral aur Dargai hydropower plants ke liye kitna euro qarz diya,KI,110281,MIXED,urdu_char3gram_bm25,42,2205,13.254358291625977,50
post_phase12_module2_M2-A,M2-A,R047,فرانس ne Chitral aur Dargai hydropower plants ke liye kitna euro qarz diya,KI,110281,MIXED,urdu_char3gram_bm25,43,93254,13.240762710571289,50
post_phase12_module2_M2-A,M2-A,R047,فرانس ne Chitral aur Dargai hydropower plants ke liye kitna euro qarz diya,KI,110281,MIXED,urdu_char3gram_bm25,44,39946,13.237234115600586,50
post_phase12_module2_M2-A,M2-A,R047,فرانس ne Chitral aur Dargai hydropower plants ke liye kitna euro qarz diya,KI,110281,MIXED,urdu_char3gram_bm25,45,40479,13.233834266662598,50
post_phase12_module2_M2-A,M2-A,R047,فرانس ne Chitral aur Dargai hydropower plants ke liye kitna euro qarz diya,KI,110281,MIXED,urdu_char3gram_bm25,46,37719,13.233831405639648,50
post_phase12_module2_M2-A,M2-A,R047,فرانس ne Chitral aur Dargai hydropower plants ke liye kitna euro qarz diya,KI,110281,MIXED,urdu_char3gram_bm25,47,88262,13.205089569091797,50
post_phase12_module2_M2-A,M2-A,R047,فرانس ne Chitral aur Dargai hydropower plants ke liye kitna euro qarz diya,KI,110281,MIXED,urdu_char3gram_bm25,48,84022,13.191967964172363,50
post_phase12_module2_M2-A,M2-A,R047,فرانس ne Chitral aur Dargai hydropower plants ke liye kitna euro qarz diya,KI,110281,MIXED,urdu_char3gram_bm25,49,88259,13.189383506774902,50
post_phase12_module2_M2-A,M2-A,R047,فرانس ne Chitral aur Dargai hydropower plants ke liye kitna euro qarz diya,KI,110281,MIXED,urdu_char3gram_bm25,50,27670,13.185519218444824,50
post_phase12_module2_M2-A,M2-A,R048,جراسک ورلڈ ne doosre hafte bhi US box office par kya position barqarar rakhi,KI,51465,MIXED,urdu_char3gram_bm25,1,10123,46.565460205078125,50
post_phase12_module2_M2-A,M2-A,R048,جراسک ورلڈ ne doosre hafte bhi US box office par kya position barqarar rakhi,KI,51465,MIXED,urdu_char3gram_bm25,2,10059,45.25239562988281,50
post_phase12_module2_M2-A,M2-A,R048,جراسک ورلڈ ne doosre hafte bhi US box office par kya position barqarar rakhi,KI,51465,MIXED,urdu_char3gram_bm25,3,8965,45.220890045166016,50
post_phase12_module2_M2-A,M2-A,R048,جراسک ورلڈ ne doosre hafte bhi US box office par kya position barqarar rakhi,KI,51465,MIXED,urdu_char3gram_bm25,4,104554,45.08971405029297,50
post_phase12_module2_M2-A,M2-A,R048,جراسک ورلڈ ne doosre hafte bhi US box office par kya position barqarar rakhi,KI,51465,MIXED,urdu_char3gram_bm25,5,104137,44.859458923339844,50
post_phase12_module2_M2-A,M2-A,R048,جراسک ورلڈ ne doosre hafte bhi US box office par kya position barqarar rakhi,KI,51465,MIXED,urdu_char3gram_bm25,6,104186,44.603946685791016,50
post_phase12_module2_M2-A,M2-A,R048,جراسک ورلڈ ne doosre hafte bhi US box office par kya position barqarar rakhi,KI,51465,MIXED,urdu_char3gram_bm25,7,8916,44.029205322265625,50
post_phase12_module2_M2-A,M2-A,R048,جراسک ورلڈ ne doosre hafte bhi US box office par kya position barqarar rakhi,KI,51465,MIXED,urdu_char3gram_bm25,8,14775,43.74297332763672,50
post_phase12_module2_M2-A,M2-A,R048,جراسک ورلڈ ne doosre hafte bhi US box office par kya position barqarar rakhi,KI,51465,MIXED,urdu_char3gram_bm25,9,104099,43.51499938964844,50
post_phase12_module2_M2-A,M2-A,R048,جراسک ورلڈ ne doosre hafte bhi US box office par kya position barqarar rakhi,KI,51465,MIXED,urdu_char3gram_bm25,10,51366,43.406951904296875,50
post_phase12_module2_M2-A,M2-A,R048,جراسک ورلڈ ne doosre hafte bhi US box office par kya position barqarar rakhi,KI,51465,MIXED,urdu_char3gram_bm25,11,4009,43.265586853027344,50
post_phase12_module2_M2-A,M2-A,R048,جراسک ورلڈ ne doosre hafte bhi US box office par kya position barqarar rakhi,KI,51465,MIXED,urdu_char3gram_bm25,12,15381,43.213199615478516,50
post_phase12_module2_M2-A,M2-A,R048,جراسک ورلڈ ne doosre hafte bhi US box office par kya position barqarar rakhi,KI,51465,MIXED,urdu_char3gram_bm25,13,51517,42.93025207519531,50
post_phase12_module2_M2-A,M2-A,R048,جراسک ورلڈ ne doosre hafte bhi US box office par kya position barqarar rakhi,KI,51465,MIXED,urdu_char3gram_bm25,14,4018,42.410037994384766,50
post_phase12_module2_M2-A,M2-A,R048,جراسک ورلڈ ne doosre hafte bhi US box office par kya position barqarar rakhi,KI,51465,MIXED,urdu_char3gram_bm25,15,15073,42.316951751708984,50
post_phase12_module2_M2-A,M2-A,R048,جراسک ورلڈ ne doosre hafte bhi US box office par kya position barqarar rakhi,KI,51465,MIXED,urdu_char3gram_bm25,16,51465,42.01361846923828,50
post_phase12_module2_M2-A,M2-A,R048,جراسک ورلڈ ne doosre hafte bhi US box office par kya position barqarar rakhi,KI,51465,MIXED,urdu_char3gram_bm25,17,49294,42.00059127807617,50
post_phase12_module2_M2-A,M2-A,R048,جراسک ورلڈ ne doosre hafte bhi US box office par kya position barqarar rakhi,KI,51465,MIXED,urdu_char3gram_bm25,18,48908,41.991966247558594,50
post_phase12_module2_M2-A,M2-A,R048,جراسک ورلڈ ne doosre hafte bhi US box office par kya position barqarar rakhi,KI,51465,MIXED,urdu_char3gram_bm25,19,14582,41.883277893066406,50
post_phase12_module2_M2-A,M2-A,R048,جراسک ورلڈ ne doosre hafte bhi US box office par kya position barqarar rakhi,KI,51465,MIXED,urdu_char3gram_bm25,20,49590,41.78725814819336,50
post_phase12_module2_M2-A,M2-A,R048,جراسک ورلڈ ne doosre hafte bhi US box office par kya position barqarar rakhi,KI,51465,MIXED,urdu_char3gram_bm25,21,51469,41.62804412841797,50
post_phase12_module2_M2-A,M2-A,R048,جراسک ورلڈ ne doosre hafte bhi US box office par kya position barqarar rakhi,KI,51465,MIXED,urdu_char3gram_bm25,22,14742,40.74646759033203,50
post_phase12_module2_M2-A,M2-A,R048,جراسک ورلڈ ne doosre hafte bhi US box office par kya position barqarar rakhi,KI,51465,MIXED,urdu_char3gram_bm25,23,51442,40.30570983886719,50
post_phase12_module2_M2-A,M2-A,R048,جراسک ورلڈ ne doosre hafte bhi US box office par kya position barqarar rakhi,KI,51465,MIXED,urdu_char3gram_bm25,24,49155,40.231258392333984,50
post_phase12_module2_M2-A,M2-A,R048,جراسک ورلڈ ne doosre hafte bhi US box office par kya position barqarar rakhi,KI,51465,MIXED,urdu_char3gram_bm25,25,104302,40.18330001831055,50
post_phase12_module2_M2-A,M2-A,R048,جراسک ورلڈ ne doosre hafte bhi US box office par kya position barqarar rakhi,KI,51465,MIXED,urdu_char3gram_bm25,26,104935,40.09428787231445,50
post_phase12_module2_M2-A,M2-A,R048,جراسک ورلڈ ne doosre hafte bhi US box office par kya position barqarar rakhi,KI,51465,MIXED,urdu_char3gram_bm25,27,106764,39.86264419555664,50
post_phase12_module2_M2-A,M2-A,R048,جراسک ورلڈ ne doosre hafte bhi US box office par kya position barqarar rakhi,KI,51465,MIXED,urdu_char3gram_bm25,28,51455,39.860557556152344,50
post_phase12_module2_M2-A,M2-A,R048,جراسک ورلڈ ne doosre hafte bhi US box office par kya position barqarar rakhi,KI,51465,MIXED,urdu_char3gram_bm25,29,51472,39.82856750488281,50
post_phase12_module2_M2-A,M2-A,R048,جراسک ورلڈ ne doosre hafte bhi US box office par kya position barqarar rakhi,KI,51465,MIXED,urdu_char3gram_bm25,30,104103,39.62018966674805,50
post_phase12_module2_M2-A,M2-A,R048,جراسک ورلڈ ne doosre hafte bhi US box office par kya position barqarar rakhi,KI,51465,MIXED,urdu_char3gram_bm25,31,104121,39.53588104248047,50
post_phase12_module2_M2-A,M2-A,R048,جراسک ورلڈ ne doosre hafte bhi US box office par kya position barqarar rakhi,KI,51465,MIXED,urdu_char3gram_bm25,32,49579,39.08011245727539,50
post_phase12_module2_M2-A,M2-A,R048,جراسک ورلڈ ne doosre hafte bhi US box office par kya position barqarar rakhi,KI,51465,MIXED,urdu_char3gram_bm25,33,67866,38.22327423095703,50
post_phase12_module2_M2-A,M2-A,R048,جراسک ورلڈ ne doosre hafte bhi US box office par kya position barqarar rakhi,KI,51465,MIXED,urdu_char3gram_bm25,34,104383,37.92966079711914,50
post_phase12_module2_M2-A,M2-A,R048,جراسک ورلڈ ne doosre hafte bhi US box office par kya position barqarar rakhi,KI,51465,MIXED,urdu_char3gram_bm25,35,49096,37.193443298339844,50
post_phase12_module2_M2-A,M2-A,R048,جراسک ورلڈ ne doosre hafte bhi US box office par kya position barqarar rakhi,KI,51465,MIXED,urdu_char3gram_bm25,36,104058,37.11370849609375,50
post_phase12_module2_M2-A,M2-A,R048,جراسک ورلڈ ne doosre hafte bhi US box office par kya position barqarar rakhi,KI,51465,MIXED,urdu_char3gram_bm25,37,104078,37.00304412841797,50
post_phase12_module2_M2-A,M2-A,R048,جراسک ورلڈ ne doosre hafte bhi US box office par kya position barqarar rakhi,KI,51465,MIXED,urdu_char3gram_bm25,38,104028,36.98099136352539,50
post_phase12_module2_M2-A,M2-A,R048,جراسک ورلڈ ne doosre hafte bhi US box office par kya position barqarar rakhi,KI,51465,MIXED,urdu_char3gram_bm25,39,50990,36.724342346191406,50
post_phase12_module2_M2-A,M2-A,R048,جراسک ورلڈ ne doosre hafte bhi US box office par kya position barqarar rakhi,KI,51465,MIXED,urdu_char3gram_bm25,40,104640,36.708038330078125,50
post_phase12_module2_M2-A,M2-A,R048,جراسک ورلڈ ne doosre hafte bhi US box office par kya position barqarar rakhi,KI,51465,MIXED,urdu_char3gram_bm25,41,103284,36.655242919921875,50
post_phase12_module2_M2-A,M2-A,R048,جراسک ورلڈ ne doosre hafte bhi US box office par kya position barqarar rakhi,KI,51465,MIXED,urdu_char3gram_bm25,42,51565,36.5419807434082,50
post_phase12_module2_M2-A,M2-A,R048,جراسک ورلڈ ne doosre hafte bhi US box office par kya position barqarar rakhi,KI,51465,MIXED,urdu_char3gram_bm25,43,104282,36.45980453491211,50
post_phase12_module2_M2-A,M2-A,R048,جراسک ورلڈ ne doosre hafte bhi US box office par kya position barqarar rakhi,KI,51465,MIXED,urdu_char3gram_bm25,44,104297,36.41802215576172,50
post_phase12_module2_M2-A,M2-A,R048,جراسک ورلڈ ne doosre hafte bhi US box office par kya position barqarar rakhi,KI,51465,MIXED,urdu_char3gram_bm25,45,69872,36.266658782958984,50
post_phase12_module2_M2-A,M2-A,R048,جراسک ورلڈ ne doosre hafte bhi US box office par kya position barqarar rakhi,KI,51465,MIXED,urdu_char3gram_bm25,46,69734,36.23661422729492,50
post_phase12_module2_M2-A,M2-A,R048,جراسک ورلڈ ne doosre hafte bhi US box office par kya position barqarar rakhi,KI,51465,MIXED,urdu_char3gram_bm25,47,8864,36.176414489746094,50
post_phase12_module2_M2-A,M2-A,R048,جراسک ورلڈ ne doosre hafte bhi US box office par kya position barqarar rakhi,KI,51465,MIXED,urdu_char3gram_bm25,48,16501,35.65181350708008,50
post_phase12_module2_M2-A,M2-A,R048,جراسک ورلڈ ne doosre hafte bhi US box office par kya position barqarar rakhi,KI,51465,MIXED,urdu_char3gram_bm25,49,103997,35.49740219116211,50
post_phase12_module2_M2-A,M2-A,R048,جراسک ورلڈ ne doosre hafte bhi US box office par kya position barqarar rakhi,KI,51465,MIXED,urdu_char3gram_bm25,50,14600,35.436492919921875,50
post_phase12_module2_M2-A,M2-A,R049,Anne Hathaway ki film Song One ka pehla trailer kab release hua,KI,104969,ROMAN,roman_char3gram_bm25_method_D,1,107458,46.304649353027344,50
post_phase12_module2_M2-A,M2-A,R049,Anne Hathaway ki film Song One ka pehla trailer kab release hua,KI,104969,ROMAN,roman_char3gram_bm25_method_D,2,107449,45.277339935302734,50
post_phase12_module2_M2-A,M2-A,R049,Anne Hathaway ki film Song One ka pehla trailer kab release hua,KI,104969,ROMAN,roman_char3gram_bm25_method_D,3,16928,44.966819763183594,50
post_phase12_module2_M2-A,M2-A,R049,Anne Hathaway ki film Song One ka pehla trailer kab release hua,KI,104969,ROMAN,roman_char3gram_bm25_method_D,4,102770,43.910797119140625,50
post_phase12_module2_M2-A,M2-A,R049,Anne Hathaway ki film Song One ka pehla trailer kab release hua,KI,104969,ROMAN,roman_char3gram_bm25_method_D,5,81401,43.63059997558594,50
post_phase12_module2_M2-A,M2-A,R049,Anne Hathaway ki film Song One ka pehla trailer kab release hua,KI,104969,ROMAN,roman_char3gram_bm25_method_D,6,28199,42.25168991088867,50
post_phase12_module2_M2-A,M2-A,R049,Anne Hathaway ki film Song One ka pehla trailer kab release hua,KI,104969,ROMAN,roman_char3gram_bm25_method_D,7,84509,42.179725646972656,50
post_phase12_module2_M2-A,M2-A,R049,Anne Hathaway ki film Song One ka pehla trailer kab release hua,KI,104969,ROMAN,roman_char3gram_bm25_method_D,8,84537,41.918094635009766,50
post_phase12_module2_M2-A,M2-A,R049,Anne Hathaway ki film Song One ka pehla trailer kab release hua,KI,104969,ROMAN,roman_char3gram_bm25_method_D,9,81446,41.83110809326172,50
post_phase12_module2_M2-A,M2-A,R049,Anne Hathaway ki film Song One ka pehla trailer kab release hua,KI,104969,ROMAN,roman_char3gram_bm25_method_D,10,28231,41.8046875,50
post_phase12_module2_M2-A,M2-A,R049,Anne Hathaway ki film Song One ka pehla trailer kab release hua,KI,104969,ROMAN,roman_char3gram_bm25_method_D,11,15456,41.73799514770508,50
post_phase12_module2_M2-A,M2-A,R049,Anne Hathaway ki film Song One ka pehla trailer kab release hua,KI,104969,ROMAN,roman_char3gram_bm25_method_D,12,16923,41.126277923583984,50
post_phase12_module2_M2-A,M2-A,R049,Anne Hathaway ki film Song One ka pehla trailer kab release hua,KI,104969,ROMAN,roman_char3gram_bm25_method_D,13,25242,41.11864471435547,50
post_phase12_module2_M2-A,M2-A,R049,Anne Hathaway ki film Song One ka pehla trailer kab release hua,KI,104969,ROMAN,roman_char3gram_bm25_method_D,14,11527,41.08974075317383,50
post_phase12_module2_M2-A,M2-A,R049,Anne Hathaway ki film Song One ka pehla trailer kab release hua,KI,104969,ROMAN,roman_char3gram_bm25_method_D,15,84454,40.87019348144531,50
post_phase12_module2_M2-A,M2-A,R049,Anne Hathaway ki film Song One ka pehla trailer kab release hua,KI,104969,ROMAN,roman_char3gram_bm25_method_D,16,104969,40.70380783081055,50
post_phase12_module2_M2-A,M2-A,R049,Anne Hathaway ki film Song One ka pehla trailer kab release hua,KI,104969,ROMAN,roman_char3gram_bm25_method_D,17,66784,40.630401611328125,50
post_phase12_module2_M2-A,M2-A,R049,Anne Hathaway ki film Song One ka pehla trailer kab release hua,KI,104969,ROMAN,roman_char3gram_bm25_method_D,18,28203,40.59267044067383,50
post_phase12_module2_M2-A,M2-A,R049,Anne Hathaway ki film Song One ka pehla trailer kab release hua,KI,104969,ROMAN,roman_char3gram_bm25_method_D,19,101675,40.412601470947266,50
post_phase12_module2_M2-A,M2-A,R049,Anne Hathaway ki film Song One ka pehla trailer kab release hua,KI,104969,ROMAN,roman_char3gram_bm25_method_D,20,16865,40.367958068847656,50
post_phase12_module2_M2-A,M2-A,R049,Anne Hathaway ki film Song One ka pehla trailer kab release hua,KI,104969,ROMAN,roman_char3gram_bm25_method_D,21,105831,40.34721374511719,50
post_phase12_module2_M2-A,M2-A,R049,Anne Hathaway ki film Song One ka pehla trailer kab release hua,KI,104969,ROMAN,roman_char3gram_bm25_method_D,22,81491,39.94114303588867,50
post_phase12_module2_M2-A,M2-A,R049,Anne Hathaway ki film Song One ka pehla trailer kab release hua,KI,104969,ROMAN,roman_char3gram_bm25_method_D,23,25311,39.791316986083984,50
post_phase12_module2_M2-A,M2-A,R049,Anne Hathaway ki film Song One ka pehla trailer kab release hua,KI,104969,ROMAN,roman_char3gram_bm25_method_D,24,18245,39.77907180786133,50
post_phase12_module2_M2-A,M2-A,R049,Anne Hathaway ki film Song One ka pehla trailer kab release hua,KI,104969,ROMAN,roman_char3gram_bm25_method_D,25,25224,39.75086212158203,50
post_phase12_module2_M2-A,M2-A,R049,Anne Hathaway ki film Song One ka pehla trailer kab release hua,KI,104969,ROMAN,roman_char3gram_bm25_method_D,26,26662,39.62263107299805,50
post_phase12_module2_M2-A,M2-A,R049,Anne Hathaway ki film Song One ka pehla trailer kab release hua,KI,104969,ROMAN,roman_char3gram_bm25_method_D,27,28159,39.35050964355469,50
post_phase12_module2_M2-A,M2-A,R049,Anne Hathaway ki film Song One ka pehla trailer kab release hua,KI,104969,ROMAN,roman_char3gram_bm25_method_D,28,84651,39.32399368286133,50
post_phase12_module2_M2-A,M2-A,R049,Anne Hathaway ki film Song One ka pehla trailer kab release hua,KI,104969,ROMAN,roman_char3gram_bm25_method_D,29,106545,39.21674728393555,50
post_phase12_module2_M2-A,M2-A,R049,Anne Hathaway ki film Song One ka pehla trailer kab release hua,KI,104969,ROMAN,roman_char3gram_bm25_method_D,30,7557,39.215457916259766,50
post_phase12_module2_M2-A,M2-A,R049,Anne Hathaway ki film Song One ka pehla trailer kab release hua,KI,104969,ROMAN,roman_char3gram_bm25_method_D,31,27738,39.100059509277344,50
post_phase12_module2_M2-A,M2-A,R049,Anne Hathaway ki film Song One ka pehla trailer kab release hua,KI,104969,ROMAN,roman_char3gram_bm25_method_D,32,25310,39.00981521606445,50
post_phase12_module2_M2-A,M2-A,R049,Anne Hathaway ki film Song One ka pehla trailer kab release hua,KI,104969,ROMAN,roman_char3gram_bm25_method_D,33,42936,38.8485221862793,50
post_phase12_module2_M2-A,M2-A,R049,Anne Hathaway ki film Song One ka pehla trailer kab release hua,KI,104969,ROMAN,roman_char3gram_bm25_method_D,34,81402,38.81174850463867,50
post_phase12_module2_M2-A,M2-A,R049,Anne Hathaway ki film Song One ka pehla trailer kab release hua,KI,104969,ROMAN,roman_char3gram_bm25_method_D,35,26802,38.81043243408203,50
post_phase12_module2_M2-A,M2-A,R049,Anne Hathaway ki film Song One ka pehla trailer kab release hua,KI,104969,ROMAN,roman_char3gram_bm25_method_D,36,41805,38.78318786621094,50
post_phase12_module2_M2-A,M2-A,R049,Anne Hathaway ki film Song One ka pehla trailer kab release hua,KI,104969,ROMAN,roman_char3gram_bm25_method_D,37,81366,38.764373779296875,50
post_phase12_module2_M2-A,M2-A,R049,Anne Hathaway ki film Song One ka pehla trailer kab release hua,KI,104969,ROMAN,roman_char3gram_bm25_method_D,38,6880,38.75522994995117,50
post_phase12_module2_M2-A,M2-A,R049,Anne Hathaway ki film Song One ka pehla trailer kab release hua,KI,104969,ROMAN,roman_char3gram_bm25_method_D,39,16196,38.67991638183594,50
post_phase12_module2_M2-A,M2-A,R049,Anne Hathaway ki film Song One ka pehla trailer kab release hua,KI,104969,ROMAN,roman_char3gram_bm25_method_D,40,28362,38.60211944580078,50
post_phase12_module2_M2-A,M2-A,R049,Anne Hathaway ki film Song One ka pehla trailer kab release hua,KI,104969,ROMAN,roman_char3gram_bm25_method_D,41,28190,38.599605560302734,50
post_phase12_module2_M2-A,M2-A,R049,Anne Hathaway ki film Song One ka pehla trailer kab release hua,KI,104969,ROMAN,roman_char3gram_bm25_method_D,42,99437,38.59932327270508,50
post_phase12_module2_M2-A,M2-A,R049,Anne Hathaway ki film Song One ka pehla trailer kab release hua,KI,104969,ROMAN,roman_char3gram_bm25_method_D,43,7435,38.577125549316406,50
post_phase12_module2_M2-A,M2-A,R049,Anne Hathaway ki film Song One ka pehla trailer kab release hua,KI,104969,ROMAN,roman_char3gram_bm25_method_D,44,5915,38.45210266113281,50
post_phase12_module2_M2-A,M2-A,R049,Anne Hathaway ki film Song One ka pehla trailer kab release hua,KI,104969,ROMAN,roman_char3gram_bm25_method_D,45,26641,38.33525085449219,50
post_phase12_module2_M2-A,M2-A,R049,Anne Hathaway ki film Song One ka pehla trailer kab release hua,KI,104969,ROMAN,roman_char3gram_bm25_method_D,46,102856,38.32992935180664,50
post_phase12_module2_M2-A,M2-A,R049,Anne Hathaway ki film Song One ka pehla trailer kab release hua,KI,104969,ROMAN,roman_char3gram_bm25_method_D,47,84501,38.31321716308594,50
post_phase12_module2_M2-A,M2-A,R049,Anne Hathaway ki film Song One ka pehla trailer kab release hua,KI,104969,ROMAN,roman_char3gram_bm25_method_D,48,52304,38.310176849365234,50
post_phase12_module2_M2-A,M2-A,R049,Anne Hathaway ki film Song One ka pehla trailer kab release hua,KI,104969,ROMAN,roman_char3gram_bm25_method_D,49,51056,38.264732360839844,50
post_phase12_module2_M2-A,M2-A,R049,Anne Hathaway ki film Song One ka pehla trailer kab release hua,KI,104969,ROMAN,roman_char3gram_bm25_method_D,50,10131,38.206050872802734,50
post_phase12_module2_M2-A,M2-A,R050,انڈر 19 ایشیا کپ فائنل Pakistan aur Bharat ka match kis natije par khatam hua,KI,96393,MIXED,urdu_char3gram_bm25,1,85086,57.967491149902344,50
post_phase12_module2_M2-A,M2-A,R050,انڈر 19 ایشیا کپ فائنل Pakistan aur Bharat ka match kis natije par khatam hua,KI,96393,MIXED,urdu_char3gram_bm25,2,85090,57.6332893371582,50
post_phase12_module2_M2-A,M2-A,R050,انڈر 19 ایشیا کپ فائنل Pakistan aur Bharat ka match kis natije par khatam hua,KI,96393,MIXED,urdu_char3gram_bm25,3,44458,56.677337646484375,50
post_phase12_module2_M2-A,M2-A,R050,انڈر 19 ایشیا کپ فائنل Pakistan aur Bharat ka match kis natije par khatam hua,KI,96393,MIXED,urdu_char3gram_bm25,4,96403,55.04982376098633,50
post_phase12_module2_M2-A,M2-A,R050,انڈر 19 ایشیا کپ فائنل Pakistan aur Bharat ka match kis natije par khatam hua,KI,96393,MIXED,urdu_char3gram_bm25,5,85013,53.5922737121582,50
post_phase12_module2_M2-A,M2-A,R050,انڈر 19 ایشیا کپ فائنل Pakistan aur Bharat ka match kis natije par khatam hua,KI,96393,MIXED,urdu_char3gram_bm25,6,93250,53.157447814941406,50
post_phase12_module2_M2-A,M2-A,R050,انڈر 19 ایشیا کپ فائنل Pakistan aur Bharat ka match kis natije par khatam hua,KI,96393,MIXED,urdu_char3gram_bm25,7,54693,52.85749435424805,50
post_phase12_module2_M2-A,M2-A,R050,انڈر 19 ایشیا کپ فائنل Pakistan aur Bharat ka match kis natije par khatam hua,KI,96393,MIXED,urdu_char3gram_bm25,8,85084,52.68626403808594,50
post_phase12_module2_M2-A,M2-A,R050,انڈر 19 ایشیا کپ فائنل Pakistan aur Bharat ka match kis natije par khatam hua,KI,96393,MIXED,urdu_char3gram_bm25,9,43401,52.508506774902344,50
post_phase12_module2_M2-A,M2-A,R050,انڈر 19 ایشیا کپ فائنل Pakistan aur Bharat ka match kis natije par khatam hua,KI,96393,MIXED,urdu_char3gram_bm25,10,96396,52.04527282714844,50
post_phase12_module2_M2-A,M2-A,R050,انڈر 19 ایشیا کپ فائنل Pakistan aur Bharat ka match kis natije par khatam hua,KI,96393,MIXED,urdu_char3gram_bm25,11,52897,51.82756042480469,50
post_phase12_module2_M2-A,M2-A,R050,انڈر 19 ایشیا کپ فائنل Pakistan aur Bharat ka match kis natije par khatam hua,KI,96393,MIXED,urdu_char3gram_bm25,12,96427,51.37632751464844,50
post_phase12_module2_M2-A,M2-A,R050,انڈر 19 ایشیا کپ فائنل Pakistan aur Bharat ka match kis natije par khatam hua,KI,96393,MIXED,urdu_char3gram_bm25,13,94775,51.13703155517578,50
post_phase12_module2_M2-A,M2-A,R050,انڈر 19 ایشیا کپ فائنل Pakistan aur Bharat ka match kis natije par khatam hua,KI,96393,MIXED,urdu_char3gram_bm25,14,28784,50.73728942871094,50
post_phase12_module2_M2-A,M2-A,R050,انڈر 19 ایشیا کپ فائنل Pakistan aur Bharat ka match kis natije par khatam hua,KI,96393,MIXED,urdu_char3gram_bm25,15,96418,50.45921325683594,50
post_phase12_module2_M2-A,M2-A,R050,انڈر 19 ایشیا کپ فائنل Pakistan aur Bharat ka match kis natije par khatam hua,KI,96393,MIXED,urdu_char3gram_bm25,16,96393,50.39494705200195,50
post_phase12_module2_M2-A,M2-A,R050,انڈر 19 ایشیا کپ فائنل Pakistan aur Bharat ka match kis natije par khatam hua,KI,96393,MIXED,urdu_char3gram_bm25,17,96381,50.26204299926758,50
post_phase12_module2_M2-A,M2-A,R050,انڈر 19 ایشیا کپ فائنل Pakistan aur Bharat ka match kis natije par khatam hua,KI,96393,MIXED,urdu_char3gram_bm25,18,44451,50.0711784362793,50
post_phase12_module2_M2-A,M2-A,R050,انڈر 19 ایشیا کپ فائنل Pakistan aur Bharat ka match kis natije par khatam hua,KI,96393,MIXED,urdu_char3gram_bm25,19,58071,48.7542610168457,50
post_phase12_module2_M2-A,M2-A,R050,انڈر 19 ایشیا کپ فائنل Pakistan aur Bharat ka match kis natije par khatam hua,KI,96393,MIXED,urdu_char3gram_bm25,20,27392,47.083763122558594,50
post_phase12_module2_M2-A,M2-A,R050,انڈر 19 ایشیا کپ فائنل Pakistan aur Bharat ka match kis natije par khatam hua,KI,96393,MIXED,urdu_char3gram_bm25,21,85081,46.689510345458984,50
post_phase12_module2_M2-A,M2-A,R050,انڈر 19 ایشیا کپ فائنل Pakistan aur Bharat ka match kis natije par khatam hua,KI,96393,MIXED,urdu_char3gram_bm25,22,83746,46.238975524902344,50
post_phase12_module2_M2-A,M2-A,R050,انڈر 19 ایشیا کپ فائنل Pakistan aur Bharat ka match kis natije par khatam hua,KI,96393,MIXED,urdu_char3gram_bm25,23,81920,46.2337760925293,50
post_phase12_module2_M2-A,M2-A,R050,انڈر 19 ایشیا کپ فائنل Pakistan aur Bharat ka match kis natije par khatam hua,KI,96393,MIXED,urdu_char3gram_bm25,24,96392,45.889991760253906,50
post_phase12_module2_M2-A,M2-A,R050,انڈر 19 ایشیا کپ فائنل Pakistan aur Bharat ka match kis natije par khatam hua,KI,96393,MIXED,urdu_char3gram_bm25,25,28457,45.45085906982422,50
post_phase12_module2_M2-A,M2-A,R050,انڈر 19 ایشیا کپ فائنل Pakistan aur Bharat ka match kis natije par khatam hua,KI,96393,MIXED,urdu_char3gram_bm25,26,81568,44.650482177734375,50
post_phase12_module2_M2-A,M2-A,R050,انڈر 19 ایشیا کپ فائنل Pakistan aur Bharat ka match kis natije par khatam hua,KI,96393,MIXED,urdu_char3gram_bm25,27,83843,44.477779388427734,50
post_phase12_module2_M2-A,M2-A,R050,انڈر 19 ایشیا کپ فائنل Pakistan aur Bharat ka match kis natije par khatam hua,KI,96393,MIXED,urdu_char3gram_bm25,28,52916,44.42079162597656,50
post_phase12_module2_M2-A,M2-A,R050,انڈر 19 ایشیا کپ فائنل Pakistan aur Bharat ka match kis natije par khatam hua,KI,96393,MIXED,urdu_char3gram_bm25,29,54530,44.40330505371094,50
post_phase12_module2_M2-A,M2-A,R050,انڈر 19 ایشیا کپ فائنل Pakistan aur Bharat ka match kis natije par khatam hua,KI,96393,MIXED,urdu_char3gram_bm25,30,32523,44.21527099609375,50
post_phase12_module2_M2-A,M2-A,R050,انڈر 19 ایشیا کپ فائنل Pakistan aur Bharat ka match kis natije par khatam hua,KI,96393,MIXED,urdu_char3gram_bm25,31,83754,44.203453063964844,50
post_phase12_module2_M2-A,M2-A,R050,انڈر 19 ایشیا کپ فائنل Pakistan aur Bharat ka match kis natije par khatam hua,KI,96393,MIXED,urdu_char3gram_bm25,32,44199,43.984519958496094,50
post_phase12_module2_M2-A,M2-A,R050,انڈر 19 ایشیا کپ فائنل Pakistan aur Bharat ka match kis natije par khatam hua,KI,96393,MIXED,urdu_char3gram_bm25,33,43518,43.83291244506836,50
post_phase12_module2_M2-A,M2-A,R050,انڈر 19 ایشیا کپ فائنل Pakistan aur Bharat ka match kis natije par khatam hua,KI,96393,MIXED,urdu_char3gram_bm25,34,37630,43.76734161376953,50
post_phase12_module2_M2-A,M2-A,R050,انڈر 19 ایشیا کپ فائنل Pakistan aur Bharat ka match kis natije par khatam hua,KI,96393,MIXED,urdu_char3gram_bm25,35,82370,43.75312805175781,50
post_phase12_module2_M2-A,M2-A,R050,انڈر 19 ایشیا کپ فائنل Pakistan aur Bharat ka match kis natije par khatam hua,KI,96393,MIXED,urdu_char3gram_bm25,36,43413,43.721946716308594,50
post_phase12_module2_M2-A,M2-A,R050,انڈر 19 ایشیا کپ فائنل Pakistan aur Bharat ka match kis natije par khatam hua,KI,96393,MIXED,urdu_char3gram_bm25,37,84829,43.6771354675293,50
post_phase12_module2_M2-A,M2-A,R050,انڈر 19 ایشیا کپ فائنل Pakistan aur Bharat ka match kis natije par khatam hua,KI,96393,MIXED,urdu_char3gram_bm25,38,97030,43.605804443359375,50
post_phase12_module2_M2-A,M2-A,R050,انڈر 19 ایشیا کپ فائنل Pakistan aur Bharat ka match kis natije par khatam hua,KI,96393,MIXED,urdu_char3gram_bm25,39,43419,43.601558685302734,50
post_phase12_module2_M2-A,M2-A,R050,انڈر 19 ایشیا کپ فائنل Pakistan aur Bharat ka match kis natije par khatam hua,KI,96393,MIXED,urdu_char3gram_bm25,40,96092,43.58879089355469,50
post_phase12_module2_M2-A,M2-A,R050,انڈر 19 ایشیا کپ فائنل Pakistan aur Bharat ka match kis natije par khatam hua,KI,96393,MIXED,urdu_char3gram_bm25,41,87201,43.564308166503906,50
post_phase12_module2_M2-A,M2-A,R050,انڈر 19 ایشیا کپ فائنل Pakistan aur Bharat ka match kis natije par khatam hua,KI,96393,MIXED,urdu_char3gram_bm25,42,84821,43.52248001098633,50
post_phase12_module2_M2-A,M2-A,R050,انڈر 19 ایشیا کپ فائنل Pakistan aur Bharat ka match kis natije par khatam hua,KI,96393,MIXED,urdu_char3gram_bm25,43,41936,43.42310333251953,50
post_phase12_module2_M2-A,M2-A,R050,انڈر 19 ایشیا کپ فائنل Pakistan aur Bharat ka match kis natije par khatam hua,KI,96393,MIXED,urdu_char3gram_bm25,44,52926,43.23625946044922,50
post_phase12_module2_M2-A,M2-A,R050,انڈر 19 ایشیا کپ فائنل Pakistan aur Bharat ka match kis natije par khatam hua,KI,96393,MIXED,urdu_char3gram_bm25,45,42582,43.19269561767578,50
post_phase12_module2_M2-A,M2-A,R050,انڈر 19 ایشیا کپ فائنل Pakistan aur Bharat ka match kis natije par khatam hua,KI,96393,MIXED,urdu_char3gram_bm25,46,32693,43.16211700439453,50
post_phase12_module2_M2-A,M2-A,R050,انڈر 19 ایشیا کپ فائنل Pakistan aur Bharat ka match kis natije par khatam hua,KI,96393,MIXED,urdu_char3gram_bm25,47,54497,43.157352447509766,50
post_phase12_module2_M2-A,M2-A,R050,انڈر 19 ایشیا کپ فائنل Pakistan aur Bharat ka match kis natije par khatam hua,KI,96393,MIXED,urdu_char3gram_bm25,48,44210,43.09894943237305,50
post_phase12_module2_M2-A,M2-A,R050,انڈر 19 ایشیا کپ فائنل Pakistan aur Bharat ka match kis natije par khatam hua,KI,96393,MIXED,urdu_char3gram_bm25,49,81915,43.08580780029297,50
post_phase12_module2_M2-A,M2-A,R050,انڈر 19 ایشیا کپ فائنل Pakistan aur Bharat ka match kis natije par khatam hua,KI,96393,MIXED,urdu_char3gram_bm25,50,96106,43.059471130371094,50
post_phase12_module2_M2-A,M2-A,R051,aaj Pakistan ka cricket match kahan khela ja raha hai,NAT,,ROMAN,roman_char3gram_bm25_method_D,1,28930,60.3658561706543,50
post_phase12_module2_M2-A,M2-A,R051,aaj Pakistan ka cricket match kahan khela ja raha hai,NAT,,ROMAN,roman_char3gram_bm25_method_D,2,87382,55.34749221801758,50
post_phase12_module2_M2-A,M2-A,R051,aaj Pakistan ka cricket match kahan khela ja raha hai,NAT,,ROMAN,roman_char3gram_bm25_method_D,3,88241,54.079994201660156,50
post_phase12_module2_M2-A,M2-A,R051,aaj Pakistan ka cricket match kahan khela ja raha hai,NAT,,ROMAN,roman_char3gram_bm25_method_D,4,54598,53.195579528808594,50
post_phase12_module2_M2-A,M2-A,R051,aaj Pakistan ka cricket match kahan khela ja raha hai,NAT,,ROMAN,roman_char3gram_bm25_method_D,5,82525,52.075828552246094,50
post_phase12_module2_M2-A,M2-A,R051,aaj Pakistan ka cricket match kahan khela ja raha hai,NAT,,ROMAN,roman_char3gram_bm25_method_D,6,81695,51.791297912597656,50
post_phase12_module2_M2-A,M2-A,R051,aaj Pakistan ka cricket match kahan khela ja raha hai,NAT,,ROMAN,roman_char3gram_bm25_method_D,7,85744,51.669403076171875,50
post_phase12_module2_M2-A,M2-A,R051,aaj Pakistan ka cricket match kahan khela ja raha hai,NAT,,ROMAN,roman_char3gram_bm25_method_D,8,25004,51.657100677490234,50
post_phase12_module2_M2-A,M2-A,R051,aaj Pakistan ka cricket match kahan khela ja raha hai,NAT,,ROMAN,roman_char3gram_bm25_method_D,9,91292,51.596595764160156,50
post_phase12_module2_M2-A,M2-A,R051,aaj Pakistan ka cricket match kahan khela ja raha hai,NAT,,ROMAN,roman_char3gram_bm25_method_D,10,42677,51.41318893432617,50
post_phase12_module2_M2-A,M2-A,R051,aaj Pakistan ka cricket match kahan khela ja raha hai,NAT,,ROMAN,roman_char3gram_bm25_method_D,11,57153,51.197845458984375,50
post_phase12_module2_M2-A,M2-A,R051,aaj Pakistan ka cricket match kahan khela ja raha hai,NAT,,ROMAN,roman_char3gram_bm25_method_D,12,86414,50.817203521728516,50
post_phase12_module2_M2-A,M2-A,R051,aaj Pakistan ka cricket match kahan khela ja raha hai,NAT,,ROMAN,roman_char3gram_bm25_method_D,13,53671,50.78143310546875,50
post_phase12_module2_M2-A,M2-A,R051,aaj Pakistan ka cricket match kahan khela ja raha hai,NAT,,ROMAN,roman_char3gram_bm25_method_D,14,87425,50.710723876953125,50
post_phase12_module2_M2-A,M2-A,R051,aaj Pakistan ka cricket match kahan khela ja raha hai,NAT,,ROMAN,roman_char3gram_bm25_method_D,15,93257,50.69971466064453,50
post_phase12_module2_M2-A,M2-A,R051,aaj Pakistan ka cricket match kahan khela ja raha hai,NAT,,ROMAN,roman_char3gram_bm25_method_D,16,81840,50.66389465332031,50
post_phase12_module2_M2-A,M2-A,R051,aaj Pakistan ka cricket match kahan khela ja raha hai,NAT,,ROMAN,roman_char3gram_bm25_method_D,17,97071,50.528282165527344,50
post_phase12_module2_M2-A,M2-A,R051,aaj Pakistan ka cricket match kahan khela ja raha hai,NAT,,ROMAN,roman_char3gram_bm25_method_D,18,92308,50.47945785522461,50
post_phase12_module2_M2-A,M2-A,R051,aaj Pakistan ka cricket match kahan khela ja raha hai,NAT,,ROMAN,roman_char3gram_bm25_method_D,19,89371,50.30526351928711,50
post_phase12_module2_M2-A,M2-A,R051,aaj Pakistan ka cricket match kahan khela ja raha hai,NAT,,ROMAN,roman_char3gram_bm25_method_D,20,80909,50.28715896606445,50
post_phase12_module2_M2-A,M2-A,R051,aaj Pakistan ka cricket match kahan khela ja raha hai,NAT,,ROMAN,roman_char3gram_bm25_method_D,21,87108,50.08621597290039,50
post_phase12_module2_M2-A,M2-A,R051,aaj Pakistan ka cricket match kahan khela ja raha hai,NAT,,ROMAN,roman_char3gram_bm25_method_D,22,82070,50.081260681152344,50
post_phase12_module2_M2-A,M2-A,R051,aaj Pakistan ka cricket match kahan khela ja raha hai,NAT,,ROMAN,roman_char3gram_bm25_method_D,23,51835,50.05430221557617,50
post_phase12_module2_M2-A,M2-A,R051,aaj Pakistan ka cricket match kahan khela ja raha hai,NAT,,ROMAN,roman_char3gram_bm25_method_D,24,83772,49.90816879272461,50
post_phase12_module2_M2-A,M2-A,R051,aaj Pakistan ka cricket match kahan khela ja raha hai,NAT,,ROMAN,roman_char3gram_bm25_method_D,25,88663,49.899452209472656,50
post_phase12_module2_M2-A,M2-A,R051,aaj Pakistan ka cricket match kahan khela ja raha hai,NAT,,ROMAN,roman_char3gram_bm25_method_D,26,37747,49.865570068359375,50
post_phase12_module2_M2-A,M2-A,R051,aaj Pakistan ka cricket match kahan khela ja raha hai,NAT,,ROMAN,roman_char3gram_bm25_method_D,27,53132,49.773231506347656,50
post_phase12_module2_M2-A,M2-A,R051,aaj Pakistan ka cricket match kahan khela ja raha hai,NAT,,ROMAN,roman_char3gram_bm25_method_D,28,97070,49.73482894897461,50
post_phase12_module2_M2-A,M2-A,R051,aaj Pakistan ka cricket match kahan khela ja raha hai,NAT,,ROMAN,roman_char3gram_bm25_method_D,29,94747,49.680206298828125,50
post_phase12_module2_M2-A,M2-A,R051,aaj Pakistan ka cricket match kahan khela ja raha hai,NAT,,ROMAN,roman_char3gram_bm25_method_D,30,25370,49.67038345336914,50
post_phase12_module2_M2-A,M2-A,R051,aaj Pakistan ka cricket match kahan khela ja raha hai,NAT,,ROMAN,roman_char3gram_bm25_method_D,31,42113,49.52034378051758,50
post_phase12_module2_M2-A,M2-A,R051,aaj Pakistan ka cricket match kahan khela ja raha hai,NAT,,ROMAN,roman_char3gram_bm25_method_D,32,30700,49.44985580444336,50
post_phase12_module2_M2-A,M2-A,R051,aaj Pakistan ka cricket match kahan khela ja raha hai,NAT,,ROMAN,roman_char3gram_bm25_method_D,33,87161,49.401695251464844,50
post_phase12_module2_M2-A,M2-A,R051,aaj Pakistan ka cricket match kahan khela ja raha hai,NAT,,ROMAN,roman_char3gram_bm25_method_D,34,45569,49.392662048339844,50
post_phase12_module2_M2-A,M2-A,R051,aaj Pakistan ka cricket match kahan khela ja raha hai,NAT,,ROMAN,roman_char3gram_bm25_method_D,35,56775,49.384803771972656,50
post_phase12_module2_M2-A,M2-A,R051,aaj Pakistan ka cricket match kahan khela ja raha hai,NAT,,ROMAN,roman_char3gram_bm25_method_D,36,83055,49.373497009277344,50
post_phase12_module2_M2-A,M2-A,R051,aaj Pakistan ka cricket match kahan khela ja raha hai,NAT,,ROMAN,roman_char3gram_bm25_method_D,37,29504,49.35841369628906,50
post_phase12_module2_M2-A,M2-A,R051,aaj Pakistan ka cricket match kahan khela ja raha hai,NAT,,ROMAN,roman_char3gram_bm25_method_D,38,86210,49.31415557861328,50
post_phase12_module2_M2-A,M2-A,R051,aaj Pakistan ka cricket match kahan khela ja raha hai,NAT,,ROMAN,roman_char3gram_bm25_method_D,39,25567,49.3007926940918,50
post_phase12_module2_M2-A,M2-A,R051,aaj Pakistan ka cricket match kahan khela ja raha hai,NAT,,ROMAN,roman_char3gram_bm25_method_D,40,88349,49.256561279296875,50
post_phase12_module2_M2-A,M2-A,R051,aaj Pakistan ka cricket match kahan khela ja raha hai,NAT,,ROMAN,roman_char3gram_bm25_method_D,41,38012,49.2435417175293,50
post_phase12_module2_M2-A,M2-A,R051,aaj Pakistan ka cricket match kahan khela ja raha hai,NAT,,ROMAN,roman_char3gram_bm25_method_D,42,37144,49.217987060546875,50
post_phase12_module2_M2-A,M2-A,R051,aaj Pakistan ka cricket match kahan khela ja raha hai,NAT,,ROMAN,roman_char3gram_bm25_method_D,43,81884,49.12349319458008,50
post_phase12_module2_M2-A,M2-A,R051,aaj Pakistan ka cricket match kahan khela ja raha hai,NAT,,ROMAN,roman_char3gram_bm25_method_D,44,91291,49.003116607666016,50
post_phase12_module2_M2-A,M2-A,R051,aaj Pakistan ka cricket match kahan khela ja raha hai,NAT,,ROMAN,roman_char3gram_bm25_method_D,45,26947,48.97374725341797,50
post_phase12_module2_M2-A,M2-A,R051,aaj Pakistan ka cricket match kahan khela ja raha hai,NAT,,ROMAN,roman_char3gram_bm25_method_D,46,91125,48.96818542480469,50
post_phase12_module2_M2-A,M2-A,R051,aaj Pakistan ka cricket match kahan khela ja raha hai,NAT,,ROMAN,roman_char3gram_bm25_method_D,47,30452,48.855224609375,50
post_phase12_module2_M2-A,M2-A,R051,aaj Pakistan ka cricket match kahan khela ja raha hai,NAT,,ROMAN,roman_char3gram_bm25_method_D,48,32387,48.853309631347656,50
post_phase12_module2_M2-A,M2-A,R051,aaj Pakistan ka cricket match kahan khela ja raha hai,NAT,,ROMAN,roman_char3gram_bm25_method_D,49,94727,48.820770263671875,50
post_phase12_module2_M2-A,M2-A,R051,aaj Pakistan ka cricket match kahan khela ja raha hai,NAT,,ROMAN,roman_char3gram_bm25_method_D,50,25712,48.78374099731445,50
post_phase12_module2_M2-A,M2-A,R052,موجودہ ڈالر کی اوپن مارکیٹ قیمت کیا ہے,NAT,,URDU,urdu_char3gram_bm25,1,62458,72.11918640136719,50
post_phase12_module2_M2-A,M2-A,R052,موجودہ ڈالر کی اوپن مارکیٹ قیمت کیا ہے,NAT,,URDU,urdu_char3gram_bm25,2,71095,71.6612319946289,50
post_phase12_module2_M2-A,M2-A,R052,موجودہ ڈالر کی اوپن مارکیٹ قیمت کیا ہے,NAT,,URDU,urdu_char3gram_bm25,3,65778,70.19457244873047,50
post_phase12_module2_M2-A,M2-A,R052,موجودہ ڈالر کی اوپن مارکیٹ قیمت کیا ہے,NAT,,URDU,urdu_char3gram_bm25,4,75,70.05216979980469,50
post_phase12_module2_M2-A,M2-A,R052,موجودہ ڈالر کی اوپن مارکیٹ قیمت کیا ہے,NAT,,URDU,urdu_char3gram_bm25,5,65867,69.21842956542969,50
post_phase12_module2_M2-A,M2-A,R052,موجودہ ڈالر کی اوپن مارکیٹ قیمت کیا ہے,NAT,,URDU,urdu_char3gram_bm25,6,65365,68.80155181884766,50
post_phase12_module2_M2-A,M2-A,R052,موجودہ ڈالر کی اوپن مارکیٹ قیمت کیا ہے,NAT,,URDU,urdu_char3gram_bm25,7,1516,68.52788543701172,50
post_phase12_module2_M2-A,M2-A,R052,موجودہ ڈالر کی اوپن مارکیٹ قیمت کیا ہے,NAT,,URDU,urdu_char3gram_bm25,8,64775,68.45842742919922,50
post_phase12_module2_M2-A,M2-A,R052,موجودہ ڈالر کی اوپن مارکیٹ قیمت کیا ہے,NAT,,URDU,urdu_char3gram_bm25,9,65798,68.40560913085938,50
post_phase12_module2_M2-A,M2-A,R052,موجودہ ڈالر کی اوپن مارکیٹ قیمت کیا ہے,NAT,,URDU,urdu_char3gram_bm25,10,38964,68.19522857666016,50
post_phase12_module2_M2-A,M2-A,R052,موجودہ ڈالر کی اوپن مارکیٹ قیمت کیا ہے,NAT,,URDU,urdu_char3gram_bm25,11,65861,67.88963317871094,50
post_phase12_module2_M2-A,M2-A,R052,موجودہ ڈالر کی اوپن مارکیٹ قیمت کیا ہے,NAT,,URDU,urdu_char3gram_bm25,12,110245,67.6522216796875,50
post_phase12_module2_M2-A,M2-A,R052,موجودہ ڈالر کی اوپن مارکیٹ قیمت کیا ہے,NAT,,URDU,urdu_char3gram_bm25,13,2331,67.3861312866211,50
post_phase12_module2_M2-A,M2-A,R052,موجودہ ڈالر کی اوپن مارکیٹ قیمت کیا ہے,NAT,,URDU,urdu_char3gram_bm25,14,70630,67.37874603271484,50
post_phase12_module2_M2-A,M2-A,R052,موجودہ ڈالر کی اوپن مارکیٹ قیمت کیا ہے,NAT,,URDU,urdu_char3gram_bm25,15,111732,67.30148315429688,50
post_phase12_module2_M2-A,M2-A,R052,موجودہ ڈالر کی اوپن مارکیٹ قیمت کیا ہے,NAT,,URDU,urdu_char3gram_bm25,16,61511,66.87156677246094,50
post_phase12_module2_M2-A,M2-A,R052,موجودہ ڈالر کی اوپن مارکیٹ قیمت کیا ہے,NAT,,URDU,urdu_char3gram_bm25,17,64801,66.86576080322266,50
post_phase12_module2_M2-A,M2-A,R052,موجودہ ڈالر کی اوپن مارکیٹ قیمت کیا ہے,NAT,,URDU,urdu_char3gram_bm25,18,108899,66.78560638427734,50
post_phase12_module2_M2-A,M2-A,R052,موجودہ ڈالر کی اوپن مارکیٹ قیمت کیا ہے,NAT,,URDU,urdu_char3gram_bm25,19,71077,66.4067153930664,50
post_phase12_module2_M2-A,M2-A,R052,موجودہ ڈالر کی اوپن مارکیٹ قیمت کیا ہے,NAT,,URDU,urdu_char3gram_bm25,20,64975,66.20846557617188,50
post_phase12_module2_M2-A,M2-A,R052,موجودہ ڈالر کی اوپن مارکیٹ قیمت کیا ہے,NAT,,URDU,urdu_char3gram_bm25,21,109846,66.2032470703125,50
post_phase12_module2_M2-A,M2-A,R052,موجودہ ڈالر کی اوپن مارکیٹ قیمت کیا ہے,NAT,,URDU,urdu_char3gram_bm25,22,71061,66.11688232421875,50
post_phase12_module2_M2-A,M2-A,R052,موجودہ ڈالر کی اوپن مارکیٹ قیمت کیا ہے,NAT,,URDU,urdu_char3gram_bm25,23,63868,66.04483795166016,50
post_phase12_module2_M2-A,M2-A,R052,موجودہ ڈالر کی اوپن مارکیٹ قیمت کیا ہے,NAT,,URDU,urdu_char3gram_bm25,24,108910,66.00141143798828,50
post_phase12_module2_M2-A,M2-A,R052,موجودہ ڈالر کی اوپن مارکیٹ قیمت کیا ہے,NAT,,URDU,urdu_char3gram_bm25,25,1464,65.98509979248047,50
post_phase12_module2_M2-A,M2-A,R052,موجودہ ڈالر کی اوپن مارکیٹ قیمت کیا ہے,NAT,,URDU,urdu_char3gram_bm25,26,110179,65.97465515136719,50
post_phase12_module2_M2-A,M2-A,R052,موجودہ ڈالر کی اوپن مارکیٹ قیمت کیا ہے,NAT,,URDU,urdu_char3gram_bm25,27,2252,65.8239974975586,50
post_phase12_module2_M2-A,M2-A,R052,موجودہ ڈالر کی اوپن مارکیٹ قیمت کیا ہے,NAT,,URDU,urdu_char3gram_bm25,28,65074,65.71849822998047,50
post_phase12_module2_M2-A,M2-A,R052,موجودہ ڈالر کی اوپن مارکیٹ قیمت کیا ہے,NAT,,URDU,urdu_char3gram_bm25,29,110572,65.63541412353516,50
post_phase12_module2_M2-A,M2-A,R052,موجودہ ڈالر کی اوپن مارکیٹ قیمت کیا ہے,NAT,,URDU,urdu_char3gram_bm25,30,109482,65.531494140625,50
post_phase12_module2_M2-A,M2-A,R052,موجودہ ڈالر کی اوپن مارکیٹ قیمت کیا ہے,NAT,,URDU,urdu_char3gram_bm25,31,111651,65.41136932373047,50
post_phase12_module2_M2-A,M2-A,R052,موجودہ ڈالر کی اوپن مارکیٹ قیمت کیا ہے,NAT,,URDU,urdu_char3gram_bm25,32,61953,65.38978576660156,50
post_phase12_module2_M2-A,M2-A,R052,موجودہ ڈالر کی اوپن مارکیٹ قیمت کیا ہے,NAT,,URDU,urdu_char3gram_bm25,33,64962,65.28935241699219,50
post_phase12_module2_M2-A,M2-A,R052,موجودہ ڈالر کی اوپن مارکیٹ قیمت کیا ہے,NAT,,URDU,urdu_char3gram_bm25,34,111179,65.27075958251953,50
post_phase12_module2_M2-A,M2-A,R052,موجودہ ڈالر کی اوپن مارکیٹ قیمت کیا ہے,NAT,,URDU,urdu_char3gram_bm25,35,110186,65.18659973144531,50
post_phase12_module2_M2-A,M2-A,R052,موجودہ ڈالر کی اوپن مارکیٹ قیمت کیا ہے,NAT,,URDU,urdu_char3gram_bm25,36,65756,65.14971923828125,50
post_phase12_module2_M2-A,M2-A,R052,موجودہ ڈالر کی اوپن مارکیٹ قیمت کیا ہے,NAT,,URDU,urdu_char3gram_bm25,37,72545,65.14895629882812,50
post_phase12_module2_M2-A,M2-A,R052,موجودہ ڈالر کی اوپن مارکیٹ قیمت کیا ہے,NAT,,URDU,urdu_char3gram_bm25,38,1484,65.09321594238281,50
post_phase12_module2_M2-A,M2-A,R052,موجودہ ڈالر کی اوپن مارکیٹ قیمت کیا ہے,NAT,,URDU,urdu_char3gram_bm25,39,72116,64.99968719482422,50
post_phase12_module2_M2-A,M2-A,R052,موجودہ ڈالر کی اوپن مارکیٹ قیمت کیا ہے,NAT,,URDU,urdu_char3gram_bm25,40,109910,64.94152069091797,50
post_phase12_module2_M2-A,M2-A,R052,موجودہ ڈالر کی اوپن مارکیٹ قیمت کیا ہے,NAT,,URDU,urdu_char3gram_bm25,41,111668,64.93795013427734,50
post_phase12_module2_M2-A,M2-A,R052,موجودہ ڈالر کی اوپن مارکیٹ قیمت کیا ہے,NAT,,URDU,urdu_char3gram_bm25,42,110541,64.91171264648438,50
post_phase12_module2_M2-A,M2-A,R052,موجودہ ڈالر کی اوپن مارکیٹ قیمت کیا ہے,NAT,,URDU,urdu_char3gram_bm25,43,39378,64.80736541748047,50
post_phase12_module2_M2-A,M2-A,R052,موجودہ ڈالر کی اوپن مارکیٹ قیمت کیا ہے,NAT,,URDU,urdu_char3gram_bm25,44,71396,64.77083587646484,50
post_phase12_module2_M2-A,M2-A,R052,موجودہ ڈالر کی اوپن مارکیٹ قیمت کیا ہے,NAT,,URDU,urdu_char3gram_bm25,45,111787,64.76631164550781,50
post_phase12_module2_M2-A,M2-A,R052,موجودہ ڈالر کی اوپن مارکیٹ قیمت کیا ہے,NAT,,URDU,urdu_char3gram_bm25,46,109924,64.69881439208984,50
post_phase12_module2_M2-A,M2-A,R052,موجودہ ڈالر کی اوپن مارکیٹ قیمت کیا ہے,NAT,,URDU,urdu_char3gram_bm25,47,60654,64.69155883789062,50
post_phase12_module2_M2-A,M2-A,R052,موجودہ ڈالر کی اوپن مارکیٹ قیمت کیا ہے,NAT,,URDU,urdu_char3gram_bm25,48,63653,64.63954162597656,50
post_phase12_module2_M2-A,M2-A,R052,موجودہ ڈالر کی اوپن مارکیٹ قیمت کیا ہے,NAT,,URDU,urdu_char3gram_bm25,49,64695,64.59231567382812,50
post_phase12_module2_M2-A,M2-A,R052,موجودہ ڈالر کی اوپن مارکیٹ قیمت کیا ہے,NAT,,URDU,urdu_char3gram_bm25,50,111073,64.5546875,50
post_phase12_module2_M2-A,M2-A,R053,پٹرول ki qeemat mein kal kya tabdeeli hui,NAT,,MIXED,urdu_char3gram_bm25,1,38475,31.896745681762695,50
post_phase12_module2_M2-A,M2-A,R053,پٹرول ki qeemat mein kal kya tabdeeli hui,NAT,,MIXED,urdu_char3gram_bm25,2,78276,31.714191436767578,50
post_phase12_module2_M2-A,M2-A,R053,پٹرول ki qeemat mein kal kya tabdeeli hui,NAT,,MIXED,urdu_char3gram_bm25,3,75058,31.47928810119629,50
post_phase12_module2_M2-A,M2-A,R053,پٹرول ki qeemat mein kal kya tabdeeli hui,NAT,,MIXED,urdu_char3gram_bm25,4,75103,31.462125778198242,50
post_phase12_module2_M2-A,M2-A,R053,پٹرول ki qeemat mein kal kya tabdeeli hui,NAT,,MIXED,urdu_char3gram_bm25,5,63468,31.42200469970703,50
post_phase12_module2_M2-A,M2-A,R053,پٹرول ki qeemat mein kal kya tabdeeli hui,NAT,,MIXED,urdu_char3gram_bm25,6,77577,31.25432777404785,50
post_phase12_module2_M2-A,M2-A,R053,پٹرول ki qeemat mein kal kya tabdeeli hui,NAT,,MIXED,urdu_char3gram_bm25,7,76343,31.214176177978516,50
post_phase12_module2_M2-A,M2-A,R053,پٹرول ki qeemat mein kal kya tabdeeli hui,NAT,,MIXED,urdu_char3gram_bm25,8,39587,31.210405349731445,50
post_phase12_module2_M2-A,M2-A,R053,پٹرول ki qeemat mein kal kya tabdeeli hui,NAT,,MIXED,urdu_char3gram_bm25,9,73357,31.183382034301758,50
post_phase12_module2_M2-A,M2-A,R053,پٹرول ki qeemat mein kal kya tabdeeli hui,NAT,,MIXED,urdu_char3gram_bm25,10,75031,31.144933700561523,50
post_phase12_module2_M2-A,M2-A,R053,پٹرول ki qeemat mein kal kya tabdeeli hui,NAT,,MIXED,urdu_char3gram_bm25,11,40501,31.118288040161133,50
post_phase12_module2_M2-A,M2-A,R053,پٹرول ki qeemat mein kal kya tabdeeli hui,NAT,,MIXED,urdu_char3gram_bm25,12,75063,31.107704162597656,50
post_phase12_module2_M2-A,M2-A,R053,پٹرول ki qeemat mein kal kya tabdeeli hui,NAT,,MIXED,urdu_char3gram_bm25,13,75208,31.064529418945312,50
post_phase12_module2_M2-A,M2-A,R053,پٹرول ki qeemat mein kal kya tabdeeli hui,NAT,,MIXED,urdu_char3gram_bm25,14,38382,31.033266067504883,50
post_phase12_module2_M2-A,M2-A,R053,پٹرول ki qeemat mein kal kya tabdeeli hui,NAT,,MIXED,urdu_char3gram_bm25,15,62819,30.99839210510254,50
post_phase12_module2_M2-A,M2-A,R053,پٹرول ki qeemat mein kal kya tabdeeli hui,NAT,,MIXED,urdu_char3gram_bm25,16,75055,30.97016143798828,50
post_phase12_module2_M2-A,M2-A,R053,پٹرول ki qeemat mein kal kya tabdeeli hui,NAT,,MIXED,urdu_char3gram_bm25,17,77368,30.96211814880371,50
post_phase12_module2_M2-A,M2-A,R053,پٹرول ki qeemat mein kal kya tabdeeli hui,NAT,,MIXED,urdu_char3gram_bm25,18,41109,30.92822265625,50
post_phase12_module2_M2-A,M2-A,R053,پٹرول ki qeemat mein kal kya tabdeeli hui,NAT,,MIXED,urdu_char3gram_bm25,19,60882,30.913267135620117,50
post_phase12_module2_M2-A,M2-A,R053,پٹرول ki qeemat mein kal kya tabdeeli hui,NAT,,MIXED,urdu_char3gram_bm25,20,75065,30.80917739868164,50
post_phase12_module2_M2-A,M2-A,R053,پٹرول ki qeemat mein kal kya tabdeeli hui,NAT,,MIXED,urdu_char3gram_bm25,21,75535,30.76844024658203,50
post_phase12_module2_M2-A,M2-A,R053,پٹرول ki qeemat mein kal kya tabdeeli hui,NAT,,MIXED,urdu_char3gram_bm25,22,75036,30.711729049682617,50
post_phase12_module2_M2-A,M2-A,R053,پٹرول ki qeemat mein kal kya tabdeeli hui,NAT,,MIXED,urdu_char3gram_bm25,23,74994,30.711238861083984,50
post_phase12_module2_M2-A,M2-A,R053,پٹرول ki qeemat mein kal kya tabdeeli hui,NAT,,MIXED,urdu_char3gram_bm25,24,61028,30.701583862304688,50
post_phase12_module2_M2-A,M2-A,R053,پٹرول ki qeemat mein kal kya tabdeeli hui,NAT,,MIXED,urdu_char3gram_bm25,25,74403,30.63521957397461,50
post_phase12_module2_M2-A,M2-A,R053,پٹرول ki qeemat mein kal kya tabdeeli hui,NAT,,MIXED,urdu_char3gram_bm25,26,61030,30.6229248046875,50
post_phase12_module2_M2-A,M2-A,R053,پٹرول ki qeemat mein kal kya tabdeeli hui,NAT,,MIXED,urdu_char3gram_bm25,27,110678,30.597932815551758,50
post_phase12_module2_M2-A,M2-A,R053,پٹرول ki qeemat mein kal kya tabdeeli hui,NAT,,MIXED,urdu_char3gram_bm25,28,75045,30.559749603271484,50
post_phase12_module2_M2-A,M2-A,R053,پٹرول ki qeemat mein kal kya tabdeeli hui,NAT,,MIXED,urdu_char3gram_bm25,29,75231,30.539024353027344,50
post_phase12_module2_M2-A,M2-A,R053,پٹرول ki qeemat mein kal kya tabdeeli hui,NAT,,MIXED,urdu_char3gram_bm25,30,76334,30.456748962402344,50
post_phase12_module2_M2-A,M2-A,R053,پٹرول ki qeemat mein kal kya tabdeeli hui,NAT,,MIXED,urdu_char3gram_bm25,31,75062,30.45494270324707,50
post_phase12_module2_M2-A,M2-A,R053,پٹرول ki qeemat mein kal kya tabdeeli hui,NAT,,MIXED,urdu_char3gram_bm25,32,75059,30.422473907470703,50
post_phase12_module2_M2-A,M2-A,R053,پٹرول ki qeemat mein kal kya tabdeeli hui,NAT,,MIXED,urdu_char3gram_bm25,33,75041,30.416257858276367,50
post_phase12_module2_M2-A,M2-A,R053,پٹرول ki qeemat mein kal kya tabdeeli hui,NAT,,MIXED,urdu_char3gram_bm25,34,75533,30.388935089111328,50
post_phase12_module2_M2-A,M2-A,R053,پٹرول ki qeemat mein kal kya tabdeeli hui,NAT,,MIXED,urdu_char3gram_bm25,35,75052,30.366514205932617,50
post_phase12_module2_M2-A,M2-A,R053,پٹرول ki qeemat mein kal kya tabdeeli hui,NAT,,MIXED,urdu_char3gram_bm25,36,40655,30.365478515625,50
post_phase12_module2_M2-A,M2-A,R053,پٹرول ki qeemat mein kal kya tabdeeli hui,NAT,,MIXED,urdu_char3gram_bm25,37,39347,30.35384750366211,50
post_phase12_module2_M2-A,M2-A,R053,پٹرول ki qeemat mein kal kya tabdeeli hui,NAT,,MIXED,urdu_char3gram_bm25,38,75039,30.322036743164062,50
post_phase12_module2_M2-A,M2-A,R053,پٹرول ki qeemat mein kal kya tabdeeli hui,NAT,,MIXED,urdu_char3gram_bm25,39,75223,30.3147029876709,50
post_phase12_module2_M2-A,M2-A,R053,پٹرول ki qeemat mein kal kya tabdeeli hui,NAT,,MIXED,urdu_char3gram_bm25,40,39351,30.304706573486328,50
post_phase12_module2_M2-A,M2-A,R053,پٹرول ki qeemat mein kal kya tabdeeli hui,NAT,,MIXED,urdu_char3gram_bm25,41,40293,30.29326057434082,50
post_phase12_module2_M2-A,M2-A,R053,پٹرول ki qeemat mein kal kya tabdeeli hui,NAT,,MIXED,urdu_char3gram_bm25,42,109445,30.241722106933594,50
post_phase12_module2_M2-A,M2-A,R053,پٹرول ki qeemat mein kal kya tabdeeli hui,NAT,,MIXED,urdu_char3gram_bm25,43,78032,30.234426498413086,50
post_phase12_module2_M2-A,M2-A,R053,پٹرول ki qeemat mein kal kya tabdeeli hui,NAT,,MIXED,urdu_char3gram_bm25,44,73050,30.231285095214844,50
post_phase12_module2_M2-A,M2-A,R053,پٹرول ki qeemat mein kal kya tabdeeli hui,NAT,,MIXED,urdu_char3gram_bm25,45,72624,30.20240020751953,50
post_phase12_module2_M2-A,M2-A,R053,پٹرول ki qeemat mein kal kya tabdeeli hui,NAT,,MIXED,urdu_char3gram_bm25,46,39504,30.194589614868164,50
post_phase12_module2_M2-A,M2-A,R053,پٹرول ki qeemat mein kal kya tabdeeli hui,NAT,,MIXED,urdu_char3gram_bm25,47,38703,30.162609100341797,50
post_phase12_module2_M2-A,M2-A,R053,پٹرول ki qeemat mein kal kya tabdeeli hui,NAT,,MIXED,urdu_char3gram_bm25,48,72264,30.161039352416992,50
post_phase12_module2_M2-A,M2-A,R053,پٹرول ki qeemat mein kal kya tabdeeli hui,NAT,,MIXED,urdu_char3gram_bm25,49,17585,30.130064010620117,50
post_phase12_module2_M2-A,M2-A,R053,پٹرول ki qeemat mein kal kya tabdeeli hui,NAT,,MIXED,urdu_char3gram_bm25,50,75038,30.100975036621094,50
post_phase12_module2_M2-A,M2-A,R054,Pakistan mein mehngai kam kyun nahi ho rahi aur aam admi par asar kya hai,NAT,,ROMAN,roman_char3gram_bm25_method_D,1,73822,66.51050567626953,50
post_phase12_module2_M2-A,M2-A,R054,Pakistan mein mehngai kam kyun nahi ho rahi aur aam admi par asar kya hai,NAT,,ROMAN,roman_char3gram_bm25_method_D,2,72079,59.38737487792969,50
post_phase12_module2_M2-A,M2-A,R054,Pakistan mein mehngai kam kyun nahi ho rahi aur aam admi par asar kya hai,NAT,,ROMAN,roman_char3gram_bm25_method_D,3,74027,58.37771987915039,50
post_phase12_module2_M2-A,M2-A,R054,Pakistan mein mehngai kam kyun nahi ho rahi aur aam admi par asar kya hai,NAT,,ROMAN,roman_char3gram_bm25_method_D,4,76189,58.334232330322266,50
post_phase12_module2_M2-A,M2-A,R054,Pakistan mein mehngai kam kyun nahi ho rahi aur aam admi par asar kya hai,NAT,,ROMAN,roman_char3gram_bm25_method_D,5,109441,56.55377197265625,50
post_phase12_module2_M2-A,M2-A,R054,Pakistan mein mehngai kam kyun nahi ho rahi aur aam admi par asar kya hai,NAT,,ROMAN,roman_char3gram_bm25_method_D,6,75221,55.678062438964844,50
post_phase12_module2_M2-A,M2-A,R054,Pakistan mein mehngai kam kyun nahi ho rahi aur aam admi par asar kya hai,NAT,,ROMAN,roman_char3gram_bm25_method_D,7,72630,55.3078727722168,50
post_phase12_module2_M2-A,M2-A,R054,Pakistan mein mehngai kam kyun nahi ho rahi aur aam admi par asar kya hai,NAT,,ROMAN,roman_char3gram_bm25_method_D,8,74564,55.30634307861328,50
post_phase12_module2_M2-A,M2-A,R054,Pakistan mein mehngai kam kyun nahi ho rahi aur aam admi par asar kya hai,NAT,,ROMAN,roman_char3gram_bm25_method_D,9,72719,54.79430389404297,50
post_phase12_module2_M2-A,M2-A,R054,Pakistan mein mehngai kam kyun nahi ho rahi aur aam admi par asar kya hai,NAT,,ROMAN,roman_char3gram_bm25_method_D,10,109376,53.8125114440918,50
post_phase12_module2_M2-A,M2-A,R054,Pakistan mein mehngai kam kyun nahi ho rahi aur aam admi par asar kya hai,NAT,,ROMAN,roman_char3gram_bm25_method_D,11,74033,53.794498443603516,50
post_phase12_module2_M2-A,M2-A,R054,Pakistan mein mehngai kam kyun nahi ho rahi aur aam admi par asar kya hai,NAT,,ROMAN,roman_char3gram_bm25_method_D,12,39168,53.604103088378906,50
post_phase12_module2_M2-A,M2-A,R054,Pakistan mein mehngai kam kyun nahi ho rahi aur aam admi par asar kya hai,NAT,,ROMAN,roman_char3gram_bm25_method_D,13,78584,52.35409927368164,50
post_phase12_module2_M2-A,M2-A,R054,Pakistan mein mehngai kam kyun nahi ho rahi aur aam admi par asar kya hai,NAT,,ROMAN,roman_char3gram_bm25_method_D,14,78585,52.28157424926758,50
post_phase12_module2_M2-A,M2-A,R054,Pakistan mein mehngai kam kyun nahi ho rahi aur aam admi par asar kya hai,NAT,,ROMAN,roman_char3gram_bm25_method_D,15,109612,52.022132873535156,50
post_phase12_module2_M2-A,M2-A,R054,Pakistan mein mehngai kam kyun nahi ho rahi aur aam admi par asar kya hai,NAT,,ROMAN,roman_char3gram_bm25_method_D,16,110939,51.7274055480957,50
post_phase12_module2_M2-A,M2-A,R054,Pakistan mein mehngai kam kyun nahi ho rahi aur aam admi par asar kya hai,NAT,,ROMAN,roman_char3gram_bm25_method_D,17,771,51.67691421508789,50
post_phase12_module2_M2-A,M2-A,R054,Pakistan mein mehngai kam kyun nahi ho rahi aur aam admi par asar kya hai,NAT,,ROMAN,roman_char3gram_bm25_method_D,18,63985,51.21315383911133,50
post_phase12_module2_M2-A,M2-A,R054,Pakistan mein mehngai kam kyun nahi ho rahi aur aam admi par asar kya hai,NAT,,ROMAN,roman_char3gram_bm25_method_D,19,5381,50.871761322021484,50
post_phase12_module2_M2-A,M2-A,R054,Pakistan mein mehngai kam kyun nahi ho rahi aur aam admi par asar kya hai,NAT,,ROMAN,roman_char3gram_bm25_method_D,20,109576,50.325382232666016,50
post_phase12_module2_M2-A,M2-A,R054,Pakistan mein mehngai kam kyun nahi ho rahi aur aam admi par asar kya hai,NAT,,ROMAN,roman_char3gram_bm25_method_D,21,70892,50.10739517211914,50
post_phase12_module2_M2-A,M2-A,R054,Pakistan mein mehngai kam kyun nahi ho rahi aur aam admi par asar kya hai,NAT,,ROMAN,roman_char3gram_bm25_method_D,22,111757,49.99318313598633,50
post_phase12_module2_M2-A,M2-A,R054,Pakistan mein mehngai kam kyun nahi ho rahi aur aam admi par asar kya hai,NAT,,ROMAN,roman_char3gram_bm25_method_D,23,60587,49.755611419677734,50
post_phase12_module2_M2-A,M2-A,R054,Pakistan mein mehngai kam kyun nahi ho rahi aur aam admi par asar kya hai,NAT,,ROMAN,roman_char3gram_bm25_method_D,24,109601,49.74033737182617,50
post_phase12_module2_M2-A,M2-A,R054,Pakistan mein mehngai kam kyun nahi ho rahi aur aam admi par asar kya hai,NAT,,ROMAN,roman_char3gram_bm25_method_D,25,74503,49.69949722290039,50
post_phase12_module2_M2-A,M2-A,R054,Pakistan mein mehngai kam kyun nahi ho rahi aur aam admi par asar kya hai,NAT,,ROMAN,roman_char3gram_bm25_method_D,26,111053,49.662540435791016,50
post_phase12_module2_M2-A,M2-A,R054,Pakistan mein mehngai kam kyun nahi ho rahi aur aam admi par asar kya hai,NAT,,ROMAN,roman_char3gram_bm25_method_D,27,78786,49.651363372802734,50
post_phase12_module2_M2-A,M2-A,R054,Pakistan mein mehngai kam kyun nahi ho rahi aur aam admi par asar kya hai,NAT,,ROMAN,roman_char3gram_bm25_method_D,28,109517,49.328495025634766,50
post_phase12_module2_M2-A,M2-A,R054,Pakistan mein mehngai kam kyun nahi ho rahi aur aam admi par asar kya hai,NAT,,ROMAN,roman_char3gram_bm25_method_D,29,63696,49.21335220336914,50
post_phase12_module2_M2-A,M2-A,R054,Pakistan mein mehngai kam kyun nahi ho rahi aur aam admi par asar kya hai,NAT,,ROMAN,roman_char3gram_bm25_method_D,30,708,49.187564849853516,50
post_phase12_module2_M2-A,M2-A,R054,Pakistan mein mehngai kam kyun nahi ho rahi aur aam admi par asar kya hai,NAT,,ROMAN,roman_char3gram_bm25_method_D,31,79075,49.142578125,50
post_phase12_module2_M2-A,M2-A,R054,Pakistan mein mehngai kam kyun nahi ho rahi aur aam admi par asar kya hai,NAT,,ROMAN,roman_char3gram_bm25_method_D,32,40331,48.91240310668945,50
post_phase12_module2_M2-A,M2-A,R054,Pakistan mein mehngai kam kyun nahi ho rahi aur aam admi par asar kya hai,NAT,,ROMAN,roman_char3gram_bm25_method_D,33,711,48.72754669189453,50
post_phase12_module2_M2-A,M2-A,R054,Pakistan mein mehngai kam kyun nahi ho rahi aur aam admi par asar kya hai,NAT,,ROMAN,roman_char3gram_bm25_method_D,34,70834,48.67405700683594,50
post_phase12_module2_M2-A,M2-A,R054,Pakistan mein mehngai kam kyun nahi ho rahi aur aam admi par asar kya hai,NAT,,ROMAN,roman_char3gram_bm25_method_D,35,77988,48.56260681152344,50
post_phase12_module2_M2-A,M2-A,R054,Pakistan mein mehngai kam kyun nahi ho rahi aur aam admi par asar kya hai,NAT,,ROMAN,roman_char3gram_bm25_method_D,36,70688,48.3462028503418,50
post_phase12_module2_M2-A,M2-A,R054,Pakistan mein mehngai kam kyun nahi ho rahi aur aam admi par asar kya hai,NAT,,ROMAN,roman_char3gram_bm25_method_D,37,64278,48.29912567138672,50
post_phase12_module2_M2-A,M2-A,R054,Pakistan mein mehngai kam kyun nahi ho rahi aur aam admi par asar kya hai,NAT,,ROMAN,roman_char3gram_bm25_method_D,38,63749,48.26433181762695,50
post_phase12_module2_M2-A,M2-A,R054,Pakistan mein mehngai kam kyun nahi ho rahi aur aam admi par asar kya hai,NAT,,ROMAN,roman_char3gram_bm25_method_D,39,353,48.15546798706055,50
post_phase12_module2_M2-A,M2-A,R054,Pakistan mein mehngai kam kyun nahi ho rahi aur aam admi par asar kya hai,NAT,,ROMAN,roman_char3gram_bm25_method_D,40,759,47.976200103759766,50
post_phase12_module2_M2-A,M2-A,R054,Pakistan mein mehngai kam kyun nahi ho rahi aur aam admi par asar kya hai,NAT,,ROMAN,roman_char3gram_bm25_method_D,41,109772,47.93010330200195,50
post_phase12_module2_M2-A,M2-A,R054,Pakistan mein mehngai kam kyun nahi ho rahi aur aam admi par asar kya hai,NAT,,ROMAN,roman_char3gram_bm25_method_D,42,39099,47.86946105957031,50
post_phase12_module2_M2-A,M2-A,R054,Pakistan mein mehngai kam kyun nahi ho rahi aur aam admi par asar kya hai,NAT,,ROMAN,roman_char3gram_bm25_method_D,43,38662,47.82147979736328,50
post_phase12_module2_M2-A,M2-A,R054,Pakistan mein mehngai kam kyun nahi ho rahi aur aam admi par asar kya hai,NAT,,ROMAN,roman_char3gram_bm25_method_D,44,65328,47.80538558959961,50
post_phase12_module2_M2-A,M2-A,R054,Pakistan mein mehngai kam kyun nahi ho rahi aur aam admi par asar kya hai,NAT,,ROMAN,roman_char3gram_bm25_method_D,45,63943,47.78519058227539,50
post_phase12_module2_M2-A,M2-A,R054,Pakistan mein mehngai kam kyun nahi ho rahi aur aam admi par asar kya hai,NAT,,ROMAN,roman_char3gram_bm25_method_D,46,427,47.76405715942383,50
post_phase12_module2_M2-A,M2-A,R054,Pakistan mein mehngai kam kyun nahi ho rahi aur aam admi par asar kya hai,NAT,,ROMAN,roman_char3gram_bm25_method_D,47,109663,47.68811798095703,50
post_phase12_module2_M2-A,M2-A,R054,Pakistan mein mehngai kam kyun nahi ho rahi aur aam admi par asar kya hai,NAT,,ROMAN,roman_char3gram_bm25_method_D,48,63094,47.43316650390625,50
post_phase12_module2_M2-A,M2-A,R054,Pakistan mein mehngai kam kyun nahi ho rahi aur aam admi par asar kya hai,NAT,,ROMAN,roman_char3gram_bm25_method_D,49,109027,47.2300910949707,50
post_phase12_module2_M2-A,M2-A,R054,Pakistan mein mehngai kam kyun nahi ho rahi aur aam admi par asar kya hai,NAT,,ROMAN,roman_char3gram_bm25_method_D,50,71139,47.21805191040039,50
post_phase12_module2_M2-A,M2-A,R055,psl 2026 playoff schedule kab announce hoga,NAT,,ROMAN,roman_char3gram_bm25_method_D,1,84126,36.656612396240234,50
post_phase12_module2_M2-A,M2-A,R055,psl 2026 playoff schedule kab announce hoga,NAT,,ROMAN,roman_char3gram_bm25_method_D,2,55132,35.19263458251953,50
post_phase12_module2_M2-A,M2-A,R055,psl 2026 playoff schedule kab announce hoga,NAT,,ROMAN,roman_char3gram_bm25_method_D,3,31206,34.54489517211914,50
post_phase12_module2_M2-A,M2-A,R055,psl 2026 playoff schedule kab announce hoga,NAT,,ROMAN,roman_char3gram_bm25_method_D,4,27102,32.60343933105469,50
post_phase12_module2_M2-A,M2-A,R055,psl 2026 playoff schedule kab announce hoga,NAT,,ROMAN,roman_char3gram_bm25_method_D,5,30560,32.05446243286133,50
post_phase12_module2_M2-A,M2-A,R055,psl 2026 playoff schedule kab announce hoga,NAT,,ROMAN,roman_char3gram_bm25_method_D,6,111050,30.158077239990234,50
post_phase12_module2_M2-A,M2-A,R055,psl 2026 playoff schedule kab announce hoga,NAT,,ROMAN,roman_char3gram_bm25_method_D,7,80876,29.95733642578125,50
post_phase12_module2_M2-A,M2-A,R055,psl 2026 playoff schedule kab announce hoga,NAT,,ROMAN,roman_char3gram_bm25_method_D,8,180,29.52227210998535,50
post_phase12_module2_M2-A,M2-A,R055,psl 2026 playoff schedule kab announce hoga,NAT,,ROMAN,roman_char3gram_bm25_method_D,9,19160,28.970884323120117,50
post_phase12_module2_M2-A,M2-A,R055,psl 2026 playoff schedule kab announce hoga,NAT,,ROMAN,roman_char3gram_bm25_method_D,10,16741,28.775205612182617,50
post_phase12_module2_M2-A,M2-A,R055,psl 2026 playoff schedule kab announce hoga,NAT,,ROMAN,roman_char3gram_bm25_method_D,11,63133,28.44362449645996,50
post_phase12_module2_M2-A,M2-A,R055,psl 2026 playoff schedule kab announce hoga,NAT,,ROMAN,roman_char3gram_bm25_method_D,12,33812,28.105039596557617,50
post_phase12_module2_M2-A,M2-A,R055,psl 2026 playoff schedule kab announce hoga,NAT,,ROMAN,roman_char3gram_bm25_method_D,13,26590,27.926559448242188,50
post_phase12_module2_M2-A,M2-A,R055,psl 2026 playoff schedule kab announce hoga,NAT,,ROMAN,roman_char3gram_bm25_method_D,14,27820,27.56175994873047,50
post_phase12_module2_M2-A,M2-A,R055,psl 2026 playoff schedule kab announce hoga,NAT,,ROMAN,roman_char3gram_bm25_method_D,15,19239,27.0650691986084,50
post_phase12_module2_M2-A,M2-A,R055,psl 2026 playoff schedule kab announce hoga,NAT,,ROMAN,roman_char3gram_bm25_method_D,16,52211,26.82186508178711,50
post_phase12_module2_M2-A,M2-A,R055,psl 2026 playoff schedule kab announce hoga,NAT,,ROMAN,roman_char3gram_bm25_method_D,17,63269,26.801490783691406,50
post_phase12_module2_M2-A,M2-A,R055,psl 2026 playoff schedule kab announce hoga,NAT,,ROMAN,roman_char3gram_bm25_method_D,18,63611,26.78996467590332,50
post_phase12_module2_M2-A,M2-A,R055,psl 2026 playoff schedule kab announce hoga,NAT,,ROMAN,roman_char3gram_bm25_method_D,19,63448,26.634462356567383,50
post_phase12_module2_M2-A,M2-A,R055,psl 2026 playoff schedule kab announce hoga,NAT,,ROMAN,roman_char3gram_bm25_method_D,20,195,26.559633255004883,50
post_phase12_module2_M2-A,M2-A,R055,psl 2026 playoff schedule kab announce hoga,NAT,,ROMAN,roman_char3gram_bm25_method_D,21,72093,26.42855453491211,50
post_phase12_module2_M2-A,M2-A,R055,psl 2026 playoff schedule kab announce hoga,NAT,,ROMAN,roman_char3gram_bm25_method_D,22,65069,26.378314971923828,50
post_phase12_module2_M2-A,M2-A,R055,psl 2026 playoff schedule kab announce hoga,NAT,,ROMAN,roman_char3gram_bm25_method_D,23,63784,26.360179901123047,50
post_phase12_module2_M2-A,M2-A,R055,psl 2026 playoff schedule kab announce hoga,NAT,,ROMAN,roman_char3gram_bm25_method_D,24,86562,26.17830467224121,50
post_phase12_module2_M2-A,M2-A,R055,psl 2026 playoff schedule kab announce hoga,NAT,,ROMAN,roman_char3gram_bm25_method_D,25,20203,25.95012855529785,50
post_phase12_module2_M2-A,M2-A,R055,psl 2026 playoff schedule kab announce hoga,NAT,,ROMAN,roman_char3gram_bm25_method_D,26,63664,25.919191360473633,50
post_phase12_module2_M2-A,M2-A,R055,psl 2026 playoff schedule kab announce hoga,NAT,,ROMAN,roman_char3gram_bm25_method_D,27,33113,25.832439422607422,50
post_phase12_module2_M2-A,M2-A,R055,psl 2026 playoff schedule kab announce hoga,NAT,,ROMAN,roman_char3gram_bm25_method_D,28,72723,25.532377243041992,50
post_phase12_module2_M2-A,M2-A,R055,psl 2026 playoff schedule kab announce hoga,NAT,,ROMAN,roman_char3gram_bm25_method_D,29,111198,25.51460075378418,50
post_phase12_module2_M2-A,M2-A,R055,psl 2026 playoff schedule kab announce hoga,NAT,,ROMAN,roman_char3gram_bm25_method_D,30,54385,25.480791091918945,50
post_phase12_module2_M2-A,M2-A,R055,psl 2026 playoff schedule kab announce hoga,NAT,,ROMAN,roman_char3gram_bm25_method_D,31,63141,25.464168548583984,50
post_phase12_module2_M2-A,M2-A,R055,psl 2026 playoff schedule kab announce hoga,NAT,,ROMAN,roman_char3gram_bm25_method_D,32,60407,25.438472747802734,50
post_phase12_module2_M2-A,M2-A,R055,psl 2026 playoff schedule kab announce hoga,NAT,,ROMAN,roman_char3gram_bm25_method_D,33,52373,25.43020248413086,50
post_phase12_module2_M2-A,M2-A,R055,psl 2026 playoff schedule kab announce hoga,NAT,,ROMAN,roman_char3gram_bm25_method_D,34,2474,25.21225929260254,50
post_phase12_module2_M2-A,M2-A,R055,psl 2026 playoff schedule kab announce hoga,NAT,,ROMAN,roman_char3gram_bm25_method_D,35,76009,25.189983367919922,50
post_phase12_module2_M2-A,M2-A,R055,psl 2026 playoff schedule kab announce hoga,NAT,,ROMAN,roman_char3gram_bm25_method_D,36,85753,25.00889778137207,50
post_phase12_module2_M2-A,M2-A,R055,psl 2026 playoff schedule kab announce hoga,NAT,,ROMAN,roman_char3gram_bm25_method_D,37,44312,25.005115509033203,50
post_phase12_module2_M2-A,M2-A,R055,psl 2026 playoff schedule kab announce hoga,NAT,,ROMAN,roman_char3gram_bm25_method_D,38,34228,24.96794319152832,50
post_phase12_module2_M2-A,M2-A,R055,psl 2026 playoff schedule kab announce hoga,NAT,,ROMAN,roman_char3gram_bm25_method_D,39,59763,24.95111846923828,50
post_phase12_module2_M2-A,M2-A,R055,psl 2026 playoff schedule kab announce hoga,NAT,,ROMAN,roman_char3gram_bm25_method_D,40,67886,24.89080238342285,50
post_phase12_module2_M2-A,M2-A,R055,psl 2026 playoff schedule kab announce hoga,NAT,,ROMAN,roman_char3gram_bm25_method_D,41,24580,24.878908157348633,50
post_phase12_module2_M2-A,M2-A,R055,psl 2026 playoff schedule kab announce hoga,NAT,,ROMAN,roman_char3gram_bm25_method_D,42,19603,24.780109405517578,50
post_phase12_module2_M2-A,M2-A,R055,psl 2026 playoff schedule kab announce hoga,NAT,,ROMAN,roman_char3gram_bm25_method_D,43,933,24.775060653686523,50
post_phase12_module2_M2-A,M2-A,R055,psl 2026 playoff schedule kab announce hoga,NAT,,ROMAN,roman_char3gram_bm25_method_D,44,52376,24.73236656188965,50
post_phase12_module2_M2-A,M2-A,R055,psl 2026 playoff schedule kab announce hoga,NAT,,ROMAN,roman_char3gram_bm25_method_D,45,23062,24.654052734375,50
post_phase12_module2_M2-A,M2-A,R055,psl 2026 playoff schedule kab announce hoga,NAT,,ROMAN,roman_char3gram_bm25_method_D,46,82096,24.62078857421875,50
post_phase12_module2_M2-A,M2-A,R055,psl 2026 playoff schedule kab announce hoga,NAT,,ROMAN,roman_char3gram_bm25_method_D,47,61275,24.594100952148438,50
post_phase12_module2_M2-A,M2-A,R055,psl 2026 playoff schedule kab announce hoga,NAT,,ROMAN,roman_char3gram_bm25_method_D,48,65643,24.565078735351562,50
post_phase12_module2_M2-A,M2-A,R055,psl 2026 playoff schedule kab announce hoga,NAT,,ROMAN,roman_char3gram_bm25_method_D,49,19621,24.547725677490234,50
post_phase12_module2_M2-A,M2-A,R055,psl 2026 playoff schedule kab announce hoga,NAT,,ROMAN,roman_char3gram_bm25_method_D,50,66098,24.385648727416992,50
post_phase12_module2_M2-A,M2-A,R056,shaheen shah afridi ki bowling form ka kya haal hai,NAT,,ROMAN,roman_char3gram_bm25_method_D,1,42656,68.8586654663086,50
post_phase12_module2_M2-A,M2-A,R056,shaheen shah afridi ki bowling form ka kya haal hai,NAT,,ROMAN,roman_char3gram_bm25_method_D,2,84542,64.36011505126953,50
post_phase12_module2_M2-A,M2-A,R056,shaheen shah afridi ki bowling form ka kya haal hai,NAT,,ROMAN,roman_char3gram_bm25_method_D,3,80972,61.13425827026367,50
post_phase12_module2_M2-A,M2-A,R056,shaheen shah afridi ki bowling form ka kya haal hai,NAT,,ROMAN,roman_char3gram_bm25_method_D,4,84596,60.594627380371094,50
post_phase12_module2_M2-A,M2-A,R056,shaheen shah afridi ki bowling form ka kya haal hai,NAT,,ROMAN,roman_char3gram_bm25_method_D,5,43935,60.59130096435547,50
post_phase12_module2_M2-A,M2-A,R056,shaheen shah afridi ki bowling form ka kya haal hai,NAT,,ROMAN,roman_char3gram_bm25_method_D,6,26204,60.54229736328125,50
post_phase12_module2_M2-A,M2-A,R056,shaheen shah afridi ki bowling form ka kya haal hai,NAT,,ROMAN,roman_char3gram_bm25_method_D,7,24851,60.48843002319336,50
post_phase12_module2_M2-A,M2-A,R056,shaheen shah afridi ki bowling form ka kya haal hai,NAT,,ROMAN,roman_char3gram_bm25_method_D,8,81227,60.14902877807617,50
post_phase12_module2_M2-A,M2-A,R056,shaheen shah afridi ki bowling form ka kya haal hai,NAT,,ROMAN,roman_char3gram_bm25_method_D,9,41384,59.547950744628906,50
post_phase12_module2_M2-A,M2-A,R056,shaheen shah afridi ki bowling form ka kya haal hai,NAT,,ROMAN,roman_char3gram_bm25_method_D,10,82546,59.20631408691406,50
post_phase12_module2_M2-A,M2-A,R056,shaheen shah afridi ki bowling form ka kya haal hai,NAT,,ROMAN,roman_char3gram_bm25_method_D,11,26227,58.86022186279297,50
post_phase12_module2_M2-A,M2-A,R056,shaheen shah afridi ki bowling form ka kya haal hai,NAT,,ROMAN,roman_char3gram_bm25_method_D,12,81748,58.67961502075195,50
post_phase12_module2_M2-A,M2-A,R056,shaheen shah afridi ki bowling form ka kya haal hai,NAT,,ROMAN,roman_char3gram_bm25_method_D,13,98120,58.46086120605469,50
post_phase12_module2_M2-A,M2-A,R056,shaheen shah afridi ki bowling form ka kya haal hai,NAT,,ROMAN,roman_char3gram_bm25_method_D,14,82544,58.35407257080078,50
post_phase12_module2_M2-A,M2-A,R056,shaheen shah afridi ki bowling form ka kya haal hai,NAT,,ROMAN,roman_char3gram_bm25_method_D,15,82483,58.17518615722656,50
post_phase12_module2_M2-A,M2-A,R056,shaheen shah afridi ki bowling form ka kya haal hai,NAT,,ROMAN,roman_char3gram_bm25_method_D,16,43214,57.98735809326172,50
post_phase12_module2_M2-A,M2-A,R056,shaheen shah afridi ki bowling form ka kya haal hai,NAT,,ROMAN,roman_char3gram_bm25_method_D,17,54585,57.964168548583984,50
post_phase12_module2_M2-A,M2-A,R056,shaheen shah afridi ki bowling form ka kya haal hai,NAT,,ROMAN,roman_char3gram_bm25_method_D,18,54162,57.882354736328125,50
post_phase12_module2_M2-A,M2-A,R056,shaheen shah afridi ki bowling form ka kya haal hai,NAT,,ROMAN,roman_char3gram_bm25_method_D,19,81735,57.620155334472656,50
post_phase12_module2_M2-A,M2-A,R056,shaheen shah afridi ki bowling form ka kya haal hai,NAT,,ROMAN,roman_char3gram_bm25_method_D,20,52269,57.198978424072266,50
post_phase12_module2_M2-A,M2-A,R056,shaheen shah afridi ki bowling form ka kya haal hai,NAT,,ROMAN,roman_char3gram_bm25_method_D,21,81051,56.74055099487305,50
post_phase12_module2_M2-A,M2-A,R056,shaheen shah afridi ki bowling form ka kya haal hai,NAT,,ROMAN,roman_char3gram_bm25_method_D,22,81740,56.20661163330078,50
post_phase12_module2_M2-A,M2-A,R056,shaheen shah afridi ki bowling form ka kya haal hai,NAT,,ROMAN,roman_char3gram_bm25_method_D,23,53107,56.10077667236328,50
post_phase12_module2_M2-A,M2-A,R056,shaheen shah afridi ki bowling form ka kya haal hai,NAT,,ROMAN,roman_char3gram_bm25_method_D,24,53062,56.005462646484375,50
post_phase12_module2_M2-A,M2-A,R056,shaheen shah afridi ki bowling form ka kya haal hai,NAT,,ROMAN,roman_char3gram_bm25_method_D,25,81778,55.914791107177734,50
post_phase12_module2_M2-A,M2-A,R056,shaheen shah afridi ki bowling form ka kya haal hai,NAT,,ROMAN,roman_char3gram_bm25_method_D,26,84599,55.60627365112305,50
post_phase12_module2_M2-A,M2-A,R056,shaheen shah afridi ki bowling form ka kya haal hai,NAT,,ROMAN,roman_char3gram_bm25_method_D,27,44673,55.5279541015625,50
post_phase12_module2_M2-A,M2-A,R056,shaheen shah afridi ki bowling form ka kya haal hai,NAT,,ROMAN,roman_char3gram_bm25_method_D,28,84602,55.4805908203125,50
post_phase12_module2_M2-A,M2-A,R056,shaheen shah afridi ki bowling form ka kya haal hai,NAT,,ROMAN,roman_char3gram_bm25_method_D,29,80663,55.30950927734375,50
post_phase12_module2_M2-A,M2-A,R056,shaheen shah afridi ki bowling form ka kya haal hai,NAT,,ROMAN,roman_char3gram_bm25_method_D,30,53131,55.23127365112305,50
post_phase12_module2_M2-A,M2-A,R056,shaheen shah afridi ki bowling form ka kya haal hai,NAT,,ROMAN,roman_char3gram_bm25_method_D,31,80625,54.88922882080078,50
post_phase12_module2_M2-A,M2-A,R056,shaheen shah afridi ki bowling form ka kya haal hai,NAT,,ROMAN,roman_char3gram_bm25_method_D,32,52569,54.5972900390625,50
post_phase12_module2_M2-A,M2-A,R056,shaheen shah afridi ki bowling form ka kya haal hai,NAT,,ROMAN,roman_char3gram_bm25_method_D,33,28111,54.364173889160156,50
post_phase12_module2_M2-A,M2-A,R056,shaheen shah afridi ki bowling form ka kya haal hai,NAT,,ROMAN,roman_char3gram_bm25_method_D,34,25933,54.09721755981445,50
post_phase12_module2_M2-A,M2-A,R056,shaheen shah afridi ki bowling form ka kya haal hai,NAT,,ROMAN,roman_char3gram_bm25_method_D,35,44187,54.07136535644531,50
post_phase12_module2_M2-A,M2-A,R056,shaheen shah afridi ki bowling form ka kya haal hai,NAT,,ROMAN,roman_char3gram_bm25_method_D,36,42776,53.928466796875,50
post_phase12_module2_M2-A,M2-A,R056,shaheen shah afridi ki bowling form ka kya haal hai,NAT,,ROMAN,roman_char3gram_bm25_method_D,37,53256,53.91547775268555,50
post_phase12_module2_M2-A,M2-A,R056,shaheen shah afridi ki bowling form ka kya haal hai,NAT,,ROMAN,roman_char3gram_bm25_method_D,38,51906,53.56825256347656,50
post_phase12_module2_M2-A,M2-A,R056,shaheen shah afridi ki bowling form ka kya haal hai,NAT,,ROMAN,roman_char3gram_bm25_method_D,39,80751,53.52946472167969,50
post_phase12_module2_M2-A,M2-A,R056,shaheen shah afridi ki bowling form ka kya haal hai,NAT,,ROMAN,roman_char3gram_bm25_method_D,40,84598,53.375736236572266,50
post_phase12_module2_M2-A,M2-A,R056,shaheen shah afridi ki bowling form ka kya haal hai,NAT,,ROMAN,roman_char3gram_bm25_method_D,41,80665,53.12744903564453,50
post_phase12_module2_M2-A,M2-A,R056,shaheen shah afridi ki bowling form ka kya haal hai,NAT,,ROMAN,roman_char3gram_bm25_method_D,42,83718,52.9635124206543,50
post_phase12_module2_M2-A,M2-A,R056,shaheen shah afridi ki bowling form ka kya haal hai,NAT,,ROMAN,roman_char3gram_bm25_method_D,43,53069,52.93381118774414,50
post_phase12_module2_M2-A,M2-A,R056,shaheen shah afridi ki bowling form ka kya haal hai,NAT,,ROMAN,roman_char3gram_bm25_method_D,44,82484,52.37245178222656,50
post_phase12_module2_M2-A,M2-A,R056,shaheen shah afridi ki bowling form ka kya haal hai,NAT,,ROMAN,roman_char3gram_bm25_method_D,45,24902,52.15560531616211,50
post_phase12_module2_M2-A,M2-A,R056,shaheen shah afridi ki bowling form ka kya haal hai,NAT,,ROMAN,roman_char3gram_bm25_method_D,46,83554,51.96958923339844,50
post_phase12_module2_M2-A,M2-A,R056,shaheen shah afridi ki bowling form ka kya haal hai,NAT,,ROMAN,roman_char3gram_bm25_method_D,47,52268,51.946258544921875,50
post_phase12_module2_M2-A,M2-A,R056,shaheen shah afridi ki bowling form ka kya haal hai,NAT,,ROMAN,roman_char3gram_bm25_method_D,48,26223,51.89822769165039,50
post_phase12_module2_M2-A,M2-A,R056,shaheen shah afridi ki bowling form ka kya haal hai,NAT,,ROMAN,roman_char3gram_bm25_method_D,49,26168,51.71013259887695,50
post_phase12_module2_M2-A,M2-A,R056,shaheen shah afridi ki bowling form ka kya haal hai,NAT,,ROMAN,roman_char3gram_bm25_method_D,50,24876,51.688514709472656,50
post_phase12_module2_M2-A,M2-A,R057,lahore se rawalpindi train ka kiraya kitna hai,NAT,,ROMAN,roman_char3gram_bm25_method_D,1,87804,70.99555969238281,50
post_phase12_module2_M2-A,M2-A,R057,lahore se rawalpindi train ka kiraya kitna hai,NAT,,ROMAN,roman_char3gram_bm25_method_D,2,46461,67.68037414550781,50
post_phase12_module2_M2-A,M2-A,R057,lahore se rawalpindi train ka kiraya kitna hai,NAT,,ROMAN,roman_char3gram_bm25_method_D,3,60204,67.58333587646484,50
post_phase12_module2_M2-A,M2-A,R057,lahore se rawalpindi train ka kiraya kitna hai,NAT,,ROMAN,roman_char3gram_bm25_method_D,4,65656,67.29975891113281,50
post_phase12_module2_M2-A,M2-A,R057,lahore se rawalpindi train ka kiraya kitna hai,NAT,,ROMAN,roman_char3gram_bm25_method_D,5,96989,67.05583953857422,50
post_phase12_module2_M2-A,M2-A,R057,lahore se rawalpindi train ka kiraya kitna hai,NAT,,ROMAN,roman_char3gram_bm25_method_D,6,87674,67.03874969482422,50
post_phase12_module2_M2-A,M2-A,R057,lahore se rawalpindi train ka kiraya kitna hai,NAT,,ROMAN,roman_char3gram_bm25_method_D,7,27541,65.8225326538086,50
post_phase12_module2_M2-A,M2-A,R057,lahore se rawalpindi train ka kiraya kitna hai,NAT,,ROMAN,roman_char3gram_bm25_method_D,8,44405,65.80171966552734,50
post_phase12_module2_M2-A,M2-A,R057,lahore se rawalpindi train ka kiraya kitna hai,NAT,,ROMAN,roman_char3gram_bm25_method_D,9,82649,65.03980255126953,50
post_phase12_module2_M2-A,M2-A,R057,lahore se rawalpindi train ka kiraya kitna hai,NAT,,ROMAN,roman_char3gram_bm25_method_D,10,45817,64.80138397216797,50
post_phase12_module2_M2-A,M2-A,R057,lahore se rawalpindi train ka kiraya kitna hai,NAT,,ROMAN,roman_char3gram_bm25_method_D,11,89026,64.34693908691406,50
post_phase12_module2_M2-A,M2-A,R057,lahore se rawalpindi train ka kiraya kitna hai,NAT,,ROMAN,roman_char3gram_bm25_method_D,12,87722,64.22824096679688,50
post_phase12_module2_M2-A,M2-A,R057,lahore se rawalpindi train ka kiraya kitna hai,NAT,,ROMAN,roman_char3gram_bm25_method_D,13,72749,64.2059326171875,50
post_phase12_module2_M2-A,M2-A,R057,lahore se rawalpindi train ka kiraya kitna hai,NAT,,ROMAN,roman_char3gram_bm25_method_D,14,80567,63.947452545166016,50
post_phase12_module2_M2-A,M2-A,R057,lahore se rawalpindi train ka kiraya kitna hai,NAT,,ROMAN,roman_char3gram_bm25_method_D,15,42348,63.48884963989258,50
post_phase12_module2_M2-A,M2-A,R057,lahore se rawalpindi train ka kiraya kitna hai,NAT,,ROMAN,roman_char3gram_bm25_method_D,16,58670,63.36400604248047,50
post_phase12_module2_M2-A,M2-A,R057,lahore se rawalpindi train ka kiraya kitna hai,NAT,,ROMAN,roman_char3gram_bm25_method_D,17,2810,63.24683380126953,50
post_phase12_module2_M2-A,M2-A,R057,lahore se rawalpindi train ka kiraya kitna hai,NAT,,ROMAN,roman_char3gram_bm25_method_D,18,51879,63.01515197753906,50
post_phase12_module2_M2-A,M2-A,R057,lahore se rawalpindi train ka kiraya kitna hai,NAT,,ROMAN,roman_char3gram_bm25_method_D,19,77612,62.97643280029297,50
post_phase12_module2_M2-A,M2-A,R057,lahore se rawalpindi train ka kiraya kitna hai,NAT,,ROMAN,roman_char3gram_bm25_method_D,20,87683,62.73253631591797,50
post_phase12_module2_M2-A,M2-A,R057,lahore se rawalpindi train ka kiraya kitna hai,NAT,,ROMAN,roman_char3gram_bm25_method_D,21,44488,62.21415328979492,50
post_phase12_module2_M2-A,M2-A,R057,lahore se rawalpindi train ka kiraya kitna hai,NAT,,ROMAN,roman_char3gram_bm25_method_D,22,61107,61.95147705078125,50
post_phase12_module2_M2-A,M2-A,R057,lahore se rawalpindi train ka kiraya kitna hai,NAT,,ROMAN,roman_char3gram_bm25_method_D,23,87705,61.94230270385742,50
post_phase12_module2_M2-A,M2-A,R057,lahore se rawalpindi train ka kiraya kitna hai,NAT,,ROMAN,roman_char3gram_bm25_method_D,24,41817,61.91075134277344,50
post_phase12_module2_M2-A,M2-A,R057,lahore se rawalpindi train ka kiraya kitna hai,NAT,,ROMAN,roman_char3gram_bm25_method_D,25,61853,61.79933166503906,50
post_phase12_module2_M2-A,M2-A,R057,lahore se rawalpindi train ka kiraya kitna hai,NAT,,ROMAN,roman_char3gram_bm25_method_D,26,80610,61.77376937866211,50
post_phase12_module2_M2-A,M2-A,R057,lahore se rawalpindi train ka kiraya kitna hai,NAT,,ROMAN,roman_char3gram_bm25_method_D,27,63356,61.74995422363281,50
post_phase12_module2_M2-A,M2-A,R057,lahore se rawalpindi train ka kiraya kitna hai,NAT,,ROMAN,roman_char3gram_bm25_method_D,28,47638,61.05541229248047,50
post_phase12_module2_M2-A,M2-A,R057,lahore se rawalpindi train ka kiraya kitna hai,NAT,,ROMAN,roman_char3gram_bm25_method_D,29,96956,61.050994873046875,50
post_phase12_module2_M2-A,M2-A,R057,lahore se rawalpindi train ka kiraya kitna hai,NAT,,ROMAN,roman_char3gram_bm25_method_D,30,25499,60.969364166259766,50
post_phase12_module2_M2-A,M2-A,R057,lahore se rawalpindi train ka kiraya kitna hai,NAT,,ROMAN,roman_char3gram_bm25_method_D,31,40707,60.9024658203125,50
post_phase12_module2_M2-A,M2-A,R057,lahore se rawalpindi train ka kiraya kitna hai,NAT,,ROMAN,roman_char3gram_bm25_method_D,32,61832,60.85823059082031,50
post_phase12_module2_M2-A,M2-A,R057,lahore se rawalpindi train ka kiraya kitna hai,NAT,,ROMAN,roman_char3gram_bm25_method_D,33,55947,60.77839279174805,50
post_phase12_module2_M2-A,M2-A,R057,lahore se rawalpindi train ka kiraya kitna hai,NAT,,ROMAN,roman_char3gram_bm25_method_D,34,51918,60.50453186035156,50
post_phase12_module2_M2-A,M2-A,R057,lahore se rawalpindi train ka kiraya kitna hai,NAT,,ROMAN,roman_char3gram_bm25_method_D,35,52323,60.38214111328125,50
post_phase12_module2_M2-A,M2-A,R057,lahore se rawalpindi train ka kiraya kitna hai,NAT,,ROMAN,roman_char3gram_bm25_method_D,36,38427,60.193641662597656,50
post_phase12_module2_M2-A,M2-A,R057,lahore se rawalpindi train ka kiraya kitna hai,NAT,,ROMAN,roman_char3gram_bm25_method_D,37,87781,59.97052764892578,50
post_phase12_module2_M2-A,M2-A,R057,lahore se rawalpindi train ka kiraya kitna hai,NAT,,ROMAN,roman_char3gram_bm25_method_D,38,88156,59.94683837890625,50
post_phase12_module2_M2-A,M2-A,R057,lahore se rawalpindi train ka kiraya kitna hai,NAT,,ROMAN,roman_char3gram_bm25_method_D,39,46983,59.88237762451172,50
post_phase12_module2_M2-A,M2-A,R057,lahore se rawalpindi train ka kiraya kitna hai,NAT,,ROMAN,roman_char3gram_bm25_method_D,40,28807,59.8424072265625,50
post_phase12_module2_M2-A,M2-A,R057,lahore se rawalpindi train ka kiraya kitna hai,NAT,,ROMAN,roman_char3gram_bm25_method_D,41,111396,59.765045166015625,50
post_phase12_module2_M2-A,M2-A,R057,lahore se rawalpindi train ka kiraya kitna hai,NAT,,ROMAN,roman_char3gram_bm25_method_D,42,52546,59.65985107421875,50
post_phase12_module2_M2-A,M2-A,R057,lahore se rawalpindi train ka kiraya kitna hai,NAT,,ROMAN,roman_char3gram_bm25_method_D,43,26846,59.645870208740234,50
post_phase12_module2_M2-A,M2-A,R057,lahore se rawalpindi train ka kiraya kitna hai,NAT,,ROMAN,roman_char3gram_bm25_method_D,44,42116,59.47807312011719,50
post_phase12_module2_M2-A,M2-A,R057,lahore se rawalpindi train ka kiraya kitna hai,NAT,,ROMAN,roman_char3gram_bm25_method_D,45,41816,59.29994201660156,50
post_phase12_module2_M2-A,M2-A,R057,lahore se rawalpindi train ka kiraya kitna hai,NAT,,ROMAN,roman_char3gram_bm25_method_D,46,49912,59.172637939453125,50
post_phase12_module2_M2-A,M2-A,R057,lahore se rawalpindi train ka kiraya kitna hai,NAT,,ROMAN,roman_char3gram_bm25_method_D,47,110467,58.80209732055664,50
post_phase12_module2_M2-A,M2-A,R057,lahore se rawalpindi train ka kiraya kitna hai,NAT,,ROMAN,roman_char3gram_bm25_method_D,48,41075,58.72986602783203,50
post_phase12_module2_M2-A,M2-A,R057,lahore se rawalpindi train ka kiraya kitna hai,NAT,,ROMAN,roman_char3gram_bm25_method_D,49,47674,58.706356048583984,50
post_phase12_module2_M2-A,M2-A,R057,lahore se rawalpindi train ka kiraya kitna hai,NAT,,ROMAN,roman_char3gram_bm25_method_D,50,61154,58.6469612121582,50
post_phase12_module2_M2-A,M2-A,R058,Pakistan mein mobile internet speed slow kyun rehti hai,NAT,,ROMAN,roman_char3gram_bm25_method_D,1,20831,70.35496520996094,50
post_phase12_module2_M2-A,M2-A,R058,Pakistan mein mobile internet speed slow kyun rehti hai,NAT,,ROMAN,roman_char3gram_bm25_method_D,2,80347,68.03688049316406,50
post_phase12_module2_M2-A,M2-A,R058,Pakistan mein mobile internet speed slow kyun rehti hai,NAT,,ROMAN,roman_char3gram_bm25_method_D,3,59513,65.67216491699219,50
post_phase12_module2_M2-A,M2-A,R058,Pakistan mein mobile internet speed slow kyun rehti hai,NAT,,ROMAN,roman_char3gram_bm25_method_D,4,19998,64.99119567871094,50
post_phase12_module2_M2-A,M2-A,R058,Pakistan mein mobile internet speed slow kyun rehti hai,NAT,,ROMAN,roman_char3gram_bm25_method_D,5,20356,64.47892761230469,50
post_phase12_module2_M2-A,M2-A,R058,Pakistan mein mobile internet speed slow kyun rehti hai,NAT,,ROMAN,roman_char3gram_bm25_method_D,6,19895,63.60581970214844,50
post_phase12_module2_M2-A,M2-A,R058,Pakistan mein mobile internet speed slow kyun rehti hai,NAT,,ROMAN,roman_char3gram_bm25_method_D,7,21868,63.55916213989258,50
post_phase12_module2_M2-A,M2-A,R058,Pakistan mein mobile internet speed slow kyun rehti hai,NAT,,ROMAN,roman_char3gram_bm25_method_D,8,23229,62.98503875732422,50
post_phase12_module2_M2-A,M2-A,R058,Pakistan mein mobile internet speed slow kyun rehti hai,NAT,,ROMAN,roman_char3gram_bm25_method_D,9,24422,62.59004592895508,50
post_phase12_module2_M2-A,M2-A,R058,Pakistan mein mobile internet speed slow kyun rehti hai,NAT,,ROMAN,roman_char3gram_bm25_method_D,10,21184,62.170692443847656,50
post_phase12_module2_M2-A,M2-A,R058,Pakistan mein mobile internet speed slow kyun rehti hai,NAT,,ROMAN,roman_char3gram_bm25_method_D,11,24146,61.86144256591797,50
post_phase12_module2_M2-A,M2-A,R058,Pakistan mein mobile internet speed slow kyun rehti hai,NAT,,ROMAN,roman_char3gram_bm25_method_D,12,22049,61.259796142578125,50
post_phase12_module2_M2-A,M2-A,R058,Pakistan mein mobile internet speed slow kyun rehti hai,NAT,,ROMAN,roman_char3gram_bm25_method_D,13,23208,61.1167106628418,50
post_phase12_module2_M2-A,M2-A,R058,Pakistan mein mobile internet speed slow kyun rehti hai,NAT,,ROMAN,roman_char3gram_bm25_method_D,14,24460,60.98111343383789,50
post_phase12_module2_M2-A,M2-A,R058,Pakistan mein mobile internet speed slow kyun rehti hai,NAT,,ROMAN,roman_char3gram_bm25_method_D,15,16841,60.183349609375,50
post_phase12_module2_M2-A,M2-A,R058,Pakistan mein mobile internet speed slow kyun rehti hai,NAT,,ROMAN,roman_char3gram_bm25_method_D,16,20426,59.531341552734375,50
post_phase12_module2_M2-A,M2-A,R058,Pakistan mein mobile internet speed slow kyun rehti hai,NAT,,ROMAN,roman_char3gram_bm25_method_D,17,22825,59.01679611206055,50
post_phase12_module2_M2-A,M2-A,R058,Pakistan mein mobile internet speed slow kyun rehti hai,NAT,,ROMAN,roman_char3gram_bm25_method_D,18,14275,58.95661544799805,50
post_phase12_module2_M2-A,M2-A,R058,Pakistan mein mobile internet speed slow kyun rehti hai,NAT,,ROMAN,roman_char3gram_bm25_method_D,19,22944,58.70908737182617,50
post_phase12_module2_M2-A,M2-A,R058,Pakistan mein mobile internet speed slow kyun rehti hai,NAT,,ROMAN,roman_char3gram_bm25_method_D,20,24136,58.640899658203125,50
post_phase12_module2_M2-A,M2-A,R058,Pakistan mein mobile internet speed slow kyun rehti hai,NAT,,ROMAN,roman_char3gram_bm25_method_D,21,74761,58.46171188354492,50
post_phase12_module2_M2-A,M2-A,R058,Pakistan mein mobile internet speed slow kyun rehti hai,NAT,,ROMAN,roman_char3gram_bm25_method_D,22,22019,58.45252990722656,50
post_phase12_module2_M2-A,M2-A,R058,Pakistan mein mobile internet speed slow kyun rehti hai,NAT,,ROMAN,roman_char3gram_bm25_method_D,23,23270,58.22627639770508,50
post_phase12_module2_M2-A,M2-A,R058,Pakistan mein mobile internet speed slow kyun rehti hai,NAT,,ROMAN,roman_char3gram_bm25_method_D,24,22099,58.16048049926758,50
post_phase12_module2_M2-A,M2-A,R058,Pakistan mein mobile internet speed slow kyun rehti hai,NAT,,ROMAN,roman_char3gram_bm25_method_D,25,62774,58.14550018310547,50
post_phase12_module2_M2-A,M2-A,R058,Pakistan mein mobile internet speed slow kyun rehti hai,NAT,,ROMAN,roman_char3gram_bm25_method_D,26,23123,57.80643844604492,50
post_phase12_module2_M2-A,M2-A,R058,Pakistan mein mobile internet speed slow kyun rehti hai,NAT,,ROMAN,roman_char3gram_bm25_method_D,27,21880,57.594703674316406,50
post_phase12_module2_M2-A,M2-A,R058,Pakistan mein mobile internet speed slow kyun rehti hai,NAT,,ROMAN,roman_char3gram_bm25_method_D,28,21112,57.5467529296875,50
post_phase12_module2_M2-A,M2-A,R058,Pakistan mein mobile internet speed slow kyun rehti hai,NAT,,ROMAN,roman_char3gram_bm25_method_D,29,79364,57.43523406982422,50
post_phase12_module2_M2-A,M2-A,R058,Pakistan mein mobile internet speed slow kyun rehti hai,NAT,,ROMAN,roman_char3gram_bm25_method_D,30,3505,56.95749282836914,50
post_phase12_module2_M2-A,M2-A,R058,Pakistan mein mobile internet speed slow kyun rehti hai,NAT,,ROMAN,roman_char3gram_bm25_method_D,31,2054,56.813880920410156,50
post_phase12_module2_M2-A,M2-A,R058,Pakistan mein mobile internet speed slow kyun rehti hai,NAT,,ROMAN,roman_char3gram_bm25_method_D,32,24003,56.7891960144043,50
post_phase12_module2_M2-A,M2-A,R058,Pakistan mein mobile internet speed slow kyun rehti hai,NAT,,ROMAN,roman_char3gram_bm25_method_D,33,76595,56.751895904541016,50
post_phase12_module2_M2-A,M2-A,R058,Pakistan mein mobile internet speed slow kyun rehti hai,NAT,,ROMAN,roman_char3gram_bm25_method_D,34,1853,56.559295654296875,50
post_phase12_module2_M2-A,M2-A,R058,Pakistan mein mobile internet speed slow kyun rehti hai,NAT,,ROMAN,roman_char3gram_bm25_method_D,35,72219,56.501792907714844,50
post_phase12_module2_M2-A,M2-A,R058,Pakistan mein mobile internet speed slow kyun rehti hai,NAT,,ROMAN,roman_char3gram_bm25_method_D,36,73903,56.45319366455078,50
post_phase12_module2_M2-A,M2-A,R058,Pakistan mein mobile internet speed slow kyun rehti hai,NAT,,ROMAN,roman_char3gram_bm25_method_D,37,16350,56.20466613769531,50
post_phase12_module2_M2-A,M2-A,R058,Pakistan mein mobile internet speed slow kyun rehti hai,NAT,,ROMAN,roman_char3gram_bm25_method_D,38,23831,55.735347747802734,50
post_phase12_module2_M2-A,M2-A,R058,Pakistan mein mobile internet speed slow kyun rehti hai,NAT,,ROMAN,roman_char3gram_bm25_method_D,39,24113,55.72124481201172,50
post_phase12_module2_M2-A,M2-A,R058,Pakistan mein mobile internet speed slow kyun rehti hai,NAT,,ROMAN,roman_char3gram_bm25_method_D,40,21157,55.70803451538086,50
post_phase12_module2_M2-A,M2-A,R058,Pakistan mein mobile internet speed slow kyun rehti hai,NAT,,ROMAN,roman_char3gram_bm25_method_D,41,24186,55.63431930541992,50
post_phase12_module2_M2-A,M2-A,R058,Pakistan mein mobile internet speed slow kyun rehti hai,NAT,,ROMAN,roman_char3gram_bm25_method_D,42,15772,55.586585998535156,50
post_phase12_module2_M2-A,M2-A,R058,Pakistan mein mobile internet speed slow kyun rehti hai,NAT,,ROMAN,roman_char3gram_bm25_method_D,43,20703,55.044761657714844,50
post_phase12_module2_M2-A,M2-A,R058,Pakistan mein mobile internet speed slow kyun rehti hai,NAT,,ROMAN,roman_char3gram_bm25_method_D,44,2396,54.85022735595703,50
post_phase12_module2_M2-A,M2-A,R058,Pakistan mein mobile internet speed slow kyun rehti hai,NAT,,ROMAN,roman_char3gram_bm25_method_D,45,19761,54.63417053222656,50
post_phase12_module2_M2-A,M2-A,R058,Pakistan mein mobile internet speed slow kyun rehti hai,NAT,,ROMAN,roman_char3gram_bm25_method_D,46,24522,54.39391326904297,50
post_phase12_module2_M2-A,M2-A,R058,Pakistan mein mobile internet speed slow kyun rehti hai,NAT,,ROMAN,roman_char3gram_bm25_method_D,47,21341,54.03588104248047,50
post_phase12_module2_M2-A,M2-A,R058,Pakistan mein mobile internet speed slow kyun rehti hai,NAT,,ROMAN,roman_char3gram_bm25_method_D,48,60095,53.878849029541016,50
post_phase12_module2_M2-A,M2-A,R058,Pakistan mein mobile internet speed slow kyun rehti hai,NAT,,ROMAN,roman_char3gram_bm25_method_D,49,24034,53.85274887084961,50
post_phase12_module2_M2-A,M2-A,R058,Pakistan mein mobile internet speed slow kyun rehti hai,NAT,,ROMAN,roman_char3gram_bm25_method_D,50,22601,53.68729782104492,50
post_phase12_module2_M2-A,M2-A,R059,netflix Pakistan subscription price,NAT,,ROMAN,roman_char3gram_bm25_method_D,1,76761,33.3643684387207,50
post_phase12_module2_M2-A,M2-A,R059,netflix Pakistan subscription price,NAT,,ROMAN,roman_char3gram_bm25_method_D,2,60741,31.700796127319336,50
post_phase12_module2_M2-A,M2-A,R059,netflix Pakistan subscription price,NAT,,ROMAN,roman_char3gram_bm25_method_D,3,64789,30.499629974365234,50
post_phase12_module2_M2-A,M2-A,R059,netflix Pakistan subscription price,NAT,,ROMAN,roman_char3gram_bm25_method_D,4,110731,29.7921085357666,50
post_phase12_module2_M2-A,M2-A,R059,netflix Pakistan subscription price,NAT,,ROMAN,roman_char3gram_bm25_method_D,5,20637,29.371679306030273,50
post_phase12_module2_M2-A,M2-A,R059,netflix Pakistan subscription price,NAT,,ROMAN,roman_char3gram_bm25_method_D,6,78195,29.1686954498291,50
post_phase12_module2_M2-A,M2-A,R059,netflix Pakistan subscription price,NAT,,ROMAN,roman_char3gram_bm25_method_D,7,60559,28.99341583251953,50
post_phase12_module2_M2-A,M2-A,R059,netflix Pakistan subscription price,NAT,,ROMAN,roman_char3gram_bm25_method_D,8,21999,28.759902954101562,50
post_phase12_module2_M2-A,M2-A,R059,netflix Pakistan subscription price,NAT,,ROMAN,roman_char3gram_bm25_method_D,9,19874,28.57185173034668,50
post_phase12_module2_M2-A,M2-A,R059,netflix Pakistan subscription price,NAT,,ROMAN,roman_char3gram_bm25_method_D,10,70217,28.418113708496094,50
post_phase12_module2_M2-A,M2-A,R059,netflix Pakistan subscription price,NAT,,ROMAN,roman_char3gram_bm25_method_D,11,2296,28.12915802001953,50
post_phase12_module2_M2-A,M2-A,R059,netflix Pakistan subscription price,NAT,,ROMAN,roman_char3gram_bm25_method_D,12,19160,28.086769104003906,50
post_phase12_module2_M2-A,M2-A,R059,netflix Pakistan subscription price,NAT,,ROMAN,roman_char3gram_bm25_method_D,13,19362,27.90605354309082,50
post_phase12_module2_M2-A,M2-A,R059,netflix Pakistan subscription price,NAT,,ROMAN,roman_char3gram_bm25_method_D,14,65144,27.904932022094727,50
post_phase12_module2_M2-A,M2-A,R059,netflix Pakistan subscription price,NAT,,ROMAN,roman_char3gram_bm25_method_D,15,72182,27.753986358642578,50
post_phase12_module2_M2-A,M2-A,R059,netflix Pakistan subscription price,NAT,,ROMAN,roman_char3gram_bm25_method_D,16,70297,27.6767635345459,50
post_phase12_module2_M2-A,M2-A,R059,netflix Pakistan subscription price,NAT,,ROMAN,roman_char3gram_bm25_method_D,17,85236,27.604787826538086,50
post_phase12_module2_M2-A,M2-A,R059,netflix Pakistan subscription price,NAT,,ROMAN,roman_char3gram_bm25_method_D,18,20365,27.532529830932617,50
post_phase12_module2_M2-A,M2-A,R059,netflix Pakistan subscription price,NAT,,ROMAN,roman_char3gram_bm25_method_D,19,70162,27.493797302246094,50
post_phase12_module2_M2-A,M2-A,R059,netflix Pakistan subscription price,NAT,,ROMAN,roman_char3gram_bm25_method_D,20,60074,27.445837020874023,50
post_phase12_module2_M2-A,M2-A,R059,netflix Pakistan subscription price,NAT,,ROMAN,roman_char3gram_bm25_method_D,21,65836,27.423139572143555,50
post_phase12_module2_M2-A,M2-A,R059,netflix Pakistan subscription price,NAT,,ROMAN,roman_char3gram_bm25_method_D,22,74645,27.42265510559082,50
post_phase12_module2_M2-A,M2-A,R059,netflix Pakistan subscription price,NAT,,ROMAN,roman_char3gram_bm25_method_D,23,22768,27.418262481689453,50
post_phase12_module2_M2-A,M2-A,R059,netflix Pakistan subscription price,NAT,,ROMAN,roman_char3gram_bm25_method_D,24,90725,27.318279266357422,50
post_phase12_module2_M2-A,M2-A,R059,netflix Pakistan subscription price,NAT,,ROMAN,roman_char3gram_bm25_method_D,25,3479,27.25079917907715,50
post_phase12_module2_M2-A,M2-A,R059,netflix Pakistan subscription price,NAT,,ROMAN,roman_char3gram_bm25_method_D,26,52857,27.189123153686523,50
post_phase12_module2_M2-A,M2-A,R059,netflix Pakistan subscription price,NAT,,ROMAN,roman_char3gram_bm25_method_D,27,20088,27.183015823364258,50
post_phase12_module2_M2-A,M2-A,R059,netflix Pakistan subscription price,NAT,,ROMAN,roman_char3gram_bm25_method_D,28,70295,27.159025192260742,50
post_phase12_module2_M2-A,M2-A,R059,netflix Pakistan subscription price,NAT,,ROMAN,roman_char3gram_bm25_method_D,29,2117,27.092416763305664,50
post_phase12_module2_M2-A,M2-A,R059,netflix Pakistan subscription price,NAT,,ROMAN,roman_char3gram_bm25_method_D,30,82253,27.015714645385742,50
post_phase12_module2_M2-A,M2-A,R059,netflix Pakistan subscription price,NAT,,ROMAN,roman_char3gram_bm25_method_D,31,3410,27.012741088867188,50
post_phase12_module2_M2-A,M2-A,R059,netflix Pakistan subscription price,NAT,,ROMAN,roman_char3gram_bm25_method_D,32,63255,26.90496063232422,50
post_phase12_module2_M2-A,M2-A,R059,netflix Pakistan subscription price,NAT,,ROMAN,roman_char3gram_bm25_method_D,33,23440,26.902761459350586,50
post_phase12_module2_M2-A,M2-A,R059,netflix Pakistan subscription price,NAT,,ROMAN,roman_char3gram_bm25_method_D,34,19971,26.810422897338867,50
post_phase12_module2_M2-A,M2-A,R059,netflix Pakistan subscription price,NAT,,ROMAN,roman_char3gram_bm25_method_D,35,20260,26.67844009399414,50
post_phase12_module2_M2-A,M2-A,R059,netflix Pakistan subscription price,NAT,,ROMAN,roman_char3gram_bm25_method_D,36,39992,26.578685760498047,50
post_phase12_module2_M2-A,M2-A,R059,netflix Pakistan subscription price,NAT,,ROMAN,roman_char3gram_bm25_method_D,37,1742,26.577693939208984,50
post_phase12_module2_M2-A,M2-A,R059,netflix Pakistan subscription price,NAT,,ROMAN,roman_char3gram_bm25_method_D,38,2372,26.562578201293945,50
post_phase12_module2_M2-A,M2-A,R059,netflix Pakistan subscription price,NAT,,ROMAN,roman_char3gram_bm25_method_D,39,109910,26.550588607788086,50
post_phase12_module2_M2-A,M2-A,R059,netflix Pakistan subscription price,NAT,,ROMAN,roman_char3gram_bm25_method_D,40,22769,26.505704879760742,50
post_phase12_module2_M2-A,M2-A,R059,netflix Pakistan subscription price,NAT,,ROMAN,roman_char3gram_bm25_method_D,41,108953,26.489166259765625,50
post_phase12_module2_M2-A,M2-A,R059,netflix Pakistan subscription price,NAT,,ROMAN,roman_char3gram_bm25_method_D,42,77184,26.46444320678711,50
post_phase12_module2_M2-A,M2-A,R059,netflix Pakistan subscription price,NAT,,ROMAN,roman_char3gram_bm25_method_D,43,65879,26.456159591674805,50
post_phase12_module2_M2-A,M2-A,R059,netflix Pakistan subscription price,NAT,,ROMAN,roman_char3gram_bm25_method_D,44,70014,26.404111862182617,50
post_phase12_module2_M2-A,M2-A,R059,netflix Pakistan subscription price,NAT,,ROMAN,roman_char3gram_bm25_method_D,45,65826,26.371509552001953,50
post_phase12_module2_M2-A,M2-A,R059,netflix Pakistan subscription price,NAT,,ROMAN,roman_char3gram_bm25_method_D,46,93180,26.360809326171875,50
post_phase12_module2_M2-A,M2-A,R059,netflix Pakistan subscription price,NAT,,ROMAN,roman_char3gram_bm25_method_D,47,19286,26.310800552368164,50
post_phase12_module2_M2-A,M2-A,R059,netflix Pakistan subscription price,NAT,,ROMAN,roman_char3gram_bm25_method_D,48,64058,26.308452606201172,50
post_phase12_module2_M2-A,M2-A,R059,netflix Pakistan subscription price,NAT,,ROMAN,roman_char3gram_bm25_method_D,49,70203,26.205055236816406,50
post_phase12_module2_M2-A,M2-A,R059,netflix Pakistan subscription price,NAT,,ROMAN,roman_char3gram_bm25_method_D,50,73044,26.127761840820312,50
post_phase12_module2_M2-A,M2-A,R060,کراچی mein aaj raat load shedding ka schedule,NAT,,MIXED,urdu_char3gram_bm25,1,57899,15.256918907165527,50
post_phase12_module2_M2-A,M2-A,R060,کراچی mein aaj raat load shedding ka schedule,NAT,,MIXED,urdu_char3gram_bm25,2,88959,15.06252670288086,50
post_phase12_module2_M2-A,M2-A,R060,کراچی mein aaj raat load shedding ka schedule,NAT,,MIXED,urdu_char3gram_bm25,3,86673,15.056146621704102,50
post_phase12_module2_M2-A,M2-A,R060,کراچی mein aaj raat load shedding ka schedule,NAT,,MIXED,urdu_char3gram_bm25,4,62963,15.038981437683105,50
post_phase12_module2_M2-A,M2-A,R060,کراچی mein aaj raat load shedding ka schedule,NAT,,MIXED,urdu_char3gram_bm25,5,111021,15.029346466064453,50
post_phase12_module2_M2-A,M2-A,R060,کراچی mein aaj raat load shedding ka schedule,NAT,,MIXED,urdu_char3gram_bm25,6,65584,15.014567375183105,50
post_phase12_module2_M2-A,M2-A,R060,کراچی mein aaj raat load shedding ka schedule,NAT,,MIXED,urdu_char3gram_bm25,7,61585,14.993681907653809,50
post_phase12_module2_M2-A,M2-A,R060,کراچی mein aaj raat load shedding ka schedule,NAT,,MIXED,urdu_char3gram_bm25,8,95009,14.928642272949219,50
post_phase12_module2_M2-A,M2-A,R060,کراچی mein aaj raat load shedding ka schedule,NAT,,MIXED,urdu_char3gram_bm25,9,87791,14.928445816040039,50
post_phase12_module2_M2-A,M2-A,R060,کراچی mein aaj raat load shedding ka schedule,NAT,,MIXED,urdu_char3gram_bm25,10,45667,14.92238998413086,50
post_phase12_module2_M2-A,M2-A,R060,کراچی mein aaj raat load shedding ka schedule,NAT,,MIXED,urdu_char3gram_bm25,11,87797,14.912747383117676,50
post_phase12_module2_M2-A,M2-A,R060,کراچی mein aaj raat load shedding ka schedule,NAT,,MIXED,urdu_char3gram_bm25,12,42875,14.891284942626953,50
post_phase12_module2_M2-A,M2-A,R060,کراچی mein aaj raat load shedding ka schedule,NAT,,MIXED,urdu_char3gram_bm25,13,75320,14.89045238494873,50
post_phase12_module2_M2-A,M2-A,R060,کراچی mein aaj raat load shedding ka schedule,NAT,,MIXED,urdu_char3gram_bm25,14,76727,14.890296936035156,50
post_phase12_module2_M2-A,M2-A,R060,کراچی mein aaj raat load shedding ka schedule,NAT,,MIXED,urdu_char3gram_bm25,15,41760,14.87614917755127,50
post_phase12_module2_M2-A,M2-A,R060,کراچی mein aaj raat load shedding ka schedule,NAT,,MIXED,urdu_char3gram_bm25,16,41749,14.875925064086914,50
post_phase12_module2_M2-A,M2-A,R060,کراچی mein aaj raat load shedding ka schedule,NAT,,MIXED,urdu_char3gram_bm25,17,87560,14.857559204101562,50
post_phase12_module2_M2-A,M2-A,R060,کراچی mein aaj raat load shedding ka schedule,NAT,,MIXED,urdu_char3gram_bm25,18,86193,14.854642868041992,50
post_phase12_module2_M2-A,M2-A,R060,کراچی mein aaj raat load shedding ka schedule,NAT,,MIXED,urdu_char3gram_bm25,19,47208,14.8281831741333,50
post_phase12_module2_M2-A,M2-A,R060,کراچی mein aaj raat load shedding ka schedule,NAT,,MIXED,urdu_char3gram_bm25,20,52348,14.814163208007812,50
post_phase12_module2_M2-A,M2-A,R060,کراچی mein aaj raat load shedding ka schedule,NAT,,MIXED,urdu_char3gram_bm25,21,18314,14.807112693786621,50
post_phase12_module2_M2-A,M2-A,R060,کراچی mein aaj raat load shedding ka schedule,NAT,,MIXED,urdu_char3gram_bm25,22,65646,14.806461334228516,50
post_phase12_module2_M2-A,M2-A,R060,کراچی mein aaj raat load shedding ka schedule,NAT,,MIXED,urdu_char3gram_bm25,23,80524,14.800617218017578,50
post_phase12_module2_M2-A,M2-A,R060,کراچی mein aaj raat load shedding ka schedule,NAT,,MIXED,urdu_char3gram_bm25,24,77565,14.793878555297852,50
post_phase12_module2_M2-A,M2-A,R060,کراچی mein aaj raat load shedding ka schedule,NAT,,MIXED,urdu_char3gram_bm25,25,58722,14.765026092529297,50
post_phase12_module2_M2-A,M2-A,R060,کراچی mein aaj raat load shedding ka schedule,NAT,,MIXED,urdu_char3gram_bm25,26,77137,14.762855529785156,50
post_phase12_module2_M2-A,M2-A,R060,کراچی mein aaj raat load shedding ka schedule,NAT,,MIXED,urdu_char3gram_bm25,27,97426,14.753942489624023,50
post_phase12_module2_M2-A,M2-A,R060,کراچی mein aaj raat load shedding ka schedule,NAT,,MIXED,urdu_char3gram_bm25,28,42907,14.749035835266113,50
post_phase12_module2_M2-A,M2-A,R060,کراچی mein aaj raat load shedding ka schedule,NAT,,MIXED,urdu_char3gram_bm25,29,28181,14.724061965942383,50
post_phase12_module2_M2-A,M2-A,R060,کراچی mein aaj raat load shedding ka schedule,NAT,,MIXED,urdu_char3gram_bm25,30,62221,14.720992088317871,50
post_phase12_module2_M2-A,M2-A,R060,کراچی mein aaj raat load shedding ka schedule,NAT,,MIXED,urdu_char3gram_bm25,31,47138,14.701605796813965,50
post_phase12_module2_M2-A,M2-A,R060,کراچی mein aaj raat load shedding ka schedule,NAT,,MIXED,urdu_char3gram_bm25,32,42264,14.670578956604004,50
post_phase12_module2_M2-A,M2-A,R060,کراچی mein aaj raat load shedding ka schedule,NAT,,MIXED,urdu_char3gram_bm25,33,40927,14.662637710571289,50
post_phase12_module2_M2-A,M2-A,R060,کراچی mein aaj raat load shedding ka schedule,NAT,,MIXED,urdu_char3gram_bm25,34,53692,14.660632133483887,50
post_phase12_module2_M2-A,M2-A,R060,کراچی mein aaj raat load shedding ka schedule,NAT,,MIXED,urdu_char3gram_bm25,35,57113,14.658507347106934,50
post_phase12_module2_M2-A,M2-A,R060,کراچی mein aaj raat load shedding ka schedule,NAT,,MIXED,urdu_char3gram_bm25,36,41755,14.6515531539917,50
post_phase12_module2_M2-A,M2-A,R060,کراچی mein aaj raat load shedding ka schedule,NAT,,MIXED,urdu_char3gram_bm25,37,86729,14.63960075378418,50
post_phase12_module2_M2-A,M2-A,R060,کراچی mein aaj raat load shedding ka schedule,NAT,,MIXED,urdu_char3gram_bm25,38,50888,14.633912086486816,50
post_phase12_module2_M2-A,M2-A,R060,کراچی mein aaj raat load shedding ka schedule,NAT,,MIXED,urdu_char3gram_bm25,39,77349,14.621615409851074,50
post_phase12_module2_M2-A,M2-A,R060,کراچی mein aaj raat load shedding ka schedule,NAT,,MIXED,urdu_char3gram_bm25,40,3707,14.619962692260742,50
post_phase12_module2_M2-A,M2-A,R060,کراچی mein aaj raat load shedding ka schedule,NAT,,MIXED,urdu_char3gram_bm25,41,51801,14.618711471557617,50
post_phase12_module2_M2-A,M2-A,R060,کراچی mein aaj raat load shedding ka schedule,NAT,,MIXED,urdu_char3gram_bm25,42,86889,14.613088607788086,50
post_phase12_module2_M2-A,M2-A,R060,کراچی mein aaj raat load shedding ka schedule,NAT,,MIXED,urdu_char3gram_bm25,43,62469,14.612396240234375,50
post_phase12_module2_M2-A,M2-A,R060,کراچی mein aaj raat load shedding ka schedule,NAT,,MIXED,urdu_char3gram_bm25,44,41756,14.611757278442383,50
post_phase12_module2_M2-A,M2-A,R060,کراچی mein aaj raat load shedding ka schedule,NAT,,MIXED,urdu_char3gram_bm25,45,78448,14.609431266784668,50
post_phase12_module2_M2-A,M2-A,R060,کراچی mein aaj raat load shedding ka schedule,NAT,,MIXED,urdu_char3gram_bm25,46,53743,14.60875129699707,50
post_phase12_module2_M2-A,M2-A,R060,کراچی mein aaj raat load shedding ka schedule,NAT,,MIXED,urdu_char3gram_bm25,47,88969,14.602287292480469,50
post_phase12_module2_M2-A,M2-A,R060,کراچی mein aaj raat load shedding ka schedule,NAT,,MIXED,urdu_char3gram_bm25,48,95760,14.588644027709961,50
post_phase12_module2_M2-A,M2-A,R060,کراچی mein aaj raat load shedding ka schedule,NAT,,MIXED,urdu_char3gram_bm25,49,74001,14.587685585021973,50
post_phase12_module2_M2-A,M2-A,R060,کراچی mein aaj raat load shedding ka schedule,NAT,,MIXED,urdu_char3gram_bm25,50,53722,14.582480430603027,50
post_phase12_module2_M2-A,M2-A,R061,آئی ایم ایف program se awam par kya asraat par rahe hain,NAT,,MIXED,urdu_char3gram_bm25,1,71352,16.4594669342041,50
post_phase12_module2_M2-A,M2-A,R061,آئی ایم ایف program se awam par kya asraat par rahe hain,NAT,,MIXED,urdu_char3gram_bm25,2,66649,16.3516902923584,50
post_phase12_module2_M2-A,M2-A,R061,آئی ایم ایف program se awam par kya asraat par rahe hain,NAT,,MIXED,urdu_char3gram_bm25,3,71342,16.3360652923584,50
post_phase12_module2_M2-A,M2-A,R061,آئی ایم ایف program se awam par kya asraat par rahe hain,NAT,,MIXED,urdu_char3gram_bm25,4,71362,16.31836700439453,50
post_phase12_module2_M2-A,M2-A,R061,آئی ایم ایف program se awam par kya asraat par rahe hain,NAT,,MIXED,urdu_char3gram_bm25,5,65604,16.309354782104492,50
post_phase12_module2_M2-A,M2-A,R061,آئی ایم ایف program se awam par kya asraat par rahe hain,NAT,,MIXED,urdu_char3gram_bm25,6,65597,16.296613693237305,50
post_phase12_module2_M2-A,M2-A,R061,آئی ایم ایف program se awam par kya asraat par rahe hain,NAT,,MIXED,urdu_char3gram_bm25,7,64991,16.287683486938477,50
post_phase12_module2_M2-A,M2-A,R061,آئی ایم ایف program se awam par kya asraat par rahe hain,NAT,,MIXED,urdu_char3gram_bm25,8,65381,16.283504486083984,50
post_phase12_module2_M2-A,M2-A,R061,آئی ایم ایف program se awam par kya asraat par rahe hain,NAT,,MIXED,urdu_char3gram_bm25,9,61606,16.252321243286133,50
post_phase12_module2_M2-A,M2-A,R061,آئی ایم ایف program se awam par kya asraat par rahe hain,NAT,,MIXED,urdu_char3gram_bm25,10,78497,16.238317489624023,50
post_phase12_module2_M2-A,M2-A,R061,آئی ایم ایف program se awam par kya asraat par rahe hain,NAT,,MIXED,urdu_char3gram_bm25,11,76714,16.225486755371094,50
post_phase12_module2_M2-A,M2-A,R061,آئی ایم ایف program se awam par kya asraat par rahe hain,NAT,,MIXED,urdu_char3gram_bm25,12,38785,16.224241256713867,50
post_phase12_module2_M2-A,M2-A,R061,آئی ایم ایف program se awam par kya asraat par rahe hain,NAT,,MIXED,urdu_char3gram_bm25,13,64985,16.208457946777344,50
post_phase12_module2_M2-A,M2-A,R061,آئی ایم ایف program se awam par kya asraat par rahe hain,NAT,,MIXED,urdu_char3gram_bm25,14,64903,16.206998825073242,50
post_phase12_module2_M2-A,M2-A,R061,آئی ایم ایف program se awam par kya asraat par rahe hain,NAT,,MIXED,urdu_char3gram_bm25,15,108965,16.197595596313477,50
post_phase12_module2_M2-A,M2-A,R061,آئی ایم ایف program se awam par kya asraat par rahe hain,NAT,,MIXED,urdu_char3gram_bm25,16,109083,16.192548751831055,50
post_phase12_module2_M2-A,M2-A,R061,آئی ایم ایف program se awam par kya asraat par rahe hain,NAT,,MIXED,urdu_char3gram_bm25,17,71424,16.180891036987305,50
post_phase12_module2_M2-A,M2-A,R061,آئی ایم ایف program se awam par kya asraat par rahe hain,NAT,,MIXED,urdu_char3gram_bm25,18,71374,16.178287506103516,50
post_phase12_module2_M2-A,M2-A,R061,آئی ایم ایف program se awam par kya asraat par rahe hain,NAT,,MIXED,urdu_char3gram_bm25,19,109078,16.177934646606445,50
post_phase12_module2_M2-A,M2-A,R061,آئی ایم ایف program se awam par kya asraat par rahe hain,NAT,,MIXED,urdu_char3gram_bm25,20,70709,16.16562271118164,50
post_phase12_module2_M2-A,M2-A,R061,آئی ایم ایف program se awam par kya asraat par rahe hain,NAT,,MIXED,urdu_char3gram_bm25,21,71137,16.15236473083496,50
post_phase12_module2_M2-A,M2-A,R061,آئی ایم ایف program se awam par kya asraat par rahe hain,NAT,,MIXED,urdu_char3gram_bm25,22,1656,16.10946273803711,50
post_phase12_module2_M2-A,M2-A,R061,آئی ایم ایف program se awam par kya asraat par rahe hain,NAT,,MIXED,urdu_char3gram_bm25,23,64865,16.097620010375977,50
post_phase12_module2_M2-A,M2-A,R061,آئی ایم ایف program se awam par kya asraat par rahe hain,NAT,,MIXED,urdu_char3gram_bm25,24,64795,16.09088897705078,50
post_phase12_module2_M2-A,M2-A,R061,آئی ایم ایف program se awam par kya asraat par rahe hain,NAT,,MIXED,urdu_char3gram_bm25,25,64866,16.085269927978516,50
post_phase12_module2_M2-A,M2-A,R061,آئی ایم ایف program se awam par kya asraat par rahe hain,NAT,,MIXED,urdu_char3gram_bm25,26,111162,16.077638626098633,50
post_phase12_module2_M2-A,M2-A,R061,آئی ایم ایف program se awam par kya asraat par rahe hain,NAT,,MIXED,urdu_char3gram_bm25,27,64594,16.066892623901367,50
post_phase12_module2_M2-A,M2-A,R061,آئی ایم ایف program se awam par kya asraat par rahe hain,NAT,,MIXED,urdu_char3gram_bm25,28,109103,16.06040382385254,50
post_phase12_module2_M2-A,M2-A,R061,آئی ایم ایف program se awam par kya asraat par rahe hain,NAT,,MIXED,urdu_char3gram_bm25,29,71123,16.049829483032227,50
post_phase12_module2_M2-A,M2-A,R061,آئی ایم ایف program se awam par kya asraat par rahe hain,NAT,,MIXED,urdu_char3gram_bm25,30,71157,16.045225143432617,50
post_phase12_module2_M2-A,M2-A,R061,آئی ایم ایف program se awam par kya asraat par rahe hain,NAT,,MIXED,urdu_char3gram_bm25,31,70659,16.04411506652832,50
post_phase12_module2_M2-A,M2-A,R061,آئی ایم ایف program se awam par kya asraat par rahe hain,NAT,,MIXED,urdu_char3gram_bm25,32,65417,16.042095184326172,50
post_phase12_module2_M2-A,M2-A,R061,آئی ایم ایف program se awam par kya asraat par rahe hain,NAT,,MIXED,urdu_char3gram_bm25,33,72172,16.02190399169922,50
post_phase12_module2_M2-A,M2-A,R061,آئی ایم ایف program se awam par kya asraat par rahe hain,NAT,,MIXED,urdu_char3gram_bm25,34,63958,16.015043258666992,50
post_phase12_module2_M2-A,M2-A,R061,آئی ایم ایف program se awam par kya asraat par rahe hain,NAT,,MIXED,urdu_char3gram_bm25,35,110819,16.010709762573242,50
post_phase12_module2_M2-A,M2-A,R061,آئی ایم ایف program se awam par kya asraat par rahe hain,NAT,,MIXED,urdu_char3gram_bm25,36,71235,16.00907325744629,50
post_phase12_module2_M2-A,M2-A,R061,آئی ایم ایف program se awam par kya asraat par rahe hain,NAT,,MIXED,urdu_char3gram_bm25,37,17232,16.00808334350586,50
post_phase12_module2_M2-A,M2-A,R061,آئی ایم ایف program se awam par kya asraat par rahe hain,NAT,,MIXED,urdu_char3gram_bm25,38,71278,16.007892608642578,50
post_phase12_module2_M2-A,M2-A,R061,آئی ایم ایف program se awam par kya asraat par rahe hain,NAT,,MIXED,urdu_char3gram_bm25,39,40762,16.006799697875977,50
post_phase12_module2_M2-A,M2-A,R061,آئی ایم ایف program se awam par kya asraat par rahe hain,NAT,,MIXED,urdu_char3gram_bm25,40,2065,16.001405715942383,50
post_phase12_module2_M2-A,M2-A,R061,آئی ایم ایف program se awam par kya asraat par rahe hain,NAT,,MIXED,urdu_char3gram_bm25,41,77016,16.000022888183594,50
post_phase12_module2_M2-A,M2-A,R061,آئی ایم ایف program se awam par kya asraat par rahe hain,NAT,,MIXED,urdu_char3gram_bm25,42,38786,15.990462303161621,50
post_phase12_module2_M2-A,M2-A,R061,آئی ایم ایف program se awam par kya asraat par rahe hain,NAT,,MIXED,urdu_char3gram_bm25,43,70859,15.990336418151855,50
post_phase12_module2_M2-A,M2-A,R061,آئی ایم ایف program se awam par kya asraat par rahe hain,NAT,,MIXED,urdu_char3gram_bm25,44,61785,15.989779472351074,50
post_phase12_module2_M2-A,M2-A,R061,آئی ایم ایف program se awam par kya asraat par rahe hain,NAT,,MIXED,urdu_char3gram_bm25,45,71338,15.97974681854248,50
post_phase12_module2_M2-A,M2-A,R061,آئی ایم ایف program se awam par kya asraat par rahe hain,NAT,,MIXED,urdu_char3gram_bm25,46,3408,15.971942901611328,50
post_phase12_module2_M2-A,M2-A,R061,آئی ایم ایف program se awam par kya asraat par rahe hain,NAT,,MIXED,urdu_char3gram_bm25,47,77696,15.96759033203125,50
post_phase12_module2_M2-A,M2-A,R061,آئی ایم ایف program se awam par kya asraat par rahe hain,NAT,,MIXED,urdu_char3gram_bm25,48,77602,15.964226722717285,50
post_phase12_module2_M2-A,M2-A,R061,آئی ایم ایف program se awam par kya asraat par rahe hain,NAT,,MIXED,urdu_char3gram_bm25,49,76766,15.962679862976074,50
post_phase12_module2_M2-A,M2-A,R061,آئی ایم ایف program se awam par kya asraat par rahe hain,NAT,,MIXED,urdu_char3gram_bm25,50,63953,15.954203605651855,50
post_phase12_module2_M2-A,M2-A,R062,5G Pakistan mein kab available hogi,NAT,,ROMAN,roman_char3gram_bm25_method_D,1,72455,26.274778366088867,50
post_phase12_module2_M2-A,M2-A,R062,5G Pakistan mein kab available hogi,NAT,,ROMAN,roman_char3gram_bm25_method_D,2,74852,25.856719970703125,50
post_phase12_module2_M2-A,M2-A,R062,5G Pakistan mein kab available hogi,NAT,,ROMAN,roman_char3gram_bm25_method_D,3,57000,25.59519386291504,50
post_phase12_module2_M2-A,M2-A,R062,5G Pakistan mein kab available hogi,NAT,,ROMAN,roman_char3gram_bm25_method_D,4,73768,24.747360229492188,50
post_phase12_module2_M2-A,M2-A,R062,5G Pakistan mein kab available hogi,NAT,,ROMAN,roman_char3gram_bm25_method_D,5,109244,24.307945251464844,50
post_phase12_module2_M2-A,M2-A,R062,5G Pakistan mein kab available hogi,NAT,,ROMAN,roman_char3gram_bm25_method_D,6,32903,24.237510681152344,50
post_phase12_module2_M2-A,M2-A,R062,5G Pakistan mein kab available hogi,NAT,,ROMAN,roman_char3gram_bm25_method_D,7,31166,24.236637115478516,50
post_phase12_module2_M2-A,M2-A,R062,5G Pakistan mein kab available hogi,NAT,,ROMAN,roman_char3gram_bm25_method_D,8,87109,24.016447067260742,50
post_phase12_module2_M2-A,M2-A,R062,5G Pakistan mein kab available hogi,NAT,,ROMAN,roman_char3gram_bm25_method_D,9,87632,23.60280990600586,50
post_phase12_module2_M2-A,M2-A,R062,5G Pakistan mein kab available hogi,NAT,,ROMAN,roman_char3gram_bm25_method_D,10,24555,23.33380889892578,50
post_phase12_module2_M2-A,M2-A,R062,5G Pakistan mein kab available hogi,NAT,,ROMAN,roman_char3gram_bm25_method_D,11,30176,23.196922302246094,50
post_phase12_module2_M2-A,M2-A,R062,5G Pakistan mein kab available hogi,NAT,,ROMAN,roman_char3gram_bm25_method_D,12,86489,23.10879135131836,50
post_phase12_module2_M2-A,M2-A,R062,5G Pakistan mein kab available hogi,NAT,,ROMAN,roman_char3gram_bm25_method_D,13,93690,23.094806671142578,50
post_phase12_module2_M2-A,M2-A,R062,5G Pakistan mein kab available hogi,NAT,,ROMAN,roman_char3gram_bm25_method_D,14,84124,22.929121017456055,50
post_phase12_module2_M2-A,M2-A,R062,5G Pakistan mein kab available hogi,NAT,,ROMAN,roman_char3gram_bm25_method_D,15,21236,22.86605453491211,50
post_phase12_module2_M2-A,M2-A,R062,5G Pakistan mein kab available hogi,NAT,,ROMAN,roman_char3gram_bm25_method_D,16,87981,22.71976661682129,50
post_phase12_module2_M2-A,M2-A,R062,5G Pakistan mein kab available hogi,NAT,,ROMAN,roman_char3gram_bm25_method_D,17,30183,22.703208923339844,50
post_phase12_module2_M2-A,M2-A,R062,5G Pakistan mein kab available hogi,NAT,,ROMAN,roman_char3gram_bm25_method_D,18,89653,22.68308448791504,50
post_phase12_module2_M2-A,M2-A,R062,5G Pakistan mein kab available hogi,NAT,,ROMAN,roman_char3gram_bm25_method_D,19,36421,22.65033531188965,50
post_phase12_module2_M2-A,M2-A,R062,5G Pakistan mein kab available hogi,NAT,,ROMAN,roman_char3gram_bm25_method_D,20,36416,22.635644912719727,50
post_phase12_module2_M2-A,M2-A,R062,5G Pakistan mein kab available hogi,NAT,,ROMAN,roman_char3gram_bm25_method_D,21,50853,22.590225219726562,50
post_phase12_module2_M2-A,M2-A,R062,5G Pakistan mein kab available hogi,NAT,,ROMAN,roman_char3gram_bm25_method_D,22,21880,22.43294906616211,50
post_phase12_module2_M2-A,M2-A,R062,5G Pakistan mein kab available hogi,NAT,,ROMAN,roman_char3gram_bm25_method_D,23,77207,22.432212829589844,50
post_phase12_module2_M2-A,M2-A,R062,5G Pakistan mein kab available hogi,NAT,,ROMAN,roman_char3gram_bm25_method_D,24,27450,22.325084686279297,50
post_phase12_module2_M2-A,M2-A,R062,5G Pakistan mein kab available hogi,NAT,,ROMAN,roman_char3gram_bm25_method_D,25,76521,22.31014633178711,50
post_phase12_module2_M2-A,M2-A,R062,5G Pakistan mein kab available hogi,NAT,,ROMAN,roman_char3gram_bm25_method_D,26,29616,22.289628982543945,50
post_phase12_module2_M2-A,M2-A,R062,5G Pakistan mein kab available hogi,NAT,,ROMAN,roman_char3gram_bm25_method_D,27,54581,22.235328674316406,50
post_phase12_module2_M2-A,M2-A,R062,5G Pakistan mein kab available hogi,NAT,,ROMAN,roman_char3gram_bm25_method_D,28,85721,22.18623161315918,50
post_phase12_module2_M2-A,M2-A,R062,5G Pakistan mein kab available hogi,NAT,,ROMAN,roman_char3gram_bm25_method_D,29,87158,22.15440559387207,50
post_phase12_module2_M2-A,M2-A,R062,5G Pakistan mein kab available hogi,NAT,,ROMAN,roman_char3gram_bm25_method_D,30,88241,22.145004272460938,50
post_phase12_module2_M2-A,M2-A,R062,5G Pakistan mein kab available hogi,NAT,,ROMAN,roman_char3gram_bm25_method_D,31,95249,22.01470947265625,50
post_phase12_module2_M2-A,M2-A,R062,5G Pakistan mein kab available hogi,NAT,,ROMAN,roman_char3gram_bm25_method_D,32,53319,21.99254035949707,50
post_phase12_module2_M2-A,M2-A,R062,5G Pakistan mein kab available hogi,NAT,,ROMAN,roman_char3gram_bm25_method_D,33,3366,21.91705894470215,50
post_phase12_module2_M2-A,M2-A,R062,5G Pakistan mein kab available hogi,NAT,,ROMAN,roman_char3gram_bm25_method_D,34,85283,21.856599807739258,50
post_phase12_module2_M2-A,M2-A,R062,5G Pakistan mein kab available hogi,NAT,,ROMAN,roman_char3gram_bm25_method_D,35,34047,21.82923126220703,50
post_phase12_module2_M2-A,M2-A,R062,5G Pakistan mein kab available hogi,NAT,,ROMAN,roman_char3gram_bm25_method_D,36,90629,21.812255859375,50
post_phase12_module2_M2-A,M2-A,R062,5G Pakistan mein kab available hogi,NAT,,ROMAN,roman_char3gram_bm25_method_D,37,54886,21.799781799316406,50
post_phase12_module2_M2-A,M2-A,R062,5G Pakistan mein kab available hogi,NAT,,ROMAN,roman_char3gram_bm25_method_D,38,86781,21.785627365112305,50
post_phase12_module2_M2-A,M2-A,R062,5G Pakistan mein kab available hogi,NAT,,ROMAN,roman_char3gram_bm25_method_D,39,88050,21.779294967651367,50
post_phase12_module2_M2-A,M2-A,R062,5G Pakistan mein kab available hogi,NAT,,ROMAN,roman_char3gram_bm25_method_D,40,87213,21.775957107543945,50
post_phase12_module2_M2-A,M2-A,R062,5G Pakistan mein kab available hogi,NAT,,ROMAN,roman_char3gram_bm25_method_D,41,56112,21.747133255004883,50
post_phase12_module2_M2-A,M2-A,R062,5G Pakistan mein kab available hogi,NAT,,ROMAN,roman_char3gram_bm25_method_D,42,86811,21.703800201416016,50
post_phase12_module2_M2-A,M2-A,R062,5G Pakistan mein kab available hogi,NAT,,ROMAN,roman_char3gram_bm25_method_D,43,93967,21.703115463256836,50
post_phase12_module2_M2-A,M2-A,R062,5G Pakistan mein kab available hogi,NAT,,ROMAN,roman_char3gram_bm25_method_D,44,45234,21.698694229125977,50
post_phase12_module2_M2-A,M2-A,R062,5G Pakistan mein kab available hogi,NAT,,ROMAN,roman_char3gram_bm25_method_D,45,3718,21.67547035217285,50
post_phase12_module2_M2-A,M2-A,R062,5G Pakistan mein kab available hogi,NAT,,ROMAN,roman_char3gram_bm25_method_D,46,88140,21.66956901550293,50
post_phase12_module2_M2-A,M2-A,R062,5G Pakistan mein kab available hogi,NAT,,ROMAN,roman_char3gram_bm25_method_D,47,90694,21.613706588745117,50
post_phase12_module2_M2-A,M2-A,R062,5G Pakistan mein kab available hogi,NAT,,ROMAN,roman_char3gram_bm25_method_D,48,87156,21.604928970336914,50
post_phase12_module2_M2-A,M2-A,R062,5G Pakistan mein kab available hogi,NAT,,ROMAN,roman_char3gram_bm25_method_D,49,90696,21.597640991210938,50
post_phase12_module2_M2-A,M2-A,R062,5G Pakistan mein kab available hogi,NAT,,ROMAN,roman_char3gram_bm25_method_D,50,20463,21.552204132080078,50
post_phase12_module2_M2-A,M2-A,R063,شہbaz sharif,NAT,,MIXED,urdu_char3gram_bm25,1,3544,4.03084659576416,50
post_phase12_module2_M2-A,M2-A,R063,شہbaz sharif,NAT,,MIXED,urdu_char3gram_bm25,2,92731,4.029407024383545,50
post_phase12_module2_M2-A,M2-A,R063,شہbaz sharif,NAT,,MIXED,urdu_char3gram_bm25,3,73835,4.026559829711914,50
post_phase12_module2_M2-A,M2-A,R063,شہbaz sharif,NAT,,MIXED,urdu_char3gram_bm25,4,54016,4.013410568237305,50
post_phase12_module2_M2-A,M2-A,R063,شہbaz sharif,NAT,,MIXED,urdu_char3gram_bm25,5,72972,4.002441883087158,50
post_phase12_module2_M2-A,M2-A,R063,شہbaz sharif,NAT,,MIXED,urdu_char3gram_bm25,6,9205,4.0003533363342285,50
post_phase12_module2_M2-A,M2-A,R063,شہbaz sharif,NAT,,MIXED,urdu_char3gram_bm25,7,66671,3.998175859451294,50
post_phase12_module2_M2-A,M2-A,R063,شہbaz sharif,NAT,,MIXED,urdu_char3gram_bm25,8,87587,3.9730772972106934,50
post_phase12_module2_M2-A,M2-A,R063,شہbaz sharif,NAT,,MIXED,urdu_char3gram_bm25,9,90171,3.9652700424194336,50
post_phase12_module2_M2-A,M2-A,R063,شہbaz sharif,NAT,,MIXED,urdu_char3gram_bm25,10,5919,3.950080394744873,50
post_phase12_module2_M2-A,M2-A,R063,شہbaz sharif,NAT,,MIXED,urdu_char3gram_bm25,11,7541,3.946183443069458,50
post_phase12_module2_M2-A,M2-A,R063,شہbaz sharif,NAT,,MIXED,urdu_char3gram_bm25,12,99443,3.944404363632202,50
post_phase12_module2_M2-A,M2-A,R063,شہbaz sharif,NAT,,MIXED,urdu_char3gram_bm25,13,9234,3.9441351890563965,50
post_phase12_module2_M2-A,M2-A,R063,شہbaz sharif,NAT,,MIXED,urdu_char3gram_bm25,14,61023,3.9401566982269287,50
post_phase12_module2_M2-A,M2-A,R063,شہbaz sharif,NAT,,MIXED,urdu_char3gram_bm25,15,63518,3.938506603240967,50
post_phase12_module2_M2-A,M2-A,R063,شہbaz sharif,NAT,,MIXED,urdu_char3gram_bm25,16,80075,3.937661647796631,50
post_phase12_module2_M2-A,M2-A,R063,شہbaz sharif,NAT,,MIXED,urdu_char3gram_bm25,17,57000,3.933443784713745,50
post_phase12_module2_M2-A,M2-A,R063,شہbaz sharif,NAT,,MIXED,urdu_char3gram_bm25,18,18753,3.931809186935425,50
post_phase12_module2_M2-A,M2-A,R063,شہbaz sharif,NAT,,MIXED,urdu_char3gram_bm25,19,98157,3.931241989135742,50
post_phase12_module2_M2-A,M2-A,R063,شہbaz sharif,NAT,,MIXED,urdu_char3gram_bm25,20,16846,3.926199197769165,50
post_phase12_module2_M2-A,M2-A,R063,شہbaz sharif,NAT,,MIXED,urdu_char3gram_bm25,21,7946,3.926081418991089,50
post_phase12_module2_M2-A,M2-A,R063,شہbaz sharif,NAT,,MIXED,urdu_char3gram_bm25,22,98341,3.9254355430603027,50
post_phase12_module2_M2-A,M2-A,R063,شہbaz sharif,NAT,,MIXED,urdu_char3gram_bm25,23,47670,3.922518730163574,50
post_phase12_module2_M2-A,M2-A,R063,شہbaz sharif,NAT,,MIXED,urdu_char3gram_bm25,24,8636,3.9220492839813232,50
post_phase12_module2_M2-A,M2-A,R063,شہbaz sharif,NAT,,MIXED,urdu_char3gram_bm25,25,38405,3.9132301807403564,50
post_phase12_module2_M2-A,M2-A,R063,شہbaz sharif,NAT,,MIXED,urdu_char3gram_bm25,26,49273,3.912734270095825,50
post_phase12_module2_M2-A,M2-A,R063,شہbaz sharif,NAT,,MIXED,urdu_char3gram_bm25,27,72218,3.9112372398376465,50
post_phase12_module2_M2-A,M2-A,R063,شہbaz sharif,NAT,,MIXED,urdu_char3gram_bm25,28,83914,3.906090021133423,50
post_phase12_module2_M2-A,M2-A,R063,شہbaz sharif,NAT,,MIXED,urdu_char3gram_bm25,29,60124,3.901535749435425,50
post_phase12_module2_M2-A,M2-A,R063,شہbaz sharif,NAT,,MIXED,urdu_char3gram_bm25,30,17926,3.8963963985443115,50
post_phase12_module2_M2-A,M2-A,R063,شہbaz sharif,NAT,,MIXED,urdu_char3gram_bm25,31,110432,3.895749092102051,50
post_phase12_module2_M2-A,M2-A,R063,شہbaz sharif,NAT,,MIXED,urdu_char3gram_bm25,32,53462,3.8954977989196777,50
post_phase12_module2_M2-A,M2-A,R063,شہbaz sharif,NAT,,MIXED,urdu_char3gram_bm25,33,58719,3.8927483558654785,50
post_phase12_module2_M2-A,M2-A,R063,شہbaz sharif,NAT,,MIXED,urdu_char3gram_bm25,34,68228,3.8907217979431152,50
post_phase12_module2_M2-A,M2-A,R063,شہbaz sharif,NAT,,MIXED,urdu_char3gram_bm25,35,5132,3.890406847000122,50
post_phase12_module2_M2-A,M2-A,R063,شہbaz sharif,NAT,,MIXED,urdu_char3gram_bm25,36,90189,3.8854281902313232,50
post_phase12_module2_M2-A,M2-A,R063,شہbaz sharif,NAT,,MIXED,urdu_char3gram_bm25,37,82872,3.884371280670166,50
post_phase12_module2_M2-A,M2-A,R063,شہbaz sharif,NAT,,MIXED,urdu_char3gram_bm25,38,50710,3.884371280670166,50
post_phase12_module2_M2-A,M2-A,R063,شہbaz sharif,NAT,,MIXED,urdu_char3gram_bm25,39,43370,3.8813130855560303,50
post_phase12_module2_M2-A,M2-A,R063,شہbaz sharif,NAT,,MIXED,urdu_char3gram_bm25,40,84014,3.881239414215088,50
post_phase12_module2_M2-A,M2-A,R063,شہbaz sharif,NAT,,MIXED,urdu_char3gram_bm25,41,43621,3.880082607269287,50
post_phase12_module2_M2-A,M2-A,R063,شہbaz sharif,NAT,,MIXED,urdu_char3gram_bm25,42,54327,3.8797380924224854,50
post_phase12_module2_M2-A,M2-A,R063,شہbaz sharif,NAT,,MIXED,urdu_char3gram_bm25,43,57584,3.8788158893585205,50
post_phase12_module2_M2-A,M2-A,R063,شہbaz sharif,NAT,,MIXED,urdu_char3gram_bm25,44,42077,3.8748300075531006,50
post_phase12_module2_M2-A,M2-A,R063,شہbaz sharif,NAT,,MIXED,urdu_char3gram_bm25,45,65852,3.8743741512298584,50
post_phase12_module2_M2-A,M2-A,R063,شہbaz sharif,NAT,,MIXED,urdu_char3gram_bm25,46,48103,3.8701939582824707,50
post_phase12_module2_M2-A,M2-A,R063,شہbaz sharif,NAT,,MIXED,urdu_char3gram_bm25,47,103503,3.869110107421875,50
post_phase12_module2_M2-A,M2-A,R063,شہbaz sharif,NAT,,MIXED,urdu_char3gram_bm25,48,44669,3.867821216583252,50
post_phase12_module2_M2-A,M2-A,R063,شہbaz sharif,NAT,,MIXED,urdu_char3gram_bm25,49,7075,3.8666768074035645,50
post_phase12_module2_M2-A,M2-A,R063,شہbaz sharif,NAT,,MIXED,urdu_char3gram_bm25,50,89063,3.8662965297698975,50
post_phase12_module2_M2-A,M2-A,R064,سونے ki aaj ki qeemat,NAT,,MIXED,urdu_char3gram_bm25,1,38440,11.894235610961914,50
post_phase12_module2_M2-A,M2-A,R064,سونے ki aaj ki qeemat,NAT,,MIXED,urdu_char3gram_bm25,2,38424,11.816619873046875,50
post_phase12_module2_M2-A,M2-A,R064,سونے ki aaj ki qeemat,NAT,,MIXED,urdu_char3gram_bm25,3,72315,11.807839393615723,50
post_phase12_module2_M2-A,M2-A,R064,سونے ki aaj ki qeemat,NAT,,MIXED,urdu_char3gram_bm25,4,73178,11.804744720458984,50
post_phase12_module2_M2-A,M2-A,R064,سونے ki aaj ki qeemat,NAT,,MIXED,urdu_char3gram_bm25,5,859,11.791097640991211,50
post_phase12_module2_M2-A,M2-A,R064,سونے ki aaj ki qeemat,NAT,,MIXED,urdu_char3gram_bm25,6,76786,11.75723934173584,50
post_phase12_module2_M2-A,M2-A,R064,سونے ki aaj ki qeemat,NAT,,MIXED,urdu_char3gram_bm25,7,60545,11.753899574279785,50
post_phase12_module2_M2-A,M2-A,R064,سونے ki aaj ki qeemat,NAT,,MIXED,urdu_char3gram_bm25,8,109592,11.748659133911133,50
post_phase12_module2_M2-A,M2-A,R064,سونے ki aaj ki qeemat,NAT,,MIXED,urdu_char3gram_bm25,9,65293,11.74433422088623,50
post_phase12_module2_M2-A,M2-A,R064,سونے ki aaj ki qeemat,NAT,,MIXED,urdu_char3gram_bm25,10,73145,11.74358081817627,50
post_phase12_module2_M2-A,M2-A,R064,سونے ki aaj ki qeemat,NAT,,MIXED,urdu_char3gram_bm25,11,61593,11.740222930908203,50
post_phase12_module2_M2-A,M2-A,R064,سونے ki aaj ki qeemat,NAT,,MIXED,urdu_char3gram_bm25,12,71940,11.73890495300293,50
post_phase12_module2_M2-A,M2-A,R064,سونے ki aaj ki qeemat,NAT,,MIXED,urdu_char3gram_bm25,13,3438,11.713639259338379,50
post_phase12_module2_M2-A,M2-A,R064,سونے ki aaj ki qeemat,NAT,,MIXED,urdu_char3gram_bm25,14,71277,11.712014198303223,50
post_phase12_module2_M2-A,M2-A,R064,سونے ki aaj ki qeemat,NAT,,MIXED,urdu_char3gram_bm25,15,62647,11.710927963256836,50
post_phase12_module2_M2-A,M2-A,R064,سونے ki aaj ki qeemat,NAT,,MIXED,urdu_char3gram_bm25,16,110499,11.704748153686523,50
post_phase12_module2_M2-A,M2-A,R064,سونے ki aaj ki qeemat,NAT,,MIXED,urdu_char3gram_bm25,17,111418,11.697429656982422,50
post_phase12_module2_M2-A,M2-A,R064,سونے ki aaj ki qeemat,NAT,,MIXED,urdu_char3gram_bm25,18,72728,11.690949440002441,50
post_phase12_module2_M2-A,M2-A,R064,سونے ki aaj ki qeemat,NAT,,MIXED,urdu_char3gram_bm25,19,78757,11.686656951904297,50
post_phase12_module2_M2-A,M2-A,R064,سونے ki aaj ki qeemat,NAT,,MIXED,urdu_char3gram_bm25,20,64484,11.685614585876465,50
post_phase12_module2_M2-A,M2-A,R064,سونے ki aaj ki qeemat,NAT,,MIXED,urdu_char3gram_bm25,21,40622,11.68486213684082,50
post_phase12_module2_M2-A,M2-A,R064,سونے ki aaj ki qeemat,NAT,,MIXED,urdu_char3gram_bm25,22,110737,11.681631088256836,50
post_phase12_module2_M2-A,M2-A,R064,سونے ki aaj ki qeemat,NAT,,MIXED,urdu_char3gram_bm25,23,62853,11.677207946777344,50
post_phase12_module2_M2-A,M2-A,R064,سونے ki aaj ki qeemat,NAT,,MIXED,urdu_char3gram_bm25,24,109300,11.671771049499512,50
post_phase12_module2_M2-A,M2-A,R064,سونے ki aaj ki qeemat,NAT,,MIXED,urdu_char3gram_bm25,25,111607,11.665621757507324,50
post_phase12_module2_M2-A,M2-A,R064,سونے ki aaj ki qeemat,NAT,,MIXED,urdu_char3gram_bm25,26,61688,11.663390159606934,50
post_phase12_module2_M2-A,M2-A,R064,سونے ki aaj ki qeemat,NAT,,MIXED,urdu_char3gram_bm25,27,64822,11.662483215332031,50
post_phase12_module2_M2-A,M2-A,R064,سونے ki aaj ki qeemat,NAT,,MIXED,urdu_char3gram_bm25,28,74511,11.66215705871582,50
post_phase12_module2_M2-A,M2-A,R064,سونے ki aaj ki qeemat,NAT,,MIXED,urdu_char3gram_bm25,29,77185,11.662081718444824,50
post_phase12_module2_M2-A,M2-A,R064,سونے ki aaj ki qeemat,NAT,,MIXED,urdu_char3gram_bm25,30,71038,11.660923957824707,50
post_phase12_module2_M2-A,M2-A,R064,سونے ki aaj ki qeemat,NAT,,MIXED,urdu_char3gram_bm25,31,64763,11.652029991149902,50
post_phase12_module2_M2-A,M2-A,R064,سونے ki aaj ki qeemat,NAT,,MIXED,urdu_char3gram_bm25,32,3367,11.648236274719238,50
post_phase12_module2_M2-A,M2-A,R064,سونے ki aaj ki qeemat,NAT,,MIXED,urdu_char3gram_bm25,33,3457,11.645612716674805,50
post_phase12_module2_M2-A,M2-A,R064,سونے ki aaj ki qeemat,NAT,,MIXED,urdu_char3gram_bm25,34,3414,11.645503044128418,50
post_phase12_module2_M2-A,M2-A,R064,سونے ki aaj ki qeemat,NAT,,MIXED,urdu_char3gram_bm25,35,72799,11.643531799316406,50
post_phase12_module2_M2-A,M2-A,R064,سونے ki aaj ki qeemat,NAT,,MIXED,urdu_char3gram_bm25,36,111783,11.638586044311523,50
post_phase12_module2_M2-A,M2-A,R064,سونے ki aaj ki qeemat,NAT,,MIXED,urdu_char3gram_bm25,37,199,11.638434410095215,50
post_phase12_module2_M2-A,M2-A,R064,سونے ki aaj ki qeemat,NAT,,MIXED,urdu_char3gram_bm25,38,64908,11.633035659790039,50
post_phase12_module2_M2-A,M2-A,R064,سونے ki aaj ki qeemat,NAT,,MIXED,urdu_char3gram_bm25,39,70922,11.630905151367188,50
post_phase12_module2_M2-A,M2-A,R064,سونے ki aaj ki qeemat,NAT,,MIXED,urdu_char3gram_bm25,40,64668,11.63010025024414,50
post_phase12_module2_M2-A,M2-A,R064,سونے ki aaj ki qeemat,NAT,,MIXED,urdu_char3gram_bm25,41,72736,11.617197036743164,50
post_phase12_module2_M2-A,M2-A,R064,سونے ki aaj ki qeemat,NAT,,MIXED,urdu_char3gram_bm25,42,62399,11.614479064941406,50
post_phase12_module2_M2-A,M2-A,R064,سونے ki aaj ki qeemat,NAT,,MIXED,urdu_char3gram_bm25,43,72334,11.613666534423828,50
post_phase12_module2_M2-A,M2-A,R064,سونے ki aaj ki qeemat,NAT,,MIXED,urdu_char3gram_bm25,44,17510,11.613040924072266,50
post_phase12_module2_M2-A,M2-A,R064,سونے ki aaj ki qeemat,NAT,,MIXED,urdu_char3gram_bm25,45,110570,11.611053466796875,50
post_phase12_module2_M2-A,M2-A,R064,سونے ki aaj ki qeemat,NAT,,MIXED,urdu_char3gram_bm25,46,100,11.610081672668457,50
post_phase12_module2_M2-A,M2-A,R064,سونے ki aaj ki qeemat,NAT,,MIXED,urdu_char3gram_bm25,47,76053,11.605347633361816,50
post_phase12_module2_M2-A,M2-A,R064,سونے ki aaj ki qeemat,NAT,,MIXED,urdu_char3gram_bm25,48,76966,11.604996681213379,50
post_phase12_module2_M2-A,M2-A,R064,سونے ki aaj ki qeemat,NAT,,MIXED,urdu_char3gram_bm25,49,62779,11.60477066040039,50
post_phase12_module2_M2-A,M2-A,R064,سونے ki aaj ki qeemat,NAT,,MIXED,urdu_char3gram_bm25,50,38436,11.5992431640625,50
post_phase12_module2_M2-A,M2-A,R065,Pakistan cricket team recent tours par performance kyun inconsistent hai,NAT,,ROMAN,roman_char3gram_bm25_method_D,1,29655,54.14119338989258,50
post_phase12_module2_M2-A,M2-A,R065,Pakistan cricket team recent tours par performance kyun inconsistent hai,NAT,,ROMAN,roman_char3gram_bm25_method_D,2,93040,53.5276985168457,50
post_phase12_module2_M2-A,M2-A,R065,Pakistan cricket team recent tours par performance kyun inconsistent hai,NAT,,ROMAN,roman_char3gram_bm25_method_D,3,82230,52.80506134033203,50
post_phase12_module2_M2-A,M2-A,R065,Pakistan cricket team recent tours par performance kyun inconsistent hai,NAT,,ROMAN,roman_char3gram_bm25_method_D,4,83704,52.46916198730469,50
post_phase12_module2_M2-A,M2-A,R065,Pakistan cricket team recent tours par performance kyun inconsistent hai,NAT,,ROMAN,roman_char3gram_bm25_method_D,5,52184,51.771575927734375,50
post_phase12_module2_M2-A,M2-A,R065,Pakistan cricket team recent tours par performance kyun inconsistent hai,NAT,,ROMAN,roman_char3gram_bm25_method_D,6,58245,51.588958740234375,50
post_phase12_module2_M2-A,M2-A,R065,Pakistan cricket team recent tours par performance kyun inconsistent hai,NAT,,ROMAN,roman_char3gram_bm25_method_D,7,81396,50.992767333984375,50
post_phase12_module2_M2-A,M2-A,R065,Pakistan cricket team recent tours par performance kyun inconsistent hai,NAT,,ROMAN,roman_char3gram_bm25_method_D,8,90704,50.86589431762695,50
post_phase12_module2_M2-A,M2-A,R065,Pakistan cricket team recent tours par performance kyun inconsistent hai,NAT,,ROMAN,roman_char3gram_bm25_method_D,9,32437,50.747108459472656,50
post_phase12_module2_M2-A,M2-A,R065,Pakistan cricket team recent tours par performance kyun inconsistent hai,NAT,,ROMAN,roman_char3gram_bm25_method_D,10,58968,50.66438293457031,50
post_phase12_module2_M2-A,M2-A,R065,Pakistan cricket team recent tours par performance kyun inconsistent hai,NAT,,ROMAN,roman_char3gram_bm25_method_D,11,35181,50.518577575683594,50
post_phase12_module2_M2-A,M2-A,R065,Pakistan cricket team recent tours par performance kyun inconsistent hai,NAT,,ROMAN,roman_char3gram_bm25_method_D,12,80743,50.33415603637695,50
post_phase12_module2_M2-A,M2-A,R065,Pakistan cricket team recent tours par performance kyun inconsistent hai,NAT,,ROMAN,roman_char3gram_bm25_method_D,13,34169,50.26999282836914,50
post_phase12_module2_M2-A,M2-A,R065,Pakistan cricket team recent tours par performance kyun inconsistent hai,NAT,,ROMAN,roman_char3gram_bm25_method_D,14,88226,50.156368255615234,50
post_phase12_module2_M2-A,M2-A,R065,Pakistan cricket team recent tours par performance kyun inconsistent hai,NAT,,ROMAN,roman_char3gram_bm25_method_D,15,81185,49.859561920166016,50
post_phase12_module2_M2-A,M2-A,R065,Pakistan cricket team recent tours par performance kyun inconsistent hai,NAT,,ROMAN,roman_char3gram_bm25_method_D,16,24760,49.71771240234375,50
post_phase12_module2_M2-A,M2-A,R065,Pakistan cricket team recent tours par performance kyun inconsistent hai,NAT,,ROMAN,roman_char3gram_bm25_method_D,17,80963,49.613773345947266,50
post_phase12_module2_M2-A,M2-A,R065,Pakistan cricket team recent tours par performance kyun inconsistent hai,NAT,,ROMAN,roman_char3gram_bm25_method_D,18,90334,49.535247802734375,50
post_phase12_module2_M2-A,M2-A,R065,Pakistan cricket team recent tours par performance kyun inconsistent hai,NAT,,ROMAN,roman_char3gram_bm25_method_D,19,58754,49.479400634765625,50
post_phase12_module2_M2-A,M2-A,R065,Pakistan cricket team recent tours par performance kyun inconsistent hai,NAT,,ROMAN,roman_char3gram_bm25_method_D,20,81476,49.39227294921875,50
post_phase12_module2_M2-A,M2-A,R065,Pakistan cricket team recent tours par performance kyun inconsistent hai,NAT,,ROMAN,roman_char3gram_bm25_method_D,21,53319,49.266483306884766,50
post_phase12_module2_M2-A,M2-A,R065,Pakistan cricket team recent tours par performance kyun inconsistent hai,NAT,,ROMAN,roman_char3gram_bm25_method_D,22,31695,49.15800094604492,50
post_phase12_module2_M2-A,M2-A,R065,Pakistan cricket team recent tours par performance kyun inconsistent hai,NAT,,ROMAN,roman_char3gram_bm25_method_D,23,91193,49.10557556152344,50
post_phase12_module2_M2-A,M2-A,R065,Pakistan cricket team recent tours par performance kyun inconsistent hai,NAT,,ROMAN,roman_char3gram_bm25_method_D,24,85492,49.07268142700195,50
post_phase12_module2_M2-A,M2-A,R065,Pakistan cricket team recent tours par performance kyun inconsistent hai,NAT,,ROMAN,roman_char3gram_bm25_method_D,25,53339,48.958351135253906,50
post_phase12_module2_M2-A,M2-A,R065,Pakistan cricket team recent tours par performance kyun inconsistent hai,NAT,,ROMAN,roman_char3gram_bm25_method_D,26,52668,48.9105224609375,50
post_phase12_module2_M2-A,M2-A,R065,Pakistan cricket team recent tours par performance kyun inconsistent hai,NAT,,ROMAN,roman_char3gram_bm25_method_D,27,58445,48.900848388671875,50
post_phase12_module2_M2-A,M2-A,R065,Pakistan cricket team recent tours par performance kyun inconsistent hai,NAT,,ROMAN,roman_char3gram_bm25_method_D,28,53597,48.782188415527344,50
post_phase12_module2_M2-A,M2-A,R065,Pakistan cricket team recent tours par performance kyun inconsistent hai,NAT,,ROMAN,roman_char3gram_bm25_method_D,29,86464,48.764549255371094,50
post_phase12_module2_M2-A,M2-A,R065,Pakistan cricket team recent tours par performance kyun inconsistent hai,NAT,,ROMAN,roman_char3gram_bm25_method_D,30,30127,48.696807861328125,50
post_phase12_module2_M2-A,M2-A,R065,Pakistan cricket team recent tours par performance kyun inconsistent hai,NAT,,ROMAN,roman_char3gram_bm25_method_D,31,30305,48.56721115112305,50
post_phase12_module2_M2-A,M2-A,R065,Pakistan cricket team recent tours par performance kyun inconsistent hai,NAT,,ROMAN,roman_char3gram_bm25_method_D,32,36951,48.5588264465332,50
post_phase12_module2_M2-A,M2-A,R065,Pakistan cricket team recent tours par performance kyun inconsistent hai,NAT,,ROMAN,roman_char3gram_bm25_method_D,33,35217,48.5413818359375,50
post_phase12_module2_M2-A,M2-A,R065,Pakistan cricket team recent tours par performance kyun inconsistent hai,NAT,,ROMAN,roman_char3gram_bm25_method_D,34,30745,48.51862716674805,50
post_phase12_module2_M2-A,M2-A,R065,Pakistan cricket team recent tours par performance kyun inconsistent hai,NAT,,ROMAN,roman_char3gram_bm25_method_D,35,82972,48.40424346923828,50
post_phase12_module2_M2-A,M2-A,R065,Pakistan cricket team recent tours par performance kyun inconsistent hai,NAT,,ROMAN,roman_char3gram_bm25_method_D,36,35206,48.27379608154297,50
post_phase12_module2_M2-A,M2-A,R065,Pakistan cricket team recent tours par performance kyun inconsistent hai,NAT,,ROMAN,roman_char3gram_bm25_method_D,37,30613,48.1932373046875,50
post_phase12_module2_M2-A,M2-A,R065,Pakistan cricket team recent tours par performance kyun inconsistent hai,NAT,,ROMAN,roman_char3gram_bm25_method_D,38,80910,48.15774154663086,50
post_phase12_module2_M2-A,M2-A,R065,Pakistan cricket team recent tours par performance kyun inconsistent hai,NAT,,ROMAN,roman_char3gram_bm25_method_D,39,97100,48.14759826660156,50
post_phase12_module2_M2-A,M2-A,R065,Pakistan cricket team recent tours par performance kyun inconsistent hai,NAT,,ROMAN,roman_char3gram_bm25_method_D,40,87202,48.10630416870117,50
post_phase12_module2_M2-A,M2-A,R065,Pakistan cricket team recent tours par performance kyun inconsistent hai,NAT,,ROMAN,roman_char3gram_bm25_method_D,41,88230,48.019569396972656,50
post_phase12_module2_M2-A,M2-A,R065,Pakistan cricket team recent tours par performance kyun inconsistent hai,NAT,,ROMAN,roman_char3gram_bm25_method_D,42,47124,48.00421905517578,50
post_phase12_module2_M2-A,M2-A,R065,Pakistan cricket team recent tours par performance kyun inconsistent hai,NAT,,ROMAN,roman_char3gram_bm25_method_D,43,80488,47.89836120605469,50
post_phase12_module2_M2-A,M2-A,R065,Pakistan cricket team recent tours par performance kyun inconsistent hai,NAT,,ROMAN,roman_char3gram_bm25_method_D,44,80803,47.891014099121094,50
post_phase12_module2_M2-A,M2-A,R065,Pakistan cricket team recent tours par performance kyun inconsistent hai,NAT,,ROMAN,roman_char3gram_bm25_method_D,45,86139,47.88872528076172,50
post_phase12_module2_M2-A,M2-A,R065,Pakistan cricket team recent tours par performance kyun inconsistent hai,NAT,,ROMAN,roman_char3gram_bm25_method_D,46,41641,47.85426330566406,50
post_phase12_module2_M2-A,M2-A,R065,Pakistan cricket team recent tours par performance kyun inconsistent hai,NAT,,ROMAN,roman_char3gram_bm25_method_D,47,28580,47.80939483642578,50
post_phase12_module2_M2-A,M2-A,R065,Pakistan cricket team recent tours par performance kyun inconsistent hai,NAT,,ROMAN,roman_char3gram_bm25_method_D,48,31699,47.75339126586914,50
post_phase12_module2_M2-A,M2-A,R065,Pakistan cricket team recent tours par performance kyun inconsistent hai,NAT,,ROMAN,roman_char3gram_bm25_method_D,49,45840,47.710121154785156,50
post_phase12_module2_M2-A,M2-A,R065,Pakistan cricket team recent tours par performance kyun inconsistent hai,NAT,,ROMAN,roman_char3gram_bm25_method_D,50,37778,47.661460876464844,50
post_phase12_module2_M2-A,M2-A,R066,LUMS undergraduate admission deadline 2026,NAT,,ROMAN,roman_char3gram_bm25_method_D,1,110939,34.134124755859375,50
post_phase12_module2_M2-A,M2-A,R066,LUMS undergraduate admission deadline 2026,NAT,,ROMAN,roman_char3gram_bm25_method_D,2,73183,32.853309631347656,50
post_phase12_module2_M2-A,M2-A,R066,LUMS undergraduate admission deadline 2026,NAT,,ROMAN,roman_char3gram_bm25_method_D,3,31206,32.559688568115234,50
post_phase12_module2_M2-A,M2-A,R066,LUMS undergraduate admission deadline 2026,NAT,,ROMAN,roman_char3gram_bm25_method_D,4,95689,31.631702423095703,50
post_phase12_module2_M2-A,M2-A,R066,LUMS undergraduate admission deadline 2026,NAT,,ROMAN,roman_char3gram_bm25_method_D,5,84126,31.552621841430664,50
post_phase12_module2_M2-A,M2-A,R066,LUMS undergraduate admission deadline 2026,NAT,,ROMAN,roman_char3gram_bm25_method_D,6,61890,31.424015045166016,50
post_phase12_module2_M2-A,M2-A,R066,LUMS undergraduate admission deadline 2026,NAT,,ROMAN,roman_char3gram_bm25_method_D,7,94668,30.972597122192383,50
post_phase12_module2_M2-A,M2-A,R066,LUMS undergraduate admission deadline 2026,NAT,,ROMAN,roman_char3gram_bm25_method_D,8,31911,30.70927619934082,50
post_phase12_module2_M2-A,M2-A,R066,LUMS undergraduate admission deadline 2026,NAT,,ROMAN,roman_char3gram_bm25_method_D,9,55132,30.278654098510742,50
post_phase12_module2_M2-A,M2-A,R066,LUMS undergraduate admission deadline 2026,NAT,,ROMAN,roman_char3gram_bm25_method_D,10,84441,30.11661148071289,50
post_phase12_module2_M2-A,M2-A,R066,LUMS undergraduate admission deadline 2026,NAT,,ROMAN,roman_char3gram_bm25_method_D,11,13948,29.906570434570312,50
post_phase12_module2_M2-A,M2-A,R066,LUMS undergraduate admission deadline 2026,NAT,,ROMAN,roman_char3gram_bm25_method_D,12,30560,29.76285743713379,50
post_phase12_module2_M2-A,M2-A,R066,LUMS undergraduate admission deadline 2026,NAT,,ROMAN,roman_char3gram_bm25_method_D,13,26590,29.135995864868164,50
post_phase12_module2_M2-A,M2-A,R066,LUMS undergraduate admission deadline 2026,NAT,,ROMAN,roman_char3gram_bm25_method_D,14,73462,29.110910415649414,50
post_phase12_module2_M2-A,M2-A,R066,LUMS undergraduate admission deadline 2026,NAT,,ROMAN,roman_char3gram_bm25_method_D,15,56235,28.871047973632812,50
post_phase12_module2_M2-A,M2-A,R066,LUMS undergraduate admission deadline 2026,NAT,,ROMAN,roman_char3gram_bm25_method_D,16,83349,28.857120513916016,50
post_phase12_module2_M2-A,M2-A,R066,LUMS undergraduate admission deadline 2026,NAT,,ROMAN,roman_char3gram_bm25_method_D,17,38664,28.694162368774414,50
post_phase12_module2_M2-A,M2-A,R066,LUMS undergraduate admission deadline 2026,NAT,,ROMAN,roman_char3gram_bm25_method_D,18,101776,28.598922729492188,50
post_phase12_module2_M2-A,M2-A,R066,LUMS undergraduate admission deadline 2026,NAT,,ROMAN,roman_char3gram_bm25_method_D,19,73429,28.559017181396484,50
post_phase12_module2_M2-A,M2-A,R066,LUMS undergraduate admission deadline 2026,NAT,,ROMAN,roman_char3gram_bm25_method_D,20,13623,28.38978385925293,50
post_phase12_module2_M2-A,M2-A,R066,LUMS undergraduate admission deadline 2026,NAT,,ROMAN,roman_char3gram_bm25_method_D,21,1358,28.357242584228516,50
post_phase12_module2_M2-A,M2-A,R066,LUMS undergraduate admission deadline 2026,NAT,,ROMAN,roman_char3gram_bm25_method_D,22,33113,28.315034866333008,50
post_phase12_module2_M2-A,M2-A,R066,LUMS undergraduate admission deadline 2026,NAT,,ROMAN,roman_char3gram_bm25_method_D,23,72802,28.26488494873047,50
post_phase12_module2_M2-A,M2-A,R066,LUMS undergraduate admission deadline 2026,NAT,,ROMAN,roman_char3gram_bm25_method_D,24,20432,28.036867141723633,50
post_phase12_module2_M2-A,M2-A,R066,LUMS undergraduate admission deadline 2026,NAT,,ROMAN,roman_char3gram_bm25_method_D,25,59247,27.947189331054688,50
post_phase12_module2_M2-A,M2-A,R066,LUMS undergraduate admission deadline 2026,NAT,,ROMAN,roman_char3gram_bm25_method_D,26,111802,27.912702560424805,50
post_phase12_module2_M2-A,M2-A,R066,LUMS undergraduate admission deadline 2026,NAT,,ROMAN,roman_char3gram_bm25_method_D,27,40976,27.61668586730957,50
post_phase12_module2_M2-A,M2-A,R066,LUMS undergraduate admission deadline 2026,NAT,,ROMAN,roman_char3gram_bm25_method_D,28,14615,27.5062198638916,50
post_phase12_module2_M2-A,M2-A,R066,LUMS undergraduate admission deadline 2026,NAT,,ROMAN,roman_char3gram_bm25_method_D,29,5147,27.4415340423584,50
post_phase12_module2_M2-A,M2-A,R066,LUMS undergraduate admission deadline 2026,NAT,,ROMAN,roman_char3gram_bm25_method_D,30,79436,27.277891159057617,50
post_phase12_module2_M2-A,M2-A,R066,LUMS undergraduate admission deadline 2026,NAT,,ROMAN,roman_char3gram_bm25_method_D,31,63094,27.141952514648438,50
post_phase12_module2_M2-A,M2-A,R066,LUMS undergraduate admission deadline 2026,NAT,,ROMAN,roman_char3gram_bm25_method_D,32,102053,26.96324348449707,50
post_phase12_module2_M2-A,M2-A,R066,LUMS undergraduate admission deadline 2026,NAT,,ROMAN,roman_char3gram_bm25_method_D,33,105856,26.939735412597656,50
post_phase12_module2_M2-A,M2-A,R066,LUMS undergraduate admission deadline 2026,NAT,,ROMAN,roman_char3gram_bm25_method_D,34,98171,26.700157165527344,50
post_phase12_module2_M2-A,M2-A,R066,LUMS undergraduate admission deadline 2026,NAT,,ROMAN,roman_char3gram_bm25_method_D,35,103309,26.559507369995117,50
post_phase12_module2_M2-A,M2-A,R066,LUMS undergraduate admission deadline 2026,NAT,,ROMAN,roman_char3gram_bm25_method_D,36,57449,26.553504943847656,50
post_phase12_module2_M2-A,M2-A,R066,LUMS undergraduate admission deadline 2026,NAT,,ROMAN,roman_char3gram_bm25_method_D,37,1364,26.156545639038086,50
post_phase12_module2_M2-A,M2-A,R066,LUMS undergraduate admission deadline 2026,NAT,,ROMAN,roman_char3gram_bm25_method_D,38,13093,26.031728744506836,50
post_phase12_module2_M2-A,M2-A,R066,LUMS undergraduate admission deadline 2026,NAT,,ROMAN,roman_char3gram_bm25_method_D,39,64061,26.003917694091797,50
post_phase12_module2_M2-A,M2-A,R066,LUMS undergraduate admission deadline 2026,NAT,,ROMAN,roman_char3gram_bm25_method_D,40,1354,25.981281280517578,50
post_phase12_module2_M2-A,M2-A,R066,LUMS undergraduate admission deadline 2026,NAT,,ROMAN,roman_char3gram_bm25_method_D,41,61786,25.873573303222656,50
post_phase12_module2_M2-A,M2-A,R066,LUMS undergraduate admission deadline 2026,NAT,,ROMAN,roman_char3gram_bm25_method_D,42,59763,25.853200912475586,50
post_phase12_module2_M2-A,M2-A,R066,LUMS undergraduate admission deadline 2026,NAT,,ROMAN,roman_char3gram_bm25_method_D,43,11305,25.847347259521484,50
post_phase12_module2_M2-A,M2-A,R066,LUMS undergraduate admission deadline 2026,NAT,,ROMAN,roman_char3gram_bm25_method_D,44,90442,25.552631378173828,50
post_phase12_module2_M2-A,M2-A,R066,LUMS undergraduate admission deadline 2026,NAT,,ROMAN,roman_char3gram_bm25_method_D,45,94915,25.47374153137207,50
post_phase12_module2_M2-A,M2-A,R066,LUMS undergraduate admission deadline 2026,NAT,,ROMAN,roman_char3gram_bm25_method_D,46,50399,25.45463752746582,50
post_phase12_module2_M2-A,M2-A,R066,LUMS undergraduate admission deadline 2026,NAT,,ROMAN,roman_char3gram_bm25_method_D,47,22117,25.44562339782715,50
post_phase12_module2_M2-A,M2-A,R066,LUMS undergraduate admission deadline 2026,NAT,,ROMAN,roman_char3gram_bm25_method_D,48,27820,25.407812118530273,50
post_phase12_module2_M2-A,M2-A,R066,LUMS undergraduate admission deadline 2026,NAT,,ROMAN,roman_char3gram_bm25_method_D,49,13462,25.40117645263672,50
post_phase12_module2_M2-A,M2-A,R066,LUMS undergraduate admission deadline 2026,NAT,,ROMAN,roman_char3gram_bm25_method_D,50,80876,25.23993682861328,50
post_phase12_module2_M2-A,M2-A,R067,Pakistani dramas ki stories pehle se kam strong kyun lagti hain,NAT,,ROMAN,roman_char3gram_bm25_method_D,1,106866,42.5563850402832,50
post_phase12_module2_M2-A,M2-A,R067,Pakistani dramas ki stories pehle se kam strong kyun lagti hain,NAT,,ROMAN,roman_char3gram_bm25_method_D,2,111268,40.200599670410156,50
post_phase12_module2_M2-A,M2-A,R067,Pakistani dramas ki stories pehle se kam strong kyun lagti hain,NAT,,ROMAN,roman_char3gram_bm25_method_D,3,106805,40.03956985473633,50
post_phase12_module2_M2-A,M2-A,R067,Pakistani dramas ki stories pehle se kam strong kyun lagti hain,NAT,,ROMAN,roman_char3gram_bm25_method_D,4,107523,39.817901611328125,50
post_phase12_module2_M2-A,M2-A,R067,Pakistani dramas ki stories pehle se kam strong kyun lagti hain,NAT,,ROMAN,roman_char3gram_bm25_method_D,5,75481,39.44157028198242,50
post_phase12_module2_M2-A,M2-A,R067,Pakistani dramas ki stories pehle se kam strong kyun lagti hain,NAT,,ROMAN,roman_char3gram_bm25_method_D,6,3111,39.251651763916016,50
post_phase12_module2_M2-A,M2-A,R067,Pakistani dramas ki stories pehle se kam strong kyun lagti hain,NAT,,ROMAN,roman_char3gram_bm25_method_D,7,105367,39.05702590942383,50
post_phase12_module2_M2-A,M2-A,R067,Pakistani dramas ki stories pehle se kam strong kyun lagti hain,NAT,,ROMAN,roman_char3gram_bm25_method_D,8,78349,38.99003219604492,50
post_phase12_module2_M2-A,M2-A,R067,Pakistani dramas ki stories pehle se kam strong kyun lagti hain,NAT,,ROMAN,roman_char3gram_bm25_method_D,9,111432,38.00825500488281,50
post_phase12_module2_M2-A,M2-A,R067,Pakistani dramas ki stories pehle se kam strong kyun lagti hain,NAT,,ROMAN,roman_char3gram_bm25_method_D,10,74939,37.99208068847656,50
post_phase12_module2_M2-A,M2-A,R067,Pakistani dramas ki stories pehle se kam strong kyun lagti hain,NAT,,ROMAN,roman_char3gram_bm25_method_D,11,111433,37.9455680847168,50
post_phase12_module2_M2-A,M2-A,R067,Pakistani dramas ki stories pehle se kam strong kyun lagti hain,NAT,,ROMAN,roman_char3gram_bm25_method_D,12,111724,37.8928337097168,50
post_phase12_module2_M2-A,M2-A,R067,Pakistani dramas ki stories pehle se kam strong kyun lagti hain,NAT,,ROMAN,roman_char3gram_bm25_method_D,13,338,37.71759796142578,50
post_phase12_module2_M2-A,M2-A,R067,Pakistani dramas ki stories pehle se kam strong kyun lagti hain,NAT,,ROMAN,roman_char3gram_bm25_method_D,14,65887,37.6388053894043,50
post_phase12_module2_M2-A,M2-A,R067,Pakistani dramas ki stories pehle se kam strong kyun lagti hain,NAT,,ROMAN,roman_char3gram_bm25_method_D,15,4840,37.54623031616211,50
post_phase12_module2_M2-A,M2-A,R067,Pakistani dramas ki stories pehle se kam strong kyun lagti hain,NAT,,ROMAN,roman_char3gram_bm25_method_D,16,18,37.52811050415039,50
post_phase12_module2_M2-A,M2-A,R067,Pakistani dramas ki stories pehle se kam strong kyun lagti hain,NAT,,ROMAN,roman_char3gram_bm25_method_D,17,105420,37.45630645751953,50
post_phase12_module2_M2-A,M2-A,R067,Pakistani dramas ki stories pehle se kam strong kyun lagti hain,NAT,,ROMAN,roman_char3gram_bm25_method_D,18,105269,37.379276275634766,50
post_phase12_module2_M2-A,M2-A,R067,Pakistani dramas ki stories pehle se kam strong kyun lagti hain,NAT,,ROMAN,roman_char3gram_bm25_method_D,19,111180,37.243568420410156,50
post_phase12_module2_M2-A,M2-A,R067,Pakistani dramas ki stories pehle se kam strong kyun lagti hain,NAT,,ROMAN,roman_char3gram_bm25_method_D,20,52314,37.09720993041992,50
post_phase12_module2_M2-A,M2-A,R067,Pakistani dramas ki stories pehle se kam strong kyun lagti hain,NAT,,ROMAN,roman_char3gram_bm25_method_D,21,72011,37.01677322387695,50
post_phase12_module2_M2-A,M2-A,R067,Pakistani dramas ki stories pehle se kam strong kyun lagti hain,NAT,,ROMAN,roman_char3gram_bm25_method_D,22,4601,37.015384674072266,50
post_phase12_module2_M2-A,M2-A,R067,Pakistani dramas ki stories pehle se kam strong kyun lagti hain,NAT,,ROMAN,roman_char3gram_bm25_method_D,23,3560,36.92374801635742,50
post_phase12_module2_M2-A,M2-A,R067,Pakistani dramas ki stories pehle se kam strong kyun lagti hain,NAT,,ROMAN,roman_char3gram_bm25_method_D,24,57249,36.905879974365234,50
post_phase12_module2_M2-A,M2-A,R067,Pakistani dramas ki stories pehle se kam strong kyun lagti hain,NAT,,ROMAN,roman_char3gram_bm25_method_D,25,2069,36.8182373046875,50
post_phase12_module2_M2-A,M2-A,R067,Pakistani dramas ki stories pehle se kam strong kyun lagti hain,NAT,,ROMAN,roman_char3gram_bm25_method_D,26,106517,36.78525924682617,50
post_phase12_module2_M2-A,M2-A,R067,Pakistani dramas ki stories pehle se kam strong kyun lagti hain,NAT,,ROMAN,roman_char3gram_bm25_method_D,27,10540,36.77894973754883,50
post_phase12_module2_M2-A,M2-A,R067,Pakistani dramas ki stories pehle se kam strong kyun lagti hain,NAT,,ROMAN,roman_char3gram_bm25_method_D,28,1789,36.7546501159668,50
post_phase12_module2_M2-A,M2-A,R067,Pakistani dramas ki stories pehle se kam strong kyun lagti hain,NAT,,ROMAN,roman_char3gram_bm25_method_D,29,106520,36.750335693359375,50
post_phase12_module2_M2-A,M2-A,R067,Pakistani dramas ki stories pehle se kam strong kyun lagti hain,NAT,,ROMAN,roman_char3gram_bm25_method_D,30,2323,36.64057540893555,50
post_phase12_module2_M2-A,M2-A,R067,Pakistani dramas ki stories pehle se kam strong kyun lagti hain,NAT,,ROMAN,roman_char3gram_bm25_method_D,31,2189,36.6047248840332,50
post_phase12_module2_M2-A,M2-A,R067,Pakistani dramas ki stories pehle se kam strong kyun lagti hain,NAT,,ROMAN,roman_char3gram_bm25_method_D,32,63339,36.57521438598633,50
post_phase12_module2_M2-A,M2-A,R067,Pakistani dramas ki stories pehle se kam strong kyun lagti hain,NAT,,ROMAN,roman_char3gram_bm25_method_D,33,77129,36.35141372680664,50
post_phase12_module2_M2-A,M2-A,R067,Pakistani dramas ki stories pehle se kam strong kyun lagti hain,NAT,,ROMAN,roman_char3gram_bm25_method_D,34,100455,36.25857925415039,50
post_phase12_module2_M2-A,M2-A,R067,Pakistani dramas ki stories pehle se kam strong kyun lagti hain,NAT,,ROMAN,roman_char3gram_bm25_method_D,35,72726,36.25642395019531,50
post_phase12_module2_M2-A,M2-A,R067,Pakistani dramas ki stories pehle se kam strong kyun lagti hain,NAT,,ROMAN,roman_char3gram_bm25_method_D,36,481,36.17411422729492,50
post_phase12_module2_M2-A,M2-A,R067,Pakistani dramas ki stories pehle se kam strong kyun lagti hain,NAT,,ROMAN,roman_char3gram_bm25_method_D,37,72074,36.13576889038086,50
post_phase12_module2_M2-A,M2-A,R067,Pakistani dramas ki stories pehle se kam strong kyun lagti hain,NAT,,ROMAN,roman_char3gram_bm25_method_D,38,84501,36.09944152832031,50
post_phase12_module2_M2-A,M2-A,R067,Pakistani dramas ki stories pehle se kam strong kyun lagti hain,NAT,,ROMAN,roman_char3gram_bm25_method_D,39,4809,36.09208297729492,50
post_phase12_module2_M2-A,M2-A,R067,Pakistani dramas ki stories pehle se kam strong kyun lagti hain,NAT,,ROMAN,roman_char3gram_bm25_method_D,40,106946,36.04616928100586,50
post_phase12_module2_M2-A,M2-A,R067,Pakistani dramas ki stories pehle se kam strong kyun lagti hain,NAT,,ROMAN,roman_char3gram_bm25_method_D,41,1215,35.97212219238281,50
post_phase12_module2_M2-A,M2-A,R067,Pakistani dramas ki stories pehle se kam strong kyun lagti hain,NAT,,ROMAN,roman_char3gram_bm25_method_D,42,3540,35.885623931884766,50
post_phase12_module2_M2-A,M2-A,R067,Pakistani dramas ki stories pehle se kam strong kyun lagti hain,NAT,,ROMAN,roman_char3gram_bm25_method_D,43,4811,35.85991668701172,50
post_phase12_module2_M2-A,M2-A,R067,Pakistani dramas ki stories pehle se kam strong kyun lagti hain,NAT,,ROMAN,roman_char3gram_bm25_method_D,44,64098,35.81606674194336,50
post_phase12_module2_M2-A,M2-A,R067,Pakistani dramas ki stories pehle se kam strong kyun lagti hain,NAT,,ROMAN,roman_char3gram_bm25_method_D,45,32342,35.775230407714844,50
post_phase12_module2_M2-A,M2-A,R067,Pakistani dramas ki stories pehle se kam strong kyun lagti hain,NAT,,ROMAN,roman_char3gram_bm25_method_D,46,574,35.743595123291016,50
post_phase12_module2_M2-A,M2-A,R067,Pakistani dramas ki stories pehle se kam strong kyun lagti hain,NAT,,ROMAN,roman_char3gram_bm25_method_D,47,183,35.71654510498047,50
post_phase12_module2_M2-A,M2-A,R067,Pakistani dramas ki stories pehle se kam strong kyun lagti hain,NAT,,ROMAN,roman_char3gram_bm25_method_D,48,5341,35.66365432739258,50
post_phase12_module2_M2-A,M2-A,R067,Pakistani dramas ki stories pehle se kam strong kyun lagti hain,NAT,,ROMAN,roman_char3gram_bm25_method_D,49,32496,35.62764358520508,50
post_phase12_module2_M2-A,M2-A,R067,Pakistani dramas ki stories pehle se kam strong kyun lagti hain,NAT,,ROMAN,roman_char3gram_bm25_method_D,50,6707,35.59797286987305,50
post_phase12_module2_M2-A,M2-A,R068,iphone 16 Pakistan price,NAT,,ROMAN,roman_char3gram_bm25_method_D,1,64642,32.94586944580078,50
post_phase12_module2_M2-A,M2-A,R068,iphone 16 Pakistan price,NAT,,ROMAN,roman_char3gram_bm25_method_D,2,63256,32.74435043334961,50
post_phase12_module2_M2-A,M2-A,R068,iphone 16 Pakistan price,NAT,,ROMAN,roman_char3gram_bm25_method_D,3,63186,32.41098403930664,50
post_phase12_module2_M2-A,M2-A,R068,iphone 16 Pakistan price,NAT,,ROMAN,roman_char3gram_bm25_method_D,4,63196,32.337032318115234,50
post_phase12_module2_M2-A,M2-A,R068,iphone 16 Pakistan price,NAT,,ROMAN,roman_char3gram_bm25_method_D,5,63182,32.31477737426758,50
post_phase12_module2_M2-A,M2-A,R068,iphone 16 Pakistan price,NAT,,ROMAN,roman_char3gram_bm25_method_D,6,70110,32.18221664428711,50
post_phase12_module2_M2-A,M2-A,R068,iphone 16 Pakistan price,NAT,,ROMAN,roman_char3gram_bm25_method_D,7,63285,32.047672271728516,50
post_phase12_module2_M2-A,M2-A,R068,iphone 16 Pakistan price,NAT,,ROMAN,roman_char3gram_bm25_method_D,8,63169,31.983821868896484,50
post_phase12_module2_M2-A,M2-A,R068,iphone 16 Pakistan price,NAT,,ROMAN,roman_char3gram_bm25_method_D,9,19319,31.630939483642578,50
post_phase12_module2_M2-A,M2-A,R068,iphone 16 Pakistan price,NAT,,ROMAN,roman_char3gram_bm25_method_D,10,63315,31.61492919921875,50
post_phase12_module2_M2-A,M2-A,R068,iphone 16 Pakistan price,NAT,,ROMAN,roman_char3gram_bm25_method_D,11,65879,31.49578094482422,50
post_phase12_module2_M2-A,M2-A,R068,iphone 16 Pakistan price,NAT,,ROMAN,roman_char3gram_bm25_method_D,12,63243,31.466854095458984,50
post_phase12_module2_M2-A,M2-A,R068,iphone 16 Pakistan price,NAT,,ROMAN,roman_char3gram_bm25_method_D,13,70217,31.332902908325195,50
post_phase12_module2_M2-A,M2-A,R068,iphone 16 Pakistan price,NAT,,ROMAN,roman_char3gram_bm25_method_D,14,61386,31.306516647338867,50
post_phase12_module2_M2-A,M2-A,R068,iphone 16 Pakistan price,NAT,,ROMAN,roman_char3gram_bm25_method_D,15,63313,31.23163414001465,50
post_phase12_module2_M2-A,M2-A,R068,iphone 16 Pakistan price,NAT,,ROMAN,roman_char3gram_bm25_method_D,16,70684,31.15561294555664,50
post_phase12_module2_M2-A,M2-A,R068,iphone 16 Pakistan price,NAT,,ROMAN,roman_char3gram_bm25_method_D,17,63295,31.011592864990234,50
post_phase12_module2_M2-A,M2-A,R068,iphone 16 Pakistan price,NAT,,ROMAN,roman_char3gram_bm25_method_D,18,64526,30.987611770629883,50
post_phase12_module2_M2-A,M2-A,R068,iphone 16 Pakistan price,NAT,,ROMAN,roman_char3gram_bm25_method_D,19,63246,30.982786178588867,50
post_phase12_module2_M2-A,M2-A,R068,iphone 16 Pakistan price,NAT,,ROMAN,roman_char3gram_bm25_method_D,20,63161,30.94146728515625,50
post_phase12_module2_M2-A,M2-A,R068,iphone 16 Pakistan price,NAT,,ROMAN,roman_char3gram_bm25_method_D,21,63707,30.92698860168457,50
post_phase12_module2_M2-A,M2-A,R068,iphone 16 Pakistan price,NAT,,ROMAN,roman_char3gram_bm25_method_D,22,63265,30.905166625976562,50
post_phase12_module2_M2-A,M2-A,R068,iphone 16 Pakistan price,NAT,,ROMAN,roman_char3gram_bm25_method_D,23,63614,30.858259201049805,50
post_phase12_module2_M2-A,M2-A,R068,iphone 16 Pakistan price,NAT,,ROMAN,roman_char3gram_bm25_method_D,24,63191,30.778640747070312,50
post_phase12_module2_M2-A,M2-A,R068,iphone 16 Pakistan price,NAT,,ROMAN,roman_char3gram_bm25_method_D,25,63228,30.438987731933594,50
post_phase12_module2_M2-A,M2-A,R068,iphone 16 Pakistan price,NAT,,ROMAN,roman_char3gram_bm25_method_D,26,65609,30.30746078491211,50
post_phase12_module2_M2-A,M2-A,R068,iphone 16 Pakistan price,NAT,,ROMAN,roman_char3gram_bm25_method_D,27,70322,30.216184616088867,50
post_phase12_module2_M2-A,M2-A,R068,iphone 16 Pakistan price,NAT,,ROMAN,roman_char3gram_bm25_method_D,28,63377,30.130535125732422,50
post_phase12_module2_M2-A,M2-A,R068,iphone 16 Pakistan price,NAT,,ROMAN,roman_char3gram_bm25_method_D,29,63400,30.077442169189453,50
post_phase12_module2_M2-A,M2-A,R068,iphone 16 Pakistan price,NAT,,ROMAN,roman_char3gram_bm25_method_D,30,108913,30.0607852935791,50
post_phase12_module2_M2-A,M2-A,R068,iphone 16 Pakistan price,NAT,,ROMAN,roman_char3gram_bm25_method_D,31,63323,30.00510025024414,50
post_phase12_module2_M2-A,M2-A,R068,iphone 16 Pakistan price,NAT,,ROMAN,roman_char3gram_bm25_method_D,32,64508,29.799179077148438,50
post_phase12_module2_M2-A,M2-A,R068,iphone 16 Pakistan price,NAT,,ROMAN,roman_char3gram_bm25_method_D,33,63195,29.74357032775879,50
post_phase12_module2_M2-A,M2-A,R068,iphone 16 Pakistan price,NAT,,ROMAN,roman_char3gram_bm25_method_D,34,78914,29.70786476135254,50
post_phase12_module2_M2-A,M2-A,R068,iphone 16 Pakistan price,NAT,,ROMAN,roman_char3gram_bm25_method_D,35,108975,29.631938934326172,50
post_phase12_module2_M2-A,M2-A,R068,iphone 16 Pakistan price,NAT,,ROMAN,roman_char3gram_bm25_method_D,36,63294,29.586946487426758,50
post_phase12_module2_M2-A,M2-A,R068,iphone 16 Pakistan price,NAT,,ROMAN,roman_char3gram_bm25_method_D,37,83137,29.525226593017578,50
post_phase12_module2_M2-A,M2-A,R068,iphone 16 Pakistan price,NAT,,ROMAN,roman_char3gram_bm25_method_D,38,108958,29.51317596435547,50
post_phase12_module2_M2-A,M2-A,R068,iphone 16 Pakistan price,NAT,,ROMAN,roman_char3gram_bm25_method_D,39,63200,29.444183349609375,50
post_phase12_module2_M2-A,M2-A,R068,iphone 16 Pakistan price,NAT,,ROMAN,roman_char3gram_bm25_method_D,40,63133,29.3980655670166,50
post_phase12_module2_M2-A,M2-A,R068,iphone 16 Pakistan price,NAT,,ROMAN,roman_char3gram_bm25_method_D,41,63233,29.393171310424805,50
post_phase12_module2_M2-A,M2-A,R068,iphone 16 Pakistan price,NAT,,ROMAN,roman_char3gram_bm25_method_D,42,94,29.384601593017578,50
post_phase12_module2_M2-A,M2-A,R068,iphone 16 Pakistan price,NAT,,ROMAN,roman_char3gram_bm25_method_D,43,64499,29.272058486938477,50
post_phase12_module2_M2-A,M2-A,R068,iphone 16 Pakistan price,NAT,,ROMAN,roman_char3gram_bm25_method_D,44,108945,29.259103775024414,50
post_phase12_module2_M2-A,M2-A,R068,iphone 16 Pakistan price,NAT,,ROMAN,roman_char3gram_bm25_method_D,45,3479,29.204832077026367,50
post_phase12_module2_M2-A,M2-A,R068,iphone 16 Pakistan price,NAT,,ROMAN,roman_char3gram_bm25_method_D,46,63148,29.13829231262207,50
post_phase12_module2_M2-A,M2-A,R068,iphone 16 Pakistan price,NAT,,ROMAN,roman_char3gram_bm25_method_D,47,38720,29.0390567779541,50
post_phase12_module2_M2-A,M2-A,R068,iphone 16 Pakistan price,NAT,,ROMAN,roman_char3gram_bm25_method_D,48,64539,29.035192489624023,50
post_phase12_module2_M2-A,M2-A,R068,iphone 16 Pakistan price,NAT,,ROMAN,roman_char3gram_bm25_method_D,49,275,29.001394271850586,50
post_phase12_module2_M2-A,M2-A,R068,iphone 16 Pakistan price,NAT,,ROMAN,roman_char3gram_bm25_method_D,50,70313,28.974218368530273,50
post_phase12_module2_M2-A,M2-A,R069,cristiano ronaldo al nassr news,NAT,,ROMAN,roman_char3gram_bm25_method_D,1,44476,66.52577209472656,50
post_phase12_module2_M2-A,M2-A,R069,cristiano ronaldo al nassr news,NAT,,ROMAN,roman_char3gram_bm25_method_D,2,29966,61.00331115722656,50
post_phase12_module2_M2-A,M2-A,R069,cristiano ronaldo al nassr news,NAT,,ROMAN,roman_char3gram_bm25_method_D,3,8143,59.91567611694336,50
post_phase12_module2_M2-A,M2-A,R069,cristiano ronaldo al nassr news,NAT,,ROMAN,roman_char3gram_bm25_method_D,4,86928,59.58927536010742,50
post_phase12_module2_M2-A,M2-A,R069,cristiano ronaldo al nassr news,NAT,,ROMAN,roman_char3gram_bm25_method_D,5,27368,58.86200714111328,50
post_phase12_module2_M2-A,M2-A,R069,cristiano ronaldo al nassr news,NAT,,ROMAN,roman_char3gram_bm25_method_D,6,81297,58.17137908935547,50
post_phase12_module2_M2-A,M2-A,R069,cristiano ronaldo al nassr news,NAT,,ROMAN,roman_char3gram_bm25_method_D,7,24837,56.51976776123047,50
post_phase12_module2_M2-A,M2-A,R069,cristiano ronaldo al nassr news,NAT,,ROMAN,roman_char3gram_bm25_method_D,8,26965,56.50310516357422,50
post_phase12_module2_M2-A,M2-A,R069,cristiano ronaldo al nassr news,NAT,,ROMAN,roman_char3gram_bm25_method_D,9,8169,55.60555648803711,50
post_phase12_module2_M2-A,M2-A,R069,cristiano ronaldo al nassr news,NAT,,ROMAN,roman_char3gram_bm25_method_D,10,26632,55.50164031982422,50
post_phase12_module2_M2-A,M2-A,R069,cristiano ronaldo al nassr news,NAT,,ROMAN,roman_char3gram_bm25_method_D,11,25233,55.39728546142578,50
post_phase12_module2_M2-A,M2-A,R069,cristiano ronaldo al nassr news,NAT,,ROMAN,roman_char3gram_bm25_method_D,12,26626,53.932247161865234,50
post_phase12_module2_M2-A,M2-A,R069,cristiano ronaldo al nassr news,NAT,,ROMAN,roman_char3gram_bm25_method_D,13,37736,53.84803009033203,50
post_phase12_module2_M2-A,M2-A,R069,cristiano ronaldo al nassr news,NAT,,ROMAN,roman_char3gram_bm25_method_D,14,54890,53.24534606933594,50
post_phase12_module2_M2-A,M2-A,R069,cristiano ronaldo al nassr news,NAT,,ROMAN,roman_char3gram_bm25_method_D,15,80600,52.97940444946289,50
post_phase12_module2_M2-A,M2-A,R069,cristiano ronaldo al nassr news,NAT,,ROMAN,roman_char3gram_bm25_method_D,16,54504,52.7879753112793,50
post_phase12_module2_M2-A,M2-A,R069,cristiano ronaldo al nassr news,NAT,,ROMAN,roman_char3gram_bm25_method_D,17,41623,52.71718215942383,50
post_phase12_module2_M2-A,M2-A,R069,cristiano ronaldo al nassr news,NAT,,ROMAN,roman_char3gram_bm25_method_D,18,43389,52.390602111816406,50
post_phase12_module2_M2-A,M2-A,R069,cristiano ronaldo al nassr news,NAT,,ROMAN,roman_char3gram_bm25_method_D,19,34042,52.15865707397461,50
post_phase12_module2_M2-A,M2-A,R069,cristiano ronaldo al nassr news,NAT,,ROMAN,roman_char3gram_bm25_method_D,20,45317,51.841033935546875,50
post_phase12_module2_M2-A,M2-A,R069,cristiano ronaldo al nassr news,NAT,,ROMAN,roman_char3gram_bm25_method_D,21,87320,51.8316535949707,50
post_phase12_module2_M2-A,M2-A,R069,cristiano ronaldo al nassr news,NAT,,ROMAN,roman_char3gram_bm25_method_D,22,42067,51.631187438964844,50
post_phase12_module2_M2-A,M2-A,R069,cristiano ronaldo al nassr news,NAT,,ROMAN,roman_char3gram_bm25_method_D,23,88354,51.619384765625,50
post_phase12_module2_M2-A,M2-A,R069,cristiano ronaldo al nassr news,NAT,,ROMAN,roman_char3gram_bm25_method_D,24,30638,51.52545928955078,50
post_phase12_module2_M2-A,M2-A,R069,cristiano ronaldo al nassr news,NAT,,ROMAN,roman_char3gram_bm25_method_D,25,41746,51.2166862487793,50
post_phase12_module2_M2-A,M2-A,R069,cristiano ronaldo al nassr news,NAT,,ROMAN,roman_char3gram_bm25_method_D,26,54745,51.21076202392578,50
post_phase12_module2_M2-A,M2-A,R069,cristiano ronaldo al nassr news,NAT,,ROMAN,roman_char3gram_bm25_method_D,27,55102,51.12735366821289,50
post_phase12_module2_M2-A,M2-A,R069,cristiano ronaldo al nassr news,NAT,,ROMAN,roman_char3gram_bm25_method_D,28,51919,51.09086227416992,50
post_phase12_module2_M2-A,M2-A,R069,cristiano ronaldo al nassr news,NAT,,ROMAN,roman_char3gram_bm25_method_D,29,30507,51.03074645996094,50
post_phase12_module2_M2-A,M2-A,R069,cristiano ronaldo al nassr news,NAT,,ROMAN,roman_char3gram_bm25_method_D,30,44292,50.980934143066406,50
post_phase12_module2_M2-A,M2-A,R069,cristiano ronaldo al nassr news,NAT,,ROMAN,roman_char3gram_bm25_method_D,31,58992,50.79030227661133,50
post_phase12_module2_M2-A,M2-A,R069,cristiano ronaldo al nassr news,NAT,,ROMAN,roman_char3gram_bm25_method_D,32,85754,50.78150177001953,50
post_phase12_module2_M2-A,M2-A,R069,cristiano ronaldo al nassr news,NAT,,ROMAN,roman_char3gram_bm25_method_D,33,6239,50.73880386352539,50
post_phase12_module2_M2-A,M2-A,R069,cristiano ronaldo al nassr news,NAT,,ROMAN,roman_char3gram_bm25_method_D,34,51121,50.72097396850586,50
post_phase12_module2_M2-A,M2-A,R069,cristiano ronaldo al nassr news,NAT,,ROMAN,roman_char3gram_bm25_method_D,35,47245,50.694400787353516,50
post_phase12_module2_M2-A,M2-A,R069,cristiano ronaldo al nassr news,NAT,,ROMAN,roman_char3gram_bm25_method_D,36,81340,50.68025588989258,50
post_phase12_module2_M2-A,M2-A,R069,cristiano ronaldo al nassr news,NAT,,ROMAN,roman_char3gram_bm25_method_D,37,43716,50.49667739868164,50
post_phase12_module2_M2-A,M2-A,R069,cristiano ronaldo al nassr news,NAT,,ROMAN,roman_char3gram_bm25_method_D,38,43661,50.40665054321289,50
post_phase12_module2_M2-A,M2-A,R069,cristiano ronaldo al nassr news,NAT,,ROMAN,roman_char3gram_bm25_method_D,39,56810,50.35309982299805,50
post_phase12_module2_M2-A,M2-A,R069,cristiano ronaldo al nassr news,NAT,,ROMAN,roman_char3gram_bm25_method_D,40,43090,50.244354248046875,50
post_phase12_module2_M2-A,M2-A,R069,cristiano ronaldo al nassr news,NAT,,ROMAN,roman_char3gram_bm25_method_D,41,28883,50.162113189697266,50
post_phase12_module2_M2-A,M2-A,R069,cristiano ronaldo al nassr news,NAT,,ROMAN,roman_char3gram_bm25_method_D,42,81741,50.10235595703125,50
post_phase12_module2_M2-A,M2-A,R069,cristiano ronaldo al nassr news,NAT,,ROMAN,roman_char3gram_bm25_method_D,43,44378,50.097877502441406,50
post_phase12_module2_M2-A,M2-A,R069,cristiano ronaldo al nassr news,NAT,,ROMAN,roman_char3gram_bm25_method_D,44,41402,50.017215728759766,50
post_phase12_module2_M2-A,M2-A,R069,cristiano ronaldo al nassr news,NAT,,ROMAN,roman_char3gram_bm25_method_D,45,85185,49.89370346069336,50
post_phase12_module2_M2-A,M2-A,R069,cristiano ronaldo al nassr news,NAT,,ROMAN,roman_char3gram_bm25_method_D,46,83806,49.83196258544922,50
post_phase12_module2_M2-A,M2-A,R069,cristiano ronaldo al nassr news,NAT,,ROMAN,roman_char3gram_bm25_method_D,47,91493,49.74643325805664,50
post_phase12_module2_M2-A,M2-A,R069,cristiano ronaldo al nassr news,NAT,,ROMAN,roman_char3gram_bm25_method_D,48,25197,49.71141052246094,50
post_phase12_module2_M2-A,M2-A,R069,cristiano ronaldo al nassr news,NAT,,ROMAN,roman_char3gram_bm25_method_D,49,90331,49.6917724609375,50
post_phase12_module2_M2-A,M2-A,R069,cristiano ronaldo al nassr news,NAT,,ROMAN,roman_char3gram_bm25_method_D,50,11055,49.64896774291992,50
post_phase12_module2_M2-A,M2-A,R070,کراچی stock exchange aaj close par kitne points par band hua,NAT,,MIXED,urdu_char3gram_bm25,1,57899,15.256918907165527,50
post_phase12_module2_M2-A,M2-A,R070,کراچی stock exchange aaj close par kitne points par band hua,NAT,,MIXED,urdu_char3gram_bm25,2,88959,15.06252670288086,50
post_phase12_module2_M2-A,M2-A,R070,کراچی stock exchange aaj close par kitne points par band hua,NAT,,MIXED,urdu_char3gram_bm25,3,86673,15.056146621704102,50
post_phase12_module2_M2-A,M2-A,R070,کراچی stock exchange aaj close par kitne points par band hua,NAT,,MIXED,urdu_char3gram_bm25,4,62963,15.038981437683105,50
post_phase12_module2_M2-A,M2-A,R070,کراچی stock exchange aaj close par kitne points par band hua,NAT,,MIXED,urdu_char3gram_bm25,5,111021,15.029346466064453,50
post_phase12_module2_M2-A,M2-A,R070,کراچی stock exchange aaj close par kitne points par band hua,NAT,,MIXED,urdu_char3gram_bm25,6,65584,15.014567375183105,50
post_phase12_module2_M2-A,M2-A,R070,کراچی stock exchange aaj close par kitne points par band hua,NAT,,MIXED,urdu_char3gram_bm25,7,61585,14.993681907653809,50
post_phase12_module2_M2-A,M2-A,R070,کراچی stock exchange aaj close par kitne points par band hua,NAT,,MIXED,urdu_char3gram_bm25,8,95009,14.928642272949219,50
post_phase12_module2_M2-A,M2-A,R070,کراچی stock exchange aaj close par kitne points par band hua,NAT,,MIXED,urdu_char3gram_bm25,9,87791,14.928445816040039,50
post_phase12_module2_M2-A,M2-A,R070,کراچی stock exchange aaj close par kitne points par band hua,NAT,,MIXED,urdu_char3gram_bm25,10,45667,14.92238998413086,50
post_phase12_module2_M2-A,M2-A,R070,کراچی stock exchange aaj close par kitne points par band hua,NAT,,MIXED,urdu_char3gram_bm25,11,87797,14.912747383117676,50
post_phase12_module2_M2-A,M2-A,R070,کراچی stock exchange aaj close par kitne points par band hua,NAT,,MIXED,urdu_char3gram_bm25,12,42875,14.891284942626953,50
post_phase12_module2_M2-A,M2-A,R070,کراچی stock exchange aaj close par kitne points par band hua,NAT,,MIXED,urdu_char3gram_bm25,13,75320,14.89045238494873,50
post_phase12_module2_M2-A,M2-A,R070,کراچی stock exchange aaj close par kitne points par band hua,NAT,,MIXED,urdu_char3gram_bm25,14,76727,14.890296936035156,50
post_phase12_module2_M2-A,M2-A,R070,کراچی stock exchange aaj close par kitne points par band hua,NAT,,MIXED,urdu_char3gram_bm25,15,41760,14.87614917755127,50
post_phase12_module2_M2-A,M2-A,R070,کراچی stock exchange aaj close par kitne points par band hua,NAT,,MIXED,urdu_char3gram_bm25,16,41749,14.875925064086914,50
post_phase12_module2_M2-A,M2-A,R070,کراچی stock exchange aaj close par kitne points par band hua,NAT,,MIXED,urdu_char3gram_bm25,17,87560,14.857559204101562,50
post_phase12_module2_M2-A,M2-A,R070,کراچی stock exchange aaj close par kitne points par band hua,NAT,,MIXED,urdu_char3gram_bm25,18,86193,14.854642868041992,50
post_phase12_module2_M2-A,M2-A,R070,کراچی stock exchange aaj close par kitne points par band hua,NAT,,MIXED,urdu_char3gram_bm25,19,47208,14.8281831741333,50
post_phase12_module2_M2-A,M2-A,R070,کراچی stock exchange aaj close par kitne points par band hua,NAT,,MIXED,urdu_char3gram_bm25,20,52348,14.814163208007812,50
post_phase12_module2_M2-A,M2-A,R070,کراچی stock exchange aaj close par kitne points par band hua,NAT,,MIXED,urdu_char3gram_bm25,21,18314,14.807112693786621,50
post_phase12_module2_M2-A,M2-A,R070,کراچی stock exchange aaj close par kitne points par band hua,NAT,,MIXED,urdu_char3gram_bm25,22,65646,14.806461334228516,50
post_phase12_module2_M2-A,M2-A,R070,کراچی stock exchange aaj close par kitne points par band hua,NAT,,MIXED,urdu_char3gram_bm25,23,80524,14.800617218017578,50
post_phase12_module2_M2-A,M2-A,R070,کراچی stock exchange aaj close par kitne points par band hua,NAT,,MIXED,urdu_char3gram_bm25,24,77565,14.793878555297852,50
post_phase12_module2_M2-A,M2-A,R070,کراچی stock exchange aaj close par kitne points par band hua,NAT,,MIXED,urdu_char3gram_bm25,25,58722,14.765026092529297,50
post_phase12_module2_M2-A,M2-A,R070,کراچی stock exchange aaj close par kitne points par band hua,NAT,,MIXED,urdu_char3gram_bm25,26,77137,14.762855529785156,50
post_phase12_module2_M2-A,M2-A,R070,کراچی stock exchange aaj close par kitne points par band hua,NAT,,MIXED,urdu_char3gram_bm25,27,97426,14.753942489624023,50
post_phase12_module2_M2-A,M2-A,R070,کراچی stock exchange aaj close par kitne points par band hua,NAT,,MIXED,urdu_char3gram_bm25,28,42907,14.749035835266113,50
post_phase12_module2_M2-A,M2-A,R070,کراچی stock exchange aaj close par kitne points par band hua,NAT,,MIXED,urdu_char3gram_bm25,29,28181,14.724061965942383,50
post_phase12_module2_M2-A,M2-A,R070,کراچی stock exchange aaj close par kitne points par band hua,NAT,,MIXED,urdu_char3gram_bm25,30,62221,14.720992088317871,50
post_phase12_module2_M2-A,M2-A,R070,کراچی stock exchange aaj close par kitne points par band hua,NAT,,MIXED,urdu_char3gram_bm25,31,47138,14.701605796813965,50
post_phase12_module2_M2-A,M2-A,R070,کراچی stock exchange aaj close par kitne points par band hua,NAT,,MIXED,urdu_char3gram_bm25,32,42264,14.670578956604004,50
post_phase12_module2_M2-A,M2-A,R070,کراچی stock exchange aaj close par kitne points par band hua,NAT,,MIXED,urdu_char3gram_bm25,33,40927,14.662637710571289,50
post_phase12_module2_M2-A,M2-A,R070,کراچی stock exchange aaj close par kitne points par band hua,NAT,,MIXED,urdu_char3gram_bm25,34,53692,14.660632133483887,50
post_phase12_module2_M2-A,M2-A,R070,کراچی stock exchange aaj close par kitne points par band hua,NAT,,MIXED,urdu_char3gram_bm25,35,57113,14.658507347106934,50
post_phase12_module2_M2-A,M2-A,R070,کراچی stock exchange aaj close par kitne points par band hua,NAT,,MIXED,urdu_char3gram_bm25,36,41755,14.6515531539917,50
post_phase12_module2_M2-A,M2-A,R070,کراچی stock exchange aaj close par kitne points par band hua,NAT,,MIXED,urdu_char3gram_bm25,37,86729,14.63960075378418,50
post_phase12_module2_M2-A,M2-A,R070,کراچی stock exchange aaj close par kitne points par band hua,NAT,,MIXED,urdu_char3gram_bm25,38,50888,14.633912086486816,50
post_phase12_module2_M2-A,M2-A,R070,کراچی stock exchange aaj close par kitne points par band hua,NAT,,MIXED,urdu_char3gram_bm25,39,77349,14.621615409851074,50
post_phase12_module2_M2-A,M2-A,R070,کراچی stock exchange aaj close par kitne points par band hua,NAT,,MIXED,urdu_char3gram_bm25,40,3707,14.619962692260742,50
post_phase12_module2_M2-A,M2-A,R070,کراچی stock exchange aaj close par kitne points par band hua,NAT,,MIXED,urdu_char3gram_bm25,41,51801,14.618711471557617,50
post_phase12_module2_M2-A,M2-A,R070,کراچی stock exchange aaj close par kitne points par band hua,NAT,,MIXED,urdu_char3gram_bm25,42,86889,14.613088607788086,50
post_phase12_module2_M2-A,M2-A,R070,کراچی stock exchange aaj close par kitne points par band hua,NAT,,MIXED,urdu_char3gram_bm25,43,62469,14.612396240234375,50
post_phase12_module2_M2-A,M2-A,R070,کراچی stock exchange aaj close par kitne points par band hua,NAT,,MIXED,urdu_char3gram_bm25,44,41756,14.611757278442383,50
post_phase12_module2_M2-A,M2-A,R070,کراچی stock exchange aaj close par kitne points par band hua,NAT,,MIXED,urdu_char3gram_bm25,45,78448,14.609431266784668,50
post_phase12_module2_M2-A,M2-A,R070,کراچی stock exchange aaj close par kitne points par band hua,NAT,,MIXED,urdu_char3gram_bm25,46,53743,14.60875129699707,50
post_phase12_module2_M2-A,M2-A,R070,کراچی stock exchange aaj close par kitne points par band hua,NAT,,MIXED,urdu_char3gram_bm25,47,88969,14.602287292480469,50
post_phase12_module2_M2-A,M2-A,R070,کراچی stock exchange aaj close par kitne points par band hua,NAT,,MIXED,urdu_char3gram_bm25,48,95760,14.588644027709961,50
post_phase12_module2_M2-A,M2-A,R070,کراچی stock exchange aaj close par kitne points par band hua,NAT,,MIXED,urdu_char3gram_bm25,49,74001,14.587685585021973,50
post_phase12_module2_M2-A,M2-A,R070,کراچی stock exchange aaj close par kitne points par band hua,NAT,,MIXED,urdu_char3gram_bm25,50,53722,14.582480430603027,50
post_phase12_module2_M2-A,M2-A,R071,Lahore mein smog season mein schools band kyun hoti hain aur hukumat kya kar rahi hai,NAT,,ROMAN,roman_char3gram_bm25_method_D,1,41326,54.6914176940918,50
post_phase12_module2_M2-A,M2-A,R071,Lahore mein smog season mein schools band kyun hoti hain aur hukumat kya kar rahi hai,NAT,,ROMAN,roman_char3gram_bm25_method_D,2,24433,54.4716796875,50
post_phase12_module2_M2-A,M2-A,R071,Lahore mein smog season mein schools band kyun hoti hain aur hukumat kya kar rahi hai,NAT,,ROMAN,roman_char3gram_bm25_method_D,3,31760,52.963069915771484,50
post_phase12_module2_M2-A,M2-A,R071,Lahore mein smog season mein schools band kyun hoti hain aur hukumat kya kar rahi hai,NAT,,ROMAN,roman_char3gram_bm25_method_D,4,24810,52.124725341796875,50
post_phase12_module2_M2-A,M2-A,R071,Lahore mein smog season mein schools band kyun hoti hain aur hukumat kya kar rahi hai,NAT,,ROMAN,roman_char3gram_bm25_method_D,5,28828,51.427249908447266,50
post_phase12_module2_M2-A,M2-A,R071,Lahore mein smog season mein schools band kyun hoti hain aur hukumat kya kar rahi hai,NAT,,ROMAN,roman_char3gram_bm25_method_D,6,34935,51.396034240722656,50
post_phase12_module2_M2-A,M2-A,R071,Lahore mein smog season mein schools band kyun hoti hain aur hukumat kya kar rahi hai,NAT,,ROMAN,roman_char3gram_bm25_method_D,7,111088,50.54329299926758,50
post_phase12_module2_M2-A,M2-A,R071,Lahore mein smog season mein schools band kyun hoti hain aur hukumat kya kar rahi hai,NAT,,ROMAN,roman_char3gram_bm25_method_D,8,28719,50.16504669189453,50
post_phase12_module2_M2-A,M2-A,R071,Lahore mein smog season mein schools band kyun hoti hain aur hukumat kya kar rahi hai,NAT,,ROMAN,roman_char3gram_bm25_method_D,9,11336,50.05259323120117,50
post_phase12_module2_M2-A,M2-A,R071,Lahore mein smog season mein schools band kyun hoti hain aur hukumat kya kar rahi hai,NAT,,ROMAN,roman_char3gram_bm25_method_D,10,37763,50.028743743896484,50
post_phase12_module2_M2-A,M2-A,R071,Lahore mein smog season mein schools band kyun hoti hain aur hukumat kya kar rahi hai,NAT,,ROMAN,roman_char3gram_bm25_method_D,11,60478,49.903175354003906,50
post_phase12_module2_M2-A,M2-A,R071,Lahore mein smog season mein schools band kyun hoti hain aur hukumat kya kar rahi hai,NAT,,ROMAN,roman_char3gram_bm25_method_D,12,84785,49.7410888671875,50
post_phase12_module2_M2-A,M2-A,R071,Lahore mein smog season mein schools band kyun hoti hain aur hukumat kya kar rahi hai,NAT,,ROMAN,roman_char3gram_bm25_method_D,13,18370,49.69011688232422,50
post_phase12_module2_M2-A,M2-A,R071,Lahore mein smog season mein schools band kyun hoti hain aur hukumat kya kar rahi hai,NAT,,ROMAN,roman_char3gram_bm25_method_D,14,8316,49.228389739990234,50
post_phase12_module2_M2-A,M2-A,R071,Lahore mein smog season mein schools band kyun hoti hain aur hukumat kya kar rahi hai,NAT,,ROMAN,roman_char3gram_bm25_method_D,15,9410,48.71015930175781,50
post_phase12_module2_M2-A,M2-A,R071,Lahore mein smog season mein schools band kyun hoti hain aur hukumat kya kar rahi hai,NAT,,ROMAN,roman_char3gram_bm25_method_D,16,22447,48.61762237548828,50
post_phase12_module2_M2-A,M2-A,R071,Lahore mein smog season mein schools band kyun hoti hain aur hukumat kya kar rahi hai,NAT,,ROMAN,roman_char3gram_bm25_method_D,17,34190,48.42802429199219,50
post_phase12_module2_M2-A,M2-A,R071,Lahore mein smog season mein schools band kyun hoti hain aur hukumat kya kar rahi hai,NAT,,ROMAN,roman_char3gram_bm25_method_D,18,40053,48.42212677001953,50
post_phase12_module2_M2-A,M2-A,R071,Lahore mein smog season mein schools band kyun hoti hain aur hukumat kya kar rahi hai,NAT,,ROMAN,roman_char3gram_bm25_method_D,19,99812,47.73883819580078,50
post_phase12_module2_M2-A,M2-A,R071,Lahore mein smog season mein schools band kyun hoti hain aur hukumat kya kar rahi hai,NAT,,ROMAN,roman_char3gram_bm25_method_D,20,49256,47.3302116394043,50
post_phase12_module2_M2-A,M2-A,R071,Lahore mein smog season mein schools band kyun hoti hain aur hukumat kya kar rahi hai,NAT,,ROMAN,roman_char3gram_bm25_method_D,21,85121,47.198631286621094,50
post_phase12_module2_M2-A,M2-A,R071,Lahore mein smog season mein schools band kyun hoti hain aur hukumat kya kar rahi hai,NAT,,ROMAN,roman_char3gram_bm25_method_D,22,79371,47.17713928222656,50
post_phase12_module2_M2-A,M2-A,R071,Lahore mein smog season mein schools band kyun hoti hain aur hukumat kya kar rahi hai,NAT,,ROMAN,roman_char3gram_bm25_method_D,23,108199,46.867733001708984,50
post_phase12_module2_M2-A,M2-A,R071,Lahore mein smog season mein schools band kyun hoti hain aur hukumat kya kar rahi hai,NAT,,ROMAN,roman_char3gram_bm25_method_D,24,99919,46.86772537231445,50
post_phase12_module2_M2-A,M2-A,R071,Lahore mein smog season mein schools band kyun hoti hain aur hukumat kya kar rahi hai,NAT,,ROMAN,roman_char3gram_bm25_method_D,25,3981,46.768341064453125,50
post_phase12_module2_M2-A,M2-A,R071,Lahore mein smog season mein schools band kyun hoti hain aur hukumat kya kar rahi hai,NAT,,ROMAN,roman_char3gram_bm25_method_D,26,35022,46.610618591308594,50
post_phase12_module2_M2-A,M2-A,R071,Lahore mein smog season mein schools band kyun hoti hain aur hukumat kya kar rahi hai,NAT,,ROMAN,roman_char3gram_bm25_method_D,27,100292,46.29938888549805,50
post_phase12_module2_M2-A,M2-A,R071,Lahore mein smog season mein schools band kyun hoti hain aur hukumat kya kar rahi hai,NAT,,ROMAN,roman_char3gram_bm25_method_D,28,67514,46.252593994140625,50
post_phase12_module2_M2-A,M2-A,R071,Lahore mein smog season mein schools band kyun hoti hain aur hukumat kya kar rahi hai,NAT,,ROMAN,roman_char3gram_bm25_method_D,29,44610,46.17612838745117,50
post_phase12_module2_M2-A,M2-A,R071,Lahore mein smog season mein schools band kyun hoti hain aur hukumat kya kar rahi hai,NAT,,ROMAN,roman_char3gram_bm25_method_D,30,80567,45.92789840698242,50
post_phase12_module2_M2-A,M2-A,R071,Lahore mein smog season mein schools band kyun hoti hain aur hukumat kya kar rahi hai,NAT,,ROMAN,roman_char3gram_bm25_method_D,31,111535,45.21302032470703,50
post_phase12_module2_M2-A,M2-A,R071,Lahore mein smog season mein schools band kyun hoti hain aur hukumat kya kar rahi hai,NAT,,ROMAN,roman_char3gram_bm25_method_D,32,10129,45.15737533569336,50
post_phase12_module2_M2-A,M2-A,R071,Lahore mein smog season mein schools band kyun hoti hain aur hukumat kya kar rahi hai,NAT,,ROMAN,roman_char3gram_bm25_method_D,33,94052,44.73918151855469,50
post_phase12_module2_M2-A,M2-A,R071,Lahore mein smog season mein schools band kyun hoti hain aur hukumat kya kar rahi hai,NAT,,ROMAN,roman_char3gram_bm25_method_D,34,13483,44.52641296386719,50
post_phase12_module2_M2-A,M2-A,R071,Lahore mein smog season mein schools band kyun hoti hain aur hukumat kya kar rahi hai,NAT,,ROMAN,roman_char3gram_bm25_method_D,35,10046,44.51045608520508,50
post_phase12_module2_M2-A,M2-A,R071,Lahore mein smog season mein schools band kyun hoti hain aur hukumat kya kar rahi hai,NAT,,ROMAN,roman_char3gram_bm25_method_D,36,56322,44.48356246948242,50
post_phase12_module2_M2-A,M2-A,R071,Lahore mein smog season mein schools band kyun hoti hain aur hukumat kya kar rahi hai,NAT,,ROMAN,roman_char3gram_bm25_method_D,37,14055,44.430843353271484,50
post_phase12_module2_M2-A,M2-A,R071,Lahore mein smog season mein schools band kyun hoti hain aur hukumat kya kar rahi hai,NAT,,ROMAN,roman_char3gram_bm25_method_D,38,13547,43.93842315673828,50
post_phase12_module2_M2-A,M2-A,R071,Lahore mein smog season mein schools band kyun hoti hain aur hukumat kya kar rahi hai,NAT,,ROMAN,roman_char3gram_bm25_method_D,39,89402,43.88602066040039,50
post_phase12_module2_M2-A,M2-A,R071,Lahore mein smog season mein schools band kyun hoti hain aur hukumat kya kar rahi hai,NAT,,ROMAN,roman_char3gram_bm25_method_D,40,3984,43.80595779418945,50
post_phase12_module2_M2-A,M2-A,R071,Lahore mein smog season mein schools band kyun hoti hain aur hukumat kya kar rahi hai,NAT,,ROMAN,roman_char3gram_bm25_method_D,41,111449,43.698909759521484,50
post_phase12_module2_M2-A,M2-A,R071,Lahore mein smog season mein schools band kyun hoti hain aur hukumat kya kar rahi hai,NAT,,ROMAN,roman_char3gram_bm25_method_D,42,99420,43.6575813293457,50
post_phase12_module2_M2-A,M2-A,R071,Lahore mein smog season mein schools band kyun hoti hain aur hukumat kya kar rahi hai,NAT,,ROMAN,roman_char3gram_bm25_method_D,43,91422,43.63886642456055,50
post_phase12_module2_M2-A,M2-A,R071,Lahore mein smog season mein schools band kyun hoti hain aur hukumat kya kar rahi hai,NAT,,ROMAN,roman_char3gram_bm25_method_D,44,28823,43.604366302490234,50
post_phase12_module2_M2-A,M2-A,R071,Lahore mein smog season mein schools band kyun hoti hain aur hukumat kya kar rahi hai,NAT,,ROMAN,roman_char3gram_bm25_method_D,45,7047,43.55288314819336,50
post_phase12_module2_M2-A,M2-A,R071,Lahore mein smog season mein schools band kyun hoti hain aur hukumat kya kar rahi hai,NAT,,ROMAN,roman_char3gram_bm25_method_D,46,107,43.51600646972656,50
post_phase12_module2_M2-A,M2-A,R071,Lahore mein smog season mein schools band kyun hoti hain aur hukumat kya kar rahi hai,NAT,,ROMAN,roman_char3gram_bm25_method_D,47,37231,43.46689224243164,50
post_phase12_module2_M2-A,M2-A,R071,Lahore mein smog season mein schools band kyun hoti hain aur hukumat kya kar rahi hai,NAT,,ROMAN,roman_char3gram_bm25_method_D,48,44513,43.37040710449219,50
post_phase12_module2_M2-A,M2-A,R071,Lahore mein smog season mein schools band kyun hoti hain aur hukumat kya kar rahi hai,NAT,,ROMAN,roman_char3gram_bm25_method_D,49,55666,43.24183654785156,50
post_phase12_module2_M2-A,M2-A,R071,Lahore mein smog season mein schools band kyun hoti hain aur hukumat kya kar rahi hai,NAT,,ROMAN,roman_char3gram_bm25_method_D,50,4007,43.24039077758789,50
post_phase12_module2_M2-A,M2-A,R072,ایشیا کپ 2026 schedule Pakistan,NAT,,MIXED,urdu_char3gram_bm25,1,26590,43.62899398803711,50
post_phase12_module2_M2-A,M2-A,R072,ایشیا کپ 2026 schedule Pakistan,NAT,,MIXED,urdu_char3gram_bm25,2,33113,38.99915313720703,50
post_phase12_module2_M2-A,M2-A,R072,ایشیا کپ 2026 schedule Pakistan,NAT,,MIXED,urdu_char3gram_bm25,3,84126,37.71633529663086,50
post_phase12_module2_M2-A,M2-A,R072,ایشیا کپ 2026 schedule Pakistan,NAT,,MIXED,urdu_char3gram_bm25,4,55132,35.335121154785156,50
post_phase12_module2_M2-A,M2-A,R072,ایشیا کپ 2026 schedule Pakistan,NAT,,MIXED,urdu_char3gram_bm25,5,31206,34.22580337524414,50
post_phase12_module2_M2-A,M2-A,R072,ایشیا کپ 2026 schedule Pakistan,NAT,,MIXED,urdu_char3gram_bm25,6,52062,33.57021713256836,50
post_phase12_module2_M2-A,M2-A,R072,ایشیا کپ 2026 schedule Pakistan,NAT,,MIXED,urdu_char3gram_bm25,7,51995,33.32692337036133,50
post_phase12_module2_M2-A,M2-A,R072,ایشیا کپ 2026 schedule Pakistan,NAT,,MIXED,urdu_char3gram_bm25,8,43179,32.27565002441406,50
post_phase12_module2_M2-A,M2-A,R072,ایشیا کپ 2026 schedule Pakistan,NAT,,MIXED,urdu_char3gram_bm25,9,25002,31.9451904296875,50
post_phase12_module2_M2-A,M2-A,R072,ایشیا کپ 2026 schedule Pakistan,NAT,,MIXED,urdu_char3gram_bm25,10,27072,31.84583854675293,50
post_phase12_module2_M2-A,M2-A,R072,ایشیا کپ 2026 schedule Pakistan,NAT,,MIXED,urdu_char3gram_bm25,11,80899,31.790767669677734,50
post_phase12_module2_M2-A,M2-A,R072,ایشیا کپ 2026 schedule Pakistan,NAT,,MIXED,urdu_char3gram_bm25,12,41550,31.659507751464844,50
post_phase12_module2_M2-A,M2-A,R072,ایشیا کپ 2026 schedule Pakistan,NAT,,MIXED,urdu_char3gram_bm25,13,54108,31.659440994262695,50
post_phase12_module2_M2-A,M2-A,R072,ایشیا کپ 2026 schedule Pakistan,NAT,,MIXED,urdu_char3gram_bm25,14,83397,31.535451889038086,50
post_phase12_module2_M2-A,M2-A,R072,ایشیا کپ 2026 schedule Pakistan,NAT,,MIXED,urdu_char3gram_bm25,15,27820,31.049564361572266,50
post_phase12_module2_M2-A,M2-A,R072,ایشیا کپ 2026 schedule Pakistan,NAT,,MIXED,urdu_char3gram_bm25,16,81002,31.03061294555664,50
post_phase12_module2_M2-A,M2-A,R072,ایشیا کپ 2026 schedule Pakistan,NAT,,MIXED,urdu_char3gram_bm25,17,81262,30.933320999145508,50
post_phase12_module2_M2-A,M2-A,R072,ایشیا کپ 2026 schedule Pakistan,NAT,,MIXED,urdu_char3gram_bm25,18,41552,30.833215713500977,50
post_phase12_module2_M2-A,M2-A,R072,ایشیا کپ 2026 schedule Pakistan,NAT,,MIXED,urdu_char3gram_bm25,19,30560,30.7827205657959,50
post_phase12_module2_M2-A,M2-A,R072,ایشیا کپ 2026 schedule Pakistan,NAT,,MIXED,urdu_char3gram_bm25,20,81439,30.70844078063965,50
post_phase12_module2_M2-A,M2-A,R072,ایشیا کپ 2026 schedule Pakistan,NAT,,MIXED,urdu_char3gram_bm25,21,83385,30.680740356445312,50
post_phase12_module2_M2-A,M2-A,R072,ایشیا کپ 2026 schedule Pakistan,NAT,,MIXED,urdu_char3gram_bm25,22,80901,30.648061752319336,50
post_phase12_module2_M2-A,M2-A,R072,ایشیا کپ 2026 schedule Pakistan,NAT,,MIXED,urdu_char3gram_bm25,23,81593,30.256105422973633,50
post_phase12_module2_M2-A,M2-A,R072,ایشیا کپ 2026 schedule Pakistan,NAT,,MIXED,urdu_char3gram_bm25,24,81440,30.12030601501465,50
post_phase12_module2_M2-A,M2-A,R072,ایشیا کپ 2026 schedule Pakistan,NAT,,MIXED,urdu_char3gram_bm25,25,82785,29.685718536376953,50
post_phase12_module2_M2-A,M2-A,R072,ایشیا کپ 2026 schedule Pakistan,NAT,,MIXED,urdu_char3gram_bm25,26,52175,28.958703994750977,50
post_phase12_module2_M2-A,M2-A,R072,ایشیا کپ 2026 schedule Pakistan,NAT,,MIXED,urdu_char3gram_bm25,27,25425,28.070688247680664,50
post_phase12_module2_M2-A,M2-A,R072,ایشیا کپ 2026 schedule Pakistan,NAT,,MIXED,urdu_char3gram_bm25,28,53336,27.957082748413086,50
post_phase12_module2_M2-A,M2-A,R072,ایشیا کپ 2026 schedule Pakistan,NAT,,MIXED,urdu_char3gram_bm25,29,89232,27.768796920776367,50
post_phase12_module2_M2-A,M2-A,R072,ایشیا کپ 2026 schedule Pakistan,NAT,,MIXED,urdu_char3gram_bm25,30,41961,27.76548194885254,50
post_phase12_module2_M2-A,M2-A,R072,ایشیا کپ 2026 schedule Pakistan,NAT,,MIXED,urdu_char3gram_bm25,31,54583,27.744905471801758,50
post_phase12_module2_M2-A,M2-A,R072,ایشیا کپ 2026 schedule Pakistan,NAT,,MIXED,urdu_char3gram_bm25,32,54623,27.37233543395996,50
post_phase12_module2_M2-A,M2-A,R072,ایشیا کپ 2026 schedule Pakistan,NAT,,MIXED,urdu_char3gram_bm25,33,52443,27.1627197265625,50
post_phase12_module2_M2-A,M2-A,R072,ایشیا کپ 2026 schedule Pakistan,NAT,,MIXED,urdu_char3gram_bm25,34,52457,27.13271713256836,50
post_phase12_module2_M2-A,M2-A,R072,ایشیا کپ 2026 schedule Pakistan,NAT,,MIXED,urdu_char3gram_bm25,35,25003,26.995248794555664,50
post_phase12_module2_M2-A,M2-A,R072,ایشیا کپ 2026 schedule Pakistan,NAT,,MIXED,urdu_char3gram_bm25,36,52275,26.97566032409668,50
post_phase12_module2_M2-A,M2-A,R072,ایشیا کپ 2026 schedule Pakistan,NAT,,MIXED,urdu_char3gram_bm25,37,54109,26.928165435791016,50
post_phase12_module2_M2-A,M2-A,R072,ایشیا کپ 2026 schedule Pakistan,NAT,,MIXED,urdu_char3gram_bm25,38,54225,26.873958587646484,50
post_phase12_module2_M2-A,M2-A,R072,ایشیا کپ 2026 schedule Pakistan,NAT,,MIXED,urdu_char3gram_bm25,39,87240,26.85421371459961,50
post_phase12_module2_M2-A,M2-A,R072,ایشیا کپ 2026 schedule Pakistan,NAT,,MIXED,urdu_char3gram_bm25,40,54635,26.657896041870117,50
post_phase12_module2_M2-A,M2-A,R072,ایشیا کپ 2026 schedule Pakistan,NAT,,MIXED,urdu_char3gram_bm25,41,43454,26.597991943359375,50
post_phase12_module2_M2-A,M2-A,R072,ایشیا کپ 2026 schedule Pakistan,NAT,,MIXED,urdu_char3gram_bm25,42,43455,26.529762268066406,50
post_phase12_module2_M2-A,M2-A,R072,ایشیا کپ 2026 schedule Pakistan,NAT,,MIXED,urdu_char3gram_bm25,43,43512,26.508386611938477,50
post_phase12_module2_M2-A,M2-A,R072,ایشیا کپ 2026 schedule Pakistan,NAT,,MIXED,urdu_char3gram_bm25,44,52319,26.49192237854004,50
post_phase12_module2_M2-A,M2-A,R072,ایشیا کپ 2026 schedule Pakistan,NAT,,MIXED,urdu_char3gram_bm25,45,52193,26.460596084594727,50
post_phase12_module2_M2-A,M2-A,R072,ایشیا کپ 2026 schedule Pakistan,NAT,,MIXED,urdu_char3gram_bm25,46,54630,26.393964767456055,50
post_phase12_module2_M2-A,M2-A,R072,ایشیا کپ 2026 schedule Pakistan,NAT,,MIXED,urdu_char3gram_bm25,47,41977,26.292285919189453,50
post_phase12_module2_M2-A,M2-A,R072,ایشیا کپ 2026 schedule Pakistan,NAT,,MIXED,urdu_char3gram_bm25,48,54561,26.27289390563965,50
post_phase12_module2_M2-A,M2-A,R072,ایشیا کپ 2026 schedule Pakistan,NAT,,MIXED,urdu_char3gram_bm25,49,54624,26.186765670776367,50
post_phase12_module2_M2-A,M2-A,R072,ایشیا کپ 2026 schedule Pakistan,NAT,,MIXED,urdu_char3gram_bm25,50,94753,26.013160705566406,50
post_phase12_module2_M2-A,M2-A,R073,وفاقی budget 2026 kab present hoga,NAT,,MIXED,urdu_char3gram_bm25,1,63867,35.31610107421875,50
post_phase12_module2_M2-A,M2-A,R073,وفاقی budget 2026 kab present hoga,NAT,,MIXED,urdu_char3gram_bm25,2,72822,33.12089538574219,50
post_phase12_module2_M2-A,M2-A,R073,وفاقی budget 2026 kab present hoga,NAT,,MIXED,urdu_char3gram_bm25,3,63328,32.28857421875,50
post_phase12_module2_M2-A,M2-A,R073,وفاقی budget 2026 kab present hoga,NAT,,MIXED,urdu_char3gram_bm25,4,70251,31.392148971557617,50
post_phase12_module2_M2-A,M2-A,R073,وفاقی budget 2026 kab present hoga,NAT,,MIXED,urdu_char3gram_bm25,5,63949,31.241901397705078,50
post_phase12_module2_M2-A,M2-A,R073,وفاقی budget 2026 kab present hoga,NAT,,MIXED,urdu_char3gram_bm25,6,64072,31.072072982788086,50
post_phase12_module2_M2-A,M2-A,R073,وفاقی budget 2026 kab present hoga,NAT,,MIXED,urdu_char3gram_bm25,7,63535,30.987838745117188,50
post_phase12_module2_M2-A,M2-A,R073,وفاقی budget 2026 kab present hoga,NAT,,MIXED,urdu_char3gram_bm25,8,63505,30.958446502685547,50
post_phase12_module2_M2-A,M2-A,R073,وفاقی budget 2026 kab present hoga,NAT,,MIXED,urdu_char3gram_bm25,9,63476,30.93317222595215,50
post_phase12_module2_M2-A,M2-A,R073,وفاقی budget 2026 kab present hoga,NAT,,MIXED,urdu_char3gram_bm25,10,1431,30.717464447021484,50
post_phase12_module2_M2-A,M2-A,R073,وفاقی budget 2026 kab present hoga,NAT,,MIXED,urdu_char3gram_bm25,11,70360,30.50030517578125,50
post_phase12_module2_M2-A,M2-A,R073,وفاقی budget 2026 kab present hoga,NAT,,MIXED,urdu_char3gram_bm25,12,403,30.34458351135254,50
post_phase12_module2_M2-A,M2-A,R073,وفاقی budget 2026 kab present hoga,NAT,,MIXED,urdu_char3gram_bm25,13,63457,30.07542610168457,50
post_phase12_module2_M2-A,M2-A,R073,وفاقی budget 2026 kab present hoga,NAT,,MIXED,urdu_char3gram_bm25,14,84126,29.769981384277344,50
post_phase12_module2_M2-A,M2-A,R073,وفاقی budget 2026 kab present hoga,NAT,,MIXED,urdu_char3gram_bm25,15,72123,29.7448673248291,50
post_phase12_module2_M2-A,M2-A,R073,وفاقی budget 2026 kab present hoga,NAT,,MIXED,urdu_char3gram_bm25,16,109059,29.73828125,50
post_phase12_module2_M2-A,M2-A,R073,وفاقی budget 2026 kab present hoga,NAT,,MIXED,urdu_char3gram_bm25,17,72577,29.731456756591797,50
post_phase12_module2_M2-A,M2-A,R073,وفاقی budget 2026 kab present hoga,NAT,,MIXED,urdu_char3gram_bm25,18,61379,29.639869689941406,50
post_phase12_module2_M2-A,M2-A,R073,وفاقی budget 2026 kab present hoga,NAT,,MIXED,urdu_char3gram_bm25,19,70405,29.59388542175293,50
post_phase12_module2_M2-A,M2-A,R073,وفاقی budget 2026 kab present hoga,NAT,,MIXED,urdu_char3gram_bm25,20,63726,29.548912048339844,50
post_phase12_module2_M2-A,M2-A,R073,وفاقی budget 2026 kab present hoga,NAT,,MIXED,urdu_char3gram_bm25,21,74658,29.408815383911133,50
post_phase12_module2_M2-A,M2-A,R073,وفاقی budget 2026 kab present hoga,NAT,,MIXED,urdu_char3gram_bm25,22,77050,29.380943298339844,50
post_phase12_module2_M2-A,M2-A,R073,وفاقی budget 2026 kab present hoga,NAT,,MIXED,urdu_char3gram_bm25,23,109020,29.35413932800293,50
post_phase12_module2_M2-A,M2-A,R073,وفاقی budget 2026 kab present hoga,NAT,,MIXED,urdu_char3gram_bm25,24,1437,29.333812713623047,50
post_phase12_module2_M2-A,M2-A,R073,وفاقی budget 2026 kab present hoga,NAT,,MIXED,urdu_char3gram_bm25,25,218,29.30529022216797,50
post_phase12_module2_M2-A,M2-A,R073,وفاقی budget 2026 kab present hoga,NAT,,MIXED,urdu_char3gram_bm25,26,21236,29.259849548339844,50
post_phase12_module2_M2-A,M2-A,R073,وفاقی budget 2026 kab present hoga,NAT,,MIXED,urdu_char3gram_bm25,27,71597,29.117563247680664,50
post_phase12_module2_M2-A,M2-A,R073,وفاقی budget 2026 kab present hoga,NAT,,MIXED,urdu_char3gram_bm25,28,71245,29.05484390258789,50
post_phase12_module2_M2-A,M2-A,R073,وفاقی budget 2026 kab present hoga,NAT,,MIXED,urdu_char3gram_bm25,29,110061,29.038537979125977,50
post_phase12_module2_M2-A,M2-A,R073,وفاقی budget 2026 kab present hoga,NAT,,MIXED,urdu_char3gram_bm25,30,26590,29.033756256103516,50
post_phase12_module2_M2-A,M2-A,R073,وفاقی budget 2026 kab present hoga,NAT,,MIXED,urdu_char3gram_bm25,31,63274,29.032852172851562,50
post_phase12_module2_M2-A,M2-A,R073,وفاقی budget 2026 kab present hoga,NAT,,MIXED,urdu_char3gram_bm25,32,111327,29.03121566772461,50
post_phase12_module2_M2-A,M2-A,R073,وفاقی budget 2026 kab present hoga,NAT,,MIXED,urdu_char3gram_bm25,33,60655,29.017807006835938,50
post_phase12_module2_M2-A,M2-A,R073,وفاقی budget 2026 kab present hoga,NAT,,MIXED,urdu_char3gram_bm25,34,78578,28.984224319458008,50
post_phase12_module2_M2-A,M2-A,R073,وفاقی budget 2026 kab present hoga,NAT,,MIXED,urdu_char3gram_bm25,35,72187,28.958580017089844,50
post_phase12_module2_M2-A,M2-A,R073,وفاقی budget 2026 kab present hoga,NAT,,MIXED,urdu_char3gram_bm25,36,64003,28.942420959472656,50
post_phase12_module2_M2-A,M2-A,R073,وفاقی budget 2026 kab present hoga,NAT,,MIXED,urdu_char3gram_bm25,37,63343,28.94078254699707,50
post_phase12_module2_M2-A,M2-A,R073,وفاقی budget 2026 kab present hoga,NAT,,MIXED,urdu_char3gram_bm25,38,64711,28.768310546875,50
post_phase12_module2_M2-A,M2-A,R073,وفاقی budget 2026 kab present hoga,NAT,,MIXED,urdu_char3gram_bm25,39,70112,28.702524185180664,50
post_phase12_module2_M2-A,M2-A,R073,وفاقی budget 2026 kab present hoga,NAT,,MIXED,urdu_char3gram_bm25,40,61064,28.672216415405273,50
post_phase12_module2_M2-A,M2-A,R073,وفاقی budget 2026 kab present hoga,NAT,,MIXED,urdu_char3gram_bm25,41,63470,28.664306640625,50
post_phase12_module2_M2-A,M2-A,R073,وفاقی budget 2026 kab present hoga,NAT,,MIXED,urdu_char3gram_bm25,42,71064,28.579200744628906,50
post_phase12_module2_M2-A,M2-A,R073,وفاقی budget 2026 kab present hoga,NAT,,MIXED,urdu_char3gram_bm25,43,63388,28.54941749572754,50
post_phase12_module2_M2-A,M2-A,R073,وفاقی budget 2026 kab present hoga,NAT,,MIXED,urdu_char3gram_bm25,44,63772,28.501934051513672,50
post_phase12_module2_M2-A,M2-A,R073,وفاقی budget 2026 kab present hoga,NAT,,MIXED,urdu_char3gram_bm25,45,72470,28.449607849121094,50
post_phase12_module2_M2-A,M2-A,R073,وفاقی budget 2026 kab present hoga,NAT,,MIXED,urdu_char3gram_bm25,46,65800,28.421987533569336,50
post_phase12_module2_M2-A,M2-A,R073,وفاقی budget 2026 kab present hoga,NAT,,MIXED,urdu_char3gram_bm25,47,64063,28.417375564575195,50
post_phase12_module2_M2-A,M2-A,R073,وفاقی budget 2026 kab present hoga,NAT,,MIXED,urdu_char3gram_bm25,48,74709,28.39805030822754,50
post_phase12_module2_M2-A,M2-A,R073,وفاقی budget 2026 kab present hoga,NAT,,MIXED,urdu_char3gram_bm25,49,575,28.396879196166992,50
post_phase12_module2_M2-A,M2-A,R073,وفاقی budget 2026 kab present hoga,NAT,,MIXED,urdu_char3gram_bm25,50,3510,28.335899353027344,50
post_phase12_module2_M2-A,M2-A,R074,mahira khan new film,NAT,,ROMAN,roman_char3gram_bm25_method_D,1,66699,28.9489688873291,50
post_phase12_module2_M2-A,M2-A,R074,mahira khan new film,NAT,,ROMAN,roman_char3gram_bm25_method_D,2,9272,26.20279312133789,50
post_phase12_module2_M2-A,M2-A,R074,mahira khan new film,NAT,,ROMAN,roman_char3gram_bm25_method_D,3,9054,26.186782836914062,50
post_phase12_module2_M2-A,M2-A,R074,mahira khan new film,NAT,,ROMAN,roman_char3gram_bm25_method_D,4,8691,25.6975154876709,50
post_phase12_module2_M2-A,M2-A,R074,mahira khan new film,NAT,,ROMAN,roman_char3gram_bm25_method_D,5,9160,25.49457359313965,50
post_phase12_module2_M2-A,M2-A,R074,mahira khan new film,NAT,,ROMAN,roman_char3gram_bm25_method_D,6,67109,25.241901397705078,50
post_phase12_module2_M2-A,M2-A,R074,mahira khan new film,NAT,,ROMAN,roman_char3gram_bm25_method_D,7,6288,25.19002342224121,50
post_phase12_module2_M2-A,M2-A,R074,mahira khan new film,NAT,,ROMAN,roman_char3gram_bm25_method_D,8,15059,25.058544158935547,50
post_phase12_module2_M2-A,M2-A,R074,mahira khan new film,NAT,,ROMAN,roman_char3gram_bm25_method_D,9,98551,25.055139541625977,50
post_phase12_module2_M2-A,M2-A,R074,mahira khan new film,NAT,,ROMAN,roman_char3gram_bm25_method_D,10,12814,24.916458129882812,50
post_phase12_module2_M2-A,M2-A,R074,mahira khan new film,NAT,,ROMAN,roman_char3gram_bm25_method_D,11,66751,24.90052604675293,50
post_phase12_module2_M2-A,M2-A,R074,mahira khan new film,NAT,,ROMAN,roman_char3gram_bm25_method_D,12,10368,24.84401512145996,50
post_phase12_module2_M2-A,M2-A,R074,mahira khan new film,NAT,,ROMAN,roman_char3gram_bm25_method_D,13,67722,24.60650634765625,50
post_phase12_module2_M2-A,M2-A,R074,mahira khan new film,NAT,,ROMAN,roman_char3gram_bm25_method_D,14,7379,24.49332046508789,50
post_phase12_module2_M2-A,M2-A,R074,mahira khan new film,NAT,,ROMAN,roman_char3gram_bm25_method_D,15,8413,24.489421844482422,50
post_phase12_module2_M2-A,M2-A,R074,mahira khan new film,NAT,,ROMAN,roman_char3gram_bm25_method_D,16,11735,24.470476150512695,50
post_phase12_module2_M2-A,M2-A,R074,mahira khan new film,NAT,,ROMAN,roman_char3gram_bm25_method_D,17,6641,24.303993225097656,50
post_phase12_module2_M2-A,M2-A,R074,mahira khan new film,NAT,,ROMAN,roman_char3gram_bm25_method_D,18,10386,24.28769302368164,50
post_phase12_module2_M2-A,M2-A,R074,mahira khan new film,NAT,,ROMAN,roman_char3gram_bm25_method_D,19,11886,24.04813575744629,50
post_phase12_module2_M2-A,M2-A,R074,mahira khan new film,NAT,,ROMAN,roman_char3gram_bm25_method_D,20,67652,23.995922088623047,50
post_phase12_module2_M2-A,M2-A,R074,mahira khan new film,NAT,,ROMAN,roman_char3gram_bm25_method_D,21,10339,23.92901611328125,50
post_phase12_module2_M2-A,M2-A,R074,mahira khan new film,NAT,,ROMAN,roman_char3gram_bm25_method_D,22,6552,23.869094848632812,50
post_phase12_module2_M2-A,M2-A,R074,mahira khan new film,NAT,,ROMAN,roman_char3gram_bm25_method_D,23,10146,23.83615493774414,50
post_phase12_module2_M2-A,M2-A,R074,mahira khan new film,NAT,,ROMAN,roman_char3gram_bm25_method_D,24,17111,23.83356475830078,50
post_phase12_module2_M2-A,M2-A,R074,mahira khan new film,NAT,,ROMAN,roman_char3gram_bm25_method_D,25,5385,23.56669044494629,50
post_phase12_module2_M2-A,M2-A,R074,mahira khan new film,NAT,,ROMAN,roman_char3gram_bm25_method_D,26,8854,23.54071807861328,50
post_phase12_module2_M2-A,M2-A,R074,mahira khan new film,NAT,,ROMAN,roman_char3gram_bm25_method_D,27,11029,23.46504020690918,50
post_phase12_module2_M2-A,M2-A,R074,mahira khan new film,NAT,,ROMAN,roman_char3gram_bm25_method_D,28,101705,23.458106994628906,50
post_phase12_module2_M2-A,M2-A,R074,mahira khan new film,NAT,,ROMAN,roman_char3gram_bm25_method_D,29,5244,23.440494537353516,50
post_phase12_module2_M2-A,M2-A,R074,mahira khan new film,NAT,,ROMAN,roman_char3gram_bm25_method_D,30,101722,23.408077239990234,50
post_phase12_module2_M2-A,M2-A,R074,mahira khan new film,NAT,,ROMAN,roman_char3gram_bm25_method_D,31,100361,23.396780014038086,50
post_phase12_module2_M2-A,M2-A,R074,mahira khan new film,NAT,,ROMAN,roman_char3gram_bm25_method_D,32,10067,23.372440338134766,50
post_phase12_module2_M2-A,M2-A,R074,mahira khan new film,NAT,,ROMAN,roman_char3gram_bm25_method_D,33,8672,23.327133178710938,50
post_phase12_module2_M2-A,M2-A,R074,mahira khan new film,NAT,,ROMAN,roman_char3gram_bm25_method_D,34,10482,23.312408447265625,50
post_phase12_module2_M2-A,M2-A,R074,mahira khan new film,NAT,,ROMAN,roman_char3gram_bm25_method_D,35,108112,23.238561630249023,50
post_phase12_module2_M2-A,M2-A,R074,mahira khan new film,NAT,,ROMAN,roman_char3gram_bm25_method_D,36,10494,23.19866943359375,50
post_phase12_module2_M2-A,M2-A,R074,mahira khan new film,NAT,,ROMAN,roman_char3gram_bm25_method_D,37,10842,23.17587661743164,50
post_phase12_module2_M2-A,M2-A,R074,mahira khan new film,NAT,,ROMAN,roman_char3gram_bm25_method_D,38,6536,23.1409969329834,50
post_phase12_module2_M2-A,M2-A,R074,mahira khan new film,NAT,,ROMAN,roman_char3gram_bm25_method_D,39,10544,23.08365821838379,50
post_phase12_module2_M2-A,M2-A,R074,mahira khan new film,NAT,,ROMAN,roman_char3gram_bm25_method_D,40,7261,23.044692993164062,50
post_phase12_module2_M2-A,M2-A,R074,mahira khan new film,NAT,,ROMAN,roman_char3gram_bm25_method_D,41,8893,23.03850746154785,50
post_phase12_module2_M2-A,M2-A,R074,mahira khan new film,NAT,,ROMAN,roman_char3gram_bm25_method_D,42,6578,23.03232192993164,50
post_phase12_module2_M2-A,M2-A,R074,mahira khan new film,NAT,,ROMAN,roman_char3gram_bm25_method_D,43,10074,23.001386642456055,50
post_phase12_module2_M2-A,M2-A,R074,mahira khan new film,NAT,,ROMAN,roman_char3gram_bm25_method_D,44,12969,22.869909286499023,50
post_phase12_module2_M2-A,M2-A,R074,mahira khan new film,NAT,,ROMAN,roman_char3gram_bm25_method_D,45,10644,22.86454963684082,50
post_phase12_module2_M2-A,M2-A,R074,mahira khan new film,NAT,,ROMAN,roman_char3gram_bm25_method_D,46,10289,22.858909606933594,50
post_phase12_module2_M2-A,M2-A,R074,mahira khan new film,NAT,,ROMAN,roman_char3gram_bm25_method_D,47,69821,22.827024459838867,50
post_phase12_module2_M2-A,M2-A,R074,mahira khan new film,NAT,,ROMAN,roman_char3gram_bm25_method_D,48,9264,22.823013305664062,50
post_phase12_module2_M2-A,M2-A,R074,mahira khan new film,NAT,,ROMAN,roman_char3gram_bm25_method_D,49,11878,22.77387046813965,50
post_phase12_module2_M2-A,M2-A,R074,mahira khan new film,NAT,,ROMAN,roman_char3gram_bm25_method_D,50,8850,22.756546020507812,50
post_phase12_module2_M2-A,M2-A,R075,AI tools ki wajah se Pakistan mein naujawan developers ke liye opportunities ka kya hoga,NAT,,ROMAN,roman_char3gram_bm25_method_D,1,83075,44.09720230102539,50
post_phase12_module2_M2-A,M2-A,R075,AI tools ki wajah se Pakistan mein naujawan developers ke liye opportunities ka kya hoga,NAT,,ROMAN,roman_char3gram_bm25_method_D,2,28814,37.26663589477539,50
post_phase12_module2_M2-A,M2-A,R075,AI tools ki wajah se Pakistan mein naujawan developers ke liye opportunities ka kya hoga,NAT,,ROMAN,roman_char3gram_bm25_method_D,3,25472,36.66720962524414,50
post_phase12_module2_M2-A,M2-A,R075,AI tools ki wajah se Pakistan mein naujawan developers ke liye opportunities ka kya hoga,NAT,,ROMAN,roman_char3gram_bm25_method_D,4,25638,36.41242599487305,50
post_phase12_module2_M2-A,M2-A,R075,AI tools ki wajah se Pakistan mein naujawan developers ke liye opportunities ka kya hoga,NAT,,ROMAN,roman_char3gram_bm25_method_D,5,87859,36.233375549316406,50
post_phase12_module2_M2-A,M2-A,R075,AI tools ki wajah se Pakistan mein naujawan developers ke liye opportunities ka kya hoga,NAT,,ROMAN,roman_char3gram_bm25_method_D,6,11733,36.008914947509766,50
post_phase12_module2_M2-A,M2-A,R075,AI tools ki wajah se Pakistan mein naujawan developers ke liye opportunities ka kya hoga,NAT,,ROMAN,roman_char3gram_bm25_method_D,7,85829,35.82857894897461,50
post_phase12_module2_M2-A,M2-A,R075,AI tools ki wajah se Pakistan mein naujawan developers ke liye opportunities ka kya hoga,NAT,,ROMAN,roman_char3gram_bm25_method_D,8,70303,35.75144958496094,50
post_phase12_module2_M2-A,M2-A,R075,AI tools ki wajah se Pakistan mein naujawan developers ke liye opportunities ka kya hoga,NAT,,ROMAN,roman_char3gram_bm25_method_D,9,61295,35.49922180175781,50
post_phase12_module2_M2-A,M2-A,R075,AI tools ki wajah se Pakistan mein naujawan developers ke liye opportunities ka kya hoga,NAT,,ROMAN,roman_char3gram_bm25_method_D,10,91518,35.41670608520508,50
post_phase12_module2_M2-A,M2-A,R075,AI tools ki wajah se Pakistan mein naujawan developers ke liye opportunities ka kya hoga,NAT,,ROMAN,roman_char3gram_bm25_method_D,11,41095,35.30653381347656,50
post_phase12_module2_M2-A,M2-A,R075,AI tools ki wajah se Pakistan mein naujawan developers ke liye opportunities ka kya hoga,NAT,,ROMAN,roman_char3gram_bm25_method_D,12,87710,35.23280715942383,50
post_phase12_module2_M2-A,M2-A,R075,AI tools ki wajah se Pakistan mein naujawan developers ke liye opportunities ka kya hoga,NAT,,ROMAN,roman_char3gram_bm25_method_D,13,87842,35.14852523803711,50
post_phase12_module2_M2-A,M2-A,R075,AI tools ki wajah se Pakistan mein naujawan developers ke liye opportunities ka kya hoga,NAT,,ROMAN,roman_char3gram_bm25_method_D,14,26709,34.83439636230469,50
post_phase12_module2_M2-A,M2-A,R075,AI tools ki wajah se Pakistan mein naujawan developers ke liye opportunities ka kya hoga,NAT,,ROMAN,roman_char3gram_bm25_method_D,15,93724,34.82154083251953,50
post_phase12_module2_M2-A,M2-A,R075,AI tools ki wajah se Pakistan mein naujawan developers ke liye opportunities ka kya hoga,NAT,,ROMAN,roman_char3gram_bm25_method_D,16,2399,34.7333984375,50
post_phase12_module2_M2-A,M2-A,R075,AI tools ki wajah se Pakistan mein naujawan developers ke liye opportunities ka kya hoga,NAT,,ROMAN,roman_char3gram_bm25_method_D,17,16534,34.64706039428711,50
post_phase12_module2_M2-A,M2-A,R075,AI tools ki wajah se Pakistan mein naujawan developers ke liye opportunities ka kya hoga,NAT,,ROMAN,roman_char3gram_bm25_method_D,18,83060,34.625587463378906,50
post_phase12_module2_M2-A,M2-A,R075,AI tools ki wajah se Pakistan mein naujawan developers ke liye opportunities ka kya hoga,NAT,,ROMAN,roman_char3gram_bm25_method_D,19,93157,34.37123489379883,50
post_phase12_module2_M2-A,M2-A,R075,AI tools ki wajah se Pakistan mein naujawan developers ke liye opportunities ka kya hoga,NAT,,ROMAN,roman_char3gram_bm25_method_D,20,74936,34.31599426269531,50
post_phase12_module2_M2-A,M2-A,R075,AI tools ki wajah se Pakistan mein naujawan developers ke liye opportunities ka kya hoga,NAT,,ROMAN,roman_char3gram_bm25_method_D,21,38870,34.04084777832031,50
post_phase12_module2_M2-A,M2-A,R075,AI tools ki wajah se Pakistan mein naujawan developers ke liye opportunities ka kya hoga,NAT,,ROMAN,roman_char3gram_bm25_method_D,22,3540,34.02769470214844,50
post_phase12_module2_M2-A,M2-A,R075,AI tools ki wajah se Pakistan mein naujawan developers ke liye opportunities ka kya hoga,NAT,,ROMAN,roman_char3gram_bm25_method_D,23,88663,33.98545837402344,50
post_phase12_module2_M2-A,M2-A,R075,AI tools ki wajah se Pakistan mein naujawan developers ke liye opportunities ka kya hoga,NAT,,ROMAN,roman_char3gram_bm25_method_D,24,2470,33.79343795776367,50
post_phase12_module2_M2-A,M2-A,R075,AI tools ki wajah se Pakistan mein naujawan developers ke liye opportunities ka kya hoga,NAT,,ROMAN,roman_char3gram_bm25_method_D,25,91496,33.746944427490234,50
post_phase12_module2_M2-A,M2-A,R075,AI tools ki wajah se Pakistan mein naujawan developers ke liye opportunities ka kya hoga,NAT,,ROMAN,roman_char3gram_bm25_method_D,26,71275,33.72785186767578,50
post_phase12_module2_M2-A,M2-A,R075,AI tools ki wajah se Pakistan mein naujawan developers ke liye opportunities ka kya hoga,NAT,,ROMAN,roman_char3gram_bm25_method_D,27,76206,33.70853042602539,50
post_phase12_module2_M2-A,M2-A,R075,AI tools ki wajah se Pakistan mein naujawan developers ke liye opportunities ka kya hoga,NAT,,ROMAN,roman_char3gram_bm25_method_D,28,31346,33.66847229003906,50
post_phase12_module2_M2-A,M2-A,R075,AI tools ki wajah se Pakistan mein naujawan developers ke liye opportunities ka kya hoga,NAT,,ROMAN,roman_char3gram_bm25_method_D,29,45765,33.644229888916016,50
post_phase12_module2_M2-A,M2-A,R075,AI tools ki wajah se Pakistan mein naujawan developers ke liye opportunities ka kya hoga,NAT,,ROMAN,roman_char3gram_bm25_method_D,30,70068,33.564735412597656,50
post_phase12_module2_M2-A,M2-A,R075,AI tools ki wajah se Pakistan mein naujawan developers ke liye opportunities ka kya hoga,NAT,,ROMAN,roman_char3gram_bm25_method_D,31,71448,33.55319595336914,50
post_phase12_module2_M2-A,M2-A,R075,AI tools ki wajah se Pakistan mein naujawan developers ke liye opportunities ka kya hoga,NAT,,ROMAN,roman_char3gram_bm25_method_D,32,26863,33.54542922973633,50
post_phase12_module2_M2-A,M2-A,R075,AI tools ki wajah se Pakistan mein naujawan developers ke liye opportunities ka kya hoga,NAT,,ROMAN,roman_char3gram_bm25_method_D,33,97928,33.536102294921875,50
post_phase12_module2_M2-A,M2-A,R075,AI tools ki wajah se Pakistan mein naujawan developers ke liye opportunities ka kya hoga,NAT,,ROMAN,roman_char3gram_bm25_method_D,34,111660,33.428245544433594,50
post_phase12_module2_M2-A,M2-A,R075,AI tools ki wajah se Pakistan mein naujawan developers ke liye opportunities ka kya hoga,NAT,,ROMAN,roman_char3gram_bm25_method_D,35,57448,33.39181900024414,50
post_phase12_module2_M2-A,M2-A,R075,AI tools ki wajah se Pakistan mein naujawan developers ke liye opportunities ka kya hoga,NAT,,ROMAN,roman_char3gram_bm25_method_D,36,10199,33.381683349609375,50
post_phase12_module2_M2-A,M2-A,R075,AI tools ki wajah se Pakistan mein naujawan developers ke liye opportunities ka kya hoga,NAT,,ROMAN,roman_char3gram_bm25_method_D,37,60778,33.37379455566406,50
post_phase12_module2_M2-A,M2-A,R075,AI tools ki wajah se Pakistan mein naujawan developers ke liye opportunities ka kya hoga,NAT,,ROMAN,roman_char3gram_bm25_method_D,38,34859,33.35441589355469,50
post_phase12_module2_M2-A,M2-A,R075,AI tools ki wajah se Pakistan mein naujawan developers ke liye opportunities ka kya hoga,NAT,,ROMAN,roman_char3gram_bm25_method_D,39,8031,33.349143981933594,50
post_phase12_module2_M2-A,M2-A,R075,AI tools ki wajah se Pakistan mein naujawan developers ke liye opportunities ka kya hoga,NAT,,ROMAN,roman_char3gram_bm25_method_D,40,27471,33.2968864440918,50
post_phase12_module2_M2-A,M2-A,R075,AI tools ki wajah se Pakistan mein naujawan developers ke liye opportunities ka kya hoga,NAT,,ROMAN,roman_char3gram_bm25_method_D,41,111088,33.27228546142578,50
post_phase12_module2_M2-A,M2-A,R075,AI tools ki wajah se Pakistan mein naujawan developers ke liye opportunities ka kya hoga,NAT,,ROMAN,roman_char3gram_bm25_method_D,42,53863,33.2629280090332,50
post_phase12_module2_M2-A,M2-A,R075,AI tools ki wajah se Pakistan mein naujawan developers ke liye opportunities ka kya hoga,NAT,,ROMAN,roman_char3gram_bm25_method_D,43,73487,33.24283218383789,50
post_phase12_module2_M2-A,M2-A,R075,AI tools ki wajah se Pakistan mein naujawan developers ke liye opportunities ka kya hoga,NAT,,ROMAN,roman_char3gram_bm25_method_D,44,57209,33.24166488647461,50
post_phase12_module2_M2-A,M2-A,R075,AI tools ki wajah se Pakistan mein naujawan developers ke liye opportunities ka kya hoga,NAT,,ROMAN,roman_char3gram_bm25_method_D,45,421,33.24014663696289,50
post_phase12_module2_M2-A,M2-A,R075,AI tools ki wajah se Pakistan mein naujawan developers ke liye opportunities ka kya hoga,NAT,,ROMAN,roman_char3gram_bm25_method_D,46,21741,33.125099182128906,50
post_phase12_module2_M2-A,M2-A,R075,AI tools ki wajah se Pakistan mein naujawan developers ke liye opportunities ka kya hoga,NAT,,ROMAN,roman_char3gram_bm25_method_D,47,55566,33.05876922607422,50
post_phase12_module2_M2-A,M2-A,R075,AI tools ki wajah se Pakistan mein naujawan developers ke liye opportunities ka kya hoga,NAT,,ROMAN,roman_char3gram_bm25_method_D,48,12042,32.94743347167969,50
post_phase12_module2_M2-A,M2-A,R075,AI tools ki wajah se Pakistan mein naujawan developers ke liye opportunities ka kya hoga,NAT,,ROMAN,roman_char3gram_bm25_method_D,49,26727,32.833396911621094,50
post_phase12_module2_M2-A,M2-A,R075,AI tools ki wajah se Pakistan mein naujawan developers ke liye opportunities ka kya hoga,NAT,,ROMAN,roman_char3gram_bm25_method_D,50,8637,32.702022552490234,50
post_phase12_module2_M2-A,M2-A,R076,Islamabad ka موسم aaj kaisa hai,NAT,,MIXED,urdu_char3gram_bm25,1,50869,23.405933380126953,50
post_phase12_module2_M2-A,M2-A,R076,Islamabad ka موسم aaj kaisa hai,NAT,,MIXED,urdu_char3gram_bm25,2,42714,23.36227035522461,50
post_phase12_module2_M2-A,M2-A,R076,Islamabad ka موسم aaj kaisa hai,NAT,,MIXED,urdu_char3gram_bm25,3,49285,23.149837493896484,50
post_phase12_module2_M2-A,M2-A,R076,Islamabad ka موسم aaj kaisa hai,NAT,,MIXED,urdu_char3gram_bm25,4,50089,22.938928604125977,50
post_phase12_module2_M2-A,M2-A,R076,Islamabad ka موسم aaj kaisa hai,NAT,,MIXED,urdu_char3gram_bm25,5,101094,22.80825424194336,50
post_phase12_module2_M2-A,M2-A,R076,Islamabad ka موسم aaj kaisa hai,NAT,,MIXED,urdu_char3gram_bm25,6,48452,22.693052291870117,50
post_phase12_module2_M2-A,M2-A,R076,Islamabad ka موسم aaj kaisa hai,NAT,,MIXED,urdu_char3gram_bm25,7,36310,22.628387451171875,50
post_phase12_module2_M2-A,M2-A,R076,Islamabad ka موسم aaj kaisa hai,NAT,,MIXED,urdu_char3gram_bm25,8,18336,22.61559295654297,50
post_phase12_module2_M2-A,M2-A,R076,Islamabad ka موسم aaj kaisa hai,NAT,,MIXED,urdu_char3gram_bm25,9,48525,22.364700317382812,50
post_phase12_module2_M2-A,M2-A,R076,Islamabad ka موسم aaj kaisa hai,NAT,,MIXED,urdu_char3gram_bm25,10,100879,22.295740127563477,50
post_phase12_module2_M2-A,M2-A,R076,Islamabad ka موسم aaj kaisa hai,NAT,,MIXED,urdu_char3gram_bm25,11,37449,22.15135955810547,50
post_phase12_module2_M2-A,M2-A,R076,Islamabad ka موسم aaj kaisa hai,NAT,,MIXED,urdu_char3gram_bm25,12,60837,21.810457229614258,50
post_phase12_module2_M2-A,M2-A,R076,Islamabad ka موسم aaj kaisa hai,NAT,,MIXED,urdu_char3gram_bm25,13,72857,21.80944061279297,50
post_phase12_module2_M2-A,M2-A,R076,Islamabad ka موسم aaj kaisa hai,NAT,,MIXED,urdu_char3gram_bm25,14,64066,21.778738021850586,50
post_phase12_module2_M2-A,M2-A,R076,Islamabad ka موسم aaj kaisa hai,NAT,,MIXED,urdu_char3gram_bm25,15,106094,21.702251434326172,50
post_phase12_module2_M2-A,M2-A,R076,Islamabad ka موسم aaj kaisa hai,NAT,,MIXED,urdu_char3gram_bm25,16,75119,21.67795753479004,50
post_phase12_module2_M2-A,M2-A,R076,Islamabad ka موسم aaj kaisa hai,NAT,,MIXED,urdu_char3gram_bm25,17,59699,21.677404403686523,50
post_phase12_module2_M2-A,M2-A,R076,Islamabad ka موسم aaj kaisa hai,NAT,,MIXED,urdu_char3gram_bm25,18,50934,21.660612106323242,50
post_phase12_module2_M2-A,M2-A,R076,Islamabad ka موسم aaj kaisa hai,NAT,,MIXED,urdu_char3gram_bm25,19,48667,21.648326873779297,50
post_phase12_module2_M2-A,M2-A,R076,Islamabad ka موسم aaj kaisa hai,NAT,,MIXED,urdu_char3gram_bm25,20,40599,21.6335506439209,50
post_phase12_module2_M2-A,M2-A,R076,Islamabad ka موسم aaj kaisa hai,NAT,,MIXED,urdu_char3gram_bm25,21,69625,21.59996223449707,50
post_phase12_module2_M2-A,M2-A,R076,Islamabad ka موسم aaj kaisa hai,NAT,,MIXED,urdu_char3gram_bm25,22,48672,21.58795738220215,50
post_phase12_module2_M2-A,M2-A,R076,Islamabad ka موسم aaj kaisa hai,NAT,,MIXED,urdu_char3gram_bm25,23,60894,21.579132080078125,50
post_phase12_module2_M2-A,M2-A,R076,Islamabad ka موسم aaj kaisa hai,NAT,,MIXED,urdu_char3gram_bm25,24,49761,21.562721252441406,50
post_phase12_module2_M2-A,M2-A,R076,Islamabad ka موسم aaj kaisa hai,NAT,,MIXED,urdu_char3gram_bm25,25,51756,21.51205062866211,50
post_phase12_module2_M2-A,M2-A,R076,Islamabad ka موسم aaj kaisa hai,NAT,,MIXED,urdu_char3gram_bm25,26,50684,21.455751419067383,50
post_phase12_module2_M2-A,M2-A,R076,Islamabad ka موسم aaj kaisa hai,NAT,,MIXED,urdu_char3gram_bm25,27,106218,21.448261260986328,50
post_phase12_module2_M2-A,M2-A,R076,Islamabad ka موسم aaj kaisa hai,NAT,,MIXED,urdu_char3gram_bm25,28,48223,21.448040008544922,50
post_phase12_module2_M2-A,M2-A,R076,Islamabad ka موسم aaj kaisa hai,NAT,,MIXED,urdu_char3gram_bm25,29,72829,21.424562454223633,50
post_phase12_module2_M2-A,M2-A,R076,Islamabad ka موسم aaj kaisa hai,NAT,,MIXED,urdu_char3gram_bm25,30,61780,21.38578987121582,50
post_phase12_module2_M2-A,M2-A,R076,Islamabad ka موسم aaj kaisa hai,NAT,,MIXED,urdu_char3gram_bm25,31,72898,21.26194953918457,50
post_phase12_module2_M2-A,M2-A,R076,Islamabad ka موسم aaj kaisa hai,NAT,,MIXED,urdu_char3gram_bm25,32,97485,21.227996826171875,50
post_phase12_module2_M2-A,M2-A,R076,Islamabad ka موسم aaj kaisa hai,NAT,,MIXED,urdu_char3gram_bm25,33,40089,21.178218841552734,50
post_phase12_module2_M2-A,M2-A,R076,Islamabad ka موسم aaj kaisa hai,NAT,,MIXED,urdu_char3gram_bm25,34,62585,21.146751403808594,50
post_phase12_module2_M2-A,M2-A,R076,Islamabad ka موسم aaj kaisa hai,NAT,,MIXED,urdu_char3gram_bm25,35,100484,21.102455139160156,50
post_phase12_module2_M2-A,M2-A,R076,Islamabad ka موسم aaj kaisa hai,NAT,,MIXED,urdu_char3gram_bm25,36,49158,21.070119857788086,50
post_phase12_module2_M2-A,M2-A,R076,Islamabad ka موسم aaj kaisa hai,NAT,,MIXED,urdu_char3gram_bm25,37,74545,21.062894821166992,50
post_phase12_module2_M2-A,M2-A,R076,Islamabad ka موسم aaj kaisa hai,NAT,,MIXED,urdu_char3gram_bm25,38,18590,20.987110137939453,50
post_phase12_module2_M2-A,M2-A,R076,Islamabad ka موسم aaj kaisa hai,NAT,,MIXED,urdu_char3gram_bm25,39,48203,20.866886138916016,50
post_phase12_module2_M2-A,M2-A,R076,Islamabad ka موسم aaj kaisa hai,NAT,,MIXED,urdu_char3gram_bm25,40,15389,20.84192657470703,50
post_phase12_module2_M2-A,M2-A,R076,Islamabad ka موسم aaj kaisa hai,NAT,,MIXED,urdu_char3gram_bm25,41,18267,20.812301635742188,50
post_phase12_module2_M2-A,M2-A,R076,Islamabad ka موسم aaj kaisa hai,NAT,,MIXED,urdu_char3gram_bm25,42,24710,20.77594566345215,50
post_phase12_module2_M2-A,M2-A,R076,Islamabad ka موسم aaj kaisa hai,NAT,,MIXED,urdu_char3gram_bm25,43,108455,20.692447662353516,50
post_phase12_module2_M2-A,M2-A,R076,Islamabad ka موسم aaj kaisa hai,NAT,,MIXED,urdu_char3gram_bm25,44,49086,20.69216537475586,50
post_phase12_module2_M2-A,M2-A,R076,Islamabad ka موسم aaj kaisa hai,NAT,,MIXED,urdu_char3gram_bm25,45,76695,20.5822811126709,50
post_phase12_module2_M2-A,M2-A,R076,Islamabad ka موسم aaj kaisa hai,NAT,,MIXED,urdu_char3gram_bm25,46,102719,20.5822811126709,50
post_phase12_module2_M2-A,M2-A,R076,Islamabad ka موسم aaj kaisa hai,NAT,,MIXED,urdu_char3gram_bm25,47,44157,20.56862449645996,50
post_phase12_module2_M2-A,M2-A,R076,Islamabad ka موسم aaj kaisa hai,NAT,,MIXED,urdu_char3gram_bm25,48,48297,20.428421020507812,50
post_phase12_module2_M2-A,M2-A,R076,Islamabad ka موسم aaj kaisa hai,NAT,,MIXED,urdu_char3gram_bm25,49,15712,20.403610229492188,50
post_phase12_module2_M2-A,M2-A,R076,Islamabad ka موسم aaj kaisa hai,NAT,,MIXED,urdu_char3gram_bm25,50,104469,20.38957977294922,50
post_phase12_module2_M2-A,M2-A,R077,ghar ke liye solar panel price in Pakistan,NAT,,ROMAN,roman_char3gram_bm25_method_D,1,61954,38.73048400878906,50
post_phase12_module2_M2-A,M2-A,R077,ghar ke liye solar panel price in Pakistan,NAT,,ROMAN,roman_char3gram_bm25_method_D,2,61956,38.19288635253906,50
post_phase12_module2_M2-A,M2-A,R077,ghar ke liye solar panel price in Pakistan,NAT,,ROMAN,roman_char3gram_bm25_method_D,3,111198,35.18291473388672,50
post_phase12_module2_M2-A,M2-A,R077,ghar ke liye solar panel price in Pakistan,NAT,,ROMAN,roman_char3gram_bm25_method_D,4,2759,35.029624938964844,50
post_phase12_module2_M2-A,M2-A,R077,ghar ke liye solar panel price in Pakistan,NAT,,ROMAN,roman_char3gram_bm25_method_D,5,62329,34.762550354003906,50
post_phase12_module2_M2-A,M2-A,R077,ghar ke liye solar panel price in Pakistan,NAT,,ROMAN,roman_char3gram_bm25_method_D,6,3479,34.67847442626953,50
post_phase12_module2_M2-A,M2-A,R077,ghar ke liye solar panel price in Pakistan,NAT,,ROMAN,roman_char3gram_bm25_method_D,7,73044,34.21494674682617,50
post_phase12_module2_M2-A,M2-A,R077,ghar ke liye solar panel price in Pakistan,NAT,,ROMAN,roman_char3gram_bm25_method_D,8,61151,34.11274719238281,50
post_phase12_module2_M2-A,M2-A,R077,ghar ke liye solar panel price in Pakistan,NAT,,ROMAN,roman_char3gram_bm25_method_D,9,39276,33.84874725341797,50
post_phase12_module2_M2-A,M2-A,R077,ghar ke liye solar panel price in Pakistan,NAT,,ROMAN,roman_char3gram_bm25_method_D,10,64940,33.721351623535156,50
post_phase12_module2_M2-A,M2-A,R077,ghar ke liye solar panel price in Pakistan,NAT,,ROMAN,roman_char3gram_bm25_method_D,11,64575,33.653106689453125,50
post_phase12_module2_M2-A,M2-A,R077,ghar ke liye solar panel price in Pakistan,NAT,,ROMAN,roman_char3gram_bm25_method_D,12,20831,32.56427764892578,50
post_phase12_module2_M2-A,M2-A,R077,ghar ke liye solar panel price in Pakistan,NAT,,ROMAN,roman_char3gram_bm25_method_D,13,78838,32.5234260559082,50
post_phase12_module2_M2-A,M2-A,R077,ghar ke liye solar panel price in Pakistan,NAT,,ROMAN,roman_char3gram_bm25_method_D,14,64321,32.30003356933594,50
post_phase12_module2_M2-A,M2-A,R077,ghar ke liye solar panel price in Pakistan,NAT,,ROMAN,roman_char3gram_bm25_method_D,15,109924,32.0776481628418,50
post_phase12_module2_M2-A,M2-A,R077,ghar ke liye solar panel price in Pakistan,NAT,,ROMAN,roman_char3gram_bm25_method_D,16,16474,32.0052490234375,50
post_phase12_module2_M2-A,M2-A,R077,ghar ke liye solar panel price in Pakistan,NAT,,ROMAN,roman_char3gram_bm25_method_D,17,74138,31.970458984375,50
post_phase12_module2_M2-A,M2-A,R077,ghar ke liye solar panel price in Pakistan,NAT,,ROMAN,roman_char3gram_bm25_method_D,18,39367,31.92607307434082,50
post_phase12_module2_M2-A,M2-A,R077,ghar ke liye solar panel price in Pakistan,NAT,,ROMAN,roman_char3gram_bm25_method_D,19,2293,31.916494369506836,50
post_phase12_module2_M2-A,M2-A,R077,ghar ke liye solar panel price in Pakistan,NAT,,ROMAN,roman_char3gram_bm25_method_D,20,38457,31.903108596801758,50
post_phase12_module2_M2-A,M2-A,R077,ghar ke liye solar panel price in Pakistan,NAT,,ROMAN,roman_char3gram_bm25_method_D,21,64169,31.858585357666016,50
post_phase12_module2_M2-A,M2-A,R077,ghar ke liye solar panel price in Pakistan,NAT,,ROMAN,roman_char3gram_bm25_method_D,22,2110,31.77981185913086,50
post_phase12_module2_M2-A,M2-A,R077,ghar ke liye solar panel price in Pakistan,NAT,,ROMAN,roman_char3gram_bm25_method_D,23,73423,31.77614402770996,50
post_phase12_module2_M2-A,M2-A,R077,ghar ke liye solar panel price in Pakistan,NAT,,ROMAN,roman_char3gram_bm25_method_D,24,3457,31.770484924316406,50
post_phase12_module2_M2-A,M2-A,R077,ghar ke liye solar panel price in Pakistan,NAT,,ROMAN,roman_char3gram_bm25_method_D,25,111732,31.763980865478516,50
post_phase12_module2_M2-A,M2-A,R077,ghar ke liye solar panel price in Pakistan,NAT,,ROMAN,roman_char3gram_bm25_method_D,26,78685,31.753801345825195,50
post_phase12_module2_M2-A,M2-A,R077,ghar ke liye solar panel price in Pakistan,NAT,,ROMAN,roman_char3gram_bm25_method_D,27,94,31.704391479492188,50
post_phase12_module2_M2-A,M2-A,R077,ghar ke liye solar panel price in Pakistan,NAT,,ROMAN,roman_char3gram_bm25_method_D,28,40332,31.679262161254883,50
post_phase12_module2_M2-A,M2-A,R077,ghar ke liye solar panel price in Pakistan,NAT,,ROMAN,roman_char3gram_bm25_method_D,29,65826,31.663270950317383,50
post_phase12_module2_M2-A,M2-A,R077,ghar ke liye solar panel price in Pakistan,NAT,,ROMAN,roman_char3gram_bm25_method_D,30,26827,31.650127410888672,50
post_phase12_module2_M2-A,M2-A,R077,ghar ke liye solar panel price in Pakistan,NAT,,ROMAN,roman_char3gram_bm25_method_D,31,73777,31.566055297851562,50
post_phase12_module2_M2-A,M2-A,R077,ghar ke liye solar panel price in Pakistan,NAT,,ROMAN,roman_char3gram_bm25_method_D,32,64559,31.538719177246094,50
post_phase12_module2_M2-A,M2-A,R077,ghar ke liye solar panel price in Pakistan,NAT,,ROMAN,roman_char3gram_bm25_method_D,33,72873,31.52545166015625,50
post_phase12_module2_M2-A,M2-A,R077,ghar ke liye solar panel price in Pakistan,NAT,,ROMAN,roman_char3gram_bm25_method_D,34,65609,31.466005325317383,50
post_phase12_module2_M2-A,M2-A,R077,ghar ke liye solar panel price in Pakistan,NAT,,ROMAN,roman_char3gram_bm25_method_D,35,63381,31.439891815185547,50
post_phase12_module2_M2-A,M2-A,R077,ghar ke liye solar panel price in Pakistan,NAT,,ROMAN,roman_char3gram_bm25_method_D,36,64255,31.229476928710938,50
post_phase12_module2_M2-A,M2-A,R077,ghar ke liye solar panel price in Pakistan,NAT,,ROMAN,roman_char3gram_bm25_method_D,37,64279,31.224851608276367,50
post_phase12_module2_M2-A,M2-A,R077,ghar ke liye solar panel price in Pakistan,NAT,,ROMAN,roman_char3gram_bm25_method_D,38,63400,31.185089111328125,50
post_phase12_module2_M2-A,M2-A,R077,ghar ke liye solar panel price in Pakistan,NAT,,ROMAN,roman_char3gram_bm25_method_D,39,65375,31.10830307006836,50
post_phase12_module2_M2-A,M2-A,R077,ghar ke liye solar panel price in Pakistan,NAT,,ROMAN,roman_char3gram_bm25_method_D,40,109910,31.106769561767578,50
post_phase12_module2_M2-A,M2-A,R077,ghar ke liye solar panel price in Pakistan,NAT,,ROMAN,roman_char3gram_bm25_method_D,41,64508,30.997554779052734,50
post_phase12_module2_M2-A,M2-A,R077,ghar ke liye solar panel price in Pakistan,NAT,,ROMAN,roman_char3gram_bm25_method_D,42,65879,30.994325637817383,50
post_phase12_module2_M2-A,M2-A,R077,ghar ke liye solar panel price in Pakistan,NAT,,ROMAN,roman_char3gram_bm25_method_D,43,63833,30.98294448852539,50
post_phase12_module2_M2-A,M2-A,R077,ghar ke liye solar panel price in Pakistan,NAT,,ROMAN,roman_char3gram_bm25_method_D,44,78171,30.93925666809082,50
post_phase12_module2_M2-A,M2-A,R077,ghar ke liye solar panel price in Pakistan,NAT,,ROMAN,roman_char3gram_bm25_method_D,45,38443,30.872100830078125,50
post_phase12_module2_M2-A,M2-A,R077,ghar ke liye solar panel price in Pakistan,NAT,,ROMAN,roman_char3gram_bm25_method_D,46,64314,30.780738830566406,50
post_phase12_module2_M2-A,M2-A,R077,ghar ke liye solar panel price in Pakistan,NAT,,ROMAN,roman_char3gram_bm25_method_D,47,41030,30.723678588867188,50
post_phase12_module2_M2-A,M2-A,R077,ghar ke liye solar panel price in Pakistan,NAT,,ROMAN,roman_char3gram_bm25_method_D,48,16490,30.70975685119629,50
post_phase12_module2_M2-A,M2-A,R077,ghar ke liye solar panel price in Pakistan,NAT,,ROMAN,roman_char3gram_bm25_method_D,49,64579,30.65052032470703,50
post_phase12_module2_M2-A,M2-A,R077,ghar ke liye solar panel price in Pakistan,NAT,,ROMAN,roman_char3gram_bm25_method_D,50,64798,30.62101173400879,50
post_phase12_module2_M2-A,M2-A,R078,کراچی میں شاہراہِ فیصل پر روزانہ jam kyun lagta hai,NAT,,MIXED,urdu_char3gram_bm25,1,39443,44.27969741821289,50
post_phase12_module2_M2-A,M2-A,R078,کراچی میں شاہراہِ فیصل پر روزانہ jam kyun lagta hai,NAT,,MIXED,urdu_char3gram_bm25,2,41861,43.57765579223633,50
post_phase12_module2_M2-A,M2-A,R078,کراچی میں شاہراہِ فیصل پر روزانہ jam kyun lagta hai,NAT,,MIXED,urdu_char3gram_bm25,3,70429,43.01301956176758,50
post_phase12_module2_M2-A,M2-A,R078,کراچی میں شاہراہِ فیصل پر روزانہ jam kyun lagta hai,NAT,,MIXED,urdu_char3gram_bm25,4,73571,42.63462448120117,50
post_phase12_module2_M2-A,M2-A,R078,کراچی میں شاہراہِ فیصل پر روزانہ jam kyun lagta hai,NAT,,MIXED,urdu_char3gram_bm25,5,73492,42.42045593261719,50
post_phase12_module2_M2-A,M2-A,R078,کراچی میں شاہراہِ فیصل پر روزانہ jam kyun lagta hai,NAT,,MIXED,urdu_char3gram_bm25,6,41075,37.420875549316406,50
post_phase12_module2_M2-A,M2-A,R078,کراچی میں شاہراہِ فیصل پر روزانہ jam kyun lagta hai,NAT,,MIXED,urdu_char3gram_bm25,7,28181,36.78498077392578,50
post_phase12_module2_M2-A,M2-A,R078,کراچی میں شاہراہِ فیصل پر روزانہ jam kyun lagta hai,NAT,,MIXED,urdu_char3gram_bm25,8,64590,36.64506912231445,50
post_phase12_module2_M2-A,M2-A,R078,کراچی میں شاہراہِ فیصل پر روزانہ jam kyun lagta hai,NAT,,MIXED,urdu_char3gram_bm25,9,77640,35.14143753051758,50
post_phase12_module2_M2-A,M2-A,R078,کراچی میں شاہراہِ فیصل پر روزانہ jam kyun lagta hai,NAT,,MIXED,urdu_char3gram_bm25,10,77760,35.11594772338867,50
post_phase12_module2_M2-A,M2-A,R078,کراچی میں شاہراہِ فیصل پر روزانہ jam kyun lagta hai,NAT,,MIXED,urdu_char3gram_bm25,11,9275,34.99959945678711,50
post_phase12_module2_M2-A,M2-A,R078,کراچی میں شاہراہِ فیصل پر روزانہ jam kyun lagta hai,NAT,,MIXED,urdu_char3gram_bm25,12,71683,34.7509880065918,50
post_phase12_module2_M2-A,M2-A,R078,کراچی میں شاہراہِ فیصل پر روزانہ jam kyun lagta hai,NAT,,MIXED,urdu_char3gram_bm25,13,2371,34.276123046875,50
post_phase12_module2_M2-A,M2-A,R078,کراچی میں شاہراہِ فیصل پر روزانہ jam kyun lagta hai,NAT,,MIXED,urdu_char3gram_bm25,14,28177,34.16653823852539,50
post_phase12_module2_M2-A,M2-A,R078,کراچی میں شاہراہِ فیصل پر روزانہ jam kyun lagta hai,NAT,,MIXED,urdu_char3gram_bm25,15,78380,34.16398620605469,50
post_phase12_module2_M2-A,M2-A,R078,کراچی میں شاہراہِ فیصل پر روزانہ jam kyun lagta hai,NAT,,MIXED,urdu_char3gram_bm25,16,103042,34.116981506347656,50
post_phase12_module2_M2-A,M2-A,R078,کراچی میں شاہراہِ فیصل پر روزانہ jam kyun lagta hai,NAT,,MIXED,urdu_char3gram_bm25,17,88214,34.101131439208984,50
post_phase12_module2_M2-A,M2-A,R078,کراچی میں شاہراہِ فیصل پر روزانہ jam kyun lagta hai,NAT,,MIXED,urdu_char3gram_bm25,18,110604,33.48763656616211,50
post_phase12_module2_M2-A,M2-A,R078,کراچی میں شاہراہِ فیصل پر روزانہ jam kyun lagta hai,NAT,,MIXED,urdu_char3gram_bm25,19,75808,33.452598571777344,50
post_phase12_module2_M2-A,M2-A,R078,کراچی میں شاہراہِ فیصل پر روزانہ jam kyun lagta hai,NAT,,MIXED,urdu_char3gram_bm25,20,34187,33.42607879638672,50
post_phase12_module2_M2-A,M2-A,R078,کراچی میں شاہراہِ فیصل پر روزانہ jam kyun lagta hai,NAT,,MIXED,urdu_char3gram_bm25,21,78945,33.308204650878906,50
post_phase12_module2_M2-A,M2-A,R078,کراچی میں شاہراہِ فیصل پر روزانہ jam kyun lagta hai,NAT,,MIXED,urdu_char3gram_bm25,22,100166,33.29678726196289,50
post_phase12_module2_M2-A,M2-A,R078,کراچی میں شاہراہِ فیصل پر روزانہ jam kyun lagta hai,NAT,,MIXED,urdu_char3gram_bm25,23,4314,33.00214767456055,50
post_phase12_module2_M2-A,M2-A,R078,کراچی میں شاہراہِ فیصل پر روزانہ jam kyun lagta hai,NAT,,MIXED,urdu_char3gram_bm25,24,25348,32.99788284301758,50
post_phase12_module2_M2-A,M2-A,R078,کراچی میں شاہراہِ فیصل پر روزانہ jam kyun lagta hai,NAT,,MIXED,urdu_char3gram_bm25,25,52376,32.884056091308594,50
post_phase12_module2_M2-A,M2-A,R078,کراچی میں شاہراہِ فیصل پر روزانہ jam kyun lagta hai,NAT,,MIXED,urdu_char3gram_bm25,26,110467,32.787376403808594,50
post_phase12_module2_M2-A,M2-A,R078,کراچی میں شاہراہِ فیصل پر روزانہ jam kyun lagta hai,NAT,,MIXED,urdu_char3gram_bm25,27,53746,32.757301330566406,50
post_phase12_module2_M2-A,M2-A,R078,کراچی میں شاہراہِ فیصل پر روزانہ jam kyun lagta hai,NAT,,MIXED,urdu_char3gram_bm25,28,26657,32.684085845947266,50
post_phase12_module2_M2-A,M2-A,R078,کراچی میں شاہراہِ فیصل پر روزانہ jam kyun lagta hai,NAT,,MIXED,urdu_char3gram_bm25,29,76096,32.65278625488281,50
post_phase12_module2_M2-A,M2-A,R078,کراچی میں شاہراہِ فیصل پر روزانہ jam kyun lagta hai,NAT,,MIXED,urdu_char3gram_bm25,30,28807,32.615238189697266,50
post_phase12_module2_M2-A,M2-A,R078,کراچی میں شاہراہِ فیصل پر روزانہ jam kyun lagta hai,NAT,,MIXED,urdu_char3gram_bm25,31,42877,32.38623046875,50
post_phase12_module2_M2-A,M2-A,R078,کراچی میں شاہراہِ فیصل پر روزانہ jam kyun lagta hai,NAT,,MIXED,urdu_char3gram_bm25,32,41197,32.334075927734375,50
post_phase12_module2_M2-A,M2-A,R078,کراچی میں شاہراہِ فیصل پر روزانہ jam kyun lagta hai,NAT,,MIXED,urdu_char3gram_bm25,33,72614,32.332984924316406,50
post_phase12_module2_M2-A,M2-A,R078,کراچی میں شاہراہِ فیصل پر روزانہ jam kyun lagta hai,NAT,,MIXED,urdu_char3gram_bm25,34,88986,32.31221008300781,50
post_phase12_module2_M2-A,M2-A,R078,کراچی میں شاہراہِ فیصل پر روزانہ jam kyun lagta hai,NAT,,MIXED,urdu_char3gram_bm25,35,52373,32.2545051574707,50
post_phase12_module2_M2-A,M2-A,R078,کراچی میں شاہراہِ فیصل پر روزانہ jam kyun lagta hai,NAT,,MIXED,urdu_char3gram_bm25,36,2656,32.10420227050781,50
post_phase12_module2_M2-A,M2-A,R078,کراچی میں شاہراہِ فیصل پر روزانہ jam kyun lagta hai,NAT,,MIXED,urdu_char3gram_bm25,37,44845,32.0224609375,50
post_phase12_module2_M2-A,M2-A,R078,کراچی میں شاہراہِ فیصل پر روزانہ jam kyun lagta hai,NAT,,MIXED,urdu_char3gram_bm25,38,70746,32.02023696899414,50
post_phase12_module2_M2-A,M2-A,R078,کراچی میں شاہراہِ فیصل پر روزانہ jam kyun lagta hai,NAT,,MIXED,urdu_char3gram_bm25,39,87655,31.97865104675293,50
post_phase12_module2_M2-A,M2-A,R078,کراچی میں شاہراہِ فیصل پر روزانہ jam kyun lagta hai,NAT,,MIXED,urdu_char3gram_bm25,40,63278,31.947650909423828,50
post_phase12_module2_M2-A,M2-A,R078,کراچی میں شاہراہِ فیصل پر روزانہ jam kyun lagta hai,NAT,,MIXED,urdu_char3gram_bm25,41,332,31.758359909057617,50
post_phase12_module2_M2-A,M2-A,R078,کراچی میں شاہراہِ فیصل پر روزانہ jam kyun lagta hai,NAT,,MIXED,urdu_char3gram_bm25,42,77559,31.751659393310547,50
post_phase12_module2_M2-A,M2-A,R078,کراچی میں شاہراہِ فیصل پر روزانہ jam kyun lagta hai,NAT,,MIXED,urdu_char3gram_bm25,43,110925,31.717187881469727,50
post_phase12_module2_M2-A,M2-A,R078,کراچی میں شاہراہِ فیصل پر روزانہ jam kyun lagta hai,NAT,,MIXED,urdu_char3gram_bm25,44,50865,31.659494400024414,50
post_phase12_module2_M2-A,M2-A,R078,کراچی میں شاہراہِ فیصل پر روزانہ jam kyun lagta hai,NAT,,MIXED,urdu_char3gram_bm25,45,61465,31.604585647583008,50
post_phase12_module2_M2-A,M2-A,R078,کراچی میں شاہراہِ فیصل پر روزانہ jam kyun lagta hai,NAT,,MIXED,urdu_char3gram_bm25,46,41864,31.086524963378906,50
post_phase12_module2_M2-A,M2-A,R078,کراچی میں شاہراہِ فیصل پر روزانہ jam kyun lagta hai,NAT,,MIXED,urdu_char3gram_bm25,47,95187,30.918807983398438,50
post_phase12_module2_M2-A,M2-A,R078,کراچی میں شاہراہِ فیصل پر روزانہ jam kyun lagta hai,NAT,,MIXED,urdu_char3gram_bm25,48,40275,30.861413955688477,50
post_phase12_module2_M2-A,M2-A,R078,کراچی میں شاہراہِ فیصل پر روزانہ jam kyun lagta hai,NAT,,MIXED,urdu_char3gram_bm25,49,110432,30.70427131652832,50
post_phase12_module2_M2-A,M2-A,R078,کراچی میں شاہراہِ فیصل پر روزانہ jam kyun lagta hai,NAT,,MIXED,urdu_char3gram_bm25,50,52776,30.66143035888672,50
post_phase12_module2_M2-A,M2-A,R079,youtube premium family plan Pakistan,NAT,,ROMAN,roman_char3gram_bm25_method_D,1,50786,33.33910369873047,50
post_phase12_module2_M2-A,M2-A,R079,youtube premium family plan Pakistan,NAT,,ROMAN,roman_char3gram_bm25_method_D,2,1154,29.107051849365234,50
post_phase12_module2_M2-A,M2-A,R079,youtube premium family plan Pakistan,NAT,,ROMAN,roman_char3gram_bm25_method_D,3,73278,28.639814376831055,50
post_phase12_module2_M2-A,M2-A,R079,youtube premium family plan Pakistan,NAT,,ROMAN,roman_char3gram_bm25_method_D,4,64674,28.558551788330078,50
post_phase12_module2_M2-A,M2-A,R079,youtube premium family plan Pakistan,NAT,,ROMAN,roman_char3gram_bm25_method_D,5,110517,28.256601333618164,50
post_phase12_module2_M2-A,M2-A,R079,youtube premium family plan Pakistan,NAT,,ROMAN,roman_char3gram_bm25_method_D,6,111265,27.88857078552246,50
post_phase12_module2_M2-A,M2-A,R079,youtube premium family plan Pakistan,NAT,,ROMAN,roman_char3gram_bm25_method_D,7,71671,27.737287521362305,50
post_phase12_module2_M2-A,M2-A,R079,youtube premium family plan Pakistan,NAT,,ROMAN,roman_char3gram_bm25_method_D,8,61006,27.576263427734375,50
post_phase12_module2_M2-A,M2-A,R079,youtube premium family plan Pakistan,NAT,,ROMAN,roman_char3gram_bm25_method_D,9,34516,27.432960510253906,50
post_phase12_module2_M2-A,M2-A,R079,youtube premium family plan Pakistan,NAT,,ROMAN,roman_char3gram_bm25_method_D,10,72951,27.376991271972656,50
post_phase12_module2_M2-A,M2-A,R079,youtube premium family plan Pakistan,NAT,,ROMAN,roman_char3gram_bm25_method_D,11,52377,27.247140884399414,50
post_phase12_module2_M2-A,M2-A,R079,youtube premium family plan Pakistan,NAT,,ROMAN,roman_char3gram_bm25_method_D,12,39921,27.107921600341797,50
post_phase12_module2_M2-A,M2-A,R079,youtube premium family plan Pakistan,NAT,,ROMAN,roman_char3gram_bm25_method_D,13,105358,26.75067901611328,50
post_phase12_module2_M2-A,M2-A,R079,youtube premium family plan Pakistan,NAT,,ROMAN,roman_char3gram_bm25_method_D,14,20769,26.62196159362793,50
post_phase12_module2_M2-A,M2-A,R079,youtube premium family plan Pakistan,NAT,,ROMAN,roman_char3gram_bm25_method_D,15,64172,26.519832611083984,50
post_phase12_module2_M2-A,M2-A,R079,youtube premium family plan Pakistan,NAT,,ROMAN,roman_char3gram_bm25_method_D,16,60893,26.368793487548828,50
post_phase12_module2_M2-A,M2-A,R079,youtube premium family plan Pakistan,NAT,,ROMAN,roman_char3gram_bm25_method_D,17,108964,26.32268524169922,50
post_phase12_module2_M2-A,M2-A,R079,youtube premium family plan Pakistan,NAT,,ROMAN,roman_char3gram_bm25_method_D,18,72296,26.199628829956055,50
post_phase12_module2_M2-A,M2-A,R079,youtube premium family plan Pakistan,NAT,,ROMAN,roman_char3gram_bm25_method_D,19,2163,26.190279006958008,50
post_phase12_module2_M2-A,M2-A,R079,youtube premium family plan Pakistan,NAT,,ROMAN,roman_char3gram_bm25_method_D,20,70850,26.084518432617188,50
post_phase12_module2_M2-A,M2-A,R079,youtube premium family plan Pakistan,NAT,,ROMAN,roman_char3gram_bm25_method_D,21,1765,25.99184226989746,50
post_phase12_module2_M2-A,M2-A,R079,youtube premium family plan Pakistan,NAT,,ROMAN,roman_char3gram_bm25_method_D,22,64529,25.973539352416992,50
post_phase12_module2_M2-A,M2-A,R079,youtube premium family plan Pakistan,NAT,,ROMAN,roman_char3gram_bm25_method_D,23,25348,25.949275970458984,50
post_phase12_module2_M2-A,M2-A,R079,youtube premium family plan Pakistan,NAT,,ROMAN,roman_char3gram_bm25_method_D,24,11,25.874813079833984,50
post_phase12_module2_M2-A,M2-A,R079,youtube premium family plan Pakistan,NAT,,ROMAN,roman_char3gram_bm25_method_D,25,95376,25.637348175048828,50
post_phase12_module2_M2-A,M2-A,R079,youtube premium family plan Pakistan,NAT,,ROMAN,roman_char3gram_bm25_method_D,26,735,25.52297592163086,50
post_phase12_module2_M2-A,M2-A,R079,youtube premium family plan Pakistan,NAT,,ROMAN,roman_char3gram_bm25_method_D,27,36893,25.38515281677246,50
post_phase12_module2_M2-A,M2-A,R079,youtube premium family plan Pakistan,NAT,,ROMAN,roman_char3gram_bm25_method_D,28,83128,25.30647850036621,50
post_phase12_module2_M2-A,M2-A,R079,youtube premium family plan Pakistan,NAT,,ROMAN,roman_char3gram_bm25_method_D,29,61865,25.272663116455078,50
post_phase12_module2_M2-A,M2-A,R079,youtube premium family plan Pakistan,NAT,,ROMAN,roman_char3gram_bm25_method_D,30,91979,25.269872665405273,50
post_phase12_module2_M2-A,M2-A,R079,youtube premium family plan Pakistan,NAT,,ROMAN,roman_char3gram_bm25_method_D,31,74964,25.1895809173584,50
post_phase12_module2_M2-A,M2-A,R079,youtube premium family plan Pakistan,NAT,,ROMAN,roman_char3gram_bm25_method_D,32,2520,25.079036712646484,50
post_phase12_module2_M2-A,M2-A,R079,youtube premium family plan Pakistan,NAT,,ROMAN,roman_char3gram_bm25_method_D,33,110645,25.038808822631836,50
post_phase12_module2_M2-A,M2-A,R079,youtube premium family plan Pakistan,NAT,,ROMAN,roman_char3gram_bm25_method_D,34,111477,24.96842384338379,50
post_phase12_module2_M2-A,M2-A,R079,youtube premium family plan Pakistan,NAT,,ROMAN,roman_char3gram_bm25_method_D,35,75548,24.966625213623047,50
post_phase12_module2_M2-A,M2-A,R079,youtube premium family plan Pakistan,NAT,,ROMAN,roman_char3gram_bm25_method_D,36,34686,24.961341857910156,50
post_phase12_module2_M2-A,M2-A,R079,youtube premium family plan Pakistan,NAT,,ROMAN,roman_char3gram_bm25_method_D,37,12472,24.769245147705078,50
post_phase12_module2_M2-A,M2-A,R079,youtube premium family plan Pakistan,NAT,,ROMAN,roman_char3gram_bm25_method_D,38,73251,24.747705459594727,50
post_phase12_module2_M2-A,M2-A,R079,youtube premium family plan Pakistan,NAT,,ROMAN,roman_char3gram_bm25_method_D,39,90430,24.738664627075195,50
post_phase12_module2_M2-A,M2-A,R079,youtube premium family plan Pakistan,NAT,,ROMAN,roman_char3gram_bm25_method_D,40,2828,24.69988250732422,50
post_phase12_module2_M2-A,M2-A,R079,youtube premium family plan Pakistan,NAT,,ROMAN,roman_char3gram_bm25_method_D,41,62984,24.691465377807617,50
post_phase12_module2_M2-A,M2-A,R079,youtube premium family plan Pakistan,NAT,,ROMAN,roman_char3gram_bm25_method_D,42,76009,24.663110733032227,50
post_phase12_module2_M2-A,M2-A,R079,youtube premium family plan Pakistan,NAT,,ROMAN,roman_char3gram_bm25_method_D,43,587,24.531370162963867,50
post_phase12_module2_M2-A,M2-A,R079,youtube premium family plan Pakistan,NAT,,ROMAN,roman_char3gram_bm25_method_D,44,83322,24.45289421081543,50
post_phase12_module2_M2-A,M2-A,R079,youtube premium family plan Pakistan,NAT,,ROMAN,roman_char3gram_bm25_method_D,45,72454,24.434856414794922,50
post_phase12_module2_M2-A,M2-A,R079,youtube premium family plan Pakistan,NAT,,ROMAN,roman_char3gram_bm25_method_D,46,39147,24.42070770263672,50
post_phase12_module2_M2-A,M2-A,R079,youtube premium family plan Pakistan,NAT,,ROMAN,roman_char3gram_bm25_method_D,47,76733,24.37459945678711,50
post_phase12_module2_M2-A,M2-A,R079,youtube premium family plan Pakistan,NAT,,ROMAN,roman_char3gram_bm25_method_D,48,87100,24.364978790283203,50
post_phase12_module2_M2-A,M2-A,R079,youtube premium family plan Pakistan,NAT,,ROMAN,roman_char3gram_bm25_method_D,49,39165,24.280269622802734,50
post_phase12_module2_M2-A,M2-A,R079,youtube premium family plan Pakistan,NAT,,ROMAN,roman_char3gram_bm25_method_D,50,1056,24.270980834960938,50
post_phase12_module2_M2-A,M2-A,R080,mickey arthur,NAT,,ROMAN,roman_char3gram_bm25_method_D,1,82362,18.824554443359375,50
post_phase12_module2_M2-A,M2-A,R080,mickey arthur,NAT,,ROMAN,roman_char3gram_bm25_method_D,2,85419,18.566329956054688,50
post_phase12_module2_M2-A,M2-A,R080,mickey arthur,NAT,,ROMAN,roman_char3gram_bm25_method_D,3,85387,18.3233642578125,50
post_phase12_module2_M2-A,M2-A,R080,mickey arthur,NAT,,ROMAN,roman_char3gram_bm25_method_D,4,86375,18.289304733276367,50
post_phase12_module2_M2-A,M2-A,R080,mickey arthur,NAT,,ROMAN,roman_char3gram_bm25_method_D,5,82636,18.09266471862793,50
post_phase12_module2_M2-A,M2-A,R080,mickey arthur,NAT,,ROMAN,roman_char3gram_bm25_method_D,6,82331,18.030574798583984,50
post_phase12_module2_M2-A,M2-A,R080,mickey arthur,NAT,,ROMAN,roman_char3gram_bm25_method_D,7,85300,17.978811264038086,50
post_phase12_module2_M2-A,M2-A,R080,mickey arthur,NAT,,ROMAN,roman_char3gram_bm25_method_D,8,84818,17.82353973388672,50
post_phase12_module2_M2-A,M2-A,R080,mickey arthur,NAT,,ROMAN,roman_char3gram_bm25_method_D,9,88393,17.473064422607422,50
post_phase12_module2_M2-A,M2-A,R080,mickey arthur,NAT,,ROMAN,roman_char3gram_bm25_method_D,10,84669,17.35434913635254,50
post_phase12_module2_M2-A,M2-A,R080,mickey arthur,NAT,,ROMAN,roman_char3gram_bm25_method_D,11,82911,17.242815017700195,50
post_phase12_module2_M2-A,M2-A,R080,mickey arthur,NAT,,ROMAN,roman_char3gram_bm25_method_D,12,26986,17.085012435913086,50
post_phase12_module2_M2-A,M2-A,R080,mickey arthur,NAT,,ROMAN,roman_char3gram_bm25_method_D,13,86944,17.042236328125,50
post_phase12_module2_M2-A,M2-A,R080,mickey arthur,NAT,,ROMAN,roman_char3gram_bm25_method_D,14,84872,16.9140682220459,50
post_phase12_module2_M2-A,M2-A,R080,mickey arthur,NAT,,ROMAN,roman_char3gram_bm25_method_D,15,87293,16.788021087646484,50
post_phase12_module2_M2-A,M2-A,R080,mickey arthur,NAT,,ROMAN,roman_char3gram_bm25_method_D,16,54619,16.7596378326416,50
post_phase12_module2_M2-A,M2-A,R080,mickey arthur,NAT,,ROMAN,roman_char3gram_bm25_method_D,17,42162,16.690616607666016,50
post_phase12_module2_M2-A,M2-A,R080,mickey arthur,NAT,,ROMAN,roman_char3gram_bm25_method_D,18,83109,16.60761260986328,50
post_phase12_module2_M2-A,M2-A,R080,mickey arthur,NAT,,ROMAN,roman_char3gram_bm25_method_D,19,84346,16.605375289916992,50
post_phase12_module2_M2-A,M2-A,R080,mickey arthur,NAT,,ROMAN,roman_char3gram_bm25_method_D,20,86467,16.579320907592773,50
post_phase12_module2_M2-A,M2-A,R080,mickey arthur,NAT,,ROMAN,roman_char3gram_bm25_method_D,21,86788,16.48430633544922,50
post_phase12_module2_M2-A,M2-A,R080,mickey arthur,NAT,,ROMAN,roman_char3gram_bm25_method_D,22,83800,16.39124870300293,50
post_phase12_module2_M2-A,M2-A,R080,mickey arthur,NAT,,ROMAN,roman_char3gram_bm25_method_D,23,54668,16.369287490844727,50
post_phase12_module2_M2-A,M2-A,R080,mickey arthur,NAT,,ROMAN,roman_char3gram_bm25_method_D,24,83677,16.3687744140625,50
post_phase12_module2_M2-A,M2-A,R080,mickey arthur,NAT,,ROMAN,roman_char3gram_bm25_method_D,25,53778,16.337312698364258,50
post_phase12_module2_M2-A,M2-A,R080,mickey arthur,NAT,,ROMAN,roman_char3gram_bm25_method_D,26,88468,16.20534324645996,50
post_phase12_module2_M2-A,M2-A,R080,mickey arthur,NAT,,ROMAN,roman_char3gram_bm25_method_D,27,83664,16.197532653808594,50
post_phase12_module2_M2-A,M2-A,R080,mickey arthur,NAT,,ROMAN,roman_char3gram_bm25_method_D,28,87533,16.19122314453125,50
post_phase12_module2_M2-A,M2-A,R080,mickey arthur,NAT,,ROMAN,roman_char3gram_bm25_method_D,29,83092,16.11945343017578,50
post_phase12_module2_M2-A,M2-A,R080,mickey arthur,NAT,,ROMAN,roman_char3gram_bm25_method_D,30,84287,16.10768699645996,50
post_phase12_module2_M2-A,M2-A,R080,mickey arthur,NAT,,ROMAN,roman_char3gram_bm25_method_D,31,26917,15.97700309753418,50
post_phase12_module2_M2-A,M2-A,R080,mickey arthur,NAT,,ROMAN,roman_char3gram_bm25_method_D,32,43743,15.965746879577637,50
post_phase12_module2_M2-A,M2-A,R080,mickey arthur,NAT,,ROMAN,roman_char3gram_bm25_method_D,33,53196,15.934137344360352,50
post_phase12_module2_M2-A,M2-A,R080,mickey arthur,NAT,,ROMAN,roman_char3gram_bm25_method_D,34,88255,15.924253463745117,50
post_phase12_module2_M2-A,M2-A,R080,mickey arthur,NAT,,ROMAN,roman_char3gram_bm25_method_D,35,88472,15.912160873413086,50
post_phase12_module2_M2-A,M2-A,R080,mickey arthur,NAT,,ROMAN,roman_char3gram_bm25_method_D,36,84797,15.895792007446289,50
post_phase12_module2_M2-A,M2-A,R080,mickey arthur,NAT,,ROMAN,roman_char3gram_bm25_method_D,37,27767,15.875941276550293,50
post_phase12_module2_M2-A,M2-A,R080,mickey arthur,NAT,,ROMAN,roman_char3gram_bm25_method_D,38,84280,15.870087623596191,50
post_phase12_module2_M2-A,M2-A,R080,mickey arthur,NAT,,ROMAN,roman_char3gram_bm25_method_D,39,87460,15.858816146850586,50
post_phase12_module2_M2-A,M2-A,R080,mickey arthur,NAT,,ROMAN,roman_char3gram_bm25_method_D,40,53799,15.83225154876709,50
post_phase12_module2_M2-A,M2-A,R080,mickey arthur,NAT,,ROMAN,roman_char3gram_bm25_method_D,41,83968,15.828944206237793,50
post_phase12_module2_M2-A,M2-A,R080,mickey arthur,NAT,,ROMAN,roman_char3gram_bm25_method_D,42,83764,15.79393196105957,50
post_phase12_module2_M2-A,M2-A,R080,mickey arthur,NAT,,ROMAN,roman_char3gram_bm25_method_D,43,87434,15.793733596801758,50
post_phase12_module2_M2-A,M2-A,R080,mickey arthur,NAT,,ROMAN,roman_char3gram_bm25_method_D,44,84435,15.793115615844727,50
post_phase12_module2_M2-A,M2-A,R080,mickey arthur,NAT,,ROMAN,roman_char3gram_bm25_method_D,45,87428,15.765338897705078,50
post_phase12_module2_M2-A,M2-A,R080,mickey arthur,NAT,,ROMAN,roman_char3gram_bm25_method_D,46,85267,15.735807418823242,50
post_phase12_module2_M2-A,M2-A,R080,mickey arthur,NAT,,ROMAN,roman_char3gram_bm25_method_D,47,29055,15.71546459197998,50
post_phase12_module2_M2-A,M2-A,R080,mickey arthur,NAT,,ROMAN,roman_char3gram_bm25_method_D,48,26010,15.692587852478027,50
post_phase12_module2_M2-A,M2-A,R080,mickey arthur,NAT,,ROMAN,roman_char3gram_bm25_method_D,49,88515,15.678504943847656,50
post_phase12_module2_M2-A,M2-A,R080,mickey arthur,NAT,,ROMAN,roman_char3gram_bm25_method_D,50,28580,15.667624473571777,50
post_phase12_module2_M2-A,M2-A,R081,SUPARCO ne haal hi mein kya satellite mission announce kiya,NAT,,ROMAN,roman_char3gram_bm25_method_D,1,95689,34.73323059082031,50
post_phase12_module2_M2-A,M2-A,R081,SUPARCO ne haal hi mein kya satellite mission announce kiya,NAT,,ROMAN,roman_char3gram_bm25_method_D,2,93813,34.634578704833984,50
post_phase12_module2_M2-A,M2-A,R081,SUPARCO ne haal hi mein kya satellite mission announce kiya,NAT,,ROMAN,roman_char3gram_bm25_method_D,3,94915,32.529266357421875,50
post_phase12_module2_M2-A,M2-A,R081,SUPARCO ne haal hi mein kya satellite mission announce kiya,NAT,,ROMAN,roman_char3gram_bm25_method_D,4,36301,30.166296005249023,50
post_phase12_module2_M2-A,M2-A,R081,SUPARCO ne haal hi mein kya satellite mission announce kiya,NAT,,ROMAN,roman_char3gram_bm25_method_D,5,37513,29.139694213867188,50
post_phase12_module2_M2-A,M2-A,R081,SUPARCO ne haal hi mein kya satellite mission announce kiya,NAT,,ROMAN,roman_char3gram_bm25_method_D,6,61890,28.14109992980957,50
post_phase12_module2_M2-A,M2-A,R081,SUPARCO ne haal hi mein kya satellite mission announce kiya,NAT,,ROMAN,roman_char3gram_bm25_method_D,7,30869,27.459213256835938,50
post_phase12_module2_M2-A,M2-A,R081,SUPARCO ne haal hi mein kya satellite mission announce kiya,NAT,,ROMAN,roman_char3gram_bm25_method_D,8,31184,26.901912689208984,50
post_phase12_module2_M2-A,M2-A,R081,SUPARCO ne haal hi mein kya satellite mission announce kiya,NAT,,ROMAN,roman_char3gram_bm25_method_D,9,94924,26.791349411010742,50
post_phase12_module2_M2-A,M2-A,R081,SUPARCO ne haal hi mein kya satellite mission announce kiya,NAT,,ROMAN,roman_char3gram_bm25_method_D,10,29747,25.99750518798828,50
post_phase12_module2_M2-A,M2-A,R081,SUPARCO ne haal hi mein kya satellite mission announce kiya,NAT,,ROMAN,roman_char3gram_bm25_method_D,11,3479,25.803436279296875,50
post_phase12_module2_M2-A,M2-A,R081,SUPARCO ne haal hi mein kya satellite mission announce kiya,NAT,,ROMAN,roman_char3gram_bm25_method_D,12,32949,25.624052047729492,50
post_phase12_module2_M2-A,M2-A,R081,SUPARCO ne haal hi mein kya satellite mission announce kiya,NAT,,ROMAN,roman_char3gram_bm25_method_D,13,8530,25.436033248901367,50
post_phase12_module2_M2-A,M2-A,R081,SUPARCO ne haal hi mein kya satellite mission announce kiya,NAT,,ROMAN,roman_char3gram_bm25_method_D,14,102512,25.11365509033203,50
post_phase12_module2_M2-A,M2-A,R081,SUPARCO ne haal hi mein kya satellite mission announce kiya,NAT,,ROMAN,roman_char3gram_bm25_method_D,15,33143,24.801097869873047,50
post_phase12_module2_M2-A,M2-A,R081,SUPARCO ne haal hi mein kya satellite mission announce kiya,NAT,,ROMAN,roman_char3gram_bm25_method_D,16,105880,24.750852584838867,50
post_phase12_module2_M2-A,M2-A,R081,SUPARCO ne haal hi mein kya satellite mission announce kiya,NAT,,ROMAN,roman_char3gram_bm25_method_D,17,94668,24.733470916748047,50
post_phase12_module2_M2-A,M2-A,R081,SUPARCO ne haal hi mein kya satellite mission announce kiya,NAT,,ROMAN,roman_char3gram_bm25_method_D,18,19836,24.59294891357422,50
post_phase12_module2_M2-A,M2-A,R081,SUPARCO ne haal hi mein kya satellite mission announce kiya,NAT,,ROMAN,roman_char3gram_bm25_method_D,19,96074,24.484392166137695,50
post_phase12_module2_M2-A,M2-A,R081,SUPARCO ne haal hi mein kya satellite mission announce kiya,NAT,,ROMAN,roman_char3gram_bm25_method_D,20,30477,24.479829788208008,50
post_phase12_module2_M2-A,M2-A,R081,SUPARCO ne haal hi mein kya satellite mission announce kiya,NAT,,ROMAN,roman_char3gram_bm25_method_D,21,19691,24.399194717407227,50
post_phase12_module2_M2-A,M2-A,R081,SUPARCO ne haal hi mein kya satellite mission announce kiya,NAT,,ROMAN,roman_char3gram_bm25_method_D,22,76667,24.396974563598633,50
post_phase12_module2_M2-A,M2-A,R081,SUPARCO ne haal hi mein kya satellite mission announce kiya,NAT,,ROMAN,roman_char3gram_bm25_method_D,23,82964,24.3968448638916,50
post_phase12_module2_M2-A,M2-A,R081,SUPARCO ne haal hi mein kya satellite mission announce kiya,NAT,,ROMAN,roman_char3gram_bm25_method_D,24,50544,24.324331283569336,50
post_phase12_module2_M2-A,M2-A,R081,SUPARCO ne haal hi mein kya satellite mission announce kiya,NAT,,ROMAN,roman_char3gram_bm25_method_D,25,7804,24.297914505004883,50
post_phase12_module2_M2-A,M2-A,R081,SUPARCO ne haal hi mein kya satellite mission announce kiya,NAT,,ROMAN,roman_char3gram_bm25_method_D,26,60854,24.25803565979004,50
post_phase12_module2_M2-A,M2-A,R081,SUPARCO ne haal hi mein kya satellite mission announce kiya,NAT,,ROMAN,roman_char3gram_bm25_method_D,27,94702,24.15068244934082,50
post_phase12_module2_M2-A,M2-A,R081,SUPARCO ne haal hi mein kya satellite mission announce kiya,NAT,,ROMAN,roman_char3gram_bm25_method_D,28,9466,24.053834915161133,50
post_phase12_module2_M2-A,M2-A,R081,SUPARCO ne haal hi mein kya satellite mission announce kiya,NAT,,ROMAN,roman_char3gram_bm25_method_D,29,20956,24.017993927001953,50
post_phase12_module2_M2-A,M2-A,R081,SUPARCO ne haal hi mein kya satellite mission announce kiya,NAT,,ROMAN,roman_char3gram_bm25_method_D,30,88271,24.000783920288086,50
post_phase12_module2_M2-A,M2-A,R081,SUPARCO ne haal hi mein kya satellite mission announce kiya,NAT,,ROMAN,roman_char3gram_bm25_method_D,31,2496,23.990787506103516,50
post_phase12_module2_M2-A,M2-A,R081,SUPARCO ne haal hi mein kya satellite mission announce kiya,NAT,,ROMAN,roman_char3gram_bm25_method_D,32,94982,23.947816848754883,50
post_phase12_module2_M2-A,M2-A,R081,SUPARCO ne haal hi mein kya satellite mission announce kiya,NAT,,ROMAN,roman_char3gram_bm25_method_D,33,35109,23.82814598083496,50
post_phase12_module2_M2-A,M2-A,R081,SUPARCO ne haal hi mein kya satellite mission announce kiya,NAT,,ROMAN,roman_char3gram_bm25_method_D,34,101780,23.6772518157959,50
post_phase12_module2_M2-A,M2-A,R081,SUPARCO ne haal hi mein kya satellite mission announce kiya,NAT,,ROMAN,roman_char3gram_bm25_method_D,35,35608,23.628713607788086,50
post_phase12_module2_M2-A,M2-A,R081,SUPARCO ne haal hi mein kya satellite mission announce kiya,NAT,,ROMAN,roman_char3gram_bm25_method_D,36,92451,23.578550338745117,50
post_phase12_module2_M2-A,M2-A,R081,SUPARCO ne haal hi mein kya satellite mission announce kiya,NAT,,ROMAN,roman_char3gram_bm25_method_D,37,29170,23.55790901184082,50
post_phase12_module2_M2-A,M2-A,R081,SUPARCO ne haal hi mein kya satellite mission announce kiya,NAT,,ROMAN,roman_char3gram_bm25_method_D,38,16818,23.527843475341797,50
post_phase12_module2_M2-A,M2-A,R081,SUPARCO ne haal hi mein kya satellite mission announce kiya,NAT,,ROMAN,roman_char3gram_bm25_method_D,39,7047,23.523883819580078,50
post_phase12_module2_M2-A,M2-A,R081,SUPARCO ne haal hi mein kya satellite mission announce kiya,NAT,,ROMAN,roman_char3gram_bm25_method_D,40,101711,23.45767593383789,50
post_phase12_module2_M2-A,M2-A,R081,SUPARCO ne haal hi mein kya satellite mission announce kiya,NAT,,ROMAN,roman_char3gram_bm25_method_D,41,11138,23.449052810668945,50
post_phase12_module2_M2-A,M2-A,R081,SUPARCO ne haal hi mein kya satellite mission announce kiya,NAT,,ROMAN,roman_char3gram_bm25_method_D,42,31014,23.42937469482422,50
post_phase12_module2_M2-A,M2-A,R081,SUPARCO ne haal hi mein kya satellite mission announce kiya,NAT,,ROMAN,roman_char3gram_bm25_method_D,43,9976,23.419084548950195,50
post_phase12_module2_M2-A,M2-A,R081,SUPARCO ne haal hi mein kya satellite mission announce kiya,NAT,,ROMAN,roman_char3gram_bm25_method_D,44,19840,23.3835506439209,50
post_phase12_module2_M2-A,M2-A,R081,SUPARCO ne haal hi mein kya satellite mission announce kiya,NAT,,ROMAN,roman_char3gram_bm25_method_D,45,36578,23.354623794555664,50
post_phase12_module2_M2-A,M2-A,R081,SUPARCO ne haal hi mein kya satellite mission announce kiya,NAT,,ROMAN,roman_char3gram_bm25_method_D,46,18430,23.233922958374023,50
post_phase12_module2_M2-A,M2-A,R081,SUPARCO ne haal hi mein kya satellite mission announce kiya,NAT,,ROMAN,roman_char3gram_bm25_method_D,47,13349,23.23008918762207,50
post_phase12_module2_M2-A,M2-A,R081,SUPARCO ne haal hi mein kya satellite mission announce kiya,NAT,,ROMAN,roman_char3gram_bm25_method_D,48,21839,23.22639274597168,50
post_phase12_module2_M2-A,M2-A,R081,SUPARCO ne haal hi mein kya satellite mission announce kiya,NAT,,ROMAN,roman_char3gram_bm25_method_D,49,38180,23.199237823486328,50
post_phase12_module2_M2-A,M2-A,R081,SUPARCO ne haal hi mein kya satellite mission announce kiya,NAT,,ROMAN,roman_char3gram_bm25_method_D,50,31515,23.19830894470215,50
post_phase12_module2_M2-A,M2-A,R082,Pakistan ki textile exports kam kyun ho rahi hain,NAT,,ROMAN,roman_char3gram_bm25_method_D,1,46337,31.380313873291016,50
post_phase12_module2_M2-A,M2-A,R082,Pakistan ki textile exports kam kyun ho rahi hain,NAT,,ROMAN,roman_char3gram_bm25_method_D,2,47948,31.370559692382812,50
post_phase12_module2_M2-A,M2-A,R082,Pakistan ki textile exports kam kyun ho rahi hain,NAT,,ROMAN,roman_char3gram_bm25_method_D,3,27419,31.150476455688477,50
post_phase12_module2_M2-A,M2-A,R082,Pakistan ki textile exports kam kyun ho rahi hain,NAT,,ROMAN,roman_char3gram_bm25_method_D,4,46213,30.049800872802734,50
post_phase12_module2_M2-A,M2-A,R082,Pakistan ki textile exports kam kyun ho rahi hain,NAT,,ROMAN,roman_char3gram_bm25_method_D,5,55307,29.962329864501953,50
post_phase12_module2_M2-A,M2-A,R082,Pakistan ki textile exports kam kyun ho rahi hain,NAT,,ROMAN,roman_char3gram_bm25_method_D,6,93960,29.767290115356445,50
post_phase12_module2_M2-A,M2-A,R082,Pakistan ki textile exports kam kyun ho rahi hain,NAT,,ROMAN,roman_char3gram_bm25_method_D,7,82487,29.757619857788086,50
post_phase12_module2_M2-A,M2-A,R082,Pakistan ki textile exports kam kyun ho rahi hain,NAT,,ROMAN,roman_char3gram_bm25_method_D,8,55303,29.710763931274414,50
post_phase12_module2_M2-A,M2-A,R082,Pakistan ki textile exports kam kyun ho rahi hain,NAT,,ROMAN,roman_char3gram_bm25_method_D,9,32528,29.511730194091797,50
post_phase12_module2_M2-A,M2-A,R082,Pakistan ki textile exports kam kyun ho rahi hain,NAT,,ROMAN,roman_char3gram_bm25_method_D,10,46904,29.310964584350586,50
post_phase12_module2_M2-A,M2-A,R082,Pakistan ki textile exports kam kyun ho rahi hain,NAT,,ROMAN,roman_char3gram_bm25_method_D,11,82496,28.910764694213867,50
post_phase12_module2_M2-A,M2-A,R082,Pakistan ki textile exports kam kyun ho rahi hain,NAT,,ROMAN,roman_char3gram_bm25_method_D,12,88104,28.812400817871094,50
post_phase12_module2_M2-A,M2-A,R082,Pakistan ki textile exports kam kyun ho rahi hain,NAT,,ROMAN,roman_char3gram_bm25_method_D,13,30005,28.410388946533203,50
post_phase12_module2_M2-A,M2-A,R082,Pakistan ki textile exports kam kyun ho rahi hain,NAT,,ROMAN,roman_char3gram_bm25_method_D,14,53090,28.317981719970703,50
post_phase12_module2_M2-A,M2-A,R082,Pakistan ki textile exports kam kyun ho rahi hain,NAT,,ROMAN,roman_char3gram_bm25_method_D,15,90871,28.255029678344727,50
post_phase12_module2_M2-A,M2-A,R082,Pakistan ki textile exports kam kyun ho rahi hain,NAT,,ROMAN,roman_char3gram_bm25_method_D,16,43094,28.22307586669922,50
post_phase12_module2_M2-A,M2-A,R082,Pakistan ki textile exports kam kyun ho rahi hain,NAT,,ROMAN,roman_char3gram_bm25_method_D,17,81063,28.17401885986328,50
post_phase12_module2_M2-A,M2-A,R082,Pakistan ki textile exports kam kyun ho rahi hain,NAT,,ROMAN,roman_char3gram_bm25_method_D,18,24881,27.99258041381836,50
post_phase12_module2_M2-A,M2-A,R082,Pakistan ki textile exports kam kyun ho rahi hain,NAT,,ROMAN,roman_char3gram_bm25_method_D,19,35788,27.98519515991211,50
post_phase12_module2_M2-A,M2-A,R082,Pakistan ki textile exports kam kyun ho rahi hain,NAT,,ROMAN,roman_char3gram_bm25_method_D,20,36331,27.84910774230957,50
post_phase12_module2_M2-A,M2-A,R082,Pakistan ki textile exports kam kyun ho rahi hain,NAT,,ROMAN,roman_char3gram_bm25_method_D,21,82017,27.846975326538086,50
post_phase12_module2_M2-A,M2-A,R082,Pakistan ki textile exports kam kyun ho rahi hain,NAT,,ROMAN,roman_char3gram_bm25_method_D,22,93287,27.827402114868164,50
post_phase12_module2_M2-A,M2-A,R082,Pakistan ki textile exports kam kyun ho rahi hain,NAT,,ROMAN,roman_char3gram_bm25_method_D,23,37467,27.798847198486328,50
post_phase12_module2_M2-A,M2-A,R082,Pakistan ki textile exports kam kyun ho rahi hain,NAT,,ROMAN,roman_char3gram_bm25_method_D,24,93815,27.76921844482422,50
post_phase12_module2_M2-A,M2-A,R082,Pakistan ki textile exports kam kyun ho rahi hain,NAT,,ROMAN,roman_char3gram_bm25_method_D,25,33893,27.76080894470215,50
post_phase12_module2_M2-A,M2-A,R082,Pakistan ki textile exports kam kyun ho rahi hain,NAT,,ROMAN,roman_char3gram_bm25_method_D,26,97390,27.752721786499023,50
post_phase12_module2_M2-A,M2-A,R082,Pakistan ki textile exports kam kyun ho rahi hain,NAT,,ROMAN,roman_char3gram_bm25_method_D,27,91192,27.722740173339844,50
post_phase12_module2_M2-A,M2-A,R082,Pakistan ki textile exports kam kyun ho rahi hain,NAT,,ROMAN,roman_char3gram_bm25_method_D,28,36204,27.644775390625,50
post_phase12_module2_M2-A,M2-A,R082,Pakistan ki textile exports kam kyun ho rahi hain,NAT,,ROMAN,roman_char3gram_bm25_method_D,29,34790,27.611886978149414,50
post_phase12_module2_M2-A,M2-A,R082,Pakistan ki textile exports kam kyun ho rahi hain,NAT,,ROMAN,roman_char3gram_bm25_method_D,30,44196,27.608543395996094,50
post_phase12_module2_M2-A,M2-A,R082,Pakistan ki textile exports kam kyun ho rahi hain,NAT,,ROMAN,roman_char3gram_bm25_method_D,31,35084,27.577957153320312,50
post_phase12_module2_M2-A,M2-A,R082,Pakistan ki textile exports kam kyun ho rahi hain,NAT,,ROMAN,roman_char3gram_bm25_method_D,32,47298,27.4873046875,50
post_phase12_module2_M2-A,M2-A,R082,Pakistan ki textile exports kam kyun ho rahi hain,NAT,,ROMAN,roman_char3gram_bm25_method_D,33,83794,27.44487953186035,50
post_phase12_module2_M2-A,M2-A,R082,Pakistan ki textile exports kam kyun ho rahi hain,NAT,,ROMAN,roman_char3gram_bm25_method_D,34,47182,27.43368911743164,50
post_phase12_module2_M2-A,M2-A,R082,Pakistan ki textile exports kam kyun ho rahi hain,NAT,,ROMAN,roman_char3gram_bm25_method_D,35,93249,27.425113677978516,50
post_phase12_module2_M2-A,M2-A,R082,Pakistan ki textile exports kam kyun ho rahi hain,NAT,,ROMAN,roman_char3gram_bm25_method_D,36,108915,27.411317825317383,50
post_phase12_module2_M2-A,M2-A,R082,Pakistan ki textile exports kam kyun ho rahi hain,NAT,,ROMAN,roman_char3gram_bm25_method_D,37,36148,27.383792877197266,50
post_phase12_module2_M2-A,M2-A,R082,Pakistan ki textile exports kam kyun ho rahi hain,NAT,,ROMAN,roman_char3gram_bm25_method_D,38,55376,27.343427658081055,50
post_phase12_module2_M2-A,M2-A,R082,Pakistan ki textile exports kam kyun ho rahi hain,NAT,,ROMAN,roman_char3gram_bm25_method_D,39,34646,27.3182430267334,50
post_phase12_module2_M2-A,M2-A,R082,Pakistan ki textile exports kam kyun ho rahi hain,NAT,,ROMAN,roman_char3gram_bm25_method_D,40,43428,27.273866653442383,50
post_phase12_module2_M2-A,M2-A,R082,Pakistan ki textile exports kam kyun ho rahi hain,NAT,,ROMAN,roman_char3gram_bm25_method_D,41,110521,27.237287521362305,50
post_phase12_module2_M2-A,M2-A,R082,Pakistan ki textile exports kam kyun ho rahi hain,NAT,,ROMAN,roman_char3gram_bm25_method_D,42,55497,27.23151969909668,50
post_phase12_module2_M2-A,M2-A,R082,Pakistan ki textile exports kam kyun ho rahi hain,NAT,,ROMAN,roman_char3gram_bm25_method_D,43,84840,27.213260650634766,50
post_phase12_module2_M2-A,M2-A,R082,Pakistan ki textile exports kam kyun ho rahi hain,NAT,,ROMAN,roman_char3gram_bm25_method_D,44,45536,27.18496322631836,50
post_phase12_module2_M2-A,M2-A,R082,Pakistan ki textile exports kam kyun ho rahi hain,NAT,,ROMAN,roman_char3gram_bm25_method_D,45,37240,27.164859771728516,50
post_phase12_module2_M2-A,M2-A,R082,Pakistan ki textile exports kam kyun ho rahi hain,NAT,,ROMAN,roman_char3gram_bm25_method_D,46,44824,27.09912109375,50
post_phase12_module2_M2-A,M2-A,R082,Pakistan ki textile exports kam kyun ho rahi hain,NAT,,ROMAN,roman_char3gram_bm25_method_D,47,46348,27.091594696044922,50
post_phase12_module2_M2-A,M2-A,R082,Pakistan ki textile exports kam kyun ho rahi hain,NAT,,ROMAN,roman_char3gram_bm25_method_D,48,46963,27.04875946044922,50
post_phase12_module2_M2-A,M2-A,R082,Pakistan ki textile exports kam kyun ho rahi hain,NAT,,ROMAN,roman_char3gram_bm25_method_D,49,46150,26.98369026184082,50
post_phase12_module2_M2-A,M2-A,R082,Pakistan ki textile exports kam kyun ho rahi hain,NAT,,ROMAN,roman_char3gram_bm25_method_D,50,27241,26.909175872802734,50
post_phase12_module2_M2-A,M2-A,R083,Pakistani passport fees 2026,NAT,,ROMAN,roman_char3gram_bm25_method_D,1,26590,33.591819763183594,50
post_phase12_module2_M2-A,M2-A,R083,Pakistani passport fees 2026,NAT,,ROMAN,roman_char3gram_bm25_method_D,2,259,32.208892822265625,50
post_phase12_module2_M2-A,M2-A,R083,Pakistani passport fees 2026,NAT,,ROMAN,roman_char3gram_bm25_method_D,3,84126,31.80059242248535,50
post_phase12_module2_M2-A,M2-A,R083,Pakistani passport fees 2026,NAT,,ROMAN,roman_char3gram_bm25_method_D,4,55132,31.00774574279785,50
post_phase12_module2_M2-A,M2-A,R083,Pakistani passport fees 2026,NAT,,ROMAN,roman_char3gram_bm25_method_D,5,63666,30.769752502441406,50
post_phase12_module2_M2-A,M2-A,R083,Pakistani passport fees 2026,NAT,,ROMAN,roman_char3gram_bm25_method_D,6,27820,30.427433013916016,50
post_phase12_module2_M2-A,M2-A,R083,Pakistani passport fees 2026,NAT,,ROMAN,roman_char3gram_bm25_method_D,7,80876,29.657470703125,50
post_phase12_module2_M2-A,M2-A,R083,Pakistani passport fees 2026,NAT,,ROMAN,roman_char3gram_bm25_method_D,8,63094,29.04524040222168,50
post_phase12_module2_M2-A,M2-A,R083,Pakistani passport fees 2026,NAT,,ROMAN,roman_char3gram_bm25_method_D,9,31206,28.5173397064209,50
post_phase12_module2_M2-A,M2-A,R083,Pakistani passport fees 2026,NAT,,ROMAN,roman_char3gram_bm25_method_D,10,107544,28.089399337768555,50
post_phase12_module2_M2-A,M2-A,R083,Pakistani passport fees 2026,NAT,,ROMAN,roman_char3gram_bm25_method_D,11,1364,28.011629104614258,50
post_phase12_module2_M2-A,M2-A,R083,Pakistani passport fees 2026,NAT,,ROMAN,roman_char3gram_bm25_method_D,12,59763,27.42011070251465,50
post_phase12_module2_M2-A,M2-A,R083,Pakistani passport fees 2026,NAT,,ROMAN,roman_char3gram_bm25_method_D,13,2645,27.034942626953125,50
post_phase12_module2_M2-A,M2-A,R083,Pakistani passport fees 2026,NAT,,ROMAN,roman_char3gram_bm25_method_D,14,70700,26.176050186157227,50
post_phase12_module2_M2-A,M2-A,R083,Pakistani passport fees 2026,NAT,,ROMAN,roman_char3gram_bm25_method_D,15,60082,25.9619197845459,50
post_phase12_module2_M2-A,M2-A,R083,Pakistani passport fees 2026,NAT,,ROMAN,roman_char3gram_bm25_method_D,16,55025,25.891389846801758,50
post_phase12_module2_M2-A,M2-A,R083,Pakistani passport fees 2026,NAT,,ROMAN,roman_char3gram_bm25_method_D,17,57506,25.86282730102539,50
post_phase12_module2_M2-A,M2-A,R083,Pakistani passport fees 2026,NAT,,ROMAN,roman_char3gram_bm25_method_D,18,30560,25.809364318847656,50
post_phase12_module2_M2-A,M2-A,R083,Pakistani passport fees 2026,NAT,,ROMAN,roman_char3gram_bm25_method_D,19,207,25.68951988220215,50
post_phase12_module2_M2-A,M2-A,R083,Pakistani passport fees 2026,NAT,,ROMAN,roman_char3gram_bm25_method_D,20,38666,25.547216415405273,50
post_phase12_module2_M2-A,M2-A,R083,Pakistani passport fees 2026,NAT,,ROMAN,roman_char3gram_bm25_method_D,21,70731,25.475984573364258,50
post_phase12_module2_M2-A,M2-A,R083,Pakistani passport fees 2026,NAT,,ROMAN,roman_char3gram_bm25_method_D,22,1358,25.348567962646484,50
post_phase12_module2_M2-A,M2-A,R083,Pakistani passport fees 2026,NAT,,ROMAN,roman_char3gram_bm25_method_D,23,11077,25.340225219726562,50
post_phase12_module2_M2-A,M2-A,R083,Pakistani passport fees 2026,NAT,,ROMAN,roman_char3gram_bm25_method_D,24,76858,25.169898986816406,50
post_phase12_module2_M2-A,M2-A,R083,Pakistani passport fees 2026,NAT,,ROMAN,roman_char3gram_bm25_method_D,25,29815,25.161216735839844,50
post_phase12_module2_M2-A,M2-A,R083,Pakistani passport fees 2026,NAT,,ROMAN,roman_char3gram_bm25_method_D,26,47508,25.065467834472656,50
post_phase12_module2_M2-A,M2-A,R083,Pakistani passport fees 2026,NAT,,ROMAN,roman_char3gram_bm25_method_D,27,63303,25.050193786621094,50
post_phase12_module2_M2-A,M2-A,R083,Pakistani passport fees 2026,NAT,,ROMAN,roman_char3gram_bm25_method_D,28,63784,25.042226791381836,50
post_phase12_module2_M2-A,M2-A,R083,Pakistani passport fees 2026,NAT,,ROMAN,roman_char3gram_bm25_method_D,29,63149,24.866304397583008,50
post_phase12_module2_M2-A,M2-A,R083,Pakistani passport fees 2026,NAT,,ROMAN,roman_char3gram_bm25_method_D,30,46155,24.76931381225586,50
post_phase12_module2_M2-A,M2-A,R083,Pakistani passport fees 2026,NAT,,ROMAN,roman_char3gram_bm25_method_D,31,19813,24.56342315673828,50
post_phase12_module2_M2-A,M2-A,R083,Pakistani passport fees 2026,NAT,,ROMAN,roman_char3gram_bm25_method_D,32,39138,24.502899169921875,50
post_phase12_module2_M2-A,M2-A,R083,Pakistani passport fees 2026,NAT,,ROMAN,roman_char3gram_bm25_method_D,33,18927,24.495702743530273,50
post_phase12_module2_M2-A,M2-A,R083,Pakistani passport fees 2026,NAT,,ROMAN,roman_char3gram_bm25_method_D,34,39149,24.454591751098633,50
post_phase12_module2_M2-A,M2-A,R083,Pakistani passport fees 2026,NAT,,ROMAN,roman_char3gram_bm25_method_D,35,94102,24.433284759521484,50
post_phase12_module2_M2-A,M2-A,R083,Pakistani passport fees 2026,NAT,,ROMAN,roman_char3gram_bm25_method_D,36,87567,24.41874885559082,50
post_phase12_module2_M2-A,M2-A,R083,Pakistani passport fees 2026,NAT,,ROMAN,roman_char3gram_bm25_method_D,37,73859,24.402090072631836,50
post_phase12_module2_M2-A,M2-A,R083,Pakistani passport fees 2026,NAT,,ROMAN,roman_char3gram_bm25_method_D,38,33217,24.38656997680664,50
post_phase12_module2_M2-A,M2-A,R083,Pakistani passport fees 2026,NAT,,ROMAN,roman_char3gram_bm25_method_D,39,65901,24.35858917236328,50
post_phase12_module2_M2-A,M2-A,R083,Pakistani passport fees 2026,NAT,,ROMAN,roman_char3gram_bm25_method_D,40,63599,24.355384826660156,50
post_phase12_module2_M2-A,M2-A,R083,Pakistani passport fees 2026,NAT,,ROMAN,roman_char3gram_bm25_method_D,41,63571,24.170120239257812,50
post_phase12_module2_M2-A,M2-A,R083,Pakistani passport fees 2026,NAT,,ROMAN,roman_char3gram_bm25_method_D,42,413,24.162601470947266,50
post_phase12_module2_M2-A,M2-A,R083,Pakistani passport fees 2026,NAT,,ROMAN,roman_char3gram_bm25_method_D,43,98424,23.97421646118164,50
post_phase12_module2_M2-A,M2-A,R083,Pakistani passport fees 2026,NAT,,ROMAN,roman_char3gram_bm25_method_D,44,109185,23.96341323852539,50
post_phase12_module2_M2-A,M2-A,R083,Pakistani passport fees 2026,NAT,,ROMAN,roman_char3gram_bm25_method_D,45,70187,23.913122177124023,50
post_phase12_module2_M2-A,M2-A,R083,Pakistani passport fees 2026,NAT,,ROMAN,roman_char3gram_bm25_method_D,46,60829,23.88619613647461,50
post_phase12_module2_M2-A,M2-A,R083,Pakistani passport fees 2026,NAT,,ROMAN,roman_char3gram_bm25_method_D,47,52087,23.877897262573242,50
post_phase12_module2_M2-A,M2-A,R083,Pakistani passport fees 2026,NAT,,ROMAN,roman_char3gram_bm25_method_D,48,70440,23.722057342529297,50
post_phase12_module2_M2-A,M2-A,R083,Pakistani passport fees 2026,NAT,,ROMAN,roman_char3gram_bm25_method_D,49,72470,23.681377410888672,50
post_phase12_module2_M2-A,M2-A,R083,Pakistani passport fees 2026,NAT,,ROMAN,roman_char3gram_bm25_method_D,50,79512,23.678375244140625,50
post_phase12_module2_M2-A,M2-A,R084,HBL PSL 2026 final date and venue,NAT,,ROMAN,roman_char3gram_bm25_method_D,1,84126,34.041587829589844,50
post_phase12_module2_M2-A,M2-A,R084,HBL PSL 2026 final date and venue,NAT,,ROMAN,roman_char3gram_bm25_method_D,2,31206,33.71021270751953,50
post_phase12_module2_M2-A,M2-A,R084,HBL PSL 2026 final date and venue,NAT,,ROMAN,roman_char3gram_bm25_method_D,3,24620,33.68475341796875,50
post_phase12_module2_M2-A,M2-A,R084,HBL PSL 2026 final date and venue,NAT,,ROMAN,roman_char3gram_bm25_method_D,4,55132,32.628971099853516,50
post_phase12_module2_M2-A,M2-A,R084,HBL PSL 2026 final date and venue,NAT,,ROMAN,roman_char3gram_bm25_method_D,5,26590,32.5006217956543,50
post_phase12_module2_M2-A,M2-A,R084,HBL PSL 2026 final date and venue,NAT,,ROMAN,roman_char3gram_bm25_method_D,6,24485,32.202110290527344,50
post_phase12_module2_M2-A,M2-A,R084,HBL PSL 2026 final date and venue,NAT,,ROMAN,roman_char3gram_bm25_method_D,7,59624,31.878320693969727,50
post_phase12_module2_M2-A,M2-A,R084,HBL PSL 2026 final date and venue,NAT,,ROMAN,roman_char3gram_bm25_method_D,8,80876,31.63233757019043,50
post_phase12_module2_M2-A,M2-A,R084,HBL PSL 2026 final date and venue,NAT,,ROMAN,roman_char3gram_bm25_method_D,9,30560,31.542861938476562,50
post_phase12_module2_M2-A,M2-A,R084,HBL PSL 2026 final date and venue,NAT,,ROMAN,roman_char3gram_bm25_method_D,10,20971,29.572635650634766,50
post_phase12_module2_M2-A,M2-A,R084,HBL PSL 2026 final date and venue,NAT,,ROMAN,roman_char3gram_bm25_method_D,11,27820,28.00689697265625,50
post_phase12_module2_M2-A,M2-A,R084,HBL PSL 2026 final date and venue,NAT,,ROMAN,roman_char3gram_bm25_method_D,12,33113,27.96436882019043,50
post_phase12_module2_M2-A,M2-A,R084,HBL PSL 2026 final date and venue,NAT,,ROMAN,roman_char3gram_bm25_method_D,13,80211,26.641393661499023,50
post_phase12_module2_M2-A,M2-A,R084,HBL PSL 2026 final date and venue,NAT,,ROMAN,roman_char3gram_bm25_method_D,14,24333,25.892831802368164,50
post_phase12_module2_M2-A,M2-A,R084,HBL PSL 2026 final date and venue,NAT,,ROMAN,roman_char3gram_bm25_method_D,15,59363,25.769927978515625,50
post_phase12_module2_M2-A,M2-A,R084,HBL PSL 2026 final date and venue,NAT,,ROMAN,roman_char3gram_bm25_method_D,16,99054,25.38025665283203,50
post_phase12_module2_M2-A,M2-A,R084,HBL PSL 2026 final date and venue,NAT,,ROMAN,roman_char3gram_bm25_method_D,17,21915,24.927162170410156,50
post_phase12_module2_M2-A,M2-A,R084,HBL PSL 2026 final date and venue,NAT,,ROMAN,roman_char3gram_bm25_method_D,18,3517,24.808956146240234,50
post_phase12_module2_M2-A,M2-A,R084,HBL PSL 2026 final date and venue,NAT,,ROMAN,roman_char3gram_bm25_method_D,19,81876,24.770526885986328,50
post_phase12_module2_M2-A,M2-A,R084,HBL PSL 2026 final date and venue,NAT,,ROMAN,roman_char3gram_bm25_method_D,20,24681,24.345701217651367,50
post_phase12_module2_M2-A,M2-A,R084,HBL PSL 2026 final date and venue,NAT,,ROMAN,roman_char3gram_bm25_method_D,21,81764,24.245325088500977,50
post_phase12_module2_M2-A,M2-A,R084,HBL PSL 2026 final date and venue,NAT,,ROMAN,roman_char3gram_bm25_method_D,22,81796,24.215063095092773,50
post_phase12_module2_M2-A,M2-A,R084,HBL PSL 2026 final date and venue,NAT,,ROMAN,roman_char3gram_bm25_method_D,23,9600,24.089900970458984,50
post_phase12_module2_M2-A,M2-A,R084,HBL PSL 2026 final date and venue,NAT,,ROMAN,roman_char3gram_bm25_method_D,24,55025,23.835391998291016,50
post_phase12_module2_M2-A,M2-A,R084,HBL PSL 2026 final date and venue,NAT,,ROMAN,roman_char3gram_bm25_method_D,25,24664,23.80170249938965,50
post_phase12_module2_M2-A,M2-A,R084,HBL PSL 2026 final date and venue,NAT,,ROMAN,roman_char3gram_bm25_method_D,26,28999,23.79368019104004,50
post_phase12_module2_M2-A,M2-A,R084,HBL PSL 2026 final date and venue,NAT,,ROMAN,roman_char3gram_bm25_method_D,27,3821,23.486074447631836,50
post_phase12_module2_M2-A,M2-A,R084,HBL PSL 2026 final date and venue,NAT,,ROMAN,roman_char3gram_bm25_method_D,28,97489,23.39227294921875,50
post_phase12_module2_M2-A,M2-A,R084,HBL PSL 2026 final date and venue,NAT,,ROMAN,roman_char3gram_bm25_method_D,29,734,23.36285972595215,50
post_phase12_module2_M2-A,M2-A,R084,HBL PSL 2026 final date and venue,NAT,,ROMAN,roman_char3gram_bm25_method_D,30,72302,23.34615135192871,50
post_phase12_module2_M2-A,M2-A,R084,HBL PSL 2026 final date and venue,NAT,,ROMAN,roman_char3gram_bm25_method_D,31,63094,23.18369483947754,50
post_phase12_module2_M2-A,M2-A,R084,HBL PSL 2026 final date and venue,NAT,,ROMAN,roman_char3gram_bm25_method_D,32,13627,23.100446701049805,50
post_phase12_module2_M2-A,M2-A,R084,HBL PSL 2026 final date and venue,NAT,,ROMAN,roman_char3gram_bm25_method_D,33,167,23.036405563354492,50
post_phase12_module2_M2-A,M2-A,R084,HBL PSL 2026 final date and venue,NAT,,ROMAN,roman_char3gram_bm25_method_D,34,97921,22.88351058959961,50
post_phase12_module2_M2-A,M2-A,R084,HBL PSL 2026 final date and venue,NAT,,ROMAN,roman_char3gram_bm25_method_D,35,1037,22.83871078491211,50
post_phase12_module2_M2-A,M2-A,R084,HBL PSL 2026 final date and venue,NAT,,ROMAN,roman_char3gram_bm25_method_D,36,90442,22.696998596191406,50
post_phase12_module2_M2-A,M2-A,R084,HBL PSL 2026 final date and venue,NAT,,ROMAN,roman_char3gram_bm25_method_D,37,63269,22.67512321472168,50
post_phase12_module2_M2-A,M2-A,R084,HBL PSL 2026 final date and venue,NAT,,ROMAN,roman_char3gram_bm25_method_D,38,101494,22.666982650756836,50
post_phase12_module2_M2-A,M2-A,R084,HBL PSL 2026 final date and venue,NAT,,ROMAN,roman_char3gram_bm25_method_D,39,2163,22.60255241394043,50
post_phase12_module2_M2-A,M2-A,R084,HBL PSL 2026 final date and venue,NAT,,ROMAN,roman_char3gram_bm25_method_D,40,6201,22.539228439331055,50
post_phase12_module2_M2-A,M2-A,R084,HBL PSL 2026 final date and venue,NAT,,ROMAN,roman_char3gram_bm25_method_D,41,63784,22.5067138671875,50
post_phase12_module2_M2-A,M2-A,R084,HBL PSL 2026 final date and venue,NAT,,ROMAN,roman_char3gram_bm25_method_D,42,8671,22.478792190551758,50
post_phase12_module2_M2-A,M2-A,R084,HBL PSL 2026 final date and venue,NAT,,ROMAN,roman_char3gram_bm25_method_D,43,70200,22.43558692932129,50
post_phase12_module2_M2-A,M2-A,R084,HBL PSL 2026 final date and venue,NAT,,ROMAN,roman_char3gram_bm25_method_D,44,79913,22.386484146118164,50
post_phase12_module2_M2-A,M2-A,R084,HBL PSL 2026 final date and venue,NAT,,ROMAN,roman_char3gram_bm25_method_D,45,161,22.37902069091797,50
post_phase12_module2_M2-A,M2-A,R084,HBL PSL 2026 final date and venue,NAT,,ROMAN,roman_char3gram_bm25_method_D,46,1160,22.361841201782227,50
post_phase12_module2_M2-A,M2-A,R084,HBL PSL 2026 final date and venue,NAT,,ROMAN,roman_char3gram_bm25_method_D,47,80267,22.361207962036133,50
post_phase12_module2_M2-A,M2-A,R084,HBL PSL 2026 final date and venue,NAT,,ROMAN,roman_char3gram_bm25_method_D,48,59763,22.35401725769043,50
post_phase12_module2_M2-A,M2-A,R084,HBL PSL 2026 final date and venue,NAT,,ROMAN,roman_char3gram_bm25_method_D,49,59399,22.276321411132812,50
post_phase12_module2_M2-A,M2-A,R084,HBL PSL 2026 final date and venue,NAT,,ROMAN,roman_char3gram_bm25_method_D,50,323,22.256549835205078,50
post_phase12_module2_M2-A,M2-A,R085,Pakistan mein khawateen ke liye public transport safe kyun nahi samjhi jati,NAT,,ROMAN,roman_char3gram_bm25_method_D,1,3302,59.34703826904297,50
post_phase12_module2_M2-A,M2-A,R085,Pakistan mein khawateen ke liye public transport safe kyun nahi samjhi jati,NAT,,ROMAN,roman_char3gram_bm25_method_D,2,75328,53.499393463134766,50
post_phase12_module2_M2-A,M2-A,R085,Pakistan mein khawateen ke liye public transport safe kyun nahi samjhi jati,NAT,,ROMAN,roman_char3gram_bm25_method_D,3,78954,53.106117248535156,50
post_phase12_module2_M2-A,M2-A,R085,Pakistan mein khawateen ke liye public transport safe kyun nahi samjhi jati,NAT,,ROMAN,roman_char3gram_bm25_method_D,4,65676,51.02062225341797,50
post_phase12_module2_M2-A,M2-A,R085,Pakistan mein khawateen ke liye public transport safe kyun nahi samjhi jati,NAT,,ROMAN,roman_char3gram_bm25_method_D,5,2944,50.96894454956055,50
post_phase12_module2_M2-A,M2-A,R085,Pakistan mein khawateen ke liye public transport safe kyun nahi samjhi jati,NAT,,ROMAN,roman_char3gram_bm25_method_D,6,61384,50.87693405151367,50
post_phase12_module2_M2-A,M2-A,R085,Pakistan mein khawateen ke liye public transport safe kyun nahi samjhi jati,NAT,,ROMAN,roman_char3gram_bm25_method_D,7,61388,50.59312438964844,50
post_phase12_module2_M2-A,M2-A,R085,Pakistan mein khawateen ke liye public transport safe kyun nahi samjhi jati,NAT,,ROMAN,roman_char3gram_bm25_method_D,8,111206,50.566123962402344,50
post_phase12_module2_M2-A,M2-A,R085,Pakistan mein khawateen ke liye public transport safe kyun nahi samjhi jati,NAT,,ROMAN,roman_char3gram_bm25_method_D,9,109265,50.426334381103516,50
post_phase12_module2_M2-A,M2-A,R085,Pakistan mein khawateen ke liye public transport safe kyun nahi samjhi jati,NAT,,ROMAN,roman_char3gram_bm25_method_D,10,63587,50.384727478027344,50
post_phase12_module2_M2-A,M2-A,R085,Pakistan mein khawateen ke liye public transport safe kyun nahi samjhi jati,NAT,,ROMAN,roman_char3gram_bm25_method_D,11,808,50.0157470703125,50
post_phase12_module2_M2-A,M2-A,R085,Pakistan mein khawateen ke liye public transport safe kyun nahi samjhi jati,NAT,,ROMAN,roman_char3gram_bm25_method_D,12,72104,49.184295654296875,50
post_phase12_module2_M2-A,M2-A,R085,Pakistan mein khawateen ke liye public transport safe kyun nahi samjhi jati,NAT,,ROMAN,roman_char3gram_bm25_method_D,13,110071,49.124698638916016,50
post_phase12_module2_M2-A,M2-A,R085,Pakistan mein khawateen ke liye public transport safe kyun nahi samjhi jati,NAT,,ROMAN,roman_char3gram_bm25_method_D,14,79396,48.8824577331543,50
post_phase12_module2_M2-A,M2-A,R085,Pakistan mein khawateen ke liye public transport safe kyun nahi samjhi jati,NAT,,ROMAN,roman_char3gram_bm25_method_D,15,109222,48.82906723022461,50
post_phase12_module2_M2-A,M2-A,R085,Pakistan mein khawateen ke liye public transport safe kyun nahi samjhi jati,NAT,,ROMAN,roman_char3gram_bm25_method_D,16,72100,48.12983322143555,50
post_phase12_module2_M2-A,M2-A,R085,Pakistan mein khawateen ke liye public transport safe kyun nahi samjhi jati,NAT,,ROMAN,roman_char3gram_bm25_method_D,17,92911,47.78904342651367,50
post_phase12_module2_M2-A,M2-A,R085,Pakistan mein khawateen ke liye public transport safe kyun nahi samjhi jati,NAT,,ROMAN,roman_char3gram_bm25_method_D,18,76377,47.62244415283203,50
post_phase12_module2_M2-A,M2-A,R085,Pakistan mein khawateen ke liye public transport safe kyun nahi samjhi jati,NAT,,ROMAN,roman_char3gram_bm25_method_D,19,40578,47.610740661621094,50
post_phase12_module2_M2-A,M2-A,R085,Pakistan mein khawateen ke liye public transport safe kyun nahi samjhi jati,NAT,,ROMAN,roman_char3gram_bm25_method_D,20,63584,47.594154357910156,50
post_phase12_module2_M2-A,M2-A,R085,Pakistan mein khawateen ke liye public transport safe kyun nahi samjhi jati,NAT,,ROMAN,roman_char3gram_bm25_method_D,21,72614,47.10942077636719,50
post_phase12_module2_M2-A,M2-A,R085,Pakistan mein khawateen ke liye public transport safe kyun nahi samjhi jati,NAT,,ROMAN,roman_char3gram_bm25_method_D,22,39283,46.94756317138672,50
post_phase12_module2_M2-A,M2-A,R085,Pakistan mein khawateen ke liye public transport safe kyun nahi samjhi jati,NAT,,ROMAN,roman_char3gram_bm25_method_D,23,976,46.941864013671875,50
post_phase12_module2_M2-A,M2-A,R085,Pakistan mein khawateen ke liye public transport safe kyun nahi samjhi jati,NAT,,ROMAN,roman_char3gram_bm25_method_D,24,73812,46.77045822143555,50
post_phase12_module2_M2-A,M2-A,R085,Pakistan mein khawateen ke liye public transport safe kyun nahi samjhi jati,NAT,,ROMAN,roman_char3gram_bm25_method_D,25,77920,46.65553665161133,50
post_phase12_module2_M2-A,M2-A,R085,Pakistan mein khawateen ke liye public transport safe kyun nahi samjhi jati,NAT,,ROMAN,roman_char3gram_bm25_method_D,26,61381,46.54702377319336,50
post_phase12_module2_M2-A,M2-A,R085,Pakistan mein khawateen ke liye public transport safe kyun nahi samjhi jati,NAT,,ROMAN,roman_char3gram_bm25_method_D,27,76430,46.50070571899414,50
post_phase12_module2_M2-A,M2-A,R085,Pakistan mein khawateen ke liye public transport safe kyun nahi samjhi jati,NAT,,ROMAN,roman_char3gram_bm25_method_D,28,63491,46.444602966308594,50
post_phase12_module2_M2-A,M2-A,R085,Pakistan mein khawateen ke liye public transport safe kyun nahi samjhi jati,NAT,,ROMAN,roman_char3gram_bm25_method_D,29,73596,46.178592681884766,50
post_phase12_module2_M2-A,M2-A,R085,Pakistan mein khawateen ke liye public transport safe kyun nahi samjhi jati,NAT,,ROMAN,roman_char3gram_bm25_method_D,30,64105,46.02546310424805,50
post_phase12_module2_M2-A,M2-A,R085,Pakistan mein khawateen ke liye public transport safe kyun nahi samjhi jati,NAT,,ROMAN,roman_char3gram_bm25_method_D,31,64605,46.02035903930664,50
post_phase12_module2_M2-A,M2-A,R085,Pakistan mein khawateen ke liye public transport safe kyun nahi samjhi jati,NAT,,ROMAN,roman_char3gram_bm25_method_D,32,71672,45.791866302490234,50
post_phase12_module2_M2-A,M2-A,R085,Pakistan mein khawateen ke liye public transport safe kyun nahi samjhi jati,NAT,,ROMAN,roman_char3gram_bm25_method_D,33,63903,45.661033630371094,50
post_phase12_module2_M2-A,M2-A,R085,Pakistan mein khawateen ke liye public transport safe kyun nahi samjhi jati,NAT,,ROMAN,roman_char3gram_bm25_method_D,34,39699,45.585243225097656,50
post_phase12_module2_M2-A,M2-A,R085,Pakistan mein khawateen ke liye public transport safe kyun nahi samjhi jati,NAT,,ROMAN,roman_char3gram_bm25_method_D,35,70663,45.51533508300781,50
post_phase12_module2_M2-A,M2-A,R085,Pakistan mein khawateen ke liye public transport safe kyun nahi samjhi jati,NAT,,ROMAN,roman_char3gram_bm25_method_D,36,26668,45.367210388183594,50
post_phase12_module2_M2-A,M2-A,R085,Pakistan mein khawateen ke liye public transport safe kyun nahi samjhi jati,NAT,,ROMAN,roman_char3gram_bm25_method_D,37,78273,45.34197235107422,50
post_phase12_module2_M2-A,M2-A,R085,Pakistan mein khawateen ke liye public transport safe kyun nahi samjhi jati,NAT,,ROMAN,roman_char3gram_bm25_method_D,38,76431,45.26879119873047,50
post_phase12_module2_M2-A,M2-A,R085,Pakistan mein khawateen ke liye public transport safe kyun nahi samjhi jati,NAT,,ROMAN,roman_char3gram_bm25_method_D,39,60459,45.202518463134766,50
post_phase12_module2_M2-A,M2-A,R085,Pakistan mein khawateen ke liye public transport safe kyun nahi samjhi jati,NAT,,ROMAN,roman_char3gram_bm25_method_D,40,23031,45.12295150756836,50
post_phase12_module2_M2-A,M2-A,R085,Pakistan mein khawateen ke liye public transport safe kyun nahi samjhi jati,NAT,,ROMAN,roman_char3gram_bm25_method_D,41,77884,45.06058120727539,50
post_phase12_module2_M2-A,M2-A,R085,Pakistan mein khawateen ke liye public transport safe kyun nahi samjhi jati,NAT,,ROMAN,roman_char3gram_bm25_method_D,42,61401,45.010284423828125,50
post_phase12_module2_M2-A,M2-A,R085,Pakistan mein khawateen ke liye public transport safe kyun nahi samjhi jati,NAT,,ROMAN,roman_char3gram_bm25_method_D,43,76456,44.91761016845703,50
post_phase12_module2_M2-A,M2-A,R085,Pakistan mein khawateen ke liye public transport safe kyun nahi samjhi jati,NAT,,ROMAN,roman_char3gram_bm25_method_D,44,72625,44.90755844116211,50
post_phase12_module2_M2-A,M2-A,R085,Pakistan mein khawateen ke liye public transport safe kyun nahi samjhi jati,NAT,,ROMAN,roman_char3gram_bm25_method_D,45,75222,44.78418731689453,50
post_phase12_module2_M2-A,M2-A,R085,Pakistan mein khawateen ke liye public transport safe kyun nahi samjhi jati,NAT,,ROMAN,roman_char3gram_bm25_method_D,46,75043,44.738983154296875,50
post_phase12_module2_M2-A,M2-A,R085,Pakistan mein khawateen ke liye public transport safe kyun nahi samjhi jati,NAT,,ROMAN,roman_char3gram_bm25_method_D,47,39383,44.6832160949707,50
post_phase12_module2_M2-A,M2-A,R085,Pakistan mein khawateen ke liye public transport safe kyun nahi samjhi jati,NAT,,ROMAN,roman_char3gram_bm25_method_D,48,70433,44.66018295288086,50
post_phase12_module2_M2-A,M2-A,R085,Pakistan mein khawateen ke liye public transport safe kyun nahi samjhi jati,NAT,,ROMAN,roman_char3gram_bm25_method_D,49,61202,44.561859130859375,50
post_phase12_module2_M2-A,M2-A,R085,Pakistan mein khawateen ke liye public transport safe kyun nahi samjhi jati,NAT,,ROMAN,roman_char3gram_bm25_method_D,50,63498,44.53470230102539,50
post_phase12_module2_M2-A,M2-A,R086,روپے ki value ke baray mein latest update,NAT,,MIXED,urdu_char3gram_bm25,1,108882,14.663629531860352,50
post_phase12_module2_M2-A,M2-A,R086,روپے ki value ke baray mein latest update,NAT,,MIXED,urdu_char3gram_bm25,2,110140,14.62879753112793,50
post_phase12_module2_M2-A,M2-A,R086,روپے ki value ke baray mein latest update,NAT,,MIXED,urdu_char3gram_bm25,3,109962,14.61984634399414,50
post_phase12_module2_M2-A,M2-A,R086,روپے ki value ke baray mein latest update,NAT,,MIXED,urdu_char3gram_bm25,4,72033,14.610153198242188,50
post_phase12_module2_M2-A,M2-A,R086,روپے ki value ke baray mein latest update,NAT,,MIXED,urdu_char3gram_bm25,5,40393,14.607610702514648,50
post_phase12_module2_M2-A,M2-A,R086,روپے ki value ke baray mein latest update,NAT,,MIXED,urdu_char3gram_bm25,6,109953,14.595176696777344,50
post_phase12_module2_M2-A,M2-A,R086,روپے ki value ke baray mein latest update,NAT,,MIXED,urdu_char3gram_bm25,7,72012,14.583498001098633,50
post_phase12_module2_M2-A,M2-A,R086,روپے ki value ke baray mein latest update,NAT,,MIXED,urdu_char3gram_bm25,8,72298,14.583203315734863,50
post_phase12_module2_M2-A,M2-A,R086,روپے ki value ke baray mein latest update,NAT,,MIXED,urdu_char3gram_bm25,9,108910,14.559026718139648,50
post_phase12_module2_M2-A,M2-A,R086,روپے ki value ke baray mein latest update,NAT,,MIXED,urdu_char3gram_bm25,10,111029,14.5326509475708,50
post_phase12_module2_M2-A,M2-A,R086,روپے ki value ke baray mein latest update,NAT,,MIXED,urdu_char3gram_bm25,11,1590,14.495458602905273,50
post_phase12_module2_M2-A,M2-A,R086,روپے ki value ke baray mein latest update,NAT,,MIXED,urdu_char3gram_bm25,12,38514,14.492925643920898,50
post_phase12_module2_M2-A,M2-A,R086,روپے ki value ke baray mein latest update,NAT,,MIXED,urdu_char3gram_bm25,13,1306,14.474380493164062,50
post_phase12_module2_M2-A,M2-A,R086,روپے ki value ke baray mein latest update,NAT,,MIXED,urdu_char3gram_bm25,14,72060,14.47258472442627,50
post_phase12_module2_M2-A,M2-A,R086,روپے ki value ke baray mein latest update,NAT,,MIXED,urdu_char3gram_bm25,15,111426,14.464207649230957,50
post_phase12_module2_M2-A,M2-A,R086,روپے ki value ke baray mein latest update,NAT,,MIXED,urdu_char3gram_bm25,16,71400,14.462647438049316,50
post_phase12_module2_M2-A,M2-A,R086,روپے ki value ke baray mein latest update,NAT,,MIXED,urdu_char3gram_bm25,17,73507,14.45909309387207,50
post_phase12_module2_M2-A,M2-A,R086,روپے ki value ke baray mein latest update,NAT,,MIXED,urdu_char3gram_bm25,18,72744,14.44949722290039,50
post_phase12_module2_M2-A,M2-A,R086,روپے ki value ke baray mein latest update,NAT,,MIXED,urdu_char3gram_bm25,19,73539,14.446159362792969,50
post_phase12_module2_M2-A,M2-A,R086,روپے ki value ke baray mein latest update,NAT,,MIXED,urdu_char3gram_bm25,20,65536,14.437507629394531,50
post_phase12_module2_M2-A,M2-A,R086,روپے ki value ke baray mein latest update,NAT,,MIXED,urdu_char3gram_bm25,21,110969,14.432905197143555,50
post_phase12_module2_M2-A,M2-A,R086,روپے ki value ke baray mein latest update,NAT,,MIXED,urdu_char3gram_bm25,22,111166,14.431093215942383,50
post_phase12_module2_M2-A,M2-A,R086,روپے ki value ke baray mein latest update,NAT,,MIXED,urdu_char3gram_bm25,23,78344,14.422513008117676,50
post_phase12_module2_M2-A,M2-A,R086,روپے ki value ke baray mein latest update,NAT,,MIXED,urdu_char3gram_bm25,24,1379,14.422235488891602,50
post_phase12_module2_M2-A,M2-A,R086,روپے ki value ke baray mein latest update,NAT,,MIXED,urdu_char3gram_bm25,25,72216,14.420437812805176,50
post_phase12_module2_M2-A,M2-A,R086,روپے ki value ke baray mein latest update,NAT,,MIXED,urdu_char3gram_bm25,26,1797,14.419776916503906,50
post_phase12_module2_M2-A,M2-A,R086,روپے ki value ke baray mein latest update,NAT,,MIXED,urdu_char3gram_bm25,27,39516,14.416618347167969,50
post_phase12_module2_M2-A,M2-A,R086,روپے ki value ke baray mein latest update,NAT,,MIXED,urdu_char3gram_bm25,28,12,14.415480613708496,50
post_phase12_module2_M2-A,M2-A,R086,روپے ki value ke baray mein latest update,NAT,,MIXED,urdu_char3gram_bm25,29,72360,14.399545669555664,50
post_phase12_module2_M2-A,M2-A,R086,روپے ki value ke baray mein latest update,NAT,,MIXED,urdu_char3gram_bm25,30,65812,14.39773178100586,50
post_phase12_module2_M2-A,M2-A,R086,روپے ki value ke baray mein latest update,NAT,,MIXED,urdu_char3gram_bm25,31,72326,14.393996238708496,50
post_phase12_module2_M2-A,M2-A,R086,روپے ki value ke baray mein latest update,NAT,,MIXED,urdu_char3gram_bm25,32,17165,14.387341499328613,50
post_phase12_module2_M2-A,M2-A,R086,روپے ki value ke baray mein latest update,NAT,,MIXED,urdu_char3gram_bm25,33,108892,14.385807037353516,50
post_phase12_module2_M2-A,M2-A,R086,روپے ki value ke baray mein latest update,NAT,,MIXED,urdu_char3gram_bm25,34,110487,14.379806518554688,50
post_phase12_module2_M2-A,M2-A,R086,روپے ki value ke baray mein latest update,NAT,,MIXED,urdu_char3gram_bm25,35,2099,14.375089645385742,50
post_phase12_module2_M2-A,M2-A,R086,روپے ki value ke baray mein latest update,NAT,,MIXED,urdu_char3gram_bm25,36,85330,14.371894836425781,50
post_phase12_module2_M2-A,M2-A,R086,روپے ki value ke baray mein latest update,NAT,,MIXED,urdu_char3gram_bm25,37,17191,14.365921020507812,50
post_phase12_module2_M2-A,M2-A,R086,روپے ki value ke baray mein latest update,NAT,,MIXED,urdu_char3gram_bm25,38,17438,14.365913391113281,50
post_phase12_module2_M2-A,M2-A,R086,روپے ki value ke baray mein latest update,NAT,,MIXED,urdu_char3gram_bm25,39,73340,14.363421440124512,50
post_phase12_module2_M2-A,M2-A,R086,روپے ki value ke baray mein latest update,NAT,,MIXED,urdu_char3gram_bm25,40,1435,14.356842041015625,50
post_phase12_module2_M2-A,M2-A,R086,روپے ki value ke baray mein latest update,NAT,,MIXED,urdu_char3gram_bm25,41,71160,14.355268478393555,50
post_phase12_module2_M2-A,M2-A,R086,روپے ki value ke baray mein latest update,NAT,,MIXED,urdu_char3gram_bm25,42,77008,14.353055953979492,50
post_phase12_module2_M2-A,M2-A,R086,روپے ki value ke baray mein latest update,NAT,,MIXED,urdu_char3gram_bm25,43,73532,14.353048324584961,50
post_phase12_module2_M2-A,M2-A,R086,روپے ki value ke baray mein latest update,NAT,,MIXED,urdu_char3gram_bm25,44,75415,14.349628448486328,50
post_phase12_module2_M2-A,M2-A,R086,روپے ki value ke baray mein latest update,NAT,,MIXED,urdu_char3gram_bm25,45,64169,14.346845626831055,50
post_phase12_module2_M2-A,M2-A,R086,روپے ki value ke baray mein latest update,NAT,,MIXED,urdu_char3gram_bm25,46,70034,14.337000846862793,50
post_phase12_module2_M2-A,M2-A,R086,روپے ki value ke baray mein latest update,NAT,,MIXED,urdu_char3gram_bm25,47,110395,14.336992263793945,50
post_phase12_module2_M2-A,M2-A,R086,روپے ki value ke baray mein latest update,NAT,,MIXED,urdu_char3gram_bm25,48,64908,14.336352348327637,50
post_phase12_module2_M2-A,M2-A,R086,روپے ki value ke baray mein latest update,NAT,,MIXED,urdu_char3gram_bm25,49,111416,14.335567474365234,50
post_phase12_module2_M2-A,M2-A,R086,روپے ki value ke baray mein latest update,NAT,,MIXED,urdu_char3gram_bm25,50,78775,14.333002090454102,50
post_phase12_module2_M2-A,M2-A,R087,gwadar port news,NAT,,ROMAN,roman_char3gram_bm25_method_D,1,9018,25.758275985717773,50
post_phase12_module2_M2-A,M2-A,R087,gwadar port news,NAT,,ROMAN,roman_char3gram_bm25_method_D,2,4858,24.950481414794922,50
post_phase12_module2_M2-A,M2-A,R087,gwadar port news,NAT,,ROMAN,roman_char3gram_bm25_method_D,3,8346,24.67672348022461,50
post_phase12_module2_M2-A,M2-A,R087,gwadar port news,NAT,,ROMAN,roman_char3gram_bm25_method_D,4,11031,24.192768096923828,50
post_phase12_module2_M2-A,M2-A,R087,gwadar port news,NAT,,ROMAN,roman_char3gram_bm25_method_D,5,10583,24.058557510375977,50
post_phase12_module2_M2-A,M2-A,R087,gwadar port news,NAT,,ROMAN,roman_char3gram_bm25_method_D,6,81583,23.668283462524414,50
post_phase12_module2_M2-A,M2-A,R087,gwadar port news,NAT,,ROMAN,roman_char3gram_bm25_method_D,7,9821,23.339200973510742,50
post_phase12_module2_M2-A,M2-A,R087,gwadar port news,NAT,,ROMAN,roman_char3gram_bm25_method_D,8,10051,23.29100799560547,50
post_phase12_module2_M2-A,M2-A,R087,gwadar port news,NAT,,ROMAN,roman_char3gram_bm25_method_D,9,20240,23.12890625,50
post_phase12_module2_M2-A,M2-A,R087,gwadar port news,NAT,,ROMAN,roman_char3gram_bm25_method_D,10,80555,22.890716552734375,50
post_phase12_module2_M2-A,M2-A,R087,gwadar port news,NAT,,ROMAN,roman_char3gram_bm25_method_D,11,22262,22.790725708007812,50
post_phase12_module2_M2-A,M2-A,R087,gwadar port news,NAT,,ROMAN,roman_char3gram_bm25_method_D,12,7612,22.74757957458496,50
post_phase12_module2_M2-A,M2-A,R087,gwadar port news,NAT,,ROMAN,roman_char3gram_bm25_method_D,13,89441,22.722042083740234,50
post_phase12_module2_M2-A,M2-A,R087,gwadar port news,NAT,,ROMAN,roman_char3gram_bm25_method_D,14,19070,22.716041564941406,50
post_phase12_module2_M2-A,M2-A,R087,gwadar port news,NAT,,ROMAN,roman_char3gram_bm25_method_D,15,8562,22.676401138305664,50
post_phase12_module2_M2-A,M2-A,R087,gwadar port news,NAT,,ROMAN,roman_char3gram_bm25_method_D,16,3711,22.657461166381836,50
post_phase12_module2_M2-A,M2-A,R087,gwadar port news,NAT,,ROMAN,roman_char3gram_bm25_method_D,17,103331,22.420034408569336,50
post_phase12_module2_M2-A,M2-A,R087,gwadar port news,NAT,,ROMAN,roman_char3gram_bm25_method_D,18,10873,22.385679244995117,50
post_phase12_module2_M2-A,M2-A,R087,gwadar port news,NAT,,ROMAN,roman_char3gram_bm25_method_D,19,21104,22.325817108154297,50
post_phase12_module2_M2-A,M2-A,R087,gwadar port news,NAT,,ROMAN,roman_char3gram_bm25_method_D,20,68084,22.231019973754883,50
post_phase12_module2_M2-A,M2-A,R087,gwadar port news,NAT,,ROMAN,roman_char3gram_bm25_method_D,21,3209,22.173564910888672,50
post_phase12_module2_M2-A,M2-A,R087,gwadar port news,NAT,,ROMAN,roman_char3gram_bm25_method_D,22,100000,22.136398315429688,50
post_phase12_module2_M2-A,M2-A,R087,gwadar port news,NAT,,ROMAN,roman_char3gram_bm25_method_D,23,13440,22.1290340423584,50
post_phase12_module2_M2-A,M2-A,R087,gwadar port news,NAT,,ROMAN,roman_char3gram_bm25_method_D,24,24651,22.091899871826172,50
post_phase12_module2_M2-A,M2-A,R087,gwadar port news,NAT,,ROMAN,roman_char3gram_bm25_method_D,25,101074,22.04462432861328,50
post_phase12_module2_M2-A,M2-A,R087,gwadar port news,NAT,,ROMAN,roman_char3gram_bm25_method_D,26,14577,22.029075622558594,50
post_phase12_module2_M2-A,M2-A,R087,gwadar port news,NAT,,ROMAN,roman_char3gram_bm25_method_D,27,30010,21.992351531982422,50
post_phase12_module2_M2-A,M2-A,R087,gwadar port news,NAT,,ROMAN,roman_char3gram_bm25_method_D,28,19027,21.974445343017578,50
post_phase12_module2_M2-A,M2-A,R087,gwadar port news,NAT,,ROMAN,roman_char3gram_bm25_method_D,29,12969,21.94943618774414,50
post_phase12_module2_M2-A,M2-A,R087,gwadar port news,NAT,,ROMAN,roman_char3gram_bm25_method_D,30,18797,21.94696807861328,50
post_phase12_module2_M2-A,M2-A,R087,gwadar port news,NAT,,ROMAN,roman_char3gram_bm25_method_D,31,10366,21.932422637939453,50
post_phase12_module2_M2-A,M2-A,R087,gwadar port news,NAT,,ROMAN,roman_char3gram_bm25_method_D,32,50242,21.92359161376953,50
post_phase12_module2_M2-A,M2-A,R087,gwadar port news,NAT,,ROMAN,roman_char3gram_bm25_method_D,33,11983,21.914976119995117,50
post_phase12_module2_M2-A,M2-A,R087,gwadar port news,NAT,,ROMAN,roman_char3gram_bm25_method_D,34,4174,21.914833068847656,50
post_phase12_module2_M2-A,M2-A,R087,gwadar port news,NAT,,ROMAN,roman_char3gram_bm25_method_D,35,69909,21.86311149597168,50
post_phase12_module2_M2-A,M2-A,R087,gwadar port news,NAT,,ROMAN,roman_char3gram_bm25_method_D,36,14815,21.79606056213379,50
post_phase12_module2_M2-A,M2-A,R087,gwadar port news,NAT,,ROMAN,roman_char3gram_bm25_method_D,37,24219,21.766189575195312,50
post_phase12_module2_M2-A,M2-A,R087,gwadar port news,NAT,,ROMAN,roman_char3gram_bm25_method_D,38,72918,21.743785858154297,50
post_phase12_module2_M2-A,M2-A,R087,gwadar port news,NAT,,ROMAN,roman_char3gram_bm25_method_D,39,79477,21.716650009155273,50
post_phase12_module2_M2-A,M2-A,R087,gwadar port news,NAT,,ROMAN,roman_char3gram_bm25_method_D,40,12753,21.70795440673828,50
post_phase12_module2_M2-A,M2-A,R087,gwadar port news,NAT,,ROMAN,roman_char3gram_bm25_method_D,41,6108,21.658119201660156,50
post_phase12_module2_M2-A,M2-A,R087,gwadar port news,NAT,,ROMAN,roman_char3gram_bm25_method_D,42,10352,21.605634689331055,50
post_phase12_module2_M2-A,M2-A,R087,gwadar port news,NAT,,ROMAN,roman_char3gram_bm25_method_D,43,101563,21.5446834564209,50
post_phase12_module2_M2-A,M2-A,R087,gwadar port news,NAT,,ROMAN,roman_char3gram_bm25_method_D,44,40063,21.536043167114258,50
post_phase12_module2_M2-A,M2-A,R087,gwadar port news,NAT,,ROMAN,roman_char3gram_bm25_method_D,45,59695,21.524953842163086,50
post_phase12_module2_M2-A,M2-A,R087,gwadar port news,NAT,,ROMAN,roman_char3gram_bm25_method_D,46,7976,21.50420379638672,50
post_phase12_module2_M2-A,M2-A,R087,gwadar port news,NAT,,ROMAN,roman_char3gram_bm25_method_D,47,7821,21.352092742919922,50
post_phase12_module2_M2-A,M2-A,R087,gwadar port news,NAT,,ROMAN,roman_char3gram_bm25_method_D,48,17927,21.32856559753418,50
post_phase12_module2_M2-A,M2-A,R087,gwadar port news,NAT,,ROMAN,roman_char3gram_bm25_method_D,49,45064,21.32125473022461,50
post_phase12_module2_M2-A,M2-A,R087,gwadar port news,NAT,,ROMAN,roman_char3gram_bm25_method_D,50,8598,21.30851936340332,50
post_phase12_module2_M2-A,M2-A,R088,Pakistani film box office Eid 2026,NAT,,ROMAN,roman_char3gram_bm25_method_D,1,26590,36.51567840576172,50
post_phase12_module2_M2-A,M2-A,R088,Pakistani film box office Eid 2026,NAT,,ROMAN,roman_char3gram_bm25_method_D,2,63133,33.62815856933594,50
post_phase12_module2_M2-A,M2-A,R088,Pakistani film box office Eid 2026,NAT,,ROMAN,roman_char3gram_bm25_method_D,3,97628,33.507389068603516,50
post_phase12_module2_M2-A,M2-A,R088,Pakistani film box office Eid 2026,NAT,,ROMAN,roman_char3gram_bm25_method_D,4,63094,33.30335235595703,50
post_phase12_module2_M2-A,M2-A,R088,Pakistani film box office Eid 2026,NAT,,ROMAN,roman_char3gram_bm25_method_D,5,84126,32.910125732421875,50
post_phase12_module2_M2-A,M2-A,R088,Pakistani film box office Eid 2026,NAT,,ROMAN,roman_char3gram_bm25_method_D,6,63784,32.85442352294922,50
post_phase12_module2_M2-A,M2-A,R088,Pakistani film box office Eid 2026,NAT,,ROMAN,roman_char3gram_bm25_method_D,7,55132,31.8474178314209,50
post_phase12_module2_M2-A,M2-A,R088,Pakistani film box office Eid 2026,NAT,,ROMAN,roman_char3gram_bm25_method_D,8,9007,31.67306900024414,50
post_phase12_module2_M2-A,M2-A,R088,Pakistani film box office Eid 2026,NAT,,ROMAN,roman_char3gram_bm25_method_D,9,63141,31.55056381225586,50
post_phase12_module2_M2-A,M2-A,R088,Pakistani film box office Eid 2026,NAT,,ROMAN,roman_char3gram_bm25_method_D,10,39149,31.50460433959961,50
post_phase12_module2_M2-A,M2-A,R088,Pakistani film box office Eid 2026,NAT,,ROMAN,roman_char3gram_bm25_method_D,11,9332,31.364368438720703,50
post_phase12_module2_M2-A,M2-A,R088,Pakistani film box office Eid 2026,NAT,,ROMAN,roman_char3gram_bm25_method_D,12,31206,31.304323196411133,50
post_phase12_module2_M2-A,M2-A,R088,Pakistani film box office Eid 2026,NAT,,ROMAN,roman_char3gram_bm25_method_D,13,66442,30.515756607055664,50
post_phase12_module2_M2-A,M2-A,R088,Pakistani film box office Eid 2026,NAT,,ROMAN,roman_char3gram_bm25_method_D,14,3760,30.085906982421875,50
post_phase12_module2_M2-A,M2-A,R088,Pakistani film box office Eid 2026,NAT,,ROMAN,roman_char3gram_bm25_method_D,15,18904,29.7006893157959,50
post_phase12_module2_M2-A,M2-A,R088,Pakistani film box office Eid 2026,NAT,,ROMAN,roman_char3gram_bm25_method_D,16,11809,29.59123420715332,50
post_phase12_module2_M2-A,M2-A,R088,Pakistani film box office Eid 2026,NAT,,ROMAN,roman_char3gram_bm25_method_D,17,68369,29.251699447631836,50
post_phase12_module2_M2-A,M2-A,R088,Pakistani film box office Eid 2026,NAT,,ROMAN,roman_char3gram_bm25_method_D,18,65980,29.106483459472656,50
post_phase12_module2_M2-A,M2-A,R088,Pakistani film box office Eid 2026,NAT,,ROMAN,roman_char3gram_bm25_method_D,19,3779,29.087915420532227,50
post_phase12_module2_M2-A,M2-A,R088,Pakistani film box office Eid 2026,NAT,,ROMAN,roman_char3gram_bm25_method_D,20,14533,28.47144889831543,50
post_phase12_module2_M2-A,M2-A,R088,Pakistani film box office Eid 2026,NAT,,ROMAN,roman_char3gram_bm25_method_D,21,3617,28.45318031311035,50
post_phase12_module2_M2-A,M2-A,R088,Pakistani film box office Eid 2026,NAT,,ROMAN,roman_char3gram_bm25_method_D,22,15992,28.390592575073242,50
post_phase12_module2_M2-A,M2-A,R088,Pakistani film box office Eid 2026,NAT,,ROMAN,roman_char3gram_bm25_method_D,23,101571,28.361373901367188,50
post_phase12_module2_M2-A,M2-A,R088,Pakistani film box office Eid 2026,NAT,,ROMAN,roman_char3gram_bm25_method_D,24,67068,28.29373550415039,50
post_phase12_module2_M2-A,M2-A,R088,Pakistani film box office Eid 2026,NAT,,ROMAN,roman_char3gram_bm25_method_D,25,20637,28.274982452392578,50
post_phase12_module2_M2-A,M2-A,R088,Pakistani film box office Eid 2026,NAT,,ROMAN,roman_char3gram_bm25_method_D,26,3703,28.252859115600586,50
post_phase12_module2_M2-A,M2-A,R088,Pakistani film box office Eid 2026,NAT,,ROMAN,roman_char3gram_bm25_method_D,27,6021,28.092294692993164,50
post_phase12_module2_M2-A,M2-A,R088,Pakistani film box office Eid 2026,NAT,,ROMAN,roman_char3gram_bm25_method_D,28,5435,28.064273834228516,50
post_phase12_module2_M2-A,M2-A,R088,Pakistani film box office Eid 2026,NAT,,ROMAN,roman_char3gram_bm25_method_D,29,6109,28.010700225830078,50
post_phase12_module2_M2-A,M2-A,R088,Pakistani film box office Eid 2026,NAT,,ROMAN,roman_char3gram_bm25_method_D,30,107688,27.940563201904297,50
post_phase12_module2_M2-A,M2-A,R088,Pakistani film box office Eid 2026,NAT,,ROMAN,roman_char3gram_bm25_method_D,31,80876,27.92223358154297,50
post_phase12_module2_M2-A,M2-A,R088,Pakistani film box office Eid 2026,NAT,,ROMAN,roman_char3gram_bm25_method_D,32,30560,27.85260009765625,50
post_phase12_module2_M2-A,M2-A,R088,Pakistani film box office Eid 2026,NAT,,ROMAN,roman_char3gram_bm25_method_D,33,66730,27.840667724609375,50
post_phase12_module2_M2-A,M2-A,R088,Pakistani film box office Eid 2026,NAT,,ROMAN,roman_char3gram_bm25_method_D,34,14428,27.82741355895996,50
post_phase12_module2_M2-A,M2-A,R088,Pakistani film box office Eid 2026,NAT,,ROMAN,roman_char3gram_bm25_method_D,35,3874,27.810678482055664,50
post_phase12_module2_M2-A,M2-A,R088,Pakistani film box office Eid 2026,NAT,,ROMAN,roman_char3gram_bm25_method_D,36,14620,27.801509857177734,50
post_phase12_module2_M2-A,M2-A,R088,Pakistani film box office Eid 2026,NAT,,ROMAN,roman_char3gram_bm25_method_D,37,1166,27.778038024902344,50
post_phase12_module2_M2-A,M2-A,R088,Pakistani film box office Eid 2026,NAT,,ROMAN,roman_char3gram_bm25_method_D,38,12252,27.692241668701172,50
post_phase12_module2_M2-A,M2-A,R088,Pakistani film box office Eid 2026,NAT,,ROMAN,roman_char3gram_bm25_method_D,39,7315,27.62734031677246,50
post_phase12_module2_M2-A,M2-A,R088,Pakistani film box office Eid 2026,NAT,,ROMAN,roman_char3gram_bm25_method_D,40,110196,27.559616088867188,50
post_phase12_module2_M2-A,M2-A,R088,Pakistani film box office Eid 2026,NAT,,ROMAN,roman_char3gram_bm25_method_D,41,11957,27.550621032714844,50
post_phase12_module2_M2-A,M2-A,R088,Pakistani film box office Eid 2026,NAT,,ROMAN,roman_char3gram_bm25_method_D,42,111198,27.44405746459961,50
post_phase12_module2_M2-A,M2-A,R088,Pakistani film box office Eid 2026,NAT,,ROMAN,roman_char3gram_bm25_method_D,43,4506,27.437301635742188,50
post_phase12_module2_M2-A,M2-A,R088,Pakistani film box office Eid 2026,NAT,,ROMAN,roman_char3gram_bm25_method_D,44,12625,27.40443229675293,50
post_phase12_module2_M2-A,M2-A,R088,Pakistani film box office Eid 2026,NAT,,ROMAN,roman_char3gram_bm25_method_D,45,70716,27.391231536865234,50
post_phase12_module2_M2-A,M2-A,R088,Pakistani film box office Eid 2026,NAT,,ROMAN,roman_char3gram_bm25_method_D,46,1431,27.335956573486328,50
post_phase12_module2_M2-A,M2-A,R088,Pakistani film box office Eid 2026,NAT,,ROMAN,roman_char3gram_bm25_method_D,47,17048,27.327415466308594,50
post_phase12_module2_M2-A,M2-A,R088,Pakistani film box office Eid 2026,NAT,,ROMAN,roman_char3gram_bm25_method_D,48,67266,27.31748390197754,50
post_phase12_module2_M2-A,M2-A,R088,Pakistani film box office Eid 2026,NAT,,ROMAN,roman_char3gram_bm25_method_D,49,12147,27.273881912231445,50
post_phase12_module2_M2-A,M2-A,R088,Pakistani film box office Eid 2026,NAT,,ROMAN,roman_char3gram_bm25_method_D,50,70892,27.273054122924805,50
post_phase12_module2_M2-A,M2-A,R089,online banking fraud se bachne ke liye users ko kya karna chahiye,NAT,,ROMAN,roman_char3gram_bm25_method_D,1,11423,39.5031623840332,50
post_phase12_module2_M2-A,M2-A,R089,online banking fraud se bachne ke liye users ko kya karna chahiye,NAT,,ROMAN,roman_char3gram_bm25_method_D,2,10667,36.335636138916016,50
post_phase12_module2_M2-A,M2-A,R089,online banking fraud se bachne ke liye users ko kya karna chahiye,NAT,,ROMAN,roman_char3gram_bm25_method_D,3,35039,36.0864372253418,50
post_phase12_module2_M2-A,M2-A,R089,online banking fraud se bachne ke liye users ko kya karna chahiye,NAT,,ROMAN,roman_char3gram_bm25_method_D,4,21109,36.067867279052734,50
post_phase12_module2_M2-A,M2-A,R089,online banking fraud se bachne ke liye users ko kya karna chahiye,NAT,,ROMAN,roman_char3gram_bm25_method_D,5,88861,34.61973190307617,50
post_phase12_module2_M2-A,M2-A,R089,online banking fraud se bachne ke liye users ko kya karna chahiye,NAT,,ROMAN,roman_char3gram_bm25_method_D,6,638,34.23163986206055,50
post_phase12_module2_M2-A,M2-A,R089,online banking fraud se bachne ke liye users ko kya karna chahiye,NAT,,ROMAN,roman_char3gram_bm25_method_D,7,24652,33.29314041137695,50
post_phase12_module2_M2-A,M2-A,R089,online banking fraud se bachne ke liye users ko kya karna chahiye,NAT,,ROMAN,roman_char3gram_bm25_method_D,8,43072,32.97831726074219,50
post_phase12_module2_M2-A,M2-A,R089,online banking fraud se bachne ke liye users ko kya karna chahiye,NAT,,ROMAN,roman_char3gram_bm25_method_D,9,26562,32.94362258911133,50
post_phase12_module2_M2-A,M2-A,R089,online banking fraud se bachne ke liye users ko kya karna chahiye,NAT,,ROMAN,roman_char3gram_bm25_method_D,10,28368,32.666473388671875,50
post_phase12_module2_M2-A,M2-A,R089,online banking fraud se bachne ke liye users ko kya karna chahiye,NAT,,ROMAN,roman_char3gram_bm25_method_D,11,90847,32.58258056640625,50
post_phase12_module2_M2-A,M2-A,R089,online banking fraud se bachne ke liye users ko kya karna chahiye,NAT,,ROMAN,roman_char3gram_bm25_method_D,12,85736,32.505096435546875,50
post_phase12_module2_M2-A,M2-A,R089,online banking fraud se bachne ke liye users ko kya karna chahiye,NAT,,ROMAN,roman_char3gram_bm25_method_D,13,6259,32.41212463378906,50
post_phase12_module2_M2-A,M2-A,R089,online banking fraud se bachne ke liye users ko kya karna chahiye,NAT,,ROMAN,roman_char3gram_bm25_method_D,14,45771,32.187862396240234,50
post_phase12_module2_M2-A,M2-A,R089,online banking fraud se bachne ke liye users ko kya karna chahiye,NAT,,ROMAN,roman_char3gram_bm25_method_D,15,60797,32.18156433105469,50
post_phase12_module2_M2-A,M2-A,R089,online banking fraud se bachne ke liye users ko kya karna chahiye,NAT,,ROMAN,roman_char3gram_bm25_method_D,16,28194,31.579212188720703,50
post_phase12_module2_M2-A,M2-A,R089,online banking fraud se bachne ke liye users ko kya karna chahiye,NAT,,ROMAN,roman_char3gram_bm25_method_D,17,478,31.563756942749023,50
post_phase12_module2_M2-A,M2-A,R089,online banking fraud se bachne ke liye users ko kya karna chahiye,NAT,,ROMAN,roman_char3gram_bm25_method_D,18,47500,31.51787757873535,50
post_phase12_module2_M2-A,M2-A,R089,online banking fraud se bachne ke liye users ko kya karna chahiye,NAT,,ROMAN,roman_char3gram_bm25_method_D,19,35820,31.47709083557129,50
post_phase12_module2_M2-A,M2-A,R089,online banking fraud se bachne ke liye users ko kya karna chahiye,NAT,,ROMAN,roman_char3gram_bm25_method_D,20,69163,31.283309936523438,50
post_phase12_module2_M2-A,M2-A,R089,online banking fraud se bachne ke liye users ko kya karna chahiye,NAT,,ROMAN,roman_char3gram_bm25_method_D,21,82823,31.26554298400879,50
post_phase12_module2_M2-A,M2-A,R089,online banking fraud se bachne ke liye users ko kya karna chahiye,NAT,,ROMAN,roman_char3gram_bm25_method_D,22,34922,31.219594955444336,50
post_phase12_module2_M2-A,M2-A,R089,online banking fraud se bachne ke liye users ko kya karna chahiye,NAT,,ROMAN,roman_char3gram_bm25_method_D,23,58784,31.198179244995117,50
post_phase12_module2_M2-A,M2-A,R089,online banking fraud se bachne ke liye users ko kya karna chahiye,NAT,,ROMAN,roman_char3gram_bm25_method_D,24,88304,31.18402862548828,50
post_phase12_module2_M2-A,M2-A,R089,online banking fraud se bachne ke liye users ko kya karna chahiye,NAT,,ROMAN,roman_char3gram_bm25_method_D,25,72879,31.17276382446289,50
post_phase12_module2_M2-A,M2-A,R089,online banking fraud se bachne ke liye users ko kya karna chahiye,NAT,,ROMAN,roman_char3gram_bm25_method_D,26,553,31.14795684814453,50
post_phase12_module2_M2-A,M2-A,R089,online banking fraud se bachne ke liye users ko kya karna chahiye,NAT,,ROMAN,roman_char3gram_bm25_method_D,27,55287,31.045534133911133,50
post_phase12_module2_M2-A,M2-A,R089,online banking fraud se bachne ke liye users ko kya karna chahiye,NAT,,ROMAN,roman_char3gram_bm25_method_D,28,74477,30.926193237304688,50
post_phase12_module2_M2-A,M2-A,R089,online banking fraud se bachne ke liye users ko kya karna chahiye,NAT,,ROMAN,roman_char3gram_bm25_method_D,29,14074,30.75620460510254,50
post_phase12_module2_M2-A,M2-A,R089,online banking fraud se bachne ke liye users ko kya karna chahiye,NAT,,ROMAN,roman_char3gram_bm25_method_D,30,18061,30.75305938720703,50
post_phase12_module2_M2-A,M2-A,R089,online banking fraud se bachne ke liye users ko kya karna chahiye,NAT,,ROMAN,roman_char3gram_bm25_method_D,31,97912,30.680843353271484,50
post_phase12_module2_M2-A,M2-A,R089,online banking fraud se bachne ke liye users ko kya karna chahiye,NAT,,ROMAN,roman_char3gram_bm25_method_D,32,79762,30.66799545288086,50
post_phase12_module2_M2-A,M2-A,R089,online banking fraud se bachne ke liye users ko kya karna chahiye,NAT,,ROMAN,roman_char3gram_bm25_method_D,33,55665,30.62520980834961,50
post_phase12_module2_M2-A,M2-A,R089,online banking fraud se bachne ke liye users ko kya karna chahiye,NAT,,ROMAN,roman_char3gram_bm25_method_D,34,656,30.60981559753418,50
post_phase12_module2_M2-A,M2-A,R089,online banking fraud se bachne ke liye users ko kya karna chahiye,NAT,,ROMAN,roman_char3gram_bm25_method_D,35,19842,30.577665328979492,50
post_phase12_module2_M2-A,M2-A,R089,online banking fraud se bachne ke liye users ko kya karna chahiye,NAT,,ROMAN,roman_char3gram_bm25_method_D,36,83929,30.540864944458008,50
post_phase12_module2_M2-A,M2-A,R089,online banking fraud se bachne ke liye users ko kya karna chahiye,NAT,,ROMAN,roman_char3gram_bm25_method_D,37,102110,30.540771484375,50
post_phase12_module2_M2-A,M2-A,R089,online banking fraud se bachne ke liye users ko kya karna chahiye,NAT,,ROMAN,roman_char3gram_bm25_method_D,38,2967,30.4746036529541,50
post_phase12_module2_M2-A,M2-A,R089,online banking fraud se bachne ke liye users ko kya karna chahiye,NAT,,ROMAN,roman_char3gram_bm25_method_D,39,110618,30.43859100341797,50
post_phase12_module2_M2-A,M2-A,R089,online banking fraud se bachne ke liye users ko kya karna chahiye,NAT,,ROMAN,roman_char3gram_bm25_method_D,40,95231,30.406940460205078,50
post_phase12_module2_M2-A,M2-A,R089,online banking fraud se bachne ke liye users ko kya karna chahiye,NAT,,ROMAN,roman_char3gram_bm25_method_D,41,39971,30.292966842651367,50
post_phase12_module2_M2-A,M2-A,R089,online banking fraud se bachne ke liye users ko kya karna chahiye,NAT,,ROMAN,roman_char3gram_bm25_method_D,42,3777,30.286943435668945,50
post_phase12_module2_M2-A,M2-A,R089,online banking fraud se bachne ke liye users ko kya karna chahiye,NAT,,ROMAN,roman_char3gram_bm25_method_D,43,16480,30.280113220214844,50
post_phase12_module2_M2-A,M2-A,R089,online banking fraud se bachne ke liye users ko kya karna chahiye,NAT,,ROMAN,roman_char3gram_bm25_method_D,44,84606,30.272579193115234,50
post_phase12_module2_M2-A,M2-A,R089,online banking fraud se bachne ke liye users ko kya karna chahiye,NAT,,ROMAN,roman_char3gram_bm25_method_D,45,55237,30.196277618408203,50
post_phase12_module2_M2-A,M2-A,R089,online banking fraud se bachne ke liye users ko kya karna chahiye,NAT,,ROMAN,roman_char3gram_bm25_method_D,46,23958,30.16399383544922,50
post_phase12_module2_M2-A,M2-A,R089,online banking fraud se bachne ke liye users ko kya karna chahiye,NAT,,ROMAN,roman_char3gram_bm25_method_D,47,31938,30.147836685180664,50
post_phase12_module2_M2-A,M2-A,R089,online banking fraud se bachne ke liye users ko kya karna chahiye,NAT,,ROMAN,roman_char3gram_bm25_method_D,48,649,30.135786056518555,50
post_phase12_module2_M2-A,M2-A,R089,online banking fraud se bachne ke liye users ko kya karna chahiye,NAT,,ROMAN,roman_char3gram_bm25_method_D,49,36096,30.11076545715332,50
post_phase12_module2_M2-A,M2-A,R089,online banking fraud se bachne ke liye users ko kya karna chahiye,NAT,,ROMAN,roman_char3gram_bm25_method_D,50,26107,30.044677734375,50
post_phase12_module2_M2-A,M2-A,R090,matric result 2026 kab aye ga punjab,NAT,,ROMAN,roman_char3gram_bm25_method_D,1,84126,33.473350524902344,50
post_phase12_module2_M2-A,M2-A,R090,matric result 2026 kab aye ga punjab,NAT,,ROMAN,roman_char3gram_bm25_method_D,2,55132,30.79741668701172,50
post_phase12_module2_M2-A,M2-A,R090,matric result 2026 kab aye ga punjab,NAT,,ROMAN,roman_char3gram_bm25_method_D,3,31206,30.231094360351562,50
post_phase12_module2_M2-A,M2-A,R090,matric result 2026 kab aye ga punjab,NAT,,ROMAN,roman_char3gram_bm25_method_D,4,27820,29.74969482421875,50
post_phase12_module2_M2-A,M2-A,R090,matric result 2026 kab aye ga punjab,NAT,,ROMAN,roman_char3gram_bm25_method_D,5,63203,28.83781623840332,50
post_phase12_module2_M2-A,M2-A,R090,matric result 2026 kab aye ga punjab,NAT,,ROMAN,roman_char3gram_bm25_method_D,6,30560,28.808679580688477,50
post_phase12_module2_M2-A,M2-A,R090,matric result 2026 kab aye ga punjab,NAT,,ROMAN,roman_char3gram_bm25_method_D,7,38450,28.510896682739258,50
post_phase12_module2_M2-A,M2-A,R090,matric result 2026 kab aye ga punjab,NAT,,ROMAN,roman_char3gram_bm25_method_D,8,71967,28.36354637145996,50
post_phase12_module2_M2-A,M2-A,R090,matric result 2026 kab aye ga punjab,NAT,,ROMAN,roman_char3gram_bm25_method_D,9,70012,28.15811538696289,50
post_phase12_module2_M2-A,M2-A,R090,matric result 2026 kab aye ga punjab,NAT,,ROMAN,roman_char3gram_bm25_method_D,10,70854,28.01972770690918,50
post_phase12_module2_M2-A,M2-A,R090,matric result 2026 kab aye ga punjab,NAT,,ROMAN,roman_char3gram_bm25_method_D,11,63168,27.78902244567871,50
post_phase12_module2_M2-A,M2-A,R090,matric result 2026 kab aye ga punjab,NAT,,ROMAN,roman_char3gram_bm25_method_D,12,109508,27.32735824584961,50
post_phase12_module2_M2-A,M2-A,R090,matric result 2026 kab aye ga punjab,NAT,,ROMAN,roman_char3gram_bm25_method_D,13,63660,27.22083282470703,50
post_phase12_module2_M2-A,M2-A,R090,matric result 2026 kab aye ga punjab,NAT,,ROMAN,roman_char3gram_bm25_method_D,14,60973,26.984020233154297,50
post_phase12_module2_M2-A,M2-A,R090,matric result 2026 kab aye ga punjab,NAT,,ROMAN,roman_char3gram_bm25_method_D,15,73215,26.531963348388672,50
post_phase12_module2_M2-A,M2-A,R090,matric result 2026 kab aye ga punjab,NAT,,ROMAN,roman_char3gram_bm25_method_D,16,65669,26.23063087463379,50
post_phase12_module2_M2-A,M2-A,R090,matric result 2026 kab aye ga punjab,NAT,,ROMAN,roman_char3gram_bm25_method_D,17,1428,26.129838943481445,50
post_phase12_module2_M2-A,M2-A,R090,matric result 2026 kab aye ga punjab,NAT,,ROMAN,roman_char3gram_bm25_method_D,18,51880,26.12877655029297,50
post_phase12_module2_M2-A,M2-A,R090,matric result 2026 kab aye ga punjab,NAT,,ROMAN,roman_char3gram_bm25_method_D,19,70010,26.080303192138672,50
post_phase12_module2_M2-A,M2-A,R090,matric result 2026 kab aye ga punjab,NAT,,ROMAN,roman_char3gram_bm25_method_D,20,60489,26.02159309387207,50
post_phase12_module2_M2-A,M2-A,R090,matric result 2026 kab aye ga punjab,NAT,,ROMAN,roman_char3gram_bm25_method_D,21,80876,25.82400131225586,50
post_phase12_module2_M2-A,M2-A,R090,matric result 2026 kab aye ga punjab,NAT,,ROMAN,roman_char3gram_bm25_method_D,22,26002,25.738779067993164,50
post_phase12_module2_M2-A,M2-A,R090,matric result 2026 kab aye ga punjab,NAT,,ROMAN,roman_char3gram_bm25_method_D,23,75050,25.730159759521484,50
post_phase12_module2_M2-A,M2-A,R090,matric result 2026 kab aye ga punjab,NAT,,ROMAN,roman_char3gram_bm25_method_D,24,90442,25.707178115844727,50
post_phase12_module2_M2-A,M2-A,R090,matric result 2026 kab aye ga punjab,NAT,,ROMAN,roman_char3gram_bm25_method_D,25,92447,25.632919311523438,50
post_phase12_module2_M2-A,M2-A,R090,matric result 2026 kab aye ga punjab,NAT,,ROMAN,roman_char3gram_bm25_method_D,26,65936,25.5513973236084,50
post_phase12_module2_M2-A,M2-A,R090,matric result 2026 kab aye ga punjab,NAT,,ROMAN,roman_char3gram_bm25_method_D,27,61307,25.517276763916016,50
post_phase12_module2_M2-A,M2-A,R090,matric result 2026 kab aye ga punjab,NAT,,ROMAN,roman_char3gram_bm25_method_D,28,63471,25.50883674621582,50
post_phase12_module2_M2-A,M2-A,R090,matric result 2026 kab aye ga punjab,NAT,,ROMAN,roman_char3gram_bm25_method_D,29,8671,25.43288803100586,50
post_phase12_module2_M2-A,M2-A,R090,matric result 2026 kab aye ga punjab,NAT,,ROMAN,roman_char3gram_bm25_method_D,30,22733,25.297916412353516,50
post_phase12_module2_M2-A,M2-A,R090,matric result 2026 kab aye ga punjab,NAT,,ROMAN,roman_char3gram_bm25_method_D,31,57683,25.219524383544922,50
post_phase12_module2_M2-A,M2-A,R090,matric result 2026 kab aye ga punjab,NAT,,ROMAN,roman_char3gram_bm25_method_D,32,61014,25.15472984313965,50
post_phase12_module2_M2-A,M2-A,R090,matric result 2026 kab aye ga punjab,NAT,,ROMAN,roman_char3gram_bm25_method_D,33,24664,25.064682006835938,50
post_phase12_module2_M2-A,M2-A,R090,matric result 2026 kab aye ga punjab,NAT,,ROMAN,roman_char3gram_bm25_method_D,34,64035,24.984718322753906,50
post_phase12_module2_M2-A,M2-A,R090,matric result 2026 kab aye ga punjab,NAT,,ROMAN,roman_char3gram_bm25_method_D,35,74628,24.953439712524414,50
post_phase12_module2_M2-A,M2-A,R090,matric result 2026 kab aye ga punjab,NAT,,ROMAN,roman_char3gram_bm25_method_D,36,9542,24.882123947143555,50
post_phase12_module2_M2-A,M2-A,R090,matric result 2026 kab aye ga punjab,NAT,,ROMAN,roman_char3gram_bm25_method_D,37,86592,24.652727127075195,50
post_phase12_module2_M2-A,M2-A,R090,matric result 2026 kab aye ga punjab,NAT,,ROMAN,roman_char3gram_bm25_method_D,38,63723,24.537120819091797,50
post_phase12_module2_M2-A,M2-A,R090,matric result 2026 kab aye ga punjab,NAT,,ROMAN,roman_char3gram_bm25_method_D,39,22001,24.536514282226562,50
post_phase12_module2_M2-A,M2-A,R090,matric result 2026 kab aye ga punjab,NAT,,ROMAN,roman_char3gram_bm25_method_D,40,33,24.529022216796875,50
post_phase12_module2_M2-A,M2-A,R090,matric result 2026 kab aye ga punjab,NAT,,ROMAN,roman_char3gram_bm25_method_D,41,76741,24.50712013244629,50
post_phase12_module2_M2-A,M2-A,R090,matric result 2026 kab aye ga punjab,NAT,,ROMAN,roman_char3gram_bm25_method_D,42,108995,24.35942840576172,50
post_phase12_module2_M2-A,M2-A,R090,matric result 2026 kab aye ga punjab,NAT,,ROMAN,roman_char3gram_bm25_method_D,43,94928,24.290611267089844,50
post_phase12_module2_M2-A,M2-A,R090,matric result 2026 kab aye ga punjab,NAT,,ROMAN,roman_char3gram_bm25_method_D,44,51888,24.284351348876953,50
post_phase12_module2_M2-A,M2-A,R090,matric result 2026 kab aye ga punjab,NAT,,ROMAN,roman_char3gram_bm25_method_D,45,26590,24.272357940673828,50
post_phase12_module2_M2-A,M2-A,R090,matric result 2026 kab aye ga punjab,NAT,,ROMAN,roman_char3gram_bm25_method_D,46,55025,24.2672061920166,50
post_phase12_module2_M2-A,M2-A,R090,matric result 2026 kab aye ga punjab,NAT,,ROMAN,roman_char3gram_bm25_method_D,47,51868,24.257570266723633,50
post_phase12_module2_M2-A,M2-A,R090,matric result 2026 kab aye ga punjab,NAT,,ROMAN,roman_char3gram_bm25_method_D,48,72746,24.24111557006836,50
post_phase12_module2_M2-A,M2-A,R090,matric result 2026 kab aye ga punjab,NAT,,ROMAN,roman_char3gram_bm25_method_D,49,78531,24.14341926574707,50
post_phase12_module2_M2-A,M2-A,R090,matric result 2026 kab aye ga punjab,NAT,,ROMAN,roman_char3gram_bm25_method_D,50,4064,24.072471618652344,50
post_phase12_module2_M2-A,M2-A,R091,CPEC projects se Pakistan par qarz ka bojh barhne ki baat kyun hoti hai,NAT,,ROMAN,roman_char3gram_bm25_method_D,1,77490,43.254783630371094,50
post_phase12_module2_M2-A,M2-A,R091,CPEC projects se Pakistan par qarz ka bojh barhne ki baat kyun hoti hai,NAT,,ROMAN,roman_char3gram_bm25_method_D,2,8982,41.453025817871094,50
post_phase12_module2_M2-A,M2-A,R091,CPEC projects se Pakistan par qarz ka bojh barhne ki baat kyun hoti hai,NAT,,ROMAN,roman_char3gram_bm25_method_D,3,99071,40.91936492919922,50
post_phase12_module2_M2-A,M2-A,R091,CPEC projects se Pakistan par qarz ka bojh barhne ki baat kyun hoti hai,NAT,,ROMAN,roman_char3gram_bm25_method_D,4,98759,38.923309326171875,50
post_phase12_module2_M2-A,M2-A,R091,CPEC projects se Pakistan par qarz ka bojh barhne ki baat kyun hoti hai,NAT,,ROMAN,roman_char3gram_bm25_method_D,5,65826,37.849220275878906,50
post_phase12_module2_M2-A,M2-A,R091,CPEC projects se Pakistan par qarz ka bojh barhne ki baat kyun hoti hai,NAT,,ROMAN,roman_char3gram_bm25_method_D,6,68466,37.336456298828125,50
post_phase12_module2_M2-A,M2-A,R091,CPEC projects se Pakistan par qarz ka bojh barhne ki baat kyun hoti hai,NAT,,ROMAN,roman_char3gram_bm25_method_D,7,10935,36.71152114868164,50
post_phase12_module2_M2-A,M2-A,R091,CPEC projects se Pakistan par qarz ka bojh barhne ki baat kyun hoti hai,NAT,,ROMAN,roman_char3gram_bm25_method_D,8,32281,36.16605758666992,50
post_phase12_module2_M2-A,M2-A,R091,CPEC projects se Pakistan par qarz ka bojh barhne ki baat kyun hoti hai,NAT,,ROMAN,roman_char3gram_bm25_method_D,9,65880,36.058773040771484,50
post_phase12_module2_M2-A,M2-A,R091,CPEC projects se Pakistan par qarz ka bojh barhne ki baat kyun hoti hai,NAT,,ROMAN,roman_char3gram_bm25_method_D,10,99069,35.78385543823242,50
post_phase12_module2_M2-A,M2-A,R091,CPEC projects se Pakistan par qarz ka bojh barhne ki baat kyun hoti hai,NAT,,ROMAN,roman_char3gram_bm25_method_D,11,2190,35.640342712402344,50
post_phase12_module2_M2-A,M2-A,R091,CPEC projects se Pakistan par qarz ka bojh barhne ki baat kyun hoti hai,NAT,,ROMAN,roman_char3gram_bm25_method_D,12,83538,35.63882827758789,50
post_phase12_module2_M2-A,M2-A,R091,CPEC projects se Pakistan par qarz ka bojh barhne ki baat kyun hoti hai,NAT,,ROMAN,roman_char3gram_bm25_method_D,13,82489,35.58742141723633,50
post_phase12_module2_M2-A,M2-A,R091,CPEC projects se Pakistan par qarz ka bojh barhne ki baat kyun hoti hai,NAT,,ROMAN,roman_char3gram_bm25_method_D,14,103398,35.572391510009766,50
post_phase12_module2_M2-A,M2-A,R091,CPEC projects se Pakistan par qarz ka bojh barhne ki baat kyun hoti hai,NAT,,ROMAN,roman_char3gram_bm25_method_D,15,39179,35.57170867919922,50
post_phase12_module2_M2-A,M2-A,R091,CPEC projects se Pakistan par qarz ka bojh barhne ki baat kyun hoti hai,NAT,,ROMAN,roman_char3gram_bm25_method_D,16,7703,35.567955017089844,50
post_phase12_module2_M2-A,M2-A,R091,CPEC projects se Pakistan par qarz ka bojh barhne ki baat kyun hoti hai,NAT,,ROMAN,roman_char3gram_bm25_method_D,17,80173,35.19200134277344,50
post_phase12_module2_M2-A,M2-A,R091,CPEC projects se Pakistan par qarz ka bojh barhne ki baat kyun hoti hai,NAT,,ROMAN,roman_char3gram_bm25_method_D,18,111235,35.06990051269531,50
post_phase12_module2_M2-A,M2-A,R091,CPEC projects se Pakistan par qarz ka bojh barhne ki baat kyun hoti hai,NAT,,ROMAN,roman_char3gram_bm25_method_D,19,27257,34.8613395690918,50
post_phase12_module2_M2-A,M2-A,R091,CPEC projects se Pakistan par qarz ka bojh barhne ki baat kyun hoti hai,NAT,,ROMAN,roman_char3gram_bm25_method_D,20,33711,34.783119201660156,50
post_phase12_module2_M2-A,M2-A,R091,CPEC projects se Pakistan par qarz ka bojh barhne ki baat kyun hoti hai,NAT,,ROMAN,roman_char3gram_bm25_method_D,21,27195,34.75159454345703,50
post_phase12_module2_M2-A,M2-A,R091,CPEC projects se Pakistan par qarz ka bojh barhne ki baat kyun hoti hai,NAT,,ROMAN,roman_char3gram_bm25_method_D,22,111823,34.64152526855469,50
post_phase12_module2_M2-A,M2-A,R091,CPEC projects se Pakistan par qarz ka bojh barhne ki baat kyun hoti hai,NAT,,ROMAN,roman_char3gram_bm25_method_D,23,82036,34.441375732421875,50
post_phase12_module2_M2-A,M2-A,R091,CPEC projects se Pakistan par qarz ka bojh barhne ki baat kyun hoti hai,NAT,,ROMAN,roman_char3gram_bm25_method_D,24,63834,34.28679275512695,50
post_phase12_module2_M2-A,M2-A,R091,CPEC projects se Pakistan par qarz ka bojh barhne ki baat kyun hoti hai,NAT,,ROMAN,roman_char3gram_bm25_method_D,25,26090,34.21227264404297,50
post_phase12_module2_M2-A,M2-A,R091,CPEC projects se Pakistan par qarz ka bojh barhne ki baat kyun hoti hai,NAT,,ROMAN,roman_char3gram_bm25_method_D,26,17988,34.20429992675781,50
post_phase12_module2_M2-A,M2-A,R091,CPEC projects se Pakistan par qarz ka bojh barhne ki baat kyun hoti hai,NAT,,ROMAN,roman_char3gram_bm25_method_D,27,33623,34.178138732910156,50
post_phase12_module2_M2-A,M2-A,R091,CPEC projects se Pakistan par qarz ka bojh barhne ki baat kyun hoti hai,NAT,,ROMAN,roman_char3gram_bm25_method_D,28,78471,34.09614181518555,50
post_phase12_module2_M2-A,M2-A,R091,CPEC projects se Pakistan par qarz ka bojh barhne ki baat kyun hoti hai,NAT,,ROMAN,roman_char3gram_bm25_method_D,29,25704,34.0934944152832,50
post_phase12_module2_M2-A,M2-A,R091,CPEC projects se Pakistan par qarz ka bojh barhne ki baat kyun hoti hai,NAT,,ROMAN,roman_char3gram_bm25_method_D,30,7890,34.01504135131836,50
post_phase12_module2_M2-A,M2-A,R091,CPEC projects se Pakistan par qarz ka bojh barhne ki baat kyun hoti hai,NAT,,ROMAN,roman_char3gram_bm25_method_D,31,3511,33.9343376159668,50
post_phase12_module2_M2-A,M2-A,R091,CPEC projects se Pakistan par qarz ka bojh barhne ki baat kyun hoti hai,NAT,,ROMAN,roman_char3gram_bm25_method_D,32,109934,33.85161209106445,50
post_phase12_module2_M2-A,M2-A,R091,CPEC projects se Pakistan par qarz ka bojh barhne ki baat kyun hoti hai,NAT,,ROMAN,roman_char3gram_bm25_method_D,33,111368,33.84078598022461,50
post_phase12_module2_M2-A,M2-A,R091,CPEC projects se Pakistan par qarz ka bojh barhne ki baat kyun hoti hai,NAT,,ROMAN,roman_char3gram_bm25_method_D,34,80903,33.799495697021484,50
post_phase12_module2_M2-A,M2-A,R091,CPEC projects se Pakistan par qarz ka bojh barhne ki baat kyun hoti hai,NAT,,ROMAN,roman_char3gram_bm25_method_D,35,46202,33.72182083129883,50
post_phase12_module2_M2-A,M2-A,R091,CPEC projects se Pakistan par qarz ka bojh barhne ki baat kyun hoti hai,NAT,,ROMAN,roman_char3gram_bm25_method_D,36,31679,33.70889663696289,50
post_phase12_module2_M2-A,M2-A,R091,CPEC projects se Pakistan par qarz ka bojh barhne ki baat kyun hoti hai,NAT,,ROMAN,roman_char3gram_bm25_method_D,37,3807,33.63288879394531,50
post_phase12_module2_M2-A,M2-A,R091,CPEC projects se Pakistan par qarz ka bojh barhne ki baat kyun hoti hai,NAT,,ROMAN,roman_char3gram_bm25_method_D,38,747,33.60482406616211,50
post_phase12_module2_M2-A,M2-A,R091,CPEC projects se Pakistan par qarz ka bojh barhne ki baat kyun hoti hai,NAT,,ROMAN,roman_char3gram_bm25_method_D,39,5943,33.592288970947266,50
post_phase12_module2_M2-A,M2-A,R091,CPEC projects se Pakistan par qarz ka bojh barhne ki baat kyun hoti hai,NAT,,ROMAN,roman_char3gram_bm25_method_D,40,10496,33.55453109741211,50
post_phase12_module2_M2-A,M2-A,R091,CPEC projects se Pakistan par qarz ka bojh barhne ki baat kyun hoti hai,NAT,,ROMAN,roman_char3gram_bm25_method_D,41,32325,33.545654296875,50
post_phase12_module2_M2-A,M2-A,R091,CPEC projects se Pakistan par qarz ka bojh barhne ki baat kyun hoti hai,NAT,,ROMAN,roman_char3gram_bm25_method_D,42,39092,33.50739288330078,50
post_phase12_module2_M2-A,M2-A,R091,CPEC projects se Pakistan par qarz ka bojh barhne ki baat kyun hoti hai,NAT,,ROMAN,roman_char3gram_bm25_method_D,43,1833,33.42805862426758,50
post_phase12_module2_M2-A,M2-A,R091,CPEC projects se Pakistan par qarz ka bojh barhne ki baat kyun hoti hai,NAT,,ROMAN,roman_char3gram_bm25_method_D,44,21471,33.37117385864258,50
post_phase12_module2_M2-A,M2-A,R091,CPEC projects se Pakistan par qarz ka bojh barhne ki baat kyun hoti hai,NAT,,ROMAN,roman_char3gram_bm25_method_D,45,66802,33.369808197021484,50
post_phase12_module2_M2-A,M2-A,R091,CPEC projects se Pakistan par qarz ka bojh barhne ki baat kyun hoti hai,NAT,,ROMAN,roman_char3gram_bm25_method_D,46,16227,33.36220932006836,50
post_phase12_module2_M2-A,M2-A,R091,CPEC projects se Pakistan par qarz ka bojh barhne ki baat kyun hoti hai,NAT,,ROMAN,roman_char3gram_bm25_method_D,47,82513,33.359317779541016,50
post_phase12_module2_M2-A,M2-A,R091,CPEC projects se Pakistan par qarz ka bojh barhne ki baat kyun hoti hai,NAT,,ROMAN,roman_char3gram_bm25_method_D,48,44886,33.323123931884766,50
post_phase12_module2_M2-A,M2-A,R091,CPEC projects se Pakistan par qarz ka bojh barhne ki baat kyun hoti hai,NAT,,ROMAN,roman_char3gram_bm25_method_D,49,37495,33.318023681640625,50
post_phase12_module2_M2-A,M2-A,R091,CPEC projects se Pakistan par qarz ka bojh barhne ki baat kyun hoti hai,NAT,,ROMAN,roman_char3gram_bm25_method_D,50,2680,33.29294967651367,50
post_phase12_module2_M2-A,M2-A,R092,Pakistan hockey team ranking,NAT,,ROMAN,roman_char3gram_bm25_method_D,1,87201,30.052867889404297,50
post_phase12_module2_M2-A,M2-A,R092,Pakistan hockey team ranking,NAT,,ROMAN,roman_char3gram_bm25_method_D,2,84606,29.515777587890625,50
post_phase12_module2_M2-A,M2-A,R092,Pakistan hockey team ranking,NAT,,ROMAN,roman_char3gram_bm25_method_D,3,87105,29.49058723449707,50
post_phase12_module2_M2-A,M2-A,R092,Pakistan hockey team ranking,NAT,,ROMAN,roman_char3gram_bm25_method_D,4,85736,29.482688903808594,50
post_phase12_module2_M2-A,M2-A,R092,Pakistan hockey team ranking,NAT,,ROMAN,roman_char3gram_bm25_method_D,5,87284,29.38290023803711,50
post_phase12_module2_M2-A,M2-A,R092,Pakistan hockey team ranking,NAT,,ROMAN,roman_char3gram_bm25_method_D,6,56869,29.297138214111328,50
post_phase12_module2_M2-A,M2-A,R092,Pakistan hockey team ranking,NAT,,ROMAN,roman_char3gram_bm25_method_D,7,87382,29.186616897583008,50
post_phase12_module2_M2-A,M2-A,R092,Pakistan hockey team ranking,NAT,,ROMAN,roman_char3gram_bm25_method_D,8,108512,29.164648056030273,50
post_phase12_module2_M2-A,M2-A,R092,Pakistan hockey team ranking,NAT,,ROMAN,roman_char3gram_bm25_method_D,9,87145,28.93191909790039,50
post_phase12_module2_M2-A,M2-A,R092,Pakistan hockey team ranking,NAT,,ROMAN,roman_char3gram_bm25_method_D,10,90679,28.919681549072266,50
post_phase12_module2_M2-A,M2-A,R092,Pakistan hockey team ranking,NAT,,ROMAN,roman_char3gram_bm25_method_D,11,36311,28.803466796875,50
post_phase12_module2_M2-A,M2-A,R092,Pakistan hockey team ranking,NAT,,ROMAN,roman_char3gram_bm25_method_D,12,26269,28.591083526611328,50
post_phase12_module2_M2-A,M2-A,R092,Pakistan hockey team ranking,NAT,,ROMAN,roman_char3gram_bm25_method_D,13,91671,28.590801239013672,50
post_phase12_module2_M2-A,M2-A,R092,Pakistan hockey team ranking,NAT,,ROMAN,roman_char3gram_bm25_method_D,14,46557,28.58700942993164,50
post_phase12_module2_M2-A,M2-A,R092,Pakistan hockey team ranking,NAT,,ROMAN,roman_char3gram_bm25_method_D,15,86544,28.55327796936035,50
post_phase12_module2_M2-A,M2-A,R092,Pakistan hockey team ranking,NAT,,ROMAN,roman_char3gram_bm25_method_D,16,95822,28.491437911987305,50
post_phase12_module2_M2-A,M2-A,R092,Pakistan hockey team ranking,NAT,,ROMAN,roman_char3gram_bm25_method_D,17,94873,28.329927444458008,50
post_phase12_module2_M2-A,M2-A,R092,Pakistan hockey team ranking,NAT,,ROMAN,roman_char3gram_bm25_method_D,18,91935,28.251453399658203,50
post_phase12_module2_M2-A,M2-A,R092,Pakistan hockey team ranking,NAT,,ROMAN,roman_char3gram_bm25_method_D,19,37155,28.155773162841797,50
post_phase12_module2_M2-A,M2-A,R092,Pakistan hockey team ranking,NAT,,ROMAN,roman_char3gram_bm25_method_D,20,31224,28.132261276245117,50
post_phase12_module2_M2-A,M2-A,R092,Pakistan hockey team ranking,NAT,,ROMAN,roman_char3gram_bm25_method_D,21,25454,28.123580932617188,50
post_phase12_module2_M2-A,M2-A,R092,Pakistan hockey team ranking,NAT,,ROMAN,roman_char3gram_bm25_method_D,22,95327,28.088491439819336,50
post_phase12_module2_M2-A,M2-A,R092,Pakistan hockey team ranking,NAT,,ROMAN,roman_char3gram_bm25_method_D,23,88070,28.073163986206055,50
post_phase12_module2_M2-A,M2-A,R092,Pakistan hockey team ranking,NAT,,ROMAN,roman_char3gram_bm25_method_D,24,46628,28.04912757873535,50
post_phase12_module2_M2-A,M2-A,R092,Pakistan hockey team ranking,NAT,,ROMAN,roman_char3gram_bm25_method_D,25,92951,28.01872444152832,50
post_phase12_module2_M2-A,M2-A,R092,Pakistan hockey team ranking,NAT,,ROMAN,roman_char3gram_bm25_method_D,26,95123,28.014263153076172,50
post_phase12_module2_M2-A,M2-A,R092,Pakistan hockey team ranking,NAT,,ROMAN,roman_char3gram_bm25_method_D,27,91936,27.957496643066406,50
post_phase12_module2_M2-A,M2-A,R092,Pakistan hockey team ranking,NAT,,ROMAN,roman_char3gram_bm25_method_D,28,36809,27.913610458374023,50
post_phase12_module2_M2-A,M2-A,R092,Pakistan hockey team ranking,NAT,,ROMAN,roman_char3gram_bm25_method_D,29,83641,27.884471893310547,50
post_phase12_module2_M2-A,M2-A,R092,Pakistan hockey team ranking,NAT,,ROMAN,roman_char3gram_bm25_method_D,30,37015,27.869029998779297,50
post_phase12_module2_M2-A,M2-A,R092,Pakistan hockey team ranking,NAT,,ROMAN,roman_char3gram_bm25_method_D,31,87296,27.79707908630371,50
post_phase12_module2_M2-A,M2-A,R092,Pakistan hockey team ranking,NAT,,ROMAN,roman_char3gram_bm25_method_D,32,37067,27.792396545410156,50
post_phase12_module2_M2-A,M2-A,R092,Pakistan hockey team ranking,NAT,,ROMAN,roman_char3gram_bm25_method_D,33,91311,27.758834838867188,50
post_phase12_module2_M2-A,M2-A,R092,Pakistan hockey team ranking,NAT,,ROMAN,roman_char3gram_bm25_method_D,34,37125,27.70421028137207,50
post_phase12_module2_M2-A,M2-A,R092,Pakistan hockey team ranking,NAT,,ROMAN,roman_char3gram_bm25_method_D,35,41929,27.676239013671875,50
post_phase12_module2_M2-A,M2-A,R092,Pakistan hockey team ranking,NAT,,ROMAN,roman_char3gram_bm25_method_D,36,89707,27.632057189941406,50
post_phase12_module2_M2-A,M2-A,R092,Pakistan hockey team ranking,NAT,,ROMAN,roman_char3gram_bm25_method_D,37,42530,27.5666561126709,50
post_phase12_module2_M2-A,M2-A,R092,Pakistan hockey team ranking,NAT,,ROMAN,roman_char3gram_bm25_method_D,38,95851,27.53653335571289,50
post_phase12_module2_M2-A,M2-A,R092,Pakistan hockey team ranking,NAT,,ROMAN,roman_char3gram_bm25_method_D,39,96026,27.49894142150879,50
post_phase12_module2_M2-A,M2-A,R092,Pakistan hockey team ranking,NAT,,ROMAN,roman_char3gram_bm25_method_D,40,96918,27.408571243286133,50
post_phase12_module2_M2-A,M2-A,R092,Pakistan hockey team ranking,NAT,,ROMAN,roman_char3gram_bm25_method_D,41,36557,27.37558364868164,50
post_phase12_module2_M2-A,M2-A,R092,Pakistan hockey team ranking,NAT,,ROMAN,roman_char3gram_bm25_method_D,42,87744,27.36696434020996,50
post_phase12_module2_M2-A,M2-A,R092,Pakistan hockey team ranking,NAT,,ROMAN,roman_char3gram_bm25_method_D,43,53074,27.31374168395996,50
post_phase12_module2_M2-A,M2-A,R092,Pakistan hockey team ranking,NAT,,ROMAN,roman_char3gram_bm25_method_D,44,30912,27.27607536315918,50
post_phase12_module2_M2-A,M2-A,R092,Pakistan hockey team ranking,NAT,,ROMAN,roman_char3gram_bm25_method_D,45,86541,27.257566452026367,50
post_phase12_module2_M2-A,M2-A,R092,Pakistan hockey team ranking,NAT,,ROMAN,roman_char3gram_bm25_method_D,46,87335,27.256380081176758,50
post_phase12_module2_M2-A,M2-A,R092,Pakistan hockey team ranking,NAT,,ROMAN,roman_char3gram_bm25_method_D,47,36570,27.167131423950195,50
post_phase12_module2_M2-A,M2-A,R092,Pakistan hockey team ranking,NAT,,ROMAN,roman_char3gram_bm25_method_D,48,88349,27.13958740234375,50
post_phase12_module2_M2-A,M2-A,R092,Pakistan hockey team ranking,NAT,,ROMAN,roman_char3gram_bm25_method_D,49,58856,27.127779006958008,50
post_phase12_module2_M2-A,M2-A,R092,Pakistan hockey team ranking,NAT,,ROMAN,roman_char3gram_bm25_method_D,50,26864,27.100950241088867,50
post_phase12_module2_M2-A,M2-A,R093,UK visit visa processing time from Pakistan,NAT,,ROMAN,roman_char3gram_bm25_method_D,1,31729,35.68041229248047,50
post_phase12_module2_M2-A,M2-A,R093,UK visit visa processing time from Pakistan,NAT,,ROMAN,roman_char3gram_bm25_method_D,2,7055,32.954010009765625,50
post_phase12_module2_M2-A,M2-A,R093,UK visit visa processing time from Pakistan,NAT,,ROMAN,roman_char3gram_bm25_method_D,3,17631,32.55973815917969,50
post_phase12_module2_M2-A,M2-A,R093,UK visit visa processing time from Pakistan,NAT,,ROMAN,roman_char3gram_bm25_method_D,4,4251,32.502471923828125,50
post_phase12_module2_M2-A,M2-A,R093,UK visit visa processing time from Pakistan,NAT,,ROMAN,roman_char3gram_bm25_method_D,5,32405,31.993818283081055,50
post_phase12_module2_M2-A,M2-A,R093,UK visit visa processing time from Pakistan,NAT,,ROMAN,roman_char3gram_bm25_method_D,6,58452,31.8050537109375,50
post_phase12_module2_M2-A,M2-A,R093,UK visit visa processing time from Pakistan,NAT,,ROMAN,roman_char3gram_bm25_method_D,7,79651,31.651304244995117,50
post_phase12_module2_M2-A,M2-A,R093,UK visit visa processing time from Pakistan,NAT,,ROMAN,roman_char3gram_bm25_method_D,8,85169,31.2635498046875,50
post_phase12_module2_M2-A,M2-A,R093,UK visit visa processing time from Pakistan,NAT,,ROMAN,roman_char3gram_bm25_method_D,9,38970,31.06609535217285,50
post_phase12_module2_M2-A,M2-A,R093,UK visit visa processing time from Pakistan,NAT,,ROMAN,roman_char3gram_bm25_method_D,10,99414,30.33047866821289,50
post_phase12_module2_M2-A,M2-A,R093,UK visit visa processing time from Pakistan,NAT,,ROMAN,roman_char3gram_bm25_method_D,11,4587,30.13045883178711,50
post_phase12_module2_M2-A,M2-A,R093,UK visit visa processing time from Pakistan,NAT,,ROMAN,roman_char3gram_bm25_method_D,12,12659,29.98203468322754,50
post_phase12_module2_M2-A,M2-A,R093,UK visit visa processing time from Pakistan,NAT,,ROMAN,roman_char3gram_bm25_method_D,13,34722,29.535751342773438,50
post_phase12_module2_M2-A,M2-A,R093,UK visit visa processing time from Pakistan,NAT,,ROMAN,roman_char3gram_bm25_method_D,14,41936,29.42542266845703,50
post_phase12_module2_M2-A,M2-A,R093,UK visit visa processing time from Pakistan,NAT,,ROMAN,roman_char3gram_bm25_method_D,15,105134,29.363006591796875,50
post_phase12_module2_M2-A,M2-A,R093,UK visit visa processing time from Pakistan,NAT,,ROMAN,roman_char3gram_bm25_method_D,16,25047,29.319255828857422,50
post_phase12_module2_M2-A,M2-A,R093,UK visit visa processing time from Pakistan,NAT,,ROMAN,roman_char3gram_bm25_method_D,17,25818,29.244800567626953,50
post_phase12_module2_M2-A,M2-A,R093,UK visit visa processing time from Pakistan,NAT,,ROMAN,roman_char3gram_bm25_method_D,18,82141,29.218486785888672,50
post_phase12_module2_M2-A,M2-A,R093,UK visit visa processing time from Pakistan,NAT,,ROMAN,roman_char3gram_bm25_method_D,19,11917,29.01633644104004,50
post_phase12_module2_M2-A,M2-A,R093,UK visit visa processing time from Pakistan,NAT,,ROMAN,roman_char3gram_bm25_method_D,20,92711,28.975187301635742,50
post_phase12_module2_M2-A,M2-A,R093,UK visit visa processing time from Pakistan,NAT,,ROMAN,roman_char3gram_bm25_method_D,21,29566,28.93941879272461,50
post_phase12_module2_M2-A,M2-A,R093,UK visit visa processing time from Pakistan,NAT,,ROMAN,roman_char3gram_bm25_method_D,22,12201,28.799890518188477,50
post_phase12_module2_M2-A,M2-A,R093,UK visit visa processing time from Pakistan,NAT,,ROMAN,roman_char3gram_bm25_method_D,23,85501,28.77499771118164,50
post_phase12_module2_M2-A,M2-A,R093,UK visit visa processing time from Pakistan,NAT,,ROMAN,roman_char3gram_bm25_method_D,24,27100,28.698951721191406,50
post_phase12_module2_M2-A,M2-A,R093,UK visit visa processing time from Pakistan,NAT,,ROMAN,roman_char3gram_bm25_method_D,25,9424,28.5880069732666,50
post_phase12_module2_M2-A,M2-A,R093,UK visit visa processing time from Pakistan,NAT,,ROMAN,roman_char3gram_bm25_method_D,26,1291,28.55963134765625,50
post_phase12_module2_M2-A,M2-A,R093,UK visit visa processing time from Pakistan,NAT,,ROMAN,roman_char3gram_bm25_method_D,27,47950,28.537179946899414,50
post_phase12_module2_M2-A,M2-A,R093,UK visit visa processing time from Pakistan,NAT,,ROMAN,roman_char3gram_bm25_method_D,28,5461,28.522144317626953,50
post_phase12_module2_M2-A,M2-A,R093,UK visit visa processing time from Pakistan,NAT,,ROMAN,roman_char3gram_bm25_method_D,29,17667,28.475589752197266,50
post_phase12_module2_M2-A,M2-A,R093,UK visit visa processing time from Pakistan,NAT,,ROMAN,roman_char3gram_bm25_method_D,30,81589,28.33793830871582,50
post_phase12_module2_M2-A,M2-A,R093,UK visit visa processing time from Pakistan,NAT,,ROMAN,roman_char3gram_bm25_method_D,31,20267,28.3304386138916,50
post_phase12_module2_M2-A,M2-A,R093,UK visit visa processing time from Pakistan,NAT,,ROMAN,roman_char3gram_bm25_method_D,32,36680,28.32651138305664,50
post_phase12_module2_M2-A,M2-A,R093,UK visit visa processing time from Pakistan,NAT,,ROMAN,roman_char3gram_bm25_method_D,33,2146,28.217254638671875,50
post_phase12_module2_M2-A,M2-A,R093,UK visit visa processing time from Pakistan,NAT,,ROMAN,roman_char3gram_bm25_method_D,34,80991,28.20893096923828,50
post_phase12_module2_M2-A,M2-A,R093,UK visit visa processing time from Pakistan,NAT,,ROMAN,roman_char3gram_bm25_method_D,35,8399,28.19021987915039,50
post_phase12_module2_M2-A,M2-A,R093,UK visit visa processing time from Pakistan,NAT,,ROMAN,roman_char3gram_bm25_method_D,36,87005,28.144329071044922,50
post_phase12_module2_M2-A,M2-A,R093,UK visit visa processing time from Pakistan,NAT,,ROMAN,roman_char3gram_bm25_method_D,37,33949,28.131980895996094,50
post_phase12_module2_M2-A,M2-A,R093,UK visit visa processing time from Pakistan,NAT,,ROMAN,roman_char3gram_bm25_method_D,38,23117,28.115421295166016,50
post_phase12_module2_M2-A,M2-A,R093,UK visit visa processing time from Pakistan,NAT,,ROMAN,roman_char3gram_bm25_method_D,39,24286,28.096384048461914,50
post_phase12_module2_M2-A,M2-A,R093,UK visit visa processing time from Pakistan,NAT,,ROMAN,roman_char3gram_bm25_method_D,40,85170,28.077821731567383,50
post_phase12_module2_M2-A,M2-A,R093,UK visit visa processing time from Pakistan,NAT,,ROMAN,roman_char3gram_bm25_method_D,41,77397,28.06368637084961,50
post_phase12_module2_M2-A,M2-A,R093,UK visit visa processing time from Pakistan,NAT,,ROMAN,roman_char3gram_bm25_method_D,42,37775,27.989240646362305,50
post_phase12_module2_M2-A,M2-A,R093,UK visit visa processing time from Pakistan,NAT,,ROMAN,roman_char3gram_bm25_method_D,43,34879,27.917375564575195,50
post_phase12_module2_M2-A,M2-A,R093,UK visit visa processing time from Pakistan,NAT,,ROMAN,roman_char3gram_bm25_method_D,44,34495,27.877042770385742,50
post_phase12_module2_M2-A,M2-A,R093,UK visit visa processing time from Pakistan,NAT,,ROMAN,roman_char3gram_bm25_method_D,45,5257,27.87662696838379,50
post_phase12_module2_M2-A,M2-A,R093,UK visit visa processing time from Pakistan,NAT,,ROMAN,roman_char3gram_bm25_method_D,46,81030,27.839126586914062,50
post_phase12_module2_M2-A,M2-A,R093,UK visit visa processing time from Pakistan,NAT,,ROMAN,roman_char3gram_bm25_method_D,47,84155,27.790420532226562,50
post_phase12_module2_M2-A,M2-A,R093,UK visit visa processing time from Pakistan,NAT,,ROMAN,roman_char3gram_bm25_method_D,48,36622,27.723649978637695,50
post_phase12_module2_M2-A,M2-A,R093,UK visit visa processing time from Pakistan,NAT,,ROMAN,roman_char3gram_bm25_method_D,49,948,27.72280502319336,50
post_phase12_module2_M2-A,M2-A,R093,UK visit visa processing time from Pakistan,NAT,,ROMAN,roman_char3gram_bm25_method_D,50,11758,27.717449188232422,50
post_phase12_module2_M2-A,M2-A,R094,atif aslam concert Pakistan,NAT,,ROMAN,roman_char3gram_bm25_method_D,1,71414,29.28799819946289,50
post_phase12_module2_M2-A,M2-A,R094,atif aslam concert Pakistan,NAT,,ROMAN,roman_char3gram_bm25_method_D,2,109307,28.86290740966797,50
post_phase12_module2_M2-A,M2-A,R094,atif aslam concert Pakistan,NAT,,ROMAN,roman_char3gram_bm25_method_D,3,110316,28.57426643371582,50
post_phase12_module2_M2-A,M2-A,R094,atif aslam concert Pakistan,NAT,,ROMAN,roman_char3gram_bm25_method_D,4,22850,28.455081939697266,50
post_phase12_module2_M2-A,M2-A,R094,atif aslam concert Pakistan,NAT,,ROMAN,roman_char3gram_bm25_method_D,5,1049,28.290258407592773,50
post_phase12_module2_M2-A,M2-A,R094,atif aslam concert Pakistan,NAT,,ROMAN,roman_char3gram_bm25_method_D,6,1649,28.069074630737305,50
post_phase12_module2_M2-A,M2-A,R094,atif aslam concert Pakistan,NAT,,ROMAN,roman_char3gram_bm25_method_D,7,38817,27.988157272338867,50
post_phase12_module2_M2-A,M2-A,R094,atif aslam concert Pakistan,NAT,,ROMAN,roman_char3gram_bm25_method_D,8,63943,27.7674503326416,50
post_phase12_module2_M2-A,M2-A,R094,atif aslam concert Pakistan,NAT,,ROMAN,roman_char3gram_bm25_method_D,9,65599,27.635986328125,50
post_phase12_module2_M2-A,M2-A,R094,atif aslam concert Pakistan,NAT,,ROMAN,roman_char3gram_bm25_method_D,10,111107,27.52208709716797,50
post_phase12_module2_M2-A,M2-A,R094,atif aslam concert Pakistan,NAT,,ROMAN,roman_char3gram_bm25_method_D,11,64877,27.45030975341797,50
post_phase12_module2_M2-A,M2-A,R094,atif aslam concert Pakistan,NAT,,ROMAN,roman_char3gram_bm25_method_D,12,86385,27.137117385864258,50
post_phase12_module2_M2-A,M2-A,R094,atif aslam concert Pakistan,NAT,,ROMAN,roman_char3gram_bm25_method_D,13,1046,27.12188148498535,50
post_phase12_module2_M2-A,M2-A,R094,atif aslam concert Pakistan,NAT,,ROMAN,roman_char3gram_bm25_method_D,14,74893,27.090822219848633,50
post_phase12_module2_M2-A,M2-A,R094,atif aslam concert Pakistan,NAT,,ROMAN,roman_char3gram_bm25_method_D,15,75545,27.087017059326172,50
post_phase12_module2_M2-A,M2-A,R094,atif aslam concert Pakistan,NAT,,ROMAN,roman_char3gram_bm25_method_D,16,38783,27.06670379638672,50
post_phase12_module2_M2-A,M2-A,R094,atif aslam concert Pakistan,NAT,,ROMAN,roman_char3gram_bm25_method_D,17,64283,27.04676055908203,50
post_phase12_module2_M2-A,M2-A,R094,atif aslam concert Pakistan,NAT,,ROMAN,roman_char3gram_bm25_method_D,18,75549,27.0098819732666,50
post_phase12_module2_M2-A,M2-A,R094,atif aslam concert Pakistan,NAT,,ROMAN,roman_char3gram_bm25_method_D,19,1063,26.972993850708008,50
post_phase12_module2_M2-A,M2-A,R094,atif aslam concert Pakistan,NAT,,ROMAN,roman_char3gram_bm25_method_D,20,41205,26.876676559448242,50
post_phase12_module2_M2-A,M2-A,R094,atif aslam concert Pakistan,NAT,,ROMAN,roman_char3gram_bm25_method_D,21,110047,26.873815536499023,50
post_phase12_module2_M2-A,M2-A,R094,atif aslam concert Pakistan,NAT,,ROMAN,roman_char3gram_bm25_method_D,22,63092,26.841421127319336,50
post_phase12_module2_M2-A,M2-A,R094,atif aslam concert Pakistan,NAT,,ROMAN,roman_char3gram_bm25_method_D,23,1163,26.825546264648438,50
post_phase12_module2_M2-A,M2-A,R094,atif aslam concert Pakistan,NAT,,ROMAN,roman_char3gram_bm25_method_D,24,39093,26.792829513549805,50
post_phase12_module2_M2-A,M2-A,R094,atif aslam concert Pakistan,NAT,,ROMAN,roman_char3gram_bm25_method_D,25,63250,26.79096031188965,50
post_phase12_module2_M2-A,M2-A,R094,atif aslam concert Pakistan,NAT,,ROMAN,roman_char3gram_bm25_method_D,26,76939,26.77074432373047,50
post_phase12_module2_M2-A,M2-A,R094,atif aslam concert Pakistan,NAT,,ROMAN,roman_char3gram_bm25_method_D,27,70889,26.770687103271484,50
post_phase12_module2_M2-A,M2-A,R094,atif aslam concert Pakistan,NAT,,ROMAN,roman_char3gram_bm25_method_D,28,3276,26.667034149169922,50
post_phase12_module2_M2-A,M2-A,R094,atif aslam concert Pakistan,NAT,,ROMAN,roman_char3gram_bm25_method_D,29,38816,26.64908790588379,50
post_phase12_module2_M2-A,M2-A,R094,atif aslam concert Pakistan,NAT,,ROMAN,roman_char3gram_bm25_method_D,30,76683,26.53190040588379,50
post_phase12_module2_M2-A,M2-A,R094,atif aslam concert Pakistan,NAT,,ROMAN,roman_char3gram_bm25_method_D,31,41078,26.469329833984375,50
post_phase12_module2_M2-A,M2-A,R094,atif aslam concert Pakistan,NAT,,ROMAN,roman_char3gram_bm25_method_D,32,86383,26.466806411743164,50
post_phase12_module2_M2-A,M2-A,R094,atif aslam concert Pakistan,NAT,,ROMAN,roman_char3gram_bm25_method_D,33,77560,26.44858741760254,50
post_phase12_module2_M2-A,M2-A,R094,atif aslam concert Pakistan,NAT,,ROMAN,roman_char3gram_bm25_method_D,34,110262,26.409210205078125,50
post_phase12_module2_M2-A,M2-A,R094,atif aslam concert Pakistan,NAT,,ROMAN,roman_char3gram_bm25_method_D,35,1047,26.38861656188965,50
post_phase12_module2_M2-A,M2-A,R094,atif aslam concert Pakistan,NAT,,ROMAN,roman_char3gram_bm25_method_D,36,38698,26.384307861328125,50
post_phase12_module2_M2-A,M2-A,R094,atif aslam concert Pakistan,NAT,,ROMAN,roman_char3gram_bm25_method_D,37,76454,26.334482192993164,50
post_phase12_module2_M2-A,M2-A,R094,atif aslam concert Pakistan,NAT,,ROMAN,roman_char3gram_bm25_method_D,38,70883,26.33392906188965,50
post_phase12_module2_M2-A,M2-A,R094,atif aslam concert Pakistan,NAT,,ROMAN,roman_char3gram_bm25_method_D,39,2057,26.284364700317383,50
post_phase12_module2_M2-A,M2-A,R094,atif aslam concert Pakistan,NAT,,ROMAN,roman_char3gram_bm25_method_D,40,62757,26.27290153503418,50
post_phase12_module2_M2-A,M2-A,R094,atif aslam concert Pakistan,NAT,,ROMAN,roman_char3gram_bm25_method_D,41,109702,26.25503158569336,50
post_phase12_module2_M2-A,M2-A,R094,atif aslam concert Pakistan,NAT,,ROMAN,roman_char3gram_bm25_method_D,42,109708,26.11918830871582,50
post_phase12_module2_M2-A,M2-A,R094,atif aslam concert Pakistan,NAT,,ROMAN,roman_char3gram_bm25_method_D,43,76175,26.075214385986328,50
post_phase12_module2_M2-A,M2-A,R094,atif aslam concert Pakistan,NAT,,ROMAN,roman_char3gram_bm25_method_D,44,60690,26.043563842773438,50
post_phase12_module2_M2-A,M2-A,R094,atif aslam concert Pakistan,NAT,,ROMAN,roman_char3gram_bm25_method_D,45,92257,26.0425968170166,50
post_phase12_module2_M2-A,M2-A,R094,atif aslam concert Pakistan,NAT,,ROMAN,roman_char3gram_bm25_method_D,46,61152,26.028091430664062,50
post_phase12_module2_M2-A,M2-A,R094,atif aslam concert Pakistan,NAT,,ROMAN,roman_char3gram_bm25_method_D,47,63725,25.97993278503418,50
post_phase12_module2_M2-A,M2-A,R094,atif aslam concert Pakistan,NAT,,ROMAN,roman_char3gram_bm25_method_D,48,1520,25.94752311706543,50
post_phase12_module2_M2-A,M2-A,R094,atif aslam concert Pakistan,NAT,,ROMAN,roman_char3gram_bm25_method_D,49,109923,25.91579818725586,50
post_phase12_module2_M2-A,M2-A,R094,atif aslam concert Pakistan,NAT,,ROMAN,roman_char3gram_bm25_method_D,50,76887,25.88789939880371,50
post_phase12_module2_M2-A,M2-A,R095,سیلاب ke baad kisanon ko fasal ke nuqsan ka muawza kyun late milta hai,NAT,,MIXED,urdu_char3gram_bm25,1,103186,21.623252868652344,50
post_phase12_module2_M2-A,M2-A,R095,سیلاب ke baad kisanon ko fasal ke nuqsan ka muawza kyun late milta hai,NAT,,MIXED,urdu_char3gram_bm25,2,103884,21.534772872924805,50
post_phase12_module2_M2-A,M2-A,R095,سیلاب ke baad kisanon ko fasal ke nuqsan ka muawza kyun late milta hai,NAT,,MIXED,urdu_char3gram_bm25,3,62010,21.520587921142578,50
post_phase12_module2_M2-A,M2-A,R095,سیلاب ke baad kisanon ko fasal ke nuqsan ka muawza kyun late milta hai,NAT,,MIXED,urdu_char3gram_bm25,4,67358,20.97148895263672,50
post_phase12_module2_M2-A,M2-A,R095,سیلاب ke baad kisanon ko fasal ke nuqsan ka muawza kyun late milta hai,NAT,,MIXED,urdu_char3gram_bm25,5,75478,20.765207290649414,50
post_phase12_module2_M2-A,M2-A,R095,سیلاب ke baad kisanon ko fasal ke nuqsan ka muawza kyun late milta hai,NAT,,MIXED,urdu_char3gram_bm25,6,76782,20.6127986907959,50
post_phase12_module2_M2-A,M2-A,R095,سیلاب ke baad kisanon ko fasal ke nuqsan ka muawza kyun late milta hai,NAT,,MIXED,urdu_char3gram_bm25,7,40351,20.61007308959961,50
post_phase12_module2_M2-A,M2-A,R095,سیلاب ke baad kisanon ko fasal ke nuqsan ka muawza kyun late milta hai,NAT,,MIXED,urdu_char3gram_bm25,8,75361,20.505268096923828,50
post_phase12_module2_M2-A,M2-A,R095,سیلاب ke baad kisanon ko fasal ke nuqsan ka muawza kyun late milta hai,NAT,,MIXED,urdu_char3gram_bm25,9,18791,20.39438819885254,50
post_phase12_module2_M2-A,M2-A,R095,سیلاب ke baad kisanon ko fasal ke nuqsan ka muawza kyun late milta hai,NAT,,MIXED,urdu_char3gram_bm25,10,74479,20.318546295166016,50
post_phase12_module2_M2-A,M2-A,R095,سیلاب ke baad kisanon ko fasal ke nuqsan ka muawza kyun late milta hai,NAT,,MIXED,urdu_char3gram_bm25,11,10960,20.146045684814453,50
post_phase12_module2_M2-A,M2-A,R095,سیلاب ke baad kisanon ko fasal ke nuqsan ka muawza kyun late milta hai,NAT,,MIXED,urdu_char3gram_bm25,12,51379,20.071224212646484,50
post_phase12_module2_M2-A,M2-A,R095,سیلاب ke baad kisanon ko fasal ke nuqsan ka muawza kyun late milta hai,NAT,,MIXED,urdu_char3gram_bm25,13,74465,19.963102340698242,50
post_phase12_module2_M2-A,M2-A,R095,سیلاب ke baad kisanon ko fasal ke nuqsan ka muawza kyun late milta hai,NAT,,MIXED,urdu_char3gram_bm25,14,8430,19.90177345275879,50
post_phase12_module2_M2-A,M2-A,R095,سیلاب ke baad kisanon ko fasal ke nuqsan ka muawza kyun late milta hai,NAT,,MIXED,urdu_char3gram_bm25,15,90603,19.738311767578125,50
post_phase12_module2_M2-A,M2-A,R095,سیلاب ke baad kisanon ko fasal ke nuqsan ka muawza kyun late milta hai,NAT,,MIXED,urdu_char3gram_bm25,16,78637,19.724651336669922,50
post_phase12_module2_M2-A,M2-A,R095,سیلاب ke baad kisanon ko fasal ke nuqsan ka muawza kyun late milta hai,NAT,,MIXED,urdu_char3gram_bm25,17,24555,19.52621078491211,50
post_phase12_module2_M2-A,M2-A,R095,سیلاب ke baad kisanon ko fasal ke nuqsan ka muawza kyun late milta hai,NAT,,MIXED,urdu_char3gram_bm25,18,76808,19.51142120361328,50
post_phase12_module2_M2-A,M2-A,R095,سیلاب ke baad kisanon ko fasal ke nuqsan ka muawza kyun late milta hai,NAT,,MIXED,urdu_char3gram_bm25,19,62777,19.450063705444336,50
post_phase12_module2_M2-A,M2-A,R095,سیلاب ke baad kisanon ko fasal ke nuqsan ka muawza kyun late milta hai,NAT,,MIXED,urdu_char3gram_bm25,20,76744,19.26288604736328,50
post_phase12_module2_M2-A,M2-A,R095,سیلاب ke baad kisanon ko fasal ke nuqsan ka muawza kyun late milta hai,NAT,,MIXED,urdu_char3gram_bm25,21,24353,18.98399543762207,50
post_phase12_module2_M2-A,M2-A,R095,سیلاب ke baad kisanon ko fasal ke nuqsan ka muawza kyun late milta hai,NAT,,MIXED,urdu_char3gram_bm25,22,76713,18.91935157775879,50
post_phase12_module2_M2-A,M2-A,R095,سیلاب ke baad kisanon ko fasal ke nuqsan ka muawza kyun late milta hai,NAT,,MIXED,urdu_char3gram_bm25,23,48984,18.827377319335938,50
post_phase12_module2_M2-A,M2-A,R095,سیلاب ke baad kisanon ko fasal ke nuqsan ka muawza kyun late milta hai,NAT,,MIXED,urdu_char3gram_bm25,24,74036,18.820999145507812,50
post_phase12_module2_M2-A,M2-A,R095,سیلاب ke baad kisanon ko fasal ke nuqsan ka muawza kyun late milta hai,NAT,,MIXED,urdu_char3gram_bm25,25,41070,18.791187286376953,50
post_phase12_module2_M2-A,M2-A,R095,سیلاب ke baad kisanon ko fasal ke nuqsan ka muawza kyun late milta hai,NAT,,MIXED,urdu_char3gram_bm25,26,76700,18.606096267700195,50
post_phase12_module2_M2-A,M2-A,R095,سیلاب ke baad kisanon ko fasal ke nuqsan ka muawza kyun late milta hai,NAT,,MIXED,urdu_char3gram_bm25,27,78146,18.55217170715332,50
post_phase12_module2_M2-A,M2-A,R095,سیلاب ke baad kisanon ko fasal ke nuqsan ka muawza kyun late milta hai,NAT,,MIXED,urdu_char3gram_bm25,28,75163,18.473905563354492,50
post_phase12_module2_M2-A,M2-A,R095,سیلاب ke baad kisanon ko fasal ke nuqsan ka muawza kyun late milta hai,NAT,,MIXED,urdu_char3gram_bm25,29,61635,18.370521545410156,50
post_phase12_module2_M2-A,M2-A,R095,سیلاب ke baad kisanon ko fasal ke nuqsan ka muawza kyun late milta hai,NAT,,MIXED,urdu_char3gram_bm25,30,15174,17.989368438720703,50
post_phase12_module2_M2-A,M2-A,R095,سیلاب ke baad kisanon ko fasal ke nuqsan ka muawza kyun late milta hai,NAT,,MIXED,urdu_char3gram_bm25,31,63280,17.98360824584961,50
post_phase12_module2_M2-A,M2-A,R095,سیلاب ke baad kisanon ko fasal ke nuqsan ka muawza kyun late milta hai,NAT,,MIXED,urdu_char3gram_bm25,32,59852,17.941957473754883,50
post_phase12_module2_M2-A,M2-A,R095,سیلاب ke baad kisanon ko fasal ke nuqsan ka muawza kyun late milta hai,NAT,,MIXED,urdu_char3gram_bm25,33,48893,17.859752655029297,50
post_phase12_module2_M2-A,M2-A,R095,سیلاب ke baad kisanon ko fasal ke nuqsan ka muawza kyun late milta hai,NAT,,MIXED,urdu_char3gram_bm25,34,75142,17.686656951904297,50
post_phase12_module2_M2-A,M2-A,R095,سیلاب ke baad kisanon ko fasal ke nuqsan ka muawza kyun late milta hai,NAT,,MIXED,urdu_char3gram_bm25,35,35339,17.65439224243164,50
post_phase12_module2_M2-A,M2-A,R095,سیلاب ke baad kisanon ko fasal ke nuqsan ka muawza kyun late milta hai,NAT,,MIXED,urdu_char3gram_bm25,36,76741,17.547330856323242,50
post_phase12_module2_M2-A,M2-A,R095,سیلاب ke baad kisanon ko fasal ke nuqsan ka muawza kyun late milta hai,NAT,,MIXED,urdu_char3gram_bm25,37,74499,17.450143814086914,50
post_phase12_module2_M2-A,M2-A,R095,سیلاب ke baad kisanon ko fasal ke nuqsan ka muawza kyun late milta hai,NAT,,MIXED,urdu_char3gram_bm25,38,78333,17.316680908203125,50
post_phase12_module2_M2-A,M2-A,R095,سیلاب ke baad kisanon ko fasal ke nuqsan ka muawza kyun late milta hai,NAT,,MIXED,urdu_char3gram_bm25,39,76696,17.094955444335938,50
post_phase12_module2_M2-A,M2-A,R095,سیلاب ke baad kisanon ko fasal ke nuqsan ka muawza kyun late milta hai,NAT,,MIXED,urdu_char3gram_bm25,40,75476,17.06149673461914,50
post_phase12_module2_M2-A,M2-A,R095,سیلاب ke baad kisanon ko fasal ke nuqsan ka muawza kyun late milta hai,NAT,,MIXED,urdu_char3gram_bm25,41,27713,16.993656158447266,50
post_phase12_module2_M2-A,M2-A,R095,سیلاب ke baad kisanon ko fasal ke nuqsan ka muawza kyun late milta hai,NAT,,MIXED,urdu_char3gram_bm25,42,23648,16.964757919311523,50
post_phase12_module2_M2-A,M2-A,R095,سیلاب ke baad kisanon ko fasal ke nuqsan ka muawza kyun late milta hai,NAT,,MIXED,urdu_char3gram_bm25,43,66678,16.92904281616211,50
post_phase12_module2_M2-A,M2-A,R095,سیلاب ke baad kisanon ko fasal ke nuqsan ka muawza kyun late milta hai,NAT,,MIXED,urdu_char3gram_bm25,44,103229,16.743377685546875,50
post_phase12_module2_M2-A,M2-A,R095,سیلاب ke baad kisanon ko fasal ke nuqsan ka muawza kyun late milta hai,NAT,,MIXED,urdu_char3gram_bm25,45,100974,16.61931037902832,50
post_phase12_module2_M2-A,M2-A,R095,سیلاب ke baad kisanon ko fasal ke nuqsan ka muawza kyun late milta hai,NAT,,MIXED,urdu_char3gram_bm25,46,24228,16.485048294067383,50
post_phase12_module2_M2-A,M2-A,R095,سیلاب ke baad kisanon ko fasal ke nuqsan ka muawza kyun late milta hai,NAT,,MIXED,urdu_char3gram_bm25,47,38244,16.313566207885742,50
post_phase12_module2_M2-A,M2-A,R095,سیلاب ke baad kisanon ko fasal ke nuqsan ka muawza kyun late milta hai,NAT,,MIXED,urdu_char3gram_bm25,48,75452,15.96345043182373,50
post_phase12_module2_M2-A,M2-A,R095,سیلاب ke baad kisanon ko fasal ke nuqsan ka muawza kyun late milta hai,NAT,,MIXED,urdu_char3gram_bm25,49,77793,15.871391296386719,50
post_phase12_module2_M2-A,M2-A,R095,سیلاب ke baad kisanon ko fasal ke nuqsan ka muawza kyun late milta hai,NAT,,MIXED,urdu_char3gram_bm25,50,60315,15.841941833496094,50
post_phase12_module2_M2-A,M2-A,R096,Eid ka chand kab nazar aayega Pakistan,NAT,,ROMAN,roman_char3gram_bm25_method_D,1,20660,29.04815673828125,50
post_phase12_module2_M2-A,M2-A,R096,Eid ka chand kab nazar aayega Pakistan,NAT,,ROMAN,roman_char3gram_bm25_method_D,2,20605,28.477767944335938,50
post_phase12_module2_M2-A,M2-A,R096,Eid ka chand kab nazar aayega Pakistan,NAT,,ROMAN,roman_char3gram_bm25_method_D,3,20665,28.425378799438477,50
post_phase12_module2_M2-A,M2-A,R096,Eid ka chand kab nazar aayega Pakistan,NAT,,ROMAN,roman_char3gram_bm25_method_D,4,37546,25.61443328857422,50
post_phase12_module2_M2-A,M2-A,R096,Eid ka chand kab nazar aayega Pakistan,NAT,,ROMAN,roman_char3gram_bm25_method_D,5,66959,25.547313690185547,50
post_phase12_module2_M2-A,M2-A,R096,Eid ka chand kab nazar aayega Pakistan,NAT,,ROMAN,roman_char3gram_bm25_method_D,6,821,25.522472381591797,50
post_phase12_module2_M2-A,M2-A,R096,Eid ka chand kab nazar aayega Pakistan,NAT,,ROMAN,roman_char3gram_bm25_method_D,7,50698,24.845043182373047,50
post_phase12_module2_M2-A,M2-A,R096,Eid ka chand kab nazar aayega Pakistan,NAT,,ROMAN,roman_char3gram_bm25_method_D,8,73768,24.7947940826416,50
post_phase12_module2_M2-A,M2-A,R096,Eid ka chand kab nazar aayega Pakistan,NAT,,ROMAN,roman_char3gram_bm25_method_D,9,64414,24.755874633789062,50
post_phase12_module2_M2-A,M2-A,R096,Eid ka chand kab nazar aayega Pakistan,NAT,,ROMAN,roman_char3gram_bm25_method_D,10,26596,24.723037719726562,50
post_phase12_module2_M2-A,M2-A,R096,Eid ka chand kab nazar aayega Pakistan,NAT,,ROMAN,roman_char3gram_bm25_method_D,11,52898,24.71893310546875,50
post_phase12_module2_M2-A,M2-A,R096,Eid ka chand kab nazar aayega Pakistan,NAT,,ROMAN,roman_char3gram_bm25_method_D,12,72772,24.68646240234375,50
post_phase12_module2_M2-A,M2-A,R096,Eid ka chand kab nazar aayega Pakistan,NAT,,ROMAN,roman_char3gram_bm25_method_D,13,59031,24.599010467529297,50
post_phase12_module2_M2-A,M2-A,R096,Eid ka chand kab nazar aayega Pakistan,NAT,,ROMAN,roman_char3gram_bm25_method_D,14,71190,24.585933685302734,50
post_phase12_module2_M2-A,M2-A,R096,Eid ka chand kab nazar aayega Pakistan,NAT,,ROMAN,roman_char3gram_bm25_method_D,15,29597,24.462831497192383,50
post_phase12_module2_M2-A,M2-A,R096,Eid ka chand kab nazar aayega Pakistan,NAT,,ROMAN,roman_char3gram_bm25_method_D,16,87714,24.40976905822754,50
post_phase12_module2_M2-A,M2-A,R096,Eid ka chand kab nazar aayega Pakistan,NAT,,ROMAN,roman_char3gram_bm25_method_D,17,52442,24.334209442138672,50
post_phase12_module2_M2-A,M2-A,R096,Eid ka chand kab nazar aayega Pakistan,NAT,,ROMAN,roman_char3gram_bm25_method_D,18,72311,24.284942626953125,50
post_phase12_module2_M2-A,M2-A,R096,Eid ka chand kab nazar aayega Pakistan,NAT,,ROMAN,roman_char3gram_bm25_method_D,19,65669,24.284090042114258,50
post_phase12_module2_M2-A,M2-A,R096,Eid ka chand kab nazar aayega Pakistan,NAT,,ROMAN,roman_char3gram_bm25_method_D,20,73326,24.17377281188965,50
post_phase12_module2_M2-A,M2-A,R096,Eid ka chand kab nazar aayega Pakistan,NAT,,ROMAN,roman_char3gram_bm25_method_D,21,52894,24.146791458129883,50
post_phase12_module2_M2-A,M2-A,R096,Eid ka chand kab nazar aayega Pakistan,NAT,,ROMAN,roman_char3gram_bm25_method_D,22,40980,24.110565185546875,50
post_phase12_module2_M2-A,M2-A,R096,Eid ka chand kab nazar aayega Pakistan,NAT,,ROMAN,roman_char3gram_bm25_method_D,23,5915,24.089265823364258,50
post_phase12_module2_M2-A,M2-A,R096,Eid ka chand kab nazar aayega Pakistan,NAT,,ROMAN,roman_char3gram_bm25_method_D,24,121,24.087188720703125,50
post_phase12_module2_M2-A,M2-A,R096,Eid ka chand kab nazar aayega Pakistan,NAT,,ROMAN,roman_char3gram_bm25_method_D,25,2363,24.069604873657227,50
post_phase12_module2_M2-A,M2-A,R096,Eid ka chand kab nazar aayega Pakistan,NAT,,ROMAN,roman_char3gram_bm25_method_D,26,1483,24.039443969726562,50
post_phase12_module2_M2-A,M2-A,R096,Eid ka chand kab nazar aayega Pakistan,NAT,,ROMAN,roman_char3gram_bm25_method_D,27,109272,24.01475715637207,50
post_phase12_module2_M2-A,M2-A,R096,Eid ka chand kab nazar aayega Pakistan,NAT,,ROMAN,roman_char3gram_bm25_method_D,28,71677,23.983257293701172,50
post_phase12_module2_M2-A,M2-A,R096,Eid ka chand kab nazar aayega Pakistan,NAT,,ROMAN,roman_char3gram_bm25_method_D,29,53718,23.974197387695312,50
post_phase12_module2_M2-A,M2-A,R096,Eid ka chand kab nazar aayega Pakistan,NAT,,ROMAN,roman_char3gram_bm25_method_D,30,87827,23.969003677368164,50
post_phase12_module2_M2-A,M2-A,R096,Eid ka chand kab nazar aayega Pakistan,NAT,,ROMAN,roman_char3gram_bm25_method_D,31,73172,23.88406753540039,50
post_phase12_module2_M2-A,M2-A,R096,Eid ka chand kab nazar aayega Pakistan,NAT,,ROMAN,roman_char3gram_bm25_method_D,32,45995,23.766630172729492,50
post_phase12_module2_M2-A,M2-A,R096,Eid ka chand kab nazar aayega Pakistan,NAT,,ROMAN,roman_char3gram_bm25_method_D,33,91925,23.742549896240234,50
post_phase12_module2_M2-A,M2-A,R096,Eid ka chand kab nazar aayega Pakistan,NAT,,ROMAN,roman_char3gram_bm25_method_D,34,87873,23.71828842163086,50
post_phase12_module2_M2-A,M2-A,R096,Eid ka chand kab nazar aayega Pakistan,NAT,,ROMAN,roman_char3gram_bm25_method_D,35,64667,23.690391540527344,50
post_phase12_module2_M2-A,M2-A,R096,Eid ka chand kab nazar aayega Pakistan,NAT,,ROMAN,roman_char3gram_bm25_method_D,36,72434,23.680797576904297,50
post_phase12_module2_M2-A,M2-A,R096,Eid ka chand kab nazar aayega Pakistan,NAT,,ROMAN,roman_char3gram_bm25_method_D,37,74161,23.659523010253906,50
post_phase12_module2_M2-A,M2-A,R096,Eid ka chand kab nazar aayega Pakistan,NAT,,ROMAN,roman_char3gram_bm25_method_D,38,19699,23.615894317626953,50
post_phase12_module2_M2-A,M2-A,R096,Eid ka chand kab nazar aayega Pakistan,NAT,,ROMAN,roman_char3gram_bm25_method_D,39,102115,23.600698471069336,50
post_phase12_module2_M2-A,M2-A,R096,Eid ka chand kab nazar aayega Pakistan,NAT,,ROMAN,roman_char3gram_bm25_method_D,40,61914,23.585369110107422,50
post_phase12_module2_M2-A,M2-A,R096,Eid ka chand kab nazar aayega Pakistan,NAT,,ROMAN,roman_char3gram_bm25_method_D,41,85890,23.552528381347656,50
post_phase12_module2_M2-A,M2-A,R096,Eid ka chand kab nazar aayega Pakistan,NAT,,ROMAN,roman_char3gram_bm25_method_D,42,38806,23.526426315307617,50
post_phase12_module2_M2-A,M2-A,R096,Eid ka chand kab nazar aayega Pakistan,NAT,,ROMAN,roman_char3gram_bm25_method_D,43,25185,23.4897403717041,50
post_phase12_module2_M2-A,M2-A,R096,Eid ka chand kab nazar aayega Pakistan,NAT,,ROMAN,roman_char3gram_bm25_method_D,44,9125,23.488176345825195,50
post_phase12_module2_M2-A,M2-A,R096,Eid ka chand kab nazar aayega Pakistan,NAT,,ROMAN,roman_char3gram_bm25_method_D,45,45592,23.484460830688477,50
post_phase12_module2_M2-A,M2-A,R096,Eid ka chand kab nazar aayega Pakistan,NAT,,ROMAN,roman_char3gram_bm25_method_D,46,79300,23.448570251464844,50
post_phase12_module2_M2-A,M2-A,R096,Eid ka chand kab nazar aayega Pakistan,NAT,,ROMAN,roman_char3gram_bm25_method_D,47,70567,23.359886169433594,50
post_phase12_module2_M2-A,M2-A,R096,Eid ka chand kab nazar aayega Pakistan,NAT,,ROMAN,roman_char3gram_bm25_method_D,48,12934,23.3008975982666,50
post_phase12_module2_M2-A,M2-A,R096,Eid ka chand kab nazar aayega Pakistan,NAT,,ROMAN,roman_char3gram_bm25_method_D,49,52439,23.248750686645508,50
post_phase12_module2_M2-A,M2-A,R096,Eid ka chand kab nazar aayega Pakistan,NAT,,ROMAN,roman_char3gram_bm25_method_D,50,64169,23.216636657714844,50
post_phase12_module2_M2-A,M2-A,R097,Karachi property tax online payment ka tareeqa,NAT,,ROMAN,roman_char3gram_bm25_method_D,1,429,38.55876541137695,50
post_phase12_module2_M2-A,M2-A,R097,Karachi property tax online payment ka tareeqa,NAT,,ROMAN,roman_char3gram_bm25_method_D,2,110007,37.79291534423828,50
post_phase12_module2_M2-A,M2-A,R097,Karachi property tax online payment ka tareeqa,NAT,,ROMAN,roman_char3gram_bm25_method_D,3,65520,37.59576416015625,50
post_phase12_module2_M2-A,M2-A,R097,Karachi property tax online payment ka tareeqa,NAT,,ROMAN,roman_char3gram_bm25_method_D,4,110005,37.26390075683594,50
post_phase12_module2_M2-A,M2-A,R097,Karachi property tax online payment ka tareeqa,NAT,,ROMAN,roman_char3gram_bm25_method_D,5,110557,36.80506896972656,50
post_phase12_module2_M2-A,M2-A,R097,Karachi property tax online payment ka tareeqa,NAT,,ROMAN,roman_char3gram_bm25_method_D,6,61164,36.7794303894043,50
post_phase12_module2_M2-A,M2-A,R097,Karachi property tax online payment ka tareeqa,NAT,,ROMAN,roman_char3gram_bm25_method_D,7,3252,36.75297546386719,50
post_phase12_module2_M2-A,M2-A,R097,Karachi property tax online payment ka tareeqa,NAT,,ROMAN,roman_char3gram_bm25_method_D,8,68432,36.550777435302734,50
post_phase12_module2_M2-A,M2-A,R097,Karachi property tax online payment ka tareeqa,NAT,,ROMAN,roman_char3gram_bm25_method_D,9,276,36.54793930053711,50
post_phase12_module2_M2-A,M2-A,R097,Karachi property tax online payment ka tareeqa,NAT,,ROMAN,roman_char3gram_bm25_method_D,10,64081,36.062461853027344,50
post_phase12_module2_M2-A,M2-A,R097,Karachi property tax online payment ka tareeqa,NAT,,ROMAN,roman_char3gram_bm25_method_D,11,30612,35.987274169921875,50
post_phase12_module2_M2-A,M2-A,R097,Karachi property tax online payment ka tareeqa,NAT,,ROMAN,roman_char3gram_bm25_method_D,12,10363,35.934349060058594,50
post_phase12_module2_M2-A,M2-A,R097,Karachi property tax online payment ka tareeqa,NAT,,ROMAN,roman_char3gram_bm25_method_D,13,60564,35.7947998046875,50
post_phase12_module2_M2-A,M2-A,R097,Karachi property tax online payment ka tareeqa,NAT,,ROMAN,roman_char3gram_bm25_method_D,14,61659,35.73756408691406,50
post_phase12_module2_M2-A,M2-A,R097,Karachi property tax online payment ka tareeqa,NAT,,ROMAN,roman_char3gram_bm25_method_D,15,76050,35.21283721923828,50
post_phase12_module2_M2-A,M2-A,R097,Karachi property tax online payment ka tareeqa,NAT,,ROMAN,roman_char3gram_bm25_method_D,16,70945,34.548282623291016,50
post_phase12_module2_M2-A,M2-A,R097,Karachi property tax online payment ka tareeqa,NAT,,ROMAN,roman_char3gram_bm25_method_D,17,63227,34.46741485595703,50
post_phase12_module2_M2-A,M2-A,R097,Karachi property tax online payment ka tareeqa,NAT,,ROMAN,roman_char3gram_bm25_method_D,18,65469,34.34165573120117,50
post_phase12_module2_M2-A,M2-A,R097,Karachi property tax online payment ka tareeqa,NAT,,ROMAN,roman_char3gram_bm25_method_D,19,39575,34.12127685546875,50
post_phase12_module2_M2-A,M2-A,R097,Karachi property tax online payment ka tareeqa,NAT,,ROMAN,roman_char3gram_bm25_method_D,20,102136,34.07941436767578,50
post_phase12_module2_M2-A,M2-A,R097,Karachi property tax online payment ka tareeqa,NAT,,ROMAN,roman_char3gram_bm25_method_D,21,70199,33.97703170776367,50
post_phase12_module2_M2-A,M2-A,R097,Karachi property tax online payment ka tareeqa,NAT,,ROMAN,roman_char3gram_bm25_method_D,22,109645,33.96588134765625,50
post_phase12_module2_M2-A,M2-A,R097,Karachi property tax online payment ka tareeqa,NAT,,ROMAN,roman_char3gram_bm25_method_D,23,2189,33.867549896240234,50
post_phase12_module2_M2-A,M2-A,R097,Karachi property tax online payment ka tareeqa,NAT,,ROMAN,roman_char3gram_bm25_method_D,24,110535,33.771766662597656,50
post_phase12_module2_M2-A,M2-A,R097,Karachi property tax online payment ka tareeqa,NAT,,ROMAN,roman_char3gram_bm25_method_D,25,539,33.734954833984375,50
post_phase12_module2_M2-A,M2-A,R097,Karachi property tax online payment ka tareeqa,NAT,,ROMAN,roman_char3gram_bm25_method_D,26,75580,33.66109848022461,50
post_phase12_module2_M2-A,M2-A,R097,Karachi property tax online payment ka tareeqa,NAT,,ROMAN,roman_char3gram_bm25_method_D,27,73502,33.451072692871094,50
post_phase12_module2_M2-A,M2-A,R097,Karachi property tax online payment ka tareeqa,NAT,,ROMAN,roman_char3gram_bm25_method_D,28,9890,33.440879821777344,50
post_phase12_module2_M2-A,M2-A,R097,Karachi property tax online payment ka tareeqa,NAT,,ROMAN,roman_char3gram_bm25_method_D,29,78321,33.435340881347656,50
post_phase12_module2_M2-A,M2-A,R097,Karachi property tax online payment ka tareeqa,NAT,,ROMAN,roman_char3gram_bm25_method_D,30,39475,33.399906158447266,50
post_phase12_module2_M2-A,M2-A,R097,Karachi property tax online payment ka tareeqa,NAT,,ROMAN,roman_char3gram_bm25_method_D,31,109876,33.39385986328125,50
post_phase12_module2_M2-A,M2-A,R097,Karachi property tax online payment ka tareeqa,NAT,,ROMAN,roman_char3gram_bm25_method_D,32,71672,33.31239318847656,50
post_phase12_module2_M2-A,M2-A,R097,Karachi property tax online payment ka tareeqa,NAT,,ROMAN,roman_char3gram_bm25_method_D,33,76181,33.303131103515625,50
post_phase12_module2_M2-A,M2-A,R097,Karachi property tax online payment ka tareeqa,NAT,,ROMAN,roman_char3gram_bm25_method_D,34,35583,33.252532958984375,50
post_phase12_module2_M2-A,M2-A,R097,Karachi property tax online payment ka tareeqa,NAT,,ROMAN,roman_char3gram_bm25_method_D,35,2869,33.20906066894531,50
post_phase12_module2_M2-A,M2-A,R097,Karachi property tax online payment ka tareeqa,NAT,,ROMAN,roman_char3gram_bm25_method_D,36,72016,33.11979293823242,50
post_phase12_module2_M2-A,M2-A,R097,Karachi property tax online payment ka tareeqa,NAT,,ROMAN,roman_char3gram_bm25_method_D,37,65523,33.064720153808594,50
post_phase12_module2_M2-A,M2-A,R097,Karachi property tax online payment ka tareeqa,NAT,,ROMAN,roman_char3gram_bm25_method_D,38,77066,33.01679992675781,50
post_phase12_module2_M2-A,M2-A,R097,Karachi property tax online payment ka tareeqa,NAT,,ROMAN,roman_char3gram_bm25_method_D,39,109714,32.978790283203125,50
post_phase12_module2_M2-A,M2-A,R097,Karachi property tax online payment ka tareeqa,NAT,,ROMAN,roman_char3gram_bm25_method_D,40,110059,32.92516326904297,50
post_phase12_module2_M2-A,M2-A,R097,Karachi property tax online payment ka tareeqa,NAT,,ROMAN,roman_char3gram_bm25_method_D,41,83500,32.88726043701172,50
post_phase12_module2_M2-A,M2-A,R097,Karachi property tax online payment ka tareeqa,NAT,,ROMAN,roman_char3gram_bm25_method_D,42,3417,32.81639099121094,50
post_phase12_module2_M2-A,M2-A,R097,Karachi property tax online payment ka tareeqa,NAT,,ROMAN,roman_char3gram_bm25_method_D,43,77251,32.80970764160156,50
post_phase12_module2_M2-A,M2-A,R097,Karachi property tax online payment ka tareeqa,NAT,,ROMAN,roman_char3gram_bm25_method_D,44,89041,32.78295135498047,50
post_phase12_module2_M2-A,M2-A,R097,Karachi property tax online payment ka tareeqa,NAT,,ROMAN,roman_char3gram_bm25_method_D,45,71713,32.71460723876953,50
post_phase12_module2_M2-A,M2-A,R097,Karachi property tax online payment ka tareeqa,NAT,,ROMAN,roman_char3gram_bm25_method_D,46,110158,32.656185150146484,50
post_phase12_module2_M2-A,M2-A,R097,Karachi property tax online payment ka tareeqa,NAT,,ROMAN,roman_char3gram_bm25_method_D,47,77724,32.6474494934082,50
post_phase12_module2_M2-A,M2-A,R097,Karachi property tax online payment ka tareeqa,NAT,,ROMAN,roman_char3gram_bm25_method_D,48,109425,32.56813430786133,50
post_phase12_module2_M2-A,M2-A,R097,Karachi property tax online payment ka tareeqa,NAT,,ROMAN,roman_char3gram_bm25_method_D,49,3511,32.50138854980469,50
post_phase12_module2_M2-A,M2-A,R097,Karachi property tax online payment ka tareeqa,NAT,,ROMAN,roman_char3gram_bm25_method_D,50,36466,32.49131393432617,50
post_phase12_module2_M2-A,M2-A,R098,Turkish dramas Pakistan mein itne popular kyun ho gaye hain,NAT,,ROMAN,roman_char3gram_bm25_method_D,1,65384,33.758663177490234,50
post_phase12_module2_M2-A,M2-A,R098,Turkish dramas Pakistan mein itne popular kyun ho gaye hain,NAT,,ROMAN,roman_char3gram_bm25_method_D,2,8181,32.44404602050781,50
post_phase12_module2_M2-A,M2-A,R098,Turkish dramas Pakistan mein itne popular kyun ho gaye hain,NAT,,ROMAN,roman_char3gram_bm25_method_D,3,51962,32.05659484863281,50
post_phase12_module2_M2-A,M2-A,R098,Turkish dramas Pakistan mein itne popular kyun ho gaye hain,NAT,,ROMAN,roman_char3gram_bm25_method_D,4,27500,31.899927139282227,50
post_phase12_module2_M2-A,M2-A,R098,Turkish dramas Pakistan mein itne popular kyun ho gaye hain,NAT,,ROMAN,roman_char3gram_bm25_method_D,5,14452,31.609962463378906,50
post_phase12_module2_M2-A,M2-A,R098,Turkish dramas Pakistan mein itne popular kyun ho gaye hain,NAT,,ROMAN,roman_char3gram_bm25_method_D,6,97808,31.546783447265625,50
post_phase12_module2_M2-A,M2-A,R098,Turkish dramas Pakistan mein itne popular kyun ho gaye hain,NAT,,ROMAN,roman_char3gram_bm25_method_D,7,5621,31.525724411010742,50
post_phase12_module2_M2-A,M2-A,R098,Turkish dramas Pakistan mein itne popular kyun ho gaye hain,NAT,,ROMAN,roman_char3gram_bm25_method_D,8,47374,31.511255264282227,50
post_phase12_module2_M2-A,M2-A,R098,Turkish dramas Pakistan mein itne popular kyun ho gaye hain,NAT,,ROMAN,roman_char3gram_bm25_method_D,9,31225,31.435482025146484,50
post_phase12_module2_M2-A,M2-A,R098,Turkish dramas Pakistan mein itne popular kyun ho gaye hain,NAT,,ROMAN,roman_char3gram_bm25_method_D,10,4763,31.2518310546875,50
post_phase12_module2_M2-A,M2-A,R098,Turkish dramas Pakistan mein itne popular kyun ho gaye hain,NAT,,ROMAN,roman_char3gram_bm25_method_D,11,24961,31.071929931640625,50
post_phase12_module2_M2-A,M2-A,R098,Turkish dramas Pakistan mein itne popular kyun ho gaye hain,NAT,,ROMAN,roman_char3gram_bm25_method_D,12,101915,31.070449829101562,50
post_phase12_module2_M2-A,M2-A,R098,Turkish dramas Pakistan mein itne popular kyun ho gaye hain,NAT,,ROMAN,roman_char3gram_bm25_method_D,13,33409,31.064376831054688,50
post_phase12_module2_M2-A,M2-A,R098,Turkish dramas Pakistan mein itne popular kyun ho gaye hain,NAT,,ROMAN,roman_char3gram_bm25_method_D,14,47461,31.03662872314453,50
post_phase12_module2_M2-A,M2-A,R098,Turkish dramas Pakistan mein itne popular kyun ho gaye hain,NAT,,ROMAN,roman_char3gram_bm25_method_D,15,12365,30.932323455810547,50
post_phase12_module2_M2-A,M2-A,R098,Turkish dramas Pakistan mein itne popular kyun ho gaye hain,NAT,,ROMAN,roman_char3gram_bm25_method_D,16,36208,30.625152587890625,50
post_phase12_module2_M2-A,M2-A,R098,Turkish dramas Pakistan mein itne popular kyun ho gaye hain,NAT,,ROMAN,roman_char3gram_bm25_method_D,17,97793,30.607389450073242,50
post_phase12_module2_M2-A,M2-A,R098,Turkish dramas Pakistan mein itne popular kyun ho gaye hain,NAT,,ROMAN,roman_char3gram_bm25_method_D,18,31408,30.466360092163086,50
post_phase12_module2_M2-A,M2-A,R098,Turkish dramas Pakistan mein itne popular kyun ho gaye hain,NAT,,ROMAN,roman_char3gram_bm25_method_D,19,4439,30.392070770263672,50
post_phase12_module2_M2-A,M2-A,R098,Turkish dramas Pakistan mein itne popular kyun ho gaye hain,NAT,,ROMAN,roman_char3gram_bm25_method_D,20,30446,30.354503631591797,50
post_phase12_module2_M2-A,M2-A,R098,Turkish dramas Pakistan mein itne popular kyun ho gaye hain,NAT,,ROMAN,roman_char3gram_bm25_method_D,21,4847,30.320688247680664,50
post_phase12_module2_M2-A,M2-A,R098,Turkish dramas Pakistan mein itne popular kyun ho gaye hain,NAT,,ROMAN,roman_char3gram_bm25_method_D,22,82496,30.26291275024414,50
post_phase12_module2_M2-A,M2-A,R098,Turkish dramas Pakistan mein itne popular kyun ho gaye hain,NAT,,ROMAN,roman_char3gram_bm25_method_D,23,97857,30.245038986206055,50
post_phase12_module2_M2-A,M2-A,R098,Turkish dramas Pakistan mein itne popular kyun ho gaye hain,NAT,,ROMAN,roman_char3gram_bm25_method_D,24,53938,30.237760543823242,50
post_phase12_module2_M2-A,M2-A,R098,Turkish dramas Pakistan mein itne popular kyun ho gaye hain,NAT,,ROMAN,roman_char3gram_bm25_method_D,25,101843,30.08418846130371,50
post_phase12_module2_M2-A,M2-A,R098,Turkish dramas Pakistan mein itne popular kyun ho gaye hain,NAT,,ROMAN,roman_char3gram_bm25_method_D,26,4674,30.04021644592285,50
post_phase12_module2_M2-A,M2-A,R098,Turkish dramas Pakistan mein itne popular kyun ho gaye hain,NAT,,ROMAN,roman_char3gram_bm25_method_D,27,4840,30.038475036621094,50
post_phase12_module2_M2-A,M2-A,R098,Turkish dramas Pakistan mein itne popular kyun ho gaye hain,NAT,,ROMAN,roman_char3gram_bm25_method_D,28,4804,30.012887954711914,50
post_phase12_module2_M2-A,M2-A,R098,Turkish dramas Pakistan mein itne popular kyun ho gaye hain,NAT,,ROMAN,roman_char3gram_bm25_method_D,29,30524,29.98897361755371,50
post_phase12_module2_M2-A,M2-A,R098,Turkish dramas Pakistan mein itne popular kyun ho gaye hain,NAT,,ROMAN,roman_char3gram_bm25_method_D,30,4283,29.982778549194336,50
post_phase12_module2_M2-A,M2-A,R098,Turkish dramas Pakistan mein itne popular kyun ho gaye hain,NAT,,ROMAN,roman_char3gram_bm25_method_D,31,4811,29.972110748291016,50
post_phase12_module2_M2-A,M2-A,R098,Turkish dramas Pakistan mein itne popular kyun ho gaye hain,NAT,,ROMAN,roman_char3gram_bm25_method_D,32,5341,29.9060115814209,50
post_phase12_module2_M2-A,M2-A,R098,Turkish dramas Pakistan mein itne popular kyun ho gaye hain,NAT,,ROMAN,roman_char3gram_bm25_method_D,33,26283,29.869461059570312,50
post_phase12_module2_M2-A,M2-A,R098,Turkish dramas Pakistan mein itne popular kyun ho gaye hain,NAT,,ROMAN,roman_char3gram_bm25_method_D,34,65645,29.79754066467285,50
post_phase12_module2_M2-A,M2-A,R098,Turkish dramas Pakistan mein itne popular kyun ho gaye hain,NAT,,ROMAN,roman_char3gram_bm25_method_D,35,13130,29.717994689941406,50
post_phase12_module2_M2-A,M2-A,R098,Turkish dramas Pakistan mein itne popular kyun ho gaye hain,NAT,,ROMAN,roman_char3gram_bm25_method_D,36,18272,29.536096572875977,50
post_phase12_module2_M2-A,M2-A,R098,Turkish dramas Pakistan mein itne popular kyun ho gaye hain,NAT,,ROMAN,roman_char3gram_bm25_method_D,37,4818,29.471406936645508,50
post_phase12_module2_M2-A,M2-A,R098,Turkish dramas Pakistan mein itne popular kyun ho gaye hain,NAT,,ROMAN,roman_char3gram_bm25_method_D,38,4809,29.45035743713379,50
post_phase12_module2_M2-A,M2-A,R098,Turkish dramas Pakistan mein itne popular kyun ho gaye hain,NAT,,ROMAN,roman_char3gram_bm25_method_D,39,25674,29.404027938842773,50
post_phase12_module2_M2-A,M2-A,R098,Turkish dramas Pakistan mein itne popular kyun ho gaye hain,NAT,,ROMAN,roman_char3gram_bm25_method_D,40,47979,29.399290084838867,50
post_phase12_module2_M2-A,M2-A,R098,Turkish dramas Pakistan mein itne popular kyun ho gaye hain,NAT,,ROMAN,roman_char3gram_bm25_method_D,41,53107,29.35187530517578,50
post_phase12_module2_M2-A,M2-A,R098,Turkish dramas Pakistan mein itne popular kyun ho gaye hain,NAT,,ROMAN,roman_char3gram_bm25_method_D,42,111803,29.34695816040039,50
post_phase12_module2_M2-A,M2-A,R098,Turkish dramas Pakistan mein itne popular kyun ho gaye hain,NAT,,ROMAN,roman_char3gram_bm25_method_D,43,4587,29.299755096435547,50
post_phase12_module2_M2-A,M2-A,R098,Turkish dramas Pakistan mein itne popular kyun ho gaye hain,NAT,,ROMAN,roman_char3gram_bm25_method_D,44,109191,29.283960342407227,50
post_phase12_module2_M2-A,M2-A,R098,Turkish dramas Pakistan mein itne popular kyun ho gaye hain,NAT,,ROMAN,roman_char3gram_bm25_method_D,45,58302,29.27739715576172,50
post_phase12_module2_M2-A,M2-A,R098,Turkish dramas Pakistan mein itne popular kyun ho gaye hain,NAT,,ROMAN,roman_char3gram_bm25_method_D,46,81729,29.21229362487793,50
post_phase12_module2_M2-A,M2-A,R098,Turkish dramas Pakistan mein itne popular kyun ho gaye hain,NAT,,ROMAN,roman_char3gram_bm25_method_D,47,32429,29.197181701660156,50
post_phase12_module2_M2-A,M2-A,R098,Turkish dramas Pakistan mein itne popular kyun ho gaye hain,NAT,,ROMAN,roman_char3gram_bm25_method_D,48,29481,29.178075790405273,50
post_phase12_module2_M2-A,M2-A,R098,Turkish dramas Pakistan mein itne popular kyun ho gaye hain,NAT,,ROMAN,roman_char3gram_bm25_method_D,49,31220,29.172338485717773,50
post_phase12_module2_M2-A,M2-A,R098,Turkish dramas Pakistan mein itne popular kyun ho gaye hain,NAT,,ROMAN,roman_char3gram_bm25_method_D,50,91007,29.13785743713379,50
post_phase12_module2_M2-A,M2-A,R099,Pakistan mein COVID cases ka latest data,NAT,,ROMAN,roman_char3gram_bm25_method_D,1,72873,28.601194381713867,50
post_phase12_module2_M2-A,M2-A,R099,Pakistan mein COVID cases ka latest data,NAT,,ROMAN,roman_char3gram_bm25_method_D,2,91643,26.079498291015625,50
post_phase12_module2_M2-A,M2-A,R099,Pakistan mein COVID cases ka latest data,NAT,,ROMAN,roman_char3gram_bm25_method_D,3,21689,25.168678283691406,50
post_phase12_module2_M2-A,M2-A,R099,Pakistan mein COVID cases ka latest data,NAT,,ROMAN,roman_char3gram_bm25_method_D,4,85935,25.08477020263672,50
post_phase12_module2_M2-A,M2-A,R099,Pakistan mein COVID cases ka latest data,NAT,,ROMAN,roman_char3gram_bm25_method_D,5,98249,24.73672866821289,50
post_phase12_module2_M2-A,M2-A,R099,Pakistan mein COVID cases ka latest data,NAT,,ROMAN,roman_char3gram_bm25_method_D,6,93306,24.513898849487305,50
post_phase12_module2_M2-A,M2-A,R099,Pakistan mein COVID cases ka latest data,NAT,,ROMAN,roman_char3gram_bm25_method_D,7,24014,24.460351943969727,50
post_phase12_module2_M2-A,M2-A,R099,Pakistan mein COVID cases ka latest data,NAT,,ROMAN,roman_char3gram_bm25_method_D,8,37016,24.459505081176758,50
post_phase12_module2_M2-A,M2-A,R099,Pakistan mein COVID cases ka latest data,NAT,,ROMAN,roman_char3gram_bm25_method_D,9,40923,24.43695640563965,50
post_phase12_module2_M2-A,M2-A,R099,Pakistan mein COVID cases ka latest data,NAT,,ROMAN,roman_char3gram_bm25_method_D,10,44925,24.34123992919922,50
post_phase12_module2_M2-A,M2-A,R099,Pakistan mein COVID cases ka latest data,NAT,,ROMAN,roman_char3gram_bm25_method_D,11,80024,24.270904541015625,50
post_phase12_module2_M2-A,M2-A,R099,Pakistan mein COVID cases ka latest data,NAT,,ROMAN,roman_char3gram_bm25_method_D,12,3409,24.073205947875977,50
post_phase12_module2_M2-A,M2-A,R099,Pakistan mein COVID cases ka latest data,NAT,,ROMAN,roman_char3gram_bm25_method_D,13,53146,24.056900024414062,50
post_phase12_module2_M2-A,M2-A,R099,Pakistan mein COVID cases ka latest data,NAT,,ROMAN,roman_char3gram_bm25_method_D,14,23053,23.82773208618164,50
post_phase12_module2_M2-A,M2-A,R099,Pakistan mein COVID cases ka latest data,NAT,,ROMAN,roman_char3gram_bm25_method_D,15,57199,23.792373657226562,50
post_phase12_module2_M2-A,M2-A,R099,Pakistan mein COVID cases ka latest data,NAT,,ROMAN,roman_char3gram_bm25_method_D,16,23512,23.71721649169922,50
post_phase12_module2_M2-A,M2-A,R099,Pakistan mein COVID cases ka latest data,NAT,,ROMAN,roman_char3gram_bm25_method_D,17,86480,23.710981369018555,50
post_phase12_module2_M2-A,M2-A,R099,Pakistan mein COVID cases ka latest data,NAT,,ROMAN,roman_char3gram_bm25_method_D,18,95104,23.694677352905273,50
post_phase12_module2_M2-A,M2-A,R099,Pakistan mein COVID cases ka latest data,NAT,,ROMAN,roman_char3gram_bm25_method_D,19,3478,23.66728401184082,50
post_phase12_module2_M2-A,M2-A,R099,Pakistan mein COVID cases ka latest data,NAT,,ROMAN,roman_char3gram_bm25_method_D,20,777,23.653589248657227,50
post_phase12_module2_M2-A,M2-A,R099,Pakistan mein COVID cases ka latest data,NAT,,ROMAN,roman_char3gram_bm25_method_D,21,75382,23.579294204711914,50
post_phase12_module2_M2-A,M2-A,R099,Pakistan mein COVID cases ka latest data,NAT,,ROMAN,roman_char3gram_bm25_method_D,22,22229,23.370532989501953,50
post_phase12_module2_M2-A,M2-A,R099,Pakistan mein COVID cases ka latest data,NAT,,ROMAN,roman_char3gram_bm25_method_D,23,42139,23.367794036865234,50
post_phase12_module2_M2-A,M2-A,R099,Pakistan mein COVID cases ka latest data,NAT,,ROMAN,roman_char3gram_bm25_method_D,24,23582,23.331058502197266,50
post_phase12_module2_M2-A,M2-A,R099,Pakistan mein COVID cases ka latest data,NAT,,ROMAN,roman_char3gram_bm25_method_D,25,31983,23.33003044128418,50
post_phase12_module2_M2-A,M2-A,R099,Pakistan mein COVID cases ka latest data,NAT,,ROMAN,roman_char3gram_bm25_method_D,26,3088,23.31097412109375,50
post_phase12_module2_M2-A,M2-A,R099,Pakistan mein COVID cases ka latest data,NAT,,ROMAN,roman_char3gram_bm25_method_D,27,81900,23.128175735473633,50
post_phase12_module2_M2-A,M2-A,R099,Pakistan mein COVID cases ka latest data,NAT,,ROMAN,roman_char3gram_bm25_method_D,28,120,23.09060287475586,50
post_phase12_module2_M2-A,M2-A,R099,Pakistan mein COVID cases ka latest data,NAT,,ROMAN,roman_char3gram_bm25_method_D,29,23884,23.089229583740234,50
post_phase12_module2_M2-A,M2-A,R099,Pakistan mein COVID cases ka latest data,NAT,,ROMAN,roman_char3gram_bm25_method_D,30,24667,23.086441040039062,50
post_phase12_module2_M2-A,M2-A,R099,Pakistan mein COVID cases ka latest data,NAT,,ROMAN,roman_char3gram_bm25_method_D,31,84780,22.981815338134766,50
post_phase12_module2_M2-A,M2-A,R099,Pakistan mein COVID cases ka latest data,NAT,,ROMAN,roman_char3gram_bm25_method_D,32,70200,22.955463409423828,50
post_phase12_module2_M2-A,M2-A,R099,Pakistan mein COVID cases ka latest data,NAT,,ROMAN,roman_char3gram_bm25_method_D,33,62179,22.900678634643555,50
post_phase12_module2_M2-A,M2-A,R099,Pakistan mein COVID cases ka latest data,NAT,,ROMAN,roman_char3gram_bm25_method_D,34,45983,22.87944793701172,50
post_phase12_module2_M2-A,M2-A,R099,Pakistan mein COVID cases ka latest data,NAT,,ROMAN,roman_char3gram_bm25_method_D,35,55624,22.853836059570312,50
post_phase12_module2_M2-A,M2-A,R099,Pakistan mein COVID cases ka latest data,NAT,,ROMAN,roman_char3gram_bm25_method_D,36,65761,22.790424346923828,50
post_phase12_module2_M2-A,M2-A,R099,Pakistan mein COVID cases ka latest data,NAT,,ROMAN,roman_char3gram_bm25_method_D,37,80020,22.774831771850586,50
post_phase12_module2_M2-A,M2-A,R099,Pakistan mein COVID cases ka latest data,NAT,,ROMAN,roman_char3gram_bm25_method_D,38,85933,22.742774963378906,50
post_phase12_module2_M2-A,M2-A,R099,Pakistan mein COVID cases ka latest data,NAT,,ROMAN,roman_char3gram_bm25_method_D,39,21408,22.71725845336914,50
post_phase12_module2_M2-A,M2-A,R099,Pakistan mein COVID cases ka latest data,NAT,,ROMAN,roman_char3gram_bm25_method_D,40,43818,22.707321166992188,50
post_phase12_module2_M2-A,M2-A,R099,Pakistan mein COVID cases ka latest data,NAT,,ROMAN,roman_char3gram_bm25_method_D,41,32496,22.698322296142578,50
post_phase12_module2_M2-A,M2-A,R099,Pakistan mein COVID cases ka latest data,NAT,,ROMAN,roman_char3gram_bm25_method_D,42,94928,22.653703689575195,50
post_phase12_module2_M2-A,M2-A,R099,Pakistan mein COVID cases ka latest data,NAT,,ROMAN,roman_char3gram_bm25_method_D,43,30593,22.639192581176758,50
post_phase12_module2_M2-A,M2-A,R099,Pakistan mein COVID cases ka latest data,NAT,,ROMAN,roman_char3gram_bm25_method_D,44,52964,22.621103286743164,50
post_phase12_module2_M2-A,M2-A,R099,Pakistan mein COVID cases ka latest data,NAT,,ROMAN,roman_char3gram_bm25_method_D,45,86641,22.586050033569336,50
post_phase12_module2_M2-A,M2-A,R099,Pakistan mein COVID cases ka latest data,NAT,,ROMAN,roman_char3gram_bm25_method_D,46,20513,22.5634822845459,50
post_phase12_module2_M2-A,M2-A,R099,Pakistan mein COVID cases ka latest data,NAT,,ROMAN,roman_char3gram_bm25_method_D,47,45726,22.53326988220215,50
post_phase12_module2_M2-A,M2-A,R099,Pakistan mein COVID cases ka latest data,NAT,,ROMAN,roman_char3gram_bm25_method_D,48,63269,22.51215934753418,50
post_phase12_module2_M2-A,M2-A,R099,Pakistan mein COVID cases ka latest data,NAT,,ROMAN,roman_char3gram_bm25_method_D,49,40608,22.507980346679688,50
post_phase12_module2_M2-A,M2-A,R099,Pakistan mein COVID cases ka latest data,NAT,,ROMAN,roman_char3gram_bm25_method_D,50,23465,22.503585815429688,50
post_phase12_module2_M2-A,M2-A,R100,lahore qalandars squad,NAT,,ROMAN,roman_char3gram_bm25_method_D,1,50864,31.094249725341797,50
post_phase12_module2_M2-A,M2-A,R100,lahore qalandars squad,NAT,,ROMAN,roman_char3gram_bm25_method_D,2,107570,30.835556030273438,50
post_phase12_module2_M2-A,M2-A,R100,lahore qalandars squad,NAT,,ROMAN,roman_char3gram_bm25_method_D,3,51750,30.529293060302734,50
post_phase12_module2_M2-A,M2-A,R100,lahore qalandars squad,NAT,,ROMAN,roman_char3gram_bm25_method_D,4,11950,30.43768310546875,50
post_phase12_module2_M2-A,M2-A,R100,lahore qalandars squad,NAT,,ROMAN,roman_char3gram_bm25_method_D,5,48065,30.013690948486328,50
post_phase12_module2_M2-A,M2-A,R100,lahore qalandars squad,NAT,,ROMAN,roman_char3gram_bm25_method_D,6,9797,29.942651748657227,50
post_phase12_module2_M2-A,M2-A,R100,lahore qalandars squad,NAT,,ROMAN,roman_char3gram_bm25_method_D,7,68726,29.870872497558594,50
post_phase12_module2_M2-A,M2-A,R100,lahore qalandars squad,NAT,,ROMAN,roman_char3gram_bm25_method_D,8,99539,29.374013900756836,50
post_phase12_module2_M2-A,M2-A,R100,lahore qalandars squad,NAT,,ROMAN,roman_char3gram_bm25_method_D,9,49111,28.926998138427734,50
post_phase12_module2_M2-A,M2-A,R100,lahore qalandars squad,NAT,,ROMAN,roman_char3gram_bm25_method_D,10,48320,28.6881103515625,50
post_phase12_module2_M2-A,M2-A,R100,lahore qalandars squad,NAT,,ROMAN,roman_char3gram_bm25_method_D,11,49098,28.5472469329834,50
post_phase12_module2_M2-A,M2-A,R100,lahore qalandars squad,NAT,,ROMAN,roman_char3gram_bm25_method_D,12,48372,28.54142951965332,50
post_phase12_module2_M2-A,M2-A,R100,lahore qalandars squad,NAT,,ROMAN,roman_char3gram_bm25_method_D,13,48067,28.433422088623047,50
post_phase12_module2_M2-A,M2-A,R100,lahore qalandars squad,NAT,,ROMAN,roman_char3gram_bm25_method_D,14,68428,28.262008666992188,50
post_phase12_module2_M2-A,M2-A,R100,lahore qalandars squad,NAT,,ROMAN,roman_char3gram_bm25_method_D,15,68421,28.126073837280273,50
post_phase12_module2_M2-A,M2-A,R100,lahore qalandars squad,NAT,,ROMAN,roman_char3gram_bm25_method_D,16,106405,28.109540939331055,50
post_phase12_module2_M2-A,M2-A,R100,lahore qalandars squad,NAT,,ROMAN,roman_char3gram_bm25_method_D,17,67923,27.776042938232422,50
post_phase12_module2_M2-A,M2-A,R100,lahore qalandars squad,NAT,,ROMAN,roman_char3gram_bm25_method_D,18,49315,27.768815994262695,50
post_phase12_module2_M2-A,M2-A,R100,lahore qalandars squad,NAT,,ROMAN,roman_char3gram_bm25_method_D,19,45089,27.727859497070312,50
post_phase12_module2_M2-A,M2-A,R100,lahore qalandars squad,NAT,,ROMAN,roman_char3gram_bm25_method_D,20,67988,27.601436614990234,50
post_phase12_module2_M2-A,M2-A,R100,lahore qalandars squad,NAT,,ROMAN,roman_char3gram_bm25_method_D,21,48033,27.557540893554688,50
post_phase12_module2_M2-A,M2-A,R100,lahore qalandars squad,NAT,,ROMAN,roman_char3gram_bm25_method_D,22,16327,27.495771408081055,50
post_phase12_module2_M2-A,M2-A,R100,lahore qalandars squad,NAT,,ROMAN,roman_char3gram_bm25_method_D,23,104568,27.426130294799805,50
post_phase12_module2_M2-A,M2-A,R100,lahore qalandars squad,NAT,,ROMAN,roman_char3gram_bm25_method_D,24,13414,27.413658142089844,50
post_phase12_module2_M2-A,M2-A,R100,lahore qalandars squad,NAT,,ROMAN,roman_char3gram_bm25_method_D,25,9627,27.387426376342773,50
post_phase12_module2_M2-A,M2-A,R100,lahore qalandars squad,NAT,,ROMAN,roman_char3gram_bm25_method_D,26,75506,27.377046585083008,50
post_phase12_module2_M2-A,M2-A,R100,lahore qalandars squad,NAT,,ROMAN,roman_char3gram_bm25_method_D,27,40879,27.359010696411133,50
post_phase12_module2_M2-A,M2-A,R100,lahore qalandars squad,NAT,,ROMAN,roman_char3gram_bm25_method_D,28,14674,27.155258178710938,50
post_phase12_module2_M2-A,M2-A,R100,lahore qalandars squad,NAT,,ROMAN,roman_char3gram_bm25_method_D,29,99534,27.003379821777344,50
post_phase12_module2_M2-A,M2-A,R100,lahore qalandars squad,NAT,,ROMAN,roman_char3gram_bm25_method_D,30,3727,26.842613220214844,50
post_phase12_module2_M2-A,M2-A,R100,lahore qalandars squad,NAT,,ROMAN,roman_char3gram_bm25_method_D,31,54105,26.83769989013672,50
post_phase12_module2_M2-A,M2-A,R100,lahore qalandars squad,NAT,,ROMAN,roman_char3gram_bm25_method_D,32,68158,26.82555389404297,50
post_phase12_module2_M2-A,M2-A,R100,lahore qalandars squad,NAT,,ROMAN,roman_char3gram_bm25_method_D,33,98659,26.755144119262695,50
post_phase12_module2_M2-A,M2-A,R100,lahore qalandars squad,NAT,,ROMAN,roman_char3gram_bm25_method_D,34,61809,26.722198486328125,50
post_phase12_module2_M2-A,M2-A,R100,lahore qalandars squad,NAT,,ROMAN,roman_char3gram_bm25_method_D,35,63618,26.67992401123047,50
post_phase12_module2_M2-A,M2-A,R100,lahore qalandars squad,NAT,,ROMAN,roman_char3gram_bm25_method_D,36,56722,26.395156860351562,50
post_phase12_module2_M2-A,M2-A,R100,lahore qalandars squad,NAT,,ROMAN,roman_char3gram_bm25_method_D,37,106401,26.387683868408203,50
post_phase12_module2_M2-A,M2-A,R100,lahore qalandars squad,NAT,,ROMAN,roman_char3gram_bm25_method_D,38,16720,26.3463191986084,50
post_phase12_module2_M2-A,M2-A,R100,lahore qalandars squad,NAT,,ROMAN,roman_char3gram_bm25_method_D,39,5235,26.23876190185547,50
post_phase12_module2_M2-A,M2-A,R100,lahore qalandars squad,NAT,,ROMAN,roman_char3gram_bm25_method_D,40,64554,26.135204315185547,50
post_phase12_module2_M2-A,M2-A,R100,lahore qalandars squad,NAT,,ROMAN,roman_char3gram_bm25_method_D,41,45320,26.09011459350586,50
post_phase12_module2_M2-A,M2-A,R100,lahore qalandars squad,NAT,,ROMAN,roman_char3gram_bm25_method_D,42,66260,26.035018920898438,50
post_phase12_module2_M2-A,M2-A,R100,lahore qalandars squad,NAT,,ROMAN,roman_char3gram_bm25_method_D,43,48060,25.984268188476562,50
post_phase12_module2_M2-A,M2-A,R100,lahore qalandars squad,NAT,,ROMAN,roman_char3gram_bm25_method_D,44,25237,25.982078552246094,50
post_phase12_module2_M2-A,M2-A,R100,lahore qalandars squad,NAT,,ROMAN,roman_char3gram_bm25_method_D,45,10043,25.943973541259766,50
post_phase12_module2_M2-A,M2-A,R100,lahore qalandars squad,NAT,,ROMAN,roman_char3gram_bm25_method_D,46,83398,25.938777923583984,50
post_phase12_module2_M2-A,M2-A,R100,lahore qalandars squad,NAT,,ROMAN,roman_char3gram_bm25_method_D,47,16680,25.91350555419922,50
post_phase12_module2_M2-A,M2-A,R100,lahore qalandars squad,NAT,,ROMAN,roman_char3gram_bm25_method_D,48,52816,25.785127639770508,50
post_phase12_module2_M2-A,M2-A,R100,lahore qalandars squad,NAT,,ROMAN,roman_char3gram_bm25_method_D,49,84657,25.69986915588379,50
post_phase12_module2_M2-A,M2-A,R100,lahore qalandars squad,NAT,,ROMAN,roman_char3gram_bm25_method_D,50,105028,25.655004501342773,50
