experiment_id,candidate_id,query_id,query_text,track,source_doc_id,detector_label,retrieval_path,rank,doc_id,bm25_score,n_hits_returned
post_phase12_module2_M2-B,M2-B,R001,ایشیائی مارکیٹوں میں کورونا کے بعد تیزی سے بحالی,KI,523,URDU,urdu_headline_body_rrf,1,86,0.03128054740957967,50
post_phase12_module2_M2-B,M2-B,R001,ایشیائی مارکیٹوں میں کورونا کے بعد تیزی سے بحالی,KI,523,URDU,urdu_headline_body_rrf,2,62180,0.029513888888888888,50
post_phase12_module2_M2-B,M2-B,R001,ایشیائی مارکیٹوں میں کورونا کے بعد تیزی سے بحالی,KI,523,URDU,urdu_headline_body_rrf,3,40167,0.028850145288501453,50
post_phase12_module2_M2-B,M2-B,R001,ایشیائی مارکیٹوں میں کورونا کے بعد تیزی سے بحالی,KI,523,URDU,urdu_headline_body_rrf,4,40047,0.027364110201042444,50
post_phase12_module2_M2-B,M2-B,R001,ایشیائی مارکیٹوں میں کورونا کے بعد تیزی سے بحالی,KI,523,URDU,urdu_headline_body_rrf,5,673,0.027071520029266508,50
post_phase12_module2_M2-B,M2-B,R001,ایشیائی مارکیٹوں میں کورونا کے بعد تیزی سے بحالی,KI,523,URDU,urdu_headline_body_rrf,6,62245,0.025676937441643323,50
post_phase12_module2_M2-B,M2-B,R001,ایشیائی مارکیٹوں میں کورونا کے بعد تیزی سے بحالی,KI,523,URDU,urdu_headline_body_rrf,7,62425,0.0251414204902577,50
post_phase12_module2_M2-B,M2-B,R001,ایشیائی مارکیٹوں میں کورونا کے بعد تیزی سے بحالی,KI,523,URDU,urdu_headline_body_rrf,8,523,0.021994824747118325,50
post_phase12_module2_M2-B,M2-B,R001,ایشیائی مارکیٹوں میں کورونا کے بعد تیزی سے بحالی,KI,523,URDU,urdu_headline_body_rrf,9,70413,0.019897557131599686,50
post_phase12_module2_M2-B,M2-B,R001,ایشیائی مارکیٹوں میں کورونا کے بعد تیزی سے بحالی,KI,523,URDU,urdu_headline_body_rrf,10,62331,0.01639344262295082,50
post_phase12_module2_M2-B,M2-B,R001,ایشیائی مارکیٹوں میں کورونا کے بعد تیزی سے بحالی,KI,523,URDU,urdu_headline_body_rrf,11,62405,0.01639344262295082,50
post_phase12_module2_M2-B,M2-B,R001,ایشیائی مارکیٹوں میں کورونا کے بعد تیزی سے بحالی,KI,523,URDU,urdu_headline_body_rrf,12,62439,0.016129032258064516,50
post_phase12_module2_M2-B,M2-B,R001,ایشیائی مارکیٹوں میں کورونا کے بعد تیزی سے بحالی,KI,523,URDU,urdu_headline_body_rrf,13,40694,0.015873015873015872,50
post_phase12_module2_M2-B,M2-B,R001,ایشیائی مارکیٹوں میں کورونا کے بعد تیزی سے بحالی,KI,523,URDU,urdu_headline_body_rrf,14,63250,0.015625,50
post_phase12_module2_M2-B,M2-B,R001,ایشیائی مارکیٹوں میں کورونا کے بعد تیزی سے بحالی,KI,523,URDU,urdu_headline_body_rrf,15,71764,0.015384615384615385,50
post_phase12_module2_M2-B,M2-B,R001,ایشیائی مارکیٹوں میں کورونا کے بعد تیزی سے بحالی,KI,523,URDU,urdu_headline_body_rrf,16,79031,0.015384615384615385,50
post_phase12_module2_M2-B,M2-B,R001,ایشیائی مارکیٹوں میں کورونا کے بعد تیزی سے بحالی,KI,523,URDU,urdu_headline_body_rrf,17,335,0.014925373134328358,50
post_phase12_module2_M2-B,M2-B,R001,ایشیائی مارکیٹوں میں کورونا کے بعد تیزی سے بحالی,KI,523,URDU,urdu_headline_body_rrf,18,40055,0.014925373134328358,50
post_phase12_module2_M2-B,M2-B,R001,ایشیائی مارکیٹوں میں کورونا کے بعد تیزی سے بحالی,KI,523,URDU,urdu_headline_body_rrf,19,62406,0.014705882352941176,50
post_phase12_module2_M2-B,M2-B,R001,ایشیائی مارکیٹوں میں کورونا کے بعد تیزی سے بحالی,KI,523,URDU,urdu_headline_body_rrf,20,63656,0.014492753623188406,50
post_phase12_module2_M2-B,M2-B,R001,ایشیائی مارکیٹوں میں کورونا کے بعد تیزی سے بحالی,KI,523,URDU,urdu_headline_body_rrf,21,72227,0.014492753623188406,50
post_phase12_module2_M2-B,M2-B,R001,ایشیائی مارکیٹوں میں کورونا کے بعد تیزی سے بحالی,KI,523,URDU,urdu_headline_body_rrf,22,63743,0.014285714285714285,50
post_phase12_module2_M2-B,M2-B,R001,ایشیائی مارکیٹوں میں کورونا کے بعد تیزی سے بحالی,KI,523,URDU,urdu_headline_body_rrf,23,73950,0.014285714285714285,50
post_phase12_module2_M2-B,M2-B,R001,ایشیائی مارکیٹوں میں کورونا کے بعد تیزی سے بحالی,KI,523,URDU,urdu_headline_body_rrf,24,108918,0.014084507042253521,50
post_phase12_module2_M2-B,M2-B,R001,ایشیائی مارکیٹوں میں کورونا کے بعد تیزی سے بحالی,KI,523,URDU,urdu_headline_body_rrf,25,62285,0.013888888888888888,50
post_phase12_module2_M2-B,M2-B,R001,ایشیائی مارکیٹوں میں کورونا کے بعد تیزی سے بحالی,KI,523,URDU,urdu_headline_body_rrf,26,71694,0.0136986301369863,50
post_phase12_module2_M2-B,M2-B,R001,ایشیائی مارکیٹوں میں کورونا کے بعد تیزی سے بحالی,KI,523,URDU,urdu_headline_body_rrf,27,62236,0.013513513513513514,50
post_phase12_module2_M2-B,M2-B,R001,ایشیائی مارکیٹوں میں کورونا کے بعد تیزی سے بحالی,KI,523,URDU,urdu_headline_body_rrf,28,47,0.013333333333333334,50
post_phase12_module2_M2-B,M2-B,R001,ایشیائی مارکیٹوں میں کورونا کے بعد تیزی سے بحالی,KI,523,URDU,urdu_headline_body_rrf,29,2653,0.013333333333333334,50
post_phase12_module2_M2-B,M2-B,R001,ایشیائی مارکیٹوں میں کورونا کے بعد تیزی سے بحالی,KI,523,URDU,urdu_headline_body_rrf,30,653,0.013157894736842105,50
post_phase12_module2_M2-B,M2-B,R001,ایشیائی مارکیٹوں میں کورونا کے بعد تیزی سے بحالی,KI,523,URDU,urdu_headline_body_rrf,31,3896,0.013157894736842105,50
post_phase12_module2_M2-B,M2-B,R001,ایشیائی مارکیٹوں میں کورونا کے بعد تیزی سے بحالی,KI,523,URDU,urdu_headline_body_rrf,32,111240,0.012987012987012988,50
post_phase12_module2_M2-B,M2-B,R001,ایشیائی مارکیٹوں میں کورونا کے بعد تیزی سے بحالی,KI,523,URDU,urdu_headline_body_rrf,33,38447,0.01282051282051282,50
post_phase12_module2_M2-B,M2-B,R001,ایشیائی مارکیٹوں میں کورونا کے بعد تیزی سے بحالی,KI,523,URDU,urdu_headline_body_rrf,34,111334,0.012658227848101266,50
post_phase12_module2_M2-B,M2-B,R001,ایشیائی مارکیٹوں میں کورونا کے بعد تیزی سے بحالی,KI,523,URDU,urdu_headline_body_rrf,35,202,0.0125,50
post_phase12_module2_M2-B,M2-B,R001,ایشیائی مارکیٹوں میں کورونا کے بعد تیزی سے بحالی,KI,523,URDU,urdu_headline_body_rrf,36,3460,0.0125,50
post_phase12_module2_M2-B,M2-B,R001,ایشیائی مارکیٹوں میں کورونا کے بعد تیزی سے بحالی,KI,523,URDU,urdu_headline_body_rrf,37,379,0.012345679012345678,50
post_phase12_module2_M2-B,M2-B,R001,ایشیائی مارکیٹوں میں کورونا کے بعد تیزی سے بحالی,KI,523,URDU,urdu_headline_body_rrf,38,111368,0.012345679012345678,50
post_phase12_module2_M2-B,M2-B,R001,ایشیائی مارکیٹوں میں کورونا کے بعد تیزی سے بحالی,KI,523,URDU,urdu_headline_body_rrf,39,601,0.012195121951219513,50
post_phase12_module2_M2-B,M2-B,R001,ایشیائی مارکیٹوں میں کورونا کے بعد تیزی سے بحالی,KI,523,URDU,urdu_headline_body_rrf,40,111444,0.012195121951219513,50
post_phase12_module2_M2-B,M2-B,R001,ایشیائی مارکیٹوں میں کورونا کے بعد تیزی سے بحالی,KI,523,URDU,urdu_headline_body_rrf,41,61635,0.012048192771084338,50
post_phase12_module2_M2-B,M2-B,R001,ایشیائی مارکیٹوں میں کورونا کے بعد تیزی سے بحالی,KI,523,URDU,urdu_headline_body_rrf,42,74174,0.012048192771084338,50
post_phase12_module2_M2-B,M2-B,R001,ایشیائی مارکیٹوں میں کورونا کے بعد تیزی سے بحالی,KI,523,URDU,urdu_headline_body_rrf,43,123,0.011904761904761904,50
post_phase12_module2_M2-B,M2-B,R001,ایشیائی مارکیٹوں میں کورونا کے بعد تیزی سے بحالی,KI,523,URDU,urdu_headline_body_rrf,44,848,0.011904761904761904,50
post_phase12_module2_M2-B,M2-B,R001,ایشیائی مارکیٹوں میں کورونا کے بعد تیزی سے بحالی,KI,523,URDU,urdu_headline_body_rrf,45,532,0.011764705882352941,50
post_phase12_module2_M2-B,M2-B,R001,ایشیائی مارکیٹوں میں کورونا کے بعد تیزی سے بحالی,KI,523,URDU,urdu_headline_body_rrf,46,689,0.011764705882352941,50
post_phase12_module2_M2-B,M2-B,R001,ایشیائی مارکیٹوں میں کورونا کے بعد تیزی سے بحالی,KI,523,URDU,urdu_headline_body_rrf,47,65316,0.011627906976744186,50
post_phase12_module2_M2-B,M2-B,R001,ایشیائی مارکیٹوں میں کورونا کے بعد تیزی سے بحالی,KI,523,URDU,urdu_headline_body_rrf,48,38491,0.011494252873563218,50
post_phase12_module2_M2-B,M2-B,R001,ایشیائی مارکیٹوں میں کورونا کے بعد تیزی سے بحالی,KI,523,URDU,urdu_headline_body_rrf,49,61445,0.011494252873563218,50
post_phase12_module2_M2-B,M2-B,R001,ایشیائی مارکیٹوں میں کورونا کے بعد تیزی سے بحالی,KI,523,URDU,urdu_headline_body_rrf,50,699,0.011363636363636364,50
post_phase12_module2_M2-B,M2-B,R002,مارشل آرٹ کی تربیت میں حملہ کرنے والا روبوٹ,KI,51897,URDU,urdu_headline_body_rrf,1,51897,0.03278688524590164,50
post_phase12_module2_M2-B,M2-B,R002,مارشل آرٹ کی تربیت میں حملہ کرنے والا روبوٹ,KI,51897,URDU,urdu_headline_body_rrf,2,60367,0.028371628371628373,50
post_phase12_module2_M2-B,M2-B,R002,مارشل آرٹ کی تربیت میں حملہ کرنے والا روبوٹ,KI,51897,URDU,urdu_headline_body_rrf,3,80297,0.026140526140526144,50
post_phase12_module2_M2-B,M2-B,R002,مارشل آرٹ کی تربیت میں حملہ کرنے والا روبوٹ,KI,51897,URDU,urdu_headline_body_rrf,4,59465,0.025859192525859193,50
post_phase12_module2_M2-B,M2-B,R002,مارشل آرٹ کی تربیت میں حملہ کرنے والا روبوٹ,KI,51897,URDU,urdu_headline_body_rrf,5,60223,0.025561706284597852,50
post_phase12_module2_M2-B,M2-B,R002,مارشل آرٹ کی تربیت میں حملہ کرنے والا روبوٹ,KI,51897,URDU,urdu_headline_body_rrf,6,60155,0.025528455284552845,50
post_phase12_module2_M2-B,M2-B,R002,مارشل آرٹ کی تربیت میں حملہ کرنے والا روبوٹ,KI,51897,URDU,urdu_headline_body_rrf,7,13916,0.025274725274725275,50
post_phase12_module2_M2-B,M2-B,R002,مارشل آرٹ کی تربیت میں حملہ کرنے والا روبوٹ,KI,51897,URDU,urdu_headline_body_rrf,8,60304,0.025015634771732333,50
post_phase12_module2_M2-B,M2-B,R002,مارشل آرٹ کی تربیت میں حملہ کرنے والا روبوٹ,KI,51897,URDU,urdu_headline_body_rrf,9,60323,0.024336928009326728,50
post_phase12_module2_M2-B,M2-B,R002,مارشل آرٹ کی تربیت میں حملہ کرنے والا روبوٹ,KI,51897,URDU,urdu_headline_body_rrf,10,80239,0.023735955056179776,50
post_phase12_module2_M2-B,M2-B,R002,مارشل آرٹ کی تربیت میں حملہ کرنے والا روبوٹ,KI,51897,URDU,urdu_headline_body_rrf,11,59601,0.023698630136986303,50
post_phase12_module2_M2-B,M2-B,R002,مارشل آرٹ کی تربیت میں حملہ کرنے والا روبوٹ,KI,51897,URDU,urdu_headline_body_rrf,12,19907,0.02282051282051282,50
post_phase12_module2_M2-B,M2-B,R002,مارشل آرٹ کی تربیت میں حملہ کرنے والا روبوٹ,KI,51897,URDU,urdu_headline_body_rrf,13,59792,0.02218203737191079,50
post_phase12_module2_M2-B,M2-B,R002,مارشل آرٹ کی تربیت میں حملہ کرنے والا روبوٹ,KI,51897,URDU,urdu_headline_body_rrf,14,59683,0.02028542303771662,50
post_phase12_module2_M2-B,M2-B,R002,مارشل آرٹ کی تربیت میں حملہ کرنے والا روبوٹ,KI,51897,URDU,urdu_headline_body_rrf,15,60375,0.02001194743130227,50
post_phase12_module2_M2-B,M2-B,R002,مارشل آرٹ کی تربیت میں حملہ کرنے والا روبوٹ,KI,51897,URDU,urdu_headline_body_rrf,16,59747,0.016129032258064516,50
post_phase12_module2_M2-B,M2-B,R002,مارشل آرٹ کی تربیت میں حملہ کرنے والا روبوٹ,KI,51897,URDU,urdu_headline_body_rrf,17,60441,0.016129032258064516,50
post_phase12_module2_M2-B,M2-B,R002,مارشل آرٹ کی تربیت میں حملہ کرنے والا روبوٹ,KI,51897,URDU,urdu_headline_body_rrf,18,9515,0.015873015873015872,50
post_phase12_module2_M2-B,M2-B,R002,مارشل آرٹ کی تربیت میں حملہ کرنے والا روبوٹ,KI,51897,URDU,urdu_headline_body_rrf,19,60316,0.015873015873015872,50
post_phase12_module2_M2-B,M2-B,R002,مارشل آرٹ کی تربیت میں حملہ کرنے والا روبوٹ,KI,51897,URDU,urdu_headline_body_rrf,20,6939,0.015625,50
post_phase12_module2_M2-B,M2-B,R002,مارشل آرٹ کی تربیت میں حملہ کرنے والا روبوٹ,KI,51897,URDU,urdu_headline_body_rrf,21,60010,0.015625,50
post_phase12_module2_M2-B,M2-B,R002,مارشل آرٹ کی تربیت میں حملہ کرنے والا روبوٹ,KI,51897,URDU,urdu_headline_body_rrf,22,59394,0.015384615384615385,50
post_phase12_module2_M2-B,M2-B,R002,مارشل آرٹ کی تربیت میں حملہ کرنے والا روبوٹ,KI,51897,URDU,urdu_headline_body_rrf,23,19602,0.015151515151515152,50
post_phase12_module2_M2-B,M2-B,R002,مارشل آرٹ کی تربیت میں حملہ کرنے والا روبوٹ,KI,51897,URDU,urdu_headline_body_rrf,24,22213,0.014925373134328358,50
post_phase12_module2_M2-B,M2-B,R002,مارشل آرٹ کی تربیت میں حملہ کرنے والا روبوٹ,KI,51897,URDU,urdu_headline_body_rrf,25,59640,0.014925373134328358,50
post_phase12_module2_M2-B,M2-B,R002,مارشل آرٹ کی تربیت میں حملہ کرنے والا روبوٹ,KI,51897,URDU,urdu_headline_body_rrf,26,36758,0.014705882352941176,50
post_phase12_module2_M2-B,M2-B,R002,مارشل آرٹ کی تربیت میں حملہ کرنے والا روبوٹ,KI,51897,URDU,urdu_headline_body_rrf,27,79691,0.014705882352941176,50
post_phase12_module2_M2-B,M2-B,R002,مارشل آرٹ کی تربیت میں حملہ کرنے والا روبوٹ,KI,51897,URDU,urdu_headline_body_rrf,28,49143,0.014492753623188406,50
post_phase12_module2_M2-B,M2-B,R002,مارشل آرٹ کی تربیت میں حملہ کرنے والا روبوٹ,KI,51897,URDU,urdu_headline_body_rrf,29,60213,0.014492753623188406,50
post_phase12_module2_M2-B,M2-B,R002,مارشل آرٹ کی تربیت میں حملہ کرنے والا روبوٹ,KI,51897,URDU,urdu_headline_body_rrf,30,59515,0.014285714285714285,50
post_phase12_module2_M2-B,M2-B,R002,مارشل آرٹ کی تربیت میں حملہ کرنے والا روبوٹ,KI,51897,URDU,urdu_headline_body_rrf,31,9166,0.014084507042253521,50
post_phase12_module2_M2-B,M2-B,R002,مارشل آرٹ کی تربیت میں حملہ کرنے والا روبوٹ,KI,51897,URDU,urdu_headline_body_rrf,32,16971,0.014084507042253521,50
post_phase12_module2_M2-B,M2-B,R002,مارشل آرٹ کی تربیت میں حملہ کرنے والا روبوٹ,KI,51897,URDU,urdu_headline_body_rrf,33,37767,0.013888888888888888,50
post_phase12_module2_M2-B,M2-B,R002,مارشل آرٹ کی تربیت میں حملہ کرنے والا روبوٹ,KI,51897,URDU,urdu_headline_body_rrf,34,59917,0.013888888888888888,50
post_phase12_module2_M2-B,M2-B,R002,مارشل آرٹ کی تربیت میں حملہ کرنے والا روبوٹ,KI,51897,URDU,urdu_headline_body_rrf,35,59495,0.013333333333333334,50
post_phase12_module2_M2-B,M2-B,R002,مارشل آرٹ کی تربیت میں حملہ کرنے والا روبوٹ,KI,51897,URDU,urdu_headline_body_rrf,36,9351,0.013157894736842105,50
post_phase12_module2_M2-B,M2-B,R002,مارشل آرٹ کی تربیت میں حملہ کرنے والا روبوٹ,KI,51897,URDU,urdu_headline_body_rrf,37,49776,0.013157894736842105,50
post_phase12_module2_M2-B,M2-B,R002,مارشل آرٹ کی تربیت میں حملہ کرنے والا روبوٹ,KI,51897,URDU,urdu_headline_body_rrf,38,88509,0.012987012987012988,50
post_phase12_module2_M2-B,M2-B,R002,مارشل آرٹ کی تربیت میں حملہ کرنے والا روبوٹ,KI,51897,URDU,urdu_headline_body_rrf,39,60039,0.012658227848101266,50
post_phase12_module2_M2-B,M2-B,R002,مارشل آرٹ کی تربیت میں حملہ کرنے والا روبوٹ,KI,51897,URDU,urdu_headline_body_rrf,40,80029,0.0125,50
post_phase12_module2_M2-B,M2-B,R002,مارشل آرٹ کی تربیت میں حملہ کرنے والا روبوٹ,KI,51897,URDU,urdu_headline_body_rrf,41,60297,0.012345679012345678,50
post_phase12_module2_M2-B,M2-B,R002,مارشل آرٹ کی تربیت میں حملہ کرنے والا روبوٹ,KI,51897,URDU,urdu_headline_body_rrf,42,59923,0.012048192771084338,50
post_phase12_module2_M2-B,M2-B,R002,مارشل آرٹ کی تربیت میں حملہ کرنے والا روبوٹ,KI,51897,URDU,urdu_headline_body_rrf,43,24504,0.011904761904761904,50
post_phase12_module2_M2-B,M2-B,R002,مارشل آرٹ کی تربیت میں حملہ کرنے والا روبوٹ,KI,51897,URDU,urdu_headline_body_rrf,44,100948,0.011904761904761904,50
post_phase12_module2_M2-B,M2-B,R002,مارشل آرٹ کی تربیت میں حملہ کرنے والا روبوٹ,KI,51897,URDU,urdu_headline_body_rrf,45,51699,0.011764705882352941,50
post_phase12_module2_M2-B,M2-B,R002,مارشل آرٹ کی تربیت میں حملہ کرنے والا روبوٹ,KI,51897,URDU,urdu_headline_body_rrf,46,60036,0.011764705882352941,50
post_phase12_module2_M2-B,M2-B,R002,مارشل آرٹ کی تربیت میں حملہ کرنے والا روبوٹ,KI,51897,URDU,urdu_headline_body_rrf,47,7618,0.011627906976744186,50
post_phase12_module2_M2-B,M2-B,R002,مارشل آرٹ کی تربیت میں حملہ کرنے والا روبوٹ,KI,51897,URDU,urdu_headline_body_rrf,48,59828,0.011627906976744186,50
post_phase12_module2_M2-B,M2-B,R002,مارشل آرٹ کی تربیت میں حملہ کرنے والا روبوٹ,KI,51897,URDU,urdu_headline_body_rrf,49,79411,0.011494252873563218,50
post_phase12_module2_M2-B,M2-B,R002,مارشل آرٹ کی تربیت میں حملہ کرنے والا روبوٹ,KI,51897,URDU,urdu_headline_body_rrf,50,79650,0.011494252873563218,50
post_phase12_module2_M2-B,M2-B,R003,سافٹ ویئر کیریئر کے لیے کون سی کوڈنگ زبانیں سیکھنی چاہئیں,KI,22675,URDU,urdu_headline_body_rrf,1,84543,0.03252247488101534,50
post_phase12_module2_M2-B,M2-B,R003,سافٹ ویئر کیریئر کے لیے کون سی کوڈنگ زبانیں سیکھنی چاہئیں,KI,22675,URDU,urdu_headline_body_rrf,2,35329,0.03200204813108039,50
post_phase12_module2_M2-B,M2-B,R003,سافٹ ویئر کیریئر کے لیے کون سی کوڈنگ زبانیں سیکھنی چاہئیں,KI,22675,URDU,urdu_headline_body_rrf,3,60308,0.03149801587301587,50
post_phase12_module2_M2-B,M2-B,R003,سافٹ ویئر کیریئر کے لیے کون سی کوڈنگ زبانیں سیکھنی چاہئیں,KI,22675,URDU,urdu_headline_body_rrf,4,23781,0.02904040404040404,50
post_phase12_module2_M2-B,M2-B,R003,سافٹ ویئر کیریئر کے لیے کون سی کوڈنگ زبانیں سیکھنی چاہئیں,KI,22675,URDU,urdu_headline_body_rrf,5,59870,0.028083267871170464,50
post_phase12_module2_M2-B,M2-B,R003,سافٹ ویئر کیریئر کے لیے کون سی کوڈنگ زبانیں سیکھنی چاہئیں,KI,22675,URDU,urdu_headline_body_rrf,6,111299,0.027912386121341344,50
post_phase12_module2_M2-B,M2-B,R003,سافٹ ویئر کیریئر کے لیے کون سی کوڈنگ زبانیں سیکھنی چاہئیں,KI,22675,URDU,urdu_headline_body_rrf,7,110371,0.026356857985087564,50
post_phase12_module2_M2-B,M2-B,R003,سافٹ ویئر کیریئر کے لیے کون سی کوڈنگ زبانیں سیکھنی چاہئیں,KI,22675,URDU,urdu_headline_body_rrf,8,60306,0.026333907056798625,50
post_phase12_module2_M2-B,M2-B,R003,سافٹ ویئر کیریئر کے لیے کون سی کوڈنگ زبانیں سیکھنی چاہئیں,KI,22675,URDU,urdu_headline_body_rrf,9,14199,0.025588697017268444,50
post_phase12_module2_M2-B,M2-B,R003,سافٹ ویئر کیریئر کے لیے کون سی کوڈنگ زبانیں سیکھنی چاہئیں,KI,22675,URDU,urdu_headline_body_rrf,10,60206,0.024527186761229315,50
post_phase12_module2_M2-B,M2-B,R003,سافٹ ویئر کیریئر کے لیے کون سی کوڈنگ زبانیں سیکھنی چاہئیں,KI,22675,URDU,urdu_headline_body_rrf,11,60208,0.023669467787114845,50
post_phase12_module2_M2-B,M2-B,R003,سافٹ ویئر کیریئر کے لیے کون سی کوڈنگ زبانیں سیکھنی چاہئیں,KI,22675,URDU,urdu_headline_body_rrf,12,79574,0.02348901098901099,50
post_phase12_module2_M2-B,M2-B,R003,سافٹ ویئر کیریئر کے لیے کون سی کوڈنگ زبانیں سیکھنی چاہئیں,KI,22675,URDU,urdu_headline_body_rrf,13,19503,0.022592592592592595,50
post_phase12_module2_M2-B,M2-B,R003,سافٹ ویئر کیریئر کے لیے کون سی کوڈنگ زبانیں سیکھنی چاہئیں,KI,22675,URDU,urdu_headline_body_rrf,14,111731,0.01639344262295082,50
post_phase12_module2_M2-B,M2-B,R003,سافٹ ویئر کیریئر کے لیے کون سی کوڈنگ زبانیں سیکھنی چاہئیں,KI,22675,URDU,urdu_headline_body_rrf,15,15897,0.015625,50
post_phase12_module2_M2-B,M2-B,R003,سافٹ ویئر کیریئر کے لیے کون سی کوڈنگ زبانیں سیکھنی چاہئیں,KI,22675,URDU,urdu_headline_body_rrf,16,109922,0.015384615384615385,50
post_phase12_module2_M2-B,M2-B,R003,سافٹ ویئر کیریئر کے لیے کون سی کوڈنگ زبانیں سیکھنی چاہئیں,KI,22675,URDU,urdu_headline_body_rrf,17,23053,0.015151515151515152,50
post_phase12_module2_M2-B,M2-B,R003,سافٹ ویئر کیریئر کے لیے کون سی کوڈنگ زبانیں سیکھنی چاہئیں,KI,22675,URDU,urdu_headline_body_rrf,18,14835,0.014705882352941176,50
post_phase12_module2_M2-B,M2-B,R003,سافٹ ویئر کیریئر کے لیے کون سی کوڈنگ زبانیں سیکھنی چاہئیں,KI,22675,URDU,urdu_headline_body_rrf,19,60259,0.014705882352941176,50
post_phase12_module2_M2-B,M2-B,R003,سافٹ ویئر کیریئر کے لیے کون سی کوڈنگ زبانیں سیکھنی چاہئیں,KI,22675,URDU,urdu_headline_body_rrf,20,14258,0.014492753623188406,50
post_phase12_module2_M2-B,M2-B,R003,سافٹ ویئر کیریئر کے لیے کون سی کوڈنگ زبانیں سیکھنی چاہئیں,KI,22675,URDU,urdu_headline_body_rrf,21,23969,0.014492753623188406,50
post_phase12_module2_M2-B,M2-B,R003,سافٹ ویئر کیریئر کے لیے کون سی کوڈنگ زبانیں سیکھنی چاہئیں,KI,22675,URDU,urdu_headline_body_rrf,22,22782,0.014285714285714285,50
post_phase12_module2_M2-B,M2-B,R003,سافٹ ویئر کیریئر کے لیے کون سی کوڈنگ زبانیں سیکھنی چاہئیں,KI,22675,URDU,urdu_headline_body_rrf,23,60371,0.014084507042253521,50
post_phase12_module2_M2-B,M2-B,R003,سافٹ ویئر کیریئر کے لیے کون سی کوڈنگ زبانیں سیکھنی چاہئیں,KI,22675,URDU,urdu_headline_body_rrf,24,73051,0.014084507042253521,50
post_phase12_module2_M2-B,M2-B,R003,سافٹ ویئر کیریئر کے لیے کون سی کوڈنگ زبانیں سیکھنی چاہئیں,KI,22675,URDU,urdu_headline_body_rrf,25,60358,0.0136986301369863,50
post_phase12_module2_M2-B,M2-B,R003,سافٹ ویئر کیریئر کے لیے کون سی کوڈنگ زبانیں سیکھنی چاہئیں,KI,22675,URDU,urdu_headline_body_rrf,26,12080,0.013513513513513514,50
post_phase12_module2_M2-B,M2-B,R003,سافٹ ویئر کیریئر کے لیے کون سی کوڈنگ زبانیں سیکھنی چاہئیں,KI,22675,URDU,urdu_headline_body_rrf,27,24360,0.013513513513513514,50
post_phase12_module2_M2-B,M2-B,R003,سافٹ ویئر کیریئر کے لیے کون سی کوڈنگ زبانیں سیکھنی چاہئیں,KI,22675,URDU,urdu_headline_body_rrf,28,23826,0.013333333333333334,50
post_phase12_module2_M2-B,M2-B,R003,سافٹ ویئر کیریئر کے لیے کون سی کوڈنگ زبانیں سیکھنی چاہئیں,KI,22675,URDU,urdu_headline_body_rrf,29,22229,0.013157894736842105,50
post_phase12_module2_M2-B,M2-B,R003,سافٹ ویئر کیریئر کے لیے کون سی کوڈنگ زبانیں سیکھنی چاہئیں,KI,22675,URDU,urdu_headline_body_rrf,30,59715,0.012987012987012988,50
post_phase12_module2_M2-B,M2-B,R003,سافٹ ویئر کیریئر کے لیے کون سی کوڈنگ زبانیں سیکھنی چاہئیں,KI,22675,URDU,urdu_headline_body_rrf,31,19560,0.01282051282051282,50
post_phase12_module2_M2-B,M2-B,R003,سافٹ ویئر کیریئر کے لیے کون سی کوڈنگ زبانیں سیکھنی چاہئیں,KI,22675,URDU,urdu_headline_body_rrf,32,23686,0.01282051282051282,50
post_phase12_module2_M2-B,M2-B,R003,سافٹ ویئر کیریئر کے لیے کون سی کوڈنگ زبانیں سیکھنی چاہئیں,KI,22675,URDU,urdu_headline_body_rrf,33,80146,0.012658227848101266,50
post_phase12_module2_M2-B,M2-B,R003,سافٹ ویئر کیریئر کے لیے کون سی کوڈنگ زبانیں سیکھنی چاہئیں,KI,22675,URDU,urdu_headline_body_rrf,34,59495,0.0125,50
post_phase12_module2_M2-B,M2-B,R003,سافٹ ویئر کیریئر کے لیے کون سی کوڈنگ زبانیں سیکھنی چاہئیں,KI,22675,URDU,urdu_headline_body_rrf,35,24148,0.012345679012345678,50
post_phase12_module2_M2-B,M2-B,R003,سافٹ ویئر کیریئر کے لیے کون سی کوڈنگ زبانیں سیکھنی چاہئیں,KI,22675,URDU,urdu_headline_body_rrf,36,60224,0.012345679012345678,50
post_phase12_module2_M2-B,M2-B,R003,سافٹ ویئر کیریئر کے لیے کون سی کوڈنگ زبانیں سیکھنی چاہئیں,KI,22675,URDU,urdu_headline_body_rrf,37,20691,0.012195121951219513,50
post_phase12_module2_M2-B,M2-B,R003,سافٹ ویئر کیریئر کے لیے کون سی کوڈنگ زبانیں سیکھنی چاہئیں,KI,22675,URDU,urdu_headline_body_rrf,38,23759,0.012195121951219513,50
post_phase12_module2_M2-B,M2-B,R003,سافٹ ویئر کیریئر کے لیے کون سی کوڈنگ زبانیں سیکھنی چاہئیں,KI,22675,URDU,urdu_headline_body_rrf,39,20024,0.012048192771084338,50
post_phase12_module2_M2-B,M2-B,R003,سافٹ ویئر کیریئر کے لیے کون سی کوڈنگ زبانیں سیکھنی چاہئیں,KI,22675,URDU,urdu_headline_body_rrf,40,80372,0.011904761904761904,50
post_phase12_module2_M2-B,M2-B,R003,سافٹ ویئر کیریئر کے لیے کون سی کوڈنگ زبانیں سیکھنی چاہئیں,KI,22675,URDU,urdu_headline_body_rrf,41,80077,0.011764705882352941,50
post_phase12_module2_M2-B,M2-B,R003,سافٹ ویئر کیریئر کے لیے کون سی کوڈنگ زبانیں سیکھنی چاہئیں,KI,22675,URDU,urdu_headline_body_rrf,42,22827,0.011627906976744186,50
post_phase12_module2_M2-B,M2-B,R003,سافٹ ویئر کیریئر کے لیے کون سی کوڈنگ زبانیں سیکھنی چاہئیں,KI,22675,URDU,urdu_headline_body_rrf,43,52780,0.011627906976744186,50
post_phase12_module2_M2-B,M2-B,R003,سافٹ ویئر کیریئر کے لیے کون سی کوڈنگ زبانیں سیکھنی چاہئیں,KI,22675,URDU,urdu_headline_body_rrf,44,60390,0.011494252873563218,50
post_phase12_module2_M2-B,M2-B,R003,سافٹ ویئر کیریئر کے لیے کون سی کوڈنگ زبانیں سیکھنی چاہئیں,KI,22675,URDU,urdu_headline_body_rrf,45,107016,0.011494252873563218,50
post_phase12_module2_M2-B,M2-B,R003,سافٹ ویئر کیریئر کے لیے کون سی کوڈنگ زبانیں سیکھنی چاہئیں,KI,22675,URDU,urdu_headline_body_rrf,46,10031,0.011363636363636364,50
post_phase12_module2_M2-B,M2-B,R003,سافٹ ویئر کیریئر کے لیے کون سی کوڈنگ زبانیں سیکھنی چاہئیں,KI,22675,URDU,urdu_headline_body_rrf,47,24271,0.011363636363636364,50
post_phase12_module2_M2-B,M2-B,R003,سافٹ ویئر کیریئر کے لیے کون سی کوڈنگ زبانیں سیکھنی چاہئیں,KI,22675,URDU,urdu_headline_body_rrf,48,23637,0.011235955056179775,50
post_phase12_module2_M2-B,M2-B,R003,سافٹ ویئر کیریئر کے لیے کون سی کوڈنگ زبانیں سیکھنی چاہئیں,KI,22675,URDU,urdu_headline_body_rrf,49,57274,0.011235955056179775,50
post_phase12_module2_M2-B,M2-B,R003,سافٹ ویئر کیریئر کے لیے کون سی کوڈنگ زبانیں سیکھنی چاہئیں,KI,22675,URDU,urdu_headline_body_rrf,50,10471,0.011111111111111112,50
post_phase12_module2_M2-B,M2-B,R004,اسٹیٹ بینک کے ذخائر میں ہفتے کے دوران کتنی کمی ہوئی,KI,72830,URDU,urdu_headline_body_rrf,1,61105,0.03021353930031804,50
post_phase12_module2_M2-B,M2-B,R004,اسٹیٹ بینک کے ذخائر میں ہفتے کے دوران کتنی کمی ہوئی,KI,72830,URDU,urdu_headline_body_rrf,2,64891,0.029273504273504274,50
post_phase12_module2_M2-B,M2-B,R004,اسٹیٹ بینک کے ذخائر میں ہفتے کے دوران کتنی کمی ہوئی,KI,72830,URDU,urdu_headline_body_rrf,3,64586,0.02758751902587519,50
post_phase12_module2_M2-B,M2-B,R004,اسٹیٹ بینک کے ذخائر میں ہفتے کے دوران کتنی کمی ہوئی,KI,72830,URDU,urdu_headline_body_rrf,4,110831,0.02684684684684685,50
post_phase12_module2_M2-B,M2-B,R004,اسٹیٹ بینک کے ذخائر میں ہفتے کے دوران کتنی کمی ہوئی,KI,72830,URDU,urdu_headline_body_rrf,5,61263,0.02594183740912095,50
post_phase12_module2_M2-B,M2-B,R004,اسٹیٹ بینک کے ذخائر میں ہفتے کے دوران کتنی کمی ہوئی,KI,72830,URDU,urdu_headline_body_rrf,6,71747,0.025917252146760345,50
post_phase12_module2_M2-B,M2-B,R004,اسٹیٹ بینک کے ذخائر میں ہفتے کے دوران کتنی کمی ہوئی,KI,72830,URDU,urdu_headline_body_rrf,7,60959,0.024891774891774892,50
post_phase12_module2_M2-B,M2-B,R004,اسٹیٹ بینک کے ذخائر میں ہفتے کے دوران کتنی کمی ہوئی,KI,72830,URDU,urdu_headline_body_rrf,8,60531,0.02458521870286576,50
post_phase12_module2_M2-B,M2-B,R004,اسٹیٹ بینک کے ذخائر میں ہفتے کے دوران کتنی کمی ہوئی,KI,72830,URDU,urdu_headline_body_rrf,9,63718,0.018783068783068783,50
post_phase12_module2_M2-B,M2-B,R004,اسٹیٹ بینک کے ذخائر میں ہفتے کے دوران کتنی کمی ہوئی,KI,72830,URDU,urdu_headline_body_rrf,10,73000,0.01639344262295082,50
post_phase12_module2_M2-B,M2-B,R004,اسٹیٹ بینک کے ذخائر میں ہفتے کے دوران کتنی کمی ہوئی,KI,72830,URDU,urdu_headline_body_rrf,11,61280,0.016129032258064516,50
post_phase12_module2_M2-B,M2-B,R004,اسٹیٹ بینک کے ذخائر میں ہفتے کے دوران کتنی کمی ہوئی,KI,72830,URDU,urdu_headline_body_rrf,12,60988,0.015873015873015872,50
post_phase12_module2_M2-B,M2-B,R004,اسٹیٹ بینک کے ذخائر میں ہفتے کے دوران کتنی کمی ہوئی,KI,72830,URDU,urdu_headline_body_rrf,13,110931,0.015873015873015872,50
post_phase12_module2_M2-B,M2-B,R004,اسٹیٹ بینک کے ذخائر میں ہفتے کے دوران کتنی کمی ہوئی,KI,72830,URDU,urdu_headline_body_rrf,14,63752,0.015625,50
post_phase12_module2_M2-B,M2-B,R004,اسٹیٹ بینک کے ذخائر میں ہفتے کے دوران کتنی کمی ہوئی,KI,72830,URDU,urdu_headline_body_rrf,15,71981,0.015625,50
post_phase12_module2_M2-B,M2-B,R004,اسٹیٹ بینک کے ذخائر میں ہفتے کے دوران کتنی کمی ہوئی,KI,72830,URDU,urdu_headline_body_rrf,16,60865,0.015384615384615385,50
post_phase12_module2_M2-B,M2-B,R004,اسٹیٹ بینک کے ذخائر میں ہفتے کے دوران کتنی کمی ہوئی,KI,72830,URDU,urdu_headline_body_rrf,17,61612,0.015151515151515152,50
post_phase12_module2_M2-B,M2-B,R004,اسٹیٹ بینک کے ذخائر میں ہفتے کے دوران کتنی کمی ہوئی,KI,72830,URDU,urdu_headline_body_rrf,18,72260,0.015151515151515152,50
post_phase12_module2_M2-B,M2-B,R004,اسٹیٹ بینک کے ذخائر میں ہفتے کے دوران کتنی کمی ہوئی,KI,72830,URDU,urdu_headline_body_rrf,19,65444,0.014925373134328358,50
post_phase12_module2_M2-B,M2-B,R004,اسٹیٹ بینک کے ذخائر میں ہفتے کے دوران کتنی کمی ہوئی,KI,72830,URDU,urdu_headline_body_rrf,20,73704,0.014925373134328358,50
post_phase12_module2_M2-B,M2-B,R004,اسٹیٹ بینک کے ذخائر میں ہفتے کے دوران کتنی کمی ہوئی,KI,72830,URDU,urdu_headline_body_rrf,21,71824,0.014705882352941176,50
post_phase12_module2_M2-B,M2-B,R004,اسٹیٹ بینک کے ذخائر میں ہفتے کے دوران کتنی کمی ہوئی,KI,72830,URDU,urdu_headline_body_rrf,22,61738,0.014492753623188406,50
post_phase12_module2_M2-B,M2-B,R004,اسٹیٹ بینک کے ذخائر میں ہفتے کے دوران کتنی کمی ہوئی,KI,72830,URDU,urdu_headline_body_rrf,23,76182,0.014492753623188406,50
post_phase12_module2_M2-B,M2-B,R004,اسٹیٹ بینک کے ذخائر میں ہفتے کے دوران کتنی کمی ہوئی,KI,72830,URDU,urdu_headline_body_rrf,24,64242,0.014285714285714285,50
post_phase12_module2_M2-B,M2-B,R004,اسٹیٹ بینک کے ذخائر میں ہفتے کے دوران کتنی کمی ہوئی,KI,72830,URDU,urdu_headline_body_rrf,25,64625,0.014285714285714285,50
post_phase12_module2_M2-B,M2-B,R004,اسٹیٹ بینک کے ذخائر میں ہفتے کے دوران کتنی کمی ہوئی,KI,72830,URDU,urdu_headline_body_rrf,26,63042,0.014084507042253521,50
post_phase12_module2_M2-B,M2-B,R004,اسٹیٹ بینک کے ذخائر میں ہفتے کے دوران کتنی کمی ہوئی,KI,72830,URDU,urdu_headline_body_rrf,27,73136,0.0136986301369863,50
post_phase12_module2_M2-B,M2-B,R004,اسٹیٹ بینک کے ذخائر میں ہفتے کے دوران کتنی کمی ہوئی,KI,72830,URDU,urdu_headline_body_rrf,28,111552,0.013513513513513514,50
post_phase12_module2_M2-B,M2-B,R004,اسٹیٹ بینک کے ذخائر میں ہفتے کے دوران کتنی کمی ہوئی,KI,72830,URDU,urdu_headline_body_rrf,29,39030,0.013333333333333334,50
post_phase12_module2_M2-B,M2-B,R004,اسٹیٹ بینک کے ذخائر میں ہفتے کے دوران کتنی کمی ہوئی,KI,72830,URDU,urdu_headline_body_rrf,30,70444,0.013157894736842105,50
post_phase12_module2_M2-B,M2-B,R004,اسٹیٹ بینک کے ذخائر میں ہفتے کے دوران کتنی کمی ہوئی,KI,72830,URDU,urdu_headline_body_rrf,31,110930,0.013157894736842105,50
post_phase12_module2_M2-B,M2-B,R004,اسٹیٹ بینک کے ذخائر میں ہفتے کے دوران کتنی کمی ہوئی,KI,72830,URDU,urdu_headline_body_rrf,32,70548,0.012987012987012988,50
post_phase12_module2_M2-B,M2-B,R004,اسٹیٹ بینک کے ذخائر میں ہفتے کے دوران کتنی کمی ہوئی,KI,72830,URDU,urdu_headline_body_rrf,33,110393,0.01282051282051282,50
post_phase12_module2_M2-B,M2-B,R004,اسٹیٹ بینک کے ذخائر میں ہفتے کے دوران کتنی کمی ہوئی,KI,72830,URDU,urdu_headline_body_rrf,34,60546,0.012658227848101266,50
post_phase12_module2_M2-B,M2-B,R004,اسٹیٹ بینک کے ذخائر میں ہفتے کے دوران کتنی کمی ہوئی,KI,72830,URDU,urdu_headline_body_rrf,35,65202,0.012658227848101266,50
post_phase12_module2_M2-B,M2-B,R004,اسٹیٹ بینک کے ذخائر میں ہفتے کے دوران کتنی کمی ہوئی,KI,72830,URDU,urdu_headline_body_rrf,36,65674,0.0125,50
post_phase12_module2_M2-B,M2-B,R004,اسٹیٹ بینک کے ذخائر میں ہفتے کے دوران کتنی کمی ہوئی,KI,72830,URDU,urdu_headline_body_rrf,37,111855,0.0125,50
post_phase12_module2_M2-B,M2-B,R004,اسٹیٹ بینک کے ذخائر میں ہفتے کے دوران کتنی کمی ہوئی,KI,72830,URDU,urdu_headline_body_rrf,38,63789,0.012345679012345678,50
post_phase12_module2_M2-B,M2-B,R004,اسٹیٹ بینک کے ذخائر میں ہفتے کے دوران کتنی کمی ہوئی,KI,72830,URDU,urdu_headline_body_rrf,39,64462,0.012345679012345678,50
post_phase12_module2_M2-B,M2-B,R004,اسٹیٹ بینک کے ذخائر میں ہفتے کے دوران کتنی کمی ہوئی,KI,72830,URDU,urdu_headline_body_rrf,40,3109,0.012195121951219513,50
post_phase12_module2_M2-B,M2-B,R004,اسٹیٹ بینک کے ذخائر میں ہفتے کے دوران کتنی کمی ہوئی,KI,72830,URDU,urdu_headline_body_rrf,41,71536,0.012195121951219513,50
post_phase12_module2_M2-B,M2-B,R004,اسٹیٹ بینک کے ذخائر میں ہفتے کے دوران کتنی کمی ہوئی,KI,72830,URDU,urdu_headline_body_rrf,42,60901,0.012048192771084338,50
post_phase12_module2_M2-B,M2-B,R004,اسٹیٹ بینک کے ذخائر میں ہفتے کے دوران کتنی کمی ہوئی,KI,72830,URDU,urdu_headline_body_rrf,43,111168,0.012048192771084338,50
post_phase12_module2_M2-B,M2-B,R004,اسٹیٹ بینک کے ذخائر میں ہفتے کے دوران کتنی کمی ہوئی,KI,72830,URDU,urdu_headline_body_rrf,44,61581,0.011904761904761904,50
post_phase12_module2_M2-B,M2-B,R004,اسٹیٹ بینک کے ذخائر میں ہفتے کے دوران کتنی کمی ہوئی,KI,72830,URDU,urdu_headline_body_rrf,45,65942,0.011764705882352941,50
post_phase12_module2_M2-B,M2-B,R004,اسٹیٹ بینک کے ذخائر میں ہفتے کے دوران کتنی کمی ہوئی,KI,72830,URDU,urdu_headline_body_rrf,46,60639,0.011627906976744186,50
post_phase12_module2_M2-B,M2-B,R004,اسٹیٹ بینک کے ذخائر میں ہفتے کے دوران کتنی کمی ہوئی,KI,72830,URDU,urdu_headline_body_rrf,47,65909,0.011627906976744186,50
post_phase12_module2_M2-B,M2-B,R004,اسٹیٹ بینک کے ذخائر میں ہفتے کے دوران کتنی کمی ہوئی,KI,72830,URDU,urdu_headline_body_rrf,48,39745,0.011494252873563218,50
post_phase12_module2_M2-B,M2-B,R004,اسٹیٹ بینک کے ذخائر میں ہفتے کے دوران کتنی کمی ہوئی,KI,72830,URDU,urdu_headline_body_rrf,49,61367,0.011494252873563218,50
post_phase12_module2_M2-B,M2-B,R004,اسٹیٹ بینک کے ذخائر میں ہفتے کے دوران کتنی کمی ہوئی,KI,72830,URDU,urdu_headline_body_rrf,50,1264,0.011363636363636364,50
post_phase12_module2_M2-B,M2-B,R005,بالی ووڈ اداکارہ کا پاکستانی فنکاروں کے کام پر کیا کہنا تھا,KI,12425,URDU,urdu_headline_body_rrf,1,66725,0.030886196246139225,50
post_phase12_module2_M2-B,M2-B,R005,بالی ووڈ اداکارہ کا پاکستانی فنکاروں کے کام پر کیا کہنا تھا,KI,12425,URDU,urdu_headline_body_rrf,2,101681,0.029273504273504274,50
post_phase12_module2_M2-B,M2-B,R005,بالی ووڈ اداکارہ کا پاکستانی فنکاروں کے کام پر کیا کہنا تھا,KI,12425,URDU,urdu_headline_body_rrf,3,66694,0.02538152610441767,50
post_phase12_module2_M2-B,M2-B,R005,بالی ووڈ اداکارہ کا پاکستانی فنکاروں کے کام پر کیا کہنا تھا,KI,12425,URDU,urdu_headline_body_rrf,4,98520,0.022833419823559936,50
post_phase12_module2_M2-B,M2-B,R005,بالی ووڈ اداکارہ کا پاکستانی فنکاروں کے کام پر کیا کہنا تھا,KI,12425,URDU,urdu_headline_body_rrf,5,67392,0.019419306184012067,50
post_phase12_module2_M2-B,M2-B,R005,بالی ووڈ اداکارہ کا پاکستانی فنکاروں کے کام پر کیا کہنا تھا,KI,12425,URDU,urdu_headline_body_rrf,6,100523,0.01639344262295082,50
post_phase12_module2_M2-B,M2-B,R005,بالی ووڈ اداکارہ کا پاکستانی فنکاروں کے کام پر کیا کہنا تھا,KI,12425,URDU,urdu_headline_body_rrf,7,12425,0.016129032258064516,50
post_phase12_module2_M2-B,M2-B,R005,بالی ووڈ اداکارہ کا پاکستانی فنکاروں کے کام پر کیا کہنا تھا,KI,12425,URDU,urdu_headline_body_rrf,8,103450,0.016129032258064516,50
post_phase12_module2_M2-B,M2-B,R005,بالی ووڈ اداکارہ کا پاکستانی فنکاروں کے کام پر کیا کہنا تھا,KI,12425,URDU,urdu_headline_body_rrf,9,67119,0.015873015873015872,50
post_phase12_module2_M2-B,M2-B,R005,بالی ووڈ اداکارہ کا پاکستانی فنکاروں کے کام پر کیا کہنا تھا,KI,12425,URDU,urdu_headline_body_rrf,10,101245,0.015873015873015872,50
post_phase12_module2_M2-B,M2-B,R005,بالی ووڈ اداکارہ کا پاکستانی فنکاروں کے کام پر کیا کہنا تھا,KI,12425,URDU,urdu_headline_body_rrf,11,50368,0.015625,50
post_phase12_module2_M2-B,M2-B,R005,بالی ووڈ اداکارہ کا پاکستانی فنکاروں کے کام پر کیا کہنا تھا,KI,12425,URDU,urdu_headline_body_rrf,12,108539,0.015625,50
post_phase12_module2_M2-B,M2-B,R005,بالی ووڈ اداکارہ کا پاکستانی فنکاروں کے کام پر کیا کہنا تھا,KI,12425,URDU,urdu_headline_body_rrf,13,66784,0.015384615384615385,50
post_phase12_module2_M2-B,M2-B,R005,بالی ووڈ اداکارہ کا پاکستانی فنکاروں کے کام پر کیا کہنا تھا,KI,12425,URDU,urdu_headline_body_rrf,14,67623,0.015151515151515152,50
post_phase12_module2_M2-B,M2-B,R005,بالی ووڈ اداکارہ کا پاکستانی فنکاروں کے کام پر کیا کہنا تھا,KI,12425,URDU,urdu_headline_body_rrf,15,68837,0.015151515151515152,50
post_phase12_module2_M2-B,M2-B,R005,بالی ووڈ اداکارہ کا پاکستانی فنکاروں کے کام پر کیا کہنا تھا,KI,12425,URDU,urdu_headline_body_rrf,16,49272,0.014925373134328358,50
post_phase12_module2_M2-B,M2-B,R005,بالی ووڈ اداکارہ کا پاکستانی فنکاروں کے کام پر کیا کہنا تھا,KI,12425,URDU,urdu_headline_body_rrf,17,101783,0.014925373134328358,50
post_phase12_module2_M2-B,M2-B,R005,بالی ووڈ اداکارہ کا پاکستانی فنکاروں کے کام پر کیا کہنا تھا,KI,12425,URDU,urdu_headline_body_rrf,18,4771,0.014705882352941176,50
post_phase12_module2_M2-B,M2-B,R005,بالی ووڈ اداکارہ کا پاکستانی فنکاروں کے کام پر کیا کہنا تھا,KI,12425,URDU,urdu_headline_body_rrf,19,103383,0.014705882352941176,50
post_phase12_module2_M2-B,M2-B,R005,بالی ووڈ اداکارہ کا پاکستانی فنکاروں کے کام پر کیا کہنا تھا,KI,12425,URDU,urdu_headline_body_rrf,20,101643,0.014492753623188406,50
post_phase12_module2_M2-B,M2-B,R005,بالی ووڈ اداکارہ کا پاکستانی فنکاروں کے کام پر کیا کہنا تھا,KI,12425,URDU,urdu_headline_body_rrf,21,67684,0.014285714285714285,50
post_phase12_module2_M2-B,M2-B,R005,بالی ووڈ اداکارہ کا پاکستانی فنکاروں کے کام پر کیا کہنا تھا,KI,12425,URDU,urdu_headline_body_rrf,22,97872,0.014285714285714285,50
post_phase12_module2_M2-B,M2-B,R005,بالی ووڈ اداکارہ کا پاکستانی فنکاروں کے کام پر کیا کہنا تھا,KI,12425,URDU,urdu_headline_body_rrf,23,31121,0.014084507042253521,50
post_phase12_module2_M2-B,M2-B,R005,بالی ووڈ اداکارہ کا پاکستانی فنکاروں کے کام پر کیا کہنا تھا,KI,12425,URDU,urdu_headline_body_rrf,24,102750,0.014084507042253521,50
post_phase12_module2_M2-B,M2-B,R005,بالی ووڈ اداکارہ کا پاکستانی فنکاروں کے کام پر کیا کہنا تھا,KI,12425,URDU,urdu_headline_body_rrf,25,67451,0.013888888888888888,50
post_phase12_module2_M2-B,M2-B,R005,بالی ووڈ اداکارہ کا پاکستانی فنکاروں کے کام پر کیا کہنا تھا,KI,12425,URDU,urdu_headline_body_rrf,26,12366,0.0136986301369863,50
post_phase12_module2_M2-B,M2-B,R005,بالی ووڈ اداکارہ کا پاکستانی فنکاروں کے کام پر کیا کہنا تھا,KI,12425,URDU,urdu_headline_body_rrf,27,101758,0.0136986301369863,50
post_phase12_module2_M2-B,M2-B,R005,بالی ووڈ اداکارہ کا پاکستانی فنکاروں کے کام پر کیا کہنا تھا,KI,12425,URDU,urdu_headline_body_rrf,28,68839,0.013513513513513514,50
post_phase12_module2_M2-B,M2-B,R005,بالی ووڈ اداکارہ کا پاکستانی فنکاروں کے کام پر کیا کہنا تھا,KI,12425,URDU,urdu_headline_body_rrf,29,107827,0.013513513513513514,50
post_phase12_module2_M2-B,M2-B,R005,بالی ووڈ اداکارہ کا پاکستانی فنکاروں کے کام پر کیا کہنا تھا,KI,12425,URDU,urdu_headline_body_rrf,30,67686,0.013333333333333334,50
post_phase12_module2_M2-B,M2-B,R005,بالی ووڈ اداکارہ کا پاکستانی فنکاروں کے کام پر کیا کہنا تھا,KI,12425,URDU,urdu_headline_body_rrf,31,68612,0.013157894736842105,50
post_phase12_module2_M2-B,M2-B,R005,بالی ووڈ اداکارہ کا پاکستانی فنکاروں کے کام پر کیا کہنا تھا,KI,12425,URDU,urdu_headline_body_rrf,32,102042,0.013157894736842105,50
post_phase12_module2_M2-B,M2-B,R005,بالی ووڈ اداکارہ کا پاکستانی فنکاروں کے کام پر کیا کہنا تھا,KI,12425,URDU,urdu_headline_body_rrf,33,6747,0.012987012987012988,50
post_phase12_module2_M2-B,M2-B,R005,بالی ووڈ اداکارہ کا پاکستانی فنکاروں کے کام پر کیا کہنا تھا,KI,12425,URDU,urdu_headline_body_rrf,34,101731,0.012987012987012988,50
post_phase12_module2_M2-B,M2-B,R005,بالی ووڈ اداکارہ کا پاکستانی فنکاروں کے کام پر کیا کہنا تھا,KI,12425,URDU,urdu_headline_body_rrf,35,98351,0.01282051282051282,50
post_phase12_module2_M2-B,M2-B,R005,بالی ووڈ اداکارہ کا پاکستانی فنکاروں کے کام پر کیا کہنا تھا,KI,12425,URDU,urdu_headline_body_rrf,36,107100,0.01282051282051282,50
post_phase12_module2_M2-B,M2-B,R005,بالی ووڈ اداکارہ کا پاکستانی فنکاروں کے کام پر کیا کہنا تھا,KI,12425,URDU,urdu_headline_body_rrf,37,67788,0.012658227848101266,50
post_phase12_module2_M2-B,M2-B,R005,بالی ووڈ اداکارہ کا پاکستانی فنکاروں کے کام پر کیا کہنا تھا,KI,12425,URDU,urdu_headline_body_rrf,38,99480,0.012658227848101266,50
post_phase12_module2_M2-B,M2-B,R005,بالی ووڈ اداکارہ کا پاکستانی فنکاروں کے کام پر کیا کہنا تھا,KI,12425,URDU,urdu_headline_body_rrf,39,66604,0.0125,50
post_phase12_module2_M2-B,M2-B,R005,بالی ووڈ اداکارہ کا پاکستانی فنکاروں کے کام پر کیا کہنا تھا,KI,12425,URDU,urdu_headline_body_rrf,40,67034,0.0125,50
post_phase12_module2_M2-B,M2-B,R005,بالی ووڈ اداکارہ کا پاکستانی فنکاروں کے کام پر کیا کہنا تھا,KI,12425,URDU,urdu_headline_body_rrf,41,101537,0.012345679012345678,50
post_phase12_module2_M2-B,M2-B,R005,بالی ووڈ اداکارہ کا پاکستانی فنکاروں کے کام پر کیا کہنا تھا,KI,12425,URDU,urdu_headline_body_rrf,42,101574,0.012345679012345678,50
post_phase12_module2_M2-B,M2-B,R005,بالی ووڈ اداکارہ کا پاکستانی فنکاروں کے کام پر کیا کہنا تھا,KI,12425,URDU,urdu_headline_body_rrf,43,106491,0.012195121951219513,50
post_phase12_module2_M2-B,M2-B,R005,بالی ووڈ اداکارہ کا پاکستانی فنکاروں کے کام پر کیا کہنا تھا,KI,12425,URDU,urdu_headline_body_rrf,44,102910,0.012048192771084338,50
post_phase12_module2_M2-B,M2-B,R005,بالی ووڈ اداکارہ کا پاکستانی فنکاروں کے کام پر کیا کہنا تھا,KI,12425,URDU,urdu_headline_body_rrf,45,49263,0.011904761904761904,50
post_phase12_module2_M2-B,M2-B,R005,بالی ووڈ اداکارہ کا پاکستانی فنکاروں کے کام پر کیا کہنا تھا,KI,12425,URDU,urdu_headline_body_rrf,46,106908,0.011904761904761904,50
post_phase12_module2_M2-B,M2-B,R005,بالی ووڈ اداکارہ کا پاکستانی فنکاروں کے کام پر کیا کہنا تھا,KI,12425,URDU,urdu_headline_body_rrf,47,50356,0.011764705882352941,50
post_phase12_module2_M2-B,M2-B,R005,بالی ووڈ اداکارہ کا پاکستانی فنکاروں کے کام پر کیا کہنا تھا,KI,12425,URDU,urdu_headline_body_rrf,48,105496,0.011764705882352941,50
post_phase12_module2_M2-B,M2-B,R005,بالی ووڈ اداکارہ کا پاکستانی فنکاروں کے کام پر کیا کہنا تھا,KI,12425,URDU,urdu_headline_body_rrf,49,50372,0.011627906976744186,50
post_phase12_module2_M2-B,M2-B,R005,بالی ووڈ اداکارہ کا پاکستانی فنکاروں کے کام پر کیا کہنا تھا,KI,12425,URDU,urdu_headline_body_rrf,50,100767,0.011627906976744186,50
post_phase12_module2_M2-B,M2-B,R006,پریمیئر لیگ میں سٹی نے بورنemouth کو کتنے گولوں سے ہرایا,KI,43215,MIXED,urdu_headline_body_rrf,1,43215,0.03278688524590164,50
post_phase12_module2_M2-B,M2-B,R006,پریمیئر لیگ میں سٹی نے بورنemouth کو کتنے گولوں سے ہرایا,KI,43215,MIXED,urdu_headline_body_rrf,2,44175,0.03149801587301587,50
post_phase12_module2_M2-B,M2-B,R006,پریمیئر لیگ میں سٹی نے بورنemouth کو کتنے گولوں سے ہرایا,KI,43215,MIXED,urdu_headline_body_rrf,3,42163,0.029957522915269395,50
post_phase12_module2_M2-B,M2-B,R006,پریمیئر لیگ میں سٹی نے بورنemouth کو کتنے گولوں سے ہرایا,KI,43215,MIXED,urdu_headline_body_rrf,4,43006,0.026767330130404943,50
post_phase12_module2_M2-B,M2-B,R006,پریمیئر لیگ میں سٹی نے بورنemouth کو کتنے گولوں سے ہرایا,KI,43215,MIXED,urdu_headline_body_rrf,5,44294,0.026397515527950312,50
post_phase12_module2_M2-B,M2-B,R006,پریمیئر لیگ میں سٹی نے بورنemouth کو کتنے گولوں سے ہرایا,KI,43215,MIXED,urdu_headline_body_rrf,6,26485,0.0259915611814346,50
post_phase12_module2_M2-B,M2-B,R006,پریمیئر لیگ میں سٹی نے بورنemouth کو کتنے گولوں سے ہرایا,KI,43215,MIXED,urdu_headline_body_rrf,7,42542,0.02490996398559424,50
post_phase12_module2_M2-B,M2-B,R006,پریمیئر لیگ میں سٹی نے بورنemouth کو کتنے گولوں سے ہرایا,KI,43215,MIXED,urdu_headline_body_rrf,8,42398,0.024809741248097414,50
post_phase12_module2_M2-B,M2-B,R006,پریمیئر لیگ میں سٹی نے بورنemouth کو کتنے گولوں سے ہرایا,KI,43215,MIXED,urdu_headline_body_rrf,9,87209,0.02471590909090909,50
post_phase12_module2_M2-B,M2-B,R006,پریمیئر لیگ میں سٹی نے بورنemouth کو کتنے گولوں سے ہرایا,KI,43215,MIXED,urdu_headline_body_rrf,10,41534,0.024540757749712976,50
post_phase12_module2_M2-B,M2-B,R006,پریمیئر لیگ میں سٹی نے بورنemouth کو کتنے گولوں سے ہرایا,KI,43215,MIXED,urdu_headline_body_rrf,11,42789,0.02439384979302188,50
post_phase12_module2_M2-B,M2-B,R006,پریمیئر لیگ میں سٹی نے بورنemouth کو کتنے گولوں سے ہرایا,KI,43215,MIXED,urdu_headline_body_rrf,12,44179,0.023809523809523808,50
post_phase12_module2_M2-B,M2-B,R006,پریمیئر لیگ میں سٹی نے بورنemouth کو کتنے گولوں سے ہرایا,KI,43215,MIXED,urdu_headline_body_rrf,13,44400,0.022947475777664456,50
post_phase12_module2_M2-B,M2-B,R006,پریمیئر لیگ میں سٹی نے بورنemouth کو کتنے گولوں سے ہرایا,KI,43215,MIXED,urdu_headline_body_rrf,14,42803,0.022399203583872575,50
post_phase12_module2_M2-B,M2-B,R006,پریمیئر لیگ میں سٹی نے بورنemouth کو کتنے گولوں سے ہرایا,KI,43215,MIXED,urdu_headline_body_rrf,15,41569,0.022357471121599803,50
post_phase12_module2_M2-B,M2-B,R006,پریمیئر لیگ میں سٹی نے بورنemouth کو کتنے گولوں سے ہرایا,KI,43215,MIXED,urdu_headline_body_rrf,16,41987,0.022116324535679376,50
post_phase12_module2_M2-B,M2-B,R006,پریمیئر لیگ میں سٹی نے بورنemouth کو کتنے گولوں سے ہرایا,KI,43215,MIXED,urdu_headline_body_rrf,17,43205,0.02200402224062463,50
post_phase12_module2_M2-B,M2-B,R006,پریمیئر لیگ میں سٹی نے بورنemouth کو کتنے گولوں سے ہرایا,KI,43215,MIXED,urdu_headline_body_rrf,18,42977,0.021604938271604937,50
post_phase12_module2_M2-B,M2-B,R006,پریمیئر لیگ میں سٹی نے بورنemouth کو کتنے گولوں سے ہرایا,KI,43215,MIXED,urdu_headline_body_rrf,19,43057,0.020668564800168723,50
post_phase12_module2_M2-B,M2-B,R006,پریمیئر لیگ میں سٹی نے بورنemouth کو کتنے گولوں سے ہرایا,KI,43215,MIXED,urdu_headline_body_rrf,20,44306,0.016129032258064516,50
post_phase12_module2_M2-B,M2-B,R006,پریمیئر لیگ میں سٹی نے بورنemouth کو کتنے گولوں سے ہرایا,KI,43215,MIXED,urdu_headline_body_rrf,21,41940,0.015384615384615385,50
post_phase12_module2_M2-B,M2-B,R006,پریمیئر لیگ میں سٹی نے بورنemouth کو کتنے گولوں سے ہرایا,KI,43215,MIXED,urdu_headline_body_rrf,22,43011,0.015384615384615385,50
post_phase12_module2_M2-B,M2-B,R006,پریمیئر لیگ میں سٹی نے بورنemouth کو کتنے گولوں سے ہرایا,KI,43215,MIXED,urdu_headline_body_rrf,23,42071,0.015151515151515152,50
post_phase12_module2_M2-B,M2-B,R006,پریمیئر لیگ میں سٹی نے بورنemouth کو کتنے گولوں سے ہرایا,KI,43215,MIXED,urdu_headline_body_rrf,24,44059,0.015151515151515152,50
post_phase12_module2_M2-B,M2-B,R006,پریمیئر لیگ میں سٹی نے بورنemouth کو کتنے گولوں سے ہرایا,KI,43215,MIXED,urdu_headline_body_rrf,25,86215,0.014925373134328358,50
post_phase12_module2_M2-B,M2-B,R006,پریمیئر لیگ میں سٹی نے بورنemouth کو کتنے گولوں سے ہرایا,KI,43215,MIXED,urdu_headline_body_rrf,26,43378,0.014705882352941176,50
post_phase12_module2_M2-B,M2-B,R006,پریمیئر لیگ میں سٹی نے بورنemouth کو کتنے گولوں سے ہرایا,KI,43215,MIXED,urdu_headline_body_rrf,27,44286,0.014492753623188406,50
post_phase12_module2_M2-B,M2-B,R006,پریمیئر لیگ میں سٹی نے بورنemouth کو کتنے گولوں سے ہرایا,KI,43215,MIXED,urdu_headline_body_rrf,28,44279,0.014285714285714285,50
post_phase12_module2_M2-B,M2-B,R006,پریمیئر لیگ میں سٹی نے بورنemouth کو کتنے گولوں سے ہرایا,KI,43215,MIXED,urdu_headline_body_rrf,29,44396,0.014084507042253521,50
post_phase12_module2_M2-B,M2-B,R006,پریمیئر لیگ میں سٹی نے بورنemouth کو کتنے گولوں سے ہرایا,KI,43215,MIXED,urdu_headline_body_rrf,30,42121,0.013888888888888888,50
post_phase12_module2_M2-B,M2-B,R006,پریمیئر لیگ میں سٹی نے بورنemouth کو کتنے گولوں سے ہرایا,KI,43215,MIXED,urdu_headline_body_rrf,31,43268,0.013888888888888888,50
post_phase12_module2_M2-B,M2-B,R006,پریمیئر لیگ میں سٹی نے بورنemouth کو کتنے گولوں سے ہرایا,KI,43215,MIXED,urdu_headline_body_rrf,32,42120,0.0136986301369863,50
post_phase12_module2_M2-B,M2-B,R006,پریمیئر لیگ میں سٹی نے بورنemouth کو کتنے گولوں سے ہرایا,KI,43215,MIXED,urdu_headline_body_rrf,33,41516,0.013513513513513514,50
post_phase12_module2_M2-B,M2-B,R006,پریمیئر لیگ میں سٹی نے بورنemouth کو کتنے گولوں سے ہرایا,KI,43215,MIXED,urdu_headline_body_rrf,34,37702,0.013333333333333334,50
post_phase12_module2_M2-B,M2-B,R006,پریمیئر لیگ میں سٹی نے بورنemouth کو کتنے گولوں سے ہرایا,KI,43215,MIXED,urdu_headline_body_rrf,35,41320,0.013157894736842105,50
post_phase12_module2_M2-B,M2-B,R006,پریمیئر لیگ میں سٹی نے بورنemouth کو کتنے گولوں سے ہرایا,KI,43215,MIXED,urdu_headline_body_rrf,36,43298,0.012987012987012988,50
post_phase12_module2_M2-B,M2-B,R006,پریمیئر لیگ میں سٹی نے بورنemouth کو کتنے گولوں سے ہرایا,KI,43215,MIXED,urdu_headline_body_rrf,37,44329,0.012987012987012988,50
post_phase12_module2_M2-B,M2-B,R006,پریمیئر لیگ میں سٹی نے بورنemouth کو کتنے گولوں سے ہرایا,KI,43215,MIXED,urdu_headline_body_rrf,38,43284,0.01282051282051282,50
post_phase12_module2_M2-B,M2-B,R006,پریمیئر لیگ میں سٹی نے بورنemouth کو کتنے گولوں سے ہرایا,KI,43215,MIXED,urdu_headline_body_rrf,39,44237,0.01282051282051282,50
post_phase12_module2_M2-B,M2-B,R006,پریمیئر لیگ میں سٹی نے بورنemouth کو کتنے گولوں سے ہرایا,KI,43215,MIXED,urdu_headline_body_rrf,40,41544,0.0125,50
post_phase12_module2_M2-B,M2-B,R006,پریمیئر لیگ میں سٹی نے بورنemouth کو کتنے گولوں سے ہرایا,KI,43215,MIXED,urdu_headline_body_rrf,41,43331,0.0125,50
post_phase12_module2_M2-B,M2-B,R006,پریمیئر لیگ میں سٹی نے بورنemouth کو کتنے گولوں سے ہرایا,KI,43215,MIXED,urdu_headline_body_rrf,42,41568,0.012345679012345678,50
post_phase12_module2_M2-B,M2-B,R006,پریمیئر لیگ میں سٹی نے بورنemouth کو کتنے گولوں سے ہرایا,KI,43215,MIXED,urdu_headline_body_rrf,43,95232,0.012195121951219513,50
post_phase12_module2_M2-B,M2-B,R006,پریمیئر لیگ میں سٹی نے بورنemouth کو کتنے گولوں سے ہرایا,KI,43215,MIXED,urdu_headline_body_rrf,44,41300,0.012048192771084338,50
post_phase12_module2_M2-B,M2-B,R006,پریمیئر لیگ میں سٹی نے بورنemouth کو کتنے گولوں سے ہرایا,KI,43215,MIXED,urdu_headline_body_rrf,45,44051,0.011904761904761904,50
post_phase12_module2_M2-B,M2-B,R006,پریمیئر لیگ میں سٹی نے بورنemouth کو کتنے گولوں سے ہرایا,KI,43215,MIXED,urdu_headline_body_rrf,46,41287,0.011764705882352941,50
post_phase12_module2_M2-B,M2-B,R006,پریمیئر لیگ میں سٹی نے بورنemouth کو کتنے گولوں سے ہرایا,KI,43215,MIXED,urdu_headline_body_rrf,47,94760,0.011764705882352941,50
post_phase12_module2_M2-B,M2-B,R006,پریمیئر لیگ میں سٹی نے بورنemouth کو کتنے گولوں سے ہرایا,KI,43215,MIXED,urdu_headline_body_rrf,48,44168,0.011627906976744186,50
post_phase12_module2_M2-B,M2-B,R006,پریمیئر لیگ میں سٹی نے بورنemouth کو کتنے گولوں سے ہرایا,KI,43215,MIXED,urdu_headline_body_rrf,49,44452,0.011627906976744186,50
post_phase12_module2_M2-B,M2-B,R006,پریمیئر لیگ میں سٹی نے بورنemouth کو کتنے گولوں سے ہرایا,KI,43215,MIXED,urdu_headline_body_rrf,50,27266,0.011494252873563218,50
post_phase12_module2_M2-B,M2-B,R007,جدید گیجٹس کی وجہ سے وقت تیزی سے گزرنے کا احساس کیوں,KI,23576,URDU,urdu_headline_body_rrf,1,23576,0.03177805800756621,50
post_phase12_module2_M2-B,M2-B,R007,جدید گیجٹس کی وجہ سے وقت تیزی سے گزرنے کا احساس کیوں,KI,23576,URDU,urdu_headline_body_rrf,2,51298,0.03131881575727918,50
post_phase12_module2_M2-B,M2-B,R007,جدید گیجٹس کی وجہ سے وقت تیزی سے گزرنے کا احساس کیوں,KI,23576,URDU,urdu_headline_body_rrf,3,79550,0.028371628371628373,50
post_phase12_module2_M2-B,M2-B,R007,جدید گیجٹس کی وجہ سے وقت تیزی سے گزرنے کا احساس کیوں,KI,23576,URDU,urdu_headline_body_rrf,4,40471,0.026916221033868093,50
post_phase12_module2_M2-B,M2-B,R007,جدید گیجٹس کی وجہ سے وقت تیزی سے گزرنے کا احساس کیوں,KI,23576,URDU,urdu_headline_body_rrf,5,14163,0.016129032258064516,50
post_phase12_module2_M2-B,M2-B,R007,جدید گیجٹس کی وجہ سے وقت تیزی سے گزرنے کا احساس کیوں,KI,23576,URDU,urdu_headline_body_rrf,6,23071,0.016129032258064516,50
post_phase12_module2_M2-B,M2-B,R007,جدید گیجٹس کی وجہ سے وقت تیزی سے گزرنے کا احساس کیوں,KI,23576,URDU,urdu_headline_body_rrf,7,16354,0.015873015873015872,50
post_phase12_module2_M2-B,M2-B,R007,جدید گیجٹس کی وجہ سے وقت تیزی سے گزرنے کا احساس کیوں,KI,23576,URDU,urdu_headline_body_rrf,8,59976,0.015873015873015872,50
post_phase12_module2_M2-B,M2-B,R007,جدید گیجٹس کی وجہ سے وقت تیزی سے گزرنے کا احساس کیوں,KI,23576,URDU,urdu_headline_body_rrf,9,21976,0.015625,50
post_phase12_module2_M2-B,M2-B,R007,جدید گیجٹس کی وجہ سے وقت تیزی سے گزرنے کا احساس کیوں,KI,23576,URDU,urdu_headline_body_rrf,10,24587,0.015625,50
post_phase12_module2_M2-B,M2-B,R007,جدید گیجٹس کی وجہ سے وقت تیزی سے گزرنے کا احساس کیوں,KI,23576,URDU,urdu_headline_body_rrf,11,38940,0.015151515151515152,50
post_phase12_module2_M2-B,M2-B,R007,جدید گیجٹس کی وجہ سے وقت تیزی سے گزرنے کا احساس کیوں,KI,23576,URDU,urdu_headline_body_rrf,12,9642,0.014925373134328358,50
post_phase12_module2_M2-B,M2-B,R007,جدید گیجٹس کی وجہ سے وقت تیزی سے گزرنے کا احساس کیوں,KI,23576,URDU,urdu_headline_body_rrf,13,21179,0.014705882352941176,50
post_phase12_module2_M2-B,M2-B,R007,جدید گیجٹس کی وجہ سے وقت تیزی سے گزرنے کا احساس کیوں,KI,23576,URDU,urdu_headline_body_rrf,14,39602,0.014705882352941176,50
post_phase12_module2_M2-B,M2-B,R007,جدید گیجٹس کی وجہ سے وقت تیزی سے گزرنے کا احساس کیوں,KI,23576,URDU,urdu_headline_body_rrf,15,14894,0.014492753623188406,50
post_phase12_module2_M2-B,M2-B,R007,جدید گیجٹس کی وجہ سے وقت تیزی سے گزرنے کا احساس کیوں,KI,23576,URDU,urdu_headline_body_rrf,16,23761,0.014492753623188406,50
post_phase12_module2_M2-B,M2-B,R007,جدید گیجٹس کی وجہ سے وقت تیزی سے گزرنے کا احساس کیوں,KI,23576,URDU,urdu_headline_body_rrf,17,6901,0.014285714285714285,50
post_phase12_module2_M2-B,M2-B,R007,جدید گیجٹس کی وجہ سے وقت تیزی سے گزرنے کا احساس کیوں,KI,23576,URDU,urdu_headline_body_rrf,18,21774,0.014285714285714285,50
post_phase12_module2_M2-B,M2-B,R007,جدید گیجٹس کی وجہ سے وقت تیزی سے گزرنے کا احساس کیوں,KI,23576,URDU,urdu_headline_body_rrf,19,1640,0.014084507042253521,50
post_phase12_module2_M2-B,M2-B,R007,جدید گیجٹس کی وجہ سے وقت تیزی سے گزرنے کا احساس کیوں,KI,23576,URDU,urdu_headline_body_rrf,20,16391,0.014084507042253521,50
post_phase12_module2_M2-B,M2-B,R007,جدید گیجٹس کی وجہ سے وقت تیزی سے گزرنے کا احساس کیوں,KI,23576,URDU,urdu_headline_body_rrf,21,22512,0.013888888888888888,50
post_phase12_module2_M2-B,M2-B,R007,جدید گیجٹس کی وجہ سے وقت تیزی سے گزرنے کا احساس کیوں,KI,23576,URDU,urdu_headline_body_rrf,22,103250,0.013888888888888888,50
post_phase12_module2_M2-B,M2-B,R007,جدید گیجٹس کی وجہ سے وقت تیزی سے گزرنے کا احساس کیوں,KI,23576,URDU,urdu_headline_body_rrf,23,19139,0.0136986301369863,50
post_phase12_module2_M2-B,M2-B,R007,جدید گیجٹس کی وجہ سے وقت تیزی سے گزرنے کا احساس کیوں,KI,23576,URDU,urdu_headline_body_rrf,24,111479,0.0136986301369863,50
post_phase12_module2_M2-B,M2-B,R007,جدید گیجٹس کی وجہ سے وقت تیزی سے گزرنے کا احساس کیوں,KI,23576,URDU,urdu_headline_body_rrf,25,80089,0.013513513513513514,50
post_phase12_module2_M2-B,M2-B,R007,جدید گیجٹس کی وجہ سے وقت تیزی سے گزرنے کا احساس کیوں,KI,23576,URDU,urdu_headline_body_rrf,26,107851,0.013513513513513514,50
post_phase12_module2_M2-B,M2-B,R007,جدید گیجٹس کی وجہ سے وقت تیزی سے گزرنے کا احساس کیوں,KI,23576,URDU,urdu_headline_body_rrf,27,23151,0.013333333333333334,50
post_phase12_module2_M2-B,M2-B,R007,جدید گیجٹس کی وجہ سے وقت تیزی سے گزرنے کا احساس کیوں,KI,23576,URDU,urdu_headline_body_rrf,28,24078,0.013333333333333334,50
post_phase12_module2_M2-B,M2-B,R007,جدید گیجٹس کی وجہ سے وقت تیزی سے گزرنے کا احساس کیوں,KI,23576,URDU,urdu_headline_body_rrf,29,48459,0.013157894736842105,50
post_phase12_module2_M2-B,M2-B,R007,جدید گیجٹس کی وجہ سے وقت تیزی سے گزرنے کا احساس کیوں,KI,23576,URDU,urdu_headline_body_rrf,30,73334,0.013157894736842105,50
post_phase12_module2_M2-B,M2-B,R007,جدید گیجٹس کی وجہ سے وقت تیزی سے گزرنے کا احساس کیوں,KI,23576,URDU,urdu_headline_body_rrf,31,24623,0.012987012987012988,50
post_phase12_module2_M2-B,M2-B,R007,جدید گیجٹس کی وجہ سے وقت تیزی سے گزرنے کا احساس کیوں,KI,23576,URDU,urdu_headline_body_rrf,32,13411,0.01282051282051282,50
post_phase12_module2_M2-B,M2-B,R007,جدید گیجٹس کی وجہ سے وقت تیزی سے گزرنے کا احساس کیوں,KI,23576,URDU,urdu_headline_body_rrf,33,86199,0.01282051282051282,50
post_phase12_module2_M2-B,M2-B,R007,جدید گیجٹس کی وجہ سے وقت تیزی سے گزرنے کا احساس کیوں,KI,23576,URDU,urdu_headline_body_rrf,34,7624,0.012658227848101266,50
post_phase12_module2_M2-B,M2-B,R007,جدید گیجٹس کی وجہ سے وقت تیزی سے گزرنے کا احساس کیوں,KI,23576,URDU,urdu_headline_body_rrf,35,23493,0.012658227848101266,50
post_phase12_module2_M2-B,M2-B,R007,جدید گیجٹس کی وجہ سے وقت تیزی سے گزرنے کا احساس کیوں,KI,23576,URDU,urdu_headline_body_rrf,36,16540,0.0125,50
post_phase12_module2_M2-B,M2-B,R007,جدید گیجٹس کی وجہ سے وقت تیزی سے گزرنے کا احساس کیوں,KI,23576,URDU,urdu_headline_body_rrf,37,40200,0.0125,50
post_phase12_module2_M2-B,M2-B,R007,جدید گیجٹس کی وجہ سے وقت تیزی سے گزرنے کا احساس کیوں,KI,23576,URDU,urdu_headline_body_rrf,38,82110,0.012345679012345678,50
post_phase12_module2_M2-B,M2-B,R007,جدید گیجٹس کی وجہ سے وقت تیزی سے گزرنے کا احساس کیوں,KI,23576,URDU,urdu_headline_body_rrf,39,110828,0.012345679012345678,50
post_phase12_module2_M2-B,M2-B,R007,جدید گیجٹس کی وجہ سے وقت تیزی سے گزرنے کا احساس کیوں,KI,23576,URDU,urdu_headline_body_rrf,40,5764,0.012195121951219513,50
post_phase12_module2_M2-B,M2-B,R007,جدید گیجٹس کی وجہ سے وقت تیزی سے گزرنے کا احساس کیوں,KI,23576,URDU,urdu_headline_body_rrf,41,21892,0.012195121951219513,50
post_phase12_module2_M2-B,M2-B,R007,جدید گیجٹس کی وجہ سے وقت تیزی سے گزرنے کا احساس کیوں,KI,23576,URDU,urdu_headline_body_rrf,42,14648,0.012048192771084338,50
post_phase12_module2_M2-B,M2-B,R007,جدید گیجٹس کی وجہ سے وقت تیزی سے گزرنے کا احساس کیوں,KI,23576,URDU,urdu_headline_body_rrf,43,64216,0.012048192771084338,50
post_phase12_module2_M2-B,M2-B,R007,جدید گیجٹس کی وجہ سے وقت تیزی سے گزرنے کا احساس کیوں,KI,23576,URDU,urdu_headline_body_rrf,44,6165,0.011904761904761904,50
post_phase12_module2_M2-B,M2-B,R007,جدید گیجٹس کی وجہ سے وقت تیزی سے گزرنے کا احساس کیوں,KI,23576,URDU,urdu_headline_body_rrf,45,20935,0.011904761904761904,50
post_phase12_module2_M2-B,M2-B,R007,جدید گیجٹس کی وجہ سے وقت تیزی سے گزرنے کا احساس کیوں,KI,23576,URDU,urdu_headline_body_rrf,46,15977,0.011764705882352941,50
post_phase12_module2_M2-B,M2-B,R007,جدید گیجٹس کی وجہ سے وقت تیزی سے گزرنے کا احساس کیوں,KI,23576,URDU,urdu_headline_body_rrf,47,44527,0.011627906976744186,50
post_phase12_module2_M2-B,M2-B,R007,جدید گیجٹس کی وجہ سے وقت تیزی سے گزرنے کا احساس کیوں,KI,23576,URDU,urdu_headline_body_rrf,48,100963,0.011627906976744186,50
post_phase12_module2_M2-B,M2-B,R007,جدید گیجٹس کی وجہ سے وقت تیزی سے گزرنے کا احساس کیوں,KI,23576,URDU,urdu_headline_body_rrf,49,7622,0.011494252873563218,50
post_phase12_module2_M2-B,M2-B,R007,جدید گیجٹس کی وجہ سے وقت تیزی سے گزرنے کا احساس کیوں,KI,23576,URDU,urdu_headline_body_rrf,50,106415,0.011494252873563218,50
post_phase12_module2_M2-B,M2-B,R008,ایک عام گوگل تلاش سے ٹرمپ خاندان کی مالی تاریخ سامنے کیسے آئی,KI,21267,URDU,urdu_headline_body_rrf,1,21267,0.03278688524590164,50
post_phase12_module2_M2-B,M2-B,R008,ایک عام گوگل تلاش سے ٹرمپ خاندان کی مالی تاریخ سامنے کیسے آئی,KI,21267,URDU,urdu_headline_body_rrf,2,23238,0.03200204813108039,50
post_phase12_module2_M2-B,M2-B,R008,ایک عام گوگل تلاش سے ٹرمپ خاندان کی مالی تاریخ سامنے کیسے آئی,KI,21267,URDU,urdu_headline_body_rrf,3,59848,0.028083267871170464,50
post_phase12_module2_M2-B,M2-B,R008,ایک عام گوگل تلاش سے ٹرمپ خاندان کی مالی تاریخ سامنے کیسے آئی,KI,21267,URDU,urdu_headline_body_rrf,4,20722,0.02475171886936593,50
post_phase12_module2_M2-B,M2-B,R008,ایک عام گوگل تلاش سے ٹرمپ خاندان کی مالی تاریخ سامنے کیسے آئی,KI,21267,URDU,urdu_headline_body_rrf,5,22634,0.02415181138585394,50
post_phase12_module2_M2-B,M2-B,R008,ایک عام گوگل تلاش سے ٹرمپ خاندان کی مالی تاریخ سامنے کیسے آئی,KI,21267,URDU,urdu_headline_body_rrf,6,20304,0.023537414965986395,50
post_phase12_module2_M2-B,M2-B,R008,ایک عام گوگل تلاش سے ٹرمپ خاندان کی مالی تاریخ سامنے کیسے آئی,KI,21267,URDU,urdu_headline_body_rrf,7,10660,0.022658227848101266,50
post_phase12_module2_M2-B,M2-B,R008,ایک عام گوگل تلاش سے ٹرمپ خاندان کی مالی تاریخ سامنے کیسے آئی,KI,21267,URDU,urdu_headline_body_rrf,8,22012,0.02143658810325477,50
post_phase12_module2_M2-B,M2-B,R008,ایک عام گوگل تلاش سے ٹرمپ خاندان کی مالی تاریخ سامنے کیسے آئی,KI,21267,URDU,urdu_headline_body_rrf,9,21149,0.020556609740670462,50
post_phase12_module2_M2-B,M2-B,R008,ایک عام گوگل تلاش سے ٹرمپ خاندان کی مالی تاریخ سامنے کیسے آئی,KI,21267,URDU,urdu_headline_body_rrf,10,20333,0.016129032258064516,50
post_phase12_module2_M2-B,M2-B,R008,ایک عام گوگل تلاش سے ٹرمپ خاندان کی مالی تاریخ سامنے کیسے آئی,KI,21267,URDU,urdu_headline_body_rrf,11,19233,0.015873015873015872,50
post_phase12_module2_M2-B,M2-B,R008,ایک عام گوگل تلاش سے ٹرمپ خاندان کی مالی تاریخ سامنے کیسے آئی,KI,21267,URDU,urdu_headline_body_rrf,12,22314,0.015625,50
post_phase12_module2_M2-B,M2-B,R008,ایک عام گوگل تلاش سے ٹرمپ خاندان کی مالی تاریخ سامنے کیسے آئی,KI,21267,URDU,urdu_headline_body_rrf,13,22428,0.015625,50
post_phase12_module2_M2-B,M2-B,R008,ایک عام گوگل تلاش سے ٹرمپ خاندان کی مالی تاریخ سامنے کیسے آئی,KI,21267,URDU,urdu_headline_body_rrf,14,9821,0.015384615384615385,50
post_phase12_module2_M2-B,M2-B,R008,ایک عام گوگل تلاش سے ٹرمپ خاندان کی مالی تاریخ سامنے کیسے آئی,KI,21267,URDU,urdu_headline_body_rrf,15,22281,0.015384615384615385,50
post_phase12_module2_M2-B,M2-B,R008,ایک عام گوگل تلاش سے ٹرمپ خاندان کی مالی تاریخ سامنے کیسے آئی,KI,21267,URDU,urdu_headline_body_rrf,16,22635,0.015151515151515152,50
post_phase12_module2_M2-B,M2-B,R008,ایک عام گوگل تلاش سے ٹرمپ خاندان کی مالی تاریخ سامنے کیسے آئی,KI,21267,URDU,urdu_headline_body_rrf,17,59920,0.015151515151515152,50
post_phase12_module2_M2-B,M2-B,R008,ایک عام گوگل تلاش سے ٹرمپ خاندان کی مالی تاریخ سامنے کیسے آئی,KI,21267,URDU,urdu_headline_body_rrf,18,20485,0.014925373134328358,50
post_phase12_module2_M2-B,M2-B,R008,ایک عام گوگل تلاش سے ٹرمپ خاندان کی مالی تاریخ سامنے کیسے آئی,KI,21267,URDU,urdu_headline_body_rrf,19,19419,0.014705882352941176,50
post_phase12_module2_M2-B,M2-B,R008,ایک عام گوگل تلاش سے ٹرمپ خاندان کی مالی تاریخ سامنے کیسے آئی,KI,21267,URDU,urdu_headline_body_rrf,20,21358,0.014705882352941176,50
post_phase12_module2_M2-B,M2-B,R008,ایک عام گوگل تلاش سے ٹرمپ خاندان کی مالی تاریخ سامنے کیسے آئی,KI,21267,URDU,urdu_headline_body_rrf,21,22434,0.014492753623188406,50
post_phase12_module2_M2-B,M2-B,R008,ایک عام گوگل تلاش سے ٹرمپ خاندان کی مالی تاریخ سامنے کیسے آئی,KI,21267,URDU,urdu_headline_body_rrf,22,60710,0.014492753623188406,50
post_phase12_module2_M2-B,M2-B,R008,ایک عام گوگل تلاش سے ٹرمپ خاندان کی مالی تاریخ سامنے کیسے آئی,KI,21267,URDU,urdu_headline_body_rrf,23,22303,0.014285714285714285,50
post_phase12_module2_M2-B,M2-B,R008,ایک عام گوگل تلاش سے ٹرمپ خاندان کی مالی تاریخ سامنے کیسے آئی,KI,21267,URDU,urdu_headline_body_rrf,24,23427,0.014285714285714285,50
post_phase12_module2_M2-B,M2-B,R008,ایک عام گوگل تلاش سے ٹرمپ خاندان کی مالی تاریخ سامنے کیسے آئی,KI,21267,URDU,urdu_headline_body_rrf,25,15167,0.014084507042253521,50
post_phase12_module2_M2-B,M2-B,R008,ایک عام گوگل تلاش سے ٹرمپ خاندان کی مالی تاریخ سامنے کیسے آئی,KI,21267,URDU,urdu_headline_body_rrf,26,24645,0.014084507042253521,50
post_phase12_module2_M2-B,M2-B,R008,ایک عام گوگل تلاش سے ٹرمپ خاندان کی مالی تاریخ سامنے کیسے آئی,KI,21267,URDU,urdu_headline_body_rrf,27,19950,0.013888888888888888,50
post_phase12_module2_M2-B,M2-B,R008,ایک عام گوگل تلاش سے ٹرمپ خاندان کی مالی تاریخ سامنے کیسے آئی,KI,21267,URDU,urdu_headline_body_rrf,28,68037,0.013888888888888888,50
post_phase12_module2_M2-B,M2-B,R008,ایک عام گوگل تلاش سے ٹرمپ خاندان کی مالی تاریخ سامنے کیسے آئی,KI,21267,URDU,urdu_headline_body_rrf,29,15093,0.0136986301369863,50
post_phase12_module2_M2-B,M2-B,R008,ایک عام گوگل تلاش سے ٹرمپ خاندان کی مالی تاریخ سامنے کیسے آئی,KI,21267,URDU,urdu_headline_body_rrf,30,23617,0.0136986301369863,50
post_phase12_module2_M2-B,M2-B,R008,ایک عام گوگل تلاش سے ٹرمپ خاندان کی مالی تاریخ سامنے کیسے آئی,KI,21267,URDU,urdu_headline_body_rrf,31,23126,0.013513513513513514,50
post_phase12_module2_M2-B,M2-B,R008,ایک عام گوگل تلاش سے ٹرمپ خاندان کی مالی تاریخ سامنے کیسے آئی,KI,21267,URDU,urdu_headline_body_rrf,32,20486,0.013333333333333334,50
post_phase12_module2_M2-B,M2-B,R008,ایک عام گوگل تلاش سے ٹرمپ خاندان کی مالی تاریخ سامنے کیسے آئی,KI,21267,URDU,urdu_headline_body_rrf,33,19182,0.013157894736842105,50
post_phase12_module2_M2-B,M2-B,R008,ایک عام گوگل تلاش سے ٹرمپ خاندان کی مالی تاریخ سامنے کیسے آئی,KI,21267,URDU,urdu_headline_body_rrf,34,22935,0.012987012987012988,50
post_phase12_module2_M2-B,M2-B,R008,ایک عام گوگل تلاش سے ٹرمپ خاندان کی مالی تاریخ سامنے کیسے آئی,KI,21267,URDU,urdu_headline_body_rrf,35,19808,0.01282051282051282,50
post_phase12_module2_M2-B,M2-B,R008,ایک عام گوگل تلاش سے ٹرمپ خاندان کی مالی تاریخ سامنے کیسے آئی,KI,21267,URDU,urdu_headline_body_rrf,36,23692,0.01282051282051282,50
post_phase12_module2_M2-B,M2-B,R008,ایک عام گوگل تلاش سے ٹرمپ خاندان کی مالی تاریخ سامنے کیسے آئی,KI,21267,URDU,urdu_headline_body_rrf,37,23837,0.012658227848101266,50
post_phase12_module2_M2-B,M2-B,R008,ایک عام گوگل تلاش سے ٹرمپ خاندان کی مالی تاریخ سامنے کیسے آئی,KI,21267,URDU,urdu_headline_body_rrf,38,3187,0.0125,50
post_phase12_module2_M2-B,M2-B,R008,ایک عام گوگل تلاش سے ٹرمپ خاندان کی مالی تاریخ سامنے کیسے آئی,KI,21267,URDU,urdu_headline_body_rrf,39,59702,0.0125,50
post_phase12_module2_M2-B,M2-B,R008,ایک عام گوگل تلاش سے ٹرمپ خاندان کی مالی تاریخ سامنے کیسے آئی,KI,21267,URDU,urdu_headline_body_rrf,40,23216,0.012345679012345678,50
post_phase12_module2_M2-B,M2-B,R008,ایک عام گوگل تلاش سے ٹرمپ خاندان کی مالی تاریخ سامنے کیسے آئی,KI,21267,URDU,urdu_headline_body_rrf,41,21556,0.012195121951219513,50
post_phase12_module2_M2-B,M2-B,R008,ایک عام گوگل تلاش سے ٹرمپ خاندان کی مالی تاریخ سامنے کیسے آئی,KI,21267,URDU,urdu_headline_body_rrf,42,23152,0.012195121951219513,50
post_phase12_module2_M2-B,M2-B,R008,ایک عام گوگل تلاش سے ٹرمپ خاندان کی مالی تاریخ سامنے کیسے آئی,KI,21267,URDU,urdu_headline_body_rrf,43,3256,0.012048192771084338,50
post_phase12_module2_M2-B,M2-B,R008,ایک عام گوگل تلاش سے ٹرمپ خاندان کی مالی تاریخ سامنے کیسے آئی,KI,21267,URDU,urdu_headline_body_rrf,44,9983,0.012048192771084338,50
post_phase12_module2_M2-B,M2-B,R008,ایک عام گوگل تلاش سے ٹرمپ خاندان کی مالی تاریخ سامنے کیسے آئی,KI,21267,URDU,urdu_headline_body_rrf,45,20277,0.011904761904761904,50
post_phase12_module2_M2-B,M2-B,R008,ایک عام گوگل تلاش سے ٹرمپ خاندان کی مالی تاریخ سامنے کیسے آئی,KI,21267,URDU,urdu_headline_body_rrf,46,21342,0.011904761904761904,50
post_phase12_module2_M2-B,M2-B,R008,ایک عام گوگل تلاش سے ٹرمپ خاندان کی مالی تاریخ سامنے کیسے آئی,KI,21267,URDU,urdu_headline_body_rrf,47,20293,0.011764705882352941,50
post_phase12_module2_M2-B,M2-B,R008,ایک عام گوگل تلاش سے ٹرمپ خاندان کی مالی تاریخ سامنے کیسے آئی,KI,21267,URDU,urdu_headline_body_rrf,48,20071,0.011627906976744186,50
post_phase12_module2_M2-B,M2-B,R008,ایک عام گوگل تلاش سے ٹرمپ خاندان کی مالی تاریخ سامنے کیسے آئی,KI,21267,URDU,urdu_headline_body_rrf,49,59906,0.011627906976744186,50
post_phase12_module2_M2-B,M2-B,R008,ایک عام گوگل تلاش سے ٹرمپ خاندان کی مالی تاریخ سامنے کیسے آئی,KI,21267,URDU,urdu_headline_body_rrf,50,4235,0.011494252873563218,50
post_phase12_module2_M2-B,M2-B,R009,سیالکوٹ ایئرپورٹ پر بین الاقوامی فلائٹس کا اعتماد کیوں بڑھ رہا ہے,KI,38938,URDU,urdu_headline_body_rrf,1,99643,0.02792120864410021,50
post_phase12_module2_M2-B,M2-B,R009,سیالکوٹ ایئرپورٹ پر بین الاقوامی فلائٹس کا اعتماد کیوں بڑھ رہا ہے,KI,38938,URDU,urdu_headline_body_rrf,2,38938,0.027346637102734665,50
post_phase12_module2_M2-B,M2-B,R009,سیالکوٹ ایئرپورٹ پر بین الاقوامی فلائٹس کا اعتماد کیوں بڑھ رہا ہے,KI,38938,URDU,urdu_headline_body_rrf,3,63567,0.025503573749187783,50
post_phase12_module2_M2-B,M2-B,R009,سیالکوٹ ایئرپورٹ پر بین الاقوامی فلائٹس کا اعتماد کیوں بڑھ رہا ہے,KI,38938,URDU,urdu_headline_body_rrf,4,2250,0.01639344262295082,50
post_phase12_module2_M2-B,M2-B,R009,سیالکوٹ ایئرپورٹ پر بین الاقوامی فلائٹس کا اعتماد کیوں بڑھ رہا ہے,KI,38938,URDU,urdu_headline_body_rrf,5,41164,0.01639344262295082,50
post_phase12_module2_M2-B,M2-B,R009,سیالکوٹ ایئرپورٹ پر بین الاقوامی فلائٹس کا اعتماد کیوں بڑھ رہا ہے,KI,38938,URDU,urdu_headline_body_rrf,6,981,0.016129032258064516,50
post_phase12_module2_M2-B,M2-B,R009,سیالکوٹ ایئرپورٹ پر بین الاقوامی فلائٹس کا اعتماد کیوں بڑھ رہا ہے,KI,38938,URDU,urdu_headline_body_rrf,7,74486,0.016129032258064516,50
post_phase12_module2_M2-B,M2-B,R009,سیالکوٹ ایئرپورٹ پر بین الاقوامی فلائٹس کا اعتماد کیوں بڑھ رہا ہے,KI,38938,URDU,urdu_headline_body_rrf,8,27302,0.015873015873015872,50
post_phase12_module2_M2-B,M2-B,R009,سیالکوٹ ایئرپورٹ پر بین الاقوامی فلائٹس کا اعتماد کیوں بڑھ رہا ہے,KI,38938,URDU,urdu_headline_body_rrf,9,41210,0.015625,50
post_phase12_module2_M2-B,M2-B,R009,سیالکوٹ ایئرپورٹ پر بین الاقوامی فلائٹس کا اعتماد کیوں بڑھ رہا ہے,KI,38938,URDU,urdu_headline_body_rrf,10,61433,0.015625,50
post_phase12_module2_M2-B,M2-B,R009,سیالکوٹ ایئرپورٹ پر بین الاقوامی فلائٹس کا اعتماد کیوں بڑھ رہا ہے,KI,38938,URDU,urdu_headline_body_rrf,11,44809,0.015384615384615385,50
post_phase12_module2_M2-B,M2-B,R009,سیالکوٹ ایئرپورٹ پر بین الاقوامی فلائٹس کا اعتماد کیوں بڑھ رہا ہے,KI,38938,URDU,urdu_headline_body_rrf,12,74466,0.015384615384615385,50
post_phase12_module2_M2-B,M2-B,R009,سیالکوٹ ایئرپورٹ پر بین الاقوامی فلائٹس کا اعتماد کیوں بڑھ رہا ہے,KI,38938,URDU,urdu_headline_body_rrf,13,39537,0.015151515151515152,50
post_phase12_module2_M2-B,M2-B,R009,سیالکوٹ ایئرپورٹ پر بین الاقوامی فلائٹس کا اعتماد کیوں بڑھ رہا ہے,KI,38938,URDU,urdu_headline_body_rrf,14,61372,0.014925373134328358,50
post_phase12_module2_M2-B,M2-B,R009,سیالکوٹ ایئرپورٹ پر بین الاقوامی فلائٹس کا اعتماد کیوں بڑھ رہا ہے,KI,38938,URDU,urdu_headline_body_rrf,15,76168,0.014925373134328358,50
post_phase12_module2_M2-B,M2-B,R009,سیالکوٹ ایئرپورٹ پر بین الاقوامی فلائٹس کا اعتماد کیوں بڑھ رہا ہے,KI,38938,URDU,urdu_headline_body_rrf,16,27252,0.014705882352941176,50
post_phase12_module2_M2-B,M2-B,R009,سیالکوٹ ایئرپورٹ پر بین الاقوامی فلائٹس کا اعتماد کیوں بڑھ رہا ہے,KI,38938,URDU,urdu_headline_body_rrf,17,60213,0.014705882352941176,50
post_phase12_module2_M2-B,M2-B,R009,سیالکوٹ ایئرپورٹ پر بین الاقوامی فلائٹس کا اعتماد کیوں بڑھ رہا ہے,KI,38938,URDU,urdu_headline_body_rrf,18,22376,0.014492753623188406,50
post_phase12_module2_M2-B,M2-B,R009,سیالکوٹ ایئرپورٹ پر بین الاقوامی فلائٹس کا اعتماد کیوں بڑھ رہا ہے,KI,38938,URDU,urdu_headline_body_rrf,19,32665,0.014492753623188406,50
post_phase12_module2_M2-B,M2-B,R009,سیالکوٹ ایئرپورٹ پر بین الاقوامی فلائٹس کا اعتماد کیوں بڑھ رہا ہے,KI,38938,URDU,urdu_headline_body_rrf,20,29178,0.014285714285714285,50
post_phase12_module2_M2-B,M2-B,R009,سیالکوٹ ایئرپورٹ پر بین الاقوامی فلائٹس کا اعتماد کیوں بڑھ رہا ہے,KI,38938,URDU,urdu_headline_body_rrf,21,40243,0.014285714285714285,50
post_phase12_module2_M2-B,M2-B,R009,سیالکوٹ ایئرپورٹ پر بین الاقوامی فلائٹس کا اعتماد کیوں بڑھ رہا ہے,KI,38938,URDU,urdu_headline_body_rrf,22,19094,0.014084507042253521,50
post_phase12_module2_M2-B,M2-B,R009,سیالکوٹ ایئرپورٹ پر بین الاقوامی فلائٹس کا اعتماد کیوں بڑھ رہا ہے,KI,38938,URDU,urdu_headline_body_rrf,23,48219,0.014084507042253521,50
post_phase12_module2_M2-B,M2-B,R009,سیالکوٹ ایئرپورٹ پر بین الاقوامی فلائٹس کا اعتماد کیوں بڑھ رہا ہے,KI,38938,URDU,urdu_headline_body_rrf,24,29270,0.013888888888888888,50
post_phase12_module2_M2-B,M2-B,R009,سیالکوٹ ایئرپورٹ پر بین الاقوامی فلائٹس کا اعتماد کیوں بڑھ رہا ہے,KI,38938,URDU,urdu_headline_body_rrf,25,63547,0.013888888888888888,50
post_phase12_module2_M2-B,M2-B,R009,سیالکوٹ ایئرپورٹ پر بین الاقوامی فلائٹس کا اعتماد کیوں بڑھ رہا ہے,KI,38938,URDU,urdu_headline_body_rrf,26,31834,0.0136986301369863,50
post_phase12_module2_M2-B,M2-B,R009,سیالکوٹ ایئرپورٹ پر بین الاقوامی فلائٹس کا اعتماد کیوں بڑھ رہا ہے,KI,38938,URDU,urdu_headline_body_rrf,27,61887,0.0136986301369863,50
post_phase12_module2_M2-B,M2-B,R009,سیالکوٹ ایئرپورٹ پر بین الاقوامی فلائٹس کا اعتماد کیوں بڑھ رہا ہے,KI,38938,URDU,urdu_headline_body_rrf,28,64581,0.013513513513513514,50
post_phase12_module2_M2-B,M2-B,R009,سیالکوٹ ایئرپورٹ پر بین الاقوامی فلائٹس کا اعتماد کیوں بڑھ رہا ہے,KI,38938,URDU,urdu_headline_body_rrf,29,84273,0.013513513513513514,50
post_phase12_module2_M2-B,M2-B,R009,سیالکوٹ ایئرپورٹ پر بین الاقوامی فلائٹس کا اعتماد کیوں بڑھ رہا ہے,KI,38938,URDU,urdu_headline_body_rrf,30,35637,0.013333333333333334,50
post_phase12_module2_M2-B,M2-B,R009,سیالکوٹ ایئرپورٹ پر بین الاقوامی فلائٹس کا اعتماد کیوں بڑھ رہا ہے,KI,38938,URDU,urdu_headline_body_rrf,31,85580,0.013333333333333334,50
post_phase12_module2_M2-B,M2-B,R009,سیالکوٹ ایئرپورٹ پر بین الاقوامی فلائٹس کا اعتماد کیوں بڑھ رہا ہے,KI,38938,URDU,urdu_headline_body_rrf,32,646,0.013157894736842105,50
post_phase12_module2_M2-B,M2-B,R009,سیالکوٹ ایئرپورٹ پر بین الاقوامی فلائٹس کا اعتماد کیوں بڑھ رہا ہے,KI,38938,URDU,urdu_headline_body_rrf,33,62591,0.012987012987012988,50
post_phase12_module2_M2-B,M2-B,R009,سیالکوٹ ایئرپورٹ پر بین الاقوامی فلائٹس کا اعتماد کیوں بڑھ رہا ہے,KI,38938,URDU,urdu_headline_body_rrf,34,100410,0.012987012987012988,50
post_phase12_module2_M2-B,M2-B,R009,سیالکوٹ ایئرپورٹ پر بین الاقوامی فلائٹس کا اعتماد کیوں بڑھ رہا ہے,KI,38938,URDU,urdu_headline_body_rrf,35,30773,0.01282051282051282,50
post_phase12_module2_M2-B,M2-B,R009,سیالکوٹ ایئرپورٹ پر بین الاقوامی فلائٹس کا اعتماد کیوں بڑھ رہا ہے,KI,38938,URDU,urdu_headline_body_rrf,36,73820,0.01282051282051282,50
post_phase12_module2_M2-B,M2-B,R009,سیالکوٹ ایئرپورٹ پر بین الاقوامی فلائٹس کا اعتماد کیوں بڑھ رہا ہے,KI,38938,URDU,urdu_headline_body_rrf,37,64213,0.012658227848101266,50
post_phase12_module2_M2-B,M2-B,R009,سیالکوٹ ایئرپورٹ پر بین الاقوامی فلائٹس کا اعتماد کیوں بڑھ رہا ہے,KI,38938,URDU,urdu_headline_body_rrf,38,79509,0.012658227848101266,50
post_phase12_module2_M2-B,M2-B,R009,سیالکوٹ ایئرپورٹ پر بین الاقوامی فلائٹس کا اعتماد کیوں بڑھ رہا ہے,KI,38938,URDU,urdu_headline_body_rrf,39,63065,0.0125,50
post_phase12_module2_M2-B,M2-B,R009,سیالکوٹ ایئرپورٹ پر بین الاقوامی فلائٹس کا اعتماد کیوں بڑھ رہا ہے,KI,38938,URDU,urdu_headline_body_rrf,40,93328,0.0125,50
post_phase12_module2_M2-B,M2-B,R009,سیالکوٹ ایئرپورٹ پر بین الاقوامی فلائٹس کا اعتماد کیوں بڑھ رہا ہے,KI,38938,URDU,urdu_headline_body_rrf,41,109381,0.012345679012345678,50
post_phase12_module2_M2-B,M2-B,R009,سیالکوٹ ایئرپورٹ پر بین الاقوامی فلائٹس کا اعتماد کیوں بڑھ رہا ہے,KI,38938,URDU,urdu_headline_body_rrf,42,83670,0.012195121951219513,50
post_phase12_module2_M2-B,M2-B,R009,سیالکوٹ ایئرپورٹ پر بین الاقوامی فلائٹس کا اعتماد کیوں بڑھ رہا ہے,KI,38938,URDU,urdu_headline_body_rrf,43,31448,0.012048192771084338,50
post_phase12_module2_M2-B,M2-B,R009,سیالکوٹ ایئرپورٹ پر بین الاقوامی فلائٹس کا اعتماد کیوں بڑھ رہا ہے,KI,38938,URDU,urdu_headline_body_rrf,44,65972,0.011904761904761904,50
post_phase12_module2_M2-B,M2-B,R009,سیالکوٹ ایئرپورٹ پر بین الاقوامی فلائٹس کا اعتماد کیوں بڑھ رہا ہے,KI,38938,URDU,urdu_headline_body_rrf,45,75460,0.011904761904761904,50
post_phase12_module2_M2-B,M2-B,R009,سیالکوٹ ایئرپورٹ پر بین الاقوامی فلائٹس کا اعتماد کیوں بڑھ رہا ہے,KI,38938,URDU,urdu_headline_body_rrf,46,10172,0.011764705882352941,50
post_phase12_module2_M2-B,M2-B,R009,سیالکوٹ ایئرپورٹ پر بین الاقوامی فلائٹس کا اعتماد کیوں بڑھ رہا ہے,KI,38938,URDU,urdu_headline_body_rrf,47,65133,0.011764705882352941,50
post_phase12_module2_M2-B,M2-B,R009,سیالکوٹ ایئرپورٹ پر بین الاقوامی فلائٹس کا اعتماد کیوں بڑھ رہا ہے,KI,38938,URDU,urdu_headline_body_rrf,48,268,0.011627906976744186,50
post_phase12_module2_M2-B,M2-B,R009,سیالکوٹ ایئرپورٹ پر بین الاقوامی فلائٹس کا اعتماد کیوں بڑھ رہا ہے,KI,38938,URDU,urdu_headline_body_rrf,49,78192,0.011627906976744186,50
post_phase12_module2_M2-B,M2-B,R009,سیالکوٹ ایئرپورٹ پر بین الاقوامی فلائٹس کا اعتماد کیوں بڑھ رہا ہے,KI,38938,URDU,urdu_headline_body_rrf,50,37559,0.011494252873563218,50
post_phase12_module2_M2-B,M2-B,R010,پنجاب کے سی این جی اسٹیشن مالکان ایل این جی درآمد کے لیے کیا کر رہے ہیں,KI,75297,URDU,urdu_headline_body_rrf,1,75297,0.032018442622950824,50
post_phase12_module2_M2-B,M2-B,R010,پنجاب کے سی این جی اسٹیشن مالکان ایل این جی درآمد کے لیے کیا کر رہے ہیں,KI,75297,URDU,urdu_headline_body_rrf,2,62766,0.030090497737556562,50
post_phase12_module2_M2-B,M2-B,R010,پنجاب کے سی این جی اسٹیشن مالکان ایل این جی درآمد کے لیے کیا کر رہے ہیں,KI,75297,URDU,urdu_headline_body_rrf,3,62850,0.029957522915269395,50
post_phase12_module2_M2-B,M2-B,R010,پنجاب کے سی این جی اسٹیشن مالکان ایل این جی درآمد کے لیے کیا کر رہے ہیں,KI,75297,URDU,urdu_headline_body_rrf,4,62349,0.029709507042253523,50
post_phase12_module2_M2-B,M2-B,R010,پنجاب کے سی این جی اسٹیشن مالکان ایل این جی درآمد کے لیے کیا کر رہے ہیں,KI,75297,URDU,urdu_headline_body_rrf,5,77769,0.02699859747545582,50
post_phase12_module2_M2-B,M2-B,R010,پنجاب کے سی این جی اسٹیشن مالکان ایل این جی درآمد کے لیے کیا کر رہے ہیں,KI,75297,URDU,urdu_headline_body_rrf,6,72481,0.024877149877149878,50
post_phase12_module2_M2-B,M2-B,R010,پنجاب کے سی این جی اسٹیشن مالکان ایل این جی درآمد کے لیے کیا کر رہے ہیں,KI,75297,URDU,urdu_headline_body_rrf,7,72662,0.024099883855981417,50
post_phase12_module2_M2-B,M2-B,R010,پنجاب کے سی این جی اسٹیشن مالکان ایل این جی درآمد کے لیے کیا کر رہے ہیں,KI,75297,URDU,urdu_headline_body_rrf,8,77637,0.02318454363757495,50
post_phase12_module2_M2-B,M2-B,R010,پنجاب کے سی این جی اسٹیشن مالکان ایل این جی درآمد کے لیے کیا کر رہے ہیں,KI,75297,URDU,urdu_headline_body_rrf,9,70317,0.021073646850044363,50
post_phase12_module2_M2-B,M2-B,R010,پنجاب کے سی این جی اسٹیشن مالکان ایل این جی درآمد کے لیے کیا کر رہے ہیں,KI,75297,URDU,urdu_headline_body_rrf,10,61899,0.021072374227714033,50
post_phase12_module2_M2-B,M2-B,R010,پنجاب کے سی این جی اسٹیشن مالکان ایل این جی درآمد کے لیے کیا کر رہے ہیں,KI,75297,URDU,urdu_headline_body_rrf,11,77756,0.019897557131599686,50
post_phase12_module2_M2-B,M2-B,R010,پنجاب کے سی این جی اسٹیشن مالکان ایل این جی درآمد کے لیے کیا کر رہے ہیں,KI,75297,URDU,urdu_headline_body_rrf,12,62951,0.01639344262295082,50
post_phase12_module2_M2-B,M2-B,R010,پنجاب کے سی این جی اسٹیشن مالکان ایل این جی درآمد کے لیے کیا کر رہے ہیں,KI,75297,URDU,urdu_headline_body_rrf,13,62811,0.016129032258064516,50
post_phase12_module2_M2-B,M2-B,R010,پنجاب کے سی این جی اسٹیشن مالکان ایل این جی درآمد کے لیے کیا کر رہے ہیں,KI,75297,URDU,urdu_headline_body_rrf,14,2169,0.015873015873015872,50
post_phase12_module2_M2-B,M2-B,R010,پنجاب کے سی این جی اسٹیشن مالکان ایل این جی درآمد کے لیے کیا کر رہے ہیں,KI,75297,URDU,urdu_headline_body_rrf,15,74673,0.015384615384615385,50
post_phase12_module2_M2-B,M2-B,R010,پنجاب کے سی این جی اسٹیشن مالکان ایل این جی درآمد کے لیے کیا کر رہے ہیں,KI,75297,URDU,urdu_headline_body_rrf,16,77548,0.015151515151515152,50
post_phase12_module2_M2-B,M2-B,R010,پنجاب کے سی این جی اسٹیشن مالکان ایل این جی درآمد کے لیے کیا کر رہے ہیں,KI,75297,URDU,urdu_headline_body_rrf,17,77729,0.015151515151515152,50
post_phase12_module2_M2-B,M2-B,R010,پنجاب کے سی این جی اسٹیشن مالکان ایل این جی درآمد کے لیے کیا کر رہے ہیں,KI,75297,URDU,urdu_headline_body_rrf,18,74675,0.014925373134328358,50
post_phase12_module2_M2-B,M2-B,R010,پنجاب کے سی این جی اسٹیشن مالکان ایل این جی درآمد کے لیے کیا کر رہے ہیں,KI,75297,URDU,urdu_headline_body_rrf,19,77821,0.014925373134328358,50
post_phase12_module2_M2-B,M2-B,R010,پنجاب کے سی این جی اسٹیشن مالکان ایل این جی درآمد کے لیے کیا کر رہے ہیں,KI,75297,URDU,urdu_headline_body_rrf,20,65253,0.014705882352941176,50
post_phase12_module2_M2-B,M2-B,R010,پنجاب کے سی این جی اسٹیشن مالکان ایل این جی درآمد کے لیے کیا کر رہے ہیں,KI,75297,URDU,urdu_headline_body_rrf,21,72245,0.014492753623188406,50
post_phase12_module2_M2-B,M2-B,R010,پنجاب کے سی این جی اسٹیشن مالکان ایل این جی درآمد کے لیے کیا کر رہے ہیں,KI,75297,URDU,urdu_headline_body_rrf,22,79059,0.014492753623188406,50
post_phase12_module2_M2-B,M2-B,R010,پنجاب کے سی این جی اسٹیشن مالکان ایل این جی درآمد کے لیے کیا کر رہے ہیں,KI,75297,URDU,urdu_headline_body_rrf,23,73032,0.014285714285714285,50
post_phase12_module2_M2-B,M2-B,R010,پنجاب کے سی این جی اسٹیشن مالکان ایل این جی درآمد کے لیے کیا کر رہے ہیں,KI,75297,URDU,urdu_headline_body_rrf,24,75787,0.014285714285714285,50
post_phase12_module2_M2-B,M2-B,R010,پنجاب کے سی این جی اسٹیشن مالکان ایل این جی درآمد کے لیے کیا کر رہے ہیں,KI,75297,URDU,urdu_headline_body_rrf,25,74674,0.013888888888888888,50
post_phase12_module2_M2-B,M2-B,R010,پنجاب کے سی این جی اسٹیشن مالکان ایل این جی درآمد کے لیے کیا کر رہے ہیں,KI,75297,URDU,urdu_headline_body_rrf,26,77573,0.013888888888888888,50
post_phase12_module2_M2-B,M2-B,R010,پنجاب کے سی این جی اسٹیشن مالکان ایل این جی درآمد کے لیے کیا کر رہے ہیں,KI,75297,URDU,urdu_headline_body_rrf,27,74602,0.0136986301369863,50
post_phase12_module2_M2-B,M2-B,R010,پنجاب کے سی این جی اسٹیشن مالکان ایل این جی درآمد کے لیے کیا کر رہے ہیں,KI,75297,URDU,urdu_headline_body_rrf,28,77795,0.0136986301369863,50
post_phase12_module2_M2-B,M2-B,R010,پنجاب کے سی این جی اسٹیشن مالکان ایل این جی درآمد کے لیے کیا کر رہے ہیں,KI,75297,URDU,urdu_headline_body_rrf,29,77545,0.013513513513513514,50
post_phase12_module2_M2-B,M2-B,R010,پنجاب کے سی این جی اسٹیشن مالکان ایل این جی درآمد کے لیے کیا کر رہے ہیں,KI,75297,URDU,urdu_headline_body_rrf,30,3169,0.013333333333333334,50
post_phase12_module2_M2-B,M2-B,R010,پنجاب کے سی این جی اسٹیشن مالکان ایل این جی درآمد کے لیے کیا کر رہے ہیں,KI,75297,URDU,urdu_headline_body_rrf,31,77209,0.013333333333333334,50
post_phase12_module2_M2-B,M2-B,R010,پنجاب کے سی این جی اسٹیشن مالکان ایل این جی درآمد کے لیے کیا کر رہے ہیں,KI,75297,URDU,urdu_headline_body_rrf,32,72566,0.013157894736842105,50
post_phase12_module2_M2-B,M2-B,R010,پنجاب کے سی این جی اسٹیشن مالکان ایل این جی درآمد کے لیے کیا کر رہے ہیں,KI,75297,URDU,urdu_headline_body_rrf,33,74678,0.013157894736842105,50
post_phase12_module2_M2-B,M2-B,R010,پنجاب کے سی این جی اسٹیشن مالکان ایل این جی درآمد کے لیے کیا کر رہے ہیں,KI,75297,URDU,urdu_headline_body_rrf,34,65121,0.012987012987012988,50
post_phase12_module2_M2-B,M2-B,R010,پنجاب کے سی این جی اسٹیشن مالکان ایل این جی درآمد کے لیے کیا کر رہے ہیں,KI,75297,URDU,urdu_headline_body_rrf,35,78537,0.012987012987012988,50
post_phase12_module2_M2-B,M2-B,R010,پنجاب کے سی این جی اسٹیشن مالکان ایل این جی درآمد کے لیے کیا کر رہے ہیں,KI,75297,URDU,urdu_headline_body_rrf,36,2201,0.01282051282051282,50
post_phase12_module2_M2-B,M2-B,R010,پنجاب کے سی این جی اسٹیشن مالکان ایل این جی درآمد کے لیے کیا کر رہے ہیں,KI,75297,URDU,urdu_headline_body_rrf,37,63391,0.01282051282051282,50
post_phase12_module2_M2-B,M2-B,R010,پنجاب کے سی این جی اسٹیشن مالکان ایل این جی درآمد کے لیے کیا کر رہے ہیں,KI,75297,URDU,urdu_headline_body_rrf,38,62748,0.012658227848101266,50
post_phase12_module2_M2-B,M2-B,R010,پنجاب کے سی این جی اسٹیشن مالکان ایل این جی درآمد کے لیے کیا کر رہے ہیں,KI,75297,URDU,urdu_headline_body_rrf,39,2230,0.0125,50
post_phase12_module2_M2-B,M2-B,R010,پنجاب کے سی این جی اسٹیشن مالکان ایل این جی درآمد کے لیے کیا کر رہے ہیں,KI,75297,URDU,urdu_headline_body_rrf,40,61755,0.0125,50
post_phase12_module2_M2-B,M2-B,R010,پنجاب کے سی این جی اسٹیشن مالکان ایل این جی درآمد کے لیے کیا کر رہے ہیں,KI,75297,URDU,urdu_headline_body_rrf,41,61669,0.012345679012345678,50
post_phase12_module2_M2-B,M2-B,R010,پنجاب کے سی این جی اسٹیشن مالکان ایل این جی درآمد کے لیے کیا کر رہے ہیں,KI,75297,URDU,urdu_headline_body_rrf,42,75562,0.012345679012345678,50
post_phase12_module2_M2-B,M2-B,R010,پنجاب کے سی این جی اسٹیشن مالکان ایل این جی درآمد کے لیے کیا کر رہے ہیں,KI,75297,URDU,urdu_headline_body_rrf,43,74670,0.012195121951219513,50
post_phase12_module2_M2-B,M2-B,R010,پنجاب کے سی این جی اسٹیشن مالکان ایل این جی درآمد کے لیے کیا کر رہے ہیں,KI,75297,URDU,urdu_headline_body_rrf,44,76913,0.012048192771084338,50
post_phase12_module2_M2-B,M2-B,R010,پنجاب کے سی این جی اسٹیشن مالکان ایل این جی درآمد کے لیے کیا کر رہے ہیں,KI,75297,URDU,urdu_headline_body_rrf,45,79241,0.012048192771084338,50
post_phase12_module2_M2-B,M2-B,R010,پنجاب کے سی این جی اسٹیشن مالکان ایل این جی درآمد کے لیے کیا کر رہے ہیں,KI,75297,URDU,urdu_headline_body_rrf,46,77208,0.011904761904761904,50
post_phase12_module2_M2-B,M2-B,R010,پنجاب کے سی این جی اسٹیشن مالکان ایل این جی درآمد کے لیے کیا کر رہے ہیں,KI,75297,URDU,urdu_headline_body_rrf,47,77507,0.011764705882352941,50
post_phase12_module2_M2-B,M2-B,R010,پنجاب کے سی این جی اسٹیشن مالکان ایل این جی درآمد کے لیے کیا کر رہے ہیں,KI,75297,URDU,urdu_headline_body_rrf,48,77881,0.011764705882352941,50
post_phase12_module2_M2-B,M2-B,R010,پنجاب کے سی این جی اسٹیشن مالکان ایل این جی درآمد کے لیے کیا کر رہے ہیں,KI,75297,URDU,urdu_headline_body_rrf,49,65101,0.011627906976744186,50
post_phase12_module2_M2-B,M2-B,R010,پنجاب کے سی این جی اسٹیشن مالکان ایل این جی درآمد کے لیے کیا کر رہے ہیں,KI,75297,URDU,urdu_headline_body_rrf,50,75899,0.011627906976744186,50
post_phase12_module2_M2-B,M2-B,R011,رجنی کانت والی فلم نے ریلیز سے پہلے کتna کاروبار کیا,KI,11649,MIXED,urdu_headline_body_rrf,1,10895,0.03252247488101534,50
post_phase12_module2_M2-B,M2-B,R011,رجنی کانت والی فلم نے ریلیز سے پہلے کتna کاروبار کیا,KI,11649,MIXED,urdu_headline_body_rrf,2,102065,0.03200204813108039,50
post_phase12_module2_M2-B,M2-B,R011,رجنی کانت والی فلم نے ریلیز سے پہلے کتna کاروبار کیا,KI,11649,MIXED,urdu_headline_body_rrf,3,12797,0.030679156908665108,50
post_phase12_module2_M2-B,M2-B,R011,رجنی کانت والی فلم نے ریلیز سے پہلے کتna کاروبار کیا,KI,11649,MIXED,urdu_headline_body_rrf,4,105198,0.029418126757516764,50
post_phase12_module2_M2-B,M2-B,R011,رجنی کانت والی فلم نے ریلیز سے پہلے کتna کاروبار کیا,KI,11649,MIXED,urdu_headline_body_rrf,5,7779,0.029236022193768675,50
post_phase12_module2_M2-B,M2-B,R011,رجنی کانت والی فلم نے ریلیز سے پہلے کتna کاروبار کیا,KI,11649,MIXED,urdu_headline_body_rrf,6,7233,0.02919863597612958,50
post_phase12_module2_M2-B,M2-B,R011,رجنی کانت والی فلم نے ریلیز سے پہلے کتna کاروبار کیا,KI,11649,MIXED,urdu_headline_body_rrf,7,104962,0.028782894736842105,50
post_phase12_module2_M2-B,M2-B,R011,رجنی کانت والی فلم نے ریلیز سے پہلے کتna کاروبار کیا,KI,11649,MIXED,urdu_headline_body_rrf,8,9545,0.026830135039090264,50
post_phase12_module2_M2-B,M2-B,R011,رجنی کانت والی فلم نے ریلیز سے پہلے کتna کاروبار کیا,KI,11649,MIXED,urdu_headline_body_rrf,9,100884,0.026754075124025514,50
post_phase12_module2_M2-B,M2-B,R011,رجنی کانت والی فلم نے ریلیز سے پہلے کتna کاروبار کیا,KI,11649,MIXED,urdu_headline_body_rrf,10,102068,0.026625704045058884,50
post_phase12_module2_M2-B,M2-B,R011,رجنی کانت والی فلم نے ریلیز سے پہلے کتna کاروبار کیا,KI,11649,MIXED,urdu_headline_body_rrf,11,7831,0.0260840108401084,50
post_phase12_module2_M2-B,M2-B,R011,رجنی کانت والی فلم نے ریلیز سے پہلے کتna کاروبار کیا,KI,11649,MIXED,urdu_headline_body_rrf,12,99511,0.025708635464733027,50
post_phase12_module2_M2-B,M2-B,R011,رجنی کانت والی فلم نے ریلیز سے پہلے کتna کاروبار کیا,KI,11649,MIXED,urdu_headline_body_rrf,13,12769,0.02565359477124183,50
post_phase12_module2_M2-B,M2-B,R011,رجنی کانت والی فلم نے ریلیز سے پہلے کتna کاروبار کیا,KI,11649,MIXED,urdu_headline_body_rrf,14,7750,0.02535559678416821,50
post_phase12_module2_M2-B,M2-B,R011,رجنی کانت والی فلم نے ریلیز سے پہلے کتna کاروبار کیا,KI,11649,MIXED,urdu_headline_body_rrf,15,99963,0.025188536953242836,50
post_phase12_module2_M2-B,M2-B,R011,رجنی کانت والی فلم نے ریلیز سے پہلے کتna کاروبار کیا,KI,11649,MIXED,urdu_headline_body_rrf,16,106780,0.025062266500622665,50
post_phase12_module2_M2-B,M2-B,R011,رجنی کانت والی فلم نے ریلیز سے پہلے کتna کاروبار کیا,KI,11649,MIXED,urdu_headline_body_rrf,17,98774,0.024961240310077522,50
post_phase12_module2_M2-B,M2-B,R011,رجنی کانت والی فلم نے ریلیز سے پہلے کتna کاروبار کیا,KI,11649,MIXED,urdu_headline_body_rrf,18,100344,0.02456928838951311,50
post_phase12_module2_M2-B,M2-B,R011,رجنی کانت والی فلم نے ریلیز سے پہلے کتna کاروبار کیا,KI,11649,MIXED,urdu_headline_body_rrf,19,99351,0.024386724386724387,50
post_phase12_module2_M2-B,M2-B,R011,رجنی کانت والی فلم نے ریلیز سے پہلے کتna کاروبار کیا,KI,11649,MIXED,urdu_headline_body_rrf,20,66998,0.024269005847953218,50
post_phase12_module2_M2-B,M2-B,R011,رجنی کانت والی فلم نے ریلیز سے پہلے کتna کاروبار کیا,KI,11649,MIXED,urdu_headline_body_rrf,21,9890,0.023676099747828524,50
post_phase12_module2_M2-B,M2-B,R011,رجنی کانت والی فلم نے ریلیز سے پہلے کتna کاروبار کیا,KI,11649,MIXED,urdu_headline_body_rrf,22,69617,0.02348901098901099,50
post_phase12_module2_M2-B,M2-B,R011,رجنی کانت والی فلم نے ریلیز سے پہلے کتna کاروبار کیا,KI,11649,MIXED,urdu_headline_body_rrf,23,10099,0.022893772893772896,50
post_phase12_module2_M2-B,M2-B,R011,رجنی کانت والی فلم نے ریلیز سے پہلے کتna کاروبار کیا,KI,11649,MIXED,urdu_headline_body_rrf,24,108232,0.02218203737191079,50
post_phase12_module2_M2-B,M2-B,R011,رجنی کانت والی فلم نے ریلیز سے پہلے کتna کاروبار کیا,KI,11649,MIXED,urdu_headline_body_rrf,25,8800,0.02207792207792208,50
post_phase12_module2_M2-B,M2-B,R011,رجنی کانت والی فلم نے ریلیز سے پہلے کتna کاروبار کیا,KI,11649,MIXED,urdu_headline_body_rrf,26,11649,0.020835594139989148,50
post_phase12_module2_M2-B,M2-B,R011,رجنی کانت والی فلم نے ریلیز سے پہلے کتna کاروبار کیا,KI,11649,MIXED,urdu_headline_body_rrf,27,108824,0.020456905503634475,50
post_phase12_module2_M2-B,M2-B,R011,رجنی کانت والی فلم نے ریلیز سے پہلے کتna کاروبار کیا,KI,11649,MIXED,urdu_headline_body_rrf,28,68599,0.02004387714399681,50
post_phase12_module2_M2-B,M2-B,R011,رجنی کانت والی فلم نے ریلیز سے پہلے کتna کاروبار کیا,KI,11649,MIXED,urdu_headline_body_rrf,29,7744,0.015625,50
post_phase12_module2_M2-B,M2-B,R011,رجنی کانت والی فلم نے ریلیز سے پہلے کتna کاروبار کیا,KI,11649,MIXED,urdu_headline_body_rrf,30,99560,0.015384615384615385,50
post_phase12_module2_M2-B,M2-B,R011,رجنی کانت والی فلم نے ریلیز سے پہلے کتna کاروبار کیا,KI,11649,MIXED,urdu_headline_body_rrf,31,98798,0.014084507042253521,50
post_phase12_module2_M2-B,M2-B,R011,رجنی کانت والی فلم نے ریلیز سے پہلے کتna کاروبار کیا,KI,11649,MIXED,urdu_headline_body_rrf,32,105690,0.0136986301369863,50
post_phase12_module2_M2-B,M2-B,R011,رجنی کانت والی فلم نے ریلیز سے پہلے کتna کاروبار کیا,KI,11649,MIXED,urdu_headline_body_rrf,33,12772,0.013513513513513514,50
post_phase12_module2_M2-B,M2-B,R011,رجنی کانت والی فلم نے ریلیز سے پہلے کتna کاروبار کیا,KI,11649,MIXED,urdu_headline_body_rrf,34,10287,0.012987012987012988,50
post_phase12_module2_M2-B,M2-B,R011,رجنی کانت والی فلم نے ریلیز سے پہلے کتna کاروبار کیا,KI,11649,MIXED,urdu_headline_body_rrf,35,99696,0.01282051282051282,50
post_phase12_module2_M2-B,M2-B,R011,رجنی کانت والی فلم نے ریلیز سے پہلے کتna کاروبار کیا,KI,11649,MIXED,urdu_headline_body_rrf,36,105543,0.01282051282051282,50
post_phase12_module2_M2-B,M2-B,R011,رجنی کانت والی فلم نے ریلیز سے پہلے کتna کاروبار کیا,KI,11649,MIXED,urdu_headline_body_rrf,37,7700,0.012658227848101266,50
post_phase12_module2_M2-B,M2-B,R011,رجنی کانت والی فلم نے ریلیز سے پہلے کتna کاروبار کیا,KI,11649,MIXED,urdu_headline_body_rrf,38,7775,0.0125,50
post_phase12_module2_M2-B,M2-B,R011,رجنی کانت والی فلم نے ریلیز سے پہلے کتna کاروبار کیا,KI,11649,MIXED,urdu_headline_body_rrf,39,7726,0.012345679012345678,50
post_phase12_module2_M2-B,M2-B,R011,رجنی کانت والی فلم نے ریلیز سے پہلے کتna کاروبار کیا,KI,11649,MIXED,urdu_headline_body_rrf,40,108871,0.012345679012345678,50
post_phase12_module2_M2-B,M2-B,R011,رجنی کانت والی فلم نے ریلیز سے پہلے کتna کاروبار کیا,KI,11649,MIXED,urdu_headline_body_rrf,41,100378,0.011764705882352941,50
post_phase12_module2_M2-B,M2-B,R011,رجنی کانت والی فلم نے ریلیز سے پہلے کتna کاروبار کیا,KI,11649,MIXED,urdu_headline_body_rrf,42,98782,0.011494252873563218,50
post_phase12_module2_M2-B,M2-B,R011,رجنی کانت والی فلم نے ریلیز سے پہلے کتna کاروبار کیا,KI,11649,MIXED,urdu_headline_body_rrf,43,102824,0.011494252873563218,50
post_phase12_module2_M2-B,M2-B,R011,رجنی کانت والی فلم نے ریلیز سے پہلے کتna کاروبار کیا,KI,11649,MIXED,urdu_headline_body_rrf,44,8306,0.011363636363636364,50
post_phase12_module2_M2-B,M2-B,R011,رجنی کانت والی فلم نے ریلیز سے پہلے کتna کاروبار کیا,KI,11649,MIXED,urdu_headline_body_rrf,45,106933,0.011235955056179775,50
post_phase12_module2_M2-B,M2-B,R011,رجنی کانت والی فلم نے ریلیز سے پہلے کتna کاروبار کیا,KI,11649,MIXED,urdu_headline_body_rrf,46,106303,0.010869565217391304,50
post_phase12_module2_M2-B,M2-B,R011,رجنی کانت والی فلم نے ریلیز سے پہلے کتna کاروبار کیا,KI,11649,MIXED,urdu_headline_body_rrf,47,7641,0.010752688172043012,50
post_phase12_module2_M2-B,M2-B,R011,رجنی کانت والی فلم نے ریلیز سے پہلے کتna کاروبار کیا,KI,11649,MIXED,urdu_headline_body_rrf,48,67272,0.010638297872340425,50
post_phase12_module2_M2-B,M2-B,R011,رجنی کانت والی فلم نے ریلیز سے پہلے کتna کاروبار کیا,KI,11649,MIXED,urdu_headline_body_rrf,49,106267,0.010638297872340425,50
post_phase12_module2_M2-B,M2-B,R011,رجنی کانت والی فلم نے ریلیز سے پہلے کتna کاروبار کیا,KI,11649,MIXED,urdu_headline_body_rrf,50,49564,0.010526315789473684,50
post_phase12_module2_M2-B,M2-B,R012,عید پر مٹھائی کی جگہ لوگ ab کya تحفہ dena pasand karte hain,KI,40307,MIXED,urdu_headline_body_rrf,1,40307,0.03278688524590164,50
post_phase12_module2_M2-B,M2-B,R012,عید پر مٹھائی کی جگہ لوگ ab کya تحفہ dena pasand karte hain,KI,40307,MIXED,urdu_headline_body_rrf,2,18109,0.028474711270410194,50
post_phase12_module2_M2-B,M2-B,R012,عید پر مٹھائی کی جگہ لوگ ab کya تحفہ dena pasand karte hain,KI,40307,MIXED,urdu_headline_body_rrf,3,85673,0.028309409888357256,50
post_phase12_module2_M2-B,M2-B,R012,عید پر مٹھائی کی جگہ لوگ ab کya تحفہ dena pasand karte hain,KI,40307,MIXED,urdu_headline_body_rrf,4,49117,0.027651515151515153,50
post_phase12_module2_M2-B,M2-B,R012,عید پر مٹھائی کی جگہ لوگ ab کya تحفہ dena pasand karte hain,KI,40307,MIXED,urdu_headline_body_rrf,5,103943,0.027149321266968326,50
post_phase12_module2_M2-B,M2-B,R012,عید پر مٹھائی کی جگہ لوگ ab کya تحفہ dena pasand karte hain,KI,40307,MIXED,urdu_headline_body_rrf,6,78199,0.025816993464052286,50
post_phase12_module2_M2-B,M2-B,R012,عید پر مٹھائی کی جگہ لوگ ab کya تحفہ dena pasand karte hain,KI,40307,MIXED,urdu_headline_body_rrf,7,4773,0.024393785392768985,50
post_phase12_module2_M2-B,M2-B,R012,عید پر مٹھائی کی جگہ لوگ ab کya تحفہ dena pasand karte hain,KI,40307,MIXED,urdu_headline_body_rrf,8,57390,0.016129032258064516,50
post_phase12_module2_M2-B,M2-B,R012,عید پر مٹھائی کی جگہ لوگ ab کya تحفہ dena pasand karte hain,KI,40307,MIXED,urdu_headline_body_rrf,9,8925,0.015873015873015872,50
post_phase12_module2_M2-B,M2-B,R012,عید پر مٹھائی کی جگہ لوگ ab کya تحفہ dena pasand karte hain,KI,40307,MIXED,urdu_headline_body_rrf,10,93697,0.015873015873015872,50
post_phase12_module2_M2-B,M2-B,R012,عید پر مٹھائی کی جگہ لوگ ab کya تحفہ dena pasand karte hain,KI,40307,MIXED,urdu_headline_body_rrf,11,6629,0.015625,50
post_phase12_module2_M2-B,M2-B,R012,عید پر مٹھائی کی جگہ لوگ ab کya تحفہ dena pasand karte hain,KI,40307,MIXED,urdu_headline_body_rrf,12,70263,0.015625,50
post_phase12_module2_M2-B,M2-B,R012,عید پر مٹھائی کی جگہ لوگ ab کya تحفہ dena pasand karte hain,KI,40307,MIXED,urdu_headline_body_rrf,13,82726,0.015384615384615385,50
post_phase12_module2_M2-B,M2-B,R012,عید پر مٹھائی کی جگہ لوگ ab کya تحفہ dena pasand karte hain,KI,40307,MIXED,urdu_headline_body_rrf,14,8927,0.014925373134328358,50
post_phase12_module2_M2-B,M2-B,R012,عید پر مٹھائی کی جگہ لوگ ab کya تحفہ dena pasand karte hain,KI,40307,MIXED,urdu_headline_body_rrf,15,98507,0.014925373134328358,50
post_phase12_module2_M2-B,M2-B,R012,عید پر مٹھائی کی جگہ لوگ ab کya تحفہ dena pasand karte hain,KI,40307,MIXED,urdu_headline_body_rrf,16,82719,0.014705882352941176,50
post_phase12_module2_M2-B,M2-B,R012,عید پر مٹھائی کی جگہ لوگ ab کya تحفہ dena pasand karte hain,KI,40307,MIXED,urdu_headline_body_rrf,17,67617,0.014492753623188406,50
post_phase12_module2_M2-B,M2-B,R012,عید پر مٹھائی کی جگہ لوگ ab کya تحفہ dena pasand karte hain,KI,40307,MIXED,urdu_headline_body_rrf,18,90952,0.014492753623188406,50
post_phase12_module2_M2-B,M2-B,R012,عید پر مٹھائی کی جگہ لوگ ab کya تحفہ dena pasand karte hain,KI,40307,MIXED,urdu_headline_body_rrf,19,90449,0.014285714285714285,50
post_phase12_module2_M2-B,M2-B,R012,عید پر مٹھائی کی جگہ لوگ ab کya تحفہ dena pasand karte hain,KI,40307,MIXED,urdu_headline_body_rrf,20,99001,0.014285714285714285,50
post_phase12_module2_M2-B,M2-B,R012,عید پر مٹھائی کی جگہ لوگ ab کya تحفہ dena pasand karte hain,KI,40307,MIXED,urdu_headline_body_rrf,21,68998,0.014084507042253521,50
post_phase12_module2_M2-B,M2-B,R012,عید پر مٹھائی کی جگہ لوگ ab کya تحفہ dena pasand karte hain,KI,40307,MIXED,urdu_headline_body_rrf,22,77920,0.013888888888888888,50
post_phase12_module2_M2-B,M2-B,R012,عید پر مٹھائی کی جگہ لوگ ab کya تحفہ dena pasand karte hain,KI,40307,MIXED,urdu_headline_body_rrf,23,92168,0.013888888888888888,50
post_phase12_module2_M2-B,M2-B,R012,عید پر مٹھائی کی جگہ لوگ ab کya تحفہ dena pasand karte hain,KI,40307,MIXED,urdu_headline_body_rrf,24,82737,0.0136986301369863,50
post_phase12_module2_M2-B,M2-B,R012,عید پر مٹھائی کی جگہ لوگ ab کya تحفہ dena pasand karte hain,KI,40307,MIXED,urdu_headline_body_rrf,25,92180,0.0136986301369863,50
post_phase12_module2_M2-B,M2-B,R012,عید پر مٹھائی کی جگہ لوگ ab کya تحفہ dena pasand karte hain,KI,40307,MIXED,urdu_headline_body_rrf,26,39198,0.013513513513513514,50
post_phase12_module2_M2-B,M2-B,R012,عید پر مٹھائی کی جگہ لوگ ab کya تحفہ dena pasand karte hain,KI,40307,MIXED,urdu_headline_body_rrf,27,48912,0.013513513513513514,50
post_phase12_module2_M2-B,M2-B,R012,عید پر مٹھائی کی جگہ لوگ ab کya تحفہ dena pasand karte hain,KI,40307,MIXED,urdu_headline_body_rrf,28,29644,0.013333333333333334,50
post_phase12_module2_M2-B,M2-B,R012,عید پر مٹھائی کی جگہ لوگ ab کya تحفہ dena pasand karte hain,KI,40307,MIXED,urdu_headline_body_rrf,29,104925,0.013333333333333334,50
post_phase12_module2_M2-B,M2-B,R012,عید پر مٹھائی کی جگہ لوگ ab کya تحفہ dena pasand karte hain,KI,40307,MIXED,urdu_headline_body_rrf,30,44835,0.013157894736842105,50
post_phase12_module2_M2-B,M2-B,R012,عید پر مٹھائی کی جگہ لوگ ab کya تحفہ dena pasand karte hain,KI,40307,MIXED,urdu_headline_body_rrf,31,40317,0.012987012987012988,50
post_phase12_module2_M2-B,M2-B,R012,عید پر مٹھائی کی جگہ لوگ ab کya تحفہ dena pasand karte hain,KI,40307,MIXED,urdu_headline_body_rrf,32,58810,0.012987012987012988,50
post_phase12_module2_M2-B,M2-B,R012,عید پر مٹھائی کی جگہ لوگ ab کya تحفہ dena pasand karte hain,KI,40307,MIXED,urdu_headline_body_rrf,33,8957,0.01282051282051282,50
post_phase12_module2_M2-B,M2-B,R012,عید پر مٹھائی کی جگہ لوگ ab کya تحفہ dena pasand karte hain,KI,40307,MIXED,urdu_headline_body_rrf,34,39631,0.01282051282051282,50
post_phase12_module2_M2-B,M2-B,R012,عید پر مٹھائی کی جگہ لوگ ab کya تحفہ dena pasand karte hain,KI,40307,MIXED,urdu_headline_body_rrf,35,92185,0.012658227848101266,50
post_phase12_module2_M2-B,M2-B,R012,عید پر مٹھائی کی جگہ لوگ ab کya تحفہ dena pasand karte hain,KI,40307,MIXED,urdu_headline_body_rrf,36,97647,0.012658227848101266,50
post_phase12_module2_M2-B,M2-B,R012,عید پر مٹھائی کی جگہ لوگ ab کya تحفہ dena pasand karte hain,KI,40307,MIXED,urdu_headline_body_rrf,37,16875,0.0125,50
post_phase12_module2_M2-B,M2-B,R012,عید پر مٹھائی کی جگہ لوگ ab کya تحفہ dena pasand karte hain,KI,40307,MIXED,urdu_headline_body_rrf,38,23169,0.012345679012345678,50
post_phase12_module2_M2-B,M2-B,R012,عید پر مٹھائی کی جگہ لوگ ab کya تحفہ dena pasand karte hain,KI,40307,MIXED,urdu_headline_body_rrf,39,17552,0.012195121951219513,50
post_phase12_module2_M2-B,M2-B,R012,عید پر مٹھائی کی جگہ لوگ ab کya تحفہ dena pasand karte hain,KI,40307,MIXED,urdu_headline_body_rrf,40,73393,0.012195121951219513,50
post_phase12_module2_M2-B,M2-B,R012,عید پر مٹھائی کی جگہ لوگ ab کya تحفہ dena pasand karte hain,KI,40307,MIXED,urdu_headline_body_rrf,41,2050,0.012048192771084338,50
post_phase12_module2_M2-B,M2-B,R012,عید پر مٹھائی کی جگہ لوگ ab کya تحفہ dena pasand karte hain,KI,40307,MIXED,urdu_headline_body_rrf,42,104471,0.012048192771084338,50
post_phase12_module2_M2-B,M2-B,R012,عید پر مٹھائی کی جگہ لوگ ab کya تحفہ dena pasand karte hain,KI,40307,MIXED,urdu_headline_body_rrf,43,13614,0.011904761904761904,50
post_phase12_module2_M2-B,M2-B,R012,عید پر مٹھائی کی جگہ لوگ ab کya تحفہ dena pasand karte hain,KI,40307,MIXED,urdu_headline_body_rrf,44,85716,0.011904761904761904,50
post_phase12_module2_M2-B,M2-B,R012,عید پر مٹھائی کی جگہ لوگ ab کya تحفہ dena pasand karte hain,KI,40307,MIXED,urdu_headline_body_rrf,45,13574,0.011764705882352941,50
post_phase12_module2_M2-B,M2-B,R012,عید پر مٹھائی کی جگہ لوگ ab کya تحفہ dena pasand karte hain,KI,40307,MIXED,urdu_headline_body_rrf,46,17177,0.011627906976744186,50
post_phase12_module2_M2-B,M2-B,R012,عید پر مٹھائی کی جگہ لوگ ab کya تحفہ dena pasand karte hain,KI,40307,MIXED,urdu_headline_body_rrf,47,99191,0.011627906976744186,50
post_phase12_module2_M2-B,M2-B,R012,عید پر مٹھائی کی جگہ لوگ ab کya تحفہ dena pasand karte hain,KI,40307,MIXED,urdu_headline_body_rrf,48,15087,0.011494252873563218,50
post_phase12_module2_M2-B,M2-B,R012,عید پر مٹھائی کی جگہ لوگ ab کya تحفہ dena pasand karte hain,KI,40307,MIXED,urdu_headline_body_rrf,49,58701,0.011494252873563218,50
post_phase12_module2_M2-B,M2-B,R012,عید پر مٹھائی کی جگہ لوگ ab کya تحفہ dena pasand karte hain,KI,40307,MIXED,urdu_headline_body_rrf,50,17798,0.011363636363636364,50
post_phase12_module2_M2-B,M2-B,R013,ہاکی ورلڈ کپ کا فائنل کن دو ٹیموں کے درمیان ہے,KI,54100,URDU,urdu_headline_body_rrf,1,54103,0.031024531024531024,50
post_phase12_module2_M2-B,M2-B,R013,ہاکی ورلڈ کپ کا فائنل کن دو ٹیموں کے درمیان ہے,KI,54100,URDU,urdu_headline_body_rrf,2,54101,0.028949545078577336,50
post_phase12_module2_M2-B,M2-B,R013,ہاکی ورلڈ کپ کا فائنل کن دو ٹیموں کے درمیان ہے,KI,54100,URDU,urdu_headline_body_rrf,3,58329,0.02871794871794872,50
post_phase12_module2_M2-B,M2-B,R013,ہاکی ورلڈ کپ کا فائنل کن دو ٹیموں کے درمیان ہے,KI,54100,URDU,urdu_headline_body_rrf,4,54133,0.027252906976744186,50
post_phase12_module2_M2-B,M2-B,R013,ہاکی ورلڈ کپ کا فائنل کن دو ٹیموں کے درمیان ہے,KI,54100,URDU,urdu_headline_body_rrf,5,54151,0.02402745995423341,50
post_phase12_module2_M2-B,M2-B,R013,ہاکی ورلڈ کپ کا فائنل کن دو ٹیموں کے درمیان ہے,KI,54100,URDU,urdu_headline_body_rrf,6,54143,0.023608316566063048,50
post_phase12_module2_M2-B,M2-B,R013,ہاکی ورلڈ کپ کا فائنل کن دو ٹیموں کے درمیان ہے,KI,54100,URDU,urdu_headline_body_rrf,7,83400,0.0196078431372549,50
post_phase12_module2_M2-B,M2-B,R013,ہاکی ورلڈ کپ کا فائنل کن دو ٹیموں کے درمیان ہے,KI,54100,URDU,urdu_headline_body_rrf,8,34972,0.01639344262295082,50
post_phase12_module2_M2-B,M2-B,R013,ہاکی ورلڈ کپ کا فائنل کن دو ٹیموں کے درمیان ہے,KI,54100,URDU,urdu_headline_body_rrf,9,54100,0.01639344262295082,50
post_phase12_module2_M2-B,M2-B,R013,ہاکی ورلڈ کپ کا فائنل کن دو ٹیموں کے درمیان ہے,KI,54100,URDU,urdu_headline_body_rrf,10,35648,0.016129032258064516,50
post_phase12_module2_M2-B,M2-B,R013,ہاکی ورلڈ کپ کا فائنل کن دو ٹیموں کے درمیان ہے,KI,54100,URDU,urdu_headline_body_rrf,11,92979,0.015873015873015872,50
post_phase12_module2_M2-B,M2-B,R013,ہاکی ورلڈ کپ کا فائنل کن دو ٹیموں کے درمیان ہے,KI,54100,URDU,urdu_headline_body_rrf,12,85648,0.015625,50
post_phase12_module2_M2-B,M2-B,R013,ہاکی ورلڈ کپ کا فائنل کن دو ٹیموں کے درمیان ہے,KI,54100,URDU,urdu_headline_body_rrf,13,85656,0.015384615384615385,50
post_phase12_module2_M2-B,M2-B,R013,ہاکی ورلڈ کپ کا فائنل کن دو ٹیموں کے درمیان ہے,KI,54100,URDU,urdu_headline_body_rrf,14,54164,0.015151515151515152,50
post_phase12_module2_M2-B,M2-B,R013,ہاکی ورلڈ کپ کا فائنل کن دو ٹیموں کے درمیان ہے,KI,54100,URDU,urdu_headline_body_rrf,15,43148,0.014925373134328358,50
post_phase12_module2_M2-B,M2-B,R013,ہاکی ورلڈ کپ کا فائنل کن دو ٹیموں کے درمیان ہے,KI,54100,URDU,urdu_headline_body_rrf,16,94516,0.014925373134328358,50
post_phase12_module2_M2-B,M2-B,R013,ہاکی ورلڈ کپ کا فائنل کن دو ٹیموں کے درمیان ہے,KI,54100,URDU,urdu_headline_body_rrf,17,56120,0.014705882352941176,50
post_phase12_module2_M2-B,M2-B,R013,ہاکی ورلڈ کپ کا فائنل کن دو ٹیموں کے درمیان ہے,KI,54100,URDU,urdu_headline_body_rrf,18,96555,0.014705882352941176,50
post_phase12_module2_M2-B,M2-B,R013,ہاکی ورلڈ کپ کا فائنل کن دو ٹیموں کے درمیان ہے,KI,54100,URDU,urdu_headline_body_rrf,19,52388,0.014492753623188406,50
post_phase12_module2_M2-B,M2-B,R013,ہاکی ورلڈ کپ کا فائنل کن دو ٹیموں کے درمیان ہے,KI,54100,URDU,urdu_headline_body_rrf,20,54117,0.014492753623188406,50
post_phase12_module2_M2-B,M2-B,R013,ہاکی ورلڈ کپ کا فائنل کن دو ٹیموں کے درمیان ہے,KI,54100,URDU,urdu_headline_body_rrf,21,57643,0.014285714285714285,50
post_phase12_module2_M2-B,M2-B,R013,ہاکی ورلڈ کپ کا فائنل کن دو ٹیموں کے درمیان ہے,KI,54100,URDU,urdu_headline_body_rrf,22,83473,0.014285714285714285,50
post_phase12_module2_M2-B,M2-B,R013,ہاکی ورلڈ کپ کا فائنل کن دو ٹیموں کے درمیان ہے,KI,54100,URDU,urdu_headline_body_rrf,23,47417,0.014084507042253521,50
post_phase12_module2_M2-B,M2-B,R013,ہاکی ورلڈ کپ کا فائنل کن دو ٹیموں کے درمیان ہے,KI,54100,URDU,urdu_headline_body_rrf,24,54112,0.013888888888888888,50
post_phase12_module2_M2-B,M2-B,R013,ہاکی ورلڈ کپ کا فائنل کن دو ٹیموں کے درمیان ہے,KI,54100,URDU,urdu_headline_body_rrf,25,58332,0.013888888888888888,50
post_phase12_module2_M2-B,M2-B,R013,ہاکی ورلڈ کپ کا فائنل کن دو ٹیموں کے درمیان ہے,KI,54100,URDU,urdu_headline_body_rrf,26,54198,0.0136986301369863,50
post_phase12_module2_M2-B,M2-B,R013,ہاکی ورلڈ کپ کا فائنل کن دو ٹیموں کے درمیان ہے,KI,54100,URDU,urdu_headline_body_rrf,27,54319,0.0136986301369863,50
post_phase12_module2_M2-B,M2-B,R013,ہاکی ورلڈ کپ کا فائنل کن دو ٹیموں کے درمیان ہے,KI,54100,URDU,urdu_headline_body_rrf,28,42211,0.013513513513513514,50
post_phase12_module2_M2-B,M2-B,R013,ہاکی ورلڈ کپ کا فائنل کن دو ٹیموں کے درمیان ہے,KI,54100,URDU,urdu_headline_body_rrf,29,85669,0.013513513513513514,50
post_phase12_module2_M2-B,M2-B,R013,ہاکی ورلڈ کپ کا فائنل کن دو ٹیموں کے درمیان ہے,KI,54100,URDU,urdu_headline_body_rrf,30,54177,0.013333333333333334,50
post_phase12_module2_M2-B,M2-B,R013,ہاکی ورلڈ کپ کا فائنل کن دو ٹیموں کے درمیان ہے,KI,54100,URDU,urdu_headline_body_rrf,31,54219,0.013157894736842105,50
post_phase12_module2_M2-B,M2-B,R013,ہاکی ورلڈ کپ کا فائنل کن دو ٹیموں کے درمیان ہے,KI,54100,URDU,urdu_headline_body_rrf,32,27093,0.012987012987012988,50
post_phase12_module2_M2-B,M2-B,R013,ہاکی ورلڈ کپ کا فائنل کن دو ٹیموں کے درمیان ہے,KI,54100,URDU,urdu_headline_body_rrf,33,29211,0.012987012987012988,50
post_phase12_module2_M2-B,M2-B,R013,ہاکی ورلڈ کپ کا فائنل کن دو ٹیموں کے درمیان ہے,KI,54100,URDU,urdu_headline_body_rrf,34,55032,0.01282051282051282,50
post_phase12_module2_M2-B,M2-B,R013,ہاکی ورلڈ کپ کا فائنل کن دو ٹیموں کے درمیان ہے,KI,54100,URDU,urdu_headline_body_rrf,35,38210,0.012658227848101266,50
post_phase12_module2_M2-B,M2-B,R013,ہاکی ورلڈ کپ کا فائنل کن دو ٹیموں کے درمیان ہے,KI,54100,URDU,urdu_headline_body_rrf,36,54123,0.012658227848101266,50
post_phase12_module2_M2-B,M2-B,R013,ہاکی ورلڈ کپ کا فائنل کن دو ٹیموں کے درمیان ہے,KI,54100,URDU,urdu_headline_body_rrf,37,36403,0.0125,50
post_phase12_module2_M2-B,M2-B,R013,ہاکی ورلڈ کپ کا فائنل کن دو ٹیموں کے درمیان ہے,KI,54100,URDU,urdu_headline_body_rrf,38,93564,0.0125,50
post_phase12_module2_M2-B,M2-B,R013,ہاکی ورلڈ کپ کا فائنل کن دو ٹیموں کے درمیان ہے,KI,54100,URDU,urdu_headline_body_rrf,39,30852,0.012345679012345678,50
post_phase12_module2_M2-B,M2-B,R013,ہاکی ورلڈ کپ کا فائنل کن دو ٹیموں کے درمیان ہے,KI,54100,URDU,urdu_headline_body_rrf,40,34584,0.012345679012345678,50
post_phase12_module2_M2-B,M2-B,R013,ہاکی ورلڈ کپ کا فائنل کن دو ٹیموں کے درمیان ہے,KI,54100,URDU,urdu_headline_body_rrf,41,34432,0.012195121951219513,50
post_phase12_module2_M2-B,M2-B,R013,ہاکی ورلڈ کپ کا فائنل کن دو ٹیموں کے درمیان ہے,KI,54100,URDU,urdu_headline_body_rrf,42,43169,0.012195121951219513,50
post_phase12_module2_M2-B,M2-B,R013,ہاکی ورلڈ کپ کا فائنل کن دو ٹیموں کے درمیان ہے,KI,54100,URDU,urdu_headline_body_rrf,43,31206,0.012048192771084338,50
post_phase12_module2_M2-B,M2-B,R013,ہاکی ورلڈ کپ کا فائنل کن دو ٹیموں کے درمیان ہے,KI,54100,URDU,urdu_headline_body_rrf,44,58404,0.012048192771084338,50
post_phase12_module2_M2-B,M2-B,R013,ہاکی ورلڈ کپ کا فائنل کن دو ٹیموں کے درمیان ہے,KI,54100,URDU,urdu_headline_body_rrf,45,26112,0.011904761904761904,50
post_phase12_module2_M2-B,M2-B,R013,ہاکی ورلڈ کپ کا فائنل کن دو ٹیموں کے درمیان ہے,KI,54100,URDU,urdu_headline_body_rrf,46,54178,0.011904761904761904,50
post_phase12_module2_M2-B,M2-B,R013,ہاکی ورلڈ کپ کا فائنل کن دو ٹیموں کے درمیان ہے,KI,54100,URDU,urdu_headline_body_rrf,47,35778,0.011764705882352941,50
post_phase12_module2_M2-B,M2-B,R013,ہاکی ورلڈ کپ کا فائنل کن دو ٹیموں کے درمیان ہے,KI,54100,URDU,urdu_headline_body_rrf,48,95644,0.011764705882352941,50
post_phase12_module2_M2-B,M2-B,R013,ہاکی ورلڈ کپ کا فائنل کن دو ٹیموں کے درمیان ہے,KI,54100,URDU,urdu_headline_body_rrf,49,59172,0.011627906976744186,50
post_phase12_module2_M2-B,M2-B,R013,ہاکی ورلڈ کپ کا فائنل کن دو ٹیموں کے درمیان ہے,KI,54100,URDU,urdu_headline_body_rrf,50,27077,0.011494252873563218,50
post_phase12_module2_M2-B,M2-B,R014,پی سی بی قائم مقام چیئرمین کے لیے کن ناموں پر غور ہے,KI,94363,URDU,urdu_headline_body_rrf,1,36636,0.03028233151183971,50
post_phase12_module2_M2-B,M2-B,R014,پی سی بی قائم مقام چیئرمین کے لیے کن ناموں پر غور ہے,KI,94363,URDU,urdu_headline_body_rrf,2,92147,0.03007688828584351,50
post_phase12_module2_M2-B,M2-B,R014,پی سی بی قائم مقام چیئرمین کے لیے کن ناموں پر غور ہے,KI,94363,URDU,urdu_headline_body_rrf,3,94336,0.02964426877470356,50
post_phase12_module2_M2-B,M2-B,R014,پی سی بی قائم مقام چیئرمین کے لیے کن ناموں پر غور ہے,KI,94363,URDU,urdu_headline_body_rrf,4,92156,0.028371628371628373,50
post_phase12_module2_M2-B,M2-B,R014,پی سی بی قائم مقام چیئرمین کے لیے کن ناموں پر غور ہے,KI,94363,URDU,urdu_headline_body_rrf,5,35963,0.026500526500526502,50
post_phase12_module2_M2-B,M2-B,R014,پی سی بی قائم مقام چیئرمین کے لیے کن ناموں پر غور ہے,KI,94363,URDU,urdu_headline_body_rrf,6,94265,0.025728708679368183,50
post_phase12_module2_M2-B,M2-B,R014,پی سی بی قائم مقام چیئرمین کے لیے کن ناموں پر غور ہے,KI,94363,URDU,urdu_headline_body_rrf,7,57828,0.02530334418467002,50
post_phase12_module2_M2-B,M2-B,R014,پی سی بی قائم مقام چیئرمین کے لیے کن ناموں پر غور ہے,KI,94363,URDU,urdu_headline_body_rrf,8,94363,0.024963924963924963,50
post_phase12_module2_M2-B,M2-B,R014,پی سی بی قائم مقام چیئرمین کے لیے کن ناموں پر غور ہے,KI,94363,URDU,urdu_headline_body_rrf,9,86488,0.02488425925925926,50
post_phase12_module2_M2-B,M2-B,R014,پی سی بی قائم مقام چیئرمین کے لیے کن ناموں پر غور ہے,KI,94363,URDU,urdu_headline_body_rrf,10,35400,0.02371967654986523,50
post_phase12_module2_M2-B,M2-B,R014,پی سی بی قائم مقام چیئرمین کے لیے کن ناموں پر غور ہے,KI,94363,URDU,urdu_headline_body_rrf,11,54714,0.023542445644647556,50
post_phase12_module2_M2-B,M2-B,R014,پی سی بی قائم مقام چیئرمین کے لیے کن ناموں پر غور ہے,KI,94363,URDU,urdu_headline_body_rrf,12,94258,0.01639344262295082,50
post_phase12_module2_M2-B,M2-B,R014,پی سی بی قائم مقام چیئرمین کے لیے کن ناموں پر غور ہے,KI,94363,URDU,urdu_headline_body_rrf,13,36591,0.016129032258064516,50
post_phase12_module2_M2-B,M2-B,R014,پی سی بی قائم مقام چیئرمین کے لیے کن ناموں پر غور ہے,KI,94363,URDU,urdu_headline_body_rrf,14,94398,0.015873015873015872,50
post_phase12_module2_M2-B,M2-B,R014,پی سی بی قائم مقام چیئرمین کے لیے کن ناموں پر غور ہے,KI,94363,URDU,urdu_headline_body_rrf,15,54785,0.015625,50
post_phase12_module2_M2-B,M2-B,R014,پی سی بی قائم مقام چیئرمین کے لیے کن ناموں پر غور ہے,KI,94363,URDU,urdu_headline_body_rrf,16,94317,0.015384615384615385,50
post_phase12_module2_M2-B,M2-B,R014,پی سی بی قائم مقام چیئرمین کے لیے کن ناموں پر غور ہے,KI,94363,URDU,urdu_headline_body_rrf,17,94280,0.014925373134328358,50
post_phase12_module2_M2-B,M2-B,R014,پی سی بی قائم مقام چیئرمین کے لیے کن ناموں پر غور ہے,KI,94363,URDU,urdu_headline_body_rrf,18,94207,0.014705882352941176,50
post_phase12_module2_M2-B,M2-B,R014,پی سی بی قائم مقام چیئرمین کے لیے کن ناموں پر غور ہے,KI,94363,URDU,urdu_headline_body_rrf,19,94339,0.014705882352941176,50
post_phase12_module2_M2-B,M2-B,R014,پی سی بی قائم مقام چیئرمین کے لیے کن ناموں پر غور ہے,KI,94363,URDU,urdu_headline_body_rrf,20,93589,0.014285714285714285,50
post_phase12_module2_M2-B,M2-B,R014,پی سی بی قائم مقام چیئرمین کے لیے کن ناموں پر غور ہے,KI,94363,URDU,urdu_headline_body_rrf,21,57122,0.014084507042253521,50
post_phase12_module2_M2-B,M2-B,R014,پی سی بی قائم مقام چیئرمین کے لیے کن ناموں پر غور ہے,KI,94363,URDU,urdu_headline_body_rrf,22,89806,0.014084507042253521,50
post_phase12_module2_M2-B,M2-B,R014,پی سی بی قائم مقام چیئرمین کے لیے کن ناموں پر غور ہے,KI,94363,URDU,urdu_headline_body_rrf,23,25258,0.013888888888888888,50
post_phase12_module2_M2-B,M2-B,R014,پی سی بی قائم مقام چیئرمین کے لیے کن ناموں پر غور ہے,KI,94363,URDU,urdu_headline_body_rrf,24,45080,0.0136986301369863,50
post_phase12_module2_M2-B,M2-B,R014,پی سی بی قائم مقام چیئرمین کے لیے کن ناموں پر غور ہے,KI,94363,URDU,urdu_headline_body_rrf,25,51791,0.0136986301369863,50
post_phase12_module2_M2-B,M2-B,R014,پی سی بی قائم مقام چیئرمین کے لیے کن ناموں پر غور ہے,KI,94363,URDU,urdu_headline_body_rrf,26,93233,0.013513513513513514,50
post_phase12_module2_M2-B,M2-B,R014,پی سی بی قائم مقام چیئرمین کے لیے کن ناموں پر غور ہے,KI,94363,URDU,urdu_headline_body_rrf,27,52847,0.013333333333333334,50
post_phase12_module2_M2-B,M2-B,R014,پی سی بی قائم مقام چیئرمین کے لیے کن ناموں پر غور ہے,KI,94363,URDU,urdu_headline_body_rrf,28,94225,0.013333333333333334,50
post_phase12_module2_M2-B,M2-B,R014,پی سی بی قائم مقام چیئرمین کے لیے کن ناموں پر غور ہے,KI,94363,URDU,urdu_headline_body_rrf,29,36551,0.013157894736842105,50
post_phase12_module2_M2-B,M2-B,R014,پی سی بی قائم مقام چیئرمین کے لیے کن ناموں پر غور ہے,KI,94363,URDU,urdu_headline_body_rrf,30,93711,0.013157894736842105,50
post_phase12_module2_M2-B,M2-B,R014,پی سی بی قائم مقام چیئرمین کے لیے کن ناموں پر غور ہے,KI,94363,URDU,urdu_headline_body_rrf,31,57754,0.01282051282051282,50
post_phase12_module2_M2-B,M2-B,R014,پی سی بی قائم مقام چیئرمین کے لیے کن ناموں پر غور ہے,KI,94363,URDU,urdu_headline_body_rrf,32,86229,0.01282051282051282,50
post_phase12_module2_M2-B,M2-B,R014,پی سی بی قائم مقام چیئرمین کے لیے کن ناموں پر غور ہے,KI,94363,URDU,urdu_headline_body_rrf,33,86396,0.012658227848101266,50
post_phase12_module2_M2-B,M2-B,R014,پی سی بی قائم مقام چیئرمین کے لیے کن ناموں پر غور ہے,KI,94363,URDU,urdu_headline_body_rrf,34,94314,0.012658227848101266,50
post_phase12_module2_M2-B,M2-B,R014,پی سی بی قائم مقام چیئرمین کے لیے کن ناموں پر غور ہے,KI,94363,URDU,urdu_headline_body_rrf,35,57715,0.0125,50
post_phase12_module2_M2-B,M2-B,R014,پی سی بی قائم مقام چیئرمین کے لیے کن ناموں پر غور ہے,KI,94363,URDU,urdu_headline_body_rrf,36,76131,0.0125,50
post_phase12_module2_M2-B,M2-B,R014,پی سی بی قائم مقام چیئرمین کے لیے کن ناموں پر غور ہے,KI,94363,URDU,urdu_headline_body_rrf,37,54686,0.012345679012345678,50
post_phase12_module2_M2-B,M2-B,R014,پی سی بی قائم مقام چیئرمین کے لیے کن ناموں پر غور ہے,KI,94363,URDU,urdu_headline_body_rrf,38,94326,0.012345679012345678,50
post_phase12_module2_M2-B,M2-B,R014,پی سی بی قائم مقام چیئرمین کے لیے کن ناموں پر غور ہے,KI,94363,URDU,urdu_headline_body_rrf,39,1337,0.012195121951219513,50
post_phase12_module2_M2-B,M2-B,R014,پی سی بی قائم مقام چیئرمین کے لیے کن ناموں پر غور ہے,KI,94363,URDU,urdu_headline_body_rrf,40,35475,0.012195121951219513,50
post_phase12_module2_M2-B,M2-B,R014,پی سی بی قائم مقام چیئرمین کے لیے کن ناموں پر غور ہے,KI,94363,URDU,urdu_headline_body_rrf,41,93062,0.012048192771084338,50
post_phase12_module2_M2-B,M2-B,R014,پی سی بی قائم مقام چیئرمین کے لیے کن ناموں پر غور ہے,KI,94363,URDU,urdu_headline_body_rrf,42,25919,0.011904761904761904,50
post_phase12_module2_M2-B,M2-B,R014,پی سی بی قائم مقام چیئرمین کے لیے کن ناموں پر غور ہے,KI,94363,URDU,urdu_headline_body_rrf,43,35512,0.011904761904761904,50
post_phase12_module2_M2-B,M2-B,R014,پی سی بی قائم مقام چیئرمین کے لیے کن ناموں پر غور ہے,KI,94363,URDU,urdu_headline_body_rrf,44,26888,0.011764705882352941,50
post_phase12_module2_M2-B,M2-B,R014,پی سی بی قائم مقام چیئرمین کے لیے کن ناموں پر غور ہے,KI,94363,URDU,urdu_headline_body_rrf,45,71263,0.011764705882352941,50
post_phase12_module2_M2-B,M2-B,R014,پی سی بی قائم مقام چیئرمین کے لیے کن ناموں پر غور ہے,KI,94363,URDU,urdu_headline_body_rrf,46,54408,0.011627906976744186,50
post_phase12_module2_M2-B,M2-B,R014,پی سی بی قائم مقام چیئرمین کے لیے کن ناموں پر غور ہے,KI,94363,URDU,urdu_headline_body_rrf,47,54791,0.011627906976744186,50
post_phase12_module2_M2-B,M2-B,R014,پی سی بی قائم مقام چیئرمین کے لیے کن ناموں پر غور ہے,KI,94363,URDU,urdu_headline_body_rrf,48,83896,0.011494252873563218,50
post_phase12_module2_M2-B,M2-B,R014,پی سی بی قائم مقام چیئرمین کے لیے کن ناموں پر غور ہے,KI,94363,URDU,urdu_headline_body_rrf,49,42010,0.011363636363636364,50
post_phase12_module2_M2-B,M2-B,R014,پی سی بی قائم مقام چیئرمین کے لیے کن ناموں پر غور ہے,KI,94363,URDU,urdu_headline_body_rrf,50,55292,0.011363636363636364,50
post_phase12_module2_M2-B,M2-B,R015,صوبوں نے وفاق کو ترقیاتی فنڈز کیوں واپس کیے,KI,915,URDU,urdu_headline_body_rrf,1,915,0.03278688524590164,50
post_phase12_module2_M2-B,M2-B,R015,صوبوں نے وفاق کو ترقیاتی فنڈز کیوں واپس کیے,KI,915,URDU,urdu_headline_body_rrf,2,71072,0.02946912242686891,50
post_phase12_module2_M2-B,M2-B,R015,صوبوں نے وفاق کو ترقیاتی فنڈز کیوں واپس کیے,KI,915,URDU,urdu_headline_body_rrf,3,70807,0.028850145288501453,50
post_phase12_module2_M2-B,M2-B,R015,صوبوں نے وفاق کو ترقیاتی فنڈز کیوں واپس کیے,KI,915,URDU,urdu_headline_body_rrf,4,110853,0.027637721755368813,50
post_phase12_module2_M2-B,M2-B,R015,صوبوں نے وفاق کو ترقیاتی فنڈز کیوں واپس کیے,KI,915,URDU,urdu_headline_body_rrf,5,79196,0.026190476190476188,50
post_phase12_module2_M2-B,M2-B,R015,صوبوں نے وفاق کو ترقیاتی فنڈز کیوں واپس کیے,KI,915,URDU,urdu_headline_body_rrf,6,61371,0.025693893735130847,50
post_phase12_module2_M2-B,M2-B,R015,صوبوں نے وفاق کو ترقیاتی فنڈز کیوں واپس کیے,KI,915,URDU,urdu_headline_body_rrf,7,1008,0.02507351803126451,50
post_phase12_module2_M2-B,M2-B,R015,صوبوں نے وفاق کو ترقیاتی فنڈز کیوں واپس کیے,KI,915,URDU,urdu_headline_body_rrf,8,109031,0.02505896226415094,50
post_phase12_module2_M2-B,M2-B,R015,صوبوں نے وفاق کو ترقیاتی فنڈز کیوں واپس کیے,KI,915,URDU,urdu_headline_body_rrf,9,40881,0.02388888888888889,50
post_phase12_module2_M2-B,M2-B,R015,صوبوں نے وفاق کو ترقیاتی فنڈز کیوں واپس کیے,KI,915,URDU,urdu_headline_body_rrf,10,111231,0.023222251377591183,50
post_phase12_module2_M2-B,M2-B,R015,صوبوں نے وفاق کو ترقیاتی فنڈز کیوں واپس کیے,KI,915,URDU,urdu_headline_body_rrf,11,111366,0.022857889237199582,50
post_phase12_module2_M2-B,M2-B,R015,صوبوں نے وفاق کو ترقیاتی فنڈز کیوں واپس کیے,KI,915,URDU,urdu_headline_body_rrf,12,63095,0.02233280737953635,50
post_phase12_module2_M2-B,M2-B,R015,صوبوں نے وفاق کو ترقیاتی فنڈز کیوں واپس کیے,KI,915,URDU,urdu_headline_body_rrf,13,110558,0.021380090497737557,50
post_phase12_module2_M2-B,M2-B,R015,صوبوں نے وفاق کو ترقیاتی فنڈز کیوں واپس کیے,KI,915,URDU,urdu_headline_body_rrf,14,110813,0.020128824476650563,50
post_phase12_module2_M2-B,M2-B,R015,صوبوں نے وفاق کو ترقیاتی فنڈز کیوں واپس کیے,KI,915,URDU,urdu_headline_body_rrf,15,768,0.016129032258064516,50
post_phase12_module2_M2-B,M2-B,R015,صوبوں نے وفاق کو ترقیاتی فنڈز کیوں واپس کیے,KI,915,URDU,urdu_headline_body_rrf,16,75735,0.016129032258064516,50
post_phase12_module2_M2-B,M2-B,R015,صوبوں نے وفاق کو ترقیاتی فنڈز کیوں واپس کیے,KI,915,URDU,urdu_headline_body_rrf,17,75690,0.015873015873015872,50
post_phase12_module2_M2-B,M2-B,R015,صوبوں نے وفاق کو ترقیاتی فنڈز کیوں واپس کیے,KI,915,URDU,urdu_headline_body_rrf,18,62854,0.015625,50
post_phase12_module2_M2-B,M2-B,R015,صوبوں نے وفاق کو ترقیاتی فنڈز کیوں واپس کیے,KI,915,URDU,urdu_headline_body_rrf,19,71750,0.015151515151515152,50
post_phase12_module2_M2-B,M2-B,R015,صوبوں نے وفاق کو ترقیاتی فنڈز کیوں واپس کیے,KI,915,URDU,urdu_headline_body_rrf,20,2839,0.014925373134328358,50
post_phase12_module2_M2-B,M2-B,R015,صوبوں نے وفاق کو ترقیاتی فنڈز کیوں واپس کیے,KI,915,URDU,urdu_headline_body_rrf,21,38496,0.014925373134328358,50
post_phase12_module2_M2-B,M2-B,R015,صوبوں نے وفاق کو ترقیاتی فنڈز کیوں واپس کیے,KI,915,URDU,urdu_headline_body_rrf,22,63676,0.014705882352941176,50
post_phase12_module2_M2-B,M2-B,R015,صوبوں نے وفاق کو ترقیاتی فنڈز کیوں واپس کیے,KI,915,URDU,urdu_headline_body_rrf,23,65722,0.014705882352941176,50
post_phase12_module2_M2-B,M2-B,R015,صوبوں نے وفاق کو ترقیاتی فنڈز کیوں واپس کیے,KI,915,URDU,urdu_headline_body_rrf,24,61646,0.014492753623188406,50
post_phase12_module2_M2-B,M2-B,R015,صوبوں نے وفاق کو ترقیاتی فنڈز کیوں واپس کیے,KI,915,URDU,urdu_headline_body_rrf,25,62895,0.014492753623188406,50
post_phase12_module2_M2-B,M2-B,R015,صوبوں نے وفاق کو ترقیاتی فنڈز کیوں واپس کیے,KI,915,URDU,urdu_headline_body_rrf,26,72087,0.014285714285714285,50
post_phase12_module2_M2-B,M2-B,R015,صوبوں نے وفاق کو ترقیاتی فنڈز کیوں واپس کیے,KI,915,URDU,urdu_headline_body_rrf,27,514,0.013888888888888888,50
post_phase12_module2_M2-B,M2-B,R015,صوبوں نے وفاق کو ترقیاتی فنڈز کیوں واپس کیے,KI,915,URDU,urdu_headline_body_rrf,28,40968,0.0136986301369863,50
post_phase12_module2_M2-B,M2-B,R015,صوبوں نے وفاق کو ترقیاتی فنڈز کیوں واپس کیے,KI,915,URDU,urdu_headline_body_rrf,29,78635,0.013513513513513514,50
post_phase12_module2_M2-B,M2-B,R015,صوبوں نے وفاق کو ترقیاتی فنڈز کیوں واپس کیے,KI,915,URDU,urdu_headline_body_rrf,30,60808,0.013333333333333334,50
post_phase12_module2_M2-B,M2-B,R015,صوبوں نے وفاق کو ترقیاتی فنڈز کیوں واپس کیے,KI,915,URDU,urdu_headline_body_rrf,31,111064,0.013333333333333334,50
post_phase12_module2_M2-B,M2-B,R015,صوبوں نے وفاق کو ترقیاتی فنڈز کیوں واپس کیے,KI,915,URDU,urdu_headline_body_rrf,32,9173,0.013157894736842105,50
post_phase12_module2_M2-B,M2-B,R015,صوبوں نے وفاق کو ترقیاتی فنڈز کیوں واپس کیے,KI,915,URDU,urdu_headline_body_rrf,33,77791,0.013157894736842105,50
post_phase12_module2_M2-B,M2-B,R015,صوبوں نے وفاق کو ترقیاتی فنڈز کیوں واپس کیے,KI,915,URDU,urdu_headline_body_rrf,34,79264,0.012987012987012988,50
post_phase12_module2_M2-B,M2-B,R015,صوبوں نے وفاق کو ترقیاتی فنڈز کیوں واپس کیے,KI,915,URDU,urdu_headline_body_rrf,35,74234,0.01282051282051282,50
post_phase12_module2_M2-B,M2-B,R015,صوبوں نے وفاق کو ترقیاتی فنڈز کیوں واپس کیے,KI,915,URDU,urdu_headline_body_rrf,36,77499,0.01282051282051282,50
post_phase12_module2_M2-B,M2-B,R015,صوبوں نے وفاق کو ترقیاتی فنڈز کیوں واپس کیے,KI,915,URDU,urdu_headline_body_rrf,37,1098,0.012658227848101266,50
post_phase12_module2_M2-B,M2-B,R015,صوبوں نے وفاق کو ترقیاتی فنڈز کیوں واپس کیے,KI,915,URDU,urdu_headline_body_rrf,38,63629,0.012658227848101266,50
post_phase12_module2_M2-B,M2-B,R015,صوبوں نے وفاق کو ترقیاتی فنڈز کیوں واپس کیے,KI,915,URDU,urdu_headline_body_rrf,39,73878,0.0125,50
post_phase12_module2_M2-B,M2-B,R015,صوبوں نے وفاق کو ترقیاتی فنڈز کیوں واپس کیے,KI,915,URDU,urdu_headline_body_rrf,40,74779,0.0125,50
post_phase12_module2_M2-B,M2-B,R015,صوبوں نے وفاق کو ترقیاتی فنڈز کیوں واپس کیے,KI,915,URDU,urdu_headline_body_rrf,41,37574,0.012345679012345678,50
post_phase12_module2_M2-B,M2-B,R015,صوبوں نے وفاق کو ترقیاتی فنڈز کیوں واپس کیے,KI,915,URDU,urdu_headline_body_rrf,42,75713,0.012345679012345678,50
post_phase12_module2_M2-B,M2-B,R015,صوبوں نے وفاق کو ترقیاتی فنڈز کیوں واپس کیے,KI,915,URDU,urdu_headline_body_rrf,43,77537,0.012195121951219513,50
post_phase12_module2_M2-B,M2-B,R015,صوبوں نے وفاق کو ترقیاتی فنڈز کیوں واپس کیے,KI,915,URDU,urdu_headline_body_rrf,44,78713,0.012195121951219513,50
post_phase12_module2_M2-B,M2-B,R015,صوبوں نے وفاق کو ترقیاتی فنڈز کیوں واپس کیے,KI,915,URDU,urdu_headline_body_rrf,45,162,0.012048192771084338,50
post_phase12_module2_M2-B,M2-B,R015,صوبوں نے وفاق کو ترقیاتی فنڈز کیوں واپس کیے,KI,915,URDU,urdu_headline_body_rrf,46,75712,0.012048192771084338,50
post_phase12_module2_M2-B,M2-B,R015,صوبوں نے وفاق کو ترقیاتی فنڈز کیوں واپس کیے,KI,915,URDU,urdu_headline_body_rrf,47,30679,0.011904761904761904,50
post_phase12_module2_M2-B,M2-B,R015,صوبوں نے وفاق کو ترقیاتی فنڈز کیوں واپس کیے,KI,915,URDU,urdu_headline_body_rrf,48,678,0.011627906976744186,50
post_phase12_module2_M2-B,M2-B,R015,صوبوں نے وفاق کو ترقیاتی فنڈز کیوں واپس کیے,KI,915,URDU,urdu_headline_body_rrf,49,26821,0.011627906976744186,50
post_phase12_module2_M2-B,M2-B,R015,صوبوں نے وفاق کو ترقیاتی فنڈز کیوں واپس کیے,KI,915,URDU,urdu_headline_body_rrf,50,65131,0.011494252873563218,50
post_phase12_module2_M2-B,M2-B,R016,سام سنگ اپنے نئے فلیگ شپ فون کی رونمائی کب San Francisco میں کرے گا,KI,21021,MIXED,urdu_headline_body_rrf,1,21473,0.02946912242686891,50
post_phase12_module2_M2-B,M2-B,R016,سام سنگ اپنے نئے فلیگ شپ فون کی رونمائی کب San Francisco میں کرے گا,KI,21021,MIXED,urdu_headline_body_rrf,2,21683,0.028438886647841874,50
post_phase12_module2_M2-B,M2-B,R016,سام سنگ اپنے نئے فلیگ شپ فون کی رونمائی کب San Francisco میں کرے گا,KI,21021,MIXED,urdu_headline_body_rrf,3,19677,0.02786377708978328,50
post_phase12_module2_M2-B,M2-B,R016,سام سنگ اپنے نئے فلیگ شپ فون کی رونمائی کب San Francisco میں کرے گا,KI,21021,MIXED,urdu_headline_body_rrf,4,20164,0.02699859747545582,50
post_phase12_module2_M2-B,M2-B,R016,سام سنگ اپنے نئے فلیگ شپ فون کی رونمائی کب San Francisco میں کرے گا,KI,21021,MIXED,urdu_headline_body_rrf,5,21178,0.024766899766899768,50
post_phase12_module2_M2-B,M2-B,R016,سام سنگ اپنے نئے فلیگ شپ فون کی رونمائی کب San Francisco میں کرے گا,KI,21021,MIXED,urdu_headline_body_rrf,6,22391,0.02429667519181586,50
post_phase12_module2_M2-B,M2-B,R016,سام سنگ اپنے نئے فلیگ شپ فون کی رونمائی کب San Francisco میں کرے گا,KI,21021,MIXED,urdu_headline_body_rrf,7,19362,0.024250440917107582,50
post_phase12_module2_M2-B,M2-B,R016,سام سنگ اپنے نئے فلیگ شپ فون کی رونمائی کب San Francisco میں کرے گا,KI,21021,MIXED,urdu_headline_body_rrf,8,21615,0.02265495736286114,50
post_phase12_module2_M2-B,M2-B,R016,سام سنگ اپنے نئے فلیگ شپ فون کی رونمائی کب San Francisco میں کرے گا,KI,21021,MIXED,urdu_headline_body_rrf,9,20313,0.021390986044383435,50
post_phase12_module2_M2-B,M2-B,R016,سام سنگ اپنے نئے فلیگ شپ فون کی رونمائی کب San Francisco میں کرے گا,KI,21021,MIXED,urdu_headline_body_rrf,10,19628,0.01639344262295082,50
post_phase12_module2_M2-B,M2-B,R016,سام سنگ اپنے نئے فلیگ شپ فون کی رونمائی کب San Francisco میں کرے گا,KI,21021,MIXED,urdu_headline_body_rrf,11,21349,0.01639344262295082,50
post_phase12_module2_M2-B,M2-B,R016,سام سنگ اپنے نئے فلیگ شپ فون کی رونمائی کب San Francisco میں کرے گا,KI,21021,MIXED,urdu_headline_body_rrf,12,21203,0.016129032258064516,50
post_phase12_module2_M2-B,M2-B,R016,سام سنگ اپنے نئے فلیگ شپ فون کی رونمائی کب San Francisco میں کرے گا,KI,21021,MIXED,urdu_headline_body_rrf,13,21503,0.015873015873015872,50
post_phase12_module2_M2-B,M2-B,R016,سام سنگ اپنے نئے فلیگ شپ فون کی رونمائی کب San Francisco میں کرے گا,KI,21021,MIXED,urdu_headline_body_rrf,14,21593,0.015873015873015872,50
post_phase12_module2_M2-B,M2-B,R016,سام سنگ اپنے نئے فلیگ شپ فون کی رونمائی کب San Francisco میں کرے گا,KI,21021,MIXED,urdu_headline_body_rrf,15,21813,0.015625,50
post_phase12_module2_M2-B,M2-B,R016,سام سنگ اپنے نئے فلیگ شپ فون کی رونمائی کب San Francisco میں کرے گا,KI,21021,MIXED,urdu_headline_body_rrf,16,23383,0.015625,50
post_phase12_module2_M2-B,M2-B,R016,سام سنگ اپنے نئے فلیگ شپ فون کی رونمائی کب San Francisco میں کرے گا,KI,21021,MIXED,urdu_headline_body_rrf,17,79775,0.015384615384615385,50
post_phase12_module2_M2-B,M2-B,R016,سام سنگ اپنے نئے فلیگ شپ فون کی رونمائی کب San Francisco میں کرے گا,KI,21021,MIXED,urdu_headline_body_rrf,18,23182,0.015151515151515152,50
post_phase12_module2_M2-B,M2-B,R016,سام سنگ اپنے نئے فلیگ شپ فون کی رونمائی کب San Francisco میں کرے گا,KI,21021,MIXED,urdu_headline_body_rrf,19,23012,0.014925373134328358,50
post_phase12_module2_M2-B,M2-B,R016,سام سنگ اپنے نئے فلیگ شپ فون کی رونمائی کب San Francisco میں کرے گا,KI,21021,MIXED,urdu_headline_body_rrf,20,19698,0.014705882352941176,50
post_phase12_module2_M2-B,M2-B,R016,سام سنگ اپنے نئے فلیگ شپ فون کی رونمائی کب San Francisco میں کرے گا,KI,21021,MIXED,urdu_headline_body_rrf,21,22892,0.014492753623188406,50
post_phase12_module2_M2-B,M2-B,R016,سام سنگ اپنے نئے فلیگ شپ فون کی رونمائی کب San Francisco میں کرے گا,KI,21021,MIXED,urdu_headline_body_rrf,22,2602,0.014285714285714285,50
post_phase12_module2_M2-B,M2-B,R016,سام سنگ اپنے نئے فلیگ شپ فون کی رونمائی کب San Francisco میں کرے گا,KI,21021,MIXED,urdu_headline_body_rrf,23,23527,0.014285714285714285,50
post_phase12_module2_M2-B,M2-B,R016,سام سنگ اپنے نئے فلیگ شپ فون کی رونمائی کب San Francisco میں کرے گا,KI,21021,MIXED,urdu_headline_body_rrf,24,21422,0.014084507042253521,50
post_phase12_module2_M2-B,M2-B,R016,سام سنگ اپنے نئے فلیگ شپ فون کی رونمائی کب San Francisco میں کرے گا,KI,21021,MIXED,urdu_headline_body_rrf,25,20130,0.013888888888888888,50
post_phase12_module2_M2-B,M2-B,R016,سام سنگ اپنے نئے فلیگ شپ فون کی رونمائی کب San Francisco میں کرے گا,KI,21021,MIXED,urdu_headline_body_rrf,26,21313,0.013888888888888888,50
post_phase12_module2_M2-B,M2-B,R016,سام سنگ اپنے نئے فلیگ شپ فون کی رونمائی کب San Francisco میں کرے گا,KI,21021,MIXED,urdu_headline_body_rrf,27,19971,0.0136986301369863,50
post_phase12_module2_M2-B,M2-B,R016,سام سنگ اپنے نئے فلیگ شپ فون کی رونمائی کب San Francisco میں کرے گا,KI,21021,MIXED,urdu_headline_body_rrf,28,22440,0.0136986301369863,50
post_phase12_module2_M2-B,M2-B,R016,سام سنگ اپنے نئے فلیگ شپ فون کی رونمائی کب San Francisco میں کرے گا,KI,21021,MIXED,urdu_headline_body_rrf,29,19250,0.013513513513513514,50
post_phase12_module2_M2-B,M2-B,R016,سام سنگ اپنے نئے فلیگ شپ فون کی رونمائی کب San Francisco میں کرے گا,KI,21021,MIXED,urdu_headline_body_rrf,30,20890,0.013333333333333334,50
post_phase12_module2_M2-B,M2-B,R016,سام سنگ اپنے نئے فلیگ شپ فون کی رونمائی کب San Francisco میں کرے گا,KI,21021,MIXED,urdu_headline_body_rrf,31,21624,0.013333333333333334,50
post_phase12_module2_M2-B,M2-B,R016,سام سنگ اپنے نئے فلیگ شپ فون کی رونمائی کب San Francisco میں کرے گا,KI,21021,MIXED,urdu_headline_body_rrf,32,20908,0.013157894736842105,50
post_phase12_module2_M2-B,M2-B,R016,سام سنگ اپنے نئے فلیگ شپ فون کی رونمائی کب San Francisco میں کرے گا,KI,21021,MIXED,urdu_headline_body_rrf,33,21758,0.012987012987012988,50
post_phase12_module2_M2-B,M2-B,R016,سام سنگ اپنے نئے فلیگ شپ فون کی رونمائی کب San Francisco میں کرے گا,KI,21021,MIXED,urdu_headline_body_rrf,34,60096,0.012987012987012988,50
post_phase12_module2_M2-B,M2-B,R016,سام سنگ اپنے نئے فلیگ شپ فون کی رونمائی کب San Francisco میں کرے گا,KI,21021,MIXED,urdu_headline_body_rrf,35,20806,0.01282051282051282,50
post_phase12_module2_M2-B,M2-B,R016,سام سنگ اپنے نئے فلیگ شپ فون کی رونمائی کب San Francisco میں کرے گا,KI,21021,MIXED,urdu_headline_body_rrf,36,80331,0.01282051282051282,50
post_phase12_module2_M2-B,M2-B,R016,سام سنگ اپنے نئے فلیگ شپ فون کی رونمائی کب San Francisco میں کرے گا,KI,21021,MIXED,urdu_headline_body_rrf,37,20992,0.012658227848101266,50
post_phase12_module2_M2-B,M2-B,R016,سام سنگ اپنے نئے فلیگ شپ فون کی رونمائی کب San Francisco میں کرے گا,KI,21021,MIXED,urdu_headline_body_rrf,38,22405,0.012658227848101266,50
post_phase12_module2_M2-B,M2-B,R016,سام سنگ اپنے نئے فلیگ شپ فون کی رونمائی کب San Francisco میں کرے گا,KI,21021,MIXED,urdu_headline_body_rrf,39,20212,0.0125,50
post_phase12_module2_M2-B,M2-B,R016,سام سنگ اپنے نئے فلیگ شپ فون کی رونمائی کب San Francisco میں کرے گا,KI,21021,MIXED,urdu_headline_body_rrf,40,21810,0.0125,50
post_phase12_module2_M2-B,M2-B,R016,سام سنگ اپنے نئے فلیگ شپ فون کی رونمائی کب San Francisco میں کرے گا,KI,21021,MIXED,urdu_headline_body_rrf,41,20020,0.012195121951219513,50
post_phase12_module2_M2-B,M2-B,R016,سام سنگ اپنے نئے فلیگ شپ فون کی رونمائی کب San Francisco میں کرے گا,KI,21021,MIXED,urdu_headline_body_rrf,42,20976,0.012195121951219513,50
post_phase12_module2_M2-B,M2-B,R016,سام سنگ اپنے نئے فلیگ شپ فون کی رونمائی کب San Francisco میں کرے گا,KI,21021,MIXED,urdu_headline_body_rrf,43,20547,0.012048192771084338,50
post_phase12_module2_M2-B,M2-B,R016,سام سنگ اپنے نئے فلیگ شپ فون کی رونمائی کب San Francisco میں کرے گا,KI,21021,MIXED,urdu_headline_body_rrf,44,22533,0.012048192771084338,50
post_phase12_module2_M2-B,M2-B,R016,سام سنگ اپنے نئے فلیگ شپ فون کی رونمائی کب San Francisco میں کرے گا,KI,21021,MIXED,urdu_headline_body_rrf,45,21524,0.011904761904761904,50
post_phase12_module2_M2-B,M2-B,R016,سام سنگ اپنے نئے فلیگ شپ فون کی رونمائی کب San Francisco میں کرے گا,KI,21021,MIXED,urdu_headline_body_rrf,46,19160,0.011764705882352941,50
post_phase12_module2_M2-B,M2-B,R016,سام سنگ اپنے نئے فلیگ شپ فون کی رونمائی کب San Francisco میں کرے گا,KI,21021,MIXED,urdu_headline_body_rrf,47,21891,0.011764705882352941,50
post_phase12_module2_M2-B,M2-B,R016,سام سنگ اپنے نئے فلیگ شپ فون کی رونمائی کب San Francisco میں کرے گا,KI,21021,MIXED,urdu_headline_body_rrf,48,20880,0.011627906976744186,50
post_phase12_module2_M2-B,M2-B,R016,سام سنگ اپنے نئے فلیگ شپ فون کی رونمائی کب San Francisco میں کرے گا,KI,21021,MIXED,urdu_headline_body_rrf,49,21330,0.011627906976744186,50
post_phase12_module2_M2-B,M2-B,R016,سام سنگ اپنے نئے فلیگ شپ فون کی رونمائی کب San Francisco میں کرے گا,KI,21021,MIXED,urdu_headline_body_rrf,50,20073,0.011494252873563218,50
post_phase12_module2_M2-B,M2-B,R017,عراق نے طلبہ کی نقل روکنے کے لیے امتحانات کے دوران کیا بند کیا,KI,23646,URDU,urdu_headline_body_rrf,1,23646,0.03278688524590164,50
post_phase12_module2_M2-B,M2-B,R017,عراق نے طلبہ کی نقل روکنے کے لیے امتحانات کے دوران کیا بند کیا,KI,23646,URDU,urdu_headline_body_rrf,2,970,0.03225806451612903,50
post_phase12_module2_M2-B,M2-B,R017,عراق نے طلبہ کی نقل روکنے کے لیے امتحانات کے دوران کیا بند کیا,KI,23646,URDU,urdu_headline_body_rrf,3,4709,0.029857397504456328,50
post_phase12_module2_M2-B,M2-B,R017,عراق نے طلبہ کی نقل روکنے کے لیے امتحانات کے دوران کیا بند کیا,KI,23646,URDU,urdu_headline_body_rrf,4,23851,0.02877846790890269,50
post_phase12_module2_M2-B,M2-B,R017,عراق نے طلبہ کی نقل روکنے کے لیے امتحانات کے دوران کیا بند کیا,KI,23646,URDU,urdu_headline_body_rrf,5,15035,0.028531243721117136,50
post_phase12_module2_M2-B,M2-B,R017,عراق نے طلبہ کی نقل روکنے کے لیے امتحانات کے دوران کیا بند کیا,KI,23646,URDU,urdu_headline_body_rrf,6,8101,0.026120660599932594,50
post_phase12_module2_M2-B,M2-B,R017,عراق نے طلبہ کی نقل روکنے کے لیے امتحانات کے دوران کیا بند کیا,KI,23646,URDU,urdu_headline_body_rrf,7,79431,0.015873015873015872,50
post_phase12_module2_M2-B,M2-B,R017,عراق نے طلبہ کی نقل روکنے کے لیے امتحانات کے دوران کیا بند کیا,KI,23646,URDU,urdu_headline_body_rrf,8,48969,0.015625,50
post_phase12_module2_M2-B,M2-B,R017,عراق نے طلبہ کی نقل روکنے کے لیے امتحانات کے دوران کیا بند کیا,KI,23646,URDU,urdu_headline_body_rrf,9,72072,0.015625,50
post_phase12_module2_M2-B,M2-B,R017,عراق نے طلبہ کی نقل روکنے کے لیے امتحانات کے دوران کیا بند کیا,KI,23646,URDU,urdu_headline_body_rrf,10,5972,0.015384615384615385,50
post_phase12_module2_M2-B,M2-B,R017,عراق نے طلبہ کی نقل روکنے کے لیے امتحانات کے دوران کیا بند کیا,KI,23646,URDU,urdu_headline_body_rrf,11,60266,0.015384615384615385,50
post_phase12_module2_M2-B,M2-B,R017,عراق نے طلبہ کی نقل روکنے کے لیے امتحانات کے دوران کیا بند کیا,KI,23646,URDU,urdu_headline_body_rrf,12,62297,0.015151515151515152,50
post_phase12_module2_M2-B,M2-B,R017,عراق نے طلبہ کی نقل روکنے کے لیے امتحانات کے دوران کیا بند کیا,KI,23646,URDU,urdu_headline_body_rrf,13,9585,0.014925373134328358,50
post_phase12_module2_M2-B,M2-B,R017,عراق نے طلبہ کی نقل روکنے کے لیے امتحانات کے دوران کیا بند کیا,KI,23646,URDU,urdu_headline_body_rrf,14,98181,0.014925373134328358,50
post_phase12_module2_M2-B,M2-B,R017,عراق نے طلبہ کی نقل روکنے کے لیے امتحانات کے دوران کیا بند کیا,KI,23646,URDU,urdu_headline_body_rrf,15,80095,0.014705882352941176,50
post_phase12_module2_M2-B,M2-B,R017,عراق نے طلبہ کی نقل روکنے کے لیے امتحانات کے دوران کیا بند کیا,KI,23646,URDU,urdu_headline_body_rrf,16,10160,0.014285714285714285,50
post_phase12_module2_M2-B,M2-B,R017,عراق نے طلبہ کی نقل روکنے کے لیے امتحانات کے دوران کیا بند کیا,KI,23646,URDU,urdu_headline_body_rrf,17,11397,0.014084507042253521,50
post_phase12_module2_M2-B,M2-B,R017,عراق نے طلبہ کی نقل روکنے کے لیے امتحانات کے دوران کیا بند کیا,KI,23646,URDU,urdu_headline_body_rrf,18,12103,0.014084507042253521,50
post_phase12_module2_M2-B,M2-B,R017,عراق نے طلبہ کی نقل روکنے کے لیے امتحانات کے دوران کیا بند کیا,KI,23646,URDU,urdu_headline_body_rrf,19,59332,0.013888888888888888,50
post_phase12_module2_M2-B,M2-B,R017,عراق نے طلبہ کی نقل روکنے کے لیے امتحانات کے دوران کیا بند کیا,KI,23646,URDU,urdu_headline_body_rrf,20,111852,0.013888888888888888,50
post_phase12_module2_M2-B,M2-B,R017,عراق نے طلبہ کی نقل روکنے کے لیے امتحانات کے دوران کیا بند کیا,KI,23646,URDU,urdu_headline_body_rrf,21,6637,0.0136986301369863,50
post_phase12_module2_M2-B,M2-B,R017,عراق نے طلبہ کی نقل روکنے کے لیے امتحانات کے دوران کیا بند کیا,KI,23646,URDU,urdu_headline_body_rrf,22,7047,0.0136986301369863,50
post_phase12_module2_M2-B,M2-B,R017,عراق نے طلبہ کی نقل روکنے کے لیے امتحانات کے دوران کیا بند کیا,KI,23646,URDU,urdu_headline_body_rrf,23,4760,0.013513513513513514,50
post_phase12_module2_M2-B,M2-B,R017,عراق نے طلبہ کی نقل روکنے کے لیے امتحانات کے دوران کیا بند کیا,KI,23646,URDU,urdu_headline_body_rrf,24,7416,0.013513513513513514,50
post_phase12_module2_M2-B,M2-B,R017,عراق نے طلبہ کی نقل روکنے کے لیے امتحانات کے دوران کیا بند کیا,KI,23646,URDU,urdu_headline_body_rrf,25,1907,0.013333333333333334,50
post_phase12_module2_M2-B,M2-B,R017,عراق نے طلبہ کی نقل روکنے کے لیے امتحانات کے دوران کیا بند کیا,KI,23646,URDU,urdu_headline_body_rrf,26,29972,0.013333333333333334,50
post_phase12_module2_M2-B,M2-B,R017,عراق نے طلبہ کی نقل روکنے کے لیے امتحانات کے دوران کیا بند کیا,KI,23646,URDU,urdu_headline_body_rrf,27,846,0.013157894736842105,50
post_phase12_module2_M2-B,M2-B,R017,عراق نے طلبہ کی نقل روکنے کے لیے امتحانات کے دوران کیا بند کیا,KI,23646,URDU,urdu_headline_body_rrf,28,83140,0.013157894736842105,50
post_phase12_module2_M2-B,M2-B,R017,عراق نے طلبہ کی نقل روکنے کے لیے امتحانات کے دوران کیا بند کیا,KI,23646,URDU,urdu_headline_body_rrf,29,11353,0.012987012987012988,50
post_phase12_module2_M2-B,M2-B,R017,عراق نے طلبہ کی نقل روکنے کے لیے امتحانات کے دوران کیا بند کیا,KI,23646,URDU,urdu_headline_body_rrf,30,21271,0.012987012987012988,50
post_phase12_module2_M2-B,M2-B,R017,عراق نے طلبہ کی نقل روکنے کے لیے امتحانات کے دوران کیا بند کیا,KI,23646,URDU,urdu_headline_body_rrf,31,5485,0.01282051282051282,50
post_phase12_module2_M2-B,M2-B,R017,عراق نے طلبہ کی نقل روکنے کے لیے امتحانات کے دوران کیا بند کیا,KI,23646,URDU,urdu_headline_body_rrf,32,85143,0.01282051282051282,50
post_phase12_module2_M2-B,M2-B,R017,عراق نے طلبہ کی نقل روکنے کے لیے امتحانات کے دوران کیا بند کیا,KI,23646,URDU,urdu_headline_body_rrf,33,6059,0.012658227848101266,50
post_phase12_module2_M2-B,M2-B,R017,عراق نے طلبہ کی نقل روکنے کے لیے امتحانات کے دوران کیا بند کیا,KI,23646,URDU,urdu_headline_body_rrf,34,1169,0.0125,50
post_phase12_module2_M2-B,M2-B,R017,عراق نے طلبہ کی نقل روکنے کے لیے امتحانات کے دوران کیا بند کیا,KI,23646,URDU,urdu_headline_body_rrf,35,4349,0.0125,50
post_phase12_module2_M2-B,M2-B,R017,عراق نے طلبہ کی نقل روکنے کے لیے امتحانات کے دوران کیا بند کیا,KI,23646,URDU,urdu_headline_body_rrf,36,865,0.012345679012345678,50
post_phase12_module2_M2-B,M2-B,R017,عراق نے طلبہ کی نقل روکنے کے لیے امتحانات کے دوران کیا بند کیا,KI,23646,URDU,urdu_headline_body_rrf,37,12651,0.012345679012345678,50
post_phase12_module2_M2-B,M2-B,R017,عراق نے طلبہ کی نقل روکنے کے لیے امتحانات کے دوران کیا بند کیا,KI,23646,URDU,urdu_headline_body_rrf,38,7875,0.012195121951219513,50
post_phase12_module2_M2-B,M2-B,R017,عراق نے طلبہ کی نقل روکنے کے لیے امتحانات کے دوران کیا بند کیا,KI,23646,URDU,urdu_headline_body_rrf,39,8171,0.012195121951219513,50
post_phase12_module2_M2-B,M2-B,R017,عراق نے طلبہ کی نقل روکنے کے لیے امتحانات کے دوران کیا بند کیا,KI,23646,URDU,urdu_headline_body_rrf,40,5474,0.012048192771084338,50
post_phase12_module2_M2-B,M2-B,R017,عراق نے طلبہ کی نقل روکنے کے لیے امتحانات کے دوران کیا بند کیا,KI,23646,URDU,urdu_headline_body_rrf,41,22333,0.012048192771084338,50
post_phase12_module2_M2-B,M2-B,R017,عراق نے طلبہ کی نقل روکنے کے لیے امتحانات کے دوران کیا بند کیا,KI,23646,URDU,urdu_headline_body_rrf,42,5426,0.011904761904761904,50
post_phase12_module2_M2-B,M2-B,R017,عراق نے طلبہ کی نقل روکنے کے لیے امتحانات کے دوران کیا بند کیا,KI,23646,URDU,urdu_headline_body_rrf,43,109377,0.011904761904761904,50
post_phase12_module2_M2-B,M2-B,R017,عراق نے طلبہ کی نقل روکنے کے لیے امتحانات کے دوران کیا بند کیا,KI,23646,URDU,urdu_headline_body_rrf,44,14190,0.011764705882352941,50
post_phase12_module2_M2-B,M2-B,R017,عراق نے طلبہ کی نقل روکنے کے لیے امتحانات کے دوران کیا بند کیا,KI,23646,URDU,urdu_headline_body_rrf,45,34098,0.011764705882352941,50
post_phase12_module2_M2-B,M2-B,R017,عراق نے طلبہ کی نقل روکنے کے لیے امتحانات کے دوران کیا بند کیا,KI,23646,URDU,urdu_headline_body_rrf,46,70914,0.011627906976744186,50
post_phase12_module2_M2-B,M2-B,R017,عراق نے طلبہ کی نقل روکنے کے لیے امتحانات کے دوران کیا بند کیا,KI,23646,URDU,urdu_headline_body_rrf,47,727,0.011494252873563218,50
post_phase12_module2_M2-B,M2-B,R017,عراق نے طلبہ کی نقل روکنے کے لیے امتحانات کے دوران کیا بند کیا,KI,23646,URDU,urdu_headline_body_rrf,48,98924,0.011494252873563218,50
post_phase12_module2_M2-B,M2-B,R017,عراق نے طلبہ کی نقل روکنے کے لیے امتحانات کے دوران کیا بند کیا,KI,23646,URDU,urdu_headline_body_rrf,49,20332,0.011363636363636364,50
post_phase12_module2_M2-B,M2-B,R017,عراق نے طلبہ کی نقل روکنے کے لیے امتحانات کے دوران کیا بند کیا,KI,23646,URDU,urdu_headline_body_rrf,50,22060,0.011363636363636364,50
post_phase12_module2_M2-B,M2-B,R018,کراچی میں پاک فوج کے نام پر سائیکل ریس کا مقصد کیا تھا,KI,46877,URDU,urdu_headline_body_rrf,1,44705,0.03131881575727918,50
post_phase12_module2_M2-B,M2-B,R018,کراچی میں پاک فوج کے نام پر سائیکل ریس کا مقصد کیا تھا,KI,46877,URDU,urdu_headline_body_rrf,2,46877,0.030158730158730156,50
post_phase12_module2_M2-B,M2-B,R018,کراچی میں پاک فوج کے نام پر سائیکل ریس کا مقصد کیا تھا,KI,46877,URDU,urdu_headline_body_rrf,3,43115,0.029857397504456328,50
post_phase12_module2_M2-B,M2-B,R018,کراچی میں پاک فوج کے نام پر سائیکل ریس کا مقصد کیا تھا,KI,46877,URDU,urdu_headline_body_rrf,4,43253,0.028985507246376812,50
post_phase12_module2_M2-B,M2-B,R018,کراچی میں پاک فوج کے نام پر سائیکل ریس کا مقصد کیا تھا,KI,46877,URDU,urdu_headline_body_rrf,5,47297,0.028370221327967807,50
post_phase12_module2_M2-B,M2-B,R018,کراچی میں پاک فوج کے نام پر سائیکل ریس کا مقصد کیا تھا,KI,46877,URDU,urdu_headline_body_rrf,6,89532,0.02658450704225352,50
post_phase12_module2_M2-B,M2-B,R018,کراچی میں پاک فوج کے نام پر سائیکل ریس کا مقصد کیا تھا,KI,46877,URDU,urdu_headline_body_rrf,7,86991,0.026494565217391304,50
post_phase12_module2_M2-B,M2-B,R018,کراچی میں پاک فوج کے نام پر سائیکل ریس کا مقصد کیا تھا,KI,46877,URDU,urdu_headline_body_rrf,8,30420,0.02548701298701299,50
post_phase12_module2_M2-B,M2-B,R018,کراچی میں پاک فوج کے نام پر سائیکل ریس کا مقصد کیا تھا,KI,46877,URDU,urdu_headline_body_rrf,9,88214,0.02548435171385991,50
post_phase12_module2_M2-B,M2-B,R018,کراچی میں پاک فوج کے نام پر سائیکل ریس کا مقصد کیا تھا,KI,46877,URDU,urdu_headline_body_rrf,10,44759,0.025458570524984188,50
post_phase12_module2_M2-B,M2-B,R018,کراچی میں پاک فوج کے نام پر سائیکل ریس کا مقصد کیا تھا,KI,46877,URDU,urdu_headline_body_rrf,11,84273,0.025206087507926443,50
post_phase12_module2_M2-B,M2-B,R018,کراچی میں پاک فوج کے نام پر سائیکل ریس کا مقصد کیا تھا,KI,46877,URDU,urdu_headline_body_rrf,12,97038,0.02094298245614035,50
post_phase12_module2_M2-B,M2-B,R018,کراچی میں پاک فوج کے نام پر سائیکل ریس کا مقصد کیا تھا,KI,46877,URDU,urdu_headline_body_rrf,13,42872,0.0207597645799893,50
post_phase12_module2_M2-B,M2-B,R018,کراچی میں پاک فوج کے نام پر سائیکل ریس کا مقصد کیا تھا,KI,46877,URDU,urdu_headline_body_rrf,14,86760,0.020442219440967878,50
post_phase12_module2_M2-B,M2-B,R018,کراچی میں پاک فوج کے نام پر سائیکل ریس کا مقصد کیا تھا,KI,46877,URDU,urdu_headline_body_rrf,15,9284,0.020050125313283207,50
post_phase12_module2_M2-B,M2-B,R018,کراچی میں پاک فوج کے نام پر سائیکل ریس کا مقصد کیا تھا,KI,46877,URDU,urdu_headline_body_rrf,16,44140,0.016129032258064516,50
post_phase12_module2_M2-B,M2-B,R018,کراچی میں پاک فوج کے نام پر سائیکل ریس کا مقصد کیا تھا,KI,46877,URDU,urdu_headline_body_rrf,17,91009,0.016129032258064516,50
post_phase12_module2_M2-B,M2-B,R018,کراچی میں پاک فوج کے نام پر سائیکل ریس کا مقصد کیا تھا,KI,46877,URDU,urdu_headline_body_rrf,18,33827,0.015873015873015872,50
post_phase12_module2_M2-B,M2-B,R018,کراچی میں پاک فوج کے نام پر سائیکل ریس کا مقصد کیا تھا,KI,46877,URDU,urdu_headline_body_rrf,19,92508,0.015625,50
post_phase12_module2_M2-B,M2-B,R018,کراچی میں پاک فوج کے نام پر سائیکل ریس کا مقصد کیا تھا,KI,46877,URDU,urdu_headline_body_rrf,20,43881,0.015384615384615385,50
post_phase12_module2_M2-B,M2-B,R018,کراچی میں پاک فوج کے نام پر سائیکل ریس کا مقصد کیا تھا,KI,46877,URDU,urdu_headline_body_rrf,21,58951,0.015384615384615385,50
post_phase12_module2_M2-B,M2-B,R018,کراچی میں پاک فوج کے نام پر سائیکل ریس کا مقصد کیا تھا,KI,46877,URDU,urdu_headline_body_rrf,22,43578,0.015151515151515152,50
post_phase12_module2_M2-B,M2-B,R018,کراچی میں پاک فوج کے نام پر سائیکل ریس کا مقصد کیا تھا,KI,46877,URDU,urdu_headline_body_rrf,23,19045,0.014925373134328358,50
post_phase12_module2_M2-B,M2-B,R018,کراچی میں پاک فوج کے نام پر سائیکل ریس کا مقصد کیا تھا,KI,46877,URDU,urdu_headline_body_rrf,24,31063,0.013888888888888888,50
post_phase12_module2_M2-B,M2-B,R018,کراچی میں پاک فوج کے نام پر سائیکل ریس کا مقصد کیا تھا,KI,46877,URDU,urdu_headline_body_rrf,25,47685,0.013888888888888888,50
post_phase12_module2_M2-B,M2-B,R018,کراچی میں پاک فوج کے نام پر سائیکل ریس کا مقصد کیا تھا,KI,46877,URDU,urdu_headline_body_rrf,26,32000,0.0136986301369863,50
post_phase12_module2_M2-B,M2-B,R018,کراچی میں پاک فوج کے نام پر سائیکل ریس کا مقصد کیا تھا,KI,46877,URDU,urdu_headline_body_rrf,27,43367,0.0136986301369863,50
post_phase12_module2_M2-B,M2-B,R018,کراچی میں پاک فوج کے نام پر سائیکل ریس کا مقصد کیا تھا,KI,46877,URDU,urdu_headline_body_rrf,28,58666,0.013513513513513514,50
post_phase12_module2_M2-B,M2-B,R018,کراچی میں پاک فوج کے نام پر سائیکل ریس کا مقصد کیا تھا,KI,46877,URDU,urdu_headline_body_rrf,29,96721,0.013513513513513514,50
post_phase12_module2_M2-B,M2-B,R018,کراچی میں پاک فوج کے نام پر سائیکل ریس کا مقصد کیا تھا,KI,46877,URDU,urdu_headline_body_rrf,30,67301,0.013333333333333334,50
post_phase12_module2_M2-B,M2-B,R018,کراچی میں پاک فوج کے نام پر سائیکل ریس کا مقصد کیا تھا,KI,46877,URDU,urdu_headline_body_rrf,31,91526,0.013333333333333334,50
post_phase12_module2_M2-B,M2-B,R018,کراچی میں پاک فوج کے نام پر سائیکل ریس کا مقصد کیا تھا,KI,46877,URDU,urdu_headline_body_rrf,32,97094,0.013157894736842105,50
post_phase12_module2_M2-B,M2-B,R018,کراچی میں پاک فوج کے نام پر سائیکل ریس کا مقصد کیا تھا,KI,46877,URDU,urdu_headline_body_rrf,33,43517,0.012987012987012988,50
post_phase12_module2_M2-B,M2-B,R018,کراچی میں پاک فوج کے نام پر سائیکل ریس کا مقصد کیا تھا,KI,46877,URDU,urdu_headline_body_rrf,34,4232,0.01282051282051282,50
post_phase12_module2_M2-B,M2-B,R018,کراچی میں پاک فوج کے نام پر سائیکل ریس کا مقصد کیا تھا,KI,46877,URDU,urdu_headline_body_rrf,35,59196,0.01282051282051282,50
post_phase12_module2_M2-B,M2-B,R018,کراچی میں پاک فوج کے نام پر سائیکل ریس کا مقصد کیا تھا,KI,46877,URDU,urdu_headline_body_rrf,36,47911,0.012658227848101266,50
post_phase12_module2_M2-B,M2-B,R018,کراچی میں پاک فوج کے نام پر سائیکل ریس کا مقصد کیا تھا,KI,46877,URDU,urdu_headline_body_rrf,37,68364,0.012658227848101266,50
post_phase12_module2_M2-B,M2-B,R018,کراچی میں پاک فوج کے نام پر سائیکل ریس کا مقصد کیا تھا,KI,46877,URDU,urdu_headline_body_rrf,38,43829,0.012345679012345678,50
post_phase12_module2_M2-B,M2-B,R018,کراچی میں پاک فوج کے نام پر سائیکل ریس کا مقصد کیا تھا,KI,46877,URDU,urdu_headline_body_rrf,39,90403,0.012345679012345678,50
post_phase12_module2_M2-B,M2-B,R018,کراچی میں پاک فوج کے نام پر سائیکل ریس کا مقصد کیا تھا,KI,46877,URDU,urdu_headline_body_rrf,40,9439,0.012195121951219513,50
post_phase12_module2_M2-B,M2-B,R018,کراچی میں پاک فوج کے نام پر سائیکل ریس کا مقصد کیا تھا,KI,46877,URDU,urdu_headline_body_rrf,41,96520,0.012195121951219513,50
post_phase12_module2_M2-B,M2-B,R018,کراچی میں پاک فوج کے نام پر سائیکل ریس کا مقصد کیا تھا,KI,46877,URDU,urdu_headline_body_rrf,42,91068,0.012048192771084338,50
post_phase12_module2_M2-B,M2-B,R018,کراچی میں پاک فوج کے نام پر سائیکل ریس کا مقصد کیا تھا,KI,46877,URDU,urdu_headline_body_rrf,43,43497,0.011904761904761904,50
post_phase12_module2_M2-B,M2-B,R018,کراچی میں پاک فوج کے نام پر سائیکل ریس کا مقصد کیا تھا,KI,46877,URDU,urdu_headline_body_rrf,44,52299,0.011904761904761904,50
post_phase12_module2_M2-B,M2-B,R018,کراچی میں پاک فوج کے نام پر سائیکل ریس کا مقصد کیا تھا,KI,46877,URDU,urdu_headline_body_rrf,45,12529,0.011764705882352941,50
post_phase12_module2_M2-B,M2-B,R018,کراچی میں پاک فوج کے نام پر سائیکل ریس کا مقصد کیا تھا,KI,46877,URDU,urdu_headline_body_rrf,46,96277,0.011764705882352941,50
post_phase12_module2_M2-B,M2-B,R018,کراچی میں پاک فوج کے نام پر سائیکل ریس کا مقصد کیا تھا,KI,46877,URDU,urdu_headline_body_rrf,47,44795,0.011627906976744186,50
post_phase12_module2_M2-B,M2-B,R018,کراچی میں پاک فوج کے نام پر سائیکل ریس کا مقصد کیا تھا,KI,46877,URDU,urdu_headline_body_rrf,48,57295,0.011627906976744186,50
post_phase12_module2_M2-B,M2-B,R018,کراچی میں پاک فوج کے نام پر سائیکل ریس کا مقصد کیا تھا,KI,46877,URDU,urdu_headline_body_rrf,49,86992,0.011494252873563218,50
post_phase12_module2_M2-B,M2-B,R018,کراچی میں پاک فوج کے نام پر سائیکل ریس کا مقصد کیا تھا,KI,46877,URDU,urdu_headline_body_rrf,50,92500,0.011494252873563218,50
post_phase12_module2_M2-B,M2-B,R019,اپریل 2019 میں کراچی اسٹاک مارکیٹ کتne پوائنٹس نیچے بند ہوئی,KI,64946,MIXED,urdu_headline_body_rrf,1,63684,0.022181372549019605,50
post_phase12_module2_M2-B,M2-B,R019,اپریل 2019 میں کراچی اسٹاک مارکیٹ کتne پوائنٹس نیچے بند ہوئی,KI,64946,MIXED,urdu_headline_body_rrf,2,64886,0.01639344262295082,50
post_phase12_module2_M2-B,M2-B,R019,اپریل 2019 میں کراچی اسٹاک مارکیٹ کتne پوائنٹس نیچے بند ہوئی,KI,64946,MIXED,urdu_headline_body_rrf,3,78672,0.01639344262295082,50
post_phase12_module2_M2-B,M2-B,R019,اپریل 2019 میں کراچی اسٹاک مارکیٹ کتne پوائنٹس نیچے بند ہوئی,KI,64946,MIXED,urdu_headline_body_rrf,4,64946,0.016129032258064516,50
post_phase12_module2_M2-B,M2-B,R019,اپریل 2019 میں کراچی اسٹاک مارکیٹ کتne پوائنٹس نیچے بند ہوئی,KI,64946,MIXED,urdu_headline_body_rrf,5,78642,0.016129032258064516,50
post_phase12_module2_M2-B,M2-B,R019,اپریل 2019 میں کراچی اسٹاک مارکیٹ کتne پوائنٹس نیچے بند ہوئی,KI,64946,MIXED,urdu_headline_body_rrf,6,64913,0.015873015873015872,50
post_phase12_module2_M2-B,M2-B,R019,اپریل 2019 میں کراچی اسٹاک مارکیٹ کتne پوائنٹس نیچے بند ہوئی,KI,64946,MIXED,urdu_headline_body_rrf,7,77091,0.015873015873015872,50
post_phase12_module2_M2-B,M2-B,R019,اپریل 2019 میں کراچی اسٹاک مارکیٹ کتne پوائنٹس نیچے بند ہوئی,KI,64946,MIXED,urdu_headline_body_rrf,8,64950,0.015625,50
post_phase12_module2_M2-B,M2-B,R019,اپریل 2019 میں کراچی اسٹاک مارکیٹ کتne پوائنٹس نیچے بند ہوئی,KI,64946,MIXED,urdu_headline_body_rrf,9,78750,0.015625,50
post_phase12_module2_M2-B,M2-B,R019,اپریل 2019 میں کراچی اسٹاک مارکیٹ کتne پوائنٹس نیچے بند ہوئی,KI,64946,MIXED,urdu_headline_body_rrf,10,64570,0.015384615384615385,50
post_phase12_module2_M2-B,M2-B,R019,اپریل 2019 میں کراچی اسٹاک مارکیٹ کتne پوائنٹس نیچے بند ہوئی,KI,64946,MIXED,urdu_headline_body_rrf,11,78541,0.015384615384615385,50
post_phase12_module2_M2-B,M2-B,R019,اپریل 2019 میں کراچی اسٹاک مارکیٹ کتne پوائنٹس نیچے بند ہوئی,KI,64946,MIXED,urdu_headline_body_rrf,12,64948,0.015151515151515152,50
post_phase12_module2_M2-B,M2-B,R019,اپریل 2019 میں کراچی اسٹاک مارکیٹ کتne پوائنٹس نیچے بند ہوئی,KI,64946,MIXED,urdu_headline_body_rrf,13,78756,0.015151515151515152,50
post_phase12_module2_M2-B,M2-B,R019,اپریل 2019 میں کراچی اسٹاک مارکیٹ کتne پوائنٹس نیچے بند ہوئی,KI,64946,MIXED,urdu_headline_body_rrf,14,1860,0.014925373134328358,50
post_phase12_module2_M2-B,M2-B,R019,اپریل 2019 میں کراچی اسٹاک مارکیٹ کتne پوائنٹس نیچے بند ہوئی,KI,64946,MIXED,urdu_headline_body_rrf,15,64647,0.014925373134328358,50
post_phase12_module2_M2-B,M2-B,R019,اپریل 2019 میں کراچی اسٹاک مارکیٹ کتne پوائنٹس نیچے بند ہوئی,KI,64946,MIXED,urdu_headline_body_rrf,16,1923,0.014705882352941176,50
post_phase12_module2_M2-B,M2-B,R019,اپریل 2019 میں کراچی اسٹاک مارکیٹ کتne پوائنٹس نیچے بند ہوئی,KI,64946,MIXED,urdu_headline_body_rrf,17,65045,0.014705882352941176,50
post_phase12_module2_M2-B,M2-B,R019,اپریل 2019 میں کراچی اسٹاک مارکیٹ کتne پوائنٹس نیچے بند ہوئی,KI,64946,MIXED,urdu_headline_body_rrf,18,2300,0.014492753623188406,50
post_phase12_module2_M2-B,M2-B,R019,اپریل 2019 میں کراچی اسٹاک مارکیٹ کتne پوائنٹس نیچے بند ہوئی,KI,64946,MIXED,urdu_headline_body_rrf,19,64604,0.014492753623188406,50
post_phase12_module2_M2-B,M2-B,R019,اپریل 2019 میں کراچی اسٹاک مارکیٹ کتne پوائنٹس نیچے بند ہوئی,KI,64946,MIXED,urdu_headline_body_rrf,20,62876,0.014285714285714285,50
post_phase12_module2_M2-B,M2-B,R019,اپریل 2019 میں کراچی اسٹاک مارکیٹ کتne پوائنٹس نیچے بند ہوئی,KI,64946,MIXED,urdu_headline_body_rrf,21,64902,0.014285714285714285,50
post_phase12_module2_M2-B,M2-B,R019,اپریل 2019 میں کراچی اسٹاک مارکیٹ کتne پوائنٹس نیچے بند ہوئی,KI,64946,MIXED,urdu_headline_body_rrf,22,38969,0.014084507042253521,50
post_phase12_module2_M2-B,M2-B,R019,اپریل 2019 میں کراچی اسٹاک مارکیٹ کتne پوائنٹس نیچے بند ہوئی,KI,64946,MIXED,urdu_headline_body_rrf,23,63711,0.014084507042253521,50
post_phase12_module2_M2-B,M2-B,R019,اپریل 2019 میں کراچی اسٹاک مارکیٹ کتne پوائنٹس نیچے بند ہوئی,KI,64946,MIXED,urdu_headline_body_rrf,24,64890,0.013888888888888888,50
post_phase12_module2_M2-B,M2-B,R019,اپریل 2019 میں کراچی اسٹاک مارکیٹ کتne پوائنٹس نیچے بند ہوئی,KI,64946,MIXED,urdu_headline_body_rrf,25,76852,0.013888888888888888,50
post_phase12_module2_M2-B,M2-B,R019,اپریل 2019 میں کراچی اسٹاک مارکیٹ کتne پوائنٹس نیچے بند ہوئی,KI,64946,MIXED,urdu_headline_body_rrf,26,63143,0.0136986301369863,50
post_phase12_module2_M2-B,M2-B,R019,اپریل 2019 میں کراچی اسٹاک مارکیٹ کتne پوائنٹس نیچے بند ہوئی,KI,64946,MIXED,urdu_headline_body_rrf,27,65032,0.0136986301369863,50
post_phase12_module2_M2-B,M2-B,R019,اپریل 2019 میں کراچی اسٹاک مارکیٹ کتne پوائنٹس نیچے بند ہوئی,KI,64946,MIXED,urdu_headline_body_rrf,28,2882,0.013513513513513514,50
post_phase12_module2_M2-B,M2-B,R019,اپریل 2019 میں کراچی اسٹاک مارکیٹ کتne پوائنٹس نیچے بند ہوئی,KI,64946,MIXED,urdu_headline_body_rrf,29,65072,0.013513513513513514,50
post_phase12_module2_M2-B,M2-B,R019,اپریل 2019 میں کراچی اسٹاک مارکیٹ کتne پوائنٹس نیچے بند ہوئی,KI,64946,MIXED,urdu_headline_body_rrf,30,2607,0.013333333333333334,50
post_phase12_module2_M2-B,M2-B,R019,اپریل 2019 میں کراچی اسٹاک مارکیٹ کتne پوائنٹس نیچے بند ہوئی,KI,64946,MIXED,urdu_headline_body_rrf,31,64905,0.013333333333333334,50
post_phase12_module2_M2-B,M2-B,R019,اپریل 2019 میں کراچی اسٹاک مارکیٹ کتne پوائنٹس نیچے بند ہوئی,KI,64946,MIXED,urdu_headline_body_rrf,32,71865,0.013157894736842105,50
post_phase12_module2_M2-B,M2-B,R019,اپریل 2019 میں کراچی اسٹاک مارکیٹ کتne پوائنٹس نیچے بند ہوئی,KI,64946,MIXED,urdu_headline_body_rrf,33,75807,0.013157894736842105,50
post_phase12_module2_M2-B,M2-B,R019,اپریل 2019 میں کراچی اسٹاک مارکیٹ کتne پوائنٹس نیچے بند ہوئی,KI,64946,MIXED,urdu_headline_body_rrf,34,64917,0.012987012987012988,50
post_phase12_module2_M2-B,M2-B,R019,اپریل 2019 میں کراچی اسٹاک مارکیٹ کتne پوائنٹس نیچے بند ہوئی,KI,64946,MIXED,urdu_headline_body_rrf,35,74776,0.012987012987012988,50
post_phase12_module2_M2-B,M2-B,R019,اپریل 2019 میں کراچی اسٹاک مارکیٹ کتne پوائنٹس نیچے بند ہوئی,KI,64946,MIXED,urdu_headline_body_rrf,36,64841,0.01282051282051282,50
post_phase12_module2_M2-B,M2-B,R019,اپریل 2019 میں کراچی اسٹاک مارکیٹ کتne پوائنٹس نیچے بند ہوئی,KI,64946,MIXED,urdu_headline_body_rrf,37,75520,0.01282051282051282,50
post_phase12_module2_M2-B,M2-B,R019,اپریل 2019 میں کراچی اسٹاک مارکیٹ کتne پوائنٹس نیچے بند ہوئی,KI,64946,MIXED,urdu_headline_body_rrf,38,65067,0.012658227848101266,50
post_phase12_module2_M2-B,M2-B,R019,اپریل 2019 میں کراچی اسٹاک مارکیٹ کتne پوائنٹس نیچے بند ہوئی,KI,64946,MIXED,urdu_headline_body_rrf,39,75493,0.012658227848101266,50
post_phase12_module2_M2-B,M2-B,R019,اپریل 2019 میں کراچی اسٹاک مارکیٹ کتne پوائنٹس نیچے بند ہوئی,KI,64946,MIXED,urdu_headline_body_rrf,40,64889,0.0125,50
post_phase12_module2_M2-B,M2-B,R019,اپریل 2019 میں کراچی اسٹاک مارکیٹ کتne پوائنٹس نیچے بند ہوئی,KI,64946,MIXED,urdu_headline_body_rrf,41,75026,0.0125,50
post_phase12_module2_M2-B,M2-B,R019,اپریل 2019 میں کراچی اسٹاک مارکیٹ کتne پوائنٹس نیچے بند ہوئی,KI,64946,MIXED,urdu_headline_body_rrf,42,17348,0.012345679012345678,50
post_phase12_module2_M2-B,M2-B,R019,اپریل 2019 میں کراچی اسٹاک مارکیٹ کتne پوائنٹس نیچے بند ہوئی,KI,64946,MIXED,urdu_headline_body_rrf,43,64892,0.012345679012345678,50
post_phase12_module2_M2-B,M2-B,R019,اپریل 2019 میں کراچی اسٹاک مارکیٹ کتne پوائنٹس نیچے بند ہوئی,KI,64946,MIXED,urdu_headline_body_rrf,44,38787,0.012195121951219513,50
post_phase12_module2_M2-B,M2-B,R019,اپریل 2019 میں کراچی اسٹاک مارکیٹ کتne پوائنٹس نیچے بند ہوئی,KI,64946,MIXED,urdu_headline_body_rrf,45,64909,0.012195121951219513,50
post_phase12_module2_M2-B,M2-B,R019,اپریل 2019 میں کراچی اسٹاک مارکیٹ کتne پوائنٹس نیچے بند ہوئی,KI,64946,MIXED,urdu_headline_body_rrf,46,2522,0.012048192771084338,50
post_phase12_module2_M2-B,M2-B,R019,اپریل 2019 میں کراچی اسٹاک مارکیٹ کتne پوائنٹس نیچے بند ہوئی,KI,64946,MIXED,urdu_headline_body_rrf,47,65029,0.012048192771084338,50
post_phase12_module2_M2-B,M2-B,R019,اپریل 2019 میں کراچی اسٹاک مارکیٹ کتne پوائنٹس نیچے بند ہوئی,KI,64946,MIXED,urdu_headline_body_rrf,48,38807,0.011904761904761904,50
post_phase12_module2_M2-B,M2-B,R019,اپریل 2019 میں کراچی اسٹاک مارکیٹ کتne پوائنٹس نیچے بند ہوئی,KI,64946,MIXED,urdu_headline_body_rrf,49,65018,0.011904761904761904,50
post_phase12_module2_M2-B,M2-B,R019,اپریل 2019 میں کراچی اسٹاک مارکیٹ کتne پوائنٹس نیچے بند ہوئی,KI,64946,MIXED,urdu_headline_body_rrf,50,64964,0.011764705882352941,50
post_phase12_module2_M2-B,M2-B,R020,قائداعظم ون ڈے کپ کے دوسرے سیمی فائنل میں کس بینک نے جیت حاصل کی,KI,83578,URDU,urdu_headline_body_rrf,1,83578,0.03278688524590164,50
post_phase12_module2_M2-B,M2-B,R020,قائداعظم ون ڈے کپ کے دوسرے سیمی فائنل میں کس بینک نے جیت حاصل کی,KI,83578,URDU,urdu_headline_body_rrf,2,97029,0.03021353930031804,50
post_phase12_module2_M2-B,M2-B,R020,قائداعظم ون ڈے کپ کے دوسرے سیمی فائنل میں کس بینک نے جیت حاصل کی,KI,83578,URDU,urdu_headline_body_rrf,3,54305,0.02946912242686891,50
post_phase12_module2_M2-B,M2-B,R020,قائداعظم ون ڈے کپ کے دوسرے سیمی فائنل میں کس بینک نے جیت حاصل کی,KI,83578,URDU,urdu_headline_body_rrf,4,83587,0.027108970929195647,50
post_phase12_module2_M2-B,M2-B,R020,قائداعظم ون ڈے کپ کے دوسرے سیمی فائنل میں کس بینک نے جیت حاصل کی,KI,83578,URDU,urdu_headline_body_rrf,5,94700,0.0265113137453563,50
post_phase12_module2_M2-B,M2-B,R020,قائداعظم ون ڈے کپ کے دوسرے سیمی فائنل میں کس بینک نے جیت حاصل کی,KI,83578,URDU,urdu_headline_body_rrf,6,94763,0.025252525252525256,50
post_phase12_module2_M2-B,M2-B,R020,قائداعظم ون ڈے کپ کے دوسرے سیمی فائنل میں کس بینک نے جیت حاصل کی,KI,83578,URDU,urdu_headline_body_rrf,7,26584,0.0220205686630369,50
post_phase12_module2_M2-B,M2-B,R020,قائداعظم ون ڈے کپ کے دوسرے سیمی فائنل میں کس بینک نے جیت حاصل کی,KI,83578,URDU,urdu_headline_body_rrf,8,34443,0.021338724168912845,50
post_phase12_module2_M2-B,M2-B,R020,قائداعظم ون ڈے کپ کے دوسرے سیمی فائنل میں کس بینک نے جیت حاصل کی,KI,83578,URDU,urdu_headline_body_rrf,9,88280,0.020673486786018755,50
post_phase12_module2_M2-B,M2-B,R020,قائداعظم ون ڈے کپ کے دوسرے سیمی فائنل میں کس بینک نے جیت حاصل کی,KI,83578,URDU,urdu_headline_body_rrf,10,83577,0.016129032258064516,50
post_phase12_module2_M2-B,M2-B,R020,قائداعظم ون ڈے کپ کے دوسرے سیمی فائنل میں کس بینک نے جیت حاصل کی,KI,83578,URDU,urdu_headline_body_rrf,11,26179,0.015625,50
post_phase12_module2_M2-B,M2-B,R020,قائداعظم ون ڈے کپ کے دوسرے سیمی فائنل میں کس بینک نے جیت حاصل کی,KI,83578,URDU,urdu_headline_body_rrf,12,34435,0.015625,50
post_phase12_module2_M2-B,M2-B,R020,قائداعظم ون ڈے کپ کے دوسرے سیمی فائنل میں کس بینک نے جیت حاصل کی,KI,83578,URDU,urdu_headline_body_rrf,13,83585,0.015384615384615385,50
post_phase12_module2_M2-B,M2-B,R020,قائداعظم ون ڈے کپ کے دوسرے سیمی فائنل میں کس بینک نے جیت حاصل کی,KI,83578,URDU,urdu_headline_body_rrf,14,90994,0.015151515151515152,50
post_phase12_module2_M2-B,M2-B,R020,قائداعظم ون ڈے کپ کے دوسرے سیمی فائنل میں کس بینک نے جیت حاصل کی,KI,83578,URDU,urdu_headline_body_rrf,15,83610,0.014925373134328358,50
post_phase12_module2_M2-B,M2-B,R020,قائداعظم ون ڈے کپ کے دوسرے سیمی فائنل میں کس بینک نے جیت حاصل کی,KI,83578,URDU,urdu_headline_body_rrf,16,84873,0.014925373134328358,50
post_phase12_module2_M2-B,M2-B,R020,قائداعظم ون ڈے کپ کے دوسرے سیمی فائنل میں کس بینک نے جیت حاصل کی,KI,83578,URDU,urdu_headline_body_rrf,17,26137,0.014705882352941176,50
post_phase12_module2_M2-B,M2-B,R020,قائداعظم ون ڈے کپ کے دوسرے سیمی فائنل میں کس بینک نے جیت حاصل کی,KI,83578,URDU,urdu_headline_body_rrf,18,90946,0.014705882352941176,50
post_phase12_module2_M2-B,M2-B,R020,قائداعظم ون ڈے کپ کے دوسرے سیمی فائنل میں کس بینک نے جیت حاصل کی,KI,83578,URDU,urdu_headline_body_rrf,19,34442,0.014492753623188406,50
post_phase12_module2_M2-B,M2-B,R020,قائداعظم ون ڈے کپ کے دوسرے سیمی فائنل میں کس بینک نے جیت حاصل کی,KI,83578,URDU,urdu_headline_body_rrf,20,83609,0.014492753623188406,50
post_phase12_module2_M2-B,M2-B,R020,قائداعظم ون ڈے کپ کے دوسرے سیمی فائنل میں کس بینک نے جیت حاصل کی,KI,83578,URDU,urdu_headline_body_rrf,21,54696,0.014285714285714285,50
post_phase12_module2_M2-B,M2-B,R020,قائداعظم ون ڈے کپ کے دوسرے سیمی فائنل میں کس بینک نے جیت حاصل کی,KI,83578,URDU,urdu_headline_body_rrf,22,97034,0.014285714285714285,50
post_phase12_module2_M2-B,M2-B,R020,قائداعظم ون ڈے کپ کے دوسرے سیمی فائنل میں کس بینک نے جیت حاصل کی,KI,83578,URDU,urdu_headline_body_rrf,23,33423,0.013888888888888888,50
post_phase12_module2_M2-B,M2-B,R020,قائداعظم ون ڈے کپ کے دوسرے سیمی فائنل میں کس بینک نے جیت حاصل کی,KI,83578,URDU,urdu_headline_body_rrf,24,81951,0.013888888888888888,50
post_phase12_module2_M2-B,M2-B,R020,قائداعظم ون ڈے کپ کے دوسرے سیمی فائنل میں کس بینک نے جیت حاصل کی,KI,83578,URDU,urdu_headline_body_rrf,25,53022,0.0136986301369863,50
post_phase12_module2_M2-B,M2-B,R020,قائداعظم ون ڈے کپ کے دوسرے سیمی فائنل میں کس بینک نے جیت حاصل کی,KI,83578,URDU,urdu_headline_body_rrf,26,89110,0.0136986301369863,50
post_phase12_module2_M2-B,M2-B,R020,قائداعظم ون ڈے کپ کے دوسرے سیمی فائنل میں کس بینک نے جیت حاصل کی,KI,83578,URDU,urdu_headline_body_rrf,27,26135,0.013513513513513514,50
post_phase12_module2_M2-B,M2-B,R020,قائداعظم ون ڈے کپ کے دوسرے سیمی فائنل میں کس بینک نے جیت حاصل کی,KI,83578,URDU,urdu_headline_body_rrf,28,44244,0.013513513513513514,50
post_phase12_module2_M2-B,M2-B,R020,قائداعظم ون ڈے کپ کے دوسرے سیمی فائنل میں کس بینک نے جیت حاصل کی,KI,83578,URDU,urdu_headline_body_rrf,29,36637,0.013333333333333334,50
post_phase12_module2_M2-B,M2-B,R020,قائداعظم ون ڈے کپ کے دوسرے سیمی فائنل میں کس بینک نے جیت حاصل کی,KI,83578,URDU,urdu_headline_body_rrf,30,55979,0.013333333333333334,50
post_phase12_module2_M2-B,M2-B,R020,قائداعظم ون ڈے کپ کے دوسرے سیمی فائنل میں کس بینک نے جیت حاصل کی,KI,83578,URDU,urdu_headline_body_rrf,31,26150,0.013157894736842105,50
post_phase12_module2_M2-B,M2-B,R020,قائداعظم ون ڈے کپ کے دوسرے سیمی فائنل میں کس بینک نے جیت حاصل کی,KI,83578,URDU,urdu_headline_body_rrf,32,35042,0.013157894736842105,50
post_phase12_module2_M2-B,M2-B,R020,قائداعظم ون ڈے کپ کے دوسرے سیمی فائنل میں کس بینک نے جیت حاصل کی,KI,83578,URDU,urdu_headline_body_rrf,33,25398,0.012987012987012988,50
post_phase12_module2_M2-B,M2-B,R020,قائداعظم ون ڈے کپ کے دوسرے سیمی فائنل میں کس بینک نے جیت حاصل کی,KI,83578,URDU,urdu_headline_body_rrf,34,83459,0.012987012987012988,50
post_phase12_module2_M2-B,M2-B,R020,قائداعظم ون ڈے کپ کے دوسرے سیمی فائنل میں کس بینک نے جیت حاصل کی,KI,83578,URDU,urdu_headline_body_rrf,35,26235,0.01282051282051282,50
post_phase12_module2_M2-B,M2-B,R020,قائداعظم ون ڈے کپ کے دوسرے سیمی فائنل میں کس بینک نے جیت حاصل کی,KI,83578,URDU,urdu_headline_body_rrf,36,89202,0.01282051282051282,50
post_phase12_module2_M2-B,M2-B,R020,قائداعظم ون ڈے کپ کے دوسرے سیمی فائنل میں کس بینک نے جیت حاصل کی,KI,83578,URDU,urdu_headline_body_rrf,37,82538,0.012658227848101266,50
post_phase12_module2_M2-B,M2-B,R020,قائداعظم ون ڈے کپ کے دوسرے سیمی فائنل میں کس بینک نے جیت حاصل کی,KI,83578,URDU,urdu_headline_body_rrf,38,90996,0.012658227848101266,50
post_phase12_module2_M2-B,M2-B,R020,قائداعظم ون ڈے کپ کے دوسرے سیمی فائنل میں کس بینک نے جیت حاصل کی,KI,83578,URDU,urdu_headline_body_rrf,39,84886,0.0125,50
post_phase12_module2_M2-B,M2-B,R020,قائداعظم ون ڈے کپ کے دوسرے سیمی فائنل میں کس بینک نے جیت حاصل کی,KI,83578,URDU,urdu_headline_body_rrf,40,94696,0.0125,50
post_phase12_module2_M2-B,M2-B,R020,قائداعظم ون ڈے کپ کے دوسرے سیمی فائنل میں کس بینک نے جیت حاصل کی,KI,83578,URDU,urdu_headline_body_rrf,41,53070,0.012345679012345678,50
post_phase12_module2_M2-B,M2-B,R020,قائداعظم ون ڈے کپ کے دوسرے سیمی فائنل میں کس بینک نے جیت حاصل کی,KI,83578,URDU,urdu_headline_body_rrf,42,95194,0.012345679012345678,50
post_phase12_module2_M2-B,M2-B,R020,قائداعظم ون ڈے کپ کے دوسرے سیمی فائنل میں کس بینک نے جیت حاصل کی,KI,83578,URDU,urdu_headline_body_rrf,43,38150,0.012195121951219513,50
post_phase12_module2_M2-B,M2-B,R020,قائداعظم ون ڈے کپ کے دوسرے سیمی فائنل میں کس بینک نے جیت حاصل کی,KI,83578,URDU,urdu_headline_body_rrf,44,46219,0.012195121951219513,50
post_phase12_module2_M2-B,M2-B,R020,قائداعظم ون ڈے کپ کے دوسرے سیمی فائنل میں کس بینک نے جیت حاصل کی,KI,83578,URDU,urdu_headline_body_rrf,45,37604,0.012048192771084338,50
post_phase12_module2_M2-B,M2-B,R020,قائداعظم ون ڈے کپ کے دوسرے سیمی فائنل میں کس بینک نے جیت حاصل کی,KI,83578,URDU,urdu_headline_body_rrf,46,82412,0.012048192771084338,50
post_phase12_module2_M2-B,M2-B,R020,قائداعظم ون ڈے کپ کے دوسرے سیمی فائنل میں کس بینک نے جیت حاصل کی,KI,83578,URDU,urdu_headline_body_rrf,47,47866,0.011904761904761904,50
post_phase12_module2_M2-B,M2-B,R020,قائداعظم ون ڈے کپ کے دوسرے سیمی فائنل میں کس بینک نے جیت حاصل کی,KI,83578,URDU,urdu_headline_body_rrf,48,87181,0.011764705882352941,50
post_phase12_module2_M2-B,M2-B,R020,قائداعظم ون ڈے کپ کے دوسرے سیمی فائنل میں کس بینک نے جیت حاصل کی,KI,83578,URDU,urdu_headline_body_rrf,49,87920,0.011764705882352941,50
post_phase12_module2_M2-B,M2-B,R020,قائداعظم ون ڈے کپ کے دوسرے سیمی فائنل میں کس بینک نے جیت حاصل کی,KI,83578,URDU,urdu_headline_body_rrf,50,54969,0.011627906976744186,50
post_phase12_module2_M2-B,M2-B,R021,کے الیکٹرک صارفین کے لیے بجلی یونٹ کتna مہnga hua manzoor,KI,349,MIXED,urdu_headline_body_rrf,1,109301,0.0315136476426799,50
post_phase12_module2_M2-B,M2-B,R021,کے الیکٹرک صارفین کے لیے بجلی یونٹ کتna مہnga hua manzoor,KI,349,MIXED,urdu_headline_body_rrf,2,62946,0.028484848484848488,50
post_phase12_module2_M2-B,M2-B,R021,کے الیکٹرک صارفین کے لیے بجلی یونٹ کتna مہnga hua manzoor,KI,349,MIXED,urdu_headline_body_rrf,3,74241,0.02844163539403516,50
post_phase12_module2_M2-B,M2-B,R021,کے الیکٹرک صارفین کے لیے بجلی یونٹ کتna مہnga hua manzoor,KI,349,MIXED,urdu_headline_body_rrf,4,64141,0.027777777777777776,50
post_phase12_module2_M2-B,M2-B,R021,کے الیکٹرک صارفین کے لیے بجلی یونٹ کتna مہnga hua manzoor,KI,349,MIXED,urdu_headline_body_rrf,5,72289,0.026830135039090264,50
post_phase12_module2_M2-B,M2-B,R021,کے الیکٹرک صارفین کے لیے بجلی یونٹ کتna مہnga hua manzoor,KI,349,MIXED,urdu_headline_body_rrf,6,3163,0.026289682539682536,50
post_phase12_module2_M2-B,M2-B,R021,کے الیکٹرک صارفین کے لیے بجلی یونٹ کتna مہnga hua manzoor,KI,349,MIXED,urdu_headline_body_rrf,7,73380,0.02625745950554135,50
post_phase12_module2_M2-B,M2-B,R021,کے الیکٹرک صارفین کے لیے بجلی یونٹ کتna مہnga hua manzoor,KI,349,MIXED,urdu_headline_body_rrf,8,1481,0.025460793502030614,50
post_phase12_module2_M2-B,M2-B,R021,کے الیکٹرک صارفین کے لیے بجلی یونٹ کتna مہnga hua manzoor,KI,349,MIXED,urdu_headline_body_rrf,9,75088,0.023518469306404464,50
post_phase12_module2_M2-B,M2-B,R021,کے الیکٹرک صارفین کے لیے بجلی یونٹ کتna مہnga hua manzoor,KI,349,MIXED,urdu_headline_body_rrf,10,3284,0.023255813953488372,50
post_phase12_module2_M2-B,M2-B,R021,کے الیکٹرک صارفین کے لیے بجلی یونٹ کتna مہnga hua manzoor,KI,349,MIXED,urdu_headline_body_rrf,11,73637,0.022634271099744245,50
post_phase12_module2_M2-B,M2-B,R021,کے الیکٹرک صارفین کے لیے بجلی یونٹ کتna مہnga hua manzoor,KI,349,MIXED,urdu_headline_body_rrf,12,71758,0.022424242424242423,50
post_phase12_module2_M2-B,M2-B,R021,کے الیکٹرک صارفین کے لیے بجلی یونٹ کتna مہnga hua manzoor,KI,349,MIXED,urdu_headline_body_rrf,13,73149,0.021917487107360523,50
post_phase12_module2_M2-B,M2-B,R021,کے الیکٹرک صارفین کے لیے بجلی یونٹ کتna مہnga hua manzoor,KI,349,MIXED,urdu_headline_body_rrf,14,110650,0.01978557504873294,50
post_phase12_module2_M2-B,M2-B,R021,کے الیکٹرک صارفین کے لیے بجلی یونٹ کتna مہnga hua manzoor,KI,349,MIXED,urdu_headline_body_rrf,15,70772,0.01639344262295082,50
post_phase12_module2_M2-B,M2-B,R021,کے الیکٹرک صارفین کے لیے بجلی یونٹ کتna مہnga hua manzoor,KI,349,MIXED,urdu_headline_body_rrf,16,70776,0.016129032258064516,50
post_phase12_module2_M2-B,M2-B,R021,کے الیکٹرک صارفین کے لیے بجلی یونٹ کتna مہnga hua manzoor,KI,349,MIXED,urdu_headline_body_rrf,17,74493,0.015625,50
post_phase12_module2_M2-B,M2-B,R021,کے الیکٹرک صارفین کے لیے بجلی یونٹ کتna مہnga hua manzoor,KI,349,MIXED,urdu_headline_body_rrf,18,76167,0.015625,50
post_phase12_module2_M2-B,M2-B,R021,کے الیکٹرک صارفین کے لیے بجلی یونٹ کتna مہnga hua manzoor,KI,349,MIXED,urdu_headline_body_rrf,19,74441,0.015384615384615385,50
post_phase12_module2_M2-B,M2-B,R021,کے الیکٹرک صارفین کے لیے بجلی یونٹ کتna مہnga hua manzoor,KI,349,MIXED,urdu_headline_body_rrf,20,350,0.014925373134328358,50
post_phase12_module2_M2-B,M2-B,R021,کے الیکٹرک صارفین کے لیے بجلی یونٹ کتna مہnga hua manzoor,KI,349,MIXED,urdu_headline_body_rrf,21,63278,0.014705882352941176,50
post_phase12_module2_M2-B,M2-B,R021,کے الیکٹرک صارفین کے لیے بجلی یونٹ کتna مہnga hua manzoor,KI,349,MIXED,urdu_headline_body_rrf,22,74771,0.014705882352941176,50
post_phase12_module2_M2-B,M2-B,R021,کے الیکٹرک صارفین کے لیے بجلی یونٹ کتna مہnga hua manzoor,KI,349,MIXED,urdu_headline_body_rrf,23,63190,0.014492753623188406,50
post_phase12_module2_M2-B,M2-B,R021,کے الیکٹرک صارفین کے لیے بجلی یونٹ کتna مہnga hua manzoor,KI,349,MIXED,urdu_headline_body_rrf,24,70771,0.014285714285714285,50
post_phase12_module2_M2-B,M2-B,R021,کے الیکٹرک صارفین کے لیے بجلی یونٹ کتna مہnga hua manzoor,KI,349,MIXED,urdu_headline_body_rrf,25,73911,0.014285714285714285,50
post_phase12_module2_M2-B,M2-B,R021,کے الیکٹرک صارفین کے لیے بجلی یونٹ کتna مہnga hua manzoor,KI,349,MIXED,urdu_headline_body_rrf,26,71808,0.014084507042253521,50
post_phase12_module2_M2-B,M2-B,R021,کے الیکٹرک صارفین کے لیے بجلی یونٹ کتna مہnga hua manzoor,KI,349,MIXED,urdu_headline_body_rrf,27,349,0.013888888888888888,50
post_phase12_module2_M2-B,M2-B,R021,کے الیکٹرک صارفین کے لیے بجلی یونٹ کتna مہnga hua manzoor,KI,349,MIXED,urdu_headline_body_rrf,28,110449,0.013888888888888888,50
post_phase12_module2_M2-B,M2-B,R021,کے الیکٹرک صارفین کے لیے بجلی یونٹ کتna مہnga hua manzoor,KI,349,MIXED,urdu_headline_body_rrf,29,1195,0.0136986301369863,50
post_phase12_module2_M2-B,M2-B,R021,کے الیکٹرک صارفین کے لیے بجلی یونٹ کتna مہnga hua manzoor,KI,349,MIXED,urdu_headline_body_rrf,30,73952,0.0136986301369863,50
post_phase12_module2_M2-B,M2-B,R021,کے الیکٹرک صارفین کے لیے بجلی یونٹ کتna مہnga hua manzoor,KI,349,MIXED,urdu_headline_body_rrf,31,62038,0.013513513513513514,50
post_phase12_module2_M2-B,M2-B,R021,کے الیکٹرک صارفین کے لیے بجلی یونٹ کتna مہnga hua manzoor,KI,349,MIXED,urdu_headline_body_rrf,32,71385,0.013513513513513514,50
post_phase12_module2_M2-B,M2-B,R021,کے الیکٹرک صارفین کے لیے بجلی یونٹ کتna مہnga hua manzoor,KI,349,MIXED,urdu_headline_body_rrf,33,70646,0.013157894736842105,50
post_phase12_module2_M2-B,M2-B,R021,کے الیکٹرک صارفین کے لیے بجلی یونٹ کتna مہnga hua manzoor,KI,349,MIXED,urdu_headline_body_rrf,34,71383,0.013157894736842105,50
post_phase12_module2_M2-B,M2-B,R021,کے الیکٹرک صارفین کے لیے بجلی یونٹ کتna مہnga hua manzoor,KI,349,MIXED,urdu_headline_body_rrf,35,72658,0.012987012987012988,50
post_phase12_module2_M2-B,M2-B,R021,کے الیکٹرک صارفین کے لیے بجلی یونٹ کتna مہnga hua manzoor,KI,349,MIXED,urdu_headline_body_rrf,36,74875,0.012987012987012988,50
post_phase12_module2_M2-B,M2-B,R021,کے الیکٹرک صارفین کے لیے بجلی یونٹ کتna مہnga hua manzoor,KI,349,MIXED,urdu_headline_body_rrf,37,2826,0.01282051282051282,50
post_phase12_module2_M2-B,M2-B,R021,کے الیکٹرک صارفین کے لیے بجلی یونٹ کتna مہnga hua manzoor,KI,349,MIXED,urdu_headline_body_rrf,38,109783,0.01282051282051282,50
post_phase12_module2_M2-B,M2-B,R021,کے الیکٹرک صارفین کے لیے بجلی یونٹ کتna مہnga hua manzoor,KI,349,MIXED,urdu_headline_body_rrf,39,75615,0.012658227848101266,50
post_phase12_module2_M2-B,M2-B,R021,کے الیکٹرک صارفین کے لیے بجلی یونٹ کتna مہnga hua manzoor,KI,349,MIXED,urdu_headline_body_rrf,40,73,0.0125,50
post_phase12_module2_M2-B,M2-B,R021,کے الیکٹرک صارفین کے لیے بجلی یونٹ کتna مہnga hua manzoor,KI,349,MIXED,urdu_headline_body_rrf,41,70782,0.0125,50
post_phase12_module2_M2-B,M2-B,R021,کے الیکٹرک صارفین کے لیے بجلی یونٹ کتna مہnga hua manzoor,KI,349,MIXED,urdu_headline_body_rrf,42,41037,0.012345679012345678,50
post_phase12_module2_M2-B,M2-B,R021,کے الیکٹرک صارفین کے لیے بجلی یونٹ کتna مہnga hua manzoor,KI,349,MIXED,urdu_headline_body_rrf,43,64488,0.012345679012345678,50
post_phase12_module2_M2-B,M2-B,R021,کے الیکٹرک صارفین کے لیے بجلی یونٹ کتna مہnga hua manzoor,KI,349,MIXED,urdu_headline_body_rrf,44,70037,0.012195121951219513,50
post_phase12_module2_M2-B,M2-B,R021,کے الیکٹرک صارفین کے لیے بجلی یونٹ کتna مہnga hua manzoor,KI,349,MIXED,urdu_headline_body_rrf,45,78886,0.012195121951219513,50
post_phase12_module2_M2-B,M2-B,R021,کے الیکٹرک صارفین کے لیے بجلی یونٹ کتna مہnga hua manzoor,KI,349,MIXED,urdu_headline_body_rrf,46,77064,0.012048192771084338,50
post_phase12_module2_M2-B,M2-B,R021,کے الیکٹرک صارفین کے لیے بجلی یونٹ کتna مہnga hua manzoor,KI,349,MIXED,urdu_headline_body_rrf,47,20688,0.011494252873563218,50
post_phase12_module2_M2-B,M2-B,R021,کے الیکٹرک صارفین کے لیے بجلی یونٹ کتna مہnga hua manzoor,KI,349,MIXED,urdu_headline_body_rrf,48,70910,0.011494252873563218,50
post_phase12_module2_M2-B,M2-B,R021,کے الیکٹرک صارفین کے لیے بجلی یونٹ کتna مہnga hua manzoor,KI,349,MIXED,urdu_headline_body_rrf,49,72061,0.011363636363636364,50
post_phase12_module2_M2-B,M2-B,R021,کے الیکٹرک صارفین کے لیے بجلی یونٹ کتna مہnga hua manzoor,KI,349,MIXED,urdu_headline_body_rrf,50,79771,0.011363636363636364,50
post_phase12_module2_M2-B,M2-B,R022,ملک میں سونے ki فی تولہ qeemat mein kitna izafa hua,KI,73145,MIXED,urdu_headline_body_rrf,1,73142,0.03007688828584351,50
post_phase12_module2_M2-B,M2-B,R022,ملک میں سونے ki فی تولہ qeemat mein kitna izafa hua,KI,73145,MIXED,urdu_headline_body_rrf,2,72736,0.027893738140417457,50
post_phase12_module2_M2-B,M2-B,R022,ملک میں سونے ki فی تولہ qeemat mein kitna izafa hua,KI,73145,MIXED,urdu_headline_body_rrf,3,70067,0.027432808155699723,50
post_phase12_module2_M2-B,M2-B,R022,ملک میں سونے ki فی تولہ qeemat mein kitna izafa hua,KI,73145,MIXED,urdu_headline_body_rrf,4,70279,0.02690501986276634,50
post_phase12_module2_M2-B,M2-B,R022,ملک میں سونے ki فی تولہ qeemat mein kitna izafa hua,KI,73145,MIXED,urdu_headline_body_rrf,5,71264,0.0264808362369338,50
post_phase12_module2_M2-B,M2-B,R022,ملک میں سونے ki فی تولہ qeemat mein kitna izafa hua,KI,73145,MIXED,urdu_headline_body_rrf,6,70618,0.02638888888888889,50
post_phase12_module2_M2-B,M2-B,R022,ملک میں سونے ki فی تولہ qeemat mein kitna izafa hua,KI,73145,MIXED,urdu_headline_body_rrf,7,65716,0.02565359477124183,50
post_phase12_module2_M2-B,M2-B,R022,ملک میں سونے ki فی تولہ qeemat mein kitna izafa hua,KI,73145,MIXED,urdu_headline_body_rrf,8,70295,0.025320462098433298,50
post_phase12_module2_M2-B,M2-B,R022,ملک میں سونے ki فی تولہ qeemat mein kitna izafa hua,KI,73145,MIXED,urdu_headline_body_rrf,9,72275,0.024108138238573024,50
post_phase12_module2_M2-B,M2-B,R022,ملک میں سونے ki فی تولہ qeemat mein kitna izafa hua,KI,73145,MIXED,urdu_headline_body_rrf,10,3367,0.023132592401137242,50
post_phase12_module2_M2-B,M2-B,R022,ملک میں سونے ki فی تولہ qeemat mein kitna izafa hua,KI,73145,MIXED,urdu_headline_body_rrf,11,72334,0.02016210739614995,50
post_phase12_module2_M2-B,M2-B,R022,ملک میں سونے ki فی تولہ qeemat mein kitna izafa hua,KI,73145,MIXED,urdu_headline_body_rrf,12,71038,0.019174311926605507,50
post_phase12_module2_M2-B,M2-B,R022,ملک میں سونے ki فی تولہ qeemat mein kitna izafa hua,KI,73145,MIXED,urdu_headline_body_rrf,13,72732,0.01639344262295082,50
post_phase12_module2_M2-B,M2-B,R022,ملک میں سونے ki فی تولہ qeemat mein kitna izafa hua,KI,73145,MIXED,urdu_headline_body_rrf,14,74509,0.01639344262295082,50
post_phase12_module2_M2-B,M2-B,R022,ملک میں سونے ki فی تولہ qeemat mein kitna izafa hua,KI,73145,MIXED,urdu_headline_body_rrf,15,70073,0.016129032258064516,50
post_phase12_module2_M2-B,M2-B,R022,ملک میں سونے ki فی تولہ qeemat mein kitna izafa hua,KI,73145,MIXED,urdu_headline_body_rrf,16,70001,0.015873015873015872,50
post_phase12_module2_M2-B,M2-B,R022,ملک میں سونے ki فی تولہ qeemat mein kitna izafa hua,KI,73145,MIXED,urdu_headline_body_rrf,17,72799,0.015873015873015872,50
post_phase12_module2_M2-B,M2-B,R022,ملک میں سونے ki فی تولہ qeemat mein kitna izafa hua,KI,73145,MIXED,urdu_headline_body_rrf,18,72865,0.015625,50
post_phase12_module2_M2-B,M2-B,R022,ملک میں سونے ki فی تولہ qeemat mein kitna izafa hua,KI,73145,MIXED,urdu_headline_body_rrf,19,111719,0.015625,50
post_phase12_module2_M2-B,M2-B,R022,ملک میں سونے ki فی تولہ qeemat mein kitna izafa hua,KI,73145,MIXED,urdu_headline_body_rrf,20,76870,0.015384615384615385,50
post_phase12_module2_M2-B,M2-B,R022,ملک میں سونے ki فی تولہ qeemat mein kitna izafa hua,KI,73145,MIXED,urdu_headline_body_rrf,21,71462,0.015151515151515152,50
post_phase12_module2_M2-B,M2-B,R022,ملک میں سونے ki فی تولہ qeemat mein kitna izafa hua,KI,73145,MIXED,urdu_headline_body_rrf,22,70760,0.014925373134328358,50
post_phase12_module2_M2-B,M2-B,R022,ملک میں سونے ki فی تولہ qeemat mein kitna izafa hua,KI,73145,MIXED,urdu_headline_body_rrf,23,70665,0.014705882352941176,50
post_phase12_module2_M2-B,M2-B,R022,ملک میں سونے ki فی تولہ qeemat mein kitna izafa hua,KI,73145,MIXED,urdu_headline_body_rrf,24,72246,0.014705882352941176,50
post_phase12_module2_M2-B,M2-B,R022,ملک میں سونے ki فی تولہ qeemat mein kitna izafa hua,KI,73145,MIXED,urdu_headline_body_rrf,25,63084,0.014492753623188406,50
post_phase12_module2_M2-B,M2-B,R022,ملک میں سونے ki فی تولہ qeemat mein kitna izafa hua,KI,73145,MIXED,urdu_headline_body_rrf,26,70313,0.014285714285714285,50
post_phase12_module2_M2-B,M2-B,R022,ملک میں سونے ki فی تولہ qeemat mein kitna izafa hua,KI,73145,MIXED,urdu_headline_body_rrf,27,70645,0.0136986301369863,50
post_phase12_module2_M2-B,M2-B,R022,ملک میں سونے ki فی تولہ qeemat mein kitna izafa hua,KI,73145,MIXED,urdu_headline_body_rrf,28,562,0.013513513513513514,50
post_phase12_module2_M2-B,M2-B,R022,ملک میں سونے ki فی تولہ qeemat mein kitna izafa hua,KI,73145,MIXED,urdu_headline_body_rrf,29,70153,0.013513513513513514,50
post_phase12_module2_M2-B,M2-B,R022,ملک میں سونے ki فی تولہ qeemat mein kitna izafa hua,KI,73145,MIXED,urdu_headline_body_rrf,30,1216,0.013333333333333334,50
post_phase12_module2_M2-B,M2-B,R022,ملک میں سونے ki فی تولہ qeemat mein kitna izafa hua,KI,73145,MIXED,urdu_headline_body_rrf,31,111418,0.013333333333333334,50
post_phase12_module2_M2-B,M2-B,R022,ملک میں سونے ki فی تولہ qeemat mein kitna izafa hua,KI,73145,MIXED,urdu_headline_body_rrf,32,70167,0.013157894736842105,50
post_phase12_module2_M2-B,M2-B,R022,ملک میں سونے ki فی تولہ qeemat mein kitna izafa hua,KI,73145,MIXED,urdu_headline_body_rrf,33,70855,0.013157894736842105,50
post_phase12_module2_M2-B,M2-B,R022,ملک میں سونے ki فی تولہ qeemat mein kitna izafa hua,KI,73145,MIXED,urdu_headline_body_rrf,34,65661,0.012987012987012988,50
post_phase12_module2_M2-B,M2-B,R022,ملک میں سونے ki فی تولہ qeemat mein kitna izafa hua,KI,73145,MIXED,urdu_headline_body_rrf,35,70022,0.012987012987012988,50
post_phase12_module2_M2-B,M2-B,R022,ملک میں سونے ki فی تولہ qeemat mein kitna izafa hua,KI,73145,MIXED,urdu_headline_body_rrf,36,63003,0.01282051282051282,50
post_phase12_module2_M2-B,M2-B,R022,ملک میں سونے ki فی تولہ qeemat mein kitna izafa hua,KI,73145,MIXED,urdu_headline_body_rrf,37,70856,0.012658227848101266,50
post_phase12_module2_M2-B,M2-B,R022,ملک میں سونے ki فی تولہ qeemat mein kitna izafa hua,KI,73145,MIXED,urdu_headline_body_rrf,38,71222,0.012658227848101266,50
post_phase12_module2_M2-B,M2-B,R022,ملک میں سونے ki فی تولہ qeemat mein kitna izafa hua,KI,73145,MIXED,urdu_headline_body_rrf,39,71145,0.0125,50
post_phase12_module2_M2-B,M2-B,R022,ملک میں سونے ki فی تولہ qeemat mein kitna izafa hua,KI,73145,MIXED,urdu_headline_body_rrf,40,64406,0.012345679012345678,50
post_phase12_module2_M2-B,M2-B,R022,ملک میں سونے ki فی تولہ qeemat mein kitna izafa hua,KI,73145,MIXED,urdu_headline_body_rrf,41,109188,0.012345679012345678,50
post_phase12_module2_M2-B,M2-B,R022,ملک میں سونے ki فی تولہ qeemat mein kitna izafa hua,KI,73145,MIXED,urdu_headline_body_rrf,42,79278,0.012195121951219513,50
post_phase12_module2_M2-B,M2-B,R022,ملک میں سونے ki فی تولہ qeemat mein kitna izafa hua,KI,73145,MIXED,urdu_headline_body_rrf,43,17115,0.012048192771084338,50
post_phase12_module2_M2-B,M2-B,R022,ملک میں سونے ki فی تولہ qeemat mein kitna izafa hua,KI,73145,MIXED,urdu_headline_body_rrf,44,61840,0.011904761904761904,50
post_phase12_module2_M2-B,M2-B,R022,ملک میں سونے ki فی تولہ qeemat mein kitna izafa hua,KI,73145,MIXED,urdu_headline_body_rrf,45,70245,0.011904761904761904,50
post_phase12_module2_M2-B,M2-B,R022,ملک میں سونے ki فی تولہ qeemat mein kitna izafa hua,KI,73145,MIXED,urdu_headline_body_rrf,46,78843,0.011627906976744186,50
post_phase12_module2_M2-B,M2-B,R022,ملک میں سونے ki فی تولہ qeemat mein kitna izafa hua,KI,73145,MIXED,urdu_headline_body_rrf,47,111023,0.011627906976744186,50
post_phase12_module2_M2-B,M2-B,R022,ملک میں سونے ki فی تولہ qeemat mein kitna izafa hua,KI,73145,MIXED,urdu_headline_body_rrf,48,70551,0.011494252873563218,50
post_phase12_module2_M2-B,M2-B,R022,ملک میں سونے ki فی تولہ qeemat mein kitna izafa hua,KI,73145,MIXED,urdu_headline_body_rrf,49,78666,0.011494252873563218,50
post_phase12_module2_M2-B,M2-B,R022,ملک میں سونے ki فی تولہ qeemat mein kitna izafa hua,KI,73145,MIXED,urdu_headline_body_rrf,50,352,0.011363636363636364,50
post_phase12_module2_M2-B,M2-B,R023,فواد چوہدری ne pehla science fair kab aur kahan karne ka elaan kiya,KI,59622,MIXED,urdu_headline_body_rrf,1,20652,0.031009615384615385,50
post_phase12_module2_M2-B,M2-B,R023,فواد چوہدری ne pehla science fair kab aur kahan karne ka elaan kiya,KI,59622,MIXED,urdu_headline_body_rrf,2,59622,0.029513888888888888,50
post_phase12_module2_M2-B,M2-B,R023,فواد چوہدری ne pehla science fair kab aur kahan karne ka elaan kiya,KI,59622,MIXED,urdu_headline_body_rrf,3,3653,0.02878726010616578,50
post_phase12_module2_M2-B,M2-B,R023,فواد چوہدری ne pehla science fair kab aur kahan karne ka elaan kiya,KI,59622,MIXED,urdu_headline_body_rrf,4,19972,0.028594771241830064,50
post_phase12_module2_M2-B,M2-B,R023,فواد چوہدری ne pehla science fair kab aur kahan karne ka elaan kiya,KI,59622,MIXED,urdu_headline_body_rrf,5,4770,0.027146130794993832,50
post_phase12_module2_M2-B,M2-B,R023,فواد چوہدری ne pehla science fair kab aur kahan karne ka elaan kiya,KI,59622,MIXED,urdu_headline_body_rrf,6,3891,0.02694394213381555,50
post_phase12_module2_M2-B,M2-B,R023,فواد چوہدری ne pehla science fair kab aur kahan karne ka elaan kiya,KI,59622,MIXED,urdu_headline_body_rrf,7,20587,0.02628900949796472,50
post_phase12_module2_M2-B,M2-B,R023,فواد چوہدری ne pehla science fair kab aur kahan karne ka elaan kiya,KI,59622,MIXED,urdu_headline_body_rrf,8,98761,0.026153846153846153,50
post_phase12_module2_M2-B,M2-B,R023,فواد چوہدری ne pehla science fair kab aur kahan karne ka elaan kiya,KI,59622,MIXED,urdu_headline_body_rrf,9,82283,0.026120660599932594,50
post_phase12_module2_M2-B,M2-B,R023,فواد چوہدری ne pehla science fair kab aur kahan karne ka elaan kiya,KI,59622,MIXED,urdu_headline_body_rrf,10,66819,0.02603002235707442,50
post_phase12_module2_M2-B,M2-B,R023,فواد چوہدری ne pehla science fair kab aur kahan karne ka elaan kiya,KI,59622,MIXED,urdu_headline_body_rrf,11,5313,0.025978407557354925,50
post_phase12_module2_M2-B,M2-B,R023,فواد چوہدری ne pehla science fair kab aur kahan karne ka elaan kiya,KI,59622,MIXED,urdu_headline_body_rrf,12,4744,0.025603392041748205,50
post_phase12_module2_M2-B,M2-B,R023,فواد چوہدری ne pehla science fair kab aur kahan karne ka elaan kiya,KI,59622,MIXED,urdu_headline_body_rrf,13,26419,0.02507351803126451,50
post_phase12_module2_M2-B,M2-B,R023,فواد چوہدری ne pehla science fair kab aur kahan karne ka elaan kiya,KI,59622,MIXED,urdu_headline_body_rrf,14,83212,0.024806892453951276,50
post_phase12_module2_M2-B,M2-B,R023,فواد چوہدری ne pehla science fair kab aur kahan karne ka elaan kiya,KI,59622,MIXED,urdu_headline_body_rrf,15,79293,0.023296291337528453,50
post_phase12_module2_M2-B,M2-B,R023,فواد چوہدری ne pehla science fair kab aur kahan karne ka elaan kiya,KI,59622,MIXED,urdu_headline_body_rrf,16,98604,0.022983976884686105,50
post_phase12_module2_M2-B,M2-B,R023,فواد چوہدری ne pehla science fair kab aur kahan karne ka elaan kiya,KI,59622,MIXED,urdu_headline_body_rrf,17,82794,0.022772772772772773,50
post_phase12_module2_M2-B,M2-B,R023,فواد چوہدری ne pehla science fair kab aur kahan karne ka elaan kiya,KI,59622,MIXED,urdu_headline_body_rrf,18,3710,0.022704081632653063,50
post_phase12_module2_M2-B,M2-B,R023,فواد چوہدری ne pehla science fair kab aur kahan karne ka elaan kiya,KI,59622,MIXED,urdu_headline_body_rrf,19,69414,0.022161324913618493,50
post_phase12_module2_M2-B,M2-B,R023,فواد چوہدری ne pehla science fair kab aur kahan karne ka elaan kiya,KI,59622,MIXED,urdu_headline_body_rrf,20,3879,0.01639344262295082,50
post_phase12_module2_M2-B,M2-B,R023,فواد چوہدری ne pehla science fair kab aur kahan karne ka elaan kiya,KI,59622,MIXED,urdu_headline_body_rrf,21,79785,0.015873015873015872,50
post_phase12_module2_M2-B,M2-B,R023,فواد چوہدری ne pehla science fair kab aur kahan karne ka elaan kiya,KI,59622,MIXED,urdu_headline_body_rrf,22,98447,0.015873015873015872,50
post_phase12_module2_M2-B,M2-B,R023,فواد چوہدری ne pehla science fair kab aur kahan karne ka elaan kiya,KI,59622,MIXED,urdu_headline_body_rrf,23,98947,0.015384615384615385,50
post_phase12_module2_M2-B,M2-B,R023,فواد چوہدری ne pehla science fair kab aur kahan karne ka elaan kiya,KI,59622,MIXED,urdu_headline_body_rrf,24,19588,0.015151515151515152,50
post_phase12_module2_M2-B,M2-B,R023,فواد چوہدری ne pehla science fair kab aur kahan karne ka elaan kiya,KI,59622,MIXED,urdu_headline_body_rrf,25,20660,0.015151515151515152,50
post_phase12_module2_M2-B,M2-B,R023,فواد چوہدری ne pehla science fair kab aur kahan karne ka elaan kiya,KI,59622,MIXED,urdu_headline_body_rrf,26,79373,0.014925373134328358,50
post_phase12_module2_M2-B,M2-B,R023,فواد چوہدری ne pehla science fair kab aur kahan karne ka elaan kiya,KI,59622,MIXED,urdu_headline_body_rrf,27,70216,0.014492753623188406,50
post_phase12_module2_M2-B,M2-B,R023,فواد چوہدری ne pehla science fair kab aur kahan karne ka elaan kiya,KI,59622,MIXED,urdu_headline_body_rrf,28,59422,0.014285714285714285,50
post_phase12_module2_M2-B,M2-B,R023,فواد چوہدری ne pehla science fair kab aur kahan karne ka elaan kiya,KI,59622,MIXED,urdu_headline_body_rrf,29,20665,0.014084507042253521,50
post_phase12_module2_M2-B,M2-B,R023,فواد چوہدری ne pehla science fair kab aur kahan karne ka elaan kiya,KI,59622,MIXED,urdu_headline_body_rrf,30,20605,0.0136986301369863,50
post_phase12_module2_M2-B,M2-B,R023,فواد چوہدری ne pehla science fair kab aur kahan karne ka elaan kiya,KI,59622,MIXED,urdu_headline_body_rrf,31,20573,0.013513513513513514,50
post_phase12_module2_M2-B,M2-B,R023,فواد چوہدری ne pehla science fair kab aur kahan karne ka elaan kiya,KI,59622,MIXED,urdu_headline_body_rrf,32,65602,0.013333333333333334,50
post_phase12_module2_M2-B,M2-B,R023,فواد چوہدری ne pehla science fair kab aur kahan karne ka elaan kiya,KI,59622,MIXED,urdu_headline_body_rrf,33,59247,0.013157894736842105,50
post_phase12_module2_M2-B,M2-B,R023,فواد چوہدری ne pehla science fair kab aur kahan karne ka elaan kiya,KI,59622,MIXED,urdu_headline_body_rrf,34,67326,0.0125,50
post_phase12_module2_M2-B,M2-B,R023,فواد چوہدری ne pehla science fair kab aur kahan karne ka elaan kiya,KI,59622,MIXED,urdu_headline_body_rrf,35,111010,0.012345679012345678,50
post_phase12_module2_M2-B,M2-B,R023,فواد چوہدری ne pehla science fair kab aur kahan karne ka elaan kiya,KI,59622,MIXED,urdu_headline_body_rrf,36,3583,0.012195121951219513,50
post_phase12_module2_M2-B,M2-B,R023,فواد چوہدری ne pehla science fair kab aur kahan karne ka elaan kiya,KI,59622,MIXED,urdu_headline_body_rrf,37,82286,0.012195121951219513,50
post_phase12_module2_M2-B,M2-B,R023,فواد چوہدری ne pehla science fair kab aur kahan karne ka elaan kiya,KI,59622,MIXED,urdu_headline_body_rrf,38,67181,0.012048192771084338,50
post_phase12_module2_M2-B,M2-B,R023,فواد چوہدری ne pehla science fair kab aur kahan karne ka elaan kiya,KI,59622,MIXED,urdu_headline_body_rrf,39,97750,0.012048192771084338,50
post_phase12_module2_M2-B,M2-B,R023,فواد چوہدری ne pehla science fair kab aur kahan karne ka elaan kiya,KI,59622,MIXED,urdu_headline_body_rrf,40,101871,0.011904761904761904,50
post_phase12_module2_M2-B,M2-B,R023,فواد چوہدری ne pehla science fair kab aur kahan karne ka elaan kiya,KI,59622,MIXED,urdu_headline_body_rrf,41,5700,0.011764705882352941,50
post_phase12_module2_M2-B,M2-B,R023,فواد چوہدری ne pehla science fair kab aur kahan karne ka elaan kiya,KI,59622,MIXED,urdu_headline_body_rrf,42,19273,0.011764705882352941,50
post_phase12_module2_M2-B,M2-B,R023,فواد چوہدری ne pehla science fair kab aur kahan karne ka elaan kiya,KI,59622,MIXED,urdu_headline_body_rrf,43,88834,0.011627906976744186,50
post_phase12_module2_M2-B,M2-B,R023,فواد چوہدری ne pehla science fair kab aur kahan karne ka elaan kiya,KI,59622,MIXED,urdu_headline_body_rrf,44,83042,0.011494252873563218,50
post_phase12_module2_M2-B,M2-B,R023,فواد چوہدری ne pehla science fair kab aur kahan karne ka elaan kiya,KI,59622,MIXED,urdu_headline_body_rrf,45,88754,0.011494252873563218,50
post_phase12_module2_M2-B,M2-B,R023,فواد چوہدری ne pehla science fair kab aur kahan karne ka elaan kiya,KI,59622,MIXED,urdu_headline_body_rrf,46,4031,0.011363636363636364,50
post_phase12_module2_M2-B,M2-B,R023,فواد چوہدری ne pehla science fair kab aur kahan karne ka elaan kiya,KI,59622,MIXED,urdu_headline_body_rrf,47,3557,0.011235955056179775,50
post_phase12_module2_M2-B,M2-B,R023,فواد چوہدری ne pehla science fair kab aur kahan karne ka elaan kiya,KI,59622,MIXED,urdu_headline_body_rrf,48,97468,0.011235955056179775,50
post_phase12_module2_M2-B,M2-B,R023,فواد چوہدری ne pehla science fair kab aur kahan karne ka elaan kiya,KI,59622,MIXED,urdu_headline_body_rrf,49,26898,0.011111111111111112,50
post_phase12_module2_M2-B,M2-B,R023,فواد چوہدری ne pehla science fair kab aur kahan karne ka elaan kiya,KI,59622,MIXED,urdu_headline_body_rrf,50,58397,0.011111111111111112,50
post_phase12_module2_M2-B,M2-B,R024,گوگل کی خودکار udan taxi ne New Zealand mein pehli test parwaz kab ki,KI,80278,MIXED,urdu_headline_body_rrf,1,14929,0.030886196246139225,50
post_phase12_module2_M2-B,M2-B,R024,گوگل کی خودکار udan taxi ne New Zealand mein pehli test parwaz kab ki,KI,80278,MIXED,urdu_headline_body_rrf,2,80131,0.030309988518943745,50
post_phase12_module2_M2-B,M2-B,R024,گوگل کی خودکار udan taxi ne New Zealand mein pehli test parwaz kab ki,KI,80278,MIXED,urdu_headline_body_rrf,3,20653,0.030158730158730156,50
post_phase12_module2_M2-B,M2-B,R024,گوگل کی خودکار udan taxi ne New Zealand mein pehli test parwaz kab ki,KI,80278,MIXED,urdu_headline_body_rrf,4,20102,0.02668564312399929,50
post_phase12_module2_M2-B,M2-B,R024,گوگل کی خودکار udan taxi ne New Zealand mein pehli test parwaz kab ki,KI,80278,MIXED,urdu_headline_body_rrf,5,15627,0.020098482564566374,50
post_phase12_module2_M2-B,M2-B,R024,گوگل کی خودکار udan taxi ne New Zealand mein pehli test parwaz kab ki,KI,80278,MIXED,urdu_headline_body_rrf,6,22819,0.01639344262295082,50
post_phase12_module2_M2-B,M2-B,R024,گوگل کی خودکار udan taxi ne New Zealand mein pehli test parwaz kab ki,KI,80278,MIXED,urdu_headline_body_rrf,7,60366,0.016129032258064516,50
post_phase12_module2_M2-B,M2-B,R024,گوگل کی خودکار udan taxi ne New Zealand mein pehli test parwaz kab ki,KI,80278,MIXED,urdu_headline_body_rrf,8,79536,0.016129032258064516,50
post_phase12_module2_M2-B,M2-B,R024,گوگل کی خودکار udan taxi ne New Zealand mein pehli test parwaz kab ki,KI,80278,MIXED,urdu_headline_body_rrf,9,19896,0.015873015873015872,50
post_phase12_module2_M2-B,M2-B,R024,گوگل کی خودکار udan taxi ne New Zealand mein pehli test parwaz kab ki,KI,80278,MIXED,urdu_headline_body_rrf,10,14834,0.015625,50
post_phase12_module2_M2-B,M2-B,R024,گوگل کی خودکار udan taxi ne New Zealand mein pehli test parwaz kab ki,KI,80278,MIXED,urdu_headline_body_rrf,11,20410,0.015625,50
post_phase12_module2_M2-B,M2-B,R024,گوگل کی خودکار udan taxi ne New Zealand mein pehli test parwaz kab ki,KI,80278,MIXED,urdu_headline_body_rrf,12,20627,0.015384615384615385,50
post_phase12_module2_M2-B,M2-B,R024,گوگل کی خودکار udan taxi ne New Zealand mein pehli test parwaz kab ki,KI,80278,MIXED,urdu_headline_body_rrf,13,21243,0.015151515151515152,50
post_phase12_module2_M2-B,M2-B,R024,گوگل کی خودکار udan taxi ne New Zealand mein pehli test parwaz kab ki,KI,80278,MIXED,urdu_headline_body_rrf,14,21337,0.015151515151515152,50
post_phase12_module2_M2-B,M2-B,R024,گوگل کی خودکار udan taxi ne New Zealand mein pehli test parwaz kab ki,KI,80278,MIXED,urdu_headline_body_rrf,15,49700,0.014925373134328358,50
post_phase12_module2_M2-B,M2-B,R024,گوگل کی خودکار udan taxi ne New Zealand mein pehli test parwaz kab ki,KI,80278,MIXED,urdu_headline_body_rrf,16,19694,0.014705882352941176,50
post_phase12_module2_M2-B,M2-B,R024,گوگل کی خودکار udan taxi ne New Zealand mein pehli test parwaz kab ki,KI,80278,MIXED,urdu_headline_body_rrf,17,21022,0.014705882352941176,50
post_phase12_module2_M2-B,M2-B,R024,گوگل کی خودکار udan taxi ne New Zealand mein pehli test parwaz kab ki,KI,80278,MIXED,urdu_headline_body_rrf,18,60177,0.014492753623188406,50
post_phase12_module2_M2-B,M2-B,R024,گوگل کی خودکار udan taxi ne New Zealand mein pehli test parwaz kab ki,KI,80278,MIXED,urdu_headline_body_rrf,19,15353,0.014285714285714285,50
post_phase12_module2_M2-B,M2-B,R024,گوگل کی خودکار udan taxi ne New Zealand mein pehli test parwaz kab ki,KI,80278,MIXED,urdu_headline_body_rrf,20,21300,0.014084507042253521,50
post_phase12_module2_M2-B,M2-B,R024,گوگل کی خودکار udan taxi ne New Zealand mein pehli test parwaz kab ki,KI,80278,MIXED,urdu_headline_body_rrf,21,22832,0.014084507042253521,50
post_phase12_module2_M2-B,M2-B,R024,گوگل کی خودکار udan taxi ne New Zealand mein pehli test parwaz kab ki,KI,80278,MIXED,urdu_headline_body_rrf,22,19266,0.013888888888888888,50
post_phase12_module2_M2-B,M2-B,R024,گوگل کی خودکار udan taxi ne New Zealand mein pehli test parwaz kab ki,KI,80278,MIXED,urdu_headline_body_rrf,23,23386,0.013888888888888888,50
post_phase12_module2_M2-B,M2-B,R024,گوگل کی خودکار udan taxi ne New Zealand mein pehli test parwaz kab ki,KI,80278,MIXED,urdu_headline_body_rrf,24,20024,0.0136986301369863,50
post_phase12_module2_M2-B,M2-B,R024,گوگل کی خودکار udan taxi ne New Zealand mein pehli test parwaz kab ki,KI,80278,MIXED,urdu_headline_body_rrf,25,23361,0.013513513513513514,50
post_phase12_module2_M2-B,M2-B,R024,گوگل کی خودکار udan taxi ne New Zealand mein pehli test parwaz kab ki,KI,80278,MIXED,urdu_headline_body_rrf,26,79578,0.013513513513513514,50
post_phase12_module2_M2-B,M2-B,R024,گوگل کی خودکار udan taxi ne New Zealand mein pehli test parwaz kab ki,KI,80278,MIXED,urdu_headline_body_rrf,27,1725,0.013333333333333334,50
post_phase12_module2_M2-B,M2-B,R024,گوگل کی خودکار udan taxi ne New Zealand mein pehli test parwaz kab ki,KI,80278,MIXED,urdu_headline_body_rrf,28,59250,0.013333333333333334,50
post_phase12_module2_M2-B,M2-B,R024,گوگل کی خودکار udan taxi ne New Zealand mein pehli test parwaz kab ki,KI,80278,MIXED,urdu_headline_body_rrf,29,21045,0.013157894736842105,50
post_phase12_module2_M2-B,M2-B,R024,گوگل کی خودکار udan taxi ne New Zealand mein pehli test parwaz kab ki,KI,80278,MIXED,urdu_headline_body_rrf,30,24139,0.013157894736842105,50
post_phase12_module2_M2-B,M2-B,R024,گوگل کی خودکار udan taxi ne New Zealand mein pehli test parwaz kab ki,KI,80278,MIXED,urdu_headline_body_rrf,31,60267,0.012987012987012988,50
post_phase12_module2_M2-B,M2-B,R024,گوگل کی خودکار udan taxi ne New Zealand mein pehli test parwaz kab ki,KI,80278,MIXED,urdu_headline_body_rrf,32,22362,0.01282051282051282,50
post_phase12_module2_M2-B,M2-B,R024,گوگل کی خودکار udan taxi ne New Zealand mein pehli test parwaz kab ki,KI,80278,MIXED,urdu_headline_body_rrf,33,80189,0.01282051282051282,50
post_phase12_module2_M2-B,M2-B,R024,گوگل کی خودکار udan taxi ne New Zealand mein pehli test parwaz kab ki,KI,80278,MIXED,urdu_headline_body_rrf,34,21235,0.012658227848101266,50
post_phase12_module2_M2-B,M2-B,R024,گوگل کی خودکار udan taxi ne New Zealand mein pehli test parwaz kab ki,KI,80278,MIXED,urdu_headline_body_rrf,35,60259,0.012658227848101266,50
post_phase12_module2_M2-B,M2-B,R024,گوگل کی خودکار udan taxi ne New Zealand mein pehli test parwaz kab ki,KI,80278,MIXED,urdu_headline_body_rrf,36,18600,0.0125,50
post_phase12_module2_M2-B,M2-B,R024,گوگل کی خودکار udan taxi ne New Zealand mein pehli test parwaz kab ki,KI,80278,MIXED,urdu_headline_body_rrf,37,19233,0.0125,50
post_phase12_module2_M2-B,M2-B,R024,گوگل کی خودکار udan taxi ne New Zealand mein pehli test parwaz kab ki,KI,80278,MIXED,urdu_headline_body_rrf,38,22791,0.012345679012345678,50
post_phase12_module2_M2-B,M2-B,R024,گوگل کی خودکار udan taxi ne New Zealand mein pehli test parwaz kab ki,KI,80278,MIXED,urdu_headline_body_rrf,39,22910,0.012345679012345678,50
post_phase12_module2_M2-B,M2-B,R024,گوگل کی خودکار udan taxi ne New Zealand mein pehli test parwaz kab ki,KI,80278,MIXED,urdu_headline_body_rrf,40,14894,0.012195121951219513,50
post_phase12_module2_M2-B,M2-B,R024,گوگل کی خودکار udan taxi ne New Zealand mein pehli test parwaz kab ki,KI,80278,MIXED,urdu_headline_body_rrf,41,22416,0.012195121951219513,50
post_phase12_module2_M2-B,M2-B,R024,گوگل کی خودکار udan taxi ne New Zealand mein pehli test parwaz kab ki,KI,80278,MIXED,urdu_headline_body_rrf,42,79499,0.012048192771084338,50
post_phase12_module2_M2-B,M2-B,R024,گوگل کی خودکار udan taxi ne New Zealand mein pehli test parwaz kab ki,KI,80278,MIXED,urdu_headline_body_rrf,43,80278,0.012048192771084338,50
post_phase12_module2_M2-B,M2-B,R024,گوگل کی خودکار udan taxi ne New Zealand mein pehli test parwaz kab ki,KI,80278,MIXED,urdu_headline_body_rrf,44,80164,0.011904761904761904,50
post_phase12_module2_M2-B,M2-B,R024,گوگل کی خودکار udan taxi ne New Zealand mein pehli test parwaz kab ki,KI,80278,MIXED,urdu_headline_body_rrf,45,111709,0.011904761904761904,50
post_phase12_module2_M2-B,M2-B,R024,گوگل کی خودکار udan taxi ne New Zealand mein pehli test parwaz kab ki,KI,80278,MIXED,urdu_headline_body_rrf,46,15744,0.011764705882352941,50
post_phase12_module2_M2-B,M2-B,R024,گوگل کی خودکار udan taxi ne New Zealand mein pehli test parwaz kab ki,KI,80278,MIXED,urdu_headline_body_rrf,47,20293,0.011764705882352941,50
post_phase12_module2_M2-B,M2-B,R024,گوگل کی خودکار udan taxi ne New Zealand mein pehli test parwaz kab ki,KI,80278,MIXED,urdu_headline_body_rrf,48,21674,0.011627906976744186,50
post_phase12_module2_M2-B,M2-B,R024,گوگل کی خودکار udan taxi ne New Zealand mein pehli test parwaz kab ki,KI,80278,MIXED,urdu_headline_body_rrf,49,64226,0.011627906976744186,50
post_phase12_module2_M2-B,M2-B,R024,گوگل کی خودکار udan taxi ne New Zealand mein pehli test parwaz kab ki,KI,80278,MIXED,urdu_headline_body_rrf,50,22636,0.011494252873563218,50
post_phase12_module2_M2-B,M2-B,R025,تیسرے ون ڈے میں ویسٹ انڈیز ne Pakistan ko jeet ke liye kitna target diya,KI,86209,MIXED,urdu_headline_body_rrf,1,58487,0.02844551282051282,50
post_phase12_module2_M2-B,M2-B,R025,تیسرے ون ڈے میں ویسٹ انڈیز ne Pakistan ko jeet ke liye kitna target diya,KI,86209,MIXED,urdu_headline_body_rrf,2,45011,0.02699859747545582,50
post_phase12_module2_M2-B,M2-B,R025,تیسرے ون ڈے میں ویسٹ انڈیز ne Pakistan ko jeet ke liye kitna target diya,KI,86209,MIXED,urdu_headline_body_rrf,3,87640,0.025503573749187783,50
post_phase12_module2_M2-B,M2-B,R025,تیسرے ون ڈے میں ویسٹ انڈیز ne Pakistan ko jeet ke liye kitna target diya,KI,86209,MIXED,urdu_headline_body_rrf,4,93276,0.025306978137166813,50
post_phase12_module2_M2-B,M2-B,R025,تیسرے ون ڈے میں ویسٹ انڈیز ne Pakistan ko jeet ke liye kitna target diya,KI,86209,MIXED,urdu_headline_body_rrf,5,87693,0.024961240310077522,50
post_phase12_module2_M2-B,M2-B,R025,تیسرے ون ڈے میں ویسٹ انڈیز ne Pakistan ko jeet ke liye kitna target diya,KI,86209,MIXED,urdu_headline_body_rrf,6,56329,0.024285714285714285,50
post_phase12_module2_M2-B,M2-B,R025,تیسرے ون ڈے میں ویسٹ انڈیز ne Pakistan ko jeet ke liye kitna target diya,KI,86209,MIXED,urdu_headline_body_rrf,7,86227,0.02424331472230385,50
post_phase12_module2_M2-B,M2-B,R025,تیسرے ون ڈے میں ویسٹ انڈیز ne Pakistan ko jeet ke liye kitna target diya,KI,86209,MIXED,urdu_headline_body_rrf,8,31258,0.022504400301734978,50
post_phase12_module2_M2-B,M2-B,R025,تیسرے ون ڈے میں ویسٹ انڈیز ne Pakistan ko jeet ke liye kitna target diya,KI,86209,MIXED,urdu_headline_body_rrf,9,87666,0.021338724168912845,50
post_phase12_module2_M2-B,M2-B,R025,تیسرے ون ڈے میں ویسٹ انڈیز ne Pakistan ko jeet ke liye kitna target diya,KI,86209,MIXED,urdu_headline_body_rrf,10,57057,0.01906318082788671,50
post_phase12_module2_M2-B,M2-B,R025,تیسرے ون ڈے میں ویسٹ انڈیز ne Pakistan ko jeet ke liye kitna target diya,KI,86209,MIXED,urdu_headline_body_rrf,11,52513,0.01639344262295082,50
post_phase12_module2_M2-B,M2-B,R025,تیسرے ون ڈے میں ویسٹ انڈیز ne Pakistan ko jeet ke liye kitna target diya,KI,86209,MIXED,urdu_headline_body_rrf,12,57041,0.01639344262295082,50
post_phase12_module2_M2-B,M2-B,R025,تیسرے ون ڈے میں ویسٹ انڈیز ne Pakistan ko jeet ke liye kitna target diya,KI,86209,MIXED,urdu_headline_body_rrf,13,43312,0.016129032258064516,50
post_phase12_module2_M2-B,M2-B,R025,تیسرے ون ڈے میں ویسٹ انڈیز ne Pakistan ko jeet ke liye kitna target diya,KI,86209,MIXED,urdu_headline_body_rrf,14,86447,0.015873015873015872,50
post_phase12_module2_M2-B,M2-B,R025,تیسرے ون ڈے میں ویسٹ انڈیز ne Pakistan ko jeet ke liye kitna target diya,KI,86209,MIXED,urdu_headline_body_rrf,15,86204,0.015625,50
post_phase12_module2_M2-B,M2-B,R025,تیسرے ون ڈے میں ویسٹ انڈیز ne Pakistan ko jeet ke liye kitna target diya,KI,86209,MIXED,urdu_headline_body_rrf,16,31225,0.015384615384615385,50
post_phase12_module2_M2-B,M2-B,R025,تیسرے ون ڈے میں ویسٹ انڈیز ne Pakistan ko jeet ke liye kitna target diya,KI,86209,MIXED,urdu_headline_body_rrf,17,86443,0.015384615384615385,50
post_phase12_module2_M2-B,M2-B,R025,تیسرے ون ڈے میں ویسٹ انڈیز ne Pakistan ko jeet ke liye kitna target diya,KI,86209,MIXED,urdu_headline_body_rrf,18,94136,0.015151515151515152,50
post_phase12_module2_M2-B,M2-B,R025,تیسرے ون ڈے میں ویسٹ انڈیز ne Pakistan ko jeet ke liye kitna target diya,KI,86209,MIXED,urdu_headline_body_rrf,19,94208,0.015151515151515152,50
post_phase12_module2_M2-B,M2-B,R025,تیسرے ون ڈے میں ویسٹ انڈیز ne Pakistan ko jeet ke liye kitna target diya,KI,86209,MIXED,urdu_headline_body_rrf,20,44675,0.014925373134328358,50
post_phase12_module2_M2-B,M2-B,R025,تیسرے ون ڈے میں ویسٹ انڈیز ne Pakistan ko jeet ke liye kitna target diya,KI,86209,MIXED,urdu_headline_body_rrf,21,94176,0.014925373134328358,50
post_phase12_module2_M2-B,M2-B,R025,تیسرے ون ڈے میں ویسٹ انڈیز ne Pakistan ko jeet ke liye kitna target diya,KI,86209,MIXED,urdu_headline_body_rrf,22,56327,0.014705882352941176,50
post_phase12_module2_M2-B,M2-B,R025,تیسرے ون ڈے میں ویسٹ انڈیز ne Pakistan ko jeet ke liye kitna target diya,KI,86209,MIXED,urdu_headline_body_rrf,23,89935,0.014705882352941176,50
post_phase12_module2_M2-B,M2-B,R025,تیسرے ون ڈے میں ویسٹ انڈیز ne Pakistan ko jeet ke liye kitna target diya,KI,86209,MIXED,urdu_headline_body_rrf,24,86205,0.014492753623188406,50
post_phase12_module2_M2-B,M2-B,R025,تیسرے ون ڈے میں ویسٹ انڈیز ne Pakistan ko jeet ke liye kitna target diya,KI,86209,MIXED,urdu_headline_body_rrf,25,94185,0.014492753623188406,50
post_phase12_module2_M2-B,M2-B,R025,تیسرے ون ڈے میں ویسٹ انڈیز ne Pakistan ko jeet ke liye kitna target diya,KI,86209,MIXED,urdu_headline_body_rrf,26,57607,0.014285714285714285,50
post_phase12_module2_M2-B,M2-B,R025,تیسرے ون ڈے میں ویسٹ انڈیز ne Pakistan ko jeet ke liye kitna target diya,KI,86209,MIXED,urdu_headline_body_rrf,27,36122,0.014084507042253521,50
post_phase12_module2_M2-B,M2-B,R025,تیسرے ون ڈے میں ویسٹ انڈیز ne Pakistan ko jeet ke liye kitna target diya,KI,86209,MIXED,urdu_headline_body_rrf,28,42791,0.014084507042253521,50
post_phase12_module2_M2-B,M2-B,R025,تیسرے ون ڈے میں ویسٹ انڈیز ne Pakistan ko jeet ke liye kitna target diya,KI,86209,MIXED,urdu_headline_body_rrf,29,28613,0.013888888888888888,50
post_phase12_module2_M2-B,M2-B,R025,تیسرے ون ڈے میں ویسٹ انڈیز ne Pakistan ko jeet ke liye kitna target diya,KI,86209,MIXED,urdu_headline_body_rrf,30,55652,0.013888888888888888,50
post_phase12_module2_M2-B,M2-B,R025,تیسرے ون ڈے میں ویسٹ انڈیز ne Pakistan ko jeet ke liye kitna target diya,KI,86209,MIXED,urdu_headline_body_rrf,31,36486,0.0136986301369863,50
post_phase12_module2_M2-B,M2-B,R025,تیسرے ون ڈے میں ویسٹ انڈیز ne Pakistan ko jeet ke liye kitna target diya,KI,86209,MIXED,urdu_headline_body_rrf,32,45597,0.0136986301369863,50
post_phase12_module2_M2-B,M2-B,R025,تیسرے ون ڈے میں ویسٹ انڈیز ne Pakistan ko jeet ke liye kitna target diya,KI,86209,MIXED,urdu_headline_body_rrf,33,57036,0.013513513513513514,50
post_phase12_module2_M2-B,M2-B,R025,تیسرے ون ڈے میں ویسٹ انڈیز ne Pakistan ko jeet ke liye kitna target diya,KI,86209,MIXED,urdu_headline_body_rrf,34,86247,0.013513513513513514,50
post_phase12_module2_M2-B,M2-B,R025,تیسرے ون ڈے میں ویسٹ انڈیز ne Pakistan ko jeet ke liye kitna target diya,KI,86209,MIXED,urdu_headline_body_rrf,35,85326,0.013333333333333334,50
post_phase12_module2_M2-B,M2-B,R025,تیسرے ون ڈے میں ویسٹ انڈیز ne Pakistan ko jeet ke liye kitna target diya,KI,86209,MIXED,urdu_headline_body_rrf,36,86202,0.013157894736842105,50
post_phase12_module2_M2-B,M2-B,R025,تیسرے ون ڈے میں ویسٹ انڈیز ne Pakistan ko jeet ke liye kitna target diya,KI,86209,MIXED,urdu_headline_body_rrf,37,86210,0.012987012987012988,50
post_phase12_module2_M2-B,M2-B,R025,تیسرے ون ڈے میں ویسٹ انڈیز ne Pakistan ko jeet ke liye kitna target diya,KI,86209,MIXED,urdu_headline_body_rrf,38,87321,0.012987012987012988,50
post_phase12_module2_M2-B,M2-B,R025,تیسرے ون ڈے میں ویسٹ انڈیز ne Pakistan ko jeet ke liye kitna target diya,KI,86209,MIXED,urdu_headline_body_rrf,39,56348,0.01282051282051282,50
post_phase12_module2_M2-B,M2-B,R025,تیسرے ون ڈے میں ویسٹ انڈیز ne Pakistan ko jeet ke liye kitna target diya,KI,86209,MIXED,urdu_headline_body_rrf,40,87725,0.012658227848101266,50
post_phase12_module2_M2-B,M2-B,R025,تیسرے ون ڈے میں ویسٹ انڈیز ne Pakistan ko jeet ke liye kitna target diya,KI,86209,MIXED,urdu_headline_body_rrf,41,94984,0.012658227848101266,50
post_phase12_module2_M2-B,M2-B,R025,تیسرے ون ڈے میں ویسٹ انڈیز ne Pakistan ko jeet ke liye kitna target diya,KI,86209,MIXED,urdu_headline_body_rrf,42,56331,0.0125,50
post_phase12_module2_M2-B,M2-B,R025,تیسرے ون ڈے میں ویسٹ انڈیز ne Pakistan ko jeet ke liye kitna target diya,KI,86209,MIXED,urdu_headline_body_rrf,43,95076,0.0125,50
post_phase12_module2_M2-B,M2-B,R025,تیسرے ون ڈے میں ویسٹ انڈیز ne Pakistan ko jeet ke liye kitna target diya,KI,86209,MIXED,urdu_headline_body_rrf,44,97015,0.012345679012345678,50
post_phase12_module2_M2-B,M2-B,R025,تیسرے ون ڈے میں ویسٹ انڈیز ne Pakistan ko jeet ke liye kitna target diya,KI,86209,MIXED,urdu_headline_body_rrf,45,59046,0.012048192771084338,50
post_phase12_module2_M2-B,M2-B,R025,تیسرے ون ڈے میں ویسٹ انڈیز ne Pakistan ko jeet ke liye kitna target diya,KI,86209,MIXED,urdu_headline_body_rrf,46,38143,0.011904761904761904,50
post_phase12_module2_M2-B,M2-B,R025,تیسرے ون ڈے میں ویسٹ انڈیز ne Pakistan ko jeet ke liye kitna target diya,KI,86209,MIXED,urdu_headline_body_rrf,47,45034,0.011764705882352941,50
post_phase12_module2_M2-B,M2-B,R025,تیسرے ون ڈے میں ویسٹ انڈیز ne Pakistan ko jeet ke liye kitna target diya,KI,86209,MIXED,urdu_headline_body_rrf,48,95181,0.011764705882352941,50
post_phase12_module2_M2-B,M2-B,R025,تیسرے ون ڈے میں ویسٹ انڈیز ne Pakistan ko jeet ke liye kitna target diya,KI,86209,MIXED,urdu_headline_body_rrf,49,44327,0.011627906976744186,50
post_phase12_module2_M2-B,M2-B,R025,تیسرے ون ڈے میں ویسٹ انڈیز ne Pakistan ko jeet ke liye kitna target diya,KI,86209,MIXED,urdu_headline_body_rrf,50,57029,0.011494252873563218,50
post_phase12_module2_M2-B,M2-B,R026,اقصی علی ne Meesha Shafi aur Ali Zafar jhagra par kya inkshaaf kiya,KI,67741,MIXED,urdu_headline_body_rrf,1,67741,0.03278688524590164,50
post_phase12_module2_M2-B,M2-B,R026,اقصی علی ne Meesha Shafi aur Ali Zafar jhagra par kya inkshaaf kiya,KI,67741,MIXED,urdu_headline_body_rrf,2,17125,0.025062266500622665,50
post_phase12_module2_M2-B,M2-B,R026,اقصی علی ne Meesha Shafi aur Ali Zafar jhagra par kya inkshaaf kiya,KI,67741,MIXED,urdu_headline_body_rrf,3,16424,0.023237179487179488,50
post_phase12_module2_M2-B,M2-B,R026,اقصی علی ne Meesha Shafi aur Ali Zafar jhagra par kya inkshaaf kiya,KI,67741,MIXED,urdu_headline_body_rrf,4,3781,0.022296132052229613,50
post_phase12_module2_M2-B,M2-B,R026,اقصی علی ne Meesha Shafi aur Ali Zafar jhagra par kya inkshaaf kiya,KI,67741,MIXED,urdu_headline_body_rrf,5,67466,0.02072649572649573,50
post_phase12_module2_M2-B,M2-B,R026,اقصی علی ne Meesha Shafi aur Ali Zafar jhagra par kya inkshaaf kiya,KI,67741,MIXED,urdu_headline_body_rrf,6,67309,0.016129032258064516,50
post_phase12_module2_M2-B,M2-B,R026,اقصی علی ne Meesha Shafi aur Ali Zafar jhagra par kya inkshaaf kiya,KI,67741,MIXED,urdu_headline_body_rrf,7,98573,0.016129032258064516,50
post_phase12_module2_M2-B,M2-B,R026,اقصی علی ne Meesha Shafi aur Ali Zafar jhagra par kya inkshaaf kiya,KI,67741,MIXED,urdu_headline_body_rrf,8,49072,0.015873015873015872,50
post_phase12_module2_M2-B,M2-B,R026,اقصی علی ne Meesha Shafi aur Ali Zafar jhagra par kya inkshaaf kiya,KI,67741,MIXED,urdu_headline_body_rrf,9,97978,0.015873015873015872,50
post_phase12_module2_M2-B,M2-B,R026,اقصی علی ne Meesha Shafi aur Ali Zafar jhagra par kya inkshaaf kiya,KI,67741,MIXED,urdu_headline_body_rrf,10,16356,0.015625,50
post_phase12_module2_M2-B,M2-B,R026,اقصی علی ne Meesha Shafi aur Ali Zafar jhagra par kya inkshaaf kiya,KI,67741,MIXED,urdu_headline_body_rrf,11,58792,0.015625,50
post_phase12_module2_M2-B,M2-B,R026,اقصی علی ne Meesha Shafi aur Ali Zafar jhagra par kya inkshaaf kiya,KI,67741,MIXED,urdu_headline_body_rrf,12,16458,0.015384615384615385,50
post_phase12_module2_M2-B,M2-B,R026,اقصی علی ne Meesha Shafi aur Ali Zafar jhagra par kya inkshaaf kiya,KI,67741,MIXED,urdu_headline_body_rrf,13,96907,0.015384615384615385,50
post_phase12_module2_M2-B,M2-B,R026,اقصی علی ne Meesha Shafi aur Ali Zafar jhagra par kya inkshaaf kiya,KI,67741,MIXED,urdu_headline_body_rrf,14,5708,0.015151515151515152,50
post_phase12_module2_M2-B,M2-B,R026,اقصی علی ne Meesha Shafi aur Ali Zafar jhagra par kya inkshaaf kiya,KI,67741,MIXED,urdu_headline_body_rrf,15,67737,0.015151515151515152,50
post_phase12_module2_M2-B,M2-B,R026,اقصی علی ne Meesha Shafi aur Ali Zafar jhagra par kya inkshaaf kiya,KI,67741,MIXED,urdu_headline_body_rrf,16,6082,0.014925373134328358,50
post_phase12_module2_M2-B,M2-B,R026,اقصی علی ne Meesha Shafi aur Ali Zafar jhagra par kya inkshaaf kiya,KI,67741,MIXED,urdu_headline_body_rrf,17,67727,0.014925373134328358,50
post_phase12_module2_M2-B,M2-B,R026,اقصی علی ne Meesha Shafi aur Ali Zafar jhagra par kya inkshaaf kiya,KI,67741,MIXED,urdu_headline_body_rrf,18,67724,0.014705882352941176,50
post_phase12_module2_M2-B,M2-B,R026,اقصی علی ne Meesha Shafi aur Ali Zafar jhagra par kya inkshaaf kiya,KI,67741,MIXED,urdu_headline_body_rrf,19,84237,0.014705882352941176,50
post_phase12_module2_M2-B,M2-B,R026,اقصی علی ne Meesha Shafi aur Ali Zafar jhagra par kya inkshaaf kiya,KI,67741,MIXED,urdu_headline_body_rrf,20,43241,0.014492753623188406,50
post_phase12_module2_M2-B,M2-B,R026,اقصی علی ne Meesha Shafi aur Ali Zafar jhagra par kya inkshaaf kiya,KI,67741,MIXED,urdu_headline_body_rrf,21,94975,0.014492753623188406,50
post_phase12_module2_M2-B,M2-B,R026,اقصی علی ne Meesha Shafi aur Ali Zafar jhagra par kya inkshaaf kiya,KI,67741,MIXED,urdu_headline_body_rrf,22,66622,0.014285714285714285,50
post_phase12_module2_M2-B,M2-B,R026,اقصی علی ne Meesha Shafi aur Ali Zafar jhagra par kya inkshaaf kiya,KI,67741,MIXED,urdu_headline_body_rrf,23,67736,0.014285714285714285,50
post_phase12_module2_M2-B,M2-B,R026,اقصی علی ne Meesha Shafi aur Ali Zafar jhagra par kya inkshaaf kiya,KI,67741,MIXED,urdu_headline_body_rrf,24,6665,0.014084507042253521,50
post_phase12_module2_M2-B,M2-B,R026,اقصی علی ne Meesha Shafi aur Ali Zafar jhagra par kya inkshaaf kiya,KI,67741,MIXED,urdu_headline_body_rrf,25,60570,0.014084507042253521,50
post_phase12_module2_M2-B,M2-B,R026,اقصی علی ne Meesha Shafi aur Ali Zafar jhagra par kya inkshaaf kiya,KI,67741,MIXED,urdu_headline_body_rrf,26,34822,0.013888888888888888,50
post_phase12_module2_M2-B,M2-B,R026,اقصی علی ne Meesha Shafi aur Ali Zafar jhagra par kya inkshaaf kiya,KI,67741,MIXED,urdu_headline_body_rrf,27,66738,0.013888888888888888,50
post_phase12_module2_M2-B,M2-B,R026,اقصی علی ne Meesha Shafi aur Ali Zafar jhagra par kya inkshaaf kiya,KI,67741,MIXED,urdu_headline_body_rrf,28,47278,0.0136986301369863,50
post_phase12_module2_M2-B,M2-B,R026,اقصی علی ne Meesha Shafi aur Ali Zafar jhagra par kya inkshaaf kiya,KI,67741,MIXED,urdu_headline_body_rrf,29,14555,0.013513513513513514,50
post_phase12_module2_M2-B,M2-B,R026,اقصی علی ne Meesha Shafi aur Ali Zafar jhagra par kya inkshaaf kiya,KI,67741,MIXED,urdu_headline_body_rrf,30,47267,0.013513513513513514,50
post_phase12_module2_M2-B,M2-B,R026,اقصی علی ne Meesha Shafi aur Ali Zafar jhagra par kya inkshaaf kiya,KI,67741,MIXED,urdu_headline_body_rrf,31,46326,0.013333333333333334,50
post_phase12_module2_M2-B,M2-B,R026,اقصی علی ne Meesha Shafi aur Ali Zafar jhagra par kya inkshaaf kiya,KI,67741,MIXED,urdu_headline_body_rrf,32,87068,0.013333333333333334,50
post_phase12_module2_M2-B,M2-B,R026,اقصی علی ne Meesha Shafi aur Ali Zafar jhagra par kya inkshaaf kiya,KI,67741,MIXED,urdu_headline_body_rrf,33,16483,0.013157894736842105,50
post_phase12_module2_M2-B,M2-B,R026,اقصی علی ne Meesha Shafi aur Ali Zafar jhagra par kya inkshaaf kiya,KI,67741,MIXED,urdu_headline_body_rrf,34,41358,0.013157894736842105,50
post_phase12_module2_M2-B,M2-B,R026,اقصی علی ne Meesha Shafi aur Ali Zafar jhagra par kya inkshaaf kiya,KI,67741,MIXED,urdu_headline_body_rrf,35,15240,0.012987012987012988,50
post_phase12_module2_M2-B,M2-B,R026,اقصی علی ne Meesha Shafi aur Ali Zafar jhagra par kya inkshaaf kiya,KI,67741,MIXED,urdu_headline_body_rrf,36,47276,0.012987012987012988,50
post_phase12_module2_M2-B,M2-B,R026,اقصی علی ne Meesha Shafi aur Ali Zafar jhagra par kya inkshaaf kiya,KI,67741,MIXED,urdu_headline_body_rrf,37,6717,0.01282051282051282,50
post_phase12_module2_M2-B,M2-B,R026,اقصی علی ne Meesha Shafi aur Ali Zafar jhagra par kya inkshaaf kiya,KI,67741,MIXED,urdu_headline_body_rrf,38,6158,0.012658227848101266,50
post_phase12_module2_M2-B,M2-B,R026,اقصی علی ne Meesha Shafi aur Ali Zafar jhagra par kya inkshaaf kiya,KI,67741,MIXED,urdu_headline_body_rrf,39,81537,0.012658227848101266,50
post_phase12_module2_M2-B,M2-B,R026,اقصی علی ne Meesha Shafi aur Ali Zafar jhagra par kya inkshaaf kiya,KI,67741,MIXED,urdu_headline_body_rrf,40,6669,0.0125,50
post_phase12_module2_M2-B,M2-B,R026,اقصی علی ne Meesha Shafi aur Ali Zafar jhagra par kya inkshaaf kiya,KI,67741,MIXED,urdu_headline_body_rrf,41,65991,0.0125,50
post_phase12_module2_M2-B,M2-B,R026,اقصی علی ne Meesha Shafi aur Ali Zafar jhagra par kya inkshaaf kiya,KI,67741,MIXED,urdu_headline_body_rrf,42,25365,0.012345679012345678,50
post_phase12_module2_M2-B,M2-B,R026,اقصی علی ne Meesha Shafi aur Ali Zafar jhagra par kya inkshaaf kiya,KI,67741,MIXED,urdu_headline_body_rrf,43,81472,0.012345679012345678,50
post_phase12_module2_M2-B,M2-B,R026,اقصی علی ne Meesha Shafi aur Ali Zafar jhagra par kya inkshaaf kiya,KI,67741,MIXED,urdu_headline_body_rrf,44,82135,0.012195121951219513,50
post_phase12_module2_M2-B,M2-B,R026,اقصی علی ne Meesha Shafi aur Ali Zafar jhagra par kya inkshaaf kiya,KI,67741,MIXED,urdu_headline_body_rrf,45,5824,0.012048192771084338,50
post_phase12_module2_M2-B,M2-B,R026,اقصی علی ne Meesha Shafi aur Ali Zafar jhagra par kya inkshaaf kiya,KI,67741,MIXED,urdu_headline_body_rrf,46,69455,0.012048192771084338,50
post_phase12_module2_M2-B,M2-B,R026,اقصی علی ne Meesha Shafi aur Ali Zafar jhagra par kya inkshaaf kiya,KI,67741,MIXED,urdu_headline_body_rrf,47,17041,0.011904761904761904,50
post_phase12_module2_M2-B,M2-B,R026,اقصی علی ne Meesha Shafi aur Ali Zafar jhagra par kya inkshaaf kiya,KI,67741,MIXED,urdu_headline_body_rrf,48,25362,0.011904761904761904,50
post_phase12_module2_M2-B,M2-B,R026,اقصی علی ne Meesha Shafi aur Ali Zafar jhagra par kya inkshaaf kiya,KI,67741,MIXED,urdu_headline_body_rrf,49,25356,0.011764705882352941,50
post_phase12_module2_M2-B,M2-B,R026,اقصی علی ne Meesha Shafi aur Ali Zafar jhagra par kya inkshaaf kiya,KI,67741,MIXED,urdu_headline_body_rrf,50,31927,0.011764705882352941,50
post_phase12_module2_M2-B,M2-B,R027,کلینڈ میں نیوزی لینڈ ne West Indies ko pehle T20 mein kitne runs se haraaya,KI,93226,MIXED,urdu_headline_body_rrf,1,46558,0.030834914611005692,50
post_phase12_module2_M2-B,M2-B,R027,کلینڈ میں نیوزی لینڈ ne West Indies ko pehle T20 mein kitne runs se haraaya,KI,93226,MIXED,urdu_headline_body_rrf,2,93094,0.030330882352941176,50
post_phase12_module2_M2-B,M2-B,R027,کلینڈ میں نیوزی لینڈ ne West Indies ko pehle T20 mein kitne runs se haraaya,KI,93226,MIXED,urdu_headline_body_rrf,3,35897,0.02797067901234568,50
post_phase12_module2_M2-B,M2-B,R027,کلینڈ میں نیوزی لینڈ ne West Indies ko pehle T20 mein kitne runs se haraaya,KI,93226,MIXED,urdu_headline_body_rrf,4,94846,0.025873015873015874,50
post_phase12_module2_M2-B,M2-B,R027,کلینڈ میں نیوزی لینڈ ne West Indies ko pehle T20 mein kitne runs se haraaya,KI,93226,MIXED,urdu_headline_body_rrf,5,56647,0.01639344262295082,50
post_phase12_module2_M2-B,M2-B,R027,کلینڈ میں نیوزی لینڈ ne West Indies ko pehle T20 mein kitne runs se haraaya,KI,93226,MIXED,urdu_headline_body_rrf,6,93226,0.01639344262295082,50
post_phase12_module2_M2-B,M2-B,R027,کلینڈ میں نیوزی لینڈ ne West Indies ko pehle T20 mein kitne runs se haraaya,KI,93226,MIXED,urdu_headline_body_rrf,7,44293,0.016129032258064516,50
post_phase12_module2_M2-B,M2-B,R027,کلینڈ میں نیوزی لینڈ ne West Indies ko pehle T20 mein kitne runs se haraaya,KI,93226,MIXED,urdu_headline_body_rrf,8,93082,0.015873015873015872,50
post_phase12_module2_M2-B,M2-B,R027,کلینڈ میں نیوزی لینڈ ne West Indies ko pehle T20 mein kitne runs se haraaya,KI,93226,MIXED,urdu_headline_body_rrf,9,91254,0.015384615384615385,50
post_phase12_module2_M2-B,M2-B,R027,کلینڈ میں نیوزی لینڈ ne West Indies ko pehle T20 mein kitne runs se haraaya,KI,93226,MIXED,urdu_headline_body_rrf,10,97115,0.015384615384615385,50
post_phase12_module2_M2-B,M2-B,R027,کلینڈ میں نیوزی لینڈ ne West Indies ko pehle T20 mein kitne runs se haraaya,KI,93226,MIXED,urdu_headline_body_rrf,11,36030,0.015151515151515152,50
post_phase12_module2_M2-B,M2-B,R027,کلینڈ میں نیوزی لینڈ ne West Indies ko pehle T20 mein kitne runs se haraaya,KI,93226,MIXED,urdu_headline_body_rrf,12,80467,0.015151515151515152,50
post_phase12_module2_M2-B,M2-B,R027,کلینڈ میں نیوزی لینڈ ne West Indies ko pehle T20 mein kitne runs se haraaya,KI,93226,MIXED,urdu_headline_body_rrf,13,32233,0.014925373134328358,50
post_phase12_module2_M2-B,M2-B,R027,کلینڈ میں نیوزی لینڈ ne West Indies ko pehle T20 mein kitne runs se haraaya,KI,93226,MIXED,urdu_headline_body_rrf,14,37370,0.014925373134328358,50
post_phase12_module2_M2-B,M2-B,R027,کلینڈ میں نیوزی لینڈ ne West Indies ko pehle T20 mein kitne runs se haraaya,KI,93226,MIXED,urdu_headline_body_rrf,15,32883,0.014492753623188406,50
post_phase12_module2_M2-B,M2-B,R027,کلینڈ میں نیوزی لینڈ ne West Indies ko pehle T20 mein kitne runs se haraaya,KI,93226,MIXED,urdu_headline_body_rrf,16,35955,0.014492753623188406,50
post_phase12_module2_M2-B,M2-B,R027,کلینڈ میں نیوزی لینڈ ne West Indies ko pehle T20 mein kitne runs se haraaya,KI,93226,MIXED,urdu_headline_body_rrf,17,30972,0.014285714285714285,50
post_phase12_module2_M2-B,M2-B,R027,کلینڈ میں نیوزی لینڈ ne West Indies ko pehle T20 mein kitne runs se haraaya,KI,93226,MIXED,urdu_headline_body_rrf,18,46849,0.014285714285714285,50
post_phase12_module2_M2-B,M2-B,R027,کلینڈ میں نیوزی لینڈ ne West Indies ko pehle T20 mein kitne runs se haraaya,KI,93226,MIXED,urdu_headline_body_rrf,19,80641,0.014084507042253521,50
post_phase12_module2_M2-B,M2-B,R027,کلینڈ میں نیوزی لینڈ ne West Indies ko pehle T20 mein kitne runs se haraaya,KI,93226,MIXED,urdu_headline_body_rrf,20,89310,0.014084507042253521,50
post_phase12_module2_M2-B,M2-B,R027,کلینڈ میں نیوزی لینڈ ne West Indies ko pehle T20 mein kitne runs se haraaya,KI,93226,MIXED,urdu_headline_body_rrf,21,34579,0.013888888888888888,50
post_phase12_module2_M2-B,M2-B,R027,کلینڈ میں نیوزی لینڈ ne West Indies ko pehle T20 mein kitne runs se haraaya,KI,93226,MIXED,urdu_headline_body_rrf,22,36628,0.013888888888888888,50
post_phase12_module2_M2-B,M2-B,R027,کلینڈ میں نیوزی لینڈ ne West Indies ko pehle T20 mein kitne runs se haraaya,KI,93226,MIXED,urdu_headline_body_rrf,23,33739,0.0136986301369863,50
post_phase12_module2_M2-B,M2-B,R027,کلینڈ میں نیوزی لینڈ ne West Indies ko pehle T20 mein kitne runs se haraaya,KI,93226,MIXED,urdu_headline_body_rrf,24,83966,0.0136986301369863,50
post_phase12_module2_M2-B,M2-B,R027,کلینڈ میں نیوزی لینڈ ne West Indies ko pehle T20 mein kitne runs se haraaya,KI,93226,MIXED,urdu_headline_body_rrf,25,36970,0.013513513513513514,50
post_phase12_module2_M2-B,M2-B,R027,کلینڈ میں نیوزی لینڈ ne West Indies ko pehle T20 mein kitne runs se haraaya,KI,93226,MIXED,urdu_headline_body_rrf,26,51794,0.013513513513513514,50
post_phase12_module2_M2-B,M2-B,R027,کلینڈ میں نیوزی لینڈ ne West Indies ko pehle T20 mein kitne runs se haraaya,KI,93226,MIXED,urdu_headline_body_rrf,27,36017,0.013333333333333334,50
post_phase12_module2_M2-B,M2-B,R027,کلینڈ میں نیوزی لینڈ ne West Indies ko pehle T20 mein kitne runs se haraaya,KI,93226,MIXED,urdu_headline_body_rrf,28,41217,0.013333333333333334,50
post_phase12_module2_M2-B,M2-B,R027,کلینڈ میں نیوزی لینڈ ne West Indies ko pehle T20 mein kitne runs se haraaya,KI,93226,MIXED,urdu_headline_body_rrf,29,51990,0.013157894736842105,50
post_phase12_module2_M2-B,M2-B,R027,کلینڈ میں نیوزی لینڈ ne West Indies ko pehle T20 mein kitne runs se haraaya,KI,93226,MIXED,urdu_headline_body_rrf,30,91223,0.013157894736842105,50
post_phase12_module2_M2-B,M2-B,R027,کلینڈ میں نیوزی لینڈ ne West Indies ko pehle T20 mein kitne runs se haraaya,KI,93226,MIXED,urdu_headline_body_rrf,31,51890,0.012987012987012988,50
post_phase12_module2_M2-B,M2-B,R027,کلینڈ میں نیوزی لینڈ ne West Indies ko pehle T20 mein kitne runs se haraaya,KI,93226,MIXED,urdu_headline_body_rrf,32,52237,0.012987012987012988,50
post_phase12_module2_M2-B,M2-B,R027,کلینڈ میں نیوزی لینڈ ne West Indies ko pehle T20 mein kitne runs se haraaya,KI,93226,MIXED,urdu_headline_body_rrf,33,32315,0.01282051282051282,50
post_phase12_module2_M2-B,M2-B,R027,کلینڈ میں نیوزی لینڈ ne West Indies ko pehle T20 mein kitne runs se haraaya,KI,93226,MIXED,urdu_headline_body_rrf,34,55332,0.01282051282051282,50
post_phase12_module2_M2-B,M2-B,R027,کلینڈ میں نیوزی لینڈ ne West Indies ko pehle T20 mein kitne runs se haraaya,KI,93226,MIXED,urdu_headline_body_rrf,35,58194,0.012658227848101266,50
post_phase12_module2_M2-B,M2-B,R027,کلینڈ میں نیوزی لینڈ ne West Indies ko pehle T20 mein kitne runs se haraaya,KI,93226,MIXED,urdu_headline_body_rrf,36,87652,0.012658227848101266,50
post_phase12_module2_M2-B,M2-B,R027,کلینڈ میں نیوزی لینڈ ne West Indies ko pehle T20 mein kitne runs se haraaya,KI,93226,MIXED,urdu_headline_body_rrf,37,45302,0.0125,50
post_phase12_module2_M2-B,M2-B,R027,کلینڈ میں نیوزی لینڈ ne West Indies ko pehle T20 mein kitne runs se haraaya,KI,93226,MIXED,urdu_headline_body_rrf,38,49269,0.0125,50
post_phase12_module2_M2-B,M2-B,R027,کلینڈ میں نیوزی لینڈ ne West Indies ko pehle T20 mein kitne runs se haraaya,KI,93226,MIXED,urdu_headline_body_rrf,39,32369,0.012345679012345678,50
post_phase12_module2_M2-B,M2-B,R027,کلینڈ میں نیوزی لینڈ ne West Indies ko pehle T20 mein kitne runs se haraaya,KI,93226,MIXED,urdu_headline_body_rrf,40,33208,0.012195121951219513,50
post_phase12_module2_M2-B,M2-B,R027,کلینڈ میں نیوزی لینڈ ne West Indies ko pehle T20 mein kitne runs se haraaya,KI,93226,MIXED,urdu_headline_body_rrf,41,34469,0.012195121951219513,50
post_phase12_module2_M2-B,M2-B,R027,کلینڈ میں نیوزی لینڈ ne West Indies ko pehle T20 mein kitne runs se haraaya,KI,93226,MIXED,urdu_headline_body_rrf,42,13134,0.012048192771084338,50
post_phase12_module2_M2-B,M2-B,R027,کلینڈ میں نیوزی لینڈ ne West Indies ko pehle T20 mein kitne runs se haraaya,KI,93226,MIXED,urdu_headline_body_rrf,43,95080,0.012048192771084338,50
post_phase12_module2_M2-B,M2-B,R027,کلینڈ میں نیوزی لینڈ ne West Indies ko pehle T20 mein kitne runs se haraaya,KI,93226,MIXED,urdu_headline_body_rrf,44,37998,0.011904761904761904,50
post_phase12_module2_M2-B,M2-B,R027,کلینڈ میں نیوزی لینڈ ne West Indies ko pehle T20 mein kitne runs se haraaya,KI,93226,MIXED,urdu_headline_body_rrf,45,52420,0.011904761904761904,50
post_phase12_module2_M2-B,M2-B,R027,کلینڈ میں نیوزی لینڈ ne West Indies ko pehle T20 mein kitne runs se haraaya,KI,93226,MIXED,urdu_headline_body_rrf,46,32863,0.011764705882352941,50
post_phase12_module2_M2-B,M2-B,R027,کلینڈ میں نیوزی لینڈ ne West Indies ko pehle T20 mein kitne runs se haraaya,KI,93226,MIXED,urdu_headline_body_rrf,47,87283,0.011764705882352941,50
post_phase12_module2_M2-B,M2-B,R027,کلینڈ میں نیوزی لینڈ ne West Indies ko pehle T20 mein kitne runs se haraaya,KI,93226,MIXED,urdu_headline_body_rrf,48,34639,0.011627906976744186,50
post_phase12_module2_M2-B,M2-B,R027,کلینڈ میں نیوزی لینڈ ne West Indies ko pehle T20 mein kitne runs se haraaya,KI,93226,MIXED,urdu_headline_body_rrf,49,36367,0.011627906976744186,50
post_phase12_module2_M2-B,M2-B,R027,کلینڈ میں نیوزی لینڈ ne West Indies ko pehle T20 mein kitne runs se haraaya,KI,93226,MIXED,urdu_headline_body_rrf,50,34443,0.011494252873563218,50
post_phase12_module2_M2-B,M2-B,R028,فیس بک comments mein animated GIF bhejne ka naya button kab aaya,KI,22551,MIXED,urdu_headline_body_rrf,1,23274,0.02871794871794872,50
post_phase12_module2_M2-B,M2-B,R028,فیس بک comments mein animated GIF bhejne ka naya button kab aaya,KI,22551,MIXED,urdu_headline_body_rrf,2,60141,0.026013513513513515,50
post_phase12_module2_M2-B,M2-B,R028,فیس بک comments mein animated GIF bhejne ka naya button kab aaya,KI,22551,MIXED,urdu_headline_body_rrf,3,59850,0.01639344262295082,50
post_phase12_module2_M2-B,M2-B,R028,فیس بک comments mein animated GIF bhejne ka naya button kab aaya,KI,22551,MIXED,urdu_headline_body_rrf,4,59854,0.01639344262295082,50
post_phase12_module2_M2-B,M2-B,R028,فیس بک comments mein animated GIF bhejne ka naya button kab aaya,KI,22551,MIXED,urdu_headline_body_rrf,5,60054,0.016129032258064516,50
post_phase12_module2_M2-B,M2-B,R028,فیس بک comments mein animated GIF bhejne ka naya button kab aaya,KI,22551,MIXED,urdu_headline_body_rrf,6,103659,0.016129032258064516,50
post_phase12_module2_M2-B,M2-B,R028,فیس بک comments mein animated GIF bhejne ka naya button kab aaya,KI,22551,MIXED,urdu_headline_body_rrf,7,16553,0.015873015873015872,50
post_phase12_module2_M2-B,M2-B,R028,فیس بک comments mein animated GIF bhejne ka naya button kab aaya,KI,22551,MIXED,urdu_headline_body_rrf,8,22307,0.015873015873015872,50
post_phase12_module2_M2-B,M2-B,R028,فیس بک comments mein animated GIF bhejne ka naya button kab aaya,KI,22551,MIXED,urdu_headline_body_rrf,9,23317,0.015625,50
post_phase12_module2_M2-B,M2-B,R028,فیس بک comments mein animated GIF bhejne ka naya button kab aaya,KI,22551,MIXED,urdu_headline_body_rrf,10,60402,0.015625,50
post_phase12_module2_M2-B,M2-B,R028,فیس بک comments mein animated GIF bhejne ka naya button kab aaya,KI,22551,MIXED,urdu_headline_body_rrf,11,59921,0.015384615384615385,50
post_phase12_module2_M2-B,M2-B,R028,فیس بک comments mein animated GIF bhejne ka naya button kab aaya,KI,22551,MIXED,urdu_headline_body_rrf,12,14486,0.015151515151515152,50
post_phase12_module2_M2-B,M2-B,R028,فیس بک comments mein animated GIF bhejne ka naya button kab aaya,KI,22551,MIXED,urdu_headline_body_rrf,13,22718,0.015151515151515152,50
post_phase12_module2_M2-B,M2-B,R028,فیس بک comments mein animated GIF bhejne ka naya button kab aaya,KI,22551,MIXED,urdu_headline_body_rrf,14,16442,0.014925373134328358,50
post_phase12_module2_M2-B,M2-B,R028,فیس بک comments mein animated GIF bhejne ka naya button kab aaya,KI,22551,MIXED,urdu_headline_body_rrf,15,79459,0.014925373134328358,50
post_phase12_module2_M2-B,M2-B,R028,فیس بک comments mein animated GIF bhejne ka naya button kab aaya,KI,22551,MIXED,urdu_headline_body_rrf,16,13986,0.014705882352941176,50
post_phase12_module2_M2-B,M2-B,R028,فیس بک comments mein animated GIF bhejne ka naya button kab aaya,KI,22551,MIXED,urdu_headline_body_rrf,17,80399,0.014705882352941176,50
post_phase12_module2_M2-B,M2-B,R028,فیس بک comments mein animated GIF bhejne ka naya button kab aaya,KI,22551,MIXED,urdu_headline_body_rrf,18,19574,0.014492753623188406,50
post_phase12_module2_M2-B,M2-B,R028,فیس بک comments mein animated GIF bhejne ka naya button kab aaya,KI,22551,MIXED,urdu_headline_body_rrf,19,23626,0.014492753623188406,50
post_phase12_module2_M2-B,M2-B,R028,فیس بک comments mein animated GIF bhejne ka naya button kab aaya,KI,22551,MIXED,urdu_headline_body_rrf,20,22110,0.014285714285714285,50
post_phase12_module2_M2-B,M2-B,R028,فیس بک comments mein animated GIF bhejne ka naya button kab aaya,KI,22551,MIXED,urdu_headline_body_rrf,21,24169,0.014285714285714285,50
post_phase12_module2_M2-B,M2-B,R028,فیس بک comments mein animated GIF bhejne ka naya button kab aaya,KI,22551,MIXED,urdu_headline_body_rrf,22,23330,0.014084507042253521,50
post_phase12_module2_M2-B,M2-B,R028,فیس بک comments mein animated GIF bhejne ka naya button kab aaya,KI,22551,MIXED,urdu_headline_body_rrf,23,99415,0.014084507042253521,50
post_phase12_module2_M2-B,M2-B,R028,فیس بک comments mein animated GIF bhejne ka naya button kab aaya,KI,22551,MIXED,urdu_headline_body_rrf,24,21565,0.013888888888888888,50
post_phase12_module2_M2-B,M2-B,R028,فیس بک comments mein animated GIF bhejne ka naya button kab aaya,KI,22551,MIXED,urdu_headline_body_rrf,25,60363,0.013888888888888888,50
post_phase12_module2_M2-B,M2-B,R028,فیس بک comments mein animated GIF bhejne ka naya button kab aaya,KI,22551,MIXED,urdu_headline_body_rrf,26,21118,0.0136986301369863,50
post_phase12_module2_M2-B,M2-B,R028,فیس بک comments mein animated GIF bhejne ka naya button kab aaya,KI,22551,MIXED,urdu_headline_body_rrf,27,23129,0.0136986301369863,50
post_phase12_module2_M2-B,M2-B,R028,فیس بک comments mein animated GIF bhejne ka naya button kab aaya,KI,22551,MIXED,urdu_headline_body_rrf,28,60372,0.013513513513513514,50
post_phase12_module2_M2-B,M2-B,R028,فیس بک comments mein animated GIF bhejne ka naya button kab aaya,KI,22551,MIXED,urdu_headline_body_rrf,29,24057,0.013333333333333334,50
post_phase12_module2_M2-B,M2-B,R028,فیس بک comments mein animated GIF bhejne ka naya button kab aaya,KI,22551,MIXED,urdu_headline_body_rrf,30,16920,0.013157894736842105,50
post_phase12_module2_M2-B,M2-B,R028,فیس بک comments mein animated GIF bhejne ka naya button kab aaya,KI,22551,MIXED,urdu_headline_body_rrf,31,24065,0.013157894736842105,50
post_phase12_module2_M2-B,M2-B,R028,فیس بک comments mein animated GIF bhejne ka naya button kab aaya,KI,22551,MIXED,urdu_headline_body_rrf,32,24006,0.012987012987012988,50
post_phase12_module2_M2-B,M2-B,R028,فیس بک comments mein animated GIF bhejne ka naya button kab aaya,KI,22551,MIXED,urdu_headline_body_rrf,33,24071,0.012987012987012988,50
post_phase12_module2_M2-B,M2-B,R028,فیس بک comments mein animated GIF bhejne ka naya button kab aaya,KI,22551,MIXED,urdu_headline_body_rrf,34,20127,0.01282051282051282,50
post_phase12_module2_M2-B,M2-B,R028,فیس بک comments mein animated GIF bhejne ka naya button kab aaya,KI,22551,MIXED,urdu_headline_body_rrf,35,21554,0.01282051282051282,50
post_phase12_module2_M2-B,M2-B,R028,فیس بک comments mein animated GIF bhejne ka naya button kab aaya,KI,22551,MIXED,urdu_headline_body_rrf,36,21882,0.012658227848101266,50
post_phase12_module2_M2-B,M2-B,R028,فیس بک comments mein animated GIF bhejne ka naya button kab aaya,KI,22551,MIXED,urdu_headline_body_rrf,37,59709,0.012658227848101266,50
post_phase12_module2_M2-B,M2-B,R028,فیس بک comments mein animated GIF bhejne ka naya button kab aaya,KI,22551,MIXED,urdu_headline_body_rrf,38,60293,0.0125,50
post_phase12_module2_M2-B,M2-B,R028,فیس بک comments mein animated GIF bhejne ka naya button kab aaya,KI,22551,MIXED,urdu_headline_body_rrf,39,13893,0.012345679012345678,50
post_phase12_module2_M2-B,M2-B,R028,فیس بک comments mein animated GIF bhejne ka naya button kab aaya,KI,22551,MIXED,urdu_headline_body_rrf,40,21660,0.012345679012345678,50
post_phase12_module2_M2-B,M2-B,R028,فیس بک comments mein animated GIF bhejne ka naya button kab aaya,KI,22551,MIXED,urdu_headline_body_rrf,41,22179,0.012195121951219513,50
post_phase12_module2_M2-B,M2-B,R028,فیس بک comments mein animated GIF bhejne ka naya button kab aaya,KI,22551,MIXED,urdu_headline_body_rrf,42,23610,0.012195121951219513,50
post_phase12_module2_M2-B,M2-B,R028,فیس بک comments mein animated GIF bhejne ka naya button kab aaya,KI,22551,MIXED,urdu_headline_body_rrf,43,21972,0.012048192771084338,50
post_phase12_module2_M2-B,M2-B,R028,فیس بک comments mein animated GIF bhejne ka naya button kab aaya,KI,22551,MIXED,urdu_headline_body_rrf,44,79686,0.012048192771084338,50
post_phase12_module2_M2-B,M2-B,R028,فیس بک comments mein animated GIF bhejne ka naya button kab aaya,KI,22551,MIXED,urdu_headline_body_rrf,45,23139,0.011904761904761904,50
post_phase12_module2_M2-B,M2-B,R028,فیس بک comments mein animated GIF bhejne ka naya button kab aaya,KI,22551,MIXED,urdu_headline_body_rrf,46,80211,0.011904761904761904,50
post_phase12_module2_M2-B,M2-B,R028,فیس بک comments mein animated GIF bhejne ka naya button kab aaya,KI,22551,MIXED,urdu_headline_body_rrf,47,19429,0.011764705882352941,50
post_phase12_module2_M2-B,M2-B,R028,فیس بک comments mein animated GIF bhejne ka naya button kab aaya,KI,22551,MIXED,urdu_headline_body_rrf,48,24084,0.011764705882352941,50
post_phase12_module2_M2-B,M2-B,R028,فیس بک comments mein animated GIF bhejne ka naya button kab aaya,KI,22551,MIXED,urdu_headline_body_rrf,49,18565,0.011627906976744186,50
post_phase12_module2_M2-B,M2-B,R028,فیس بک comments mein animated GIF bhejne ka naya button kab aaya,KI,22551,MIXED,urdu_headline_body_rrf,50,22413,0.011627906976744186,50
post_phase12_module2_M2-B,M2-B,R029,سوشل میڈia ki khabron ke baad Imad Wasim ne shadi ke bare mein kya kaha,KI,29033,MIXED,urdu_headline_body_rrf,1,99439,0.03177805800756621,50
post_phase12_module2_M2-B,M2-B,R029,سوشل میڈia ki khabron ke baad Imad Wasim ne shadi ke bare mein kya kaha,KI,29033,MIXED,urdu_headline_body_rrf,2,104165,0.031746031746031744,50
post_phase12_module2_M2-B,M2-B,R029,سوشل میڈia ki khabron ke baad Imad Wasim ne shadi ke bare mein kya kaha,KI,29033,MIXED,urdu_headline_body_rrf,3,104164,0.030117753623188408,50
post_phase12_module2_M2-B,M2-B,R029,سوشل میڈia ki khabron ke baad Imad Wasim ne shadi ke bare mein kya kaha,KI,29033,MIXED,urdu_headline_body_rrf,4,104184,0.029827662395050816,50
post_phase12_module2_M2-B,M2-B,R029,سوشل میڈia ki khabron ke baad Imad Wasim ne shadi ke bare mein kya kaha,KI,29033,MIXED,urdu_headline_body_rrf,5,104167,0.028850145288501453,50
post_phase12_module2_M2-B,M2-B,R029,سوشل میڈia ki khabron ke baad Imad Wasim ne shadi ke bare mein kya kaha,KI,29033,MIXED,urdu_headline_body_rrf,6,104384,0.02844551282051282,50
post_phase12_module2_M2-B,M2-B,R029,سوشل میڈia ki khabron ke baad Imad Wasim ne shadi ke bare mein kya kaha,KI,29033,MIXED,urdu_headline_body_rrf,7,104863,0.02821939586645469,50
post_phase12_module2_M2-B,M2-B,R029,سوشل میڈia ki khabron ke baad Imad Wasim ne shadi ke bare mein kya kaha,KI,29033,MIXED,urdu_headline_body_rrf,8,74280,0.028006267136701922,50
post_phase12_module2_M2-B,M2-B,R029,سوشل میڈia ki khabron ke baad Imad Wasim ne shadi ke bare mein kya kaha,KI,29033,MIXED,urdu_headline_body_rrf,9,26337,0.025816993464052286,50
post_phase12_module2_M2-B,M2-B,R029,سوشل میڈia ki khabron ke baad Imad Wasim ne shadi ke bare mein kya kaha,KI,29033,MIXED,urdu_headline_body_rrf,10,105289,0.025124843945068663,50
post_phase12_module2_M2-B,M2-B,R029,سوشل میڈia ki khabron ke baad Imad Wasim ne shadi ke bare mein kya kaha,KI,29033,MIXED,urdu_headline_body_rrf,11,105410,0.024152480721664482,50
post_phase12_module2_M2-B,M2-B,R029,سوشل میڈia ki khabron ke baad Imad Wasim ne shadi ke bare mein kya kaha,KI,29033,MIXED,urdu_headline_body_rrf,12,7101,0.023910582908885116,50
post_phase12_module2_M2-B,M2-B,R029,سوشل میڈia ki khabron ke baad Imad Wasim ne shadi ke bare mein kya kaha,KI,29033,MIXED,urdu_headline_body_rrf,13,39537,0.02353266888150609,50
post_phase12_module2_M2-B,M2-B,R029,سوشل میڈia ki khabron ke baad Imad Wasim ne shadi ke bare mein kya kaha,KI,29033,MIXED,urdu_headline_body_rrf,14,104263,0.023369565217391305,50
post_phase12_module2_M2-B,M2-B,R029,سوشل میڈia ki khabron ke baad Imad Wasim ne shadi ke bare mein kya kaha,KI,29033,MIXED,urdu_headline_body_rrf,15,76164,0.022983976884686105,50
post_phase12_module2_M2-B,M2-B,R029,سوشل میڈia ki khabron ke baad Imad Wasim ne shadi ke bare mein kya kaha,KI,29033,MIXED,urdu_headline_body_rrf,16,69416,0.022464859437751006,50
post_phase12_module2_M2-B,M2-B,R029,سوشل میڈia ki khabron ke baad Imad Wasim ne shadi ke bare mein kya kaha,KI,29033,MIXED,urdu_headline_body_rrf,17,8762,0.021380090497737557,50
post_phase12_module2_M2-B,M2-B,R029,سوشل میڈia ki khabron ke baad Imad Wasim ne shadi ke bare mein kya kaha,KI,29033,MIXED,urdu_headline_body_rrf,18,18081,0.01639344262295082,50
post_phase12_module2_M2-B,M2-B,R029,سوشل میڈia ki khabron ke baad Imad Wasim ne shadi ke bare mein kya kaha,KI,29033,MIXED,urdu_headline_body_rrf,19,51072,0.016129032258064516,50
post_phase12_module2_M2-B,M2-B,R029,سوشل میڈia ki khabron ke baad Imad Wasim ne shadi ke bare mein kya kaha,KI,29033,MIXED,urdu_headline_body_rrf,20,99716,0.015384615384615385,50
post_phase12_module2_M2-B,M2-B,R029,سوشل میڈia ki khabron ke baad Imad Wasim ne shadi ke bare mein kya kaha,KI,29033,MIXED,urdu_headline_body_rrf,21,61686,0.015151515151515152,50
post_phase12_module2_M2-B,M2-B,R029,سوشل میڈia ki khabron ke baad Imad Wasim ne shadi ke bare mein kya kaha,KI,29033,MIXED,urdu_headline_body_rrf,22,18208,0.014925373134328358,50
post_phase12_module2_M2-B,M2-B,R029,سوشل میڈia ki khabron ke baad Imad Wasim ne shadi ke bare mein kya kaha,KI,29033,MIXED,urdu_headline_body_rrf,23,68241,0.014925373134328358,50
post_phase12_module2_M2-B,M2-B,R029,سوشل میڈia ki khabron ke baad Imad Wasim ne shadi ke bare mein kya kaha,KI,29033,MIXED,urdu_headline_body_rrf,24,80378,0.014285714285714285,50
post_phase12_module2_M2-B,M2-B,R029,سوشل میڈia ki khabron ke baad Imad Wasim ne shadi ke bare mein kya kaha,KI,29033,MIXED,urdu_headline_body_rrf,25,107228,0.014285714285714285,50
post_phase12_module2_M2-B,M2-B,R029,سوشل میڈia ki khabron ke baad Imad Wasim ne shadi ke bare mein kya kaha,KI,29033,MIXED,urdu_headline_body_rrf,26,38946,0.014084507042253521,50
post_phase12_module2_M2-B,M2-B,R029,سوشل میڈia ki khabron ke baad Imad Wasim ne shadi ke bare mein kya kaha,KI,29033,MIXED,urdu_headline_body_rrf,27,101184,0.014084507042253521,50
post_phase12_module2_M2-B,M2-B,R029,سوشل میڈia ki khabron ke baad Imad Wasim ne shadi ke bare mein kya kaha,KI,29033,MIXED,urdu_headline_body_rrf,28,18015,0.013888888888888888,50
post_phase12_module2_M2-B,M2-B,R029,سوشل میڈia ki khabron ke baad Imad Wasim ne shadi ke bare mein kya kaha,KI,29033,MIXED,urdu_headline_body_rrf,29,104171,0.013333333333333334,50
post_phase12_module2_M2-B,M2-B,R029,سوشل میڈia ki khabron ke baad Imad Wasim ne shadi ke bare mein kya kaha,KI,29033,MIXED,urdu_headline_body_rrf,30,107528,0.013333333333333334,50
post_phase12_module2_M2-B,M2-B,R029,سوشل میڈia ki khabron ke baad Imad Wasim ne shadi ke bare mein kya kaha,KI,29033,MIXED,urdu_headline_body_rrf,31,50361,0.013157894736842105,50
post_phase12_module2_M2-B,M2-B,R029,سوشل میڈia ki khabron ke baad Imad Wasim ne shadi ke bare mein kya kaha,KI,29033,MIXED,urdu_headline_body_rrf,32,51682,0.012987012987012988,50
post_phase12_module2_M2-B,M2-B,R029,سوشل میڈia ki khabron ke baad Imad Wasim ne shadi ke bare mein kya kaha,KI,29033,MIXED,urdu_headline_body_rrf,33,104185,0.012987012987012988,50
post_phase12_module2_M2-B,M2-B,R029,سوشل میڈia ki khabron ke baad Imad Wasim ne shadi ke bare mein kya kaha,KI,29033,MIXED,urdu_headline_body_rrf,34,56273,0.01282051282051282,50
post_phase12_module2_M2-B,M2-B,R029,سوشل میڈia ki khabron ke baad Imad Wasim ne shadi ke bare mein kya kaha,KI,29033,MIXED,urdu_headline_body_rrf,35,5778,0.012658227848101266,50
post_phase12_module2_M2-B,M2-B,R029,سوشل میڈia ki khabron ke baad Imad Wasim ne shadi ke bare mein kya kaha,KI,29033,MIXED,urdu_headline_body_rrf,36,51136,0.0125,50
post_phase12_module2_M2-B,M2-B,R029,سوشل میڈia ki khabron ke baad Imad Wasim ne shadi ke bare mein kya kaha,KI,29033,MIXED,urdu_headline_body_rrf,37,41808,0.012345679012345678,50
post_phase12_module2_M2-B,M2-B,R029,سوشل میڈia ki khabron ke baad Imad Wasim ne shadi ke bare mein kya kaha,KI,29033,MIXED,urdu_headline_body_rrf,38,48024,0.012195121951219513,50
post_phase12_module2_M2-B,M2-B,R029,سوشل میڈia ki khabron ke baad Imad Wasim ne shadi ke bare mein kya kaha,KI,29033,MIXED,urdu_headline_body_rrf,39,70206,0.012195121951219513,50
post_phase12_module2_M2-B,M2-B,R029,سوشل میڈia ki khabron ke baad Imad Wasim ne shadi ke bare mein kya kaha,KI,29033,MIXED,urdu_headline_body_rrf,40,68279,0.012048192771084338,50
post_phase12_module2_M2-B,M2-B,R029,سوشل میڈia ki khabron ke baad Imad Wasim ne shadi ke bare mein kya kaha,KI,29033,MIXED,urdu_headline_body_rrf,41,40295,0.011904761904761904,50
post_phase12_module2_M2-B,M2-B,R029,سوشل میڈia ki khabron ke baad Imad Wasim ne shadi ke bare mein kya kaha,KI,29033,MIXED,urdu_headline_body_rrf,42,5865,0.011764705882352941,50
post_phase12_module2_M2-B,M2-B,R029,سوشل میڈia ki khabron ke baad Imad Wasim ne shadi ke bare mein kya kaha,KI,29033,MIXED,urdu_headline_body_rrf,43,104179,0.011627906976744186,50
post_phase12_module2_M2-B,M2-B,R029,سوشل میڈia ki khabron ke baad Imad Wasim ne shadi ke bare mein kya kaha,KI,29033,MIXED,urdu_headline_body_rrf,44,10294,0.011494252873563218,50
post_phase12_module2_M2-B,M2-B,R029,سوشل میڈia ki khabron ke baad Imad Wasim ne shadi ke bare mein kya kaha,KI,29033,MIXED,urdu_headline_body_rrf,45,24670,0.011363636363636364,50
post_phase12_module2_M2-B,M2-B,R029,سوشل میڈia ki khabron ke baad Imad Wasim ne shadi ke bare mein kya kaha,KI,29033,MIXED,urdu_headline_body_rrf,46,104155,0.011363636363636364,50
post_phase12_module2_M2-B,M2-B,R029,سوشل میڈia ki khabron ke baad Imad Wasim ne shadi ke bare mein kya kaha,KI,29033,MIXED,urdu_headline_body_rrf,47,15486,0.011235955056179775,50
post_phase12_module2_M2-B,M2-B,R029,سوشل میڈia ki khabron ke baad Imad Wasim ne shadi ke bare mein kya kaha,KI,29033,MIXED,urdu_headline_body_rrf,48,15567,0.011111111111111112,50
post_phase12_module2_M2-B,M2-B,R029,سوشل میڈia ki khabron ke baad Imad Wasim ne shadi ke bare mein kya kaha,KI,29033,MIXED,urdu_headline_body_rrf,49,14888,0.01098901098901099,50
post_phase12_module2_M2-B,M2-B,R029,سوشل میڈia ki khabron ke baad Imad Wasim ne shadi ke bare mein kya kaha,KI,29033,MIXED,urdu_headline_body_rrf,50,100334,0.01098901098901099,50
post_phase12_module2_M2-B,M2-B,R030,2018 ke pehle ODI mein Pakistan ko New Zealand se kitni runs ki shikast hui,KI,44267,ROMAN,roman_headline_body_rrf_method_D,1,65188,0.029827662395050816,50
post_phase12_module2_M2-B,M2-B,R030,2018 ke pehle ODI mein Pakistan ko New Zealand se kitni runs ki shikast hui,KI,44267,ROMAN,roman_headline_body_rrf_method_D,2,71257,0.01639344262295082,50
post_phase12_module2_M2-B,M2-B,R030,2018 ke pehle ODI mein Pakistan ko New Zealand se kitni runs ki shikast hui,KI,44267,ROMAN,roman_headline_body_rrf_method_D,3,96843,0.01639344262295082,50
post_phase12_module2_M2-B,M2-B,R030,2018 ke pehle ODI mein Pakistan ko New Zealand se kitni runs ki shikast hui,KI,44267,ROMAN,roman_headline_body_rrf_method_D,4,17464,0.016129032258064516,50
post_phase12_module2_M2-B,M2-B,R030,2018 ke pehle ODI mein Pakistan ko New Zealand se kitni runs ki shikast hui,KI,44267,ROMAN,roman_headline_body_rrf_method_D,5,17809,0.015873015873015872,50
post_phase12_module2_M2-B,M2-B,R030,2018 ke pehle ODI mein Pakistan ko New Zealand se kitni runs ki shikast hui,KI,44267,ROMAN,roman_headline_body_rrf_method_D,6,106740,0.015873015873015872,50
post_phase12_module2_M2-B,M2-B,R030,2018 ke pehle ODI mein Pakistan ko New Zealand se kitni runs ki shikast hui,KI,44267,ROMAN,roman_headline_body_rrf_method_D,7,71184,0.015625,50
post_phase12_module2_M2-B,M2-B,R030,2018 ke pehle ODI mein Pakistan ko New Zealand se kitni runs ki shikast hui,KI,44267,ROMAN,roman_headline_body_rrf_method_D,8,106600,0.015625,50
post_phase12_module2_M2-B,M2-B,R030,2018 ke pehle ODI mein Pakistan ko New Zealand se kitni runs ki shikast hui,KI,44267,ROMAN,roman_headline_body_rrf_method_D,9,2095,0.015384615384615385,50
post_phase12_module2_M2-B,M2-B,R030,2018 ke pehle ODI mein Pakistan ko New Zealand se kitni runs ki shikast hui,KI,44267,ROMAN,roman_headline_body_rrf_method_D,10,108737,0.015384615384615385,50
post_phase12_module2_M2-B,M2-B,R030,2018 ke pehle ODI mein Pakistan ko New Zealand se kitni runs ki shikast hui,KI,44267,ROMAN,roman_headline_body_rrf_method_D,11,35854,0.015151515151515152,50
post_phase12_module2_M2-B,M2-B,R030,2018 ke pehle ODI mein Pakistan ko New Zealand se kitni runs ki shikast hui,KI,44267,ROMAN,roman_headline_body_rrf_method_D,12,108739,0.015151515151515152,50
post_phase12_module2_M2-B,M2-B,R030,2018 ke pehle ODI mein Pakistan ko New Zealand se kitni runs ki shikast hui,KI,44267,ROMAN,roman_headline_body_rrf_method_D,13,12940,0.014925373134328358,50
post_phase12_module2_M2-B,M2-B,R030,2018 ke pehle ODI mein Pakistan ko New Zealand se kitni runs ki shikast hui,KI,44267,ROMAN,roman_headline_body_rrf_method_D,14,35034,0.014925373134328358,50
post_phase12_module2_M2-B,M2-B,R030,2018 ke pehle ODI mein Pakistan ko New Zealand se kitni runs ki shikast hui,KI,44267,ROMAN,roman_headline_body_rrf_method_D,15,61387,0.014705882352941176,50
post_phase12_module2_M2-B,M2-B,R030,2018 ke pehle ODI mein Pakistan ko New Zealand se kitni runs ki shikast hui,KI,44267,ROMAN,roman_headline_body_rrf_method_D,16,101529,0.014705882352941176,50
post_phase12_module2_M2-B,M2-B,R030,2018 ke pehle ODI mein Pakistan ko New Zealand se kitni runs ki shikast hui,KI,44267,ROMAN,roman_headline_body_rrf_method_D,17,89699,0.014492753623188406,50
post_phase12_module2_M2-B,M2-B,R030,2018 ke pehle ODI mein Pakistan ko New Zealand se kitni runs ki shikast hui,KI,44267,ROMAN,roman_headline_body_rrf_method_D,18,108740,0.014492753623188406,50
post_phase12_module2_M2-B,M2-B,R030,2018 ke pehle ODI mein Pakistan ko New Zealand se kitni runs ki shikast hui,KI,44267,ROMAN,roman_headline_body_rrf_method_D,19,72311,0.014285714285714285,50
post_phase12_module2_M2-B,M2-B,R030,2018 ke pehle ODI mein Pakistan ko New Zealand se kitni runs ki shikast hui,KI,44267,ROMAN,roman_headline_body_rrf_method_D,20,109829,0.014285714285714285,50
post_phase12_module2_M2-B,M2-B,R030,2018 ke pehle ODI mein Pakistan ko New Zealand se kitni runs ki shikast hui,KI,44267,ROMAN,roman_headline_body_rrf_method_D,21,103327,0.014084507042253521,50
post_phase12_module2_M2-B,M2-B,R030,2018 ke pehle ODI mein Pakistan ko New Zealand se kitni runs ki shikast hui,KI,44267,ROMAN,roman_headline_body_rrf_method_D,22,111505,0.014084507042253521,50
post_phase12_module2_M2-B,M2-B,R030,2018 ke pehle ODI mein Pakistan ko New Zealand se kitni runs ki shikast hui,KI,44267,ROMAN,roman_headline_body_rrf_method_D,23,66959,0.013888888888888888,50
post_phase12_module2_M2-B,M2-B,R030,2018 ke pehle ODI mein Pakistan ko New Zealand se kitni runs ki shikast hui,KI,44267,ROMAN,roman_headline_body_rrf_method_D,24,111507,0.013888888888888888,50
post_phase12_module2_M2-B,M2-B,R030,2018 ke pehle ODI mein Pakistan ko New Zealand se kitni runs ki shikast hui,KI,44267,ROMAN,roman_headline_body_rrf_method_D,25,73281,0.0136986301369863,50
post_phase12_module2_M2-B,M2-B,R030,2018 ke pehle ODI mein Pakistan ko New Zealand se kitni runs ki shikast hui,KI,44267,ROMAN,roman_headline_body_rrf_method_D,26,62021,0.013513513513513514,50
post_phase12_module2_M2-B,M2-B,R030,2018 ke pehle ODI mein Pakistan ko New Zealand se kitni runs ki shikast hui,KI,44267,ROMAN,roman_headline_body_rrf_method_D,27,72379,0.013513513513513514,50
post_phase12_module2_M2-B,M2-B,R030,2018 ke pehle ODI mein Pakistan ko New Zealand se kitni runs ki shikast hui,KI,44267,ROMAN,roman_headline_body_rrf_method_D,28,37894,0.013333333333333334,50
post_phase12_module2_M2-B,M2-B,R030,2018 ke pehle ODI mein Pakistan ko New Zealand se kitni runs ki shikast hui,KI,44267,ROMAN,roman_headline_body_rrf_method_D,29,65487,0.013333333333333334,50
post_phase12_module2_M2-B,M2-B,R030,2018 ke pehle ODI mein Pakistan ko New Zealand se kitni runs ki shikast hui,KI,44267,ROMAN,roman_headline_body_rrf_method_D,30,54078,0.013157894736842105,50
post_phase12_module2_M2-B,M2-B,R030,2018 ke pehle ODI mein Pakistan ko New Zealand se kitni runs ki shikast hui,KI,44267,ROMAN,roman_headline_body_rrf_method_D,31,70831,0.013157894736842105,50
post_phase12_module2_M2-B,M2-B,R030,2018 ke pehle ODI mein Pakistan ko New Zealand se kitni runs ki shikast hui,KI,44267,ROMAN,roman_headline_body_rrf_method_D,32,30792,0.012987012987012988,50
post_phase12_module2_M2-B,M2-B,R030,2018 ke pehle ODI mein Pakistan ko New Zealand se kitni runs ki shikast hui,KI,44267,ROMAN,roman_headline_body_rrf_method_D,33,111607,0.012987012987012988,50
post_phase12_module2_M2-B,M2-B,R030,2018 ke pehle ODI mein Pakistan ko New Zealand se kitni runs ki shikast hui,KI,44267,ROMAN,roman_headline_body_rrf_method_D,34,9945,0.01282051282051282,50
post_phase12_module2_M2-B,M2-B,R030,2018 ke pehle ODI mein Pakistan ko New Zealand se kitni runs ki shikast hui,KI,44267,ROMAN,roman_headline_body_rrf_method_D,35,55180,0.01282051282051282,50
post_phase12_module2_M2-B,M2-B,R030,2018 ke pehle ODI mein Pakistan ko New Zealand se kitni runs ki shikast hui,KI,44267,ROMAN,roman_headline_body_rrf_method_D,36,10272,0.012658227848101266,50
post_phase12_module2_M2-B,M2-B,R030,2018 ke pehle ODI mein Pakistan ko New Zealand se kitni runs ki shikast hui,KI,44267,ROMAN,roman_headline_body_rrf_method_D,37,54062,0.012658227848101266,50
post_phase12_module2_M2-B,M2-B,R030,2018 ke pehle ODI mein Pakistan ko New Zealand se kitni runs ki shikast hui,KI,44267,ROMAN,roman_headline_body_rrf_method_D,38,17974,0.0125,50
post_phase12_module2_M2-B,M2-B,R030,2018 ke pehle ODI mein Pakistan ko New Zealand se kitni runs ki shikast hui,KI,44267,ROMAN,roman_headline_body_rrf_method_D,39,109960,0.0125,50
post_phase12_module2_M2-B,M2-B,R030,2018 ke pehle ODI mein Pakistan ko New Zealand se kitni runs ki shikast hui,KI,44267,ROMAN,roman_headline_body_rrf_method_D,40,38694,0.012345679012345678,50
post_phase12_module2_M2-B,M2-B,R030,2018 ke pehle ODI mein Pakistan ko New Zealand se kitni runs ki shikast hui,KI,44267,ROMAN,roman_headline_body_rrf_method_D,41,109575,0.012345679012345678,50
post_phase12_module2_M2-B,M2-B,R030,2018 ke pehle ODI mein Pakistan ko New Zealand se kitni runs ki shikast hui,KI,44267,ROMAN,roman_headline_body_rrf_method_D,42,11742,0.012195121951219513,50
post_phase12_module2_M2-B,M2-B,R030,2018 ke pehle ODI mein Pakistan ko New Zealand se kitni runs ki shikast hui,KI,44267,ROMAN,roman_headline_body_rrf_method_D,43,28534,0.012195121951219513,50
post_phase12_module2_M2-B,M2-B,R030,2018 ke pehle ODI mein Pakistan ko New Zealand se kitni runs ki shikast hui,KI,44267,ROMAN,roman_headline_body_rrf_method_D,44,14423,0.012048192771084338,50
post_phase12_module2_M2-B,M2-B,R030,2018 ke pehle ODI mein Pakistan ko New Zealand se kitni runs ki shikast hui,KI,44267,ROMAN,roman_headline_body_rrf_method_D,45,111493,0.012048192771084338,50
post_phase12_module2_M2-B,M2-B,R030,2018 ke pehle ODI mein Pakistan ko New Zealand se kitni runs ki shikast hui,KI,44267,ROMAN,roman_headline_body_rrf_method_D,46,2270,0.011904761904761904,50
post_phase12_module2_M2-B,M2-B,R030,2018 ke pehle ODI mein Pakistan ko New Zealand se kitni runs ki shikast hui,KI,44267,ROMAN,roman_headline_body_rrf_method_D,47,71230,0.011904761904761904,50
post_phase12_module2_M2-B,M2-B,R030,2018 ke pehle ODI mein Pakistan ko New Zealand se kitni runs ki shikast hui,KI,44267,ROMAN,roman_headline_body_rrf_method_D,48,54094,0.011764705882352941,50
post_phase12_module2_M2-B,M2-B,R030,2018 ke pehle ODI mein Pakistan ko New Zealand se kitni runs ki shikast hui,KI,44267,ROMAN,roman_headline_body_rrf_method_D,49,99390,0.011764705882352941,50
post_phase12_module2_M2-B,M2-B,R030,2018 ke pehle ODI mein Pakistan ko New Zealand se kitni runs ki shikast hui,KI,44267,ROMAN,roman_headline_body_rrf_method_D,50,12955,0.011627906976744186,50
post_phase12_module2_M2-B,M2-B,R031,open market mein dollar ki qeemat 20 paisay kam hokar kitni reh gayi,KI,75827,ROMAN,roman_headline_body_rrf_method_D,1,73486,0.030776515151515152,50
post_phase12_module2_M2-B,M2-B,R031,open market mein dollar ki qeemat 20 paisay kam hokar kitni reh gayi,KI,75827,ROMAN,roman_headline_body_rrf_method_D,2,72694,0.02558175373709354,50
post_phase12_module2_M2-B,M2-B,R031,open market mein dollar ki qeemat 20 paisay kam hokar kitni reh gayi,KI,75827,ROMAN,roman_headline_body_rrf_method_D,3,65738,0.020673486786018755,50
post_phase12_module2_M2-B,M2-B,R031,open market mein dollar ki qeemat 20 paisay kam hokar kitni reh gayi,KI,75827,ROMAN,roman_headline_body_rrf_method_D,4,109202,0.01639344262295082,50
post_phase12_module2_M2-B,M2-B,R031,open market mein dollar ki qeemat 20 paisay kam hokar kitni reh gayi,KI,75827,ROMAN,roman_headline_body_rrf_method_D,5,111001,0.01639344262295082,50
post_phase12_module2_M2-B,M2-B,R031,open market mein dollar ki qeemat 20 paisay kam hokar kitni reh gayi,KI,75827,ROMAN,roman_headline_body_rrf_method_D,6,65714,0.016129032258064516,50
post_phase12_module2_M2-B,M2-B,R031,open market mein dollar ki qeemat 20 paisay kam hokar kitni reh gayi,KI,75827,ROMAN,roman_headline_body_rrf_method_D,7,72358,0.016129032258064516,50
post_phase12_module2_M2-B,M2-B,R031,open market mein dollar ki qeemat 20 paisay kam hokar kitni reh gayi,KI,75827,ROMAN,roman_headline_body_rrf_method_D,8,73481,0.015873015873015872,50
post_phase12_module2_M2-B,M2-B,R031,open market mein dollar ki qeemat 20 paisay kam hokar kitni reh gayi,KI,75827,ROMAN,roman_headline_body_rrf_method_D,9,64962,0.015625,50
post_phase12_module2_M2-B,M2-B,R031,open market mein dollar ki qeemat 20 paisay kam hokar kitni reh gayi,KI,75827,ROMAN,roman_headline_body_rrf_method_D,10,38964,0.015384615384615385,50
post_phase12_module2_M2-B,M2-B,R031,open market mein dollar ki qeemat 20 paisay kam hokar kitni reh gayi,KI,75827,ROMAN,roman_headline_body_rrf_method_D,11,65756,0.015384615384615385,50
post_phase12_module2_M2-B,M2-B,R031,open market mein dollar ki qeemat 20 paisay kam hokar kitni reh gayi,KI,75827,ROMAN,roman_headline_body_rrf_method_D,12,72724,0.015151515151515152,50
post_phase12_module2_M2-B,M2-B,R031,open market mein dollar ki qeemat 20 paisay kam hokar kitni reh gayi,KI,75827,ROMAN,roman_headline_body_rrf_method_D,13,72844,0.014925373134328358,50
post_phase12_module2_M2-B,M2-B,R031,open market mein dollar ki qeemat 20 paisay kam hokar kitni reh gayi,KI,75827,ROMAN,roman_headline_body_rrf_method_D,14,73505,0.014925373134328358,50
post_phase12_module2_M2-B,M2-B,R031,open market mein dollar ki qeemat 20 paisay kam hokar kitni reh gayi,KI,75827,ROMAN,roman_headline_body_rrf_method_D,15,64328,0.014705882352941176,50
post_phase12_module2_M2-B,M2-B,R031,open market mein dollar ki qeemat 20 paisay kam hokar kitni reh gayi,KI,75827,ROMAN,roman_headline_body_rrf_method_D,16,76398,0.014705882352941176,50
post_phase12_module2_M2-B,M2-B,R031,open market mein dollar ki qeemat 20 paisay kam hokar kitni reh gayi,KI,75827,ROMAN,roman_headline_body_rrf_method_D,17,65536,0.014492753623188406,50
post_phase12_module2_M2-B,M2-B,R031,open market mein dollar ki qeemat 20 paisay kam hokar kitni reh gayi,KI,75827,ROMAN,roman_headline_body_rrf_method_D,18,76881,0.014492753623188406,50
post_phase12_module2_M2-B,M2-B,R031,open market mein dollar ki qeemat 20 paisay kam hokar kitni reh gayi,KI,75827,ROMAN,roman_headline_body_rrf_method_D,19,75827,0.014285714285714285,50
post_phase12_module2_M2-B,M2-B,R031,open market mein dollar ki qeemat 20 paisay kam hokar kitni reh gayi,KI,75827,ROMAN,roman_headline_body_rrf_method_D,20,76567,0.014285714285714285,50
post_phase12_module2_M2-B,M2-B,R031,open market mein dollar ki qeemat 20 paisay kam hokar kitni reh gayi,KI,75827,ROMAN,roman_headline_body_rrf_method_D,21,87,0.014084507042253521,50
post_phase12_module2_M2-B,M2-B,R031,open market mein dollar ki qeemat 20 paisay kam hokar kitni reh gayi,KI,75827,ROMAN,roman_headline_body_rrf_method_D,22,71884,0.014084507042253521,50
post_phase12_module2_M2-B,M2-B,R031,open market mein dollar ki qeemat 20 paisay kam hokar kitni reh gayi,KI,75827,ROMAN,roman_headline_body_rrf_method_D,23,1387,0.013888888888888888,50
post_phase12_module2_M2-B,M2-B,R031,open market mein dollar ki qeemat 20 paisay kam hokar kitni reh gayi,KI,75827,ROMAN,roman_headline_body_rrf_method_D,24,63512,0.013888888888888888,50
post_phase12_module2_M2-B,M2-B,R031,open market mein dollar ki qeemat 20 paisay kam hokar kitni reh gayi,KI,75827,ROMAN,roman_headline_body_rrf_method_D,25,63285,0.0136986301369863,50
post_phase12_module2_M2-B,M2-B,R031,open market mein dollar ki qeemat 20 paisay kam hokar kitni reh gayi,KI,75827,ROMAN,roman_headline_body_rrf_method_D,26,65476,0.0136986301369863,50
post_phase12_module2_M2-B,M2-B,R031,open market mein dollar ki qeemat 20 paisay kam hokar kitni reh gayi,KI,75827,ROMAN,roman_headline_body_rrf_method_D,27,70681,0.013513513513513514,50
post_phase12_module2_M2-B,M2-B,R031,open market mein dollar ki qeemat 20 paisay kam hokar kitni reh gayi,KI,75827,ROMAN,roman_headline_body_rrf_method_D,28,111787,0.013513513513513514,50
post_phase12_module2_M2-B,M2-B,R031,open market mein dollar ki qeemat 20 paisay kam hokar kitni reh gayi,KI,75827,ROMAN,roman_headline_body_rrf_method_D,29,61454,0.013333333333333334,50
post_phase12_module2_M2-B,M2-B,R031,open market mein dollar ki qeemat 20 paisay kam hokar kitni reh gayi,KI,75827,ROMAN,roman_headline_body_rrf_method_D,30,109254,0.013333333333333334,50
post_phase12_module2_M2-B,M2-B,R031,open market mein dollar ki qeemat 20 paisay kam hokar kitni reh gayi,KI,75827,ROMAN,roman_headline_body_rrf_method_D,31,61511,0.013157894736842105,50
post_phase12_module2_M2-B,M2-B,R031,open market mein dollar ki qeemat 20 paisay kam hokar kitni reh gayi,KI,75827,ROMAN,roman_headline_body_rrf_method_D,32,63474,0.013157894736842105,50
post_phase12_module2_M2-B,M2-B,R031,open market mein dollar ki qeemat 20 paisay kam hokar kitni reh gayi,KI,75827,ROMAN,roman_headline_body_rrf_method_D,33,63271,0.012987012987012988,50
post_phase12_module2_M2-B,M2-B,R031,open market mein dollar ki qeemat 20 paisay kam hokar kitni reh gayi,KI,75827,ROMAN,roman_headline_body_rrf_method_D,34,71737,0.012987012987012988,50
post_phase12_module2_M2-B,M2-B,R031,open market mein dollar ki qeemat 20 paisay kam hokar kitni reh gayi,KI,75827,ROMAN,roman_headline_body_rrf_method_D,35,63653,0.01282051282051282,50
post_phase12_module2_M2-B,M2-B,R031,open market mein dollar ki qeemat 20 paisay kam hokar kitni reh gayi,KI,75827,ROMAN,roman_headline_body_rrf_method_D,36,70008,0.01282051282051282,50
post_phase12_module2_M2-B,M2-B,R031,open market mein dollar ki qeemat 20 paisay kam hokar kitni reh gayi,KI,75827,ROMAN,roman_headline_body_rrf_method_D,37,63603,0.012658227848101266,50
post_phase12_module2_M2-B,M2-B,R031,open market mein dollar ki qeemat 20 paisay kam hokar kitni reh gayi,KI,75827,ROMAN,roman_headline_body_rrf_method_D,38,72702,0.012658227848101266,50
post_phase12_module2_M2-B,M2-B,R031,open market mein dollar ki qeemat 20 paisay kam hokar kitni reh gayi,KI,75827,ROMAN,roman_headline_body_rrf_method_D,39,63508,0.0125,50
post_phase12_module2_M2-B,M2-B,R031,open market mein dollar ki qeemat 20 paisay kam hokar kitni reh gayi,KI,75827,ROMAN,roman_headline_body_rrf_method_D,40,70835,0.0125,50
post_phase12_module2_M2-B,M2-B,R031,open market mein dollar ki qeemat 20 paisay kam hokar kitni reh gayi,KI,75827,ROMAN,roman_headline_body_rrf_method_D,41,39378,0.012345679012345678,50
post_phase12_module2_M2-B,M2-B,R031,open market mein dollar ki qeemat 20 paisay kam hokar kitni reh gayi,KI,75827,ROMAN,roman_headline_body_rrf_method_D,42,70239,0.012345679012345678,50
post_phase12_module2_M2-B,M2-B,R031,open market mein dollar ki qeemat 20 paisay kam hokar kitni reh gayi,KI,75827,ROMAN,roman_headline_body_rrf_method_D,43,40814,0.012195121951219513,50
post_phase12_module2_M2-B,M2-B,R031,open market mein dollar ki qeemat 20 paisay kam hokar kitni reh gayi,KI,75827,ROMAN,roman_headline_body_rrf_method_D,44,63410,0.012195121951219513,50
post_phase12_module2_M2-B,M2-B,R031,open market mein dollar ki qeemat 20 paisay kam hokar kitni reh gayi,KI,75827,ROMAN,roman_headline_body_rrf_method_D,45,64640,0.012048192771084338,50
post_phase12_module2_M2-B,M2-B,R031,open market mein dollar ki qeemat 20 paisay kam hokar kitni reh gayi,KI,75827,ROMAN,roman_headline_body_rrf_method_D,46,73474,0.012048192771084338,50
post_phase12_module2_M2-B,M2-B,R031,open market mein dollar ki qeemat 20 paisay kam hokar kitni reh gayi,KI,75827,ROMAN,roman_headline_body_rrf_method_D,47,63336,0.011904761904761904,50
post_phase12_module2_M2-B,M2-B,R031,open market mein dollar ki qeemat 20 paisay kam hokar kitni reh gayi,KI,75827,ROMAN,roman_headline_body_rrf_method_D,48,110435,0.011904761904761904,50
post_phase12_module2_M2-B,M2-B,R031,open market mein dollar ki qeemat 20 paisay kam hokar kitni reh gayi,KI,75827,ROMAN,roman_headline_body_rrf_method_D,49,63070,0.011764705882352941,50
post_phase12_module2_M2-B,M2-B,R031,open market mein dollar ki qeemat 20 paisay kam hokar kitni reh gayi,KI,75827,ROMAN,roman_headline_body_rrf_method_D,50,65334,0.011764705882352941,50
post_phase12_module2_M2-B,M2-B,R032,ارطغرل ڈرامے ki Halima Sultan Pakistan aane ki khwahish kyun zahir ki,KI,97791,MIXED,urdu_headline_body_rrf,1,4800,0.03021353930031804,50
post_phase12_module2_M2-B,M2-B,R032,ارطغرل ڈرامے ki Halima Sultan Pakistan aane ki khwahish kyun zahir ki,KI,97791,MIXED,urdu_headline_body_rrf,2,5493,0.027118043247075507,50
post_phase12_module2_M2-B,M2-B,R032,ارطغرل ڈرامے ki Halima Sultan Pakistan aane ki khwahish kyun zahir ki,KI,97791,MIXED,urdu_headline_body_rrf,3,4885,0.0264957264957265,50
post_phase12_module2_M2-B,M2-B,R032,ارطغرل ڈرامے ki Halima Sultan Pakistan aane ki khwahish kyun zahir ki,KI,97791,MIXED,urdu_headline_body_rrf,4,4803,0.026387470207694927,50
post_phase12_module2_M2-B,M2-B,R032,ارطغرل ڈرامے ki Halima Sultan Pakistan aane ki khwahish kyun zahir ki,KI,97791,MIXED,urdu_headline_body_rrf,5,97731,0.02629443272196072,50
post_phase12_module2_M2-B,M2-B,R032,ارطغرل ڈرامے ki Halima Sultan Pakistan aane ki khwahish kyun zahir ki,KI,97791,MIXED,urdu_headline_body_rrf,6,97843,0.025568181818181816,50
post_phase12_module2_M2-B,M2-B,R032,ارطغرل ڈرامے ki Halima Sultan Pakistan aane ki khwahish kyun zahir ki,KI,97791,MIXED,urdu_headline_body_rrf,7,4923,0.02473040977713875,50
post_phase12_module2_M2-B,M2-B,R032,ارطغرل ڈرامے ki Halima Sultan Pakistan aane ki khwahish kyun zahir ki,KI,97791,MIXED,urdu_headline_body_rrf,8,4715,0.024250440917107582,50
post_phase12_module2_M2-B,M2-B,R032,ارطغرل ڈرامے ki Halima Sultan Pakistan aane ki khwahish kyun zahir ki,KI,97791,MIXED,urdu_headline_body_rrf,9,4795,0.02175925925925926,50
post_phase12_module2_M2-B,M2-B,R032,ارطغرل ڈرامے ki Halima Sultan Pakistan aane ki khwahish kyun zahir ki,KI,97791,MIXED,urdu_headline_body_rrf,10,4222,0.020697748853088657,50
post_phase12_module2_M2-B,M2-B,R032,ارطغرل ڈرامے ki Halima Sultan Pakistan aane ki khwahish kyun zahir ki,KI,97791,MIXED,urdu_headline_body_rrf,11,3904,0.01913919413919414,50
post_phase12_module2_M2-B,M2-B,R032,ارطغرل ڈرامے ki Halima Sultan Pakistan aane ki khwahish kyun zahir ki,KI,97791,MIXED,urdu_headline_body_rrf,12,4809,0.018783068783068783,50
post_phase12_module2_M2-B,M2-B,R032,ارطغرل ڈرامے ki Halima Sultan Pakistan aane ki khwahish kyun zahir ki,KI,97791,MIXED,urdu_headline_body_rrf,13,4798,0.01639344262295082,50
post_phase12_module2_M2-B,M2-B,R032,ارطغرل ڈرامے ki Halima Sultan Pakistan aane ki khwahish kyun zahir ki,KI,97791,MIXED,urdu_headline_body_rrf,14,4674,0.015873015873015872,50
post_phase12_module2_M2-B,M2-B,R032,ارطغرل ڈرامے ki Halima Sultan Pakistan aane ki khwahish kyun zahir ki,KI,97791,MIXED,urdu_headline_body_rrf,15,65997,0.015873015873015872,50
post_phase12_module2_M2-B,M2-B,R032,ارطغرل ڈرامے ki Halima Sultan Pakistan aane ki khwahish kyun zahir ki,KI,97791,MIXED,urdu_headline_body_rrf,16,3956,0.015625,50
post_phase12_module2_M2-B,M2-B,R032,ارطغرل ڈرامے ki Halima Sultan Pakistan aane ki khwahish kyun zahir ki,KI,97791,MIXED,urdu_headline_body_rrf,17,4794,0.015625,50
post_phase12_module2_M2-B,M2-B,R032,ارطغرل ڈرامے ki Halima Sultan Pakistan aane ki khwahish kyun zahir ki,KI,97791,MIXED,urdu_headline_body_rrf,18,4773,0.014925373134328358,50
post_phase12_module2_M2-B,M2-B,R032,ارطغرل ڈرامے ki Halima Sultan Pakistan aane ki khwahish kyun zahir ki,KI,97791,MIXED,urdu_headline_body_rrf,19,8181,0.014925373134328358,50
post_phase12_module2_M2-B,M2-B,R032,ارطغرل ڈرامے ki Halima Sultan Pakistan aane ki khwahish kyun zahir ki,KI,97791,MIXED,urdu_headline_body_rrf,20,5611,0.014705882352941176,50
post_phase12_module2_M2-B,M2-B,R032,ارطغرل ڈرامے ki Halima Sultan Pakistan aane ki khwahish kyun zahir ki,KI,97791,MIXED,urdu_headline_body_rrf,21,13376,0.014705882352941176,50
post_phase12_module2_M2-B,M2-B,R032,ارطغرل ڈرامے ki Halima Sultan Pakistan aane ki khwahish kyun zahir ki,KI,97791,MIXED,urdu_headline_body_rrf,22,4824,0.014492753623188406,50
post_phase12_module2_M2-B,M2-B,R032,ارطغرل ڈرامے ki Halima Sultan Pakistan aane ki khwahish kyun zahir ki,KI,97791,MIXED,urdu_headline_body_rrf,23,13158,0.014492753623188406,50
post_phase12_module2_M2-B,M2-B,R032,ارطغرل ڈرامے ki Halima Sultan Pakistan aane ki khwahish kyun zahir ki,KI,97791,MIXED,urdu_headline_body_rrf,24,4692,0.014285714285714285,50
post_phase12_module2_M2-B,M2-B,R032,ارطغرل ڈرامے ki Halima Sultan Pakistan aane ki khwahish kyun zahir ki,KI,97791,MIXED,urdu_headline_body_rrf,25,17775,0.014285714285714285,50
post_phase12_module2_M2-B,M2-B,R032,ارطغرل ڈرامے ki Halima Sultan Pakistan aane ki khwahish kyun zahir ki,KI,97791,MIXED,urdu_headline_body_rrf,26,3651,0.014084507042253521,50
post_phase12_module2_M2-B,M2-B,R032,ارطغرل ڈرامے ki Halima Sultan Pakistan aane ki khwahish kyun zahir ki,KI,97791,MIXED,urdu_headline_body_rrf,27,4948,0.013888888888888888,50
post_phase12_module2_M2-B,M2-B,R032,ارطغرل ڈرامے ki Halima Sultan Pakistan aane ki khwahish kyun zahir ki,KI,97791,MIXED,urdu_headline_body_rrf,28,15819,0.013888888888888888,50
post_phase12_module2_M2-B,M2-B,R032,ارطغرل ڈرامے ki Halima Sultan Pakistan aane ki khwahish kyun zahir ki,KI,97791,MIXED,urdu_headline_body_rrf,29,4025,0.0136986301369863,50
post_phase12_module2_M2-B,M2-B,R032,ارطغرل ڈرامے ki Halima Sultan Pakistan aane ki khwahish kyun zahir ki,KI,97791,MIXED,urdu_headline_body_rrf,30,14976,0.0136986301369863,50
post_phase12_module2_M2-B,M2-B,R032,ارطغرل ڈرامے ki Halima Sultan Pakistan aane ki khwahish kyun zahir ki,KI,97791,MIXED,urdu_headline_body_rrf,31,4639,0.013513513513513514,50
post_phase12_module2_M2-B,M2-B,R032,ارطغرل ڈرامے ki Halima Sultan Pakistan aane ki khwahish kyun zahir ki,KI,97791,MIXED,urdu_headline_body_rrf,32,17812,0.013513513513513514,50
post_phase12_module2_M2-B,M2-B,R032,ارطغرل ڈرامے ki Halima Sultan Pakistan aane ki khwahish kyun zahir ki,KI,97791,MIXED,urdu_headline_body_rrf,33,4717,0.013333333333333334,50
post_phase12_module2_M2-B,M2-B,R032,ارطغرل ڈرامے ki Halima Sultan Pakistan aane ki khwahish kyun zahir ki,KI,97791,MIXED,urdu_headline_body_rrf,34,17809,0.013333333333333334,50
post_phase12_module2_M2-B,M2-B,R032,ارطغرل ڈرامے ki Halima Sultan Pakistan aane ki khwahish kyun zahir ki,KI,97791,MIXED,urdu_headline_body_rrf,35,4744,0.013157894736842105,50
post_phase12_module2_M2-B,M2-B,R032,ارطغرل ڈرامے ki Halima Sultan Pakistan aane ki khwahish kyun zahir ki,KI,97791,MIXED,urdu_headline_body_rrf,36,18228,0.013157894736842105,50
post_phase12_module2_M2-B,M2-B,R032,ارطغرل ڈرامے ki Halima Sultan Pakistan aane ki khwahish kyun zahir ki,KI,97791,MIXED,urdu_headline_body_rrf,37,5651,0.012987012987012988,50
post_phase12_module2_M2-B,M2-B,R032,ارطغرل ڈرامے ki Halima Sultan Pakistan aane ki khwahish kyun zahir ki,KI,97791,MIXED,urdu_headline_body_rrf,38,97662,0.012987012987012988,50
post_phase12_module2_M2-B,M2-B,R032,ارطغرل ڈرامے ki Halima Sultan Pakistan aane ki khwahish kyun zahir ki,KI,97791,MIXED,urdu_headline_body_rrf,39,4374,0.01282051282051282,50
post_phase12_module2_M2-B,M2-B,R032,ارطغرل ڈرامے ki Halima Sultan Pakistan aane ki khwahish kyun zahir ki,KI,97791,MIXED,urdu_headline_body_rrf,40,4784,0.01282051282051282,50
post_phase12_module2_M2-B,M2-B,R032,ارطغرل ڈرامے ki Halima Sultan Pakistan aane ki khwahish kyun zahir ki,KI,97791,MIXED,urdu_headline_body_rrf,41,4770,0.012658227848101266,50
post_phase12_module2_M2-B,M2-B,R032,ارطغرل ڈرامے ki Halima Sultan Pakistan aane ki khwahish kyun zahir ki,KI,97791,MIXED,urdu_headline_body_rrf,42,4811,0.012658227848101266,50
post_phase12_module2_M2-B,M2-B,R032,ارطغرل ڈرامے ki Halima Sultan Pakistan aane ki khwahish kyun zahir ki,KI,97791,MIXED,urdu_headline_body_rrf,43,4804,0.0125,50
post_phase12_module2_M2-B,M2-B,R032,ارطغرل ڈرامے ki Halima Sultan Pakistan aane ki khwahish kyun zahir ki,KI,97791,MIXED,urdu_headline_body_rrf,44,4772,0.012345679012345678,50
post_phase12_module2_M2-B,M2-B,R032,ارطغرل ڈرامے ki Halima Sultan Pakistan aane ki khwahish kyun zahir ki,KI,97791,MIXED,urdu_headline_body_rrf,45,4466,0.012195121951219513,50
post_phase12_module2_M2-B,M2-B,R032,ارطغرل ڈرامے ki Halima Sultan Pakistan aane ki khwahish kyun zahir ki,KI,97791,MIXED,urdu_headline_body_rrf,46,97945,0.012195121951219513,50
post_phase12_module2_M2-B,M2-B,R032,ارطغرل ڈرامے ki Halima Sultan Pakistan aane ki khwahish kyun zahir ki,KI,97791,MIXED,urdu_headline_body_rrf,47,4763,0.012048192771084338,50
post_phase12_module2_M2-B,M2-B,R032,ارطغرل ڈرامے ki Halima Sultan Pakistan aane ki khwahish kyun zahir ki,KI,97791,MIXED,urdu_headline_body_rrf,48,12187,0.012048192771084338,50
post_phase12_module2_M2-B,M2-B,R032,ارطغرل ڈرامے ki Halima Sultan Pakistan aane ki khwahish kyun zahir ki,KI,97791,MIXED,urdu_headline_body_rrf,49,12198,0.011904761904761904,50
post_phase12_module2_M2-B,M2-B,R032,ارطغرل ڈرامے ki Halima Sultan Pakistan aane ki khwahish kyun zahir ki,KI,97791,MIXED,urdu_headline_body_rrf,50,4052,0.011764705882352941,50
post_phase12_module2_M2-B,M2-B,R033,ٹرمپ ke pehle tees dinon mein Dow Jones ka century record kyun toota,KI,39798,MIXED,urdu_headline_body_rrf,1,10342,0.031024531024531024,50
post_phase12_module2_M2-B,M2-B,R033,ٹرمپ ke pehle tees dinon mein Dow Jones ka century record kyun toota,KI,39798,MIXED,urdu_headline_body_rrf,2,11895,0.0288981288981289,50
post_phase12_module2_M2-B,M2-B,R033,ٹرمپ ke pehle tees dinon mein Dow Jones ka century record kyun toota,KI,39798,MIXED,urdu_headline_body_rrf,3,5196,0.02889344262295082,50
post_phase12_module2_M2-B,M2-B,R033,ٹرمپ ke pehle tees dinon mein Dow Jones ka century record kyun toota,KI,39798,MIXED,urdu_headline_body_rrf,4,12249,0.026470588235294117,50
post_phase12_module2_M2-B,M2-B,R033,ٹرمپ ke pehle tees dinon mein Dow Jones ka century record kyun toota,KI,39798,MIXED,urdu_headline_body_rrf,5,11393,0.025974025974025976,50
post_phase12_module2_M2-B,M2-B,R033,ٹرمپ ke pehle tees dinon mein Dow Jones ka century record kyun toota,KI,39798,MIXED,urdu_headline_body_rrf,6,11826,0.025528455284552845,50
post_phase12_module2_M2-B,M2-B,R033,ٹرمپ ke pehle tees dinon mein Dow Jones ka century record kyun toota,KI,39798,MIXED,urdu_headline_body_rrf,7,3777,0.02542892156862745,50
post_phase12_module2_M2-B,M2-B,R033,ٹرمپ ke pehle tees dinon mein Dow Jones ka century record kyun toota,KI,39798,MIXED,urdu_headline_body_rrf,8,6676,0.025320462098433298,50
post_phase12_module2_M2-B,M2-B,R033,ٹرمپ ke pehle tees dinon mein Dow Jones ka century record kyun toota,KI,39798,MIXED,urdu_headline_body_rrf,9,49387,0.02512945476698142,50
post_phase12_module2_M2-B,M2-B,R033,ٹرمپ ke pehle tees dinon mein Dow Jones ka century record kyun toota,KI,39798,MIXED,urdu_headline_body_rrf,10,50913,0.024115296803652965,50
post_phase12_module2_M2-B,M2-B,R033,ٹرمپ ke pehle tees dinon mein Dow Jones ka century record kyun toota,KI,39798,MIXED,urdu_headline_body_rrf,11,12475,0.02392671588733935,50
post_phase12_module2_M2-B,M2-B,R033,ٹرمپ ke pehle tees dinon mein Dow Jones ka century record kyun toota,KI,39798,MIXED,urdu_headline_body_rrf,12,7375,0.021756930635162007,50
post_phase12_module2_M2-B,M2-B,R033,ٹرمپ ke pehle tees dinon mein Dow Jones ka century record kyun toota,KI,39798,MIXED,urdu_headline_body_rrf,13,101591,0.021749408983451537,50
post_phase12_module2_M2-B,M2-B,R033,ٹرمپ ke pehle tees dinon mein Dow Jones ka century record kyun toota,KI,39798,MIXED,urdu_headline_body_rrf,14,21938,0.020604395604395608,50
post_phase12_module2_M2-B,M2-B,R033,ٹرمپ ke pehle tees dinon mein Dow Jones ka century record kyun toota,KI,39798,MIXED,urdu_headline_body_rrf,15,31938,0.019872110181997048,50
post_phase12_module2_M2-B,M2-B,R033,ٹرمپ ke pehle tees dinon mein Dow Jones ka century record kyun toota,KI,39798,MIXED,urdu_headline_body_rrf,16,79761,0.018433571185864764,50
post_phase12_module2_M2-B,M2-B,R033,ٹرمپ ke pehle tees dinon mein Dow Jones ka century record kyun toota,KI,39798,MIXED,urdu_headline_body_rrf,17,68658,0.01639344262295082,50
post_phase12_module2_M2-B,M2-B,R033,ٹرمپ ke pehle tees dinon mein Dow Jones ka century record kyun toota,KI,39798,MIXED,urdu_headline_body_rrf,18,12142,0.016129032258064516,50
post_phase12_module2_M2-B,M2-B,R033,ٹرمپ ke pehle tees dinon mein Dow Jones ka century record kyun toota,KI,39798,MIXED,urdu_headline_body_rrf,19,102657,0.016129032258064516,50
post_phase12_module2_M2-B,M2-B,R033,ٹرمپ ke pehle tees dinon mein Dow Jones ka century record kyun toota,KI,39798,MIXED,urdu_headline_body_rrf,20,12683,0.015873015873015872,50
post_phase12_module2_M2-B,M2-B,R033,ٹرمپ ke pehle tees dinon mein Dow Jones ka century record kyun toota,KI,39798,MIXED,urdu_headline_body_rrf,21,30012,0.015625,50
post_phase12_module2_M2-B,M2-B,R033,ٹرمپ ke pehle tees dinon mein Dow Jones ka century record kyun toota,KI,39798,MIXED,urdu_headline_body_rrf,22,5247,0.015384615384615385,50
post_phase12_module2_M2-B,M2-B,R033,ٹرمپ ke pehle tees dinon mein Dow Jones ka century record kyun toota,KI,39798,MIXED,urdu_headline_body_rrf,23,60710,0.015151515151515152,50
post_phase12_module2_M2-B,M2-B,R033,ٹرمپ ke pehle tees dinon mein Dow Jones ka century record kyun toota,KI,39798,MIXED,urdu_headline_body_rrf,24,23176,0.014925373134328358,50
post_phase12_module2_M2-B,M2-B,R033,ٹرمپ ke pehle tees dinon mein Dow Jones ka century record kyun toota,KI,39798,MIXED,urdu_headline_body_rrf,25,8519,0.014705882352941176,50
post_phase12_module2_M2-B,M2-B,R033,ٹرمپ ke pehle tees dinon mein Dow Jones ka century record kyun toota,KI,39798,MIXED,urdu_headline_body_rrf,26,10187,0.014492753623188406,50
post_phase12_module2_M2-B,M2-B,R033,ٹرمپ ke pehle tees dinon mein Dow Jones ka century record kyun toota,KI,39798,MIXED,urdu_headline_body_rrf,27,3257,0.014285714285714285,50
post_phase12_module2_M2-B,M2-B,R033,ٹرمپ ke pehle tees dinon mein Dow Jones ka century record kyun toota,KI,39798,MIXED,urdu_headline_body_rrf,28,50405,0.014285714285714285,50
post_phase12_module2_M2-B,M2-B,R033,ٹرمپ ke pehle tees dinon mein Dow Jones ka century record kyun toota,KI,39798,MIXED,urdu_headline_body_rrf,29,11821,0.014084507042253521,50
post_phase12_module2_M2-B,M2-B,R033,ٹرمپ ke pehle tees dinon mein Dow Jones ka century record kyun toota,KI,39798,MIXED,urdu_headline_body_rrf,30,22490,0.013888888888888888,50
post_phase12_module2_M2-B,M2-B,R033,ٹرمپ ke pehle tees dinon mein Dow Jones ka century record kyun toota,KI,39798,MIXED,urdu_headline_body_rrf,31,101812,0.013888888888888888,50
post_phase12_module2_M2-B,M2-B,R033,ٹرمپ ke pehle tees dinon mein Dow Jones ka century record kyun toota,KI,39798,MIXED,urdu_headline_body_rrf,32,7133,0.0136986301369863,50
post_phase12_module2_M2-B,M2-B,R033,ٹرمپ ke pehle tees dinon mein Dow Jones ka century record kyun toota,KI,39798,MIXED,urdu_headline_body_rrf,33,49955,0.013513513513513514,50
post_phase12_module2_M2-B,M2-B,R033,ٹرمپ ke pehle tees dinon mein Dow Jones ka century record kyun toota,KI,39798,MIXED,urdu_headline_body_rrf,34,102746,0.013333333333333334,50
post_phase12_module2_M2-B,M2-B,R033,ٹرمپ ke pehle tees dinon mein Dow Jones ka century record kyun toota,KI,39798,MIXED,urdu_headline_body_rrf,35,10094,0.013157894736842105,50
post_phase12_module2_M2-B,M2-B,R033,ٹرمپ ke pehle tees dinon mein Dow Jones ka century record kyun toota,KI,39798,MIXED,urdu_headline_body_rrf,36,72715,0.013157894736842105,50
post_phase12_module2_M2-B,M2-B,R033,ٹرمپ ke pehle tees dinon mein Dow Jones ka century record kyun toota,KI,39798,MIXED,urdu_headline_body_rrf,37,10323,0.01282051282051282,50
post_phase12_module2_M2-B,M2-B,R033,ٹرمپ ke pehle tees dinon mein Dow Jones ka century record kyun toota,KI,39798,MIXED,urdu_headline_body_rrf,38,101582,0.01282051282051282,50
post_phase12_module2_M2-B,M2-B,R033,ٹرمپ ke pehle tees dinon mein Dow Jones ka century record kyun toota,KI,39798,MIXED,urdu_headline_body_rrf,39,7648,0.012658227848101266,50
post_phase12_module2_M2-B,M2-B,R033,ٹرمپ ke pehle tees dinon mein Dow Jones ka century record kyun toota,KI,39798,MIXED,urdu_headline_body_rrf,40,21353,0.012658227848101266,50
post_phase12_module2_M2-B,M2-B,R033,ٹرمپ ke pehle tees dinon mein Dow Jones ka century record kyun toota,KI,39798,MIXED,urdu_headline_body_rrf,41,22596,0.0125,50
post_phase12_module2_M2-B,M2-B,R033,ٹرمپ ke pehle tees dinon mein Dow Jones ka century record kyun toota,KI,39798,MIXED,urdu_headline_body_rrf,42,8354,0.012345679012345678,50
post_phase12_module2_M2-B,M2-B,R033,ٹرمپ ke pehle tees dinon mein Dow Jones ka century record kyun toota,KI,39798,MIXED,urdu_headline_body_rrf,43,9821,0.012345679012345678,50
post_phase12_module2_M2-B,M2-B,R033,ٹرمپ ke pehle tees dinon mein Dow Jones ka century record kyun toota,KI,39798,MIXED,urdu_headline_body_rrf,44,4021,0.012195121951219513,50
post_phase12_module2_M2-B,M2-B,R033,ٹرمپ ke pehle tees dinon mein Dow Jones ka century record kyun toota,KI,39798,MIXED,urdu_headline_body_rrf,45,19693,0.012048192771084338,50
post_phase12_module2_M2-B,M2-B,R033,ٹرمپ ke pehle tees dinon mein Dow Jones ka century record kyun toota,KI,39798,MIXED,urdu_headline_body_rrf,46,11714,0.011904761904761904,50
post_phase12_module2_M2-B,M2-B,R033,ٹرمپ ke pehle tees dinon mein Dow Jones ka century record kyun toota,KI,39798,MIXED,urdu_headline_body_rrf,47,101569,0.011904761904761904,50
post_phase12_module2_M2-B,M2-B,R033,ٹرمپ ke pehle tees dinon mein Dow Jones ka century record kyun toota,KI,39798,MIXED,urdu_headline_body_rrf,48,23237,0.011764705882352941,50
post_phase12_module2_M2-B,M2-B,R033,ٹرمپ ke pehle tees dinon mein Dow Jones ka century record kyun toota,KI,39798,MIXED,urdu_headline_body_rrf,49,6919,0.011627906976744186,50
post_phase12_module2_M2-B,M2-B,R033,ٹرمپ ke pehle tees dinon mein Dow Jones ka century record kyun toota,KI,39798,MIXED,urdu_headline_body_rrf,50,17898,0.011627906976744186,50
post_phase12_module2_M2-B,M2-B,R034,شعیب ملک Champions Trophy mein kitni martaba shamil ho chuke hain,KI,56105,MIXED,urdu_headline_body_rrf,1,84810,0.02946236559139785,50
post_phase12_module2_M2-B,M2-B,R034,شعیب ملک Champions Trophy mein kitni martaba shamil ho chuke hain,KI,56105,MIXED,urdu_headline_body_rrf,2,86847,0.02701252236135957,50
post_phase12_module2_M2-B,M2-B,R034,شعیب ملک Champions Trophy mein kitni martaba shamil ho chuke hain,KI,56105,MIXED,urdu_headline_body_rrf,3,58531,0.0251414204902577,50
post_phase12_module2_M2-B,M2-B,R034,شعیب ملک Champions Trophy mein kitni martaba shamil ho chuke hain,KI,56105,MIXED,urdu_headline_body_rrf,4,86205,0.024606872451951076,50
post_phase12_module2_M2-B,M2-B,R034,شعیب ملک Champions Trophy mein kitni martaba shamil ho chuke hain,KI,56105,MIXED,urdu_headline_body_rrf,5,58525,0.02379619260918253,50
post_phase12_module2_M2-B,M2-B,R034,شعیب ملک Champions Trophy mein kitni martaba shamil ho chuke hain,KI,56105,MIXED,urdu_headline_body_rrf,6,58748,0.022549760644998737,50
post_phase12_module2_M2-B,M2-B,R034,شعیب ملک Champions Trophy mein kitni martaba shamil ho chuke hain,KI,56105,MIXED,urdu_headline_body_rrf,7,53486,0.021111111111111112,50
post_phase12_module2_M2-B,M2-B,R034,شعیب ملک Champions Trophy mein kitni martaba shamil ho chuke hain,KI,56105,MIXED,urdu_headline_body_rrf,8,57822,0.020186650436193956,50
post_phase12_module2_M2-B,M2-B,R034,شعیب ملک Champions Trophy mein kitni martaba shamil ho chuke hain,KI,56105,MIXED,urdu_headline_body_rrf,9,89889,0.01991281949673073,50
post_phase12_module2_M2-B,M2-B,R034,شعیب ملک Champions Trophy mein kitni martaba shamil ho chuke hain,KI,56105,MIXED,urdu_headline_body_rrf,10,82486,0.0186932215234102,50
post_phase12_module2_M2-B,M2-B,R034,شعیب ملک Champions Trophy mein kitni martaba shamil ho chuke hain,KI,56105,MIXED,urdu_headline_body_rrf,11,10478,0.01639344262295082,50
post_phase12_module2_M2-B,M2-B,R034,شعیب ملک Champions Trophy mein kitni martaba shamil ho chuke hain,KI,56105,MIXED,urdu_headline_body_rrf,12,42626,0.01639344262295082,50
post_phase12_module2_M2-B,M2-B,R034,شعیب ملک Champions Trophy mein kitni martaba shamil ho chuke hain,KI,56105,MIXED,urdu_headline_body_rrf,13,27416,0.016129032258064516,50
post_phase12_module2_M2-B,M2-B,R034,شعیب ملک Champions Trophy mein kitni martaba shamil ho chuke hain,KI,56105,MIXED,urdu_headline_body_rrf,14,32529,0.015873015873015872,50
post_phase12_module2_M2-B,M2-B,R034,شعیب ملک Champions Trophy mein kitni martaba shamil ho chuke hain,KI,56105,MIXED,urdu_headline_body_rrf,15,45006,0.015873015873015872,50
post_phase12_module2_M2-B,M2-B,R034,شعیب ملک Champions Trophy mein kitni martaba shamil ho chuke hain,KI,56105,MIXED,urdu_headline_body_rrf,16,89911,0.015625,50
post_phase12_module2_M2-B,M2-B,R034,شعیب ملک Champions Trophy mein kitni martaba shamil ho chuke hain,KI,56105,MIXED,urdu_headline_body_rrf,17,90113,0.015625,50
post_phase12_module2_M2-B,M2-B,R034,شعیب ملک Champions Trophy mein kitni martaba shamil ho chuke hain,KI,56105,MIXED,urdu_headline_body_rrf,18,87340,0.015384615384615385,50
post_phase12_module2_M2-B,M2-B,R034,شعیب ملک Champions Trophy mein kitni martaba shamil ho chuke hain,KI,56105,MIXED,urdu_headline_body_rrf,19,33468,0.015151515151515152,50
post_phase12_module2_M2-B,M2-B,R034,شعیب ملک Champions Trophy mein kitni martaba shamil ho chuke hain,KI,56105,MIXED,urdu_headline_body_rrf,20,46995,0.015151515151515152,50
post_phase12_module2_M2-B,M2-B,R034,شعیب ملک Champions Trophy mein kitni martaba shamil ho chuke hain,KI,56105,MIXED,urdu_headline_body_rrf,21,33300,0.014925373134328358,50
post_phase12_module2_M2-B,M2-B,R034,شعیب ملک Champions Trophy mein kitni martaba shamil ho chuke hain,KI,56105,MIXED,urdu_headline_body_rrf,22,81267,0.014925373134328358,50
post_phase12_module2_M2-B,M2-B,R034,شعیب ملک Champions Trophy mein kitni martaba shamil ho chuke hain,KI,56105,MIXED,urdu_headline_body_rrf,23,80492,0.014705882352941176,50
post_phase12_module2_M2-B,M2-B,R034,شعیب ملک Champions Trophy mein kitni martaba shamil ho chuke hain,KI,56105,MIXED,urdu_headline_body_rrf,24,32788,0.014492753623188406,50
post_phase12_module2_M2-B,M2-B,R034,شعیب ملک Champions Trophy mein kitni martaba shamil ho chuke hain,KI,56105,MIXED,urdu_headline_body_rrf,25,42545,0.014492753623188406,50
post_phase12_module2_M2-B,M2-B,R034,شعیب ملک Champions Trophy mein kitni martaba shamil ho chuke hain,KI,56105,MIXED,urdu_headline_body_rrf,26,26008,0.014285714285714285,50
post_phase12_module2_M2-B,M2-B,R034,شعیب ملک Champions Trophy mein kitni martaba shamil ho chuke hain,KI,56105,MIXED,urdu_headline_body_rrf,27,52089,0.014285714285714285,50
post_phase12_module2_M2-B,M2-B,R034,شعیب ملک Champions Trophy mein kitni martaba shamil ho chuke hain,KI,56105,MIXED,urdu_headline_body_rrf,28,53980,0.014084507042253521,50
post_phase12_module2_M2-B,M2-B,R034,شعیب ملک Champions Trophy mein kitni martaba shamil ho chuke hain,KI,56105,MIXED,urdu_headline_body_rrf,29,82482,0.014084507042253521,50
post_phase12_module2_M2-B,M2-B,R034,شعیب ملک Champions Trophy mein kitni martaba shamil ho chuke hain,KI,56105,MIXED,urdu_headline_body_rrf,30,46423,0.013888888888888888,50
post_phase12_module2_M2-B,M2-B,R034,شعیب ملک Champions Trophy mein kitni martaba shamil ho chuke hain,KI,56105,MIXED,urdu_headline_body_rrf,31,53229,0.013888888888888888,50
post_phase12_module2_M2-B,M2-B,R034,شعیب ملک Champions Trophy mein kitni martaba shamil ho chuke hain,KI,56105,MIXED,urdu_headline_body_rrf,32,33297,0.0136986301369863,50
post_phase12_module2_M2-B,M2-B,R034,شعیب ملک Champions Trophy mein kitni martaba shamil ho chuke hain,KI,56105,MIXED,urdu_headline_body_rrf,33,86610,0.0136986301369863,50
post_phase12_module2_M2-B,M2-B,R034,شعیب ملک Champions Trophy mein kitni martaba shamil ho chuke hain,KI,56105,MIXED,urdu_headline_body_rrf,34,7931,0.013513513513513514,50
post_phase12_module2_M2-B,M2-B,R034,شعیب ملک Champions Trophy mein kitni martaba shamil ho chuke hain,KI,56105,MIXED,urdu_headline_body_rrf,35,84837,0.013333333333333334,50
post_phase12_module2_M2-B,M2-B,R034,شعیب ملک Champions Trophy mein kitni martaba shamil ho chuke hain,KI,56105,MIXED,urdu_headline_body_rrf,36,11504,0.013157894736842105,50
post_phase12_module2_M2-B,M2-B,R034,شعیب ملک Champions Trophy mein kitni martaba shamil ho chuke hain,KI,56105,MIXED,urdu_headline_body_rrf,37,36949,0.012987012987012988,50
post_phase12_module2_M2-B,M2-B,R034,شعیب ملک Champions Trophy mein kitni martaba shamil ho chuke hain,KI,56105,MIXED,urdu_headline_body_rrf,38,42624,0.012987012987012988,50
post_phase12_module2_M2-B,M2-B,R034,شعیب ملک Champions Trophy mein kitni martaba shamil ho chuke hain,KI,56105,MIXED,urdu_headline_body_rrf,39,33633,0.01282051282051282,50
post_phase12_module2_M2-B,M2-B,R034,شعیب ملک Champions Trophy mein kitni martaba shamil ho chuke hain,KI,56105,MIXED,urdu_headline_body_rrf,40,54328,0.01282051282051282,50
post_phase12_module2_M2-B,M2-B,R034,شعیب ملک Champions Trophy mein kitni martaba shamil ho chuke hain,KI,56105,MIXED,urdu_headline_body_rrf,41,7935,0.012658227848101266,50
post_phase12_module2_M2-B,M2-B,R034,شعیب ملک Champions Trophy mein kitni martaba shamil ho chuke hain,KI,56105,MIXED,urdu_headline_body_rrf,42,55604,0.012658227848101266,50
post_phase12_module2_M2-B,M2-B,R034,شعیب ملک Champions Trophy mein kitni martaba shamil ho chuke hain,KI,56105,MIXED,urdu_headline_body_rrf,43,8289,0.0125,50
post_phase12_module2_M2-B,M2-B,R034,شعیب ملک Champions Trophy mein kitni martaba shamil ho chuke hain,KI,56105,MIXED,urdu_headline_body_rrf,44,32593,0.0125,50
post_phase12_module2_M2-B,M2-B,R034,شعیب ملک Champions Trophy mein kitni martaba shamil ho chuke hain,KI,56105,MIXED,urdu_headline_body_rrf,45,82641,0.012345679012345678,50
post_phase12_module2_M2-B,M2-B,R034,شعیب ملک Champions Trophy mein kitni martaba shamil ho chuke hain,KI,56105,MIXED,urdu_headline_body_rrf,46,82885,0.012195121951219513,50
post_phase12_module2_M2-B,M2-B,R034,شعیب ملک Champions Trophy mein kitni martaba shamil ho chuke hain,KI,56105,MIXED,urdu_headline_body_rrf,47,93561,0.012195121951219513,50
post_phase12_module2_M2-B,M2-B,R034,شعیب ملک Champions Trophy mein kitni martaba shamil ho chuke hain,KI,56105,MIXED,urdu_headline_body_rrf,48,35208,0.012048192771084338,50
post_phase12_module2_M2-B,M2-B,R034,شعیب ملک Champions Trophy mein kitni martaba shamil ho chuke hain,KI,56105,MIXED,urdu_headline_body_rrf,49,46972,0.012048192771084338,50
post_phase12_module2_M2-B,M2-B,R034,شعیب ملک Champions Trophy mein kitni martaba shamil ho chuke hain,KI,56105,MIXED,urdu_headline_body_rrf,50,52968,0.011904761904761904,50
post_phase12_module2_M2-B,M2-B,R035,راکھی ساونت Ludhiana court mein giraftari se kaise bach gayi,KI,10810,MIXED,urdu_headline_body_rrf,1,10810,0.0315136476426799,50
post_phase12_module2_M2-B,M2-B,R035,راکھی ساونت Ludhiana court mein giraftari se kaise bach gayi,KI,10810,MIXED,urdu_headline_body_rrf,2,7971,0.029709507042253523,50
post_phase12_module2_M2-B,M2-B,R035,راکھی ساونت Ludhiana court mein giraftari se kaise bach gayi,KI,10810,MIXED,urdu_headline_body_rrf,3,7949,0.029551337359792925,50
post_phase12_module2_M2-B,M2-B,R035,راکھی ساونت Ludhiana court mein giraftari se kaise bach gayi,KI,10810,MIXED,urdu_headline_body_rrf,4,7938,0.029386529386529386,50
post_phase12_module2_M2-B,M2-B,R035,راکھی ساونت Ludhiana court mein giraftari se kaise bach gayi,KI,10810,MIXED,urdu_headline_body_rrf,5,11012,0.02919863597612958,50
post_phase12_module2_M2-B,M2-B,R035,راکھی ساونت Ludhiana court mein giraftari se kaise bach gayi,KI,10810,MIXED,urdu_headline_body_rrf,6,48273,0.028814262023217248,50
post_phase12_module2_M2-B,M2-B,R035,راکھی ساونت Ludhiana court mein giraftari se kaise bach gayi,KI,10810,MIXED,urdu_headline_body_rrf,7,67055,0.02878726010616578,50
post_phase12_module2_M2-B,M2-B,R035,راکھی ساونت Ludhiana court mein giraftari se kaise bach gayi,KI,10810,MIXED,urdu_headline_body_rrf,8,7869,0.02844163539403516,50
post_phase12_module2_M2-B,M2-B,R035,راکھی ساونت Ludhiana court mein giraftari se kaise bach gayi,KI,10810,MIXED,urdu_headline_body_rrf,9,67009,0.02821869488536155,50
post_phase12_module2_M2-B,M2-B,R035,راکھی ساونت Ludhiana court mein giraftari se kaise bach gayi,KI,10810,MIXED,urdu_headline_body_rrf,10,68463,0.02819138376017471,50
post_phase12_module2_M2-B,M2-B,R035,راکھی ساونت Ludhiana court mein giraftari se kaise bach gayi,KI,10810,MIXED,urdu_headline_body_rrf,11,7921,0.02813852813852814,50
post_phase12_module2_M2-B,M2-B,R035,راکھی ساونت Ludhiana court mein giraftari se kaise bach gayi,KI,10810,MIXED,urdu_headline_body_rrf,12,105856,0.027579737335834898,50
post_phase12_module2_M2-B,M2-B,R035,راکھی ساونت Ludhiana court mein giraftari se kaise bach gayi,KI,10810,MIXED,urdu_headline_body_rrf,13,106147,0.027526395173453996,50
post_phase12_module2_M2-B,M2-B,R035,راکھی ساونت Ludhiana court mein giraftari se kaise bach gayi,KI,10810,MIXED,urdu_headline_body_rrf,14,66662,0.027417840375586856,50
post_phase12_module2_M2-B,M2-B,R035,راکھی ساونت Ludhiana court mein giraftari se kaise bach gayi,KI,10810,MIXED,urdu_headline_body_rrf,15,7986,0.026988636363636364,50
post_phase12_module2_M2-B,M2-B,R035,راکھی ساونت Ludhiana court mein giraftari se kaise bach gayi,KI,10810,MIXED,urdu_headline_body_rrf,16,7742,0.026856524873828405,50
post_phase12_module2_M2-B,M2-B,R035,راکھی ساونت Ludhiana court mein giraftari se kaise bach gayi,KI,10810,MIXED,urdu_headline_body_rrf,17,6765,0.026785714285714288,50
post_phase12_module2_M2-B,M2-B,R035,راکھی ساونت Ludhiana court mein giraftari se kaise bach gayi,KI,10810,MIXED,urdu_headline_body_rrf,18,67110,0.026709401709401708,50
post_phase12_module2_M2-B,M2-B,R035,راکھی ساونت Ludhiana court mein giraftari se kaise bach gayi,KI,10810,MIXED,urdu_headline_body_rrf,19,6290,0.0266900790166813,50
post_phase12_module2_M2-B,M2-B,R035,راکھی ساونت Ludhiana court mein giraftari se kaise bach gayi,KI,10810,MIXED,urdu_headline_body_rrf,20,13245,0.026262626262626265,50
post_phase12_module2_M2-B,M2-B,R035,راکھی ساونت Ludhiana court mein giraftari se kaise bach gayi,KI,10810,MIXED,urdu_headline_body_rrf,21,105773,0.026013513513513515,50
post_phase12_module2_M2-B,M2-B,R035,راکھی ساونت Ludhiana court mein giraftari se kaise bach gayi,KI,10810,MIXED,urdu_headline_body_rrf,22,7998,0.0259915611814346,50
post_phase12_module2_M2-B,M2-B,R035,راکھی ساونت Ludhiana court mein giraftari se kaise bach gayi,KI,10810,MIXED,urdu_headline_body_rrf,23,67728,0.023839931885908897,50
post_phase12_module2_M2-B,M2-B,R035,راکھی ساونت Ludhiana court mein giraftari se kaise bach gayi,KI,10810,MIXED,urdu_headline_body_rrf,24,108732,0.023431077007399288,50
post_phase12_module2_M2-B,M2-B,R035,راکھی ساونت Ludhiana court mein giraftari se kaise bach gayi,KI,10810,MIXED,urdu_headline_body_rrf,25,107484,0.023399014778325122,50
post_phase12_module2_M2-B,M2-B,R035,راکھی ساونت Ludhiana court mein giraftari se kaise bach gayi,KI,10810,MIXED,urdu_headline_body_rrf,26,18514,0.021764705882352943,50
post_phase12_module2_M2-B,M2-B,R035,راکھی ساونت Ludhiana court mein giraftari se kaise bach gayi,KI,10810,MIXED,urdu_headline_body_rrf,27,18766,0.021708683473389355,50
post_phase12_module2_M2-B,M2-B,R035,راکھی ساونت Ludhiana court mein giraftari se kaise bach gayi,KI,10810,MIXED,urdu_headline_body_rrf,28,12646,0.02152889707575409,50
post_phase12_module2_M2-B,M2-B,R035,راکھی ساونت Ludhiana court mein giraftari se kaise bach gayi,KI,10810,MIXED,urdu_headline_body_rrf,29,7849,0.014285714285714285,50
post_phase12_module2_M2-B,M2-B,R035,راکھی ساونت Ludhiana court mein giraftari se kaise bach gayi,KI,10810,MIXED,urdu_headline_body_rrf,30,9185,0.012987012987012988,50
post_phase12_module2_M2-B,M2-B,R035,راکھی ساونت Ludhiana court mein giraftari se kaise bach gayi,KI,10810,MIXED,urdu_headline_body_rrf,31,15293,0.012048192771084338,50
post_phase12_module2_M2-B,M2-B,R035,راکھی ساونت Ludhiana court mein giraftari se kaise bach gayi,KI,10810,MIXED,urdu_headline_body_rrf,32,8178,0.011627906976744186,50
post_phase12_module2_M2-B,M2-B,R035,راکھی ساونت Ludhiana court mein giraftari se kaise bach gayi,KI,10810,MIXED,urdu_headline_body_rrf,33,7764,0.011363636363636364,50
post_phase12_module2_M2-B,M2-B,R035,راکھی ساونت Ludhiana court mein giraftari se kaise bach gayi,KI,10810,MIXED,urdu_headline_body_rrf,34,104859,0.01098901098901099,50
post_phase12_module2_M2-B,M2-B,R035,راکھی ساونت Ludhiana court mein giraftari se kaise bach gayi,KI,10810,MIXED,urdu_headline_body_rrf,35,67054,0.010869565217391304,50
post_phase12_module2_M2-B,M2-B,R035,راکھی ساونت Ludhiana court mein giraftari se kaise bach gayi,KI,10810,MIXED,urdu_headline_body_rrf,36,67053,0.010752688172043012,50
post_phase12_module2_M2-B,M2-B,R035,راکھی ساونت Ludhiana court mein giraftari se kaise bach gayi,KI,10810,MIXED,urdu_headline_body_rrf,37,67720,0.010638297872340425,50
post_phase12_module2_M2-B,M2-B,R035,راکھی ساونت Ludhiana court mein giraftari se kaise bach gayi,KI,10810,MIXED,urdu_headline_body_rrf,38,108358,0.010526315789473684,50
post_phase12_module2_M2-B,M2-B,R035,راکھی ساونت Ludhiana court mein giraftari se kaise bach gayi,KI,10810,MIXED,urdu_headline_body_rrf,39,6245,0.010416666666666666,50
post_phase12_module2_M2-B,M2-B,R035,راکھی ساونت Ludhiana court mein giraftari se kaise bach gayi,KI,10810,MIXED,urdu_headline_body_rrf,40,13237,0.010309278350515464,50
post_phase12_module2_M2-B,M2-B,R035,راکھی ساونت Ludhiana court mein giraftari se kaise bach gayi,KI,10810,MIXED,urdu_headline_body_rrf,41,105565,0.01020408163265306,50
post_phase12_module2_M2-B,M2-B,R035,راکھی ساونت Ludhiana court mein giraftari se kaise bach gayi,KI,10810,MIXED,urdu_headline_body_rrf,42,8166,0.010101010101010102,50
post_phase12_module2_M2-B,M2-B,R035,راکھی ساونت Ludhiana court mein giraftari se kaise bach gayi,KI,10810,MIXED,urdu_headline_body_rrf,43,30423,0.009708737864077669,50
post_phase12_module2_M2-B,M2-B,R035,راکھی ساونت Ludhiana court mein giraftari se kaise bach gayi,KI,10810,MIXED,urdu_headline_body_rrf,44,11550,0.009615384615384616,50
post_phase12_module2_M2-B,M2-B,R035,راکھی ساونت Ludhiana court mein giraftari se kaise bach gayi,KI,10810,MIXED,urdu_headline_body_rrf,45,12586,0.009523809523809525,50
post_phase12_module2_M2-B,M2-B,R035,راکھی ساونت Ludhiana court mein giraftari se kaise bach gayi,KI,10810,MIXED,urdu_headline_body_rrf,46,8647,0.009433962264150943,50
post_phase12_module2_M2-B,M2-B,R035,راکھی ساونت Ludhiana court mein giraftari se kaise bach gayi,KI,10810,MIXED,urdu_headline_body_rrf,47,8010,0.009345794392523364,50
post_phase12_module2_M2-B,M2-B,R035,راکھی ساونت Ludhiana court mein giraftari se kaise bach gayi,KI,10810,MIXED,urdu_headline_body_rrf,48,108492,0.009259259259259259,50
post_phase12_module2_M2-B,M2-B,R035,راکھی ساونت Ludhiana court mein giraftari se kaise bach gayi,KI,10810,MIXED,urdu_headline_body_rrf,49,96666,0.009174311926605505,50
post_phase12_module2_M2-B,M2-B,R035,راکھی ساونت Ludhiana court mein giraftari se kaise bach gayi,KI,10810,MIXED,urdu_headline_body_rrf,50,8206,0.00909090909090909,50
post_phase12_module2_M2-B,M2-B,R036,اسٹار وارز ساتویں فلم کا نیا ٹریلر کب جاری ہوا,KI,103345,URDU,urdu_headline_body_rrf,1,104322,0.03278688524590164,50
post_phase12_module2_M2-B,M2-B,R036,اسٹار وارز ساتویں فلم کا نیا ٹریلر کب جاری ہوا,KI,103345,URDU,urdu_headline_body_rrf,2,104320,0.0315136476426799,50
post_phase12_module2_M2-B,M2-B,R036,اسٹار وارز ساتویں فلم کا نیا ٹریلر کب جاری ہوا,KI,103345,URDU,urdu_headline_body_rrf,3,69543,0.03149801587301587,50
post_phase12_module2_M2-B,M2-B,R036,اسٹار وارز ساتویں فلم کا نیا ٹریلر کب جاری ہوا,KI,103345,URDU,urdu_headline_body_rrf,4,104483,0.03128054740957967,50
post_phase12_module2_M2-B,M2-B,R036,اسٹار وارز ساتویں فلم کا نیا ٹریلر کب جاری ہوا,KI,103345,URDU,urdu_headline_body_rrf,5,103317,0.031009615384615385,50
post_phase12_module2_M2-B,M2-B,R036,اسٹار وارز ساتویں فلم کا نیا ٹریلر کب جاری ہوا,KI,103345,URDU,urdu_headline_body_rrf,6,103345,0.03007688828584351,50
post_phase12_module2_M2-B,M2-B,R036,اسٹار وارز ساتویں فلم کا نیا ٹریلر کب جاری ہوا,KI,103345,URDU,urdu_headline_body_rrf,7,102126,0.029418126757516764,50
post_phase12_module2_M2-B,M2-B,R036,اسٹار وارز ساتویں فلم کا نیا ٹریلر کب جاری ہوا,KI,103345,URDU,urdu_headline_body_rrf,8,103867,0.02758751902587519,50
post_phase12_module2_M2-B,M2-B,R036,اسٹار وارز ساتویں فلم کا نیا ٹریلر کب جاری ہوا,KI,103345,URDU,urdu_headline_body_rrf,9,103820,0.027313266443701224,50
post_phase12_module2_M2-B,M2-B,R036,اسٹار وارز ساتویں فلم کا نیا ٹریلر کب جاری ہوا,KI,103345,URDU,urdu_headline_body_rrf,10,50264,0.02684684684684685,50
post_phase12_module2_M2-B,M2-B,R036,اسٹار وارز ساتویں فلم کا نیا ٹریلر کب جاری ہوا,KI,103345,URDU,urdu_headline_body_rrf,11,100786,0.025849212924606464,50
post_phase12_module2_M2-B,M2-B,R036,اسٹار وارز ساتویں فلم کا نیا ٹریلر کب جاری ہوا,KI,103345,URDU,urdu_headline_body_rrf,12,68534,0.025779967159277502,50
post_phase12_module2_M2-B,M2-B,R036,اسٹار وارز ساتویں فلم کا نیا ٹریلر کب جاری ہوا,KI,103345,URDU,urdu_headline_body_rrf,13,9687,0.02478580171358629,50
post_phase12_module2_M2-B,M2-B,R036,اسٹار وارز ساتویں فلم کا نیا ٹریلر کب جاری ہوا,KI,103345,URDU,urdu_headline_body_rrf,14,6925,0.024404761904761905,50
post_phase12_module2_M2-B,M2-B,R036,اسٹار وارز ساتویں فلم کا نیا ٹریلر کب جاری ہوا,KI,103345,URDU,urdu_headline_body_rrf,15,50672,0.02381289865343728,50
post_phase12_module2_M2-B,M2-B,R036,اسٹار وارز ساتویں فلم کا نیا ٹریلر کب جاری ہوا,KI,103345,URDU,urdu_headline_body_rrf,16,101203,0.023739701159056,50
post_phase12_module2_M2-B,M2-B,R036,اسٹار وارز ساتویں فلم کا نیا ٹریلر کب جاری ہوا,KI,103345,URDU,urdu_headline_body_rrf,17,104917,0.02332285115303983,50
post_phase12_module2_M2-B,M2-B,R036,اسٹار وارز ساتویں فلم کا نیا ٹریلر کب جاری ہوا,KI,103345,URDU,urdu_headline_body_rrf,18,103081,0.02329652572044169,50
post_phase12_module2_M2-B,M2-B,R036,اسٹار وارز ساتویں فلم کا نیا ٹریلر کب جاری ہوا,KI,103345,URDU,urdu_headline_body_rrf,19,105378,0.022774327122153208,50
post_phase12_module2_M2-B,M2-B,R036,اسٹار وارز ساتویں فلم کا نیا ٹریلر کب جاری ہوا,KI,103345,URDU,urdu_headline_body_rrf,20,103212,0.015873015873015872,50
post_phase12_module2_M2-B,M2-B,R036,اسٹار وارز ساتویں فلم کا نیا ٹریلر کب جاری ہوا,KI,103345,URDU,urdu_headline_body_rrf,21,9322,0.014705882352941176,50
post_phase12_module2_M2-B,M2-B,R036,اسٹار وارز ساتویں فلم کا نیا ٹریلر کب جاری ہوا,KI,103345,URDU,urdu_headline_body_rrf,22,101590,0.014705882352941176,50
post_phase12_module2_M2-B,M2-B,R036,اسٹار وارز ساتویں فلم کا نیا ٹریلر کب جاری ہوا,KI,103345,URDU,urdu_headline_body_rrf,23,9991,0.014285714285714285,50
post_phase12_module2_M2-B,M2-B,R036,اسٹار وارز ساتویں فلم کا نیا ٹریلر کب جاری ہوا,KI,103345,URDU,urdu_headline_body_rrf,24,15664,0.014084507042253521,50
post_phase12_module2_M2-B,M2-B,R036,اسٹار وارز ساتویں فلم کا نیا ٹریلر کب جاری ہوا,KI,103345,URDU,urdu_headline_body_rrf,25,9982,0.0136986301369863,50
post_phase12_module2_M2-B,M2-B,R036,اسٹار وارز ساتویں فلم کا نیا ٹریلر کب جاری ہوا,KI,103345,URDU,urdu_headline_body_rrf,26,101904,0.013513513513513514,50
post_phase12_module2_M2-B,M2-B,R036,اسٹار وارز ساتویں فلم کا نیا ٹریلر کب جاری ہوا,KI,103345,URDU,urdu_headline_body_rrf,27,68108,0.013333333333333334,50
post_phase12_module2_M2-B,M2-B,R036,اسٹار وارز ساتویں فلم کا نیا ٹریلر کب جاری ہوا,KI,103345,URDU,urdu_headline_body_rrf,28,51156,0.013157894736842105,50
post_phase12_module2_M2-B,M2-B,R036,اسٹار وارز ساتویں فلم کا نیا ٹریلر کب جاری ہوا,KI,103345,URDU,urdu_headline_body_rrf,29,10391,0.012987012987012988,50
post_phase12_module2_M2-B,M2-B,R036,اسٹار وارز ساتویں فلم کا نیا ٹریلر کب جاری ہوا,KI,103345,URDU,urdu_headline_body_rrf,30,68925,0.01282051282051282,50
post_phase12_module2_M2-B,M2-B,R036,اسٹار وارز ساتویں فلم کا نیا ٹریلر کب جاری ہوا,KI,103345,URDU,urdu_headline_body_rrf,31,103794,0.012658227848101266,50
post_phase12_module2_M2-B,M2-B,R036,اسٹار وارز ساتویں فلم کا نیا ٹریلر کب جاری ہوا,KI,103345,URDU,urdu_headline_body_rrf,32,68305,0.0125,50
post_phase12_module2_M2-B,M2-B,R036,اسٹار وارز ساتویں فلم کا نیا ٹریلر کب جاری ہوا,KI,103345,URDU,urdu_headline_body_rrf,33,10055,0.012345679012345678,50
post_phase12_module2_M2-B,M2-B,R036,اسٹار وارز ساتویں فلم کا نیا ٹریلر کب جاری ہوا,KI,103345,URDU,urdu_headline_body_rrf,34,101490,0.012345679012345678,50
post_phase12_module2_M2-B,M2-B,R036,اسٹار وارز ساتویں فلم کا نیا ٹریلر کب جاری ہوا,KI,103345,URDU,urdu_headline_body_rrf,35,101576,0.012195121951219513,50
post_phase12_module2_M2-B,M2-B,R036,اسٹار وارز ساتویں فلم کا نیا ٹریلر کب جاری ہوا,KI,103345,URDU,urdu_headline_body_rrf,36,104354,0.012195121951219513,50
post_phase12_module2_M2-B,M2-B,R036,اسٹار وارز ساتویں فلم کا نیا ٹریلر کب جاری ہوا,KI,103345,URDU,urdu_headline_body_rrf,37,100500,0.012048192771084338,50
post_phase12_module2_M2-B,M2-B,R036,اسٹار وارز ساتویں فلم کا نیا ٹریلر کب جاری ہوا,KI,103345,URDU,urdu_headline_body_rrf,38,68019,0.011627906976744186,50
post_phase12_module2_M2-B,M2-B,R036,اسٹار وارز ساتویں فلم کا نیا ٹریلر کب جاری ہوا,KI,103345,URDU,urdu_headline_body_rrf,39,100299,0.011494252873563218,50
post_phase12_module2_M2-B,M2-B,R036,اسٹار وارز ساتویں فلم کا نیا ٹریلر کب جاری ہوا,KI,103345,URDU,urdu_headline_body_rrf,40,9960,0.011363636363636364,50
post_phase12_module2_M2-B,M2-B,R036,اسٹار وارز ساتویں فلم کا نیا ٹریلر کب جاری ہوا,KI,103345,URDU,urdu_headline_body_rrf,41,100179,0.011363636363636364,50
post_phase12_module2_M2-B,M2-B,R036,اسٹار وارز ساتویں فلم کا نیا ٹریلر کب جاری ہوا,KI,103345,URDU,urdu_headline_body_rrf,42,13630,0.011235955056179775,50
post_phase12_module2_M2-B,M2-B,R036,اسٹار وارز ساتویں فلم کا نیا ٹریلر کب جاری ہوا,KI,103345,URDU,urdu_headline_body_rrf,43,101581,0.011235955056179775,50
post_phase12_module2_M2-B,M2-B,R036,اسٹار وارز ساتویں فلم کا نیا ٹریلر کب جاری ہوا,KI,103345,URDU,urdu_headline_body_rrf,44,66876,0.011111111111111112,50
post_phase12_module2_M2-B,M2-B,R036,اسٹار وارز ساتویں فلم کا نیا ٹریلر کب جاری ہوا,KI,103345,URDU,urdu_headline_body_rrf,45,68076,0.011111111111111112,50
post_phase12_module2_M2-B,M2-B,R036,اسٹار وارز ساتویں فلم کا نیا ٹریلر کب جاری ہوا,KI,103345,URDU,urdu_headline_body_rrf,46,15381,0.01098901098901099,50
post_phase12_module2_M2-B,M2-B,R036,اسٹار وارز ساتویں فلم کا نیا ٹریلر کب جاری ہوا,KI,103345,URDU,urdu_headline_body_rrf,47,103196,0.01098901098901099,50
post_phase12_module2_M2-B,M2-B,R036,اسٹار وارز ساتویں فلم کا نیا ٹریلر کب جاری ہوا,KI,103345,URDU,urdu_headline_body_rrf,48,50501,0.010869565217391304,50
post_phase12_module2_M2-B,M2-B,R036,اسٹار وارز ساتویں فلم کا نیا ٹریلر کب جاری ہوا,KI,103345,URDU,urdu_headline_body_rrf,49,101593,0.010752688172043012,50
post_phase12_module2_M2-B,M2-B,R036,اسٹار وارز ساتویں فلم کا نیا ٹریلر کب جاری ہوا,KI,103345,URDU,urdu_headline_body_rrf,50,101553,0.010638297872340425,50
post_phase12_module2_M2-B,M2-B,R037,ڈھاکہ میں فیشن ویک کس شہر میں جاری ہے,KI,19022,URDU,urdu_headline_body_rrf,1,19022,0.03278688524590164,50
post_phase12_module2_M2-B,M2-B,R037,ڈھاکہ میں فیشن ویک کس شہر میں جاری ہے,KI,19022,URDU,urdu_headline_body_rrf,2,101632,0.031009615384615385,50
post_phase12_module2_M2-B,M2-B,R037,ڈھاکہ میں فیشن ویک کس شہر میں جاری ہے,KI,19022,URDU,urdu_headline_body_rrf,3,102166,0.02964426877470356,50
post_phase12_module2_M2-B,M2-B,R037,ڈھاکہ میں فیشن ویک کس شہر میں جاری ہے,KI,19022,URDU,urdu_headline_body_rrf,4,77409,0.028474711270410194,50
post_phase12_module2_M2-B,M2-B,R037,ڈھاکہ میں فیشن ویک کس شہر میں جاری ہے,KI,19022,URDU,urdu_headline_body_rrf,5,50414,0.028258706467661692,50
post_phase12_module2_M2-B,M2-B,R037,ڈھاکہ میں فیشن ویک کس شہر میں جاری ہے,KI,19022,URDU,urdu_headline_body_rrf,6,107568,0.028068137824235385,50
post_phase12_module2_M2-B,M2-B,R037,ڈھاکہ میں فیشن ویک کس شہر میں جاری ہے,KI,19022,URDU,urdu_headline_body_rrf,7,101351,0.02637768817204301,50
post_phase12_module2_M2-B,M2-B,R037,ڈھاکہ میں فیشن ویک کس شہر میں جاری ہے,KI,19022,URDU,urdu_headline_body_rrf,8,19070,0.025816993464052286,50
post_phase12_module2_M2-B,M2-B,R037,ڈھاکہ میں فیشن ویک کس شہر میں جاری ہے,KI,19022,URDU,urdu_headline_body_rrf,9,102428,0.024386724386724387,50
post_phase12_module2_M2-B,M2-B,R037,ڈھاکہ میں فیشن ویک کس شہر میں جاری ہے,KI,19022,URDU,urdu_headline_body_rrf,10,18593,0.02438307873090482,50
post_phase12_module2_M2-B,M2-B,R037,ڈھاکہ میں فیشن ویک کس شہر میں جاری ہے,KI,19022,URDU,urdu_headline_body_rrf,11,104509,0.023513328776486674,50
post_phase12_module2_M2-B,M2-B,R037,ڈھاکہ میں فیشن ویک کس شہر میں جاری ہے,KI,19022,URDU,urdu_headline_body_rrf,12,101227,0.02278953922789539,50
post_phase12_module2_M2-B,M2-B,R037,ڈھاکہ میں فیشن ویک کس شہر میں جاری ہے,KI,19022,URDU,urdu_headline_body_rrf,13,50397,0.022116324535679376,50
post_phase12_module2_M2-B,M2-B,R037,ڈھاکہ میں فیشن ویک کس شہر میں جاری ہے,KI,19022,URDU,urdu_headline_body_rrf,14,101105,0.02152889707575409,50
post_phase12_module2_M2-B,M2-B,R037,ڈھاکہ میں فیشن ویک کس شہر میں جاری ہے,KI,19022,URDU,urdu_headline_body_rrf,15,50736,0.019433962264150943,50
post_phase12_module2_M2-B,M2-B,R037,ڈھاکہ میں فیشن ویک کس شہر میں جاری ہے,KI,19022,URDU,urdu_headline_body_rrf,16,68451,0.019419306184012067,50
post_phase12_module2_M2-B,M2-B,R037,ڈھاکہ میں فیشن ویک کس شہر میں جاری ہے,KI,19022,URDU,urdu_headline_body_rrf,17,100879,0.016129032258064516,50
post_phase12_module2_M2-B,M2-B,R037,ڈھاکہ میں فیشن ویک کس شہر میں جاری ہے,KI,19022,URDU,urdu_headline_body_rrf,18,101145,0.015873015873015872,50
post_phase12_module2_M2-B,M2-B,R037,ڈھاکہ میں فیشن ویک کس شہر میں جاری ہے,KI,19022,URDU,urdu_headline_body_rrf,19,101811,0.015384615384615385,50
post_phase12_module2_M2-B,M2-B,R037,ڈھاکہ میں فیشن ویک کس شہر میں جاری ہے,KI,19022,URDU,urdu_headline_body_rrf,20,101079,0.015151515151515152,50
post_phase12_module2_M2-B,M2-B,R037,ڈھاکہ میں فیشن ویک کس شہر میں جاری ہے,KI,19022,URDU,urdu_headline_body_rrf,21,100866,0.014925373134328358,50
post_phase12_module2_M2-B,M2-B,R037,ڈھاکہ میں فیشن ویک کس شہر میں جاری ہے,KI,19022,URDU,urdu_headline_body_rrf,22,68848,0.014705882352941176,50
post_phase12_module2_M2-B,M2-B,R037,ڈھاکہ میں فیشن ویک کس شہر میں جاری ہے,KI,19022,URDU,urdu_headline_body_rrf,23,18096,0.014492753623188406,50
post_phase12_module2_M2-B,M2-B,R037,ڈھاکہ میں فیشن ویک کس شہر میں جاری ہے,KI,19022,URDU,urdu_headline_body_rrf,24,50109,0.014285714285714285,50
post_phase12_module2_M2-B,M2-B,R037,ڈھاکہ میں فیشن ویک کس شہر میں جاری ہے,KI,19022,URDU,urdu_headline_body_rrf,25,51763,0.014084507042253521,50
post_phase12_module2_M2-B,M2-B,R037,ڈھاکہ میں فیشن ویک کس شہر میں جاری ہے,KI,19022,URDU,urdu_headline_body_rrf,26,67983,0.014084507042253521,50
post_phase12_module2_M2-B,M2-B,R037,ڈھاکہ میں فیشن ویک کس شہر میں جاری ہے,KI,19022,URDU,urdu_headline_body_rrf,27,68959,0.013888888888888888,50
post_phase12_module2_M2-B,M2-B,R037,ڈھاکہ میں فیشن ویک کس شہر میں جاری ہے,KI,19022,URDU,urdu_headline_body_rrf,28,101006,0.013888888888888888,50
post_phase12_module2_M2-B,M2-B,R037,ڈھاکہ میں فیشن ویک کس شہر میں جاری ہے,KI,19022,URDU,urdu_headline_body_rrf,29,102459,0.0136986301369863,50
post_phase12_module2_M2-B,M2-B,R037,ڈھاکہ میں فیشن ویک کس شہر میں جاری ہے,KI,19022,URDU,urdu_headline_body_rrf,30,102479,0.013513513513513514,50
post_phase12_module2_M2-B,M2-B,R037,ڈھاکہ میں فیشن ویک کس شہر میں جاری ہے,KI,19022,URDU,urdu_headline_body_rrf,31,19098,0.013333333333333334,50
post_phase12_module2_M2-B,M2-B,R037,ڈھاکہ میں فیشن ویک کس شہر میں جاری ہے,KI,19022,URDU,urdu_headline_body_rrf,32,18515,0.013157894736842105,50
post_phase12_module2_M2-B,M2-B,R037,ڈھاکہ میں فیشن ویک کس شہر میں جاری ہے,KI,19022,URDU,urdu_headline_body_rrf,33,102600,0.013157894736842105,50
post_phase12_module2_M2-B,M2-B,R037,ڈھاکہ میں فیشن ویک کس شہر میں جاری ہے,KI,19022,URDU,urdu_headline_body_rrf,34,18802,0.012987012987012988,50
post_phase12_module2_M2-B,M2-B,R037,ڈھاکہ میں فیشن ویک کس شہر میں جاری ہے,KI,19022,URDU,urdu_headline_body_rrf,35,18755,0.01282051282051282,50
post_phase12_module2_M2-B,M2-B,R037,ڈھاکہ میں فیشن ویک کس شہر میں جاری ہے,KI,19022,URDU,urdu_headline_body_rrf,36,111467,0.01282051282051282,50
post_phase12_module2_M2-B,M2-B,R037,ڈھاکہ میں فیشن ویک کس شہر میں جاری ہے,KI,19022,URDU,urdu_headline_body_rrf,37,18268,0.012658227848101266,50
post_phase12_module2_M2-B,M2-B,R037,ڈھاکہ میں فیشن ویک کس شہر میں جاری ہے,KI,19022,URDU,urdu_headline_body_rrf,38,108841,0.012658227848101266,50
post_phase12_module2_M2-B,M2-B,R037,ڈھاکہ میں فیشن ویک کس شہر میں جاری ہے,KI,19022,URDU,urdu_headline_body_rrf,39,19131,0.0125,50
post_phase12_module2_M2-B,M2-B,R037,ڈھاکہ میں فیشن ویک کس شہر میں جاری ہے,KI,19022,URDU,urdu_headline_body_rrf,40,50851,0.0125,50
post_phase12_module2_M2-B,M2-B,R037,ڈھاکہ میں فیشن ویک کس شہر میں جاری ہے,KI,19022,URDU,urdu_headline_body_rrf,41,18948,0.012345679012345678,50
post_phase12_module2_M2-B,M2-B,R037,ڈھاکہ میں فیشن ویک کس شہر میں جاری ہے,KI,19022,URDU,urdu_headline_body_rrf,42,18980,0.012195121951219513,50
post_phase12_module2_M2-B,M2-B,R037,ڈھاکہ میں فیشن ویک کس شہر میں جاری ہے,KI,19022,URDU,urdu_headline_body_rrf,43,18641,0.012048192771084338,50
post_phase12_module2_M2-B,M2-B,R037,ڈھاکہ میں فیشن ویک کس شہر میں جاری ہے,KI,19022,URDU,urdu_headline_body_rrf,44,68187,0.012048192771084338,50
post_phase12_module2_M2-B,M2-B,R037,ڈھاکہ میں فیشن ویک کس شہر میں جاری ہے,KI,19022,URDU,urdu_headline_body_rrf,45,18650,0.011904761904761904,50
post_phase12_module2_M2-B,M2-B,R037,ڈھاکہ میں فیشن ویک کس شہر میں جاری ہے,KI,19022,URDU,urdu_headline_body_rrf,46,104461,0.011904761904761904,50
post_phase12_module2_M2-B,M2-B,R037,ڈھاکہ میں فیشن ویک کس شہر میں جاری ہے,KI,19022,URDU,urdu_headline_body_rrf,47,5298,0.011764705882352941,50
post_phase12_module2_M2-B,M2-B,R037,ڈھاکہ میں فیشن ویک کس شہر میں جاری ہے,KI,19022,URDU,urdu_headline_body_rrf,48,18481,0.011764705882352941,50
post_phase12_module2_M2-B,M2-B,R037,ڈھاکہ میں فیشن ویک کس شہر میں جاری ہے,KI,19022,URDU,urdu_headline_body_rrf,49,18580,0.011627906976744186,50
post_phase12_module2_M2-B,M2-B,R037,ڈھاکہ میں فیشن ویک کس شہر میں جاری ہے,KI,19022,URDU,urdu_headline_body_rrf,50,18732,0.011494252873563218,50
post_phase12_module2_M2-B,M2-B,R038,نیویارک میں خاتoon ke purse mein Galaxy Note jalne ka waqia kya tha,KI,21320,MIXED,urdu_headline_body_rrf,1,104531,0.029709507042253523,50
post_phase12_module2_M2-B,M2-B,R038,نیویارک میں خاتoon ke purse mein Galaxy Note jalne ka waqia kya tha,KI,21320,MIXED,urdu_headline_body_rrf,2,71855,0.02628900949796472,50
post_phase12_module2_M2-B,M2-B,R038,نیویارک میں خاتoon ke purse mein Galaxy Note jalne ka waqia kya tha,KI,21320,MIXED,urdu_headline_body_rrf,3,49016,0.02625418060200669,50
post_phase12_module2_M2-B,M2-B,R038,نیویارک میں خاتoon ke purse mein Galaxy Note jalne ka waqia kya tha,KI,21320,MIXED,urdu_headline_body_rrf,4,101489,0.025035205758097326,50
post_phase12_module2_M2-B,M2-B,R038,نیویارک میں خاتoon ke purse mein Galaxy Note jalne ka waqia kya tha,KI,21320,MIXED,urdu_headline_body_rrf,5,105985,0.02383854801571177,50
post_phase12_module2_M2-B,M2-B,R038,نیویارک میں خاتoon ke purse mein Galaxy Note jalne ka waqia kya tha,KI,21320,MIXED,urdu_headline_body_rrf,6,49023,0.023132592401137242,50
post_phase12_module2_M2-B,M2-B,R038,نیویارک میں خاتoon ke purse mein Galaxy Note jalne ka waqia kya tha,KI,21320,MIXED,urdu_headline_body_rrf,7,12223,0.02262443438914027,50
post_phase12_module2_M2-B,M2-B,R038,نیویارک میں خاتoon ke purse mein Galaxy Note jalne ka waqia kya tha,KI,21320,MIXED,urdu_headline_body_rrf,8,68235,0.02247191011235955,50
post_phase12_module2_M2-B,M2-B,R038,نیویارک میں خاتoon ke purse mein Galaxy Note jalne ka waqia kya tha,KI,21320,MIXED,urdu_headline_body_rrf,9,107616,0.022403003754693368,50
post_phase12_module2_M2-B,M2-B,R038,نیویارک میں خاتoon ke purse mein Galaxy Note jalne ka waqia kya tha,KI,21320,MIXED,urdu_headline_body_rrf,10,67491,0.01639344262295082,50
post_phase12_module2_M2-B,M2-B,R038,نیویارک میں خاتoon ke purse mein Galaxy Note jalne ka waqia kya tha,KI,21320,MIXED,urdu_headline_body_rrf,11,89414,0.01639344262295082,50
post_phase12_module2_M2-B,M2-B,R038,نیویارک میں خاتoon ke purse mein Galaxy Note jalne ka waqia kya tha,KI,21320,MIXED,urdu_headline_body_rrf,12,19147,0.016129032258064516,50
post_phase12_module2_M2-B,M2-B,R038,نیویارک میں خاتoon ke purse mein Galaxy Note jalne ka waqia kya tha,KI,21320,MIXED,urdu_headline_body_rrf,13,70678,0.016129032258064516,50
post_phase12_module2_M2-B,M2-B,R038,نیویارک میں خاتoon ke purse mein Galaxy Note jalne ka waqia kya tha,KI,21320,MIXED,urdu_headline_body_rrf,14,18732,0.015873015873015872,50
post_phase12_module2_M2-B,M2-B,R038,نیویارک میں خاتoon ke purse mein Galaxy Note jalne ka waqia kya tha,KI,21320,MIXED,urdu_headline_body_rrf,15,61056,0.015873015873015872,50
post_phase12_module2_M2-B,M2-B,R038,نیویارک میں خاتoon ke purse mein Galaxy Note jalne ka waqia kya tha,KI,21320,MIXED,urdu_headline_body_rrf,16,71761,0.015625,50
post_phase12_module2_M2-B,M2-B,R038,نیویارک میں خاتoon ke purse mein Galaxy Note jalne ka waqia kya tha,KI,21320,MIXED,urdu_headline_body_rrf,17,18250,0.015384615384615385,50
post_phase12_module2_M2-B,M2-B,R038,نیویارک میں خاتoon ke purse mein Galaxy Note jalne ka waqia kya tha,KI,21320,MIXED,urdu_headline_body_rrf,18,5298,0.015151515151515152,50
post_phase12_module2_M2-B,M2-B,R038,نیویارک میں خاتoon ke purse mein Galaxy Note jalne ka waqia kya tha,KI,21320,MIXED,urdu_headline_body_rrf,19,74069,0.015151515151515152,50
post_phase12_module2_M2-B,M2-B,R038,نیویارک میں خاتoon ke purse mein Galaxy Note jalne ka waqia kya tha,KI,21320,MIXED,urdu_headline_body_rrf,20,18106,0.014925373134328358,50
post_phase12_module2_M2-B,M2-B,R038,نیویارک میں خاتoon ke purse mein Galaxy Note jalne ka waqia kya tha,KI,21320,MIXED,urdu_headline_body_rrf,21,50887,0.014705882352941176,50
post_phase12_module2_M2-B,M2-B,R038,نیویارک میں خاتoon ke purse mein Galaxy Note jalne ka waqia kya tha,KI,21320,MIXED,urdu_headline_body_rrf,22,104955,0.014705882352941176,50
post_phase12_module2_M2-B,M2-B,R038,نیویارک میں خاتoon ke purse mein Galaxy Note jalne ka waqia kya tha,KI,21320,MIXED,urdu_headline_body_rrf,23,87772,0.014492753623188406,50
post_phase12_module2_M2-B,M2-B,R038,نیویارک میں خاتoon ke purse mein Galaxy Note jalne ka waqia kya tha,KI,21320,MIXED,urdu_headline_body_rrf,24,102265,0.014285714285714285,50
post_phase12_module2_M2-B,M2-B,R038,نیویارک میں خاتoon ke purse mein Galaxy Note jalne ka waqia kya tha,KI,21320,MIXED,urdu_headline_body_rrf,25,103652,0.014285714285714285,50
post_phase12_module2_M2-B,M2-B,R038,نیویارک میں خاتoon ke purse mein Galaxy Note jalne ka waqia kya tha,KI,21320,MIXED,urdu_headline_body_rrf,26,69329,0.014084507042253521,50
post_phase12_module2_M2-B,M2-B,R038,نیویارک میں خاتoon ke purse mein Galaxy Note jalne ka waqia kya tha,KI,21320,MIXED,urdu_headline_body_rrf,27,49235,0.013888888888888888,50
post_phase12_module2_M2-B,M2-B,R038,نیویارک میں خاتoon ke purse mein Galaxy Note jalne ka waqia kya tha,KI,21320,MIXED,urdu_headline_body_rrf,28,78677,0.013888888888888888,50
post_phase12_module2_M2-B,M2-B,R038,نیویارک میں خاتoon ke purse mein Galaxy Note jalne ka waqia kya tha,KI,21320,MIXED,urdu_headline_body_rrf,29,68627,0.0136986301369863,50
post_phase12_module2_M2-B,M2-B,R038,نیویارک میں خاتoon ke purse mein Galaxy Note jalne ka waqia kya tha,KI,21320,MIXED,urdu_headline_body_rrf,30,103748,0.013513513513513514,50
post_phase12_module2_M2-B,M2-B,R038,نیویارک میں خاتoon ke purse mein Galaxy Note jalne ka waqia kya tha,KI,21320,MIXED,urdu_headline_body_rrf,31,105169,0.013513513513513514,50
post_phase12_module2_M2-B,M2-B,R038,نیویارک میں خاتoon ke purse mein Galaxy Note jalne ka waqia kya tha,KI,21320,MIXED,urdu_headline_body_rrf,32,50015,0.013333333333333334,50
post_phase12_module2_M2-B,M2-B,R038,نیویارک میں خاتoon ke purse mein Galaxy Note jalne ka waqia kya tha,KI,21320,MIXED,urdu_headline_body_rrf,33,89875,0.013333333333333334,50
post_phase12_module2_M2-B,M2-B,R038,نیویارک میں خاتoon ke purse mein Galaxy Note jalne ka waqia kya tha,KI,21320,MIXED,urdu_headline_body_rrf,34,20285,0.013157894736842105,50
post_phase12_module2_M2-B,M2-B,R038,نیویارک میں خاتoon ke purse mein Galaxy Note jalne ka waqia kya tha,KI,21320,MIXED,urdu_headline_body_rrf,35,46114,0.013157894736842105,50
post_phase12_module2_M2-B,M2-B,R038,نیویارک میں خاتoon ke purse mein Galaxy Note jalne ka waqia kya tha,KI,21320,MIXED,urdu_headline_body_rrf,36,50767,0.012987012987012988,50
post_phase12_module2_M2-B,M2-B,R038,نیویارک میں خاتoon ke purse mein Galaxy Note jalne ka waqia kya tha,KI,21320,MIXED,urdu_headline_body_rrf,37,108791,0.01282051282051282,50
post_phase12_module2_M2-B,M2-B,R038,نیویارک میں خاتoon ke purse mein Galaxy Note jalne ka waqia kya tha,KI,21320,MIXED,urdu_headline_body_rrf,38,9649,0.012658227848101266,50
post_phase12_module2_M2-B,M2-B,R038,نیویارک میں خاتoon ke purse mein Galaxy Note jalne ka waqia kya tha,KI,21320,MIXED,urdu_headline_body_rrf,39,10425,0.012658227848101266,50
post_phase12_module2_M2-B,M2-B,R038,نیویارک میں خاتoon ke purse mein Galaxy Note jalne ka waqia kya tha,KI,21320,MIXED,urdu_headline_body_rrf,40,10973,0.0125,50
post_phase12_module2_M2-B,M2-B,R038,نیویارک میں خاتoon ke purse mein Galaxy Note jalne ka waqia kya tha,KI,21320,MIXED,urdu_headline_body_rrf,41,61818,0.0125,50
post_phase12_module2_M2-B,M2-B,R038,نیویارک میں خاتoon ke purse mein Galaxy Note jalne ka waqia kya tha,KI,21320,MIXED,urdu_headline_body_rrf,42,49329,0.012345679012345678,50
post_phase12_module2_M2-B,M2-B,R038,نیویارک میں خاتoon ke purse mein Galaxy Note jalne ka waqia kya tha,KI,21320,MIXED,urdu_headline_body_rrf,43,107840,0.012345679012345678,50
post_phase12_module2_M2-B,M2-B,R038,نیویارک میں خاتoon ke purse mein Galaxy Note jalne ka waqia kya tha,KI,21320,MIXED,urdu_headline_body_rrf,44,87780,0.012195121951219513,50
post_phase12_module2_M2-B,M2-B,R038,نیویارک میں خاتoon ke purse mein Galaxy Note jalne ka waqia kya tha,KI,21320,MIXED,urdu_headline_body_rrf,45,104880,0.012195121951219513,50
post_phase12_module2_M2-B,M2-B,R038,نیویارک میں خاتoon ke purse mein Galaxy Note jalne ka waqia kya tha,KI,21320,MIXED,urdu_headline_body_rrf,46,67519,0.012048192771084338,50
post_phase12_module2_M2-B,M2-B,R038,نیویارک میں خاتoon ke purse mein Galaxy Note jalne ka waqia kya tha,KI,21320,MIXED,urdu_headline_body_rrf,47,12173,0.011904761904761904,50
post_phase12_module2_M2-B,M2-B,R038,نیویارک میں خاتoon ke purse mein Galaxy Note jalne ka waqia kya tha,KI,21320,MIXED,urdu_headline_body_rrf,48,62637,0.011904761904761904,50
post_phase12_module2_M2-B,M2-B,R038,نیویارک میں خاتoon ke purse mein Galaxy Note jalne ka waqia kya tha,KI,21320,MIXED,urdu_headline_body_rrf,49,100813,0.011764705882352941,50
post_phase12_module2_M2-B,M2-B,R038,نیویارک میں خاتoon ke purse mein Galaxy Note jalne ka waqia kya tha,KI,21320,MIXED,urdu_headline_body_rrf,50,18260,0.011627906976744186,50
post_phase12_module2_M2-B,M2-B,R039,برسبن ٹیسٹ میں پاکستان ko innings shikast se bachne ke liye kitne runs chahiye,KI,81925,MIXED,urdu_headline_body_rrf,1,58969,0.027479766610201392,50
post_phase12_module2_M2-B,M2-B,R039,برسبن ٹیسٹ میں پاکستان ko innings shikast se bachne ke liye kitne runs chahiye,KI,81925,MIXED,urdu_headline_body_rrf,2,86948,0.024961240310077522,50
post_phase12_module2_M2-B,M2-B,R039,برسبن ٹیسٹ میں پاکستان ko innings shikast se bachne ke liye kitne runs chahiye,KI,81925,MIXED,urdu_headline_body_rrf,3,81791,0.020634920634920638,50
post_phase12_module2_M2-B,M2-B,R039,برسبن ٹیسٹ میں پاکستان ko innings shikast se bachne ke liye kitne runs chahiye,KI,81925,MIXED,urdu_headline_body_rrf,4,34001,0.01639344262295082,50
post_phase12_module2_M2-B,M2-B,R039,برسبن ٹیسٹ میں پاکستان ko innings shikast se bachne ke liye kitne runs chahiye,KI,81925,MIXED,urdu_headline_body_rrf,5,58204,0.01639344262295082,50
post_phase12_module2_M2-B,M2-B,R039,برسبن ٹیسٹ میں پاکستان ko innings shikast se bachne ke liye kitne runs chahiye,KI,81925,MIXED,urdu_headline_body_rrf,6,33992,0.016129032258064516,50
post_phase12_module2_M2-B,M2-B,R039,برسبن ٹیسٹ میں پاکستان ko innings shikast se bachne ke liye kitne runs chahiye,KI,81925,MIXED,urdu_headline_body_rrf,7,87190,0.016129032258064516,50
post_phase12_module2_M2-B,M2-B,R039,برسبن ٹیسٹ میں پاکستان ko innings shikast se bachne ke liye kitne runs chahiye,KI,81925,MIXED,urdu_headline_body_rrf,8,34692,0.015873015873015872,50
post_phase12_module2_M2-B,M2-B,R039,برسبن ٹیسٹ میں پاکستان ko innings shikast se bachne ke liye kitne runs chahiye,KI,81925,MIXED,urdu_headline_body_rrf,9,36356,0.015873015873015872,50
post_phase12_module2_M2-B,M2-B,R039,برسبن ٹیسٹ میں پاکستان ko innings shikast se bachne ke liye kitne runs chahiye,KI,81925,MIXED,urdu_headline_body_rrf,10,34693,0.015625,50
post_phase12_module2_M2-B,M2-B,R039,برسبن ٹیسٹ میں پاکستان ko innings shikast se bachne ke liye kitne runs chahiye,KI,81925,MIXED,urdu_headline_body_rrf,11,35399,0.015625,50
post_phase12_module2_M2-B,M2-B,R039,برسبن ٹیسٹ میں پاکستان ko innings shikast se bachne ke liye kitne runs chahiye,KI,81925,MIXED,urdu_headline_body_rrf,12,14504,0.015384615384615385,50
post_phase12_module2_M2-B,M2-B,R039,برسبن ٹیسٹ میں پاکستان ko innings shikast se bachne ke liye kitne runs chahiye,KI,81925,MIXED,urdu_headline_body_rrf,13,33367,0.015384615384615385,50
post_phase12_module2_M2-B,M2-B,R039,برسبن ٹیسٹ میں پاکستان ko innings shikast se bachne ke liye kitne runs chahiye,KI,81925,MIXED,urdu_headline_body_rrf,14,33966,0.015151515151515152,50
post_phase12_module2_M2-B,M2-B,R039,برسبن ٹیسٹ میں پاکستان ko innings shikast se bachne ke liye kitne runs chahiye,KI,81925,MIXED,urdu_headline_body_rrf,15,87584,0.015151515151515152,50
post_phase12_module2_M2-B,M2-B,R039,برسبن ٹیسٹ میں پاکستان ko innings shikast se bachne ke liye kitne runs chahiye,KI,81925,MIXED,urdu_headline_body_rrf,16,32154,0.014925373134328358,50
post_phase12_module2_M2-B,M2-B,R039,برسبن ٹیسٹ میں پاکستان ko innings shikast se bachne ke liye kitne runs chahiye,KI,81925,MIXED,urdu_headline_body_rrf,17,85965,0.014925373134328358,50
post_phase12_module2_M2-B,M2-B,R039,برسبن ٹیسٹ میں پاکستان ko innings shikast se bachne ke liye kitne runs chahiye,KI,81925,MIXED,urdu_headline_body_rrf,18,36361,0.014705882352941176,50
post_phase12_module2_M2-B,M2-B,R039,برسبن ٹیسٹ میں پاکستان ko innings shikast se bachne ke liye kitne runs chahiye,KI,81925,MIXED,urdu_headline_body_rrf,19,52678,0.014705882352941176,50
post_phase12_module2_M2-B,M2-B,R039,برسبن ٹیسٹ میں پاکستان ko innings shikast se bachne ke liye kitne runs chahiye,KI,81925,MIXED,urdu_headline_body_rrf,20,37033,0.014492753623188406,50
post_phase12_module2_M2-B,M2-B,R039,برسبن ٹیسٹ میں پاکستان ko innings shikast se bachne ke liye kitne runs chahiye,KI,81925,MIXED,urdu_headline_body_rrf,21,56814,0.014285714285714285,50
post_phase12_module2_M2-B,M2-B,R039,برسبن ٹیسٹ میں پاکستان ko innings shikast se bachne ke liye kitne runs chahiye,KI,81925,MIXED,urdu_headline_body_rrf,22,93701,0.014285714285714285,50
post_phase12_module2_M2-B,M2-B,R039,برسبن ٹیسٹ میں پاکستان ko innings shikast se bachne ke liye kitne runs chahiye,KI,81925,MIXED,urdu_headline_body_rrf,23,30725,0.014084507042253521,50
post_phase12_module2_M2-B,M2-B,R039,برسبن ٹیسٹ میں پاکستان ko innings shikast se bachne ke liye kitne runs chahiye,KI,81925,MIXED,urdu_headline_body_rrf,24,88075,0.014084507042253521,50
post_phase12_module2_M2-B,M2-B,R039,برسبن ٹیسٹ میں پاکستان ko innings shikast se bachne ke liye kitne runs chahiye,KI,81925,MIXED,urdu_headline_body_rrf,25,35118,0.013888888888888888,50
post_phase12_module2_M2-B,M2-B,R039,برسبن ٹیسٹ میں پاکستان ko innings shikast se bachne ke liye kitne runs chahiye,KI,81925,MIXED,urdu_headline_body_rrf,26,52971,0.013888888888888888,50
post_phase12_module2_M2-B,M2-B,R039,برسبن ٹیسٹ میں پاکستان ko innings shikast se bachne ke liye kitne runs chahiye,KI,81925,MIXED,urdu_headline_body_rrf,27,35212,0.0136986301369863,50
post_phase12_module2_M2-B,M2-B,R039,برسبن ٹیسٹ میں پاکستان ko innings shikast se bachne ke liye kitne runs chahiye,KI,81925,MIXED,urdu_headline_body_rrf,28,54076,0.0136986301369863,50
post_phase12_module2_M2-B,M2-B,R039,برسبن ٹیسٹ میں پاکستان ko innings shikast se bachne ke liye kitne runs chahiye,KI,81925,MIXED,urdu_headline_body_rrf,29,52558,0.013513513513513514,50
post_phase12_module2_M2-B,M2-B,R039,برسبن ٹیسٹ میں پاکستان ko innings shikast se bachne ke liye kitne runs chahiye,KI,81925,MIXED,urdu_headline_body_rrf,30,53532,0.013513513513513514,50
post_phase12_module2_M2-B,M2-B,R039,برسبن ٹیسٹ میں پاکستان ko innings shikast se bachne ke liye kitne runs chahiye,KI,81925,MIXED,urdu_headline_body_rrf,31,57002,0.013333333333333334,50
post_phase12_module2_M2-B,M2-B,R039,برسبن ٹیسٹ میں پاکستان ko innings shikast se bachne ke liye kitne runs chahiye,KI,81925,MIXED,urdu_headline_body_rrf,32,30510,0.013157894736842105,50
post_phase12_module2_M2-B,M2-B,R039,برسبن ٹیسٹ میں پاکستان ko innings shikast se bachne ke liye kitne runs chahiye,KI,81925,MIXED,urdu_headline_body_rrf,33,57004,0.013157894736842105,50
post_phase12_module2_M2-B,M2-B,R039,برسبن ٹیسٹ میں پاکستان ko innings shikast se bachne ke liye kitne runs chahiye,KI,81925,MIXED,urdu_headline_body_rrf,34,54162,0.012987012987012988,50
post_phase12_module2_M2-B,M2-B,R039,برسبن ٹیسٹ میں پاکستان ko innings shikast se bachne ke liye kitne runs chahiye,KI,81925,MIXED,urdu_headline_body_rrf,35,31154,0.01282051282051282,50
post_phase12_module2_M2-B,M2-B,R039,برسبن ٹیسٹ میں پاکستان ko innings shikast se bachne ke liye kitne runs chahiye,KI,81925,MIXED,urdu_headline_body_rrf,36,83715,0.01282051282051282,50
post_phase12_module2_M2-B,M2-B,R039,برسبن ٹیسٹ میں پاکستان ko innings shikast se bachne ke liye kitne runs chahiye,KI,81925,MIXED,urdu_headline_body_rrf,37,29970,0.012658227848101266,50
post_phase12_module2_M2-B,M2-B,R039,برسبن ٹیسٹ میں پاکستان ko innings shikast se bachne ke liye kitne runs chahiye,KI,81925,MIXED,urdu_headline_body_rrf,38,87519,0.012658227848101266,50
post_phase12_module2_M2-B,M2-B,R039,برسبن ٹیسٹ میں پاکستان ko innings shikast se bachne ke liye kitne runs chahiye,KI,81925,MIXED,urdu_headline_body_rrf,39,87111,0.0125,50
post_phase12_module2_M2-B,M2-B,R039,برسبن ٹیسٹ میں پاکستان ko innings shikast se bachne ke liye kitne runs chahiye,KI,81925,MIXED,urdu_headline_body_rrf,40,95210,0.0125,50
post_phase12_module2_M2-B,M2-B,R039,برسبن ٹیسٹ میں پاکستان ko innings shikast se bachne ke liye kitne runs chahiye,KI,81925,MIXED,urdu_headline_body_rrf,41,57280,0.012345679012345678,50
post_phase12_module2_M2-B,M2-B,R039,برسبن ٹیسٹ میں پاکستان ko innings shikast se bachne ke liye kitne runs chahiye,KI,81925,MIXED,urdu_headline_body_rrf,42,87000,0.012345679012345678,50
post_phase12_module2_M2-B,M2-B,R039,برسبن ٹیسٹ میں پاکستان ko innings shikast se bachne ke liye kitne runs chahiye,KI,81925,MIXED,urdu_headline_body_rrf,43,57744,0.012195121951219513,50
post_phase12_module2_M2-B,M2-B,R039,برسبن ٹیسٹ میں پاکستان ko innings shikast se bachne ke liye kitne runs chahiye,KI,81925,MIXED,urdu_headline_body_rrf,44,87077,0.012195121951219513,50
post_phase12_module2_M2-B,M2-B,R039,برسبن ٹیسٹ میں پاکستان ko innings shikast se bachne ke liye kitne runs chahiye,KI,81925,MIXED,urdu_headline_body_rrf,45,46777,0.012048192771084338,50
post_phase12_module2_M2-B,M2-B,R039,برسبن ٹیسٹ میں پاکستان ko innings shikast se bachne ke liye kitne runs chahiye,KI,81925,MIXED,urdu_headline_body_rrf,46,54399,0.012048192771084338,50
post_phase12_module2_M2-B,M2-B,R039,برسبن ٹیسٹ میں پاکستان ko innings shikast se bachne ke liye kitne runs chahiye,KI,81925,MIXED,urdu_headline_body_rrf,47,37806,0.011904761904761904,50
post_phase12_module2_M2-B,M2-B,R039,برسبن ٹیسٹ میں پاکستان ko innings shikast se bachne ke liye kitne runs chahiye,KI,81925,MIXED,urdu_headline_body_rrf,48,57309,0.011904761904761904,50
post_phase12_module2_M2-B,M2-B,R039,برسبن ٹیسٹ میں پاکستان ko innings shikast se bachne ke liye kitne runs chahiye,KI,81925,MIXED,urdu_headline_body_rrf,49,56799,0.011764705882352941,50
post_phase12_module2_M2-B,M2-B,R039,برسبن ٹیسٹ میں پاکستان ko innings shikast se bachne ke liye kitne runs chahiye,KI,81925,MIXED,urdu_headline_body_rrf,50,95209,0.011764705882352941,50
post_phase12_module2_M2-B,M2-B,R040,موٹورولا ne apna pehla foldable phone confirm karte hue kya bataya,KI,20845,MIXED,urdu_headline_body_rrf,1,80436,0.03278688524590164,8
post_phase12_module2_M2-B,M2-B,R040,موٹورولا ne apna pehla foldable phone confirm karte hue kya bataya,KI,20845,MIXED,urdu_headline_body_rrf,2,79812,0.016129032258064516,8
post_phase12_module2_M2-B,M2-B,R040,موٹورولا ne apna pehla foldable phone confirm karte hue kya bataya,KI,20845,MIXED,urdu_headline_body_rrf,3,80161,0.015873015873015872,8
post_phase12_module2_M2-B,M2-B,R040,موٹورولا ne apna pehla foldable phone confirm karte hue kya bataya,KI,20845,MIXED,urdu_headline_body_rrf,4,60176,0.015625,8
post_phase12_module2_M2-B,M2-B,R040,موٹورولا ne apna pehla foldable phone confirm karte hue kya bataya,KI,20845,MIXED,urdu_headline_body_rrf,5,22963,0.015384615384615385,8
post_phase12_module2_M2-B,M2-B,R040,موٹورولا ne apna pehla foldable phone confirm karte hue kya bataya,KI,20845,MIXED,urdu_headline_body_rrf,6,24497,0.015151515151515152,8
post_phase12_module2_M2-B,M2-B,R040,موٹورولا ne apna pehla foldable phone confirm karte hue kya bataya,KI,20845,MIXED,urdu_headline_body_rrf,7,21249,0.014925373134328358,8
post_phase12_module2_M2-B,M2-B,R040,موٹورولا ne apna pehla foldable phone confirm karte hue kya bataya,KI,20845,MIXED,urdu_headline_body_rrf,8,22896,0.014705882352941176,8
post_phase12_module2_M2-B,M2-B,R041,کمار سانو ke khilaf school function mein raat bhar gaana gaane par kya case bana,KI,67310,MIXED,urdu_headline_body_rrf,1,8607,0.032266458495966696,50
post_phase12_module2_M2-B,M2-B,R041,کمار سانو ke khilaf school function mein raat bhar gaana gaane par kya case bana,KI,67310,MIXED,urdu_headline_body_rrf,2,3932,0.03225806451612903,50
post_phase12_module2_M2-B,M2-B,R041,کمار سانو ke khilaf school function mein raat bhar gaana gaane par kya case bana,KI,67310,MIXED,urdu_headline_body_rrf,3,69803,0.032018442622950824,50
post_phase12_module2_M2-B,M2-B,R041,کمار سانو ke khilaf school function mein raat bhar gaana gaane par kya case bana,KI,67310,MIXED,urdu_headline_body_rrf,4,10022,0.025561706284597852,50
post_phase12_module2_M2-B,M2-B,R041,کمار سانو ke khilaf school function mein raat bhar gaana gaane par kya case bana,KI,67310,MIXED,urdu_headline_body_rrf,5,99785,0.024954072259644827,50
post_phase12_module2_M2-B,M2-B,R041,کمار سانو ke khilaf school function mein raat bhar gaana gaane par kya case bana,KI,67310,MIXED,urdu_headline_body_rrf,6,100197,0.023403679653679656,50
post_phase12_module2_M2-B,M2-B,R041,کمار سانو ke khilaf school function mein raat bhar gaana gaane par kya case bana,KI,67310,MIXED,urdu_headline_body_rrf,7,69453,0.023222439660795825,50
post_phase12_module2_M2-B,M2-B,R041,کمار سانو ke khilaf school function mein raat bhar gaana gaane par kya case bana,KI,67310,MIXED,urdu_headline_body_rrf,8,103223,0.02142857142857143,50
post_phase12_module2_M2-B,M2-B,R041,کمار سانو ke khilaf school function mein raat bhar gaana gaane par kya case bana,KI,67310,MIXED,urdu_headline_body_rrf,9,8234,0.021072374227714033,50
post_phase12_module2_M2-B,M2-B,R041,کمار سانو ke khilaf school function mein raat bhar gaana gaane par kya case bana,KI,67310,MIXED,urdu_headline_body_rrf,10,13204,0.01919191919191919,50
post_phase12_module2_M2-B,M2-B,R041,کمار سانو ke khilaf school function mein raat bhar gaana gaane par kya case bana,KI,67310,MIXED,urdu_headline_body_rrf,11,13212,0.01879964695498676,50
post_phase12_module2_M2-B,M2-B,R041,کمار سانو ke khilaf school function mein raat bhar gaana gaane par kya case bana,KI,67310,MIXED,urdu_headline_body_rrf,12,101347,0.015873015873015872,50
post_phase12_module2_M2-B,M2-B,R041,کمار سانو ke khilaf school function mein raat bhar gaana gaane par kya case bana,KI,67310,MIXED,urdu_headline_body_rrf,13,18690,0.015625,50
post_phase12_module2_M2-B,M2-B,R041,کمار سانو ke khilaf school function mein raat bhar gaana gaane par kya case bana,KI,67310,MIXED,urdu_headline_body_rrf,14,16694,0.015384615384615385,50
post_phase12_module2_M2-B,M2-B,R041,کمار سانو ke khilaf school function mein raat bhar gaana gaane par kya case bana,KI,67310,MIXED,urdu_headline_body_rrf,15,106617,0.015384615384615385,50
post_phase12_module2_M2-B,M2-B,R041,کمار سانو ke khilaf school function mein raat bhar gaana gaane par kya case bana,KI,67310,MIXED,urdu_headline_body_rrf,16,15631,0.015151515151515152,50
post_phase12_module2_M2-B,M2-B,R041,کمار سانو ke khilaf school function mein raat bhar gaana gaane par kya case bana,KI,67310,MIXED,urdu_headline_body_rrf,17,67310,0.015151515151515152,50
post_phase12_module2_M2-B,M2-B,R041,کمار سانو ke khilaf school function mein raat bhar gaana gaane par kya case bana,KI,67310,MIXED,urdu_headline_body_rrf,18,13086,0.014925373134328358,50
post_phase12_module2_M2-B,M2-B,R041,کمار سانو ke khilaf school function mein raat bhar gaana gaane par kya case bana,KI,67310,MIXED,urdu_headline_body_rrf,19,107423,0.014925373134328358,50
post_phase12_module2_M2-B,M2-B,R041,کمار سانو ke khilaf school function mein raat bhar gaana gaane par kya case bana,KI,67310,MIXED,urdu_headline_body_rrf,20,8093,0.014705882352941176,50
post_phase12_module2_M2-B,M2-B,R041,کمار سانو ke khilaf school function mein raat bhar gaana gaane par kya case bana,KI,67310,MIXED,urdu_headline_body_rrf,21,33743,0.014705882352941176,50
post_phase12_module2_M2-B,M2-B,R041,کمار سانو ke khilaf school function mein raat bhar gaana gaane par kya case bana,KI,67310,MIXED,urdu_headline_body_rrf,22,5300,0.014492753623188406,50
post_phase12_module2_M2-B,M2-B,R041,کمار سانو ke khilaf school function mein raat bhar gaana gaane par kya case bana,KI,67310,MIXED,urdu_headline_body_rrf,23,17878,0.014492753623188406,50
post_phase12_module2_M2-B,M2-B,R041,کمار سانو ke khilaf school function mein raat bhar gaana gaane par kya case bana,KI,67310,MIXED,urdu_headline_body_rrf,24,13749,0.014285714285714285,50
post_phase12_module2_M2-B,M2-B,R041,کمار سانو ke khilaf school function mein raat bhar gaana gaane par kya case bana,KI,67310,MIXED,urdu_headline_body_rrf,25,107454,0.014285714285714285,50
post_phase12_module2_M2-B,M2-B,R041,کمار سانو ke khilaf school function mein raat bhar gaana gaane par kya case bana,KI,67310,MIXED,urdu_headline_body_rrf,26,103158,0.014084507042253521,50
post_phase12_module2_M2-B,M2-B,R041,کمار سانو ke khilaf school function mein raat bhar gaana gaane par kya case bana,KI,67310,MIXED,urdu_headline_body_rrf,27,13449,0.013888888888888888,50
post_phase12_module2_M2-B,M2-B,R041,کمار سانو ke khilaf school function mein raat bhar gaana gaane par kya case bana,KI,67310,MIXED,urdu_headline_body_rrf,28,17499,0.013888888888888888,50
post_phase12_module2_M2-B,M2-B,R041,کمار سانو ke khilaf school function mein raat bhar gaana gaane par kya case bana,KI,67310,MIXED,urdu_headline_body_rrf,29,11252,0.0136986301369863,50
post_phase12_module2_M2-B,M2-B,R041,کمار سانو ke khilaf school function mein raat bhar gaana gaane par kya case bana,KI,67310,MIXED,urdu_headline_body_rrf,30,104611,0.013513513513513514,50
post_phase12_module2_M2-B,M2-B,R041,کمار سانو ke khilaf school function mein raat bhar gaana gaane par kya case bana,KI,67310,MIXED,urdu_headline_body_rrf,31,11092,0.013333333333333334,50
post_phase12_module2_M2-B,M2-B,R041,کمار سانو ke khilaf school function mein raat bhar gaana gaane par kya case bana,KI,67310,MIXED,urdu_headline_body_rrf,32,99554,0.013333333333333334,50
post_phase12_module2_M2-B,M2-B,R041,کمار سانو ke khilaf school function mein raat bhar gaana gaane par kya case bana,KI,67310,MIXED,urdu_headline_body_rrf,33,66991,0.013157894736842105,50
post_phase12_module2_M2-B,M2-B,R041,کمار سانو ke khilaf school function mein raat bhar gaana gaane par kya case bana,KI,67310,MIXED,urdu_headline_body_rrf,34,67087,0.013157894736842105,50
post_phase12_module2_M2-B,M2-B,R041,کمار سانو ke khilaf school function mein raat bhar gaana gaane par kya case bana,KI,67310,MIXED,urdu_headline_body_rrf,35,32165,0.012987012987012988,50
post_phase12_module2_M2-B,M2-B,R041,کمار سانو ke khilaf school function mein raat bhar gaana gaane par kya case bana,KI,67310,MIXED,urdu_headline_body_rrf,36,68842,0.01282051282051282,50
post_phase12_module2_M2-B,M2-B,R041,کمار سانو ke khilaf school function mein raat bhar gaana gaane par kya case bana,KI,67310,MIXED,urdu_headline_body_rrf,37,100811,0.01282051282051282,50
post_phase12_module2_M2-B,M2-B,R041,کمار سانو ke khilaf school function mein raat bhar gaana gaane par kya case bana,KI,67310,MIXED,urdu_headline_body_rrf,38,7705,0.012658227848101266,50
post_phase12_module2_M2-B,M2-B,R041,کمار سانو ke khilaf school function mein raat bhar gaana gaane par kya case bana,KI,67310,MIXED,urdu_headline_body_rrf,39,17712,0.012658227848101266,50
post_phase12_module2_M2-B,M2-B,R041,کمار سانو ke khilaf school function mein raat bhar gaana gaane par kya case bana,KI,67310,MIXED,urdu_headline_body_rrf,40,10368,0.0125,50
post_phase12_module2_M2-B,M2-B,R041,کمار سانو ke khilaf school function mein raat bhar gaana gaane par kya case bana,KI,67310,MIXED,urdu_headline_body_rrf,41,16251,0.0125,50
post_phase12_module2_M2-B,M2-B,R041,کمار سانو ke khilaf school function mein raat bhar gaana gaane par kya case bana,KI,67310,MIXED,urdu_headline_body_rrf,42,8471,0.012345679012345678,50
post_phase12_module2_M2-B,M2-B,R041,کمار سانو ke khilaf school function mein raat bhar gaana gaane par kya case bana,KI,67310,MIXED,urdu_headline_body_rrf,43,98732,0.012345679012345678,50
post_phase12_module2_M2-B,M2-B,R041,کمار سانو ke khilaf school function mein raat bhar gaana gaane par kya case bana,KI,67310,MIXED,urdu_headline_body_rrf,44,6068,0.012195121951219513,50
post_phase12_module2_M2-B,M2-B,R041,کمار سانو ke khilaf school function mein raat bhar gaana gaane par kya case bana,KI,67310,MIXED,urdu_headline_body_rrf,45,12097,0.012195121951219513,50
post_phase12_module2_M2-B,M2-B,R041,کمار سانو ke khilaf school function mein raat bhar gaana gaane par kya case bana,KI,67310,MIXED,urdu_headline_body_rrf,46,97528,0.012048192771084338,50
post_phase12_module2_M2-B,M2-B,R041,کمار سانو ke khilaf school function mein raat bhar gaana gaane par kya case bana,KI,67310,MIXED,urdu_headline_body_rrf,47,10867,0.011904761904761904,50
post_phase12_module2_M2-B,M2-B,R041,کمار سانو ke khilaf school function mein raat bhar gaana gaane par kya case bana,KI,67310,MIXED,urdu_headline_body_rrf,48,7402,0.011764705882352941,50
post_phase12_module2_M2-B,M2-B,R041,کمار سانو ke khilaf school function mein raat bhar gaana gaane par kya case bana,KI,67310,MIXED,urdu_headline_body_rrf,49,102226,0.011764705882352941,50
post_phase12_module2_M2-B,M2-B,R041,کمار سانو ke khilaf school function mein raat bhar gaana gaane par kya case bana,KI,67310,MIXED,urdu_headline_body_rrf,50,10782,0.011627906976744186,50
post_phase12_module2_M2-B,M2-B,R042,Iran ne 100 meter door se corona mareez pehchanne wala kya device mutaarif karaya,KI,19807,ROMAN,roman_headline_body_rrf_method_D,1,100732,0.020422973253161933,50
post_phase12_module2_M2-B,M2-B,R042,Iran ne 100 meter door se corona mareez pehchanne wala kya device mutaarif karaya,KI,19807,ROMAN,roman_headline_body_rrf_method_D,2,78784,0.01639344262295082,50
post_phase12_module2_M2-B,M2-B,R042,Iran ne 100 meter door se corona mareez pehchanne wala kya device mutaarif karaya,KI,19807,ROMAN,roman_headline_body_rrf_method_D,3,103935,0.01639344262295082,50
post_phase12_module2_M2-B,M2-B,R042,Iran ne 100 meter door se corona mareez pehchanne wala kya device mutaarif karaya,KI,19807,ROMAN,roman_headline_body_rrf_method_D,4,78742,0.016129032258064516,50
post_phase12_module2_M2-B,M2-B,R042,Iran ne 100 meter door se corona mareez pehchanne wala kya device mutaarif karaya,KI,19807,ROMAN,roman_headline_body_rrf_method_D,5,92356,0.016129032258064516,50
post_phase12_module2_M2-B,M2-B,R042,Iran ne 100 meter door se corona mareez pehchanne wala kya device mutaarif karaya,KI,19807,ROMAN,roman_headline_body_rrf_method_D,6,8481,0.015873015873015872,50
post_phase12_module2_M2-B,M2-B,R042,Iran ne 100 meter door se corona mareez pehchanne wala kya device mutaarif karaya,KI,19807,ROMAN,roman_headline_body_rrf_method_D,7,36644,0.015873015873015872,50
post_phase12_module2_M2-B,M2-B,R042,Iran ne 100 meter door se corona mareez pehchanne wala kya device mutaarif karaya,KI,19807,ROMAN,roman_headline_body_rrf_method_D,8,30546,0.015625,50
post_phase12_module2_M2-B,M2-B,R042,Iran ne 100 meter door se corona mareez pehchanne wala kya device mutaarif karaya,KI,19807,ROMAN,roman_headline_body_rrf_method_D,9,67129,0.015625,50
post_phase12_module2_M2-B,M2-B,R042,Iran ne 100 meter door se corona mareez pehchanne wala kya device mutaarif karaya,KI,19807,ROMAN,roman_headline_body_rrf_method_D,10,39866,0.015384615384615385,50
post_phase12_module2_M2-B,M2-B,R042,Iran ne 100 meter door se corona mareez pehchanne wala kya device mutaarif karaya,KI,19807,ROMAN,roman_headline_body_rrf_method_D,11,65213,0.015384615384615385,50
post_phase12_module2_M2-B,M2-B,R042,Iran ne 100 meter door se corona mareez pehchanne wala kya device mutaarif karaya,KI,19807,ROMAN,roman_headline_body_rrf_method_D,12,7540,0.015151515151515152,50
post_phase12_module2_M2-B,M2-B,R042,Iran ne 100 meter door se corona mareez pehchanne wala kya device mutaarif karaya,KI,19807,ROMAN,roman_headline_body_rrf_method_D,13,31044,0.015151515151515152,50
post_phase12_module2_M2-B,M2-B,R042,Iran ne 100 meter door se corona mareez pehchanne wala kya device mutaarif karaya,KI,19807,ROMAN,roman_headline_body_rrf_method_D,14,9225,0.014925373134328358,50
post_phase12_module2_M2-B,M2-B,R042,Iran ne 100 meter door se corona mareez pehchanne wala kya device mutaarif karaya,KI,19807,ROMAN,roman_headline_body_rrf_method_D,15,22354,0.014925373134328358,50
post_phase12_module2_M2-B,M2-B,R042,Iran ne 100 meter door se corona mareez pehchanne wala kya device mutaarif karaya,KI,19807,ROMAN,roman_headline_body_rrf_method_D,16,65241,0.014705882352941176,50
post_phase12_module2_M2-B,M2-B,R042,Iran ne 100 meter door se corona mareez pehchanne wala kya device mutaarif karaya,KI,19807,ROMAN,roman_headline_body_rrf_method_D,17,79306,0.014705882352941176,50
post_phase12_module2_M2-B,M2-B,R042,Iran ne 100 meter door se corona mareez pehchanne wala kya device mutaarif karaya,KI,19807,ROMAN,roman_headline_body_rrf_method_D,18,70472,0.014492753623188406,50
post_phase12_module2_M2-B,M2-B,R042,Iran ne 100 meter door se corona mareez pehchanne wala kya device mutaarif karaya,KI,19807,ROMAN,roman_headline_body_rrf_method_D,19,84031,0.014492753623188406,50
post_phase12_module2_M2-B,M2-B,R042,Iran ne 100 meter door se corona mareez pehchanne wala kya device mutaarif karaya,KI,19807,ROMAN,roman_headline_body_rrf_method_D,20,3728,0.014285714285714285,50
post_phase12_module2_M2-B,M2-B,R042,Iran ne 100 meter door se corona mareez pehchanne wala kya device mutaarif karaya,KI,19807,ROMAN,roman_headline_body_rrf_method_D,21,110832,0.014285714285714285,50
post_phase12_module2_M2-B,M2-B,R042,Iran ne 100 meter door se corona mareez pehchanne wala kya device mutaarif karaya,KI,19807,ROMAN,roman_headline_body_rrf_method_D,22,43644,0.014084507042253521,50
post_phase12_module2_M2-B,M2-B,R042,Iran ne 100 meter door se corona mareez pehchanne wala kya device mutaarif karaya,KI,19807,ROMAN,roman_headline_body_rrf_method_D,23,45559,0.014084507042253521,50
post_phase12_module2_M2-B,M2-B,R042,Iran ne 100 meter door se corona mareez pehchanne wala kya device mutaarif karaya,KI,19807,ROMAN,roman_headline_body_rrf_method_D,24,70477,0.013888888888888888,50
post_phase12_module2_M2-B,M2-B,R042,Iran ne 100 meter door se corona mareez pehchanne wala kya device mutaarif karaya,KI,19807,ROMAN,roman_headline_body_rrf_method_D,25,91008,0.013888888888888888,50
post_phase12_module2_M2-B,M2-B,R042,Iran ne 100 meter door se corona mareez pehchanne wala kya device mutaarif karaya,KI,19807,ROMAN,roman_headline_body_rrf_method_D,26,65065,0.0136986301369863,50
post_phase12_module2_M2-B,M2-B,R042,Iran ne 100 meter door se corona mareez pehchanne wala kya device mutaarif karaya,KI,19807,ROMAN,roman_headline_body_rrf_method_D,27,96373,0.0136986301369863,50
post_phase12_module2_M2-B,M2-B,R042,Iran ne 100 meter door se corona mareez pehchanne wala kya device mutaarif karaya,KI,19807,ROMAN,roman_headline_body_rrf_method_D,28,72143,0.013513513513513514,50
post_phase12_module2_M2-B,M2-B,R042,Iran ne 100 meter door se corona mareez pehchanne wala kya device mutaarif karaya,KI,19807,ROMAN,roman_headline_body_rrf_method_D,29,76489,0.013513513513513514,50
post_phase12_module2_M2-B,M2-B,R042,Iran ne 100 meter door se corona mareez pehchanne wala kya device mutaarif karaya,KI,19807,ROMAN,roman_headline_body_rrf_method_D,30,434,0.013333333333333334,50
post_phase12_module2_M2-B,M2-B,R042,Iran ne 100 meter door se corona mareez pehchanne wala kya device mutaarif karaya,KI,19807,ROMAN,roman_headline_body_rrf_method_D,31,98882,0.013333333333333334,50
post_phase12_module2_M2-B,M2-B,R042,Iran ne 100 meter door se corona mareez pehchanne wala kya device mutaarif karaya,KI,19807,ROMAN,roman_headline_body_rrf_method_D,32,65587,0.013157894736842105,50
post_phase12_module2_M2-B,M2-B,R042,Iran ne 100 meter door se corona mareez pehchanne wala kya device mutaarif karaya,KI,19807,ROMAN,roman_headline_body_rrf_method_D,33,109470,0.013157894736842105,50
post_phase12_module2_M2-B,M2-B,R042,Iran ne 100 meter door se corona mareez pehchanne wala kya device mutaarif karaya,KI,19807,ROMAN,roman_headline_body_rrf_method_D,34,27731,0.012987012987012988,50
post_phase12_module2_M2-B,M2-B,R042,Iran ne 100 meter door se corona mareez pehchanne wala kya device mutaarif karaya,KI,19807,ROMAN,roman_headline_body_rrf_method_D,35,65254,0.012987012987012988,50
post_phase12_module2_M2-B,M2-B,R042,Iran ne 100 meter door se corona mareez pehchanne wala kya device mutaarif karaya,KI,19807,ROMAN,roman_headline_body_rrf_method_D,36,64669,0.01282051282051282,50
post_phase12_module2_M2-B,M2-B,R042,Iran ne 100 meter door se corona mareez pehchanne wala kya device mutaarif karaya,KI,19807,ROMAN,roman_headline_body_rrf_method_D,37,75020,0.01282051282051282,50
post_phase12_module2_M2-B,M2-B,R042,Iran ne 100 meter door se corona mareez pehchanne wala kya device mutaarif karaya,KI,19807,ROMAN,roman_headline_body_rrf_method_D,38,17451,0.012658227848101266,50
post_phase12_module2_M2-B,M2-B,R042,Iran ne 100 meter door se corona mareez pehchanne wala kya device mutaarif karaya,KI,19807,ROMAN,roman_headline_body_rrf_method_D,39,71870,0.012658227848101266,50
post_phase12_module2_M2-B,M2-B,R042,Iran ne 100 meter door se corona mareez pehchanne wala kya device mutaarif karaya,KI,19807,ROMAN,roman_headline_body_rrf_method_D,40,32100,0.0125,50
post_phase12_module2_M2-B,M2-B,R042,Iran ne 100 meter door se corona mareez pehchanne wala kya device mutaarif karaya,KI,19807,ROMAN,roman_headline_body_rrf_method_D,41,67111,0.0125,50
post_phase12_module2_M2-B,M2-B,R042,Iran ne 100 meter door se corona mareez pehchanne wala kya device mutaarif karaya,KI,19807,ROMAN,roman_headline_body_rrf_method_D,42,6360,0.012345679012345678,50
post_phase12_module2_M2-B,M2-B,R042,Iran ne 100 meter door se corona mareez pehchanne wala kya device mutaarif karaya,KI,19807,ROMAN,roman_headline_body_rrf_method_D,43,39936,0.012345679012345678,50
post_phase12_module2_M2-B,M2-B,R042,Iran ne 100 meter door se corona mareez pehchanne wala kya device mutaarif karaya,KI,19807,ROMAN,roman_headline_body_rrf_method_D,44,34101,0.012195121951219513,50
post_phase12_module2_M2-B,M2-B,R042,Iran ne 100 meter door se corona mareez pehchanne wala kya device mutaarif karaya,KI,19807,ROMAN,roman_headline_body_rrf_method_D,45,64602,0.012195121951219513,50
post_phase12_module2_M2-B,M2-B,R042,Iran ne 100 meter door se corona mareez pehchanne wala kya device mutaarif karaya,KI,19807,ROMAN,roman_headline_body_rrf_method_D,46,38770,0.012048192771084338,50
post_phase12_module2_M2-B,M2-B,R042,Iran ne 100 meter door se corona mareez pehchanne wala kya device mutaarif karaya,KI,19807,ROMAN,roman_headline_body_rrf_method_D,47,76484,0.012048192771084338,50
post_phase12_module2_M2-B,M2-B,R042,Iran ne 100 meter door se corona mareez pehchanne wala kya device mutaarif karaya,KI,19807,ROMAN,roman_headline_body_rrf_method_D,48,36131,0.011904761904761904,50
post_phase12_module2_M2-B,M2-B,R042,Iran ne 100 meter door se corona mareez pehchanne wala kya device mutaarif karaya,KI,19807,ROMAN,roman_headline_body_rrf_method_D,49,70531,0.011904761904761904,50
post_phase12_module2_M2-B,M2-B,R042,Iran ne 100 meter door se corona mareez pehchanne wala kya device mutaarif karaya,KI,19807,ROMAN,roman_headline_body_rrf_method_D,50,17267,0.011764705882352941,50
post_phase12_module2_M2-B,M2-B,R043,نرگس فخری ne hamla hone ki afwahon par kya jawab diya,KI,7449,MIXED,urdu_headline_body_rrf,1,10081,0.03177805800756621,50
post_phase12_module2_M2-B,M2-B,R043,نرگس فخری ne hamla hone ki afwahon par kya jawab diya,KI,7449,MIXED,urdu_headline_body_rrf,2,69964,0.031754032258064516,50
post_phase12_module2_M2-B,M2-B,R043,نرگس فخری ne hamla hone ki afwahon par kya jawab diya,KI,7449,MIXED,urdu_headline_body_rrf,3,11696,0.030798389007344232,50
post_phase12_module2_M2-B,M2-B,R043,نرگس فخری ne hamla hone ki afwahon par kya jawab diya,KI,7449,MIXED,urdu_headline_body_rrf,4,7449,0.03055037313432836,50
post_phase12_module2_M2-B,M2-B,R043,نرگس فخری ne hamla hone ki afwahon par kya jawab diya,KI,7449,MIXED,urdu_headline_body_rrf,5,101952,0.02976190476190476,50
post_phase12_module2_M2-B,M2-B,R043,نرگس فخری ne hamla hone ki afwahon par kya jawab diya,KI,7449,MIXED,urdu_headline_body_rrf,6,67733,0.029116045245077504,50
post_phase12_module2_M2-B,M2-B,R043,نرگس فخری ne hamla hone ki afwahon par kya jawab diya,KI,7449,MIXED,urdu_headline_body_rrf,7,12744,0.0288981288981289,50
post_phase12_module2_M2-B,M2-B,R043,نرگس فخری ne hamla hone ki afwahon par kya jawab diya,KI,7449,MIXED,urdu_headline_body_rrf,8,68624,0.028790389395194696,50
post_phase12_module2_M2-B,M2-B,R043,نرگس فخری ne hamla hone ki afwahon par kya jawab diya,KI,7449,MIXED,urdu_headline_body_rrf,9,68272,0.02844163539403516,50
post_phase12_module2_M2-B,M2-B,R043,نرگس فخری ne hamla hone ki afwahon par kya jawab diya,KI,7449,MIXED,urdu_headline_body_rrf,10,13161,0.028309409888357256,50
post_phase12_module2_M2-B,M2-B,R043,نرگس فخری ne hamla hone ki afwahon par kya jawab diya,KI,7449,MIXED,urdu_headline_body_rrf,11,106941,0.02813852813852814,50
post_phase12_module2_M2-B,M2-B,R043,نرگس فخری ne hamla hone ki afwahon par kya jawab diya,KI,7449,MIXED,urdu_headline_body_rrf,12,12417,0.027313266443701224,50
post_phase12_module2_M2-B,M2-B,R043,نرگس فخری ne hamla hone ki afwahon par kya jawab diya,KI,7449,MIXED,urdu_headline_body_rrf,13,107705,0.02658450704225352,50
post_phase12_module2_M2-B,M2-B,R043,نرگس فخری ne hamla hone ki afwahon par kya jawab diya,KI,7449,MIXED,urdu_headline_body_rrf,14,13706,0.026200135226504394,50
post_phase12_module2_M2-B,M2-B,R043,نرگس فخری ne hamla hone ki afwahon par kya jawab diya,KI,7449,MIXED,urdu_headline_body_rrf,15,50755,0.026050420168067225,50
post_phase12_module2_M2-B,M2-B,R043,نرگس فخری ne hamla hone ki afwahon par kya jawab diya,KI,7449,MIXED,urdu_headline_body_rrf,16,106939,0.0259915611814346,50
post_phase12_module2_M2-B,M2-B,R043,نرگس فخری ne hamla hone ki afwahon par kya jawab diya,KI,7449,MIXED,urdu_headline_body_rrf,17,107708,0.025859192525859193,50
post_phase12_module2_M2-B,M2-B,R043,نرگس فخری ne hamla hone ki afwahon par kya jawab diya,KI,7449,MIXED,urdu_headline_body_rrf,18,108286,0.025657894736842105,50
post_phase12_module2_M2-B,M2-B,R043,نرگس فخری ne hamla hone ki afwahon par kya jawab diya,KI,7449,MIXED,urdu_headline_body_rrf,19,50060,0.025603392041748205,50
post_phase12_module2_M2-B,M2-B,R043,نرگس فخری ne hamla hone ki afwahon par kya jawab diya,KI,7449,MIXED,urdu_headline_body_rrf,20,102602,0.02456928838951311,50
post_phase12_module2_M2-B,M2-B,R043,نرگس فخری ne hamla hone ki afwahon par kya jawab diya,KI,7449,MIXED,urdu_headline_body_rrf,21,69163,0.024492753623188406,50
post_phase12_module2_M2-B,M2-B,R043,نرگس فخری ne hamla hone ki afwahon par kya jawab diya,KI,7449,MIXED,urdu_headline_body_rrf,22,10207,0.023698630136986303,50
post_phase12_module2_M2-B,M2-B,R043,نرگس فخری ne hamla hone ki afwahon par kya jawab diya,KI,7449,MIXED,urdu_headline_body_rrf,23,106890,0.023690078037904124,50
post_phase12_module2_M2-B,M2-B,R043,نرگس فخری ne hamla hone ki afwahon par kya jawab diya,KI,7449,MIXED,urdu_headline_body_rrf,24,107242,0.022774327122153208,50
post_phase12_module2_M2-B,M2-B,R043,نرگس فخری ne hamla hone ki afwahon par kya jawab diya,KI,7449,MIXED,urdu_headline_body_rrf,25,106873,0.022464859437751006,50
post_phase12_module2_M2-B,M2-B,R043,نرگس فخری ne hamla hone ki afwahon par kya jawab diya,KI,7449,MIXED,urdu_headline_body_rrf,26,107073,0.022399203583872575,50
post_phase12_module2_M2-B,M2-B,R043,نرگس فخری ne hamla hone ki afwahon par kya jawab diya,KI,7449,MIXED,urdu_headline_body_rrf,27,105760,0.022154222766217868,50
post_phase12_module2_M2-B,M2-B,R043,نرگس فخری ne hamla hone ki afwahon par kya jawab diya,KI,7449,MIXED,urdu_headline_body_rrf,28,48473,0.022116324535679376,50
post_phase12_module2_M2-B,M2-B,R043,نرگس فخری ne hamla hone ki afwahon par kya jawab diya,KI,7449,MIXED,urdu_headline_body_rrf,29,13121,0.021264626462646263,50
post_phase12_module2_M2-B,M2-B,R043,نرگس فخری ne hamla hone ki afwahon par kya jawab diya,KI,7449,MIXED,urdu_headline_body_rrf,30,18621,0.021202990737640887,50
post_phase12_module2_M2-B,M2-B,R043,نرگس فخری ne hamla hone ki afwahon par kya jawab diya,KI,7449,MIXED,urdu_headline_body_rrf,31,69771,0.014285714285714285,50
post_phase12_module2_M2-B,M2-B,R043,نرگس فخری ne hamla hone ki afwahon par kya jawab diya,KI,7449,MIXED,urdu_headline_body_rrf,32,101934,0.013888888888888888,50
post_phase12_module2_M2-B,M2-B,R043,نرگس فخری ne hamla hone ki afwahon par kya jawab diya,KI,7449,MIXED,urdu_headline_body_rrf,33,12548,0.012658227848101266,50
post_phase12_module2_M2-B,M2-B,R043,نرگس فخری ne hamla hone ki afwahon par kya jawab diya,KI,7449,MIXED,urdu_headline_body_rrf,34,100990,0.012345679012345678,50
post_phase12_module2_M2-B,M2-B,R043,نرگس فخری ne hamla hone ki afwahon par kya jawab diya,KI,7449,MIXED,urdu_headline_body_rrf,35,106805,0.012195121951219513,50
post_phase12_module2_M2-B,M2-B,R043,نرگس فخری ne hamla hone ki afwahon par kya jawab diya,KI,7449,MIXED,urdu_headline_body_rrf,36,106928,0.011764705882352941,50
post_phase12_module2_M2-B,M2-B,R043,نرگس فخری ne hamla hone ki afwahon par kya jawab diya,KI,7449,MIXED,urdu_headline_body_rrf,37,16256,0.011627906976744186,50
post_phase12_module2_M2-B,M2-B,R043,نرگس فخری ne hamla hone ki afwahon par kya jawab diya,KI,7449,MIXED,urdu_headline_body_rrf,38,100701,0.011235955056179775,50
post_phase12_module2_M2-B,M2-B,R043,نرگس فخری ne hamla hone ki afwahon par kya jawab diya,KI,7449,MIXED,urdu_headline_body_rrf,39,69195,0.011111111111111112,50
post_phase12_module2_M2-B,M2-B,R043,نرگس فخری ne hamla hone ki afwahon par kya jawab diya,KI,7449,MIXED,urdu_headline_body_rrf,40,105913,0.011111111111111112,50
post_phase12_module2_M2-B,M2-B,R043,نرگس فخری ne hamla hone ki afwahon par kya jawab diya,KI,7449,MIXED,urdu_headline_body_rrf,41,24064,0.01098901098901099,50
post_phase12_module2_M2-B,M2-B,R043,نرگس فخری ne hamla hone ki afwahon par kya jawab diya,KI,7449,MIXED,urdu_headline_body_rrf,42,106574,0.01098901098901099,50
post_phase12_module2_M2-B,M2-B,R043,نرگس فخری ne hamla hone ki afwahon par kya jawab diya,KI,7449,MIXED,urdu_headline_body_rrf,43,108122,0.010752688172043012,50
post_phase12_module2_M2-B,M2-B,R043,نرگس فخری ne hamla hone ki afwahon par kya jawab diya,KI,7449,MIXED,urdu_headline_body_rrf,44,67332,0.010638297872340425,50
post_phase12_module2_M2-B,M2-B,R043,نرگس فخری ne hamla hone ki afwahon par kya jawab diya,KI,7449,MIXED,urdu_headline_body_rrf,45,69692,0.010638297872340425,50
post_phase12_module2_M2-B,M2-B,R043,نرگس فخری ne hamla hone ki afwahon par kya jawab diya,KI,7449,MIXED,urdu_headline_body_rrf,46,105894,0.010526315789473684,50
post_phase12_module2_M2-B,M2-B,R043,نرگس فخری ne hamla hone ki afwahon par kya jawab diya,KI,7449,MIXED,urdu_headline_body_rrf,47,102232,0.010416666666666666,50
post_phase12_module2_M2-B,M2-B,R043,نرگس فخری ne hamla hone ki afwahon par kya jawab diya,KI,7449,MIXED,urdu_headline_body_rrf,48,105491,0.010309278350515464,50
post_phase12_module2_M2-B,M2-B,R043,نرگس فخری ne hamla hone ki afwahon par kya jawab diya,KI,7449,MIXED,urdu_headline_body_rrf,49,106849,0.010309278350515464,50
post_phase12_module2_M2-B,M2-B,R043,نرگس فخری ne hamla hone ki afwahon par kya jawab diya,KI,7449,MIXED,urdu_headline_body_rrf,50,105613,0.01020408163265306,50
post_phase12_module2_M2-B,M2-B,R044,اسحاق ڈار ne SECP ki karکردagi par kya raay di,KI,40802,MIXED,urdu_headline_body_rrf,1,73016,0.03225806451612903,50
post_phase12_module2_M2-B,M2-B,R044,اسحاق ڈار ne SECP ki karکردagi par kya raay di,KI,40802,MIXED,urdu_headline_body_rrf,2,61814,0.029273504273504274,50
post_phase12_module2_M2-B,M2-B,R044,اسحاق ڈار ne SECP ki karکردagi par kya raay di,KI,40802,MIXED,urdu_headline_body_rrf,3,72184,0.02819138376017471,50
post_phase12_module2_M2-B,M2-B,R044,اسحاق ڈار ne SECP ki karکردagi par kya raay di,KI,40802,MIXED,urdu_headline_body_rrf,4,61937,0.02490842490842491,50
post_phase12_module2_M2-B,M2-B,R044,اسحاق ڈار ne SECP ki karکردagi par kya raay di,KI,40802,MIXED,urdu_headline_body_rrf,5,76104,0.020944692920257444,50
post_phase12_module2_M2-B,M2-B,R044,اسحاق ڈار ne SECP ki karکردagi par kya raay di,KI,40802,MIXED,urdu_headline_body_rrf,6,61250,0.020370370370370372,50
post_phase12_module2_M2-B,M2-B,R044,اسحاق ڈار ne SECP ki karکردagi par kya raay di,KI,40802,MIXED,urdu_headline_body_rrf,7,61284,0.01971639471639472,50
post_phase12_module2_M2-B,M2-B,R044,اسحاق ڈار ne SECP ki karکردagi par kya raay di,KI,40802,MIXED,urdu_headline_body_rrf,8,71987,0.01639344262295082,50
post_phase12_module2_M2-B,M2-B,R044,اسحاق ڈار ne SECP ki karکردagi par kya raay di,KI,40802,MIXED,urdu_headline_body_rrf,9,73526,0.01639344262295082,50
post_phase12_module2_M2-B,M2-B,R044,اسحاق ڈار ne SECP ki karکردagi par kya raay di,KI,40802,MIXED,urdu_headline_body_rrf,10,60898,0.015873015873015872,50
post_phase12_module2_M2-B,M2-B,R044,اسحاق ڈار ne SECP ki karکردagi par kya raay di,KI,40802,MIXED,urdu_headline_body_rrf,11,62391,0.015873015873015872,50
post_phase12_module2_M2-B,M2-B,R044,اسحاق ڈار ne SECP ki karکردagi par kya raay di,KI,40802,MIXED,urdu_headline_body_rrf,12,39931,0.015625,50
post_phase12_module2_M2-B,M2-B,R044,اسحاق ڈار ne SECP ki karکردagi par kya raay di,KI,40802,MIXED,urdu_headline_body_rrf,13,73536,0.015625,50
post_phase12_module2_M2-B,M2-B,R044,اسحاق ڈار ne SECP ki karکردagi par kya raay di,KI,40802,MIXED,urdu_headline_body_rrf,14,72035,0.015151515151515152,50
post_phase12_module2_M2-B,M2-B,R044,اسحاق ڈار ne SECP ki karکردagi par kya raay di,KI,40802,MIXED,urdu_headline_body_rrf,15,75404,0.015151515151515152,50
post_phase12_module2_M2-B,M2-B,R044,اسحاق ڈار ne SECP ki karکردagi par kya raay di,KI,40802,MIXED,urdu_headline_body_rrf,16,72562,0.014925373134328358,50
post_phase12_module2_M2-B,M2-B,R044,اسحاق ڈار ne SECP ki karکردagi par kya raay di,KI,40802,MIXED,urdu_headline_body_rrf,17,75137,0.014925373134328358,50
post_phase12_module2_M2-B,M2-B,R044,اسحاق ڈار ne SECP ki karکردagi par kya raay di,KI,40802,MIXED,urdu_headline_body_rrf,18,73250,0.014705882352941176,50
post_phase12_module2_M2-B,M2-B,R044,اسحاق ڈار ne SECP ki karکردagi par kya raay di,KI,40802,MIXED,urdu_headline_body_rrf,19,74127,0.014705882352941176,50
post_phase12_module2_M2-B,M2-B,R044,اسحاق ڈار ne SECP ki karکردagi par kya raay di,KI,40802,MIXED,urdu_headline_body_rrf,20,60965,0.014492753623188406,50
post_phase12_module2_M2-B,M2-B,R044,اسحاق ڈار ne SECP ki karکردagi par kya raay di,KI,40802,MIXED,urdu_headline_body_rrf,21,17055,0.014285714285714285,50
post_phase12_module2_M2-B,M2-B,R044,اسحاق ڈار ne SECP ki karکردagi par kya raay di,KI,40802,MIXED,urdu_headline_body_rrf,22,72747,0.014285714285714285,50
post_phase12_module2_M2-B,M2-B,R044,اسحاق ڈار ne SECP ki karکردagi par kya raay di,KI,40802,MIXED,urdu_headline_body_rrf,23,76114,0.014084507042253521,50
post_phase12_module2_M2-B,M2-B,R044,اسحاق ڈار ne SECP ki karکردagi par kya raay di,KI,40802,MIXED,urdu_headline_body_rrf,24,76552,0.014084507042253521,50
post_phase12_module2_M2-B,M2-B,R044,اسحاق ڈار ne SECP ki karکردagi par kya raay di,KI,40802,MIXED,urdu_headline_body_rrf,25,62161,0.013888888888888888,50
post_phase12_module2_M2-B,M2-B,R044,اسحاق ڈار ne SECP ki karکردagi par kya raay di,KI,40802,MIXED,urdu_headline_body_rrf,26,73832,0.0136986301369863,50
post_phase12_module2_M2-B,M2-B,R044,اسحاق ڈار ne SECP ki karکردagi par kya raay di,KI,40802,MIXED,urdu_headline_body_rrf,27,61306,0.013513513513513514,50
post_phase12_module2_M2-B,M2-B,R044,اسحاق ڈار ne SECP ki karکردagi par kya raay di,KI,40802,MIXED,urdu_headline_body_rrf,28,74654,0.013513513513513514,50
post_phase12_module2_M2-B,M2-B,R044,اسحاق ڈار ne SECP ki karکردagi par kya raay di,KI,40802,MIXED,urdu_headline_body_rrf,29,61348,0.013333333333333334,50
post_phase12_module2_M2-B,M2-B,R044,اسحاق ڈار ne SECP ki karکردagi par kya raay di,KI,40802,MIXED,urdu_headline_body_rrf,30,73123,0.013333333333333334,50
post_phase12_module2_M2-B,M2-B,R044,اسحاق ڈار ne SECP ki karکردagi par kya raay di,KI,40802,MIXED,urdu_headline_body_rrf,31,72420,0.013157894736842105,50
post_phase12_module2_M2-B,M2-B,R044,اسحاق ڈار ne SECP ki karکردagi par kya raay di,KI,40802,MIXED,urdu_headline_body_rrf,32,75673,0.013157894736842105,50
post_phase12_module2_M2-B,M2-B,R044,اسحاق ڈار ne SECP ki karکردagi par kya raay di,KI,40802,MIXED,urdu_headline_body_rrf,33,62495,0.012987012987012988,50
post_phase12_module2_M2-B,M2-B,R044,اسحاق ڈار ne SECP ki karکردagi par kya raay di,KI,40802,MIXED,urdu_headline_body_rrf,34,73631,0.012987012987012988,50
post_phase12_module2_M2-B,M2-B,R044,اسحاق ڈار ne SECP ki karکردagi par kya raay di,KI,40802,MIXED,urdu_headline_body_rrf,35,62012,0.01282051282051282,50
post_phase12_module2_M2-B,M2-B,R044,اسحاق ڈار ne SECP ki karکردagi par kya raay di,KI,40802,MIXED,urdu_headline_body_rrf,36,72150,0.01282051282051282,50
post_phase12_module2_M2-B,M2-B,R044,اسحاق ڈار ne SECP ki karکردagi par kya raay di,KI,40802,MIXED,urdu_headline_body_rrf,37,39911,0.012658227848101266,50
post_phase12_module2_M2-B,M2-B,R044,اسحاق ڈار ne SECP ki karکردagi par kya raay di,KI,40802,MIXED,urdu_headline_body_rrf,38,75862,0.012658227848101266,50
post_phase12_module2_M2-B,M2-B,R044,اسحاق ڈار ne SECP ki karکردagi par kya raay di,KI,40802,MIXED,urdu_headline_body_rrf,39,73324,0.0125,50
post_phase12_module2_M2-B,M2-B,R044,اسحاق ڈار ne SECP ki karکردagi par kya raay di,KI,40802,MIXED,urdu_headline_body_rrf,40,74076,0.0125,50
post_phase12_module2_M2-B,M2-B,R044,اسحاق ڈار ne SECP ki karکردagi par kya raay di,KI,40802,MIXED,urdu_headline_body_rrf,41,61609,0.012345679012345678,50
post_phase12_module2_M2-B,M2-B,R044,اسحاق ڈار ne SECP ki karکردagi par kya raay di,KI,40802,MIXED,urdu_headline_body_rrf,42,62863,0.012345679012345678,50
post_phase12_module2_M2-B,M2-B,R044,اسحاق ڈار ne SECP ki karکردagi par kya raay di,KI,40802,MIXED,urdu_headline_body_rrf,43,73118,0.012195121951219513,50
post_phase12_module2_M2-B,M2-B,R044,اسحاق ڈار ne SECP ki karکردagi par kya raay di,KI,40802,MIXED,urdu_headline_body_rrf,44,74798,0.012195121951219513,50
post_phase12_module2_M2-B,M2-B,R044,اسحاق ڈار ne SECP ki karکردagi par kya raay di,KI,40802,MIXED,urdu_headline_body_rrf,45,61973,0.012048192771084338,50
post_phase12_module2_M2-B,M2-B,R044,اسحاق ڈار ne SECP ki karکردagi par kya raay di,KI,40802,MIXED,urdu_headline_body_rrf,46,72745,0.012048192771084338,50
post_phase12_module2_M2-B,M2-B,R044,اسحاق ڈار ne SECP ki karکردagi par kya raay di,KI,40802,MIXED,urdu_headline_body_rrf,47,61372,0.011904761904761904,50
post_phase12_module2_M2-B,M2-B,R044,اسحاق ڈار ne SECP ki karکردagi par kya raay di,KI,40802,MIXED,urdu_headline_body_rrf,48,62935,0.011904761904761904,50
post_phase12_module2_M2-B,M2-B,R044,اسحاق ڈار ne SECP ki karکردagi par kya raay di,KI,40802,MIXED,urdu_headline_body_rrf,49,40706,0.011764705882352941,50
post_phase12_module2_M2-B,M2-B,R044,اسحاق ڈار ne SECP ki karکردagi par kya raay di,KI,40802,MIXED,urdu_headline_body_rrf,50,61337,0.011764705882352941,50
post_phase12_module2_M2-B,M2-B,R045,Galaxy S10 ke kitne alag versions leak hokar samne aaye hain,KI,21313,ROMAN,roman_headline_body_rrf_method_D,1,94510,0.02750455373406193,50
post_phase12_module2_M2-B,M2-B,R045,Galaxy S10 ke kitne alag versions leak hokar samne aaye hain,KI,21313,ROMAN,roman_headline_body_rrf_method_D,2,18321,0.02701252236135957,50
post_phase12_module2_M2-B,M2-B,R045,Galaxy S10 ke kitne alag versions leak hokar samne aaye hain,KI,21313,ROMAN,roman_headline_body_rrf_method_D,3,53658,0.021167557932263815,50
post_phase12_module2_M2-B,M2-B,R045,Galaxy S10 ke kitne alag versions leak hokar samne aaye hain,KI,21313,ROMAN,roman_headline_body_rrf_method_D,4,73052,0.01639344262295082,50
post_phase12_module2_M2-B,M2-B,R045,Galaxy S10 ke kitne alag versions leak hokar samne aaye hain,KI,21313,ROMAN,roman_headline_body_rrf_method_D,5,22706,0.016129032258064516,50
post_phase12_module2_M2-B,M2-B,R045,Galaxy S10 ke kitne alag versions leak hokar samne aaye hain,KI,21313,ROMAN,roman_headline_body_rrf_method_D,6,23083,0.016129032258064516,50
post_phase12_module2_M2-B,M2-B,R045,Galaxy S10 ke kitne alag versions leak hokar samne aaye hain,KI,21313,ROMAN,roman_headline_body_rrf_method_D,7,67479,0.015873015873015872,50
post_phase12_module2_M2-B,M2-B,R045,Galaxy S10 ke kitne alag versions leak hokar samne aaye hain,KI,21313,ROMAN,roman_headline_body_rrf_method_D,8,86736,0.015873015873015872,50
post_phase12_module2_M2-B,M2-B,R045,Galaxy S10 ke kitne alag versions leak hokar samne aaye hain,KI,21313,ROMAN,roman_headline_body_rrf_method_D,9,86780,0.015625,50
post_phase12_module2_M2-B,M2-B,R045,Galaxy S10 ke kitne alag versions leak hokar samne aaye hain,KI,21313,ROMAN,roman_headline_body_rrf_method_D,10,95789,0.015625,50
post_phase12_module2_M2-B,M2-B,R045,Galaxy S10 ke kitne alag versions leak hokar samne aaye hain,KI,21313,ROMAN,roman_headline_body_rrf_method_D,11,85556,0.015384615384615385,50
post_phase12_module2_M2-B,M2-B,R045,Galaxy S10 ke kitne alag versions leak hokar samne aaye hain,KI,21313,ROMAN,roman_headline_body_rrf_method_D,12,21572,0.015151515151515152,50
post_phase12_module2_M2-B,M2-B,R045,Galaxy S10 ke kitne alag versions leak hokar samne aaye hain,KI,21313,ROMAN,roman_headline_body_rrf_method_D,13,106420,0.015151515151515152,50
post_phase12_module2_M2-B,M2-B,R045,Galaxy S10 ke kitne alag versions leak hokar samne aaye hain,KI,21313,ROMAN,roman_headline_body_rrf_method_D,14,13750,0.014925373134328358,50
post_phase12_module2_M2-B,M2-B,R045,Galaxy S10 ke kitne alag versions leak hokar samne aaye hain,KI,21313,ROMAN,roman_headline_body_rrf_method_D,15,57812,0.014925373134328358,50
post_phase12_module2_M2-B,M2-B,R045,Galaxy S10 ke kitne alag versions leak hokar samne aaye hain,KI,21313,ROMAN,roman_headline_body_rrf_method_D,16,15261,0.014705882352941176,50
post_phase12_module2_M2-B,M2-B,R045,Galaxy S10 ke kitne alag versions leak hokar samne aaye hain,KI,21313,ROMAN,roman_headline_body_rrf_method_D,17,15740,0.014705882352941176,50
post_phase12_module2_M2-B,M2-B,R045,Galaxy S10 ke kitne alag versions leak hokar samne aaye hain,KI,21313,ROMAN,roman_headline_body_rrf_method_D,18,63581,0.014492753623188406,50
post_phase12_module2_M2-B,M2-B,R045,Galaxy S10 ke kitne alag versions leak hokar samne aaye hain,KI,21313,ROMAN,roman_headline_body_rrf_method_D,19,102128,0.014492753623188406,50
post_phase12_module2_M2-B,M2-B,R045,Galaxy S10 ke kitne alag versions leak hokar samne aaye hain,KI,21313,ROMAN,roman_headline_body_rrf_method_D,20,4423,0.014285714285714285,50
post_phase12_module2_M2-B,M2-B,R045,Galaxy S10 ke kitne alag versions leak hokar samne aaye hain,KI,21313,ROMAN,roman_headline_body_rrf_method_D,21,5269,0.014285714285714285,50
post_phase12_module2_M2-B,M2-B,R045,Galaxy S10 ke kitne alag versions leak hokar samne aaye hain,KI,21313,ROMAN,roman_headline_body_rrf_method_D,22,19055,0.014084507042253521,50
post_phase12_module2_M2-B,M2-B,R045,Galaxy S10 ke kitne alag versions leak hokar samne aaye hain,KI,21313,ROMAN,roman_headline_body_rrf_method_D,23,97317,0.014084507042253521,50
post_phase12_module2_M2-B,M2-B,R045,Galaxy S10 ke kitne alag versions leak hokar samne aaye hain,KI,21313,ROMAN,roman_headline_body_rrf_method_D,24,6202,0.013888888888888888,50
post_phase12_module2_M2-B,M2-B,R045,Galaxy S10 ke kitne alag versions leak hokar samne aaye hain,KI,21313,ROMAN,roman_headline_body_rrf_method_D,25,22640,0.013888888888888888,50
post_phase12_module2_M2-B,M2-B,R045,Galaxy S10 ke kitne alag versions leak hokar samne aaye hain,KI,21313,ROMAN,roman_headline_body_rrf_method_D,26,23554,0.0136986301369863,50
post_phase12_module2_M2-B,M2-B,R045,Galaxy S10 ke kitne alag versions leak hokar samne aaye hain,KI,21313,ROMAN,roman_headline_body_rrf_method_D,27,37507,0.0136986301369863,50
post_phase12_module2_M2-B,M2-B,R045,Galaxy S10 ke kitne alag versions leak hokar samne aaye hain,KI,21313,ROMAN,roman_headline_body_rrf_method_D,28,8362,0.013513513513513514,50
post_phase12_module2_M2-B,M2-B,R045,Galaxy S10 ke kitne alag versions leak hokar samne aaye hain,KI,21313,ROMAN,roman_headline_body_rrf_method_D,29,18601,0.013513513513513514,50
post_phase12_module2_M2-B,M2-B,R045,Galaxy S10 ke kitne alag versions leak hokar samne aaye hain,KI,21313,ROMAN,roman_headline_body_rrf_method_D,30,13261,0.013333333333333334,50
post_phase12_module2_M2-B,M2-B,R045,Galaxy S10 ke kitne alag versions leak hokar samne aaye hain,KI,21313,ROMAN,roman_headline_body_rrf_method_D,31,85874,0.013333333333333334,50
post_phase12_module2_M2-B,M2-B,R045,Galaxy S10 ke kitne alag versions leak hokar samne aaye hain,KI,21313,ROMAN,roman_headline_body_rrf_method_D,32,22031,0.013157894736842105,50
post_phase12_module2_M2-B,M2-B,R045,Galaxy S10 ke kitne alag versions leak hokar samne aaye hain,KI,21313,ROMAN,roman_headline_body_rrf_method_D,33,22399,0.013157894736842105,50
post_phase12_module2_M2-B,M2-B,R045,Galaxy S10 ke kitne alag versions leak hokar samne aaye hain,KI,21313,ROMAN,roman_headline_body_rrf_method_D,34,38338,0.012987012987012988,50
post_phase12_module2_M2-B,M2-B,R045,Galaxy S10 ke kitne alag versions leak hokar samne aaye hain,KI,21313,ROMAN,roman_headline_body_rrf_method_D,35,47071,0.012987012987012988,50
post_phase12_module2_M2-B,M2-B,R045,Galaxy S10 ke kitne alag versions leak hokar samne aaye hain,KI,21313,ROMAN,roman_headline_body_rrf_method_D,36,21556,0.01282051282051282,50
post_phase12_module2_M2-B,M2-B,R045,Galaxy S10 ke kitne alag versions leak hokar samne aaye hain,KI,21313,ROMAN,roman_headline_body_rrf_method_D,37,86737,0.01282051282051282,50
post_phase12_module2_M2-B,M2-B,R045,Galaxy S10 ke kitne alag versions leak hokar samne aaye hain,KI,21313,ROMAN,roman_headline_body_rrf_method_D,38,10217,0.012658227848101266,50
post_phase12_module2_M2-B,M2-B,R045,Galaxy S10 ke kitne alag versions leak hokar samne aaye hain,KI,21313,ROMAN,roman_headline_body_rrf_method_D,39,86427,0.012658227848101266,50
post_phase12_module2_M2-B,M2-B,R045,Galaxy S10 ke kitne alag versions leak hokar samne aaye hain,KI,21313,ROMAN,roman_headline_body_rrf_method_D,40,22576,0.0125,50
post_phase12_module2_M2-B,M2-B,R045,Galaxy S10 ke kitne alag versions leak hokar samne aaye hain,KI,21313,ROMAN,roman_headline_body_rrf_method_D,41,51192,0.0125,50
post_phase12_module2_M2-B,M2-B,R045,Galaxy S10 ke kitne alag versions leak hokar samne aaye hain,KI,21313,ROMAN,roman_headline_body_rrf_method_D,42,6935,0.012345679012345678,50
post_phase12_module2_M2-B,M2-B,R045,Galaxy S10 ke kitne alag versions leak hokar samne aaye hain,KI,21313,ROMAN,roman_headline_body_rrf_method_D,43,88555,0.012345679012345678,50
post_phase12_module2_M2-B,M2-B,R045,Galaxy S10 ke kitne alag versions leak hokar samne aaye hain,KI,21313,ROMAN,roman_headline_body_rrf_method_D,44,5894,0.012195121951219513,50
post_phase12_module2_M2-B,M2-B,R045,Galaxy S10 ke kitne alag versions leak hokar samne aaye hain,KI,21313,ROMAN,roman_headline_body_rrf_method_D,45,85610,0.012195121951219513,50
post_phase12_module2_M2-B,M2-B,R045,Galaxy S10 ke kitne alag versions leak hokar samne aaye hain,KI,21313,ROMAN,roman_headline_body_rrf_method_D,46,22894,0.012048192771084338,50
post_phase12_module2_M2-B,M2-B,R045,Galaxy S10 ke kitne alag versions leak hokar samne aaye hain,KI,21313,ROMAN,roman_headline_body_rrf_method_D,47,33073,0.012048192771084338,50
post_phase12_module2_M2-B,M2-B,R045,Galaxy S10 ke kitne alag versions leak hokar samne aaye hain,KI,21313,ROMAN,roman_headline_body_rrf_method_D,48,35881,0.011904761904761904,50
post_phase12_module2_M2-B,M2-B,R045,Galaxy S10 ke kitne alag versions leak hokar samne aaye hain,KI,21313,ROMAN,roman_headline_body_rrf_method_D,49,48285,0.011904761904761904,50
post_phase12_module2_M2-B,M2-B,R045,Galaxy S10 ke kitne alag versions leak hokar samne aaye hain,KI,21313,ROMAN,roman_headline_body_rrf_method_D,50,21012,0.011764705882352941,50
post_phase12_module2_M2-B,M2-B,R046,میرا ke jhoothi shadi ke case mein Atiq ur Rehman ko adalat ne kyun bulaya,KI,68052,MIXED,urdu_headline_body_rrf,1,100753,0.027529761904761904,50
post_phase12_module2_M2-B,M2-B,R046,میرا ke jhoothi shadi ke case mein Atiq ur Rehman ko adalat ne kyun bulaya,KI,68052,MIXED,urdu_headline_body_rrf,2,108477,0.026438310608579978,50
post_phase12_module2_M2-B,M2-B,R046,میرا ke jhoothi shadi ke case mein Atiq ur Rehman ko adalat ne kyun bulaya,KI,68052,MIXED,urdu_headline_body_rrf,3,51478,0.024393871783430016,50
post_phase12_module2_M2-B,M2-B,R046,میرا ke jhoothi shadi ke case mein Atiq ur Rehman ko adalat ne kyun bulaya,KI,68052,MIXED,urdu_headline_body_rrf,4,14785,0.023132592401137242,50
post_phase12_module2_M2-B,M2-B,R046,میرا ke jhoothi shadi ke case mein Atiq ur Rehman ko adalat ne kyun bulaya,KI,68052,MIXED,urdu_headline_body_rrf,5,66213,0.02107907383136741,50
post_phase12_module2_M2-B,M2-B,R046,میرا ke jhoothi shadi ke case mein Atiq ur Rehman ko adalat ne kyun bulaya,KI,68052,MIXED,urdu_headline_body_rrf,6,97801,0.0210239651416122,50
post_phase12_module2_M2-B,M2-B,R046,میرا ke jhoothi shadi ke case mein Atiq ur Rehman ko adalat ne kyun bulaya,KI,68052,MIXED,urdu_headline_body_rrf,7,16323,0.019400187441424556,50
post_phase12_module2_M2-B,M2-B,R046,میرا ke jhoothi shadi ke case mein Atiq ur Rehman ko adalat ne kyun bulaya,KI,68052,MIXED,urdu_headline_body_rrf,8,13223,0.01639344262295082,50
post_phase12_module2_M2-B,M2-B,R046,میرا ke jhoothi shadi ke case mein Atiq ur Rehman ko adalat ne kyun bulaya,KI,68052,MIXED,urdu_headline_body_rrf,9,105284,0.01639344262295082,50
post_phase12_module2_M2-B,M2-B,R046,میرا ke jhoothi shadi ke case mein Atiq ur Rehman ko adalat ne kyun bulaya,KI,68052,MIXED,urdu_headline_body_rrf,10,99221,0.016129032258064516,50
post_phase12_module2_M2-B,M2-B,R046,میرا ke jhoothi shadi ke case mein Atiq ur Rehman ko adalat ne kyun bulaya,KI,68052,MIXED,urdu_headline_body_rrf,11,6951,0.015873015873015872,50
post_phase12_module2_M2-B,M2-B,R046,میرا ke jhoothi shadi ke case mein Atiq ur Rehman ko adalat ne kyun bulaya,KI,68052,MIXED,urdu_headline_body_rrf,12,67152,0.015873015873015872,50
post_phase12_module2_M2-B,M2-B,R046,میرا ke jhoothi shadi ke case mein Atiq ur Rehman ko adalat ne kyun bulaya,KI,68052,MIXED,urdu_headline_body_rrf,13,103726,0.015625,50
post_phase12_module2_M2-B,M2-B,R046,میرا ke jhoothi shadi ke case mein Atiq ur Rehman ko adalat ne kyun bulaya,KI,68052,MIXED,urdu_headline_body_rrf,14,69602,0.015384615384615385,50
post_phase12_module2_M2-B,M2-B,R046,میرا ke jhoothi shadi ke case mein Atiq ur Rehman ko adalat ne kyun bulaya,KI,68052,MIXED,urdu_headline_body_rrf,15,103425,0.015384615384615385,50
post_phase12_module2_M2-B,M2-B,R046,میرا ke jhoothi shadi ke case mein Atiq ur Rehman ko adalat ne kyun bulaya,KI,68052,MIXED,urdu_headline_body_rrf,16,15189,0.015151515151515152,50
post_phase12_module2_M2-B,M2-B,R046,میرا ke jhoothi shadi ke case mein Atiq ur Rehman ko adalat ne kyun bulaya,KI,68052,MIXED,urdu_headline_body_rrf,17,68144,0.015151515151515152,50
post_phase12_module2_M2-B,M2-B,R046,میرا ke jhoothi shadi ke case mein Atiq ur Rehman ko adalat ne kyun bulaya,KI,68052,MIXED,urdu_headline_body_rrf,18,67638,0.014925373134328358,50
post_phase12_module2_M2-B,M2-B,R046,میرا ke jhoothi shadi ke case mein Atiq ur Rehman ko adalat ne kyun bulaya,KI,68052,MIXED,urdu_headline_body_rrf,19,106167,0.014925373134328358,50
post_phase12_module2_M2-B,M2-B,R046,میرا ke jhoothi shadi ke case mein Atiq ur Rehman ko adalat ne kyun bulaya,KI,68052,MIXED,urdu_headline_body_rrf,20,68122,0.014705882352941176,50
post_phase12_module2_M2-B,M2-B,R046,میرا ke jhoothi shadi ke case mein Atiq ur Rehman ko adalat ne kyun bulaya,KI,68052,MIXED,urdu_headline_body_rrf,21,98677,0.014705882352941176,50
post_phase12_module2_M2-B,M2-B,R046,میرا ke jhoothi shadi ke case mein Atiq ur Rehman ko adalat ne kyun bulaya,KI,68052,MIXED,urdu_headline_body_rrf,22,51022,0.014492753623188406,50
post_phase12_module2_M2-B,M2-B,R046,میرا ke jhoothi shadi ke case mein Atiq ur Rehman ko adalat ne kyun bulaya,KI,68052,MIXED,urdu_headline_body_rrf,23,100987,0.014492753623188406,50
post_phase12_module2_M2-B,M2-B,R046,میرا ke jhoothi shadi ke case mein Atiq ur Rehman ko adalat ne kyun bulaya,KI,68052,MIXED,urdu_headline_body_rrf,24,7895,0.014285714285714285,50
post_phase12_module2_M2-B,M2-B,R046,میرا ke jhoothi shadi ke case mein Atiq ur Rehman ko adalat ne kyun bulaya,KI,68052,MIXED,urdu_headline_body_rrf,25,16964,0.014285714285714285,50
post_phase12_module2_M2-B,M2-B,R046,میرا ke jhoothi shadi ke case mein Atiq ur Rehman ko adalat ne kyun bulaya,KI,68052,MIXED,urdu_headline_body_rrf,26,50652,0.014084507042253521,50
post_phase12_module2_M2-B,M2-B,R046,میرا ke jhoothi shadi ke case mein Atiq ur Rehman ko adalat ne kyun bulaya,KI,68052,MIXED,urdu_headline_body_rrf,27,102786,0.014084507042253521,50
post_phase12_module2_M2-B,M2-B,R046,میرا ke jhoothi shadi ke case mein Atiq ur Rehman ko adalat ne kyun bulaya,KI,68052,MIXED,urdu_headline_body_rrf,28,11104,0.013888888888888888,50
post_phase12_module2_M2-B,M2-B,R046,میرا ke jhoothi shadi ke case mein Atiq ur Rehman ko adalat ne kyun bulaya,KI,68052,MIXED,urdu_headline_body_rrf,29,103904,0.013888888888888888,50
post_phase12_module2_M2-B,M2-B,R046,میرا ke jhoothi shadi ke case mein Atiq ur Rehman ko adalat ne kyun bulaya,KI,68052,MIXED,urdu_headline_body_rrf,30,102150,0.0136986301369863,50
post_phase12_module2_M2-B,M2-B,R046,میرا ke jhoothi shadi ke case mein Atiq ur Rehman ko adalat ne kyun bulaya,KI,68052,MIXED,urdu_headline_body_rrf,31,14930,0.013513513513513514,50
post_phase12_module2_M2-B,M2-B,R046,میرا ke jhoothi shadi ke case mein Atiq ur Rehman ko adalat ne kyun bulaya,KI,68052,MIXED,urdu_headline_body_rrf,32,69144,0.013513513513513514,50
post_phase12_module2_M2-B,M2-B,R046,میرا ke jhoothi shadi ke case mein Atiq ur Rehman ko adalat ne kyun bulaya,KI,68052,MIXED,urdu_headline_body_rrf,33,16832,0.013333333333333334,50
post_phase12_module2_M2-B,M2-B,R046,میرا ke jhoothi shadi ke case mein Atiq ur Rehman ko adalat ne kyun bulaya,KI,68052,MIXED,urdu_headline_body_rrf,34,105283,0.013333333333333334,50
post_phase12_module2_M2-B,M2-B,R046,میرا ke jhoothi shadi ke case mein Atiq ur Rehman ko adalat ne kyun bulaya,KI,68052,MIXED,urdu_headline_body_rrf,35,16314,0.013157894736842105,50
post_phase12_module2_M2-B,M2-B,R046,میرا ke jhoothi shadi ke case mein Atiq ur Rehman ko adalat ne kyun bulaya,KI,68052,MIXED,urdu_headline_body_rrf,36,98362,0.013157894736842105,50
post_phase12_module2_M2-B,M2-B,R046,میرا ke jhoothi shadi ke case mein Atiq ur Rehman ko adalat ne kyun bulaya,KI,68052,MIXED,urdu_headline_body_rrf,37,7643,0.012987012987012988,50
post_phase12_module2_M2-B,M2-B,R046,میرا ke jhoothi shadi ke case mein Atiq ur Rehman ko adalat ne kyun bulaya,KI,68052,MIXED,urdu_headline_body_rrf,38,68148,0.012987012987012988,50
post_phase12_module2_M2-B,M2-B,R046,میرا ke jhoothi shadi ke case mein Atiq ur Rehman ko adalat ne kyun bulaya,KI,68052,MIXED,urdu_headline_body_rrf,39,11492,0.01282051282051282,50
post_phase12_module2_M2-B,M2-B,R046,میرا ke jhoothi shadi ke case mein Atiq ur Rehman ko adalat ne kyun bulaya,KI,68052,MIXED,urdu_headline_body_rrf,40,107409,0.01282051282051282,50
post_phase12_module2_M2-B,M2-B,R046,میرا ke jhoothi shadi ke case mein Atiq ur Rehman ko adalat ne kyun bulaya,KI,68052,MIXED,urdu_headline_body_rrf,41,17105,0.012658227848101266,50
post_phase12_module2_M2-B,M2-B,R046,میرا ke jhoothi shadi ke case mein Atiq ur Rehman ko adalat ne kyun bulaya,KI,68052,MIXED,urdu_headline_body_rrf,42,104089,0.012658227848101266,50
post_phase12_module2_M2-B,M2-B,R046,میرا ke jhoothi shadi ke case mein Atiq ur Rehman ko adalat ne kyun bulaya,KI,68052,MIXED,urdu_headline_body_rrf,43,15126,0.0125,50
post_phase12_module2_M2-B,M2-B,R046,میرا ke jhoothi shadi ke case mein Atiq ur Rehman ko adalat ne kyun bulaya,KI,68052,MIXED,urdu_headline_body_rrf,44,105956,0.0125,50
post_phase12_module2_M2-B,M2-B,R046,میرا ke jhoothi shadi ke case mein Atiq ur Rehman ko adalat ne kyun bulaya,KI,68052,MIXED,urdu_headline_body_rrf,45,69270,0.012345679012345678,50
post_phase12_module2_M2-B,M2-B,R046,میرا ke jhoothi shadi ke case mein Atiq ur Rehman ko adalat ne kyun bulaya,KI,68052,MIXED,urdu_headline_body_rrf,46,31230,0.012195121951219513,50
post_phase12_module2_M2-B,M2-B,R046,میرا ke jhoothi shadi ke case mein Atiq ur Rehman ko adalat ne kyun bulaya,KI,68052,MIXED,urdu_headline_body_rrf,47,108473,0.012195121951219513,50
post_phase12_module2_M2-B,M2-B,R046,میرا ke jhoothi shadi ke case mein Atiq ur Rehman ko adalat ne kyun bulaya,KI,68052,MIXED,urdu_headline_body_rrf,48,8207,0.012048192771084338,50
post_phase12_module2_M2-B,M2-B,R046,میرا ke jhoothi shadi ke case mein Atiq ur Rehman ko adalat ne kyun bulaya,KI,68052,MIXED,urdu_headline_body_rrf,49,67723,0.011764705882352941,50
post_phase12_module2_M2-B,M2-B,R046,میرا ke jhoothi shadi ke case mein Atiq ur Rehman ko adalat ne kyun bulaya,KI,68052,MIXED,urdu_headline_body_rrf,50,4826,0.011627906976744186,50
post_phase12_module2_M2-B,M2-B,R047,فرانس ne Chitral aur Dargai hydropower plants ke liye kitna euro qarz diya,KI,110281,MIXED,urdu_headline_body_rrf,1,88380,0.022591857000993046,50
post_phase12_module2_M2-B,M2-B,R047,فرانس ne Chitral aur Dargai hydropower plants ke liye kitna euro qarz diya,KI,110281,MIXED,urdu_headline_body_rrf,2,43656,0.020853698273053112,50
post_phase12_module2_M2-B,M2-B,R047,فرانس ne Chitral aur Dargai hydropower plants ke liye kitna euro qarz diya,KI,110281,MIXED,urdu_headline_body_rrf,3,88277,0.02081984897518878,50
post_phase12_module2_M2-B,M2-B,R047,فرانس ne Chitral aur Dargai hydropower plants ke liye kitna euro qarz diya,KI,110281,MIXED,urdu_headline_body_rrf,4,18293,0.01639344262295082,50
post_phase12_module2_M2-B,M2-B,R047,فرانس ne Chitral aur Dargai hydropower plants ke liye kitna euro qarz diya,KI,110281,MIXED,urdu_headline_body_rrf,5,88270,0.01639344262295082,50
post_phase12_module2_M2-B,M2-B,R047,فرانس ne Chitral aur Dargai hydropower plants ke liye kitna euro qarz diya,KI,110281,MIXED,urdu_headline_body_rrf,6,44806,0.016129032258064516,50
post_phase12_module2_M2-B,M2-B,R047,فرانس ne Chitral aur Dargai hydropower plants ke liye kitna euro qarz diya,KI,110281,MIXED,urdu_headline_body_rrf,7,88290,0.016129032258064516,50
post_phase12_module2_M2-B,M2-B,R047,فرانس ne Chitral aur Dargai hydropower plants ke liye kitna euro qarz diya,KI,110281,MIXED,urdu_headline_body_rrf,8,24344,0.015873015873015872,50
post_phase12_module2_M2-B,M2-B,R047,فرانس ne Chitral aur Dargai hydropower plants ke liye kitna euro qarz diya,KI,110281,MIXED,urdu_headline_body_rrf,9,88265,0.015873015873015872,50
post_phase12_module2_M2-B,M2-B,R047,فرانس ne Chitral aur Dargai hydropower plants ke liye kitna euro qarz diya,KI,110281,MIXED,urdu_headline_body_rrf,10,37719,0.015625,50
post_phase12_module2_M2-B,M2-B,R047,فرانس ne Chitral aur Dargai hydropower plants ke liye kitna euro qarz diya,KI,110281,MIXED,urdu_headline_body_rrf,11,45893,0.015625,50
post_phase12_module2_M2-B,M2-B,R047,فرانس ne Chitral aur Dargai hydropower plants ke liye kitna euro qarz diya,KI,110281,MIXED,urdu_headline_body_rrf,12,35578,0.015384615384615385,50
post_phase12_module2_M2-B,M2-B,R047,فرانس ne Chitral aur Dargai hydropower plants ke liye kitna euro qarz diya,KI,110281,MIXED,urdu_headline_body_rrf,13,57387,0.015384615384615385,50
post_phase12_module2_M2-B,M2-B,R047,فرانس ne Chitral aur Dargai hydropower plants ke liye kitna euro qarz diya,KI,110281,MIXED,urdu_headline_body_rrf,14,12819,0.015151515151515152,50
post_phase12_module2_M2-B,M2-B,R047,فرانس ne Chitral aur Dargai hydropower plants ke liye kitna euro qarz diya,KI,110281,MIXED,urdu_headline_body_rrf,15,88445,0.015151515151515152,50
post_phase12_module2_M2-B,M2-B,R047,فرانس ne Chitral aur Dargai hydropower plants ke liye kitna euro qarz diya,KI,110281,MIXED,urdu_headline_body_rrf,16,38258,0.014925373134328358,50
post_phase12_module2_M2-B,M2-B,R047,فرانس ne Chitral aur Dargai hydropower plants ke liye kitna euro qarz diya,KI,110281,MIXED,urdu_headline_body_rrf,17,84000,0.014925373134328358,50
post_phase12_module2_M2-B,M2-B,R047,فرانس ne Chitral aur Dargai hydropower plants ke liye kitna euro qarz diya,KI,110281,MIXED,urdu_headline_body_rrf,18,31781,0.014705882352941176,50
post_phase12_module2_M2-B,M2-B,R047,فرانس ne Chitral aur Dargai hydropower plants ke liye kitna euro qarz diya,KI,110281,MIXED,urdu_headline_body_rrf,19,35600,0.014705882352941176,50
post_phase12_module2_M2-B,M2-B,R047,فرانس ne Chitral aur Dargai hydropower plants ke liye kitna euro qarz diya,KI,110281,MIXED,urdu_headline_body_rrf,20,43633,0.014492753623188406,50
post_phase12_module2_M2-B,M2-B,R047,فرانس ne Chitral aur Dargai hydropower plants ke liye kitna euro qarz diya,KI,110281,MIXED,urdu_headline_body_rrf,21,107903,0.014492753623188406,50
post_phase12_module2_M2-B,M2-B,R047,فرانس ne Chitral aur Dargai hydropower plants ke liye kitna euro qarz diya,KI,110281,MIXED,urdu_headline_body_rrf,22,48572,0.014285714285714285,50
post_phase12_module2_M2-B,M2-B,R047,فرانس ne Chitral aur Dargai hydropower plants ke liye kitna euro qarz diya,KI,110281,MIXED,urdu_headline_body_rrf,23,88262,0.014285714285714285,50
post_phase12_module2_M2-B,M2-B,R047,فرانس ne Chitral aur Dargai hydropower plants ke liye kitna euro qarz diya,KI,110281,MIXED,urdu_headline_body_rrf,24,43611,0.014084507042253521,50
post_phase12_module2_M2-B,M2-B,R047,فرانس ne Chitral aur Dargai hydropower plants ke liye kitna euro qarz diya,KI,110281,MIXED,urdu_headline_body_rrf,25,57477,0.014084507042253521,50
post_phase12_module2_M2-B,M2-B,R047,فرانس ne Chitral aur Dargai hydropower plants ke liye kitna euro qarz diya,KI,110281,MIXED,urdu_headline_body_rrf,26,65938,0.013888888888888888,50
post_phase12_module2_M2-B,M2-B,R047,فرانس ne Chitral aur Dargai hydropower plants ke liye kitna euro qarz diya,KI,110281,MIXED,urdu_headline_body_rrf,27,92286,0.013888888888888888,50
post_phase12_module2_M2-B,M2-B,R047,فرانس ne Chitral aur Dargai hydropower plants ke liye kitna euro qarz diya,KI,110281,MIXED,urdu_headline_body_rrf,28,48973,0.0136986301369863,50
post_phase12_module2_M2-B,M2-B,R047,فرانس ne Chitral aur Dargai hydropower plants ke liye kitna euro qarz diya,KI,110281,MIXED,urdu_headline_body_rrf,29,57394,0.0136986301369863,50
post_phase12_module2_M2-B,M2-B,R047,فرانس ne Chitral aur Dargai hydropower plants ke liye kitna euro qarz diya,KI,110281,MIXED,urdu_headline_body_rrf,30,33995,0.013513513513513514,50
post_phase12_module2_M2-B,M2-B,R047,فرانس ne Chitral aur Dargai hydropower plants ke liye kitna euro qarz diya,KI,110281,MIXED,urdu_headline_body_rrf,31,94423,0.013513513513513514,50
post_phase12_module2_M2-B,M2-B,R047,فرانس ne Chitral aur Dargai hydropower plants ke liye kitna euro qarz diya,KI,110281,MIXED,urdu_headline_body_rrf,32,23856,0.013333333333333334,50
post_phase12_module2_M2-B,M2-B,R047,فرانس ne Chitral aur Dargai hydropower plants ke liye kitna euro qarz diya,KI,110281,MIXED,urdu_headline_body_rrf,33,88406,0.013333333333333334,50
post_phase12_module2_M2-B,M2-B,R047,فرانس ne Chitral aur Dargai hydropower plants ke liye kitna euro qarz diya,KI,110281,MIXED,urdu_headline_body_rrf,34,57451,0.013157894736842105,50
post_phase12_module2_M2-B,M2-B,R047,فرانس ne Chitral aur Dargai hydropower plants ke liye kitna euro qarz diya,KI,110281,MIXED,urdu_headline_body_rrf,35,17861,0.012987012987012988,50
post_phase12_module2_M2-B,M2-B,R047,فرانس ne Chitral aur Dargai hydropower plants ke liye kitna euro qarz diya,KI,110281,MIXED,urdu_headline_body_rrf,36,49794,0.012987012987012988,50
post_phase12_module2_M2-B,M2-B,R047,فرانس ne Chitral aur Dargai hydropower plants ke liye kitna euro qarz diya,KI,110281,MIXED,urdu_headline_body_rrf,37,31859,0.01282051282051282,50
post_phase12_module2_M2-B,M2-B,R047,فرانس ne Chitral aur Dargai hydropower plants ke liye kitna euro qarz diya,KI,110281,MIXED,urdu_headline_body_rrf,38,43071,0.01282051282051282,50
post_phase12_module2_M2-B,M2-B,R047,فرانس ne Chitral aur Dargai hydropower plants ke liye kitna euro qarz diya,KI,110281,MIXED,urdu_headline_body_rrf,39,3848,0.012658227848101266,50
post_phase12_module2_M2-B,M2-B,R047,فرانس ne Chitral aur Dargai hydropower plants ke liye kitna euro qarz diya,KI,110281,MIXED,urdu_headline_body_rrf,40,89791,0.012658227848101266,50
post_phase12_module2_M2-B,M2-B,R047,فرانس ne Chitral aur Dargai hydropower plants ke liye kitna euro qarz diya,KI,110281,MIXED,urdu_headline_body_rrf,41,31743,0.0125,50
post_phase12_module2_M2-B,M2-B,R047,فرانس ne Chitral aur Dargai hydropower plants ke liye kitna euro qarz diya,KI,110281,MIXED,urdu_headline_body_rrf,42,31833,0.0125,50
post_phase12_module2_M2-B,M2-B,R047,فرانس ne Chitral aur Dargai hydropower plants ke liye kitna euro qarz diya,KI,110281,MIXED,urdu_headline_body_rrf,43,33105,0.012345679012345678,50
post_phase12_module2_M2-B,M2-B,R047,فرانس ne Chitral aur Dargai hydropower plants ke liye kitna euro qarz diya,KI,110281,MIXED,urdu_headline_body_rrf,44,57395,0.012345679012345678,50
post_phase12_module2_M2-B,M2-B,R047,فرانس ne Chitral aur Dargai hydropower plants ke liye kitna euro qarz diya,KI,110281,MIXED,urdu_headline_body_rrf,45,31889,0.012195121951219513,50
post_phase12_module2_M2-B,M2-B,R047,فرانس ne Chitral aur Dargai hydropower plants ke liye kitna euro qarz diya,KI,110281,MIXED,urdu_headline_body_rrf,46,39946,0.012195121951219513,50
post_phase12_module2_M2-B,M2-B,R047,فرانس ne Chitral aur Dargai hydropower plants ke liye kitna euro qarz diya,KI,110281,MIXED,urdu_headline_body_rrf,47,88400,0.012048192771084338,50
post_phase12_module2_M2-B,M2-B,R047,فرانس ne Chitral aur Dargai hydropower plants ke liye kitna euro qarz diya,KI,110281,MIXED,urdu_headline_body_rrf,48,93821,0.012048192771084338,50
post_phase12_module2_M2-B,M2-B,R047,فرانس ne Chitral aur Dargai hydropower plants ke liye kitna euro qarz diya,KI,110281,MIXED,urdu_headline_body_rrf,49,40088,0.011904761904761904,50
post_phase12_module2_M2-B,M2-B,R047,فرانس ne Chitral aur Dargai hydropower plants ke liye kitna euro qarz diya,KI,110281,MIXED,urdu_headline_body_rrf,50,43583,0.011904761904761904,50
post_phase12_module2_M2-B,M2-B,R048,جراسک ورلڈ ne doosre hafte bhi US box office par kya position barqarar rakhi,KI,51465,MIXED,urdu_headline_body_rrf,1,14775,0.03128054740957967,50
post_phase12_module2_M2-B,M2-B,R048,جراسک ورلڈ ne doosre hafte bhi US box office par kya position barqarar rakhi,KI,51465,MIXED,urdu_headline_body_rrf,2,10123,0.030886196246139225,50
post_phase12_module2_M2-B,M2-B,R048,جراسک ورلڈ ne doosre hafte bhi US box office par kya position barqarar rakhi,KI,51465,MIXED,urdu_headline_body_rrf,3,15381,0.029418126757516764,50
post_phase12_module2_M2-B,M2-B,R048,جراسک ورلڈ ne doosre hafte bhi US box office par kya position barqarar rakhi,KI,51465,MIXED,urdu_headline_body_rrf,4,104186,0.02862400327131466,50
post_phase12_module2_M2-B,M2-B,R048,جراسک ورلڈ ne doosre hafte bhi US box office par kya position barqarar rakhi,KI,51465,MIXED,urdu_headline_body_rrf,5,15073,0.02821869488536155,50
post_phase12_module2_M2-B,M2-B,R048,جراسک ورلڈ ne doosre hafte bhi US box office par kya position barqarar rakhi,KI,51465,MIXED,urdu_headline_body_rrf,6,8965,0.02792120864410021,50
post_phase12_module2_M2-B,M2-B,R048,جراسک ورلڈ ne doosre hafte bhi US box office par kya position barqarar rakhi,KI,51465,MIXED,urdu_headline_body_rrf,7,8916,0.027692895339954164,50
post_phase12_module2_M2-B,M2-B,R048,جراسک ورلڈ ne doosre hafte bhi US box office par kya position barqarar rakhi,KI,51465,MIXED,urdu_headline_body_rrf,8,104554,0.02738970588235294,50
post_phase12_module2_M2-B,M2-B,R048,جراسک ورلڈ ne doosre hafte bhi US box office par kya position barqarar rakhi,KI,51465,MIXED,urdu_headline_body_rrf,9,49590,0.027205882352941177,50
post_phase12_module2_M2-B,M2-B,R048,جراسک ورلڈ ne doosre hafte bhi US box office par kya position barqarar rakhi,KI,51465,MIXED,urdu_headline_body_rrf,10,49294,0.027071520029266508,50
post_phase12_module2_M2-B,M2-B,R048,جراسک ورلڈ ne doosre hafte bhi US box office par kya position barqarar rakhi,KI,51465,MIXED,urdu_headline_body_rrf,11,10059,0.026767330130404943,50
post_phase12_module2_M2-B,M2-B,R048,جراسک ورلڈ ne doosre hafte bhi US box office par kya position barqarar rakhi,KI,51465,MIXED,urdu_headline_body_rrf,12,14582,0.02674825174825175,50
post_phase12_module2_M2-B,M2-B,R048,جراسک ورلڈ ne doosre hafte bhi US box office par kya position barqarar rakhi,KI,51465,MIXED,urdu_headline_body_rrf,13,104099,0.0264301860545992,50
post_phase12_module2_M2-B,M2-B,R048,جراسک ورلڈ ne doosre hafte bhi US box office par kya position barqarar rakhi,KI,51465,MIXED,urdu_headline_body_rrf,14,14600,0.02619736419157827,50
post_phase12_module2_M2-B,M2-B,R048,جراسک ورلڈ ne doosre hafte bhi US box office par kya position barqarar rakhi,KI,51465,MIXED,urdu_headline_body_rrf,15,48908,0.026153846153846153,50
post_phase12_module2_M2-B,M2-B,R048,جراسک ورلڈ ne doosre hafte bhi US box office par kya position barqarar rakhi,KI,51465,MIXED,urdu_headline_body_rrf,16,4018,0.025893752088205813,50
post_phase12_module2_M2-B,M2-B,R048,جراسک ورلڈ ne doosre hafte bhi US box office par kya position barqarar rakhi,KI,51465,MIXED,urdu_headline_body_rrf,17,104137,0.02580128205128205,50
post_phase12_module2_M2-B,M2-B,R048,جراسک ورلڈ ne doosre hafte bhi US box office par kya position barqarar rakhi,KI,51465,MIXED,urdu_headline_body_rrf,18,14742,0.025793650793650792,50
post_phase12_module2_M2-B,M2-B,R048,جراسک ورلڈ ne doosre hafte bhi US box office par kya position barqarar rakhi,KI,51465,MIXED,urdu_headline_body_rrf,19,49155,0.025252525252525256,50
post_phase12_module2_M2-B,M2-B,R048,جراسک ورلڈ ne doosre hafte bhi US box office par kya position barqarar rakhi,KI,51465,MIXED,urdu_headline_body_rrf,20,4009,0.025155279503105588,50
post_phase12_module2_M2-B,M2-B,R048,جراسک ورلڈ ne doosre hafte bhi US box office par kya position barqarar rakhi,KI,51465,MIXED,urdu_headline_body_rrf,21,51469,0.02478580171358629,50
post_phase12_module2_M2-B,M2-B,R048,جراسک ورلڈ ne doosre hafte bhi US box office par kya position barqarar rakhi,KI,51465,MIXED,urdu_headline_body_rrf,22,51366,0.0246415770609319,50
post_phase12_module2_M2-B,M2-B,R048,جراسک ورلڈ ne doosre hafte bhi US box office par kya position barqarar rakhi,KI,51465,MIXED,urdu_headline_body_rrf,23,51517,0.023822791864028976,50
post_phase12_module2_M2-B,M2-B,R048,جراسک ورلڈ ne doosre hafte bhi US box office par kya position barqarar rakhi,KI,51465,MIXED,urdu_headline_body_rrf,24,104935,0.023809523809523808,50
post_phase12_module2_M2-B,M2-B,R048,جراسک ورلڈ ne doosre hafte bhi US box office par kya position barqarar rakhi,KI,51465,MIXED,urdu_headline_body_rrf,25,67866,0.02296750619861673,50
post_phase12_module2_M2-B,M2-B,R048,جراسک ورلڈ ne doosre hafte bhi US box office par kya position barqarar rakhi,KI,51465,MIXED,urdu_headline_body_rrf,26,49579,0.02291666666666667,50
post_phase12_module2_M2-B,M2-B,R048,جراسک ورلڈ ne doosre hafte bhi US box office par kya position barqarar rakhi,KI,51465,MIXED,urdu_headline_body_rrf,27,104383,0.022774327122153208,50
post_phase12_module2_M2-B,M2-B,R048,جراسک ورلڈ ne doosre hafte bhi US box office par kya position barqarar rakhi,KI,51465,MIXED,urdu_headline_body_rrf,28,51465,0.022592592592592595,50
post_phase12_module2_M2-B,M2-B,R048,جراسک ورلڈ ne doosre hafte bhi US box office par kya position barqarar rakhi,KI,51465,MIXED,urdu_headline_body_rrf,29,104028,0.022417153996101363,50
post_phase12_module2_M2-B,M2-B,R048,جراسک ورلڈ ne doosre hafte bhi US box office par kya position barqarar rakhi,KI,51465,MIXED,urdu_headline_body_rrf,30,104121,0.02227361246348588,50
post_phase12_module2_M2-B,M2-B,R048,جراسک ورلڈ ne doosre hafte bhi US box office par kya position barqarar rakhi,KI,51465,MIXED,urdu_headline_body_rrf,31,106764,0.0222522744037374,50
post_phase12_module2_M2-B,M2-B,R048,جراسک ورلڈ ne doosre hafte bhi US box office par kya position barqarar rakhi,KI,51465,MIXED,urdu_headline_body_rrf,32,16501,0.022222222222222223,50
post_phase12_module2_M2-B,M2-B,R048,جراسک ورلڈ ne doosre hafte bhi US box office par kya position barqarar rakhi,KI,51465,MIXED,urdu_headline_body_rrf,33,51442,0.022096112050229412,50
post_phase12_module2_M2-B,M2-B,R048,جراسک ورلڈ ne doosre hafte bhi US box office par kya position barqarar rakhi,KI,51465,MIXED,urdu_headline_body_rrf,34,104103,0.021235955056179777,50
post_phase12_module2_M2-B,M2-B,R048,جراسک ورلڈ ne doosre hafte bhi US box office par kya position barqarar rakhi,KI,51465,MIXED,urdu_headline_body_rrf,35,104058,0.021072374227714033,50
post_phase12_module2_M2-B,M2-B,R048,جراسک ورلڈ ne doosre hafte bhi US box office par kya position barqarar rakhi,KI,51465,MIXED,urdu_headline_body_rrf,36,51455,0.021061869240895127,50
post_phase12_module2_M2-B,M2-B,R048,جراسک ورلڈ ne doosre hafte bhi US box office par kya position barqarar rakhi,KI,51465,MIXED,urdu_headline_body_rrf,37,104078,0.021018062397372743,50
post_phase12_module2_M2-B,M2-B,R048,جراسک ورلڈ ne doosre hafte bhi US box office par kya position barqarar rakhi,KI,51465,MIXED,urdu_headline_body_rrf,38,51472,0.020840047266086584,50
post_phase12_module2_M2-B,M2-B,R048,جراسک ورلڈ ne doosre hafte bhi US box office par kya position barqarar rakhi,KI,51465,MIXED,urdu_headline_body_rrf,39,50990,0.020334805381534354,50
post_phase12_module2_M2-B,M2-B,R048,جراسک ورلڈ ne doosre hafte bhi US box office par kya position barqarar rakhi,KI,51465,MIXED,urdu_headline_body_rrf,40,69734,0.020330237358101133,50
post_phase12_module2_M2-B,M2-B,R048,جراسک ورلڈ ne doosre hafte bhi US box office par kya position barqarar rakhi,KI,51465,MIXED,urdu_headline_body_rrf,41,104302,0.01913919413919414,50
post_phase12_module2_M2-B,M2-B,R048,جراسک ورلڈ ne doosre hafte bhi US box office par kya position barqarar rakhi,KI,51465,MIXED,urdu_headline_body_rrf,42,69872,0.015625,50
post_phase12_module2_M2-B,M2-B,R048,جراسک ورلڈ ne doosre hafte bhi US box office par kya position barqarar rakhi,KI,51465,MIXED,urdu_headline_body_rrf,43,103284,0.014285714285714285,50
post_phase12_module2_M2-B,M2-B,R048,جراسک ورلڈ ne doosre hafte bhi US box office par kya position barqarar rakhi,KI,51465,MIXED,urdu_headline_body_rrf,44,49096,0.013513513513513514,50
post_phase12_module2_M2-B,M2-B,R048,جراسک ورلڈ ne doosre hafte bhi US box office par kya position barqarar rakhi,KI,51465,MIXED,urdu_headline_body_rrf,45,51565,0.011764705882352941,50
post_phase12_module2_M2-B,M2-B,R048,جراسک ورلڈ ne doosre hafte bhi US box office par kya position barqarar rakhi,KI,51465,MIXED,urdu_headline_body_rrf,46,103997,0.011235955056179775,50
post_phase12_module2_M2-B,M2-B,R048,جراسک ورلڈ ne doosre hafte bhi US box office par kya position barqarar rakhi,KI,51465,MIXED,urdu_headline_body_rrf,47,15671,0.010752688172043012,50
post_phase12_module2_M2-B,M2-B,R048,جراسک ورلڈ ne doosre hafte bhi US box office par kya position barqarar rakhi,KI,51465,MIXED,urdu_headline_body_rrf,48,48857,0.010638297872340425,50
post_phase12_module2_M2-B,M2-B,R048,جراسک ورلڈ ne doosre hafte bhi US box office par kya position barqarar rakhi,KI,51465,MIXED,urdu_headline_body_rrf,49,104931,0.010526315789473684,50
post_phase12_module2_M2-B,M2-B,R048,جراسک ورلڈ ne doosre hafte bhi US box office par kya position barqarar rakhi,KI,51465,MIXED,urdu_headline_body_rrf,50,14596,0.01020408163265306,50
post_phase12_module2_M2-B,M2-B,R049,Anne Hathaway ki film Song One ka pehla trailer kab release hua,KI,104969,ROMAN,roman_headline_body_rrf_method_D,1,18668,0.03252247488101534,50
post_phase12_module2_M2-B,M2-B,R049,Anne Hathaway ki film Song One ka pehla trailer kab release hua,KI,104969,ROMAN,roman_headline_body_rrf_method_D,2,104969,0.03055037313432836,50
post_phase12_module2_M2-B,M2-B,R049,Anne Hathaway ki film Song One ka pehla trailer kab release hua,KI,104969,ROMAN,roman_headline_body_rrf_method_D,3,102252,0.02919863597612958,50
post_phase12_module2_M2-B,M2-B,R049,Anne Hathaway ki film Song One ka pehla trailer kab release hua,KI,104969,ROMAN,roman_headline_body_rrf_method_D,4,106349,0.026333789329685362,50
post_phase12_module2_M2-B,M2-B,R049,Anne Hathaway ki film Song One ka pehla trailer kab release hua,KI,104969,ROMAN,roman_headline_body_rrf_method_D,5,108875,0.02535559678416821,50
post_phase12_module2_M2-B,M2-B,R049,Anne Hathaway ki film Song One ka pehla trailer kab release hua,KI,104969,ROMAN,roman_headline_body_rrf_method_D,6,108293,0.025035205758097326,50
post_phase12_module2_M2-B,M2-B,R049,Anne Hathaway ki film Song One ka pehla trailer kab release hua,KI,104969,ROMAN,roman_headline_body_rrf_method_D,7,108184,0.024934585193166076,50
post_phase12_module2_M2-B,M2-B,R049,Anne Hathaway ki film Song One ka pehla trailer kab release hua,KI,104969,ROMAN,roman_headline_body_rrf_method_D,8,108440,0.024725274725274724,50
post_phase12_module2_M2-B,M2-B,R049,Anne Hathaway ki film Song One ka pehla trailer kab release hua,KI,104969,ROMAN,roman_headline_body_rrf_method_D,9,106437,0.02392671588733935,50
post_phase12_module2_M2-B,M2-B,R049,Anne Hathaway ki film Song One ka pehla trailer kab release hua,KI,104969,ROMAN,roman_headline_body_rrf_method_D,10,69963,0.023690078037904124,50
post_phase12_module2_M2-B,M2-B,R049,Anne Hathaway ki film Song One ka pehla trailer kab release hua,KI,104969,ROMAN,roman_headline_body_rrf_method_D,11,108626,0.02259959141981614,50
post_phase12_module2_M2-B,M2-B,R049,Anne Hathaway ki film Song One ka pehla trailer kab release hua,KI,104969,ROMAN,roman_headline_body_rrf_method_D,12,104622,0.02028542303771662,50
post_phase12_module2_M2-B,M2-B,R049,Anne Hathaway ki film Song One ka pehla trailer kab release hua,KI,104969,ROMAN,roman_headline_body_rrf_method_D,13,106809,0.019843597262952102,50
post_phase12_module2_M2-B,M2-B,R049,Anne Hathaway ki film Song One ka pehla trailer kab release hua,KI,104969,ROMAN,roman_headline_body_rrf_method_D,14,104047,0.01639344262295082,50
post_phase12_module2_M2-B,M2-B,R049,Anne Hathaway ki film Song One ka pehla trailer kab release hua,KI,104969,ROMAN,roman_headline_body_rrf_method_D,15,108541,0.016129032258064516,50
post_phase12_module2_M2-B,M2-B,R049,Anne Hathaway ki film Song One ka pehla trailer kab release hua,KI,104969,ROMAN,roman_headline_body_rrf_method_D,16,69927,0.015873015873015872,50
post_phase12_module2_M2-B,M2-B,R049,Anne Hathaway ki film Song One ka pehla trailer kab release hua,KI,104969,ROMAN,roman_headline_body_rrf_method_D,17,108484,0.015873015873015872,50
post_phase12_module2_M2-B,M2-B,R049,Anne Hathaway ki film Song One ka pehla trailer kab release hua,KI,104969,ROMAN,roman_headline_body_rrf_method_D,18,108443,0.015625,50
post_phase12_module2_M2-B,M2-B,R049,Anne Hathaway ki film Song One ka pehla trailer kab release hua,KI,104969,ROMAN,roman_headline_body_rrf_method_D,19,12944,0.015384615384615385,50
post_phase12_module2_M2-B,M2-B,R049,Anne Hathaway ki film Song One ka pehla trailer kab release hua,KI,104969,ROMAN,roman_headline_body_rrf_method_D,20,105909,0.015384615384615385,50
post_phase12_module2_M2-B,M2-B,R049,Anne Hathaway ki film Song One ka pehla trailer kab release hua,KI,104969,ROMAN,roman_headline_body_rrf_method_D,21,69279,0.015151515151515152,50
post_phase12_module2_M2-B,M2-B,R049,Anne Hathaway ki film Song One ka pehla trailer kab release hua,KI,104969,ROMAN,roman_headline_body_rrf_method_D,22,102856,0.014925373134328358,50
post_phase12_module2_M2-B,M2-B,R049,Anne Hathaway ki film Song One ka pehla trailer kab release hua,KI,104969,ROMAN,roman_headline_body_rrf_method_D,23,15038,0.014285714285714285,50
post_phase12_module2_M2-B,M2-B,R049,Anne Hathaway ki film Song One ka pehla trailer kab release hua,KI,104969,ROMAN,roman_headline_body_rrf_method_D,24,106679,0.014285714285714285,50
post_phase12_module2_M2-B,M2-B,R049,Anne Hathaway ki film Song One ka pehla trailer kab release hua,KI,104969,ROMAN,roman_headline_body_rrf_method_D,25,14360,0.014084507042253521,50
post_phase12_module2_M2-B,M2-B,R049,Anne Hathaway ki film Song One ka pehla trailer kab release hua,KI,104969,ROMAN,roman_headline_body_rrf_method_D,26,108015,0.014084507042253521,50
post_phase12_module2_M2-B,M2-B,R049,Anne Hathaway ki film Song One ka pehla trailer kab release hua,KI,104969,ROMAN,roman_headline_body_rrf_method_D,27,105570,0.013888888888888888,50
post_phase12_module2_M2-B,M2-B,R049,Anne Hathaway ki film Song One ka pehla trailer kab release hua,KI,104969,ROMAN,roman_headline_body_rrf_method_D,28,107399,0.013888888888888888,50
post_phase12_module2_M2-B,M2-B,R049,Anne Hathaway ki film Song One ka pehla trailer kab release hua,KI,104969,ROMAN,roman_headline_body_rrf_method_D,29,105897,0.0136986301369863,50
post_phase12_module2_M2-B,M2-B,R049,Anne Hathaway ki film Song One ka pehla trailer kab release hua,KI,104969,ROMAN,roman_headline_body_rrf_method_D,30,12421,0.013513513513513514,50
post_phase12_module2_M2-B,M2-B,R049,Anne Hathaway ki film Song One ka pehla trailer kab release hua,KI,104969,ROMAN,roman_headline_body_rrf_method_D,31,108519,0.013513513513513514,50
post_phase12_module2_M2-B,M2-B,R049,Anne Hathaway ki film Song One ka pehla trailer kab release hua,KI,104969,ROMAN,roman_headline_body_rrf_method_D,32,106953,0.013333333333333334,50
post_phase12_module2_M2-B,M2-B,R049,Anne Hathaway ki film Song One ka pehla trailer kab release hua,KI,104969,ROMAN,roman_headline_body_rrf_method_D,33,108164,0.013333333333333334,50
post_phase12_module2_M2-B,M2-B,R049,Anne Hathaway ki film Song One ka pehla trailer kab release hua,KI,104969,ROMAN,roman_headline_body_rrf_method_D,34,66364,0.013157894736842105,50
post_phase12_module2_M2-B,M2-B,R049,Anne Hathaway ki film Song One ka pehla trailer kab release hua,KI,104969,ROMAN,roman_headline_body_rrf_method_D,35,69193,0.013157894736842105,50
post_phase12_module2_M2-B,M2-B,R049,Anne Hathaway ki film Song One ka pehla trailer kab release hua,KI,104969,ROMAN,roman_headline_body_rrf_method_D,36,108532,0.012987012987012988,50
post_phase12_module2_M2-B,M2-B,R049,Anne Hathaway ki film Song One ka pehla trailer kab release hua,KI,104969,ROMAN,roman_headline_body_rrf_method_D,37,107912,0.012658227848101266,50
post_phase12_module2_M2-B,M2-B,R049,Anne Hathaway ki film Song One ka pehla trailer kab release hua,KI,104969,ROMAN,roman_headline_body_rrf_method_D,38,108645,0.012658227848101266,50
post_phase12_module2_M2-B,M2-B,R049,Anne Hathaway ki film Song One ka pehla trailer kab release hua,KI,104969,ROMAN,roman_headline_body_rrf_method_D,39,15258,0.0125,50
post_phase12_module2_M2-B,M2-B,R049,Anne Hathaway ki film Song One ka pehla trailer kab release hua,KI,104969,ROMAN,roman_headline_body_rrf_method_D,40,104378,0.0125,50
post_phase12_module2_M2-B,M2-B,R049,Anne Hathaway ki film Song One ka pehla trailer kab release hua,KI,104969,ROMAN,roman_headline_body_rrf_method_D,41,14201,0.012345679012345678,50
post_phase12_module2_M2-B,M2-B,R049,Anne Hathaway ki film Song One ka pehla trailer kab release hua,KI,104969,ROMAN,roman_headline_body_rrf_method_D,42,105831,0.012345679012345678,50
post_phase12_module2_M2-B,M2-B,R049,Anne Hathaway ki film Song One ka pehla trailer kab release hua,KI,104969,ROMAN,roman_headline_body_rrf_method_D,43,69195,0.012195121951219513,50
post_phase12_module2_M2-B,M2-B,R049,Anne Hathaway ki film Song One ka pehla trailer kab release hua,KI,104969,ROMAN,roman_headline_body_rrf_method_D,44,106567,0.012195121951219513,50
post_phase12_module2_M2-B,M2-B,R049,Anne Hathaway ki film Song One ka pehla trailer kab release hua,KI,104969,ROMAN,roman_headline_body_rrf_method_D,45,108581,0.012048192771084338,50
post_phase12_module2_M2-B,M2-B,R049,Anne Hathaway ki film Song One ka pehla trailer kab release hua,KI,104969,ROMAN,roman_headline_body_rrf_method_D,46,105440,0.011904761904761904,50
post_phase12_module2_M2-B,M2-B,R049,Anne Hathaway ki film Song One ka pehla trailer kab release hua,KI,104969,ROMAN,roman_headline_body_rrf_method_D,47,107561,0.011764705882352941,50
post_phase12_module2_M2-B,M2-B,R049,Anne Hathaway ki film Song One ka pehla trailer kab release hua,KI,104969,ROMAN,roman_headline_body_rrf_method_D,48,107664,0.011764705882352941,50
post_phase12_module2_M2-B,M2-B,R049,Anne Hathaway ki film Song One ka pehla trailer kab release hua,KI,104969,ROMAN,roman_headline_body_rrf_method_D,49,101834,0.011627906976744186,50
post_phase12_module2_M2-B,M2-B,R049,Anne Hathaway ki film Song One ka pehla trailer kab release hua,KI,104969,ROMAN,roman_headline_body_rrf_method_D,50,106011,0.011494252873563218,50
post_phase12_module2_M2-B,M2-B,R050,انڈر 19 ایشیا کپ فائنل Pakistan aur Bharat ka match kis natije par khatam hua,KI,96393,MIXED,urdu_headline_body_rrf,1,85090,0.030679156908665108,50
post_phase12_module2_M2-B,M2-B,R050,انڈر 19 ایشیا کپ فائنل Pakistan aur Bharat ka match kis natije par khatam hua,KI,96393,MIXED,urdu_headline_body_rrf,2,44458,0.029857397504456328,50
post_phase12_module2_M2-B,M2-B,R050,انڈر 19 ایشیا کپ فائنل Pakistan aur Bharat ka match kis natije par khatam hua,KI,96393,MIXED,urdu_headline_body_rrf,3,43401,0.02976190476190476,50
post_phase12_module2_M2-B,M2-B,R050,انڈر 19 ایشیا کپ فائنل Pakistan aur Bharat ka match kis natije par khatam hua,KI,96393,MIXED,urdu_headline_body_rrf,4,85086,0.02967032967032967,50
post_phase12_module2_M2-B,M2-B,R050,انڈر 19 ایشیا کپ فائنل Pakistan aur Bharat ka match kis natije par khatam hua,KI,96393,MIXED,urdu_headline_body_rrf,5,52926,0.027912386121341344,50
post_phase12_module2_M2-B,M2-B,R050,انڈر 19 ایشیا کپ فائنل Pakistan aur Bharat ka match kis natije par khatam hua,KI,96393,MIXED,urdu_headline_body_rrf,6,85084,0.027820121951219513,50
post_phase12_module2_M2-B,M2-B,R050,انڈر 19 ایشیا کپ فائنل Pakistan aur Bharat ka match kis natije par khatam hua,KI,96393,MIXED,urdu_headline_body_rrf,7,96418,0.026881720430107527,50
post_phase12_module2_M2-B,M2-B,R050,انڈر 19 ایشیا کپ فائنل Pakistan aur Bharat ka match kis natije par khatam hua,KI,96393,MIXED,urdu_headline_body_rrf,8,96403,0.026838432635534086,50
post_phase12_module2_M2-B,M2-B,R050,انڈر 19 ایشیا کپ فائنل Pakistan aur Bharat ka match kis natije par khatam hua,KI,96393,MIXED,urdu_headline_body_rrf,9,45449,0.02638888888888889,50
post_phase12_module2_M2-B,M2-B,R050,انڈر 19 ایشیا کپ فائنل Pakistan aur Bharat ka match kis natije par khatam hua,KI,96393,MIXED,urdu_headline_body_rrf,10,96427,0.025708635464733027,50
post_phase12_module2_M2-B,M2-B,R050,انڈر 19 ایشیا کپ فائنل Pakistan aur Bharat ka match kis natije par khatam hua,KI,96393,MIXED,urdu_headline_body_rrf,11,28784,0.025388291517323774,50
post_phase12_module2_M2-B,M2-B,R050,انڈر 19 ایشیا کپ فائنل Pakistan aur Bharat ka match kis natije par khatam hua,KI,96393,MIXED,urdu_headline_body_rrf,12,87201,0.025342039800995024,50
post_phase12_module2_M2-B,M2-B,R050,انڈر 19 ایشیا کپ فائنل Pakistan aur Bharat ka match kis natije par khatam hua,KI,96393,MIXED,urdu_headline_body_rrf,13,96381,0.024799311926605505,50
post_phase12_module2_M2-B,M2-B,R050,انڈر 19 ایشیا کپ فائنل Pakistan aur Bharat ka match kis natije par khatam hua,KI,96393,MIXED,urdu_headline_body_rrf,14,93250,0.024242424242424242,50
post_phase12_module2_M2-B,M2-B,R050,انڈر 19 ایشیا کپ فائنل Pakistan aur Bharat ka match kis natije par khatam hua,KI,96393,MIXED,urdu_headline_body_rrf,15,52897,0.024184149184149184,50
post_phase12_module2_M2-B,M2-B,R050,انڈر 19 ایشیا کپ فائنل Pakistan aur Bharat ka match kis natije par khatam hua,KI,96393,MIXED,urdu_headline_body_rrf,16,94775,0.023684210526315787,50
post_phase12_module2_M2-B,M2-B,R050,انڈر 19 ایشیا کپ فائنل Pakistan aur Bharat ka match kis natije par khatam hua,KI,96393,MIXED,urdu_headline_body_rrf,17,42501,0.02265495736286114,50
post_phase12_module2_M2-B,M2-B,R050,انڈر 19 ایشیا کپ فائنل Pakistan aur Bharat ka match kis natije par khatam hua,KI,96393,MIXED,urdu_headline_body_rrf,18,28461,0.02254305977710233,50
post_phase12_module2_M2-B,M2-B,R050,انڈر 19 ایشیا کپ فائنل Pakistan aur Bharat ka match kis natije par khatam hua,KI,96393,MIXED,urdu_headline_body_rrf,19,85081,0.021090021090021092,50
post_phase12_module2_M2-B,M2-B,R050,انڈر 19 ایشیا کپ فائنل Pakistan aur Bharat ka match kis natije par khatam hua,KI,96393,MIXED,urdu_headline_body_rrf,20,96106,0.020002000200020003,50
post_phase12_module2_M2-B,M2-B,R050,انڈر 19 ایشیا کپ فائنل Pakistan aur Bharat ka match kis natije par khatam hua,KI,96393,MIXED,urdu_headline_body_rrf,21,85013,0.01639344262295082,50
post_phase12_module2_M2-B,M2-B,R050,انڈر 19 ایشیا کپ فائنل Pakistan aur Bharat ka match kis natije par khatam hua,KI,96393,MIXED,urdu_headline_body_rrf,22,96393,0.015873015873015872,50
post_phase12_module2_M2-B,M2-B,R050,انڈر 19 ایشیا کپ فائنل Pakistan aur Bharat ka match kis natije par khatam hua,KI,96393,MIXED,urdu_headline_body_rrf,23,96396,0.015384615384615385,50
post_phase12_module2_M2-B,M2-B,R050,انڈر 19 ایشیا کپ فائنل Pakistan aur Bharat ka match kis natije par khatam hua,KI,96393,MIXED,urdu_headline_body_rrf,24,37552,0.014705882352941176,50
post_phase12_module2_M2-B,M2-B,R050,انڈر 19 ایشیا کپ فائنل Pakistan aur Bharat ka match kis natije par khatam hua,KI,96393,MIXED,urdu_headline_body_rrf,25,43419,0.014492753623188406,50
post_phase12_module2_M2-B,M2-B,R050,انڈر 19 ایشیا کپ فائنل Pakistan aur Bharat ka match kis natije par khatam hua,KI,96393,MIXED,urdu_headline_body_rrf,26,96392,0.014084507042253521,50
post_phase12_module2_M2-B,M2-B,R050,انڈر 19 ایشیا کپ فائنل Pakistan aur Bharat ka match kis natije par khatam hua,KI,96393,MIXED,urdu_headline_body_rrf,27,96604,0.014084507042253521,50
post_phase12_module2_M2-B,M2-B,R050,انڈر 19 ایشیا کپ فائنل Pakistan aur Bharat ka match kis natije par khatam hua,KI,96393,MIXED,urdu_headline_body_rrf,28,35846,0.0136986301369863,50
post_phase12_module2_M2-B,M2-B,R050,انڈر 19 ایشیا کپ فائنل Pakistan aur Bharat ka match kis natije par khatam hua,KI,96393,MIXED,urdu_headline_body_rrf,29,87170,0.0136986301369863,50
post_phase12_module2_M2-B,M2-B,R050,انڈر 19 ایشیا کپ فائنل Pakistan aur Bharat ka match kis natije par khatam hua,KI,96393,MIXED,urdu_headline_body_rrf,30,52439,0.013513513513513514,50
post_phase12_module2_M2-B,M2-B,R050,انڈر 19 ایشیا کپ فائنل Pakistan aur Bharat ka match kis natije par khatam hua,KI,96393,MIXED,urdu_headline_body_rrf,31,37567,0.013333333333333334,50
post_phase12_module2_M2-B,M2-B,R050,انڈر 19 ایشیا کپ فائنل Pakistan aur Bharat ka match kis natije par khatam hua,KI,96393,MIXED,urdu_headline_body_rrf,32,44451,0.013333333333333334,50
post_phase12_module2_M2-B,M2-B,R050,انڈر 19 ایشیا کپ فائنل Pakistan aur Bharat ka match kis natije par khatam hua,KI,96393,MIXED,urdu_headline_body_rrf,33,32652,0.013157894736842105,50
post_phase12_module2_M2-B,M2-B,R050,انڈر 19 ایشیا کپ فائنل Pakistan aur Bharat ka match kis natije par khatam hua,KI,96393,MIXED,urdu_headline_body_rrf,34,37572,0.012987012987012988,50
post_phase12_module2_M2-B,M2-B,R050,انڈر 19 ایشیا کپ فائنل Pakistan aur Bharat ka match kis natije par khatam hua,KI,96393,MIXED,urdu_headline_body_rrf,35,32716,0.01282051282051282,50
post_phase12_module2_M2-B,M2-B,R050,انڈر 19 ایشیا کپ فائنل Pakistan aur Bharat ka match kis natije par khatam hua,KI,96393,MIXED,urdu_headline_body_rrf,36,52916,0.012658227848101266,50
post_phase12_module2_M2-B,M2-B,R050,انڈر 19 ایشیا کپ فائنل Pakistan aur Bharat ka match kis natije par khatam hua,KI,96393,MIXED,urdu_headline_body_rrf,37,96451,0.012658227848101266,50
post_phase12_module2_M2-B,M2-B,R050,انڈر 19 ایشیا کپ فائنل Pakistan aur Bharat ka match kis natije par khatam hua,KI,96393,MIXED,urdu_headline_body_rrf,38,81920,0.0125,50
post_phase12_module2_M2-B,M2-B,R050,انڈر 19 ایشیا کپ فائنل Pakistan aur Bharat ka match kis natije par khatam hua,KI,96393,MIXED,urdu_headline_body_rrf,39,83843,0.012048192771084338,50
post_phase12_module2_M2-B,M2-B,R050,انڈر 19 ایشیا کپ فائنل Pakistan aur Bharat ka match kis natije par khatam hua,KI,96393,MIXED,urdu_headline_body_rrf,40,92979,0.012048192771084338,50
post_phase12_module2_M2-B,M2-B,R050,انڈر 19 ایشیا کپ فائنل Pakistan aur Bharat ka match kis natije par khatam hua,KI,96393,MIXED,urdu_headline_body_rrf,41,32693,0.011904761904761904,50
post_phase12_module2_M2-B,M2-B,R050,انڈر 19 ایشیا کپ فائنل Pakistan aur Bharat ka match kis natije par khatam hua,KI,96393,MIXED,urdu_headline_body_rrf,42,35852,0.011764705882352941,50
post_phase12_module2_M2-B,M2-B,R050,انڈر 19 ایشیا کپ فائنل Pakistan aur Bharat ka match kis natije par khatam hua,KI,96393,MIXED,urdu_headline_body_rrf,43,84804,0.011764705882352941,50
post_phase12_module2_M2-B,M2-B,R050,انڈر 19 ایشیا کپ فائنل Pakistan aur Bharat ka match kis natije par khatam hua,KI,96393,MIXED,urdu_headline_body_rrf,44,35861,0.011627906976744186,50
post_phase12_module2_M2-B,M2-B,R050,انڈر 19 ایشیا کپ فائنل Pakistan aur Bharat ka match kis natije par khatam hua,KI,96393,MIXED,urdu_headline_body_rrf,45,54693,0.011627906976744186,50
post_phase12_module2_M2-B,M2-B,R050,انڈر 19 ایشیا کپ فائنل Pakistan aur Bharat ka match kis natije par khatam hua,KI,96393,MIXED,urdu_headline_body_rrf,46,29272,0.011494252873563218,50
post_phase12_module2_M2-B,M2-B,R050,انڈر 19 ایشیا کپ فائنل Pakistan aur Bharat ka match kis natije par khatam hua,KI,96393,MIXED,urdu_headline_body_rrf,47,92961,0.011494252873563218,50
post_phase12_module2_M2-B,M2-B,R050,انڈر 19 ایشیا کپ فائنل Pakistan aur Bharat ka match kis natije par khatam hua,KI,96393,MIXED,urdu_headline_body_rrf,48,52540,0.011363636363636364,50
post_phase12_module2_M2-B,M2-B,R050,انڈر 19 ایشیا کپ فائنل Pakistan aur Bharat ka match kis natije par khatam hua,KI,96393,MIXED,urdu_headline_body_rrf,49,28457,0.011235955056179775,50
post_phase12_module2_M2-B,M2-B,R050,انڈر 19 ایشیا کپ فائنل Pakistan aur Bharat ka match kis natije par khatam hua,KI,96393,MIXED,urdu_headline_body_rrf,50,29253,0.011235955056179775,50
post_phase12_module2_M2-B,M2-B,R051,aaj Pakistan ka cricket match kahan khela ja raha hai,NAT,,ROMAN,roman_headline_body_rrf_method_D,1,58393,0.01639344262295082,50
post_phase12_module2_M2-B,M2-B,R051,aaj Pakistan ka cricket match kahan khela ja raha hai,NAT,,ROMAN,roman_headline_body_rrf_method_D,2,79509,0.01639344262295082,50
post_phase12_module2_M2-B,M2-B,R051,aaj Pakistan ka cricket match kahan khela ja raha hai,NAT,,ROMAN,roman_headline_body_rrf_method_D,3,45571,0.016129032258064516,50
post_phase12_module2_M2-B,M2-B,R051,aaj Pakistan ka cricket match kahan khela ja raha hai,NAT,,ROMAN,roman_headline_body_rrf_method_D,4,87425,0.016129032258064516,50
post_phase12_module2_M2-B,M2-B,R051,aaj Pakistan ka cricket match kahan khela ja raha hai,NAT,,ROMAN,roman_headline_body_rrf_method_D,5,88349,0.015873015873015872,50
post_phase12_module2_M2-B,M2-B,R051,aaj Pakistan ka cricket match kahan khela ja raha hai,NAT,,ROMAN,roman_headline_body_rrf_method_D,6,99373,0.015873015873015872,50
post_phase12_module2_M2-B,M2-B,R051,aaj Pakistan ka cricket match kahan khela ja raha hai,NAT,,ROMAN,roman_headline_body_rrf_method_D,7,59911,0.015625,50
post_phase12_module2_M2-B,M2-B,R051,aaj Pakistan ka cricket match kahan khela ja raha hai,NAT,,ROMAN,roman_headline_body_rrf_method_D,8,82498,0.015625,50
post_phase12_module2_M2-B,M2-B,R051,aaj Pakistan ka cricket match kahan khela ja raha hai,NAT,,ROMAN,roman_headline_body_rrf_method_D,9,22196,0.015384615384615385,50
post_phase12_module2_M2-B,M2-B,R051,aaj Pakistan ka cricket match kahan khela ja raha hai,NAT,,ROMAN,roman_headline_body_rrf_method_D,10,87370,0.015384615384615385,50
post_phase12_module2_M2-B,M2-B,R051,aaj Pakistan ka cricket match kahan khela ja raha hai,NAT,,ROMAN,roman_headline_body_rrf_method_D,11,42603,0.015151515151515152,50
post_phase12_module2_M2-B,M2-B,R051,aaj Pakistan ka cricket match kahan khela ja raha hai,NAT,,ROMAN,roman_headline_body_rrf_method_D,12,49171,0.015151515151515152,50
post_phase12_module2_M2-B,M2-B,R051,aaj Pakistan ka cricket match kahan khela ja raha hai,NAT,,ROMAN,roman_headline_body_rrf_method_D,13,49015,0.014925373134328358,50
post_phase12_module2_M2-B,M2-B,R051,aaj Pakistan ka cricket match kahan khela ja raha hai,NAT,,ROMAN,roman_headline_body_rrf_method_D,14,83084,0.014925373134328358,50
post_phase12_module2_M2-B,M2-B,R051,aaj Pakistan ka cricket match kahan khela ja raha hai,NAT,,ROMAN,roman_headline_body_rrf_method_D,15,45703,0.014705882352941176,50
post_phase12_module2_M2-B,M2-B,R051,aaj Pakistan ka cricket match kahan khela ja raha hai,NAT,,ROMAN,roman_headline_body_rrf_method_D,16,81884,0.014705882352941176,50
post_phase12_module2_M2-B,M2-B,R051,aaj Pakistan ka cricket match kahan khela ja raha hai,NAT,,ROMAN,roman_headline_body_rrf_method_D,17,73719,0.014492753623188406,50
post_phase12_module2_M2-B,M2-B,R051,aaj Pakistan ka cricket match kahan khela ja raha hai,NAT,,ROMAN,roman_headline_body_rrf_method_D,18,80792,0.014492753623188406,50
post_phase12_module2_M2-B,M2-B,R051,aaj Pakistan ka cricket match kahan khela ja raha hai,NAT,,ROMAN,roman_headline_body_rrf_method_D,19,49259,0.014285714285714285,50
post_phase12_module2_M2-B,M2-B,R051,aaj Pakistan ka cricket match kahan khela ja raha hai,NAT,,ROMAN,roman_headline_body_rrf_method_D,20,91548,0.014285714285714285,50
post_phase12_module2_M2-B,M2-B,R051,aaj Pakistan ka cricket match kahan khela ja raha hai,NAT,,ROMAN,roman_headline_body_rrf_method_D,21,80109,0.014084507042253521,50
post_phase12_module2_M2-B,M2-B,R051,aaj Pakistan ka cricket match kahan khela ja raha hai,NAT,,ROMAN,roman_headline_body_rrf_method_D,22,85487,0.014084507042253521,50
post_phase12_module2_M2-B,M2-B,R051,aaj Pakistan ka cricket match kahan khela ja raha hai,NAT,,ROMAN,roman_headline_body_rrf_method_D,23,86684,0.013888888888888888,50
post_phase12_module2_M2-B,M2-B,R051,aaj Pakistan ka cricket match kahan khela ja raha hai,NAT,,ROMAN,roman_headline_body_rrf_method_D,24,89555,0.013888888888888888,50
post_phase12_module2_M2-B,M2-B,R051,aaj Pakistan ka cricket match kahan khela ja raha hai,NAT,,ROMAN,roman_headline_body_rrf_method_D,25,79316,0.0136986301369863,50
post_phase12_module2_M2-B,M2-B,R051,aaj Pakistan ka cricket match kahan khela ja raha hai,NAT,,ROMAN,roman_headline_body_rrf_method_D,26,85980,0.0136986301369863,50
post_phase12_module2_M2-B,M2-B,R051,aaj Pakistan ka cricket match kahan khela ja raha hai,NAT,,ROMAN,roman_headline_body_rrf_method_D,27,86483,0.013513513513513514,50
post_phase12_module2_M2-B,M2-B,R051,aaj Pakistan ka cricket match kahan khela ja raha hai,NAT,,ROMAN,roman_headline_body_rrf_method_D,28,102468,0.013513513513513514,50
post_phase12_module2_M2-B,M2-B,R051,aaj Pakistan ka cricket match kahan khela ja raha hai,NAT,,ROMAN,roman_headline_body_rrf_method_D,29,45862,0.013333333333333334,50
post_phase12_module2_M2-B,M2-B,R051,aaj Pakistan ka cricket match kahan khela ja raha hai,NAT,,ROMAN,roman_headline_body_rrf_method_D,30,48166,0.013333333333333334,50
post_phase12_module2_M2-B,M2-B,R051,aaj Pakistan ka cricket match kahan khela ja raha hai,NAT,,ROMAN,roman_headline_body_rrf_method_D,31,80909,0.013157894736842105,50
post_phase12_module2_M2-B,M2-B,R051,aaj Pakistan ka cricket match kahan khela ja raha hai,NAT,,ROMAN,roman_headline_body_rrf_method_D,32,86985,0.013157894736842105,50
post_phase12_module2_M2-B,M2-B,R051,aaj Pakistan ka cricket match kahan khela ja raha hai,NAT,,ROMAN,roman_headline_body_rrf_method_D,33,46851,0.012987012987012988,50
post_phase12_module2_M2-B,M2-B,R051,aaj Pakistan ka cricket match kahan khela ja raha hai,NAT,,ROMAN,roman_headline_body_rrf_method_D,34,48543,0.012987012987012988,50
post_phase12_module2_M2-B,M2-B,R051,aaj Pakistan ka cricket match kahan khela ja raha hai,NAT,,ROMAN,roman_headline_body_rrf_method_D,35,51580,0.01282051282051282,50
post_phase12_module2_M2-B,M2-B,R051,aaj Pakistan ka cricket match kahan khela ja raha hai,NAT,,ROMAN,roman_headline_body_rrf_method_D,36,89232,0.01282051282051282,50
post_phase12_module2_M2-B,M2-B,R051,aaj Pakistan ka cricket match kahan khela ja raha hai,NAT,,ROMAN,roman_headline_body_rrf_method_D,37,46392,0.012658227848101266,50
post_phase12_module2_M2-B,M2-B,R051,aaj Pakistan ka cricket match kahan khela ja raha hai,NAT,,ROMAN,roman_headline_body_rrf_method_D,38,74813,0.012658227848101266,50
post_phase12_module2_M2-B,M2-B,R051,aaj Pakistan ka cricket match kahan khela ja raha hai,NAT,,ROMAN,roman_headline_body_rrf_method_D,39,25544,0.0125,50
post_phase12_module2_M2-B,M2-B,R051,aaj Pakistan ka cricket match kahan khela ja raha hai,NAT,,ROMAN,roman_headline_body_rrf_method_D,40,43046,0.0125,50
post_phase12_module2_M2-B,M2-B,R051,aaj Pakistan ka cricket match kahan khela ja raha hai,NAT,,ROMAN,roman_headline_body_rrf_method_D,41,77097,0.012345679012345678,50
post_phase12_module2_M2-B,M2-B,R051,aaj Pakistan ka cricket match kahan khela ja raha hai,NAT,,ROMAN,roman_headline_body_rrf_method_D,42,90860,0.012345679012345678,50
post_phase12_module2_M2-B,M2-B,R051,aaj Pakistan ka cricket match kahan khela ja raha hai,NAT,,ROMAN,roman_headline_body_rrf_method_D,43,38972,0.012195121951219513,50
post_phase12_module2_M2-B,M2-B,R051,aaj Pakistan ka cricket match kahan khela ja raha hai,NAT,,ROMAN,roman_headline_body_rrf_method_D,44,91367,0.012195121951219513,50
post_phase12_module2_M2-B,M2-B,R051,aaj Pakistan ka cricket match kahan khela ja raha hai,NAT,,ROMAN,roman_headline_body_rrf_method_D,45,47613,0.012048192771084338,50
post_phase12_module2_M2-B,M2-B,R051,aaj Pakistan ka cricket match kahan khela ja raha hai,NAT,,ROMAN,roman_headline_body_rrf_method_D,46,108011,0.012048192771084338,50
post_phase12_module2_M2-B,M2-B,R051,aaj Pakistan ka cricket match kahan khela ja raha hai,NAT,,ROMAN,roman_headline_body_rrf_method_D,47,79301,0.011904761904761904,50
post_phase12_module2_M2-B,M2-B,R051,aaj Pakistan ka cricket match kahan khela ja raha hai,NAT,,ROMAN,roman_headline_body_rrf_method_D,48,85498,0.011904761904761904,50
post_phase12_module2_M2-B,M2-B,R051,aaj Pakistan ka cricket match kahan khela ja raha hai,NAT,,ROMAN,roman_headline_body_rrf_method_D,49,41753,0.011764705882352941,50
post_phase12_module2_M2-B,M2-B,R051,aaj Pakistan ka cricket match kahan khela ja raha hai,NAT,,ROMAN,roman_headline_body_rrf_method_D,50,42649,0.011764705882352941,50
post_phase12_module2_M2-B,M2-B,R052,موجودہ ڈالر کی اوپن مارکیٹ قیمت کیا ہے,NAT,,URDU,urdu_headline_body_rrf,1,64775,0.030776515151515152,50
post_phase12_module2_M2-B,M2-B,R052,موجودہ ڈالر کی اوپن مارکیٹ قیمت کیا ہے,NAT,,URDU,urdu_headline_body_rrf,2,38964,0.02946912242686891,50
post_phase12_module2_M2-B,M2-B,R052,موجودہ ڈالر کی اوپن مارکیٹ قیمت کیا ہے,NAT,,URDU,urdu_headline_body_rrf,3,61511,0.0287391216352965,50
post_phase12_module2_M2-B,M2-B,R052,موجودہ ڈالر کی اوپن مارکیٹ قیمت کیا ہے,NAT,,URDU,urdu_headline_body_rrf,4,71077,0.02668564312399929,50
post_phase12_module2_M2-B,M2-B,R052,موجودہ ڈالر کی اوپن مارکیٹ قیمت کیا ہے,NAT,,URDU,urdu_headline_body_rrf,5,65861,0.02581612258494337,50
post_phase12_module2_M2-B,M2-B,R052,موجودہ ڈالر کی اوپن مارکیٹ قیمت کیا ہے,NAT,,URDU,urdu_headline_body_rrf,6,63868,0.024909420289855072,50
post_phase12_module2_M2-B,M2-B,R052,موجودہ ڈالر کی اوپن مارکیٹ قیمت کیا ہے,NAT,,URDU,urdu_headline_body_rrf,7,111179,0.0246415770609319,50
post_phase12_module2_M2-B,M2-B,R052,موجودہ ڈالر کی اوپن مارکیٹ قیمت کیا ہے,NAT,,URDU,urdu_headline_body_rrf,8,71061,0.02230392156862745,50
post_phase12_module2_M2-B,M2-B,R052,موجودہ ڈالر کی اوپن مارکیٹ قیمت کیا ہے,NAT,,URDU,urdu_headline_body_rrf,9,2331,0.02181050656660413,50
post_phase12_module2_M2-B,M2-B,R052,موجودہ ڈالر کی اوپن مارکیٹ قیمت کیا ہے,NAT,,URDU,urdu_headline_body_rrf,10,65756,0.0186932215234102,50
post_phase12_module2_M2-B,M2-B,R052,موجودہ ڈالر کی اوپن مارکیٹ قیمت کیا ہے,NAT,,URDU,urdu_headline_body_rrf,11,65954,0.0186932215234102,50
post_phase12_module2_M2-B,M2-B,R052,موجودہ ڈالر کی اوپن مارکیٹ قیمت کیا ہے,NAT,,URDU,urdu_headline_body_rrf,12,65778,0.01639344262295082,50
post_phase12_module2_M2-B,M2-B,R052,موجودہ ڈالر کی اوپن مارکیٹ قیمت کیا ہے,NAT,,URDU,urdu_headline_body_rrf,13,63653,0.016129032258064516,50
post_phase12_module2_M2-B,M2-B,R052,موجودہ ڈالر کی اوپن مارکیٹ قیمت کیا ہے,NAT,,URDU,urdu_headline_body_rrf,14,65867,0.016129032258064516,50
post_phase12_module2_M2-B,M2-B,R052,موجودہ ڈالر کی اوپن مارکیٹ قیمت کیا ہے,NAT,,URDU,urdu_headline_body_rrf,15,39378,0.015873015873015872,50
post_phase12_module2_M2-B,M2-B,R052,موجودہ ڈالر کی اوپن مارکیٹ قیمت کیا ہے,NAT,,URDU,urdu_headline_body_rrf,16,71095,0.015873015873015872,50
post_phase12_module2_M2-B,M2-B,R052,موجودہ ڈالر کی اوپن مارکیٹ قیمت کیا ہے,NAT,,URDU,urdu_headline_body_rrf,17,76631,0.015625,50
post_phase12_module2_M2-B,M2-B,R052,موجودہ ڈالر کی اوپن مارکیٹ قیمت کیا ہے,NAT,,URDU,urdu_headline_body_rrf,18,2252,0.015384615384615385,50
post_phase12_module2_M2-B,M2-B,R052,موجودہ ڈالر کی اوپن مارکیٹ قیمت کیا ہے,NAT,,URDU,urdu_headline_body_rrf,19,71886,0.015151515151515152,50
post_phase12_module2_M2-B,M2-B,R052,موجودہ ڈالر کی اوپن مارکیٹ قیمت کیا ہے,NAT,,URDU,urdu_headline_body_rrf,20,64962,0.014925373134328358,50
post_phase12_module2_M2-B,M2-B,R052,موجودہ ڈالر کی اوپن مارکیٹ قیمت کیا ہے,NAT,,URDU,urdu_headline_body_rrf,21,71396,0.014925373134328358,50
post_phase12_module2_M2-B,M2-B,R052,موجودہ ڈالر کی اوپن مارکیٹ قیمت کیا ہے,NAT,,URDU,urdu_headline_body_rrf,22,65798,0.014705882352941176,50
post_phase12_module2_M2-B,M2-B,R052,موجودہ ڈالر کی اوپن مارکیٹ قیمت کیا ہے,NAT,,URDU,urdu_headline_body_rrf,23,108910,0.014705882352941176,50
post_phase12_module2_M2-B,M2-B,R052,موجودہ ڈالر کی اوپن مارکیٹ قیمت کیا ہے,NAT,,URDU,urdu_headline_body_rrf,24,108899,0.014492753623188406,50
post_phase12_module2_M2-B,M2-B,R052,موجودہ ڈالر کی اوپن مارکیٹ قیمت کیا ہے,NAT,,URDU,urdu_headline_body_rrf,25,64695,0.014285714285714285,50
post_phase12_module2_M2-B,M2-B,R052,موجودہ ڈالر کی اوپن مارکیٹ قیمت کیا ہے,NAT,,URDU,urdu_headline_body_rrf,26,74122,0.014285714285714285,50
post_phase12_module2_M2-B,M2-B,R052,موجودہ ڈالر کی اوپن مارکیٹ قیمت کیا ہے,NAT,,URDU,urdu_headline_body_rrf,27,2266,0.014084507042253521,50
post_phase12_module2_M2-B,M2-B,R052,موجودہ ڈالر کی اوپن مارکیٹ قیمت کیا ہے,NAT,,URDU,urdu_headline_body_rrf,28,1464,0.013888888888888888,50
post_phase12_module2_M2-B,M2-B,R052,موجودہ ڈالر کی اوپن مارکیٹ قیمت کیا ہے,NAT,,URDU,urdu_headline_body_rrf,29,110541,0.0136986301369863,50
post_phase12_module2_M2-B,M2-B,R052,موجودہ ڈالر کی اوپن مارکیٹ قیمت کیا ہے,NAT,,URDU,urdu_headline_body_rrf,30,1516,0.013513513513513514,50
post_phase12_module2_M2-B,M2-B,R052,موجودہ ڈالر کی اوپن مارکیٹ قیمت کیا ہے,NAT,,URDU,urdu_headline_body_rrf,31,72545,0.013513513513513514,50
post_phase12_module2_M2-B,M2-B,R052,موجودہ ڈالر کی اوپن مارکیٹ قیمت کیا ہے,NAT,,URDU,urdu_headline_body_rrf,32,65519,0.013333333333333334,50
post_phase12_module2_M2-B,M2-B,R052,موجودہ ڈالر کی اوپن مارکیٹ قیمت کیا ہے,NAT,,URDU,urdu_headline_body_rrf,33,109254,0.013333333333333334,50
post_phase12_module2_M2-B,M2-B,R052,موجودہ ڈالر کی اوپن مارکیٹ قیمت کیا ہے,NAT,,URDU,urdu_headline_body_rrf,34,40814,0.013157894736842105,50
post_phase12_module2_M2-B,M2-B,R052,موجودہ ڈالر کی اوپن مارکیٹ قیمت کیا ہے,NAT,,URDU,urdu_headline_body_rrf,35,72270,0.012987012987012988,50
post_phase12_module2_M2-B,M2-B,R052,موجودہ ڈالر کی اوپن مارکیٹ قیمت کیا ہے,NAT,,URDU,urdu_headline_body_rrf,36,65074,0.01282051282051282,50
post_phase12_module2_M2-B,M2-B,R052,موجودہ ڈالر کی اوپن مارکیٹ قیمت کیا ہے,NAT,,URDU,urdu_headline_body_rrf,37,72755,0.01282051282051282,50
post_phase12_module2_M2-B,M2-B,R052,موجودہ ڈالر کی اوپن مارکیٹ قیمت کیا ہے,NAT,,URDU,urdu_headline_body_rrf,38,1484,0.012658227848101266,50
post_phase12_module2_M2-B,M2-B,R052,موجودہ ڈالر کی اوپن مارکیٹ قیمت کیا ہے,NAT,,URDU,urdu_headline_body_rrf,39,71737,0.0125,50
post_phase12_module2_M2-B,M2-B,R052,موجودہ ڈالر کی اوپن مارکیٹ قیمت کیا ہے,NAT,,URDU,urdu_headline_body_rrf,40,65714,0.012345679012345678,50
post_phase12_module2_M2-B,M2-B,R052,موجودہ ڈالر کی اوپن مارکیٹ قیمت کیا ہے,NAT,,URDU,urdu_headline_body_rrf,41,110491,0.012195121951219513,50
post_phase12_module2_M2-B,M2-B,R052,موجودہ ڈالر کی اوپن مارکیٹ قیمت کیا ہے,NAT,,URDU,urdu_headline_body_rrf,42,64975,0.012048192771084338,50
post_phase12_module2_M2-B,M2-B,R052,موجودہ ڈالر کی اوپن مارکیٹ قیمت کیا ہے,NAT,,URDU,urdu_headline_body_rrf,43,111659,0.012048192771084338,50
post_phase12_module2_M2-B,M2-B,R052,موجودہ ڈالر کی اوپن مارکیٹ قیمت کیا ہے,NAT,,URDU,urdu_headline_body_rrf,44,77192,0.011904761904761904,50
post_phase12_module2_M2-B,M2-B,R052,موجودہ ڈالر کی اوپن مارکیٹ قیمت کیا ہے,NAT,,URDU,urdu_headline_body_rrf,45,111668,0.011904761904761904,50
post_phase12_module2_M2-B,M2-B,R052,موجودہ ڈالر کی اوپن مارکیٹ قیمت کیا ہے,NAT,,URDU,urdu_headline_body_rrf,46,64626,0.011764705882352941,50
post_phase12_module2_M2-B,M2-B,R052,موجودہ ڈالر کی اوپن مارکیٹ قیمت کیا ہے,NAT,,URDU,urdu_headline_body_rrf,47,76468,0.011764705882352941,50
post_phase12_module2_M2-B,M2-B,R052,موجودہ ڈالر کی اوپن مارکیٹ قیمت کیا ہے,NAT,,URDU,urdu_headline_body_rrf,48,65536,0.011627906976744186,50
post_phase12_module2_M2-B,M2-B,R052,موجودہ ڈالر کی اوپن مارکیٹ قیمت کیا ہے,NAT,,URDU,urdu_headline_body_rrf,49,76575,0.011627906976744186,50
post_phase12_module2_M2-B,M2-B,R052,موجودہ ڈالر کی اوپن مارکیٹ قیمت کیا ہے,NAT,,URDU,urdu_headline_body_rrf,50,64786,0.011494252873563218,50
post_phase12_module2_M2-B,M2-B,R053,پٹرول ki qeemat mein kal kya tabdeeli hui,NAT,,MIXED,urdu_headline_body_rrf,1,75208,0.031754032258064516,50
post_phase12_module2_M2-B,M2-B,R053,پٹرول ki qeemat mein kal kya tabdeeli hui,NAT,,MIXED,urdu_headline_body_rrf,2,76343,0.028404512489927477,50
post_phase12_module2_M2-B,M2-B,R053,پٹرول ki qeemat mein kal kya tabdeeli hui,NAT,,MIXED,urdu_headline_body_rrf,3,41109,0.02797067901234568,50
post_phase12_module2_M2-B,M2-B,R053,پٹرول ki qeemat mein kal kya tabdeeli hui,NAT,,MIXED,urdu_headline_body_rrf,4,75050,0.026625704045058884,50
post_phase12_module2_M2-B,M2-B,R053,پٹرول ki qeemat mein kal kya tabdeeli hui,NAT,,MIXED,urdu_headline_body_rrf,5,75533,0.025645240835114255,50
post_phase12_module2_M2-B,M2-B,R053,پٹرول ki qeemat mein kal kya tabdeeli hui,NAT,,MIXED,urdu_headline_body_rrf,6,75039,0.02548435171385991,50
post_phase12_module2_M2-B,M2-B,R053,پٹرول ki qeemat mein kal kya tabdeeli hui,NAT,,MIXED,urdu_headline_body_rrf,7,73357,0.02470238095238095,50
post_phase12_module2_M2-B,M2-B,R053,پٹرول ki qeemat mein kal kya tabdeeli hui,NAT,,MIXED,urdu_headline_body_rrf,8,75055,0.02426470588235294,50
post_phase12_module2_M2-B,M2-B,R053,پٹرول ki qeemat mein kal kya tabdeeli hui,NAT,,MIXED,urdu_headline_body_rrf,9,75065,0.02340736800106397,50
post_phase12_module2_M2-B,M2-B,R053,پٹرول ki qeemat mein kal kya tabdeeli hui,NAT,,MIXED,urdu_headline_body_rrf,10,61030,0.023137254901960787,50
post_phase12_module2_M2-B,M2-B,R053,پٹرول ki qeemat mein kal kya tabdeeli hui,NAT,,MIXED,urdu_headline_body_rrf,11,75036,0.02115171650055371,50
post_phase12_module2_M2-B,M2-B,R053,پٹرول ki qeemat mein kal kya tabdeeli hui,NAT,,MIXED,urdu_headline_body_rrf,12,76334,0.020101010101010102,50
post_phase12_module2_M2-B,M2-B,R053,پٹرول ki qeemat mein kal kya tabdeeli hui,NAT,,MIXED,urdu_headline_body_rrf,13,38475,0.01639344262295082,50
post_phase12_module2_M2-B,M2-B,R053,پٹرول ki qeemat mein kal kya tabdeeli hui,NAT,,MIXED,urdu_headline_body_rrf,14,78276,0.016129032258064516,50
post_phase12_module2_M2-B,M2-B,R053,پٹرول ki qeemat mein kal kya tabdeeli hui,NAT,,MIXED,urdu_headline_body_rrf,15,77577,0.015873015873015872,50
post_phase12_module2_M2-B,M2-B,R053,پٹرول ki qeemat mein kal kya tabdeeli hui,NAT,,MIXED,urdu_headline_body_rrf,16,17585,0.015384615384615385,50
post_phase12_module2_M2-B,M2-B,R053,پٹرول ki qeemat mein kal kya tabdeeli hui,NAT,,MIXED,urdu_headline_body_rrf,17,75063,0.015384615384615385,50
post_phase12_module2_M2-B,M2-B,R053,پٹرول ki qeemat mein kal kya tabdeeli hui,NAT,,MIXED,urdu_headline_body_rrf,18,74977,0.015151515151515152,50
post_phase12_module2_M2-B,M2-B,R053,پٹرول ki qeemat mein kal kya tabdeeli hui,NAT,,MIXED,urdu_headline_body_rrf,19,75103,0.015151515151515152,50
post_phase12_module2_M2-B,M2-B,R053,پٹرول ki qeemat mein kal kya tabdeeli hui,NAT,,MIXED,urdu_headline_body_rrf,20,63468,0.014925373134328358,50
post_phase12_module2_M2-B,M2-B,R053,پٹرول ki qeemat mein kal kya tabdeeli hui,NAT,,MIXED,urdu_headline_body_rrf,21,78275,0.014925373134328358,50
post_phase12_module2_M2-B,M2-B,R053,پٹرول ki qeemat mein kal kya tabdeeli hui,NAT,,MIXED,urdu_headline_body_rrf,22,41073,0.014705882352941176,50
post_phase12_module2_M2-B,M2-B,R053,پٹرول ki qeemat mein kal kya tabdeeli hui,NAT,,MIXED,urdu_headline_body_rrf,23,72469,0.014492753623188406,50
post_phase12_module2_M2-B,M2-B,R053,پٹرول ki qeemat mein kal kya tabdeeli hui,NAT,,MIXED,urdu_headline_body_rrf,24,110678,0.014492753623188406,50
post_phase12_module2_M2-B,M2-B,R053,پٹرول ki qeemat mein kal kya tabdeeli hui,NAT,,MIXED,urdu_headline_body_rrf,25,41091,0.014285714285714285,50
post_phase12_module2_M2-B,M2-B,R053,پٹرول ki qeemat mein kal kya tabdeeli hui,NAT,,MIXED,urdu_headline_body_rrf,26,75031,0.014084507042253521,50
post_phase12_module2_M2-B,M2-B,R053,پٹرول ki qeemat mein kal kya tabdeeli hui,NAT,,MIXED,urdu_headline_body_rrf,27,78101,0.014084507042253521,50
post_phase12_module2_M2-B,M2-B,R053,پٹرول ki qeemat mein kal kya tabdeeli hui,NAT,,MIXED,urdu_headline_body_rrf,28,75058,0.013888888888888888,50
post_phase12_module2_M2-B,M2-B,R053,پٹرول ki qeemat mein kal kya tabdeeli hui,NAT,,MIXED,urdu_headline_body_rrf,29,78081,0.013888888888888888,50
post_phase12_module2_M2-B,M2-B,R053,پٹرول ki qeemat mein kal kya tabdeeli hui,NAT,,MIXED,urdu_headline_body_rrf,30,74134,0.013513513513513514,50
post_phase12_module2_M2-B,M2-B,R053,پٹرول ki qeemat mein kal kya tabdeeli hui,NAT,,MIXED,urdu_headline_body_rrf,31,75045,0.013513513513513514,50
post_phase12_module2_M2-B,M2-B,R053,پٹرول ki qeemat mein kal kya tabdeeli hui,NAT,,MIXED,urdu_headline_body_rrf,32,74127,0.013333333333333334,50
post_phase12_module2_M2-B,M2-B,R053,پٹرول ki qeemat mein kal kya tabdeeli hui,NAT,,MIXED,urdu_headline_body_rrf,33,60699,0.013157894736842105,50
post_phase12_module2_M2-B,M2-B,R053,پٹرول ki qeemat mein kal kya tabdeeli hui,NAT,,MIXED,urdu_headline_body_rrf,34,61028,0.013157894736842105,50
post_phase12_module2_M2-B,M2-B,R053,پٹرول ki qeemat mein kal kya tabdeeli hui,NAT,,MIXED,urdu_headline_body_rrf,35,61617,0.012987012987012988,50
post_phase12_module2_M2-B,M2-B,R053,پٹرول ki qeemat mein kal kya tabdeeli hui,NAT,,MIXED,urdu_headline_body_rrf,36,39280,0.01282051282051282,50
post_phase12_module2_M2-B,M2-B,R053,پٹرول ki qeemat mein kal kya tabdeeli hui,NAT,,MIXED,urdu_headline_body_rrf,37,39587,0.01282051282051282,50
post_phase12_module2_M2-B,M2-B,R053,پٹرول ki qeemat mein kal kya tabdeeli hui,NAT,,MIXED,urdu_headline_body_rrf,38,40501,0.012658227848101266,50
post_phase12_module2_M2-B,M2-B,R053,پٹرول ki qeemat mein kal kya tabdeeli hui,NAT,,MIXED,urdu_headline_body_rrf,39,75059,0.0125,50
post_phase12_module2_M2-B,M2-B,R053,پٹرول ki qeemat mein kal kya tabdeeli hui,NAT,,MIXED,urdu_headline_body_rrf,40,77651,0.012345679012345678,50
post_phase12_module2_M2-B,M2-B,R053,پٹرول ki qeemat mein kal kya tabdeeli hui,NAT,,MIXED,urdu_headline_body_rrf,41,61103,0.012195121951219513,50
post_phase12_module2_M2-B,M2-B,R053,پٹرول ki qeemat mein kal kya tabdeeli hui,NAT,,MIXED,urdu_headline_body_rrf,42,75041,0.012195121951219513,50
post_phase12_module2_M2-B,M2-B,R053,پٹرول ki qeemat mein kal kya tabdeeli hui,NAT,,MIXED,urdu_headline_body_rrf,43,75056,0.012048192771084338,50
post_phase12_module2_M2-B,M2-B,R053,پٹرول ki qeemat mein kal kya tabdeeli hui,NAT,,MIXED,urdu_headline_body_rrf,44,76124,0.012048192771084338,50
post_phase12_module2_M2-B,M2-B,R053,پٹرول ki qeemat mein kal kya tabdeeli hui,NAT,,MIXED,urdu_headline_body_rrf,45,38457,0.011904761904761904,50
post_phase12_module2_M2-B,M2-B,R053,پٹرول ki qeemat mein kal kya tabdeeli hui,NAT,,MIXED,urdu_headline_body_rrf,46,74403,0.011904761904761904,50
post_phase12_module2_M2-B,M2-B,R053,پٹرول ki qeemat mein kal kya tabdeeli hui,NAT,,MIXED,urdu_headline_body_rrf,47,39314,0.011764705882352941,50
post_phase12_module2_M2-B,M2-B,R053,پٹرول ki qeemat mein kal kya tabdeeli hui,NAT,,MIXED,urdu_headline_body_rrf,48,61051,0.011627906976744186,50
post_phase12_module2_M2-B,M2-B,R053,پٹرول ki qeemat mein kal kya tabdeeli hui,NAT,,MIXED,urdu_headline_body_rrf,49,74994,0.011494252873563218,50
post_phase12_module2_M2-B,M2-B,R053,پٹرول ki qeemat mein kal kya tabdeeli hui,NAT,,MIXED,urdu_headline_body_rrf,50,76270,0.011494252873563218,50
post_phase12_module2_M2-B,M2-B,R054,Pakistan mein mehngai kam kyun nahi ho rahi aur aam admi par asar kya hai,NAT,,ROMAN,roman_headline_body_rrf_method_D,1,74658,0.025342039800995024,50
post_phase12_module2_M2-B,M2-B,R054,Pakistan mein mehngai kam kyun nahi ho rahi aur aam admi par asar kya hai,NAT,,ROMAN,roman_headline_body_rrf_method_D,2,101547,0.023684210526315787,50
post_phase12_module2_M2-B,M2-B,R054,Pakistan mein mehngai kam kyun nahi ho rahi aur aam admi par asar kya hai,NAT,,ROMAN,roman_headline_body_rrf_method_D,3,48092,0.0221001221001221,50
post_phase12_module2_M2-B,M2-B,R054,Pakistan mein mehngai kam kyun nahi ho rahi aur aam admi par asar kya hai,NAT,,ROMAN,roman_headline_body_rrf_method_D,4,73822,0.01639344262295082,50
post_phase12_module2_M2-B,M2-B,R054,Pakistan mein mehngai kam kyun nahi ho rahi aur aam admi par asar kya hai,NAT,,ROMAN,roman_headline_body_rrf_method_D,5,111342,0.01639344262295082,50
post_phase12_module2_M2-B,M2-B,R054,Pakistan mein mehngai kam kyun nahi ho rahi aur aam admi par asar kya hai,NAT,,ROMAN,roman_headline_body_rrf_method_D,6,72079,0.016129032258064516,50
post_phase12_module2_M2-B,M2-B,R054,Pakistan mein mehngai kam kyun nahi ho rahi aur aam admi par asar kya hai,NAT,,ROMAN,roman_headline_body_rrf_method_D,7,74123,0.016129032258064516,50
post_phase12_module2_M2-B,M2-B,R054,Pakistan mein mehngai kam kyun nahi ho rahi aur aam admi par asar kya hai,NAT,,ROMAN,roman_headline_body_rrf_method_D,8,34407,0.015873015873015872,50
post_phase12_module2_M2-B,M2-B,R054,Pakistan mein mehngai kam kyun nahi ho rahi aur aam admi par asar kya hai,NAT,,ROMAN,roman_headline_body_rrf_method_D,9,72719,0.015873015873015872,50
post_phase12_module2_M2-B,M2-B,R054,Pakistan mein mehngai kam kyun nahi ho rahi aur aam admi par asar kya hai,NAT,,ROMAN,roman_headline_body_rrf_method_D,10,60587,0.015625,50
post_phase12_module2_M2-B,M2-B,R054,Pakistan mein mehngai kam kyun nahi ho rahi aur aam admi par asar kya hai,NAT,,ROMAN,roman_headline_body_rrf_method_D,11,64283,0.015625,50
post_phase12_module2_M2-B,M2-B,R054,Pakistan mein mehngai kam kyun nahi ho rahi aur aam admi par asar kya hai,NAT,,ROMAN,roman_headline_body_rrf_method_D,12,74564,0.015384615384615385,50
post_phase12_module2_M2-B,M2-B,R054,Pakistan mein mehngai kam kyun nahi ho rahi aur aam admi par asar kya hai,NAT,,ROMAN,roman_headline_body_rrf_method_D,13,111053,0.015384615384615385,50
post_phase12_module2_M2-B,M2-B,R054,Pakistan mein mehngai kam kyun nahi ho rahi aur aam admi par asar kya hai,NAT,,ROMAN,roman_headline_body_rrf_method_D,14,39099,0.015151515151515152,50
post_phase12_module2_M2-B,M2-B,R054,Pakistan mein mehngai kam kyun nahi ho rahi aur aam admi par asar kya hai,NAT,,ROMAN,roman_headline_body_rrf_method_D,15,109441,0.015151515151515152,50
post_phase12_module2_M2-B,M2-B,R054,Pakistan mein mehngai kam kyun nahi ho rahi aur aam admi par asar kya hai,NAT,,ROMAN,roman_headline_body_rrf_method_D,16,75515,0.014925373134328358,50
post_phase12_module2_M2-B,M2-B,R054,Pakistan mein mehngai kam kyun nahi ho rahi aur aam admi par asar kya hai,NAT,,ROMAN,roman_headline_body_rrf_method_D,17,75338,0.014705882352941176,50
post_phase12_module2_M2-B,M2-B,R054,Pakistan mein mehngai kam kyun nahi ho rahi aur aam admi par asar kya hai,NAT,,ROMAN,roman_headline_body_rrf_method_D,18,109178,0.014705882352941176,50
post_phase12_module2_M2-B,M2-B,R054,Pakistan mein mehngai kam kyun nahi ho rahi aur aam admi par asar kya hai,NAT,,ROMAN,roman_headline_body_rrf_method_D,19,39536,0.014492753623188406,50
post_phase12_module2_M2-B,M2-B,R054,Pakistan mein mehngai kam kyun nahi ho rahi aur aam admi par asar kya hai,NAT,,ROMAN,roman_headline_body_rrf_method_D,20,111755,0.014492753623188406,50
post_phase12_module2_M2-B,M2-B,R054,Pakistan mein mehngai kam kyun nahi ho rahi aur aam admi par asar kya hai,NAT,,ROMAN,roman_headline_body_rrf_method_D,21,63943,0.014285714285714285,50
post_phase12_module2_M2-B,M2-B,R054,Pakistan mein mehngai kam kyun nahi ho rahi aur aam admi par asar kya hai,NAT,,ROMAN,roman_headline_body_rrf_method_D,22,101309,0.014285714285714285,50
post_phase12_module2_M2-B,M2-B,R054,Pakistan mein mehngai kam kyun nahi ho rahi aur aam admi par asar kya hai,NAT,,ROMAN,roman_headline_body_rrf_method_D,23,48389,0.014084507042253521,50
post_phase12_module2_M2-B,M2-B,R054,Pakistan mein mehngai kam kyun nahi ho rahi aur aam admi par asar kya hai,NAT,,ROMAN,roman_headline_body_rrf_method_D,24,71150,0.014084507042253521,50
post_phase12_module2_M2-B,M2-B,R054,Pakistan mein mehngai kam kyun nahi ho rahi aur aam admi par asar kya hai,NAT,,ROMAN,roman_headline_body_rrf_method_D,25,226,0.013888888888888888,50
post_phase12_module2_M2-B,M2-B,R054,Pakistan mein mehngai kam kyun nahi ho rahi aur aam admi par asar kya hai,NAT,,ROMAN,roman_headline_body_rrf_method_D,26,50976,0.013888888888888888,50
post_phase12_module2_M2-B,M2-B,R054,Pakistan mein mehngai kam kyun nahi ho rahi aur aam admi par asar kya hai,NAT,,ROMAN,roman_headline_body_rrf_method_D,27,109376,0.0136986301369863,50
post_phase12_module2_M2-B,M2-B,R054,Pakistan mein mehngai kam kyun nahi ho rahi aur aam admi par asar kya hai,NAT,,ROMAN,roman_headline_body_rrf_method_D,28,109517,0.0136986301369863,50
post_phase12_module2_M2-B,M2-B,R054,Pakistan mein mehngai kam kyun nahi ho rahi aur aam admi par asar kya hai,NAT,,ROMAN,roman_headline_body_rrf_method_D,29,50165,0.013513513513513514,50
post_phase12_module2_M2-B,M2-B,R054,Pakistan mein mehngai kam kyun nahi ho rahi aur aam admi par asar kya hai,NAT,,ROMAN,roman_headline_body_rrf_method_D,30,89601,0.013513513513513514,50
post_phase12_module2_M2-B,M2-B,R054,Pakistan mein mehngai kam kyun nahi ho rahi aur aam admi par asar kya hai,NAT,,ROMAN,roman_headline_body_rrf_method_D,31,71995,0.013333333333333334,50
post_phase12_module2_M2-B,M2-B,R054,Pakistan mein mehngai kam kyun nahi ho rahi aur aam admi par asar kya hai,NAT,,ROMAN,roman_headline_body_rrf_method_D,32,86306,0.013333333333333334,50
post_phase12_module2_M2-B,M2-B,R054,Pakistan mein mehngai kam kyun nahi ho rahi aur aam admi par asar kya hai,NAT,,ROMAN,roman_headline_body_rrf_method_D,33,75221,0.013157894736842105,50
post_phase12_module2_M2-B,M2-B,R054,Pakistan mein mehngai kam kyun nahi ho rahi aur aam admi par asar kya hai,NAT,,ROMAN,roman_headline_body_rrf_method_D,34,73410,0.012987012987012988,50
post_phase12_module2_M2-B,M2-B,R054,Pakistan mein mehngai kam kyun nahi ho rahi aur aam admi par asar kya hai,NAT,,ROMAN,roman_headline_body_rrf_method_D,35,109027,0.012987012987012988,50
post_phase12_module2_M2-B,M2-B,R054,Pakistan mein mehngai kam kyun nahi ho rahi aur aam admi par asar kya hai,NAT,,ROMAN,roman_headline_body_rrf_method_D,36,442,0.01282051282051282,50
post_phase12_module2_M2-B,M2-B,R054,Pakistan mein mehngai kam kyun nahi ho rahi aur aam admi par asar kya hai,NAT,,ROMAN,roman_headline_body_rrf_method_D,37,74033,0.01282051282051282,50
post_phase12_module2_M2-B,M2-B,R054,Pakistan mein mehngai kam kyun nahi ho rahi aur aam admi par asar kya hai,NAT,,ROMAN,roman_headline_body_rrf_method_D,38,13543,0.012658227848101266,50
post_phase12_module2_M2-B,M2-B,R054,Pakistan mein mehngai kam kyun nahi ho rahi aur aam admi par asar kya hai,NAT,,ROMAN,roman_headline_body_rrf_method_D,39,74400,0.012658227848101266,50
post_phase12_module2_M2-B,M2-B,R054,Pakistan mein mehngai kam kyun nahi ho rahi aur aam admi par asar kya hai,NAT,,ROMAN,roman_headline_body_rrf_method_D,40,109772,0.0125,50
post_phase12_module2_M2-B,M2-B,R054,Pakistan mein mehngai kam kyun nahi ho rahi aur aam admi par asar kya hai,NAT,,ROMAN,roman_headline_body_rrf_method_D,41,110939,0.0125,50
post_phase12_module2_M2-B,M2-B,R054,Pakistan mein mehngai kam kyun nahi ho rahi aur aam admi par asar kya hai,NAT,,ROMAN,roman_headline_body_rrf_method_D,42,16502,0.012345679012345678,50
post_phase12_module2_M2-B,M2-B,R054,Pakistan mein mehngai kam kyun nahi ho rahi aur aam admi par asar kya hai,NAT,,ROMAN,roman_headline_body_rrf_method_D,43,74027,0.012345679012345678,50
post_phase12_module2_M2-B,M2-B,R054,Pakistan mein mehngai kam kyun nahi ho rahi aur aam admi par asar kya hai,NAT,,ROMAN,roman_headline_body_rrf_method_D,44,40690,0.012195121951219513,50
post_phase12_module2_M2-B,M2-B,R054,Pakistan mein mehngai kam kyun nahi ho rahi aur aam admi par asar kya hai,NAT,,ROMAN,roman_headline_body_rrf_method_D,45,63894,0.012195121951219513,50
post_phase12_module2_M2-B,M2-B,R054,Pakistan mein mehngai kam kyun nahi ho rahi aur aam admi par asar kya hai,NAT,,ROMAN,roman_headline_body_rrf_method_D,46,73251,0.012048192771084338,50
post_phase12_module2_M2-B,M2-B,R054,Pakistan mein mehngai kam kyun nahi ho rahi aur aam admi par asar kya hai,NAT,,ROMAN,roman_headline_body_rrf_method_D,47,75580,0.012048192771084338,50
post_phase12_module2_M2-B,M2-B,R054,Pakistan mein mehngai kam kyun nahi ho rahi aur aam admi par asar kya hai,NAT,,ROMAN,roman_headline_body_rrf_method_D,48,76189,0.011904761904761904,50
post_phase12_module2_M2-B,M2-B,R054,Pakistan mein mehngai kam kyun nahi ho rahi aur aam admi par asar kya hai,NAT,,ROMAN,roman_headline_body_rrf_method_D,49,110306,0.011904761904761904,50
post_phase12_module2_M2-B,M2-B,R054,Pakistan mein mehngai kam kyun nahi ho rahi aur aam admi par asar kya hai,NAT,,ROMAN,roman_headline_body_rrf_method_D,50,72067,0.011764705882352941,50
post_phase12_module2_M2-B,M2-B,R055,psl 2026 playoff schedule kab announce hoga,NAT,,ROMAN,roman_headline_body_rrf_method_D,1,18668,0.032266458495966696,50
post_phase12_module2_M2-B,M2-B,R055,psl 2026 playoff schedule kab announce hoga,NAT,,ROMAN,roman_headline_body_rrf_method_D,2,55132,0.03200204813108039,50
post_phase12_module2_M2-B,M2-B,R055,psl 2026 playoff schedule kab announce hoga,NAT,,ROMAN,roman_headline_body_rrf_method_D,3,84126,0.03177805800756621,50
post_phase12_module2_M2-B,M2-B,R055,psl 2026 playoff schedule kab announce hoga,NAT,,ROMAN,roman_headline_body_rrf_method_D,4,30560,0.031754032258064516,50
post_phase12_module2_M2-B,M2-B,R055,psl 2026 playoff schedule kab announce hoga,NAT,,ROMAN,roman_headline_body_rrf_method_D,5,26590,0.029418126757516764,50
post_phase12_module2_M2-B,M2-B,R055,psl 2026 playoff schedule kab announce hoga,NAT,,ROMAN,roman_headline_body_rrf_method_D,6,27820,0.029236022193768675,50
post_phase12_module2_M2-B,M2-B,R055,psl 2026 playoff schedule kab announce hoga,NAT,,ROMAN,roman_headline_body_rrf_method_D,7,47508,0.015625,50
post_phase12_module2_M2-B,M2-B,R055,psl 2026 playoff schedule kab announce hoga,NAT,,ROMAN,roman_headline_body_rrf_method_D,8,31206,0.015384615384615385,50
post_phase12_module2_M2-B,M2-B,R055,psl 2026 playoff schedule kab announce hoga,NAT,,ROMAN,roman_headline_body_rrf_method_D,9,24416,0.015151515151515152,50
post_phase12_module2_M2-B,M2-B,R055,psl 2026 playoff schedule kab announce hoga,NAT,,ROMAN,roman_headline_body_rrf_method_D,10,80876,0.014925373134328358,50
post_phase12_module2_M2-B,M2-B,R055,psl 2026 playoff schedule kab announce hoga,NAT,,ROMAN,roman_headline_body_rrf_method_D,11,53023,0.014705882352941176,50
post_phase12_module2_M2-B,M2-B,R055,psl 2026 playoff schedule kab announce hoga,NAT,,ROMAN,roman_headline_body_rrf_method_D,12,59763,0.014705882352941176,50
post_phase12_module2_M2-B,M2-B,R055,psl 2026 playoff schedule kab announce hoga,NAT,,ROMAN,roman_headline_body_rrf_method_D,13,74661,0.014492753623188406,50
post_phase12_module2_M2-B,M2-B,R055,psl 2026 playoff schedule kab announce hoga,NAT,,ROMAN,roman_headline_body_rrf_method_D,14,22422,0.014285714285714285,50
post_phase12_module2_M2-B,M2-B,R055,psl 2026 playoff schedule kab announce hoga,NAT,,ROMAN,roman_headline_body_rrf_method_D,15,33113,0.014285714285714285,50
post_phase12_module2_M2-B,M2-B,R055,psl 2026 playoff schedule kab announce hoga,NAT,,ROMAN,roman_headline_body_rrf_method_D,16,82927,0.014084507042253521,50
post_phase12_module2_M2-B,M2-B,R055,psl 2026 playoff schedule kab announce hoga,NAT,,ROMAN,roman_headline_body_rrf_method_D,17,23044,0.013888888888888888,50
post_phase12_module2_M2-B,M2-B,R055,psl 2026 playoff schedule kab announce hoga,NAT,,ROMAN,roman_headline_body_rrf_method_D,18,90442,0.013888888888888888,50
post_phase12_module2_M2-B,M2-B,R055,psl 2026 playoff schedule kab announce hoga,NAT,,ROMAN,roman_headline_body_rrf_method_D,19,55025,0.0136986301369863,50
post_phase12_module2_M2-B,M2-B,R055,psl 2026 playoff schedule kab announce hoga,NAT,,ROMAN,roman_headline_body_rrf_method_D,20,65642,0.0136986301369863,50
post_phase12_module2_M2-B,M2-B,R055,psl 2026 playoff schedule kab announce hoga,NAT,,ROMAN,roman_headline_body_rrf_method_D,21,28999,0.013513513513513514,50
post_phase12_module2_M2-B,M2-B,R055,psl 2026 playoff schedule kab announce hoga,NAT,,ROMAN,roman_headline_body_rrf_method_D,22,34496,0.013513513513513514,50
post_phase12_module2_M2-B,M2-B,R055,psl 2026 playoff schedule kab announce hoga,NAT,,ROMAN,roman_headline_body_rrf_method_D,23,39149,0.013333333333333334,50
post_phase12_module2_M2-B,M2-B,R055,psl 2026 playoff schedule kab announce hoga,NAT,,ROMAN,roman_headline_body_rrf_method_D,24,64302,0.013333333333333334,50
post_phase12_module2_M2-B,M2-B,R055,psl 2026 playoff schedule kab announce hoga,NAT,,ROMAN,roman_headline_body_rrf_method_D,25,24681,0.013157894736842105,50
post_phase12_module2_M2-B,M2-B,R055,psl 2026 playoff schedule kab announce hoga,NAT,,ROMAN,roman_headline_body_rrf_method_D,26,79464,0.013157894736842105,50
post_phase12_module2_M2-B,M2-B,R055,psl 2026 playoff schedule kab announce hoga,NAT,,ROMAN,roman_headline_body_rrf_method_D,27,1364,0.012987012987012988,50
post_phase12_module2_M2-B,M2-B,R055,psl 2026 playoff schedule kab announce hoga,NAT,,ROMAN,roman_headline_body_rrf_method_D,28,14762,0.012987012987012988,50
post_phase12_module2_M2-B,M2-B,R055,psl 2026 playoff schedule kab announce hoga,NAT,,ROMAN,roman_headline_body_rrf_method_D,29,3148,0.01282051282051282,50
post_phase12_module2_M2-B,M2-B,R055,psl 2026 playoff schedule kab announce hoga,NAT,,ROMAN,roman_headline_body_rrf_method_D,30,65678,0.01282051282051282,50
post_phase12_module2_M2-B,M2-B,R055,psl 2026 playoff schedule kab announce hoga,NAT,,ROMAN,roman_headline_body_rrf_method_D,31,27819,0.012658227848101266,50
post_phase12_module2_M2-B,M2-B,R055,psl 2026 playoff schedule kab announce hoga,NAT,,ROMAN,roman_headline_body_rrf_method_D,32,80865,0.012658227848101266,50
post_phase12_module2_M2-B,M2-B,R055,psl 2026 playoff schedule kab announce hoga,NAT,,ROMAN,roman_headline_body_rrf_method_D,33,25466,0.0125,50
post_phase12_module2_M2-B,M2-B,R055,psl 2026 playoff schedule kab announce hoga,NAT,,ROMAN,roman_headline_body_rrf_method_D,34,75762,0.0125,50
post_phase12_module2_M2-B,M2-B,R055,psl 2026 playoff schedule kab announce hoga,NAT,,ROMAN,roman_headline_body_rrf_method_D,35,2633,0.012345679012345678,50
post_phase12_module2_M2-B,M2-B,R055,psl 2026 playoff schedule kab announce hoga,NAT,,ROMAN,roman_headline_body_rrf_method_D,36,4093,0.012345679012345678,50
post_phase12_module2_M2-B,M2-B,R055,psl 2026 playoff schedule kab announce hoga,NAT,,ROMAN,roman_headline_body_rrf_method_D,37,13540,0.012195121951219513,50
post_phase12_module2_M2-B,M2-B,R055,psl 2026 playoff schedule kab announce hoga,NAT,,ROMAN,roman_headline_body_rrf_method_D,38,21388,0.012195121951219513,50
post_phase12_module2_M2-B,M2-B,R055,psl 2026 playoff schedule kab announce hoga,NAT,,ROMAN,roman_headline_body_rrf_method_D,39,4092,0.012048192771084338,50
post_phase12_module2_M2-B,M2-B,R055,psl 2026 playoff schedule kab announce hoga,NAT,,ROMAN,roman_headline_body_rrf_method_D,40,65069,0.012048192771084338,50
post_phase12_module2_M2-B,M2-B,R055,psl 2026 playoff schedule kab announce hoga,NAT,,ROMAN,roman_headline_body_rrf_method_D,41,1358,0.011904761904761904,50
post_phase12_module2_M2-B,M2-B,R055,psl 2026 playoff schedule kab announce hoga,NAT,,ROMAN,roman_headline_body_rrf_method_D,42,35358,0.011904761904761904,50
post_phase12_module2_M2-B,M2-B,R055,psl 2026 playoff schedule kab announce hoga,NAT,,ROMAN,roman_headline_body_rrf_method_D,43,24664,0.011764705882352941,50
post_phase12_module2_M2-B,M2-B,R055,psl 2026 playoff schedule kab announce hoga,NAT,,ROMAN,roman_headline_body_rrf_method_D,44,89425,0.011764705882352941,50
post_phase12_module2_M2-B,M2-B,R055,psl 2026 playoff schedule kab announce hoga,NAT,,ROMAN,roman_headline_body_rrf_method_D,45,3821,0.011627906976744186,50
post_phase12_module2_M2-B,M2-B,R055,psl 2026 playoff schedule kab announce hoga,NAT,,ROMAN,roman_headline_body_rrf_method_D,46,63763,0.011627906976744186,50
post_phase12_module2_M2-B,M2-B,R055,psl 2026 playoff schedule kab announce hoga,NAT,,ROMAN,roman_headline_body_rrf_method_D,47,1796,0.011494252873563218,50
post_phase12_module2_M2-B,M2-B,R055,psl 2026 playoff schedule kab announce hoga,NAT,,ROMAN,roman_headline_body_rrf_method_D,48,63893,0.011494252873563218,50
post_phase12_module2_M2-B,M2-B,R055,psl 2026 playoff schedule kab announce hoga,NAT,,ROMAN,roman_headline_body_rrf_method_D,49,26775,0.011363636363636364,50
post_phase12_module2_M2-B,M2-B,R055,psl 2026 playoff schedule kab announce hoga,NAT,,ROMAN,roman_headline_body_rrf_method_D,50,92246,0.011363636363636364,50
post_phase12_module2_M2-B,M2-B,R056,shaheen shah afridi ki bowling form ka kya haal hai,NAT,,ROMAN,roman_headline_body_rrf_method_D,1,42656,0.032266458495966696,50
post_phase12_module2_M2-B,M2-B,R056,shaheen shah afridi ki bowling form ka kya haal hai,NAT,,ROMAN,roman_headline_body_rrf_method_D,2,43214,0.03200204813108039,50
post_phase12_module2_M2-B,M2-B,R056,shaheen shah afridi ki bowling form ka kya haal hai,NAT,,ROMAN,roman_headline_body_rrf_method_D,3,24851,0.031754032258064516,50
post_phase12_module2_M2-B,M2-B,R056,shaheen shah afridi ki bowling form ka kya haal hai,NAT,,ROMAN,roman_headline_body_rrf_method_D,4,84596,0.03007688828584351,50
post_phase12_module2_M2-B,M2-B,R056,shaheen shah afridi ki bowling form ka kya haal hai,NAT,,ROMAN,roman_headline_body_rrf_method_D,5,81227,0.029273504273504274,50
post_phase12_module2_M2-B,M2-B,R056,shaheen shah afridi ki bowling form ka kya haal hai,NAT,,ROMAN,roman_headline_body_rrf_method_D,6,81735,0.02715098147128967,50
post_phase12_module2_M2-B,M2-B,R056,shaheen shah afridi ki bowling form ka kya haal hai,NAT,,ROMAN,roman_headline_body_rrf_method_D,7,44673,0.027051561365286855,50
post_phase12_module2_M2-B,M2-B,R056,shaheen shah afridi ki bowling form ka kya haal hai,NAT,,ROMAN,roman_headline_body_rrf_method_D,8,29135,0.02664576802507837,50
post_phase12_module2_M2-B,M2-B,R056,shaheen shah afridi ki bowling form ka kya haal hai,NAT,,ROMAN,roman_headline_body_rrf_method_D,9,84542,0.026137303556658397,50
post_phase12_module2_M2-B,M2-B,R056,shaheen shah afridi ki bowling form ka kya haal hai,NAT,,ROMAN,roman_headline_body_rrf_method_D,10,80972,0.024224945926459983,50
post_phase12_module2_M2-B,M2-B,R056,shaheen shah afridi ki bowling form ka kya haal hai,NAT,,ROMAN,roman_headline_body_rrf_method_D,11,82483,0.023735955056179776,50
post_phase12_module2_M2-B,M2-B,R056,shaheen shah afridi ki bowling form ka kya haal hai,NAT,,ROMAN,roman_headline_body_rrf_method_D,12,81051,0.023403679653679656,50
post_phase12_module2_M2-B,M2-B,R056,shaheen shah afridi ki bowling form ka kya haal hai,NAT,,ROMAN,roman_headline_body_rrf_method_D,13,43935,0.022961816305469555,50
post_phase12_module2_M2-B,M2-B,R056,shaheen shah afridi ki bowling form ka kya haal hai,NAT,,ROMAN,roman_headline_body_rrf_method_D,14,82544,0.018779756656674307,50
post_phase12_module2_M2-B,M2-B,R056,shaheen shah afridi ki bowling form ka kya haal hai,NAT,,ROMAN,roman_headline_body_rrf_method_D,15,80625,0.01639344262295082,50
post_phase12_module2_M2-B,M2-B,R056,shaheen shah afridi ki bowling form ka kya haal hai,NAT,,ROMAN,roman_headline_body_rrf_method_D,16,98120,0.015625,50
post_phase12_module2_M2-B,M2-B,R056,shaheen shah afridi ki bowling form ka kya haal hai,NAT,,ROMAN,roman_headline_body_rrf_method_D,17,53107,0.014925373134328358,50
post_phase12_module2_M2-B,M2-B,R056,shaheen shah afridi ki bowling form ka kya haal hai,NAT,,ROMAN,roman_headline_body_rrf_method_D,18,52092,0.014705882352941176,50
post_phase12_module2_M2-B,M2-B,R056,shaheen shah afridi ki bowling form ka kya haal hai,NAT,,ROMAN,roman_headline_body_rrf_method_D,19,41384,0.014492753623188406,50
post_phase12_module2_M2-B,M2-B,R056,shaheen shah afridi ki bowling form ka kya haal hai,NAT,,ROMAN,roman_headline_body_rrf_method_D,20,81748,0.014285714285714285,50
post_phase12_module2_M2-B,M2-B,R056,shaheen shah afridi ki bowling form ka kya haal hai,NAT,,ROMAN,roman_headline_body_rrf_method_D,21,82546,0.014285714285714285,50
post_phase12_module2_M2-B,M2-B,R056,shaheen shah afridi ki bowling form ka kya haal hai,NAT,,ROMAN,roman_headline_body_rrf_method_D,22,52569,0.014084507042253521,50
post_phase12_module2_M2-B,M2-B,R056,shaheen shah afridi ki bowling form ka kya haal hai,NAT,,ROMAN,roman_headline_body_rrf_method_D,23,99629,0.014084507042253521,50
post_phase12_module2_M2-B,M2-B,R056,shaheen shah afridi ki bowling form ka kya haal hai,NAT,,ROMAN,roman_headline_body_rrf_method_D,24,111206,0.013888888888888888,50
post_phase12_module2_M2-B,M2-B,R056,shaheen shah afridi ki bowling form ka kya haal hai,NAT,,ROMAN,roman_headline_body_rrf_method_D,25,41345,0.0136986301369863,50
post_phase12_module2_M2-B,M2-B,R056,shaheen shah afridi ki bowling form ka kya haal hai,NAT,,ROMAN,roman_headline_body_rrf_method_D,26,52269,0.013513513513513514,50
post_phase12_module2_M2-B,M2-B,R056,shaheen shah afridi ki bowling form ka kya haal hai,NAT,,ROMAN,roman_headline_body_rrf_method_D,27,54162,0.013513513513513514,50
post_phase12_module2_M2-B,M2-B,R056,shaheen shah afridi ki bowling form ka kya haal hai,NAT,,ROMAN,roman_headline_body_rrf_method_D,28,54585,0.013333333333333334,50
post_phase12_module2_M2-B,M2-B,R056,shaheen shah afridi ki bowling form ka kya haal hai,NAT,,ROMAN,roman_headline_body_rrf_method_D,29,84599,0.013333333333333334,50
post_phase12_module2_M2-B,M2-B,R056,shaheen shah afridi ki bowling form ka kya haal hai,NAT,,ROMAN,roman_headline_body_rrf_method_D,30,42776,0.013157894736842105,50
post_phase12_module2_M2-B,M2-B,R056,shaheen shah afridi ki bowling form ka kya haal hai,NAT,,ROMAN,roman_headline_body_rrf_method_D,31,84602,0.012987012987012988,50
post_phase12_module2_M2-B,M2-B,R056,shaheen shah afridi ki bowling form ka kya haal hai,NAT,,ROMAN,roman_headline_body_rrf_method_D,32,52121,0.01282051282051282,50
post_phase12_module2_M2-B,M2-B,R056,shaheen shah afridi ki bowling form ka kya haal hai,NAT,,ROMAN,roman_headline_body_rrf_method_D,33,53069,0.01282051282051282,50
post_phase12_module2_M2-B,M2-B,R056,shaheen shah afridi ki bowling form ka kya haal hai,NAT,,ROMAN,roman_headline_body_rrf_method_D,34,27217,0.012658227848101266,50
post_phase12_module2_M2-B,M2-B,R056,shaheen shah afridi ki bowling form ka kya haal hai,NAT,,ROMAN,roman_headline_body_rrf_method_D,35,37386,0.0125,50
post_phase12_module2_M2-B,M2-B,R056,shaheen shah afridi ki bowling form ka kya haal hai,NAT,,ROMAN,roman_headline_body_rrf_method_D,36,42659,0.012345679012345678,50
post_phase12_module2_M2-B,M2-B,R056,shaheen shah afridi ki bowling form ka kya haal hai,NAT,,ROMAN,roman_headline_body_rrf_method_D,37,51906,0.012195121951219513,50
post_phase12_module2_M2-B,M2-B,R056,shaheen shah afridi ki bowling form ka kya haal hai,NAT,,ROMAN,roman_headline_body_rrf_method_D,38,80802,0.012195121951219513,50
post_phase12_module2_M2-B,M2-B,R056,shaheen shah afridi ki bowling form ka kya haal hai,NAT,,ROMAN,roman_headline_body_rrf_method_D,39,42174,0.012048192771084338,50
post_phase12_module2_M2-B,M2-B,R056,shaheen shah afridi ki bowling form ka kya haal hai,NAT,,ROMAN,roman_headline_body_rrf_method_D,40,88688,0.012048192771084338,50
post_phase12_module2_M2-B,M2-B,R056,shaheen shah afridi ki bowling form ka kya haal hai,NAT,,ROMAN,roman_headline_body_rrf_method_D,41,1879,0.011904761904761904,50
post_phase12_module2_M2-B,M2-B,R056,shaheen shah afridi ki bowling form ka kya haal hai,NAT,,ROMAN,roman_headline_body_rrf_method_D,42,41782,0.011904761904761904,50
post_phase12_module2_M2-B,M2-B,R056,shaheen shah afridi ki bowling form ka kya haal hai,NAT,,ROMAN,roman_headline_body_rrf_method_D,43,29040,0.011764705882352941,50
post_phase12_module2_M2-B,M2-B,R056,shaheen shah afridi ki bowling form ka kya haal hai,NAT,,ROMAN,roman_headline_body_rrf_method_D,44,43034,0.011764705882352941,50
post_phase12_module2_M2-B,M2-B,R056,shaheen shah afridi ki bowling form ka kya haal hai,NAT,,ROMAN,roman_headline_body_rrf_method_D,45,52268,0.011627906976744186,50
post_phase12_module2_M2-B,M2-B,R056,shaheen shah afridi ki bowling form ka kya haal hai,NAT,,ROMAN,roman_headline_body_rrf_method_D,46,69932,0.011627906976744186,50
post_phase12_module2_M2-B,M2-B,R056,shaheen shah afridi ki bowling form ka kya haal hai,NAT,,ROMAN,roman_headline_body_rrf_method_D,47,111450,0.011494252873563218,50
post_phase12_module2_M2-B,M2-B,R056,shaheen shah afridi ki bowling form ka kya haal hai,NAT,,ROMAN,roman_headline_body_rrf_method_D,48,76475,0.011363636363636364,50
post_phase12_module2_M2-B,M2-B,R056,shaheen shah afridi ki bowling form ka kya haal hai,NAT,,ROMAN,roman_headline_body_rrf_method_D,49,81581,0.011363636363636364,50
post_phase12_module2_M2-B,M2-B,R056,shaheen shah afridi ki bowling form ka kya haal hai,NAT,,ROMAN,roman_headline_body_rrf_method_D,50,26989,0.011235955056179775,50
post_phase12_module2_M2-B,M2-B,R057,lahore se rawalpindi train ka kiraya kitna hai,NAT,,ROMAN,roman_headline_body_rrf_method_D,1,96989,0.03252247488101534,50
post_phase12_module2_M2-B,M2-B,R057,lahore se rawalpindi train ka kiraya kitna hai,NAT,,ROMAN,roman_headline_body_rrf_method_D,2,58670,0.027046783625730993,50
post_phase12_module2_M2-B,M2-B,R057,lahore se rawalpindi train ka kiraya kitna hai,NAT,,ROMAN,roman_headline_body_rrf_method_D,3,46461,0.022947475777664456,50
post_phase12_module2_M2-B,M2-B,R057,lahore se rawalpindi train ka kiraya kitna hai,NAT,,ROMAN,roman_headline_body_rrf_method_D,4,42348,0.02190385981529718,50
post_phase12_module2_M2-B,M2-B,R057,lahore se rawalpindi train ka kiraya kitna hai,NAT,,ROMAN,roman_headline_body_rrf_method_D,5,50863,0.01639344262295082,50
post_phase12_module2_M2-B,M2-B,R057,lahore se rawalpindi train ka kiraya kitna hai,NAT,,ROMAN,roman_headline_body_rrf_method_D,6,40707,0.016129032258064516,50
post_phase12_module2_M2-B,M2-B,R057,lahore se rawalpindi train ka kiraya kitna hai,NAT,,ROMAN,roman_headline_body_rrf_method_D,7,65656,0.015873015873015872,50
post_phase12_module2_M2-B,M2-B,R057,lahore se rawalpindi train ka kiraya kitna hai,NAT,,ROMAN,roman_headline_body_rrf_method_D,8,77406,0.015873015873015872,50
post_phase12_module2_M2-B,M2-B,R057,lahore se rawalpindi train ka kiraya kitna hai,NAT,,ROMAN,roman_headline_body_rrf_method_D,9,24810,0.015625,50
post_phase12_module2_M2-B,M2-B,R057,lahore se rawalpindi train ka kiraya kitna hai,NAT,,ROMAN,roman_headline_body_rrf_method_D,10,44405,0.015625,50
post_phase12_module2_M2-B,M2-B,R057,lahore se rawalpindi train ka kiraya kitna hai,NAT,,ROMAN,roman_headline_body_rrf_method_D,11,61154,0.015384615384615385,50
post_phase12_module2_M2-B,M2-B,R057,lahore se rawalpindi train ka kiraya kitna hai,NAT,,ROMAN,roman_headline_body_rrf_method_D,12,72749,0.015384615384615385,50
post_phase12_module2_M2-B,M2-B,R057,lahore se rawalpindi train ka kiraya kitna hai,NAT,,ROMAN,roman_headline_body_rrf_method_D,13,45817,0.015151515151515152,50
post_phase12_module2_M2-B,M2-B,R057,lahore se rawalpindi train ka kiraya kitna hai,NAT,,ROMAN,roman_headline_body_rrf_method_D,14,71638,0.015151515151515152,50
post_phase12_module2_M2-B,M2-B,R057,lahore se rawalpindi train ka kiraya kitna hai,NAT,,ROMAN,roman_headline_body_rrf_method_D,15,42975,0.014925373134328358,50
post_phase12_module2_M2-B,M2-B,R057,lahore se rawalpindi train ka kiraya kitna hai,NAT,,ROMAN,roman_headline_body_rrf_method_D,16,87804,0.014925373134328358,50
post_phase12_module2_M2-B,M2-B,R057,lahore se rawalpindi train ka kiraya kitna hai,NAT,,ROMAN,roman_headline_body_rrf_method_D,17,25522,0.014705882352941176,50
post_phase12_module2_M2-B,M2-B,R057,lahore se rawalpindi train ka kiraya kitna hai,NAT,,ROMAN,roman_headline_body_rrf_method_D,18,87674,0.014705882352941176,50
post_phase12_module2_M2-B,M2-B,R057,lahore se rawalpindi train ka kiraya kitna hai,NAT,,ROMAN,roman_headline_body_rrf_method_D,19,56914,0.014492753623188406,50
post_phase12_module2_M2-B,M2-B,R057,lahore se rawalpindi train ka kiraya kitna hai,NAT,,ROMAN,roman_headline_body_rrf_method_D,20,80567,0.014492753623188406,50
post_phase12_module2_M2-B,M2-B,R057,lahore se rawalpindi train ka kiraya kitna hai,NAT,,ROMAN,roman_headline_body_rrf_method_D,21,72988,0.014285714285714285,50
post_phase12_module2_M2-B,M2-B,R057,lahore se rawalpindi train ka kiraya kitna hai,NAT,,ROMAN,roman_headline_body_rrf_method_D,22,87683,0.014285714285714285,50
post_phase12_module2_M2-B,M2-B,R057,lahore se rawalpindi train ka kiraya kitna hai,NAT,,ROMAN,roman_headline_body_rrf_method_D,23,28807,0.014084507042253521,50
post_phase12_module2_M2-B,M2-B,R057,lahore se rawalpindi train ka kiraya kitna hai,NAT,,ROMAN,roman_headline_body_rrf_method_D,24,41817,0.014084507042253521,50
post_phase12_module2_M2-B,M2-B,R057,lahore se rawalpindi train ka kiraya kitna hai,NAT,,ROMAN,roman_headline_body_rrf_method_D,25,85405,0.013888888888888888,50
post_phase12_module2_M2-B,M2-B,R057,lahore se rawalpindi train ka kiraya kitna hai,NAT,,ROMAN,roman_headline_body_rrf_method_D,26,18624,0.0136986301369863,50
post_phase12_module2_M2-B,M2-B,R057,lahore se rawalpindi train ka kiraya kitna hai,NAT,,ROMAN,roman_headline_body_rrf_method_D,27,51879,0.0136986301369863,50
post_phase12_module2_M2-B,M2-B,R057,lahore se rawalpindi train ka kiraya kitna hai,NAT,,ROMAN,roman_headline_body_rrf_method_D,28,82649,0.013513513513513514,50
post_phase12_module2_M2-B,M2-B,R057,lahore se rawalpindi train ka kiraya kitna hai,NAT,,ROMAN,roman_headline_body_rrf_method_D,29,47144,0.013333333333333334,50
post_phase12_module2_M2-B,M2-B,R057,lahore se rawalpindi train ka kiraya kitna hai,NAT,,ROMAN,roman_headline_body_rrf_method_D,30,52546,0.013333333333333334,50
post_phase12_module2_M2-B,M2-B,R057,lahore se rawalpindi train ka kiraya kitna hai,NAT,,ROMAN,roman_headline_body_rrf_method_D,31,25499,0.013157894736842105,50
post_phase12_module2_M2-B,M2-B,R057,lahore se rawalpindi train ka kiraya kitna hai,NAT,,ROMAN,roman_headline_body_rrf_method_D,32,52596,0.012987012987012988,50
post_phase12_module2_M2-B,M2-B,R057,lahore se rawalpindi train ka kiraya kitna hai,NAT,,ROMAN,roman_headline_body_rrf_method_D,33,88156,0.012987012987012988,50
post_phase12_module2_M2-B,M2-B,R057,lahore se rawalpindi train ka kiraya kitna hai,NAT,,ROMAN,roman_headline_body_rrf_method_D,34,52427,0.01282051282051282,50
post_phase12_module2_M2-B,M2-B,R057,lahore se rawalpindi train ka kiraya kitna hai,NAT,,ROMAN,roman_headline_body_rrf_method_D,35,80610,0.01282051282051282,50
post_phase12_module2_M2-B,M2-B,R057,lahore se rawalpindi train ka kiraya kitna hai,NAT,,ROMAN,roman_headline_body_rrf_method_D,36,51918,0.012658227848101266,50
post_phase12_module2_M2-B,M2-B,R057,lahore se rawalpindi train ka kiraya kitna hai,NAT,,ROMAN,roman_headline_body_rrf_method_D,37,52323,0.012658227848101266,50
post_phase12_module2_M2-B,M2-B,R057,lahore se rawalpindi train ka kiraya kitna hai,NAT,,ROMAN,roman_headline_body_rrf_method_D,38,15178,0.0125,50
post_phase12_module2_M2-B,M2-B,R057,lahore se rawalpindi train ka kiraya kitna hai,NAT,,ROMAN,roman_headline_body_rrf_method_D,39,52278,0.0125,50
post_phase12_module2_M2-B,M2-B,R057,lahore se rawalpindi train ka kiraya kitna hai,NAT,,ROMAN,roman_headline_body_rrf_method_D,40,61832,0.012345679012345678,50
post_phase12_module2_M2-B,M2-B,R057,lahore se rawalpindi train ka kiraya kitna hai,NAT,,ROMAN,roman_headline_body_rrf_method_D,41,102554,0.012345679012345678,50
post_phase12_module2_M2-B,M2-B,R057,lahore se rawalpindi train ka kiraya kitna hai,NAT,,ROMAN,roman_headline_body_rrf_method_D,42,52446,0.012195121951219513,50
post_phase12_module2_M2-B,M2-B,R057,lahore se rawalpindi train ka kiraya kitna hai,NAT,,ROMAN,roman_headline_body_rrf_method_D,43,2810,0.012048192771084338,50
post_phase12_module2_M2-B,M2-B,R057,lahore se rawalpindi train ka kiraya kitna hai,NAT,,ROMAN,roman_headline_body_rrf_method_D,44,28372,0.012048192771084338,50
post_phase12_module2_M2-B,M2-B,R057,lahore se rawalpindi train ka kiraya kitna hai,NAT,,ROMAN,roman_headline_body_rrf_method_D,45,13305,0.011904761904761904,50
post_phase12_module2_M2-B,M2-B,R057,lahore se rawalpindi train ka kiraya kitna hai,NAT,,ROMAN,roman_headline_body_rrf_method_D,46,41075,0.011904761904761904,50
post_phase12_module2_M2-B,M2-B,R057,lahore se rawalpindi train ka kiraya kitna hai,NAT,,ROMAN,roman_headline_body_rrf_method_D,47,14475,0.011764705882352941,50
post_phase12_module2_M2-B,M2-B,R057,lahore se rawalpindi train ka kiraya kitna hai,NAT,,ROMAN,roman_headline_body_rrf_method_D,48,96956,0.011764705882352941,50
post_phase12_module2_M2-B,M2-B,R057,lahore se rawalpindi train ka kiraya kitna hai,NAT,,ROMAN,roman_headline_body_rrf_method_D,49,47638,0.011627906976744186,50
post_phase12_module2_M2-B,M2-B,R057,lahore se rawalpindi train ka kiraya kitna hai,NAT,,ROMAN,roman_headline_body_rrf_method_D,50,49912,0.011627906976744186,50
post_phase12_module2_M2-B,M2-B,R058,Pakistan mein mobile internet speed slow kyun rehti hai,NAT,,ROMAN,roman_headline_body_rrf_method_D,1,80347,0.031544957774465976,50
post_phase12_module2_M2-B,M2-B,R058,Pakistan mein mobile internet speed slow kyun rehti hai,NAT,,ROMAN,roman_headline_body_rrf_method_D,2,59513,0.03149801587301587,50
post_phase12_module2_M2-B,M2-B,R058,Pakistan mein mobile internet speed slow kyun rehti hai,NAT,,ROMAN,roman_headline_body_rrf_method_D,3,20356,0.031099324975891997,50
post_phase12_module2_M2-B,M2-B,R058,Pakistan mein mobile internet speed slow kyun rehti hai,NAT,,ROMAN,roman_headline_body_rrf_method_D,4,20831,0.030621785881252923,50
post_phase12_module2_M2-B,M2-B,R058,Pakistan mein mobile internet speed slow kyun rehti hai,NAT,,ROMAN,roman_headline_body_rrf_method_D,5,19998,0.030309988518943745,50
post_phase12_module2_M2-B,M2-B,R058,Pakistan mein mobile internet speed slow kyun rehti hai,NAT,,ROMAN,roman_headline_body_rrf_method_D,6,74761,0.029206349206349208,50
post_phase12_module2_M2-B,M2-B,R058,Pakistan mein mobile internet speed slow kyun rehti hai,NAT,,ROMAN,roman_headline_body_rrf_method_D,7,24460,0.02857142857142857,50
post_phase12_module2_M2-B,M2-B,R058,Pakistan mein mobile internet speed slow kyun rehti hai,NAT,,ROMAN,roman_headline_body_rrf_method_D,8,24136,0.0273972602739726,50
post_phase12_module2_M2-B,M2-B,R058,Pakistan mein mobile internet speed slow kyun rehti hai,NAT,,ROMAN,roman_headline_body_rrf_method_D,9,62774,0.027051561365286855,50
post_phase12_module2_M2-B,M2-B,R058,Pakistan mein mobile internet speed slow kyun rehti hai,NAT,,ROMAN,roman_headline_body_rrf_method_D,10,79364,0.025849212924606464,50
post_phase12_module2_M2-B,M2-B,R058,Pakistan mein mobile internet speed slow kyun rehti hai,NAT,,ROMAN,roman_headline_body_rrf_method_D,11,15772,0.025451688923802042,50
post_phase12_module2_M2-B,M2-B,R058,Pakistan mein mobile internet speed slow kyun rehti hai,NAT,,ROMAN,roman_headline_body_rrf_method_D,12,1853,0.02152889707575409,50
post_phase12_module2_M2-B,M2-B,R058,Pakistan mein mobile internet speed slow kyun rehti hai,NAT,,ROMAN,roman_headline_body_rrf_method_D,13,60311,0.019345794392523364,50
post_phase12_module2_M2-B,M2-B,R058,Pakistan mein mobile internet speed slow kyun rehti hai,NAT,,ROMAN,roman_headline_body_rrf_method_D,14,22099,0.016129032258064516,50
post_phase12_module2_M2-B,M2-B,R058,Pakistan mein mobile internet speed slow kyun rehti hai,NAT,,ROMAN,roman_headline_body_rrf_method_D,15,19895,0.015625,50
post_phase12_module2_M2-B,M2-B,R058,Pakistan mein mobile internet speed slow kyun rehti hai,NAT,,ROMAN,roman_headline_body_rrf_method_D,16,21868,0.015384615384615385,50
post_phase12_module2_M2-B,M2-B,R058,Pakistan mein mobile internet speed slow kyun rehti hai,NAT,,ROMAN,roman_headline_body_rrf_method_D,17,24422,0.015151515151515152,50
post_phase12_module2_M2-B,M2-B,R058,Pakistan mein mobile internet speed slow kyun rehti hai,NAT,,ROMAN,roman_headline_body_rrf_method_D,18,23208,0.014492753623188406,50
post_phase12_module2_M2-B,M2-B,R058,Pakistan mein mobile internet speed slow kyun rehti hai,NAT,,ROMAN,roman_headline_body_rrf_method_D,19,21184,0.014084507042253521,50
post_phase12_module2_M2-B,M2-B,R058,Pakistan mein mobile internet speed slow kyun rehti hai,NAT,,ROMAN,roman_headline_body_rrf_method_D,20,12356,0.013888888888888888,50
post_phase12_module2_M2-B,M2-B,R058,Pakistan mein mobile internet speed slow kyun rehti hai,NAT,,ROMAN,roman_headline_body_rrf_method_D,21,22825,0.013888888888888888,50
post_phase12_module2_M2-B,M2-B,R058,Pakistan mein mobile internet speed slow kyun rehti hai,NAT,,ROMAN,roman_headline_body_rrf_method_D,22,23270,0.013513513513513514,50
post_phase12_module2_M2-B,M2-B,R058,Pakistan mein mobile internet speed slow kyun rehti hai,NAT,,ROMAN,roman_headline_body_rrf_method_D,23,108915,0.013513513513513514,50
post_phase12_module2_M2-B,M2-B,R058,Pakistan mein mobile internet speed slow kyun rehti hai,NAT,,ROMAN,roman_headline_body_rrf_method_D,24,24186,0.013333333333333334,50
post_phase12_module2_M2-B,M2-B,R058,Pakistan mein mobile internet speed slow kyun rehti hai,NAT,,ROMAN,roman_headline_body_rrf_method_D,25,22019,0.013157894736842105,50
post_phase12_module2_M2-B,M2-B,R058,Pakistan mein mobile internet speed slow kyun rehti hai,NAT,,ROMAN,roman_headline_body_rrf_method_D,26,23662,0.013157894736842105,50
post_phase12_module2_M2-B,M2-B,R058,Pakistan mein mobile internet speed slow kyun rehti hai,NAT,,ROMAN,roman_headline_body_rrf_method_D,27,20426,0.012987012987012988,50
post_phase12_module2_M2-B,M2-B,R058,Pakistan mein mobile internet speed slow kyun rehti hai,NAT,,ROMAN,roman_headline_body_rrf_method_D,28,73903,0.012987012987012988,50
post_phase12_module2_M2-B,M2-B,R058,Pakistan mein mobile internet speed slow kyun rehti hai,NAT,,ROMAN,roman_headline_body_rrf_method_D,29,22049,0.01282051282051282,50
post_phase12_module2_M2-B,M2-B,R058,Pakistan mein mobile internet speed slow kyun rehti hai,NAT,,ROMAN,roman_headline_body_rrf_method_D,30,24162,0.01282051282051282,50
post_phase12_module2_M2-B,M2-B,R058,Pakistan mein mobile internet speed slow kyun rehti hai,NAT,,ROMAN,roman_headline_body_rrf_method_D,31,49257,0.012658227848101266,50
post_phase12_module2_M2-B,M2-B,R058,Pakistan mein mobile internet speed slow kyun rehti hai,NAT,,ROMAN,roman_headline_body_rrf_method_D,32,72219,0.012658227848101266,50
post_phase12_module2_M2-B,M2-B,R058,Pakistan mein mobile internet speed slow kyun rehti hai,NAT,,ROMAN,roman_headline_body_rrf_method_D,33,21880,0.0125,50
post_phase12_module2_M2-B,M2-B,R058,Pakistan mein mobile internet speed slow kyun rehti hai,NAT,,ROMAN,roman_headline_body_rrf_method_D,34,22688,0.0125,50
post_phase12_module2_M2-B,M2-B,R058,Pakistan mein mobile internet speed slow kyun rehti hai,NAT,,ROMAN,roman_headline_body_rrf_method_D,35,70344,0.012345679012345678,50
post_phase12_module2_M2-B,M2-B,R058,Pakistan mein mobile internet speed slow kyun rehti hai,NAT,,ROMAN,roman_headline_body_rrf_method_D,36,7924,0.012195121951219513,50
post_phase12_module2_M2-B,M2-B,R058,Pakistan mein mobile internet speed slow kyun rehti hai,NAT,,ROMAN,roman_headline_body_rrf_method_D,37,23229,0.012195121951219513,50
post_phase12_module2_M2-B,M2-B,R058,Pakistan mein mobile internet speed slow kyun rehti hai,NAT,,ROMAN,roman_headline_body_rrf_method_D,38,12287,0.012048192771084338,50
post_phase12_module2_M2-B,M2-B,R058,Pakistan mein mobile internet speed slow kyun rehti hai,NAT,,ROMAN,roman_headline_body_rrf_method_D,39,71945,0.012048192771084338,50
post_phase12_module2_M2-B,M2-B,R058,Pakistan mein mobile internet speed slow kyun rehti hai,NAT,,ROMAN,roman_headline_body_rrf_method_D,40,21112,0.011904761904761904,50
post_phase12_module2_M2-B,M2-B,R058,Pakistan mein mobile internet speed slow kyun rehti hai,NAT,,ROMAN,roman_headline_body_rrf_method_D,41,22452,0.011904761904761904,50
post_phase12_module2_M2-B,M2-B,R058,Pakistan mein mobile internet speed slow kyun rehti hai,NAT,,ROMAN,roman_headline_body_rrf_method_D,42,80257,0.011764705882352941,50
post_phase12_module2_M2-B,M2-B,R058,Pakistan mein mobile internet speed slow kyun rehti hai,NAT,,ROMAN,roman_headline_body_rrf_method_D,43,20233,0.011627906976744186,50
post_phase12_module2_M2-B,M2-B,R058,Pakistan mein mobile internet speed slow kyun rehti hai,NAT,,ROMAN,roman_headline_body_rrf_method_D,44,2599,0.011494252873563218,50
post_phase12_module2_M2-B,M2-B,R058,Pakistan mein mobile internet speed slow kyun rehti hai,NAT,,ROMAN,roman_headline_body_rrf_method_D,45,76595,0.011494252873563218,50
post_phase12_module2_M2-B,M2-B,R058,Pakistan mein mobile internet speed slow kyun rehti hai,NAT,,ROMAN,roman_headline_body_rrf_method_D,46,3505,0.011363636363636364,50
post_phase12_module2_M2-B,M2-B,R058,Pakistan mein mobile internet speed slow kyun rehti hai,NAT,,ROMAN,roman_headline_body_rrf_method_D,47,69698,0.011363636363636364,50
post_phase12_module2_M2-B,M2-B,R058,Pakistan mein mobile internet speed slow kyun rehti hai,NAT,,ROMAN,roman_headline_body_rrf_method_D,48,15315,0.011235955056179775,50
post_phase12_module2_M2-B,M2-B,R058,Pakistan mein mobile internet speed slow kyun rehti hai,NAT,,ROMAN,roman_headline_body_rrf_method_D,49,24522,0.011235955056179775,50
post_phase12_module2_M2-B,M2-B,R058,Pakistan mein mobile internet speed slow kyun rehti hai,NAT,,ROMAN,roman_headline_body_rrf_method_D,50,21958,0.011111111111111112,50
post_phase12_module2_M2-B,M2-B,R059,netflix Pakistan subscription price,NAT,,ROMAN,roman_headline_body_rrf_method_D,1,199,0.025816993464052286,50
post_phase12_module2_M2-B,M2-B,R059,netflix Pakistan subscription price,NAT,,ROMAN,roman_headline_body_rrf_method_D,2,246,0.01639344262295082,50
post_phase12_module2_M2-B,M2-B,R059,netflix Pakistan subscription price,NAT,,ROMAN,roman_headline_body_rrf_method_D,3,61386,0.01639344262295082,50
post_phase12_module2_M2-B,M2-B,R059,netflix Pakistan subscription price,NAT,,ROMAN,roman_headline_body_rrf_method_D,4,71940,0.016129032258064516,50
post_phase12_module2_M2-B,M2-B,R059,netflix Pakistan subscription price,NAT,,ROMAN,roman_headline_body_rrf_method_D,5,109494,0.016129032258064516,50
post_phase12_module2_M2-B,M2-B,R059,netflix Pakistan subscription price,NAT,,ROMAN,roman_headline_body_rrf_method_D,6,34169,0.015873015873015872,50
post_phase12_module2_M2-B,M2-B,R059,netflix Pakistan subscription price,NAT,,ROMAN,roman_headline_body_rrf_method_D,7,109592,0.015873015873015872,50
post_phase12_module2_M2-B,M2-B,R059,netflix Pakistan subscription price,NAT,,ROMAN,roman_headline_body_rrf_method_D,8,65152,0.015625,50
post_phase12_module2_M2-B,M2-B,R059,netflix Pakistan subscription price,NAT,,ROMAN,roman_headline_body_rrf_method_D,9,70110,0.015625,50
post_phase12_module2_M2-B,M2-B,R059,netflix Pakistan subscription price,NAT,,ROMAN,roman_headline_body_rrf_method_D,10,63046,0.015384615384615385,50
post_phase12_module2_M2-B,M2-B,R059,netflix Pakistan subscription price,NAT,,ROMAN,roman_headline_body_rrf_method_D,11,73753,0.015384615384615385,50
post_phase12_module2_M2-B,M2-B,R059,netflix Pakistan subscription price,NAT,,ROMAN,roman_headline_body_rrf_method_D,12,61885,0.015151515151515152,50
post_phase12_module2_M2-B,M2-B,R059,netflix Pakistan subscription price,NAT,,ROMAN,roman_headline_body_rrf_method_D,13,70411,0.015151515151515152,50
post_phase12_module2_M2-B,M2-B,R059,netflix Pakistan subscription price,NAT,,ROMAN,roman_headline_body_rrf_method_D,14,38443,0.014925373134328358,50
post_phase12_module2_M2-B,M2-B,R059,netflix Pakistan subscription price,NAT,,ROMAN,roman_headline_body_rrf_method_D,15,70063,0.014925373134328358,50
post_phase12_module2_M2-B,M2-B,R059,netflix Pakistan subscription price,NAT,,ROMAN,roman_headline_body_rrf_method_D,16,110731,0.014705882352941176,50
post_phase12_module2_M2-B,M2-B,R059,netflix Pakistan subscription price,NAT,,ROMAN,roman_headline_body_rrf_method_D,17,64789,0.014492753623188406,50
post_phase12_module2_M2-B,M2-B,R059,netflix Pakistan subscription price,NAT,,ROMAN,roman_headline_body_rrf_method_D,18,108958,0.014492753623188406,50
post_phase12_module2_M2-B,M2-B,R059,netflix Pakistan subscription price,NAT,,ROMAN,roman_headline_body_rrf_method_D,19,60543,0.014285714285714285,50
post_phase12_module2_M2-B,M2-B,R059,netflix Pakistan subscription price,NAT,,ROMAN,roman_headline_body_rrf_method_D,20,62724,0.014285714285714285,50
post_phase12_module2_M2-B,M2-B,R059,netflix Pakistan subscription price,NAT,,ROMAN,roman_headline_body_rrf_method_D,21,64016,0.014084507042253521,50
post_phase12_module2_M2-B,M2-B,R059,netflix Pakistan subscription price,NAT,,ROMAN,roman_headline_body_rrf_method_D,22,70058,0.014084507042253521,50
post_phase12_module2_M2-B,M2-B,R059,netflix Pakistan subscription price,NAT,,ROMAN,roman_headline_body_rrf_method_D,23,72545,0.013888888888888888,50
post_phase12_module2_M2-B,M2-B,R059,netflix Pakistan subscription price,NAT,,ROMAN,roman_headline_body_rrf_method_D,24,109050,0.013888888888888888,50
post_phase12_module2_M2-B,M2-B,R059,netflix Pakistan subscription price,NAT,,ROMAN,roman_headline_body_rrf_method_D,25,73384,0.0136986301369863,50
post_phase12_module2_M2-B,M2-B,R059,netflix Pakistan subscription price,NAT,,ROMAN,roman_headline_body_rrf_method_D,26,109705,0.0136986301369863,50
post_phase12_module2_M2-B,M2-B,R059,netflix Pakistan subscription price,NAT,,ROMAN,roman_headline_body_rrf_method_D,27,64642,0.013513513513513514,50
post_phase12_module2_M2-B,M2-B,R059,netflix Pakistan subscription price,NAT,,ROMAN,roman_headline_body_rrf_method_D,28,71691,0.013513513513513514,50
post_phase12_module2_M2-B,M2-B,R059,netflix Pakistan subscription price,NAT,,ROMAN,roman_headline_body_rrf_method_D,29,3479,0.013333333333333334,50
post_phase12_module2_M2-B,M2-B,R059,netflix Pakistan subscription price,NAT,,ROMAN,roman_headline_body_rrf_method_D,30,109099,0.013333333333333334,50
post_phase12_module2_M2-B,M2-B,R059,netflix Pakistan subscription price,NAT,,ROMAN,roman_headline_body_rrf_method_D,31,25588,0.013157894736842105,50
post_phase12_module2_M2-B,M2-B,R059,netflix Pakistan subscription price,NAT,,ROMAN,roman_headline_body_rrf_method_D,32,110496,0.013157894736842105,50
post_phase12_module2_M2-B,M2-B,R059,netflix Pakistan subscription price,NAT,,ROMAN,roman_headline_body_rrf_method_D,33,62329,0.012987012987012988,50
post_phase12_module2_M2-B,M2-B,R059,netflix Pakistan subscription price,NAT,,ROMAN,roman_headline_body_rrf_method_D,34,109037,0.012987012987012988,50
post_phase12_module2_M2-B,M2-B,R059,netflix Pakistan subscription price,NAT,,ROMAN,roman_headline_body_rrf_method_D,35,70551,0.01282051282051282,50
post_phase12_module2_M2-B,M2-B,R059,netflix Pakistan subscription price,NAT,,ROMAN,roman_headline_body_rrf_method_D,36,109129,0.01282051282051282,50
post_phase12_module2_M2-B,M2-B,R059,netflix Pakistan subscription price,NAT,,ROMAN,roman_headline_body_rrf_method_D,37,65207,0.012658227848101266,50
post_phase12_module2_M2-B,M2-B,R059,netflix Pakistan subscription price,NAT,,ROMAN,roman_headline_body_rrf_method_D,38,110093,0.012658227848101266,50
post_phase12_module2_M2-B,M2-B,R059,netflix Pakistan subscription price,NAT,,ROMAN,roman_headline_body_rrf_method_D,39,77949,0.0125,50
post_phase12_module2_M2-B,M2-B,R059,netflix Pakistan subscription price,NAT,,ROMAN,roman_headline_body_rrf_method_D,40,89745,0.0125,50
post_phase12_module2_M2-B,M2-B,R059,netflix Pakistan subscription price,NAT,,ROMAN,roman_headline_body_rrf_method_D,41,52857,0.012345679012345678,50
post_phase12_module2_M2-B,M2-B,R059,netflix Pakistan subscription price,NAT,,ROMAN,roman_headline_body_rrf_method_D,42,109873,0.012345679012345678,50
post_phase12_module2_M2-B,M2-B,R059,netflix Pakistan subscription price,NAT,,ROMAN,roman_headline_body_rrf_method_D,43,39367,0.012195121951219513,50
post_phase12_module2_M2-B,M2-B,R059,netflix Pakistan subscription price,NAT,,ROMAN,roman_headline_body_rrf_method_D,44,79302,0.012195121951219513,50
post_phase12_module2_M2-B,M2-B,R059,netflix Pakistan subscription price,NAT,,ROMAN,roman_headline_body_rrf_method_D,45,17352,0.012048192771084338,50
post_phase12_module2_M2-B,M2-B,R059,netflix Pakistan subscription price,NAT,,ROMAN,roman_headline_body_rrf_method_D,46,70068,0.012048192771084338,50
post_phase12_module2_M2-B,M2-B,R059,netflix Pakistan subscription price,NAT,,ROMAN,roman_headline_body_rrf_method_D,47,855,0.011904761904761904,50
post_phase12_module2_M2-B,M2-B,R059,netflix Pakistan subscription price,NAT,,ROMAN,roman_headline_body_rrf_method_D,48,108939,0.011904761904761904,50
post_phase12_module2_M2-B,M2-B,R059,netflix Pakistan subscription price,NAT,,ROMAN,roman_headline_body_rrf_method_D,49,65279,0.011764705882352941,50
post_phase12_module2_M2-B,M2-B,R059,netflix Pakistan subscription price,NAT,,ROMAN,roman_headline_body_rrf_method_D,50,108975,0.011764705882352941,50
post_phase12_module2_M2-B,M2-B,R060,کراچی mein aaj raat load shedding ka schedule,NAT,,MIXED,urdu_headline_body_rrf,1,57899,0.032018442622950824,50
post_phase12_module2_M2-B,M2-B,R060,کراچی mein aaj raat load shedding ka schedule,NAT,,MIXED,urdu_headline_body_rrf,2,76727,0.02345679012345679,50
post_phase12_module2_M2-B,M2-B,R060,کراچی mein aaj raat load shedding ka schedule,NAT,,MIXED,urdu_headline_body_rrf,3,30424,0.01639344262295082,50
post_phase12_module2_M2-B,M2-B,R060,کراچی mein aaj raat load shedding ka schedule,NAT,,MIXED,urdu_headline_body_rrf,4,18837,0.016129032258064516,50
post_phase12_module2_M2-B,M2-B,R060,کراچی mein aaj raat load shedding ka schedule,NAT,,MIXED,urdu_headline_body_rrf,5,111021,0.016129032258064516,50
post_phase12_module2_M2-B,M2-B,R060,کراچی mein aaj raat load shedding ka schedule,NAT,,MIXED,urdu_headline_body_rrf,6,62322,0.015873015873015872,50
post_phase12_module2_M2-B,M2-B,R060,کراچی mein aaj raat load shedding ka schedule,NAT,,MIXED,urdu_headline_body_rrf,7,62963,0.015873015873015872,50
post_phase12_module2_M2-B,M2-B,R060,کراچی mein aaj raat load shedding ka schedule,NAT,,MIXED,urdu_headline_body_rrf,8,65584,0.015625,50
post_phase12_module2_M2-B,M2-B,R060,کراچی mein aaj raat load shedding ka schedule,NAT,,MIXED,urdu_headline_body_rrf,9,50888,0.015384615384615385,50
post_phase12_module2_M2-B,M2-B,R060,کراچی mein aaj raat load shedding ka schedule,NAT,,MIXED,urdu_headline_body_rrf,10,86673,0.015384615384615385,50
post_phase12_module2_M2-B,M2-B,R060,کراچی mein aaj raat load shedding ka schedule,NAT,,MIXED,urdu_headline_body_rrf,11,19007,0.015151515151515152,50
post_phase12_module2_M2-B,M2-B,R060,کراچی mein aaj raat load shedding ka schedule,NAT,,MIXED,urdu_headline_body_rrf,12,61585,0.015151515151515152,50
post_phase12_module2_M2-B,M2-B,R060,کراچی mein aaj raat load shedding ka schedule,NAT,,MIXED,urdu_headline_body_rrf,13,18988,0.014925373134328358,50
post_phase12_module2_M2-B,M2-B,R060,کراچی mein aaj raat load shedding ka schedule,NAT,,MIXED,urdu_headline_body_rrf,14,80524,0.014925373134328358,50
post_phase12_module2_M2-B,M2-B,R060,کراچی mein aaj raat load shedding ka schedule,NAT,,MIXED,urdu_headline_body_rrf,15,19139,0.014705882352941176,50
post_phase12_module2_M2-B,M2-B,R060,کراچی mein aaj raat load shedding ka schedule,NAT,,MIXED,urdu_headline_body_rrf,16,88959,0.014705882352941176,50
post_phase12_module2_M2-B,M2-B,R060,کراچی mein aaj raat load shedding ka schedule,NAT,,MIXED,urdu_headline_body_rrf,17,19147,0.014492753623188406,50
post_phase12_module2_M2-B,M2-B,R060,کراچی mein aaj raat load shedding ka schedule,NAT,,MIXED,urdu_headline_body_rrf,18,87797,0.014492753623188406,50
post_phase12_module2_M2-B,M2-B,R060,کراچی mein aaj raat load shedding ka schedule,NAT,,MIXED,urdu_headline_body_rrf,19,41749,0.014285714285714285,50
post_phase12_module2_M2-B,M2-B,R060,کراچی mein aaj raat load shedding ka schedule,NAT,,MIXED,urdu_headline_body_rrf,20,108672,0.014285714285714285,50
post_phase12_module2_M2-B,M2-B,R060,کراچی mein aaj raat load shedding ka schedule,NAT,,MIXED,urdu_headline_body_rrf,21,29243,0.014084507042253521,50
post_phase12_module2_M2-B,M2-B,R060,کراچی mein aaj raat load shedding ka schedule,NAT,,MIXED,urdu_headline_body_rrf,22,42875,0.014084507042253521,50
post_phase12_module2_M2-B,M2-B,R060,کراچی mein aaj raat load shedding ka schedule,NAT,,MIXED,urdu_headline_body_rrf,23,19015,0.013888888888888888,50
post_phase12_module2_M2-B,M2-B,R060,کراچی mein aaj raat load shedding ka schedule,NAT,,MIXED,urdu_headline_body_rrf,24,47208,0.013888888888888888,50
post_phase12_module2_M2-B,M2-B,R060,کراچی mein aaj raat load shedding ka schedule,NAT,,MIXED,urdu_headline_body_rrf,25,85488,0.0136986301369863,50
post_phase12_module2_M2-B,M2-B,R060,کراچی mein aaj raat load shedding ka schedule,NAT,,MIXED,urdu_headline_body_rrf,26,87791,0.0136986301369863,50
post_phase12_module2_M2-B,M2-B,R060,کراچی mein aaj raat load shedding ka schedule,NAT,,MIXED,urdu_headline_body_rrf,27,17291,0.013513513513513514,50
post_phase12_module2_M2-B,M2-B,R060,کراچی mein aaj raat load shedding ka schedule,NAT,,MIXED,urdu_headline_body_rrf,28,86193,0.013513513513513514,50
post_phase12_module2_M2-B,M2-B,R060,کراچی mein aaj raat load shedding ka schedule,NAT,,MIXED,urdu_headline_body_rrf,29,18314,0.013333333333333334,50
post_phase12_module2_M2-B,M2-B,R060,کراچی mein aaj raat load shedding ka schedule,NAT,,MIXED,urdu_headline_body_rrf,30,95009,0.013333333333333334,50
post_phase12_module2_M2-B,M2-B,R060,کراچی mein aaj raat load shedding ka schedule,NAT,,MIXED,urdu_headline_body_rrf,31,19153,0.013157894736842105,50
post_phase12_module2_M2-B,M2-B,R060,کراچی mein aaj raat load shedding ka schedule,NAT,,MIXED,urdu_headline_body_rrf,32,77565,0.013157894736842105,50
post_phase12_module2_M2-B,M2-B,R060,کراچی mein aaj raat load shedding ka schedule,NAT,,MIXED,urdu_headline_body_rrf,33,38308,0.012987012987012988,50
post_phase12_module2_M2-B,M2-B,R060,کراچی mein aaj raat load shedding ka schedule,NAT,,MIXED,urdu_headline_body_rrf,34,77137,0.012987012987012988,50
post_phase12_module2_M2-B,M2-B,R060,کراچی mein aaj raat load shedding ka schedule,NAT,,MIXED,urdu_headline_body_rrf,35,42907,0.01282051282051282,50
post_phase12_module2_M2-B,M2-B,R060,کراچی mein aaj raat load shedding ka schedule,NAT,,MIXED,urdu_headline_body_rrf,36,103909,0.01282051282051282,50
post_phase12_module2_M2-B,M2-B,R060,کراچی mein aaj raat load shedding ka schedule,NAT,,MIXED,urdu_headline_body_rrf,37,58722,0.012658227848101266,50
post_phase12_module2_M2-B,M2-B,R060,کراچی mein aaj raat load shedding ka schedule,NAT,,MIXED,urdu_headline_body_rrf,38,62584,0.012658227848101266,50
post_phase12_module2_M2-B,M2-B,R060,کراچی mein aaj raat load shedding ka schedule,NAT,,MIXED,urdu_headline_body_rrf,39,41760,0.0125,50
post_phase12_module2_M2-B,M2-B,R060,کراچی mein aaj raat load shedding ka schedule,NAT,,MIXED,urdu_headline_body_rrf,40,61529,0.0125,50
post_phase12_module2_M2-B,M2-B,R060,کراچی mein aaj raat load shedding ka schedule,NAT,,MIXED,urdu_headline_body_rrf,41,42264,0.012345679012345678,50
post_phase12_module2_M2-B,M2-B,R060,کراچی mein aaj raat load shedding ka schedule,NAT,,MIXED,urdu_headline_body_rrf,42,17320,0.012195121951219513,50
post_phase12_module2_M2-B,M2-B,R060,کراچی mein aaj raat load shedding ka schedule,NAT,,MIXED,urdu_headline_body_rrf,43,62221,0.012195121951219513,50
post_phase12_module2_M2-B,M2-B,R060,کراچی mein aaj raat load shedding ka schedule,NAT,,MIXED,urdu_headline_body_rrf,44,17153,0.012048192771084338,50
post_phase12_module2_M2-B,M2-B,R060,کراچی mein aaj raat load shedding ka schedule,NAT,,MIXED,urdu_headline_body_rrf,45,88986,0.012048192771084338,50
post_phase12_module2_M2-B,M2-B,R060,کراچی mein aaj raat load shedding ka schedule,NAT,,MIXED,urdu_headline_body_rrf,46,45667,0.011904761904761904,50
post_phase12_module2_M2-B,M2-B,R060,کراچی mein aaj raat load shedding ka schedule,NAT,,MIXED,urdu_headline_body_rrf,47,65789,0.011904761904761904,50
post_phase12_module2_M2-B,M2-B,R060,کراچی mein aaj raat load shedding ka schedule,NAT,,MIXED,urdu_headline_body_rrf,48,17155,0.011764705882352941,50
post_phase12_module2_M2-B,M2-B,R060,کراچی mein aaj raat load shedding ka schedule,NAT,,MIXED,urdu_headline_body_rrf,49,62469,0.011764705882352941,50
post_phase12_module2_M2-B,M2-B,R060,کراچی mein aaj raat load shedding ka schedule,NAT,,MIXED,urdu_headline_body_rrf,50,28181,0.011627906976744186,50
post_phase12_module2_M2-B,M2-B,R061,آئی ایم ایف program se awam par kya asraat par rahe hain,NAT,,MIXED,urdu_headline_body_rrf,1,61606,0.02854251012145749,50
post_phase12_module2_M2-B,M2-B,R061,آئی ایم ایف program se awam par kya asraat par rahe hain,NAT,,MIXED,urdu_headline_body_rrf,2,64991,0.023222439660795825,50
post_phase12_module2_M2-B,M2-B,R061,آئی ایم ایف program se awam par kya asraat par rahe hain,NAT,,MIXED,urdu_headline_body_rrf,3,63958,0.02268170426065163,50
post_phase12_module2_M2-B,M2-B,R061,آئی ایم ایف program se awam par kya asraat par rahe hain,NAT,,MIXED,urdu_headline_body_rrf,4,2065,0.020730397422126744,50
post_phase12_module2_M2-B,M2-B,R061,آئی ایم ایف program se awam par kya asraat par rahe hain,NAT,,MIXED,urdu_headline_body_rrf,5,61788,0.01639344262295082,50
post_phase12_module2_M2-B,M2-B,R061,آئی ایم ایف program se awam par kya asraat par rahe hain,NAT,,MIXED,urdu_headline_body_rrf,6,71352,0.01639344262295082,50
post_phase12_module2_M2-B,M2-B,R061,آئی ایم ایف program se awam par kya asraat par rahe hain,NAT,,MIXED,urdu_headline_body_rrf,7,2791,0.016129032258064516,50
post_phase12_module2_M2-B,M2-B,R061,آئی ایم ایف program se awam par kya asraat par rahe hain,NAT,,MIXED,urdu_headline_body_rrf,8,65597,0.016129032258064516,50
post_phase12_module2_M2-B,M2-B,R061,آئی ایم ایف program se awam par kya asraat par rahe hain,NAT,,MIXED,urdu_headline_body_rrf,9,64882,0.015873015873015872,50
post_phase12_module2_M2-B,M2-B,R061,آئی ایم ایف program se awam par kya asraat par rahe hain,NAT,,MIXED,urdu_headline_body_rrf,10,71342,0.015873015873015872,50
post_phase12_module2_M2-B,M2-B,R061,آئی ایم ایف program se awam par kya asraat par rahe hain,NAT,,MIXED,urdu_headline_body_rrf,11,71362,0.015625,50
post_phase12_module2_M2-B,M2-B,R061,آئی ایم ایف program se awam par kya asraat par rahe hain,NAT,,MIXED,urdu_headline_body_rrf,12,75539,0.015625,50
post_phase12_module2_M2-B,M2-B,R061,آئی ایم ایف program se awam par kya asraat par rahe hain,NAT,,MIXED,urdu_headline_body_rrf,13,110286,0.015384615384615385,50
post_phase12_module2_M2-B,M2-B,R061,آئی ایم ایف program se awam par kya asraat par rahe hain,NAT,,MIXED,urdu_headline_body_rrf,14,1015,0.015151515151515152,50
post_phase12_module2_M2-B,M2-B,R061,آئی ایم ایف program se awam par kya asraat par rahe hain,NAT,,MIXED,urdu_headline_body_rrf,15,66649,0.015151515151515152,50
post_phase12_module2_M2-B,M2-B,R061,آئی ایم ایف program se awam par kya asraat par rahe hain,NAT,,MIXED,urdu_headline_body_rrf,16,40762,0.014925373134328358,50
post_phase12_module2_M2-B,M2-B,R061,آئی ایم ایف program se awam par kya asraat par rahe hain,NAT,,MIXED,urdu_headline_body_rrf,17,65604,0.014925373134328358,50
post_phase12_module2_M2-B,M2-B,R061,آئی ایم ایف program se awam par kya asraat par rahe hain,NAT,,MIXED,urdu_headline_body_rrf,18,75866,0.014705882352941176,50
post_phase12_module2_M2-B,M2-B,R061,آئی ایم ایف program se awam par kya asraat par rahe hain,NAT,,MIXED,urdu_headline_body_rrf,19,76714,0.014705882352941176,50
post_phase12_module2_M2-B,M2-B,R061,آئی ایم ایف program se awam par kya asraat par rahe hain,NAT,,MIXED,urdu_headline_body_rrf,20,74725,0.014492753623188406,50
post_phase12_module2_M2-B,M2-B,R061,آئی ایم ایف program se awam par kya asraat par rahe hain,NAT,,MIXED,urdu_headline_body_rrf,21,108965,0.014492753623188406,50
post_phase12_module2_M2-B,M2-B,R061,آئی ایم ایف program se awam par kya asraat par rahe hain,NAT,,MIXED,urdu_headline_body_rrf,22,71374,0.014285714285714285,50
post_phase12_module2_M2-B,M2-B,R061,آئی ایم ایف program se awam par kya asraat par rahe hain,NAT,,MIXED,urdu_headline_body_rrf,23,77013,0.014285714285714285,50
post_phase12_module2_M2-B,M2-B,R061,آئی ایم ایف program se awam par kya asraat par rahe hain,NAT,,MIXED,urdu_headline_body_rrf,24,38785,0.014084507042253521,50
post_phase12_module2_M2-B,M2-B,R061,آئی ایم ایف program se awam par kya asraat par rahe hain,NAT,,MIXED,urdu_headline_body_rrf,25,64292,0.014084507042253521,50
post_phase12_module2_M2-B,M2-B,R061,آئی ایم ایف program se awam par kya asraat par rahe hain,NAT,,MIXED,urdu_headline_body_rrf,26,65381,0.013888888888888888,50
post_phase12_module2_M2-B,M2-B,R061,آئی ایم ایف program se awam par kya asraat par rahe hain,NAT,,MIXED,urdu_headline_body_rrf,27,76275,0.013888888888888888,50
post_phase12_module2_M2-B,M2-B,R061,آئی ایم ایف program se awam par kya asraat par rahe hain,NAT,,MIXED,urdu_headline_body_rrf,28,73706,0.0136986301369863,50
post_phase12_module2_M2-B,M2-B,R061,آئی ایم ایف program se awam par kya asraat par rahe hain,NAT,,MIXED,urdu_headline_body_rrf,29,1656,0.013513513513513514,50
post_phase12_module2_M2-B,M2-B,R061,آئی ایم ایف program se awam par kya asraat par rahe hain,NAT,,MIXED,urdu_headline_body_rrf,30,75310,0.013513513513513514,50
post_phase12_module2_M2-B,M2-B,R061,آئی ایم ایف program se awam par kya asraat par rahe hain,NAT,,MIXED,urdu_headline_body_rrf,31,64421,0.013333333333333334,50
post_phase12_module2_M2-B,M2-B,R061,آئی ایم ایف program se awam par kya asraat par rahe hain,NAT,,MIXED,urdu_headline_body_rrf,32,110819,0.013333333333333334,50
post_phase12_module2_M2-B,M2-B,R061,آئی ایم ایف program se awam par kya asraat par rahe hain,NAT,,MIXED,urdu_headline_body_rrf,33,62474,0.012987012987012988,50
post_phase12_module2_M2-B,M2-B,R061,آئی ایم ایف program se awam par kya asraat par rahe hain,NAT,,MIXED,urdu_headline_body_rrf,34,64795,0.012987012987012988,50
post_phase12_module2_M2-B,M2-B,R061,آئی ایم ایف program se awam par kya asraat par rahe hain,NAT,,MIXED,urdu_headline_body_rrf,35,64767,0.01282051282051282,50
post_phase12_module2_M2-B,M2-B,R061,آئی ایم ایف program se awam par kya asraat par rahe hain,NAT,,MIXED,urdu_headline_body_rrf,36,109078,0.01282051282051282,50
post_phase12_module2_M2-B,M2-B,R061,آئی ایم ایف program se awam par kya asraat par rahe hain,NAT,,MIXED,urdu_headline_body_rrf,37,65578,0.012658227848101266,50
post_phase12_module2_M2-B,M2-B,R061,آئی ایم ایف program se awam par kya asraat par rahe hain,NAT,,MIXED,urdu_headline_body_rrf,38,78497,0.012658227848101266,50
post_phase12_module2_M2-B,M2-B,R061,آئی ایم ایف program se awam par kya asraat par rahe hain,NAT,,MIXED,urdu_headline_body_rrf,39,64876,0.0125,50
post_phase12_module2_M2-B,M2-B,R061,آئی ایم ایف program se awam par kya asraat par rahe hain,NAT,,MIXED,urdu_headline_body_rrf,40,72172,0.0125,50
post_phase12_module2_M2-B,M2-B,R061,آئی ایم ایف program se awam par kya asraat par rahe hain,NAT,,MIXED,urdu_headline_body_rrf,41,3514,0.012345679012345678,50
post_phase12_module2_M2-B,M2-B,R061,آئی ایم ایف program se awam par kya asraat par rahe hain,NAT,,MIXED,urdu_headline_body_rrf,42,64903,0.012345679012345678,50
post_phase12_module2_M2-B,M2-B,R061,آئی ایم ایف program se awam par kya asraat par rahe hain,NAT,,MIXED,urdu_headline_body_rrf,43,16618,0.012195121951219513,50
post_phase12_module2_M2-B,M2-B,R061,آئی ایم ایف program se awam par kya asraat par rahe hain,NAT,,MIXED,urdu_headline_body_rrf,44,70859,0.012195121951219513,50
post_phase12_module2_M2-B,M2-B,R061,آئی ایم ایف program se awam par kya asraat par rahe hain,NAT,,MIXED,urdu_headline_body_rrf,45,37513,0.012048192771084338,50
post_phase12_module2_M2-B,M2-B,R061,آئی ایم ایف program se awam par kya asraat par rahe hain,NAT,,MIXED,urdu_headline_body_rrf,46,64985,0.012048192771084338,50
post_phase12_module2_M2-B,M2-B,R061,آئی ایم ایف program se awam par kya asraat par rahe hain,NAT,,MIXED,urdu_headline_body_rrf,47,71424,0.011904761904761904,50
post_phase12_module2_M2-B,M2-B,R061,آئی ایم ایف program se awam par kya asraat par rahe hain,NAT,,MIXED,urdu_headline_body_rrf,48,73947,0.011904761904761904,50
post_phase12_module2_M2-B,M2-B,R061,آئی ایم ایف program se awam par kya asraat par rahe hain,NAT,,MIXED,urdu_headline_body_rrf,49,71278,0.011764705882352941,50
post_phase12_module2_M2-B,M2-B,R061,آئی ایم ایف program se awam par kya asraat par rahe hain,NAT,,MIXED,urdu_headline_body_rrf,50,77542,0.011764705882352941,50
post_phase12_module2_M2-B,M2-B,R062,5G Pakistan mein kab available hogi,NAT,,ROMAN,roman_headline_body_rrf_method_D,1,18668,0.03278688524590164,50
post_phase12_module2_M2-B,M2-B,R062,5G Pakistan mein kab available hogi,NAT,,ROMAN,roman_headline_body_rrf_method_D,2,91237,0.023064687168610817,50
post_phase12_module2_M2-B,M2-B,R062,5G Pakistan mein kab available hogi,NAT,,ROMAN,roman_headline_body_rrf_method_D,3,86853,0.022983976884686105,50
post_phase12_module2_M2-B,M2-B,R062,5G Pakistan mein kab available hogi,NAT,,ROMAN,roman_headline_body_rrf_method_D,4,37397,0.016129032258064516,50
post_phase12_module2_M2-B,M2-B,R062,5G Pakistan mein kab available hogi,NAT,,ROMAN,roman_headline_body_rrf_method_D,5,87540,0.016129032258064516,50
post_phase12_module2_M2-B,M2-B,R062,5G Pakistan mein kab available hogi,NAT,,ROMAN,roman_headline_body_rrf_method_D,6,7058,0.015873015873015872,50
post_phase12_module2_M2-B,M2-B,R062,5G Pakistan mein kab available hogi,NAT,,ROMAN,roman_headline_body_rrf_method_D,7,73476,0.015873015873015872,50
post_phase12_module2_M2-B,M2-B,R062,5G Pakistan mein kab available hogi,NAT,,ROMAN,roman_headline_body_rrf_method_D,8,80761,0.015625,50
post_phase12_module2_M2-B,M2-B,R062,5G Pakistan mein kab available hogi,NAT,,ROMAN,roman_headline_body_rrf_method_D,9,85844,0.015625,50
post_phase12_module2_M2-B,M2-B,R062,5G Pakistan mein kab available hogi,NAT,,ROMAN,roman_headline_body_rrf_method_D,10,85617,0.015384615384615385,50
post_phase12_module2_M2-B,M2-B,R062,5G Pakistan mein kab available hogi,NAT,,ROMAN,roman_headline_body_rrf_method_D,11,89750,0.015384615384615385,50
post_phase12_module2_M2-B,M2-B,R062,5G Pakistan mein kab available hogi,NAT,,ROMAN,roman_headline_body_rrf_method_D,12,86489,0.015151515151515152,50
post_phase12_module2_M2-B,M2-B,R062,5G Pakistan mein kab available hogi,NAT,,ROMAN,roman_headline_body_rrf_method_D,13,104165,0.015151515151515152,50
post_phase12_module2_M2-B,M2-B,R062,5G Pakistan mein kab available hogi,NAT,,ROMAN,roman_headline_body_rrf_method_D,14,32720,0.014925373134328358,50
post_phase12_module2_M2-B,M2-B,R062,5G Pakistan mein kab available hogi,NAT,,ROMAN,roman_headline_body_rrf_method_D,15,111435,0.014925373134328358,50
post_phase12_module2_M2-B,M2-B,R062,5G Pakistan mein kab available hogi,NAT,,ROMAN,roman_headline_body_rrf_method_D,16,53651,0.014705882352941176,50
post_phase12_module2_M2-B,M2-B,R062,5G Pakistan mein kab available hogi,NAT,,ROMAN,roman_headline_body_rrf_method_D,17,58509,0.014705882352941176,50
post_phase12_module2_M2-B,M2-B,R062,5G Pakistan mein kab available hogi,NAT,,ROMAN,roman_headline_body_rrf_method_D,18,64994,0.014492753623188406,50
post_phase12_module2_M2-B,M2-B,R062,5G Pakistan mein kab available hogi,NAT,,ROMAN,roman_headline_body_rrf_method_D,19,107551,0.014492753623188406,50
post_phase12_module2_M2-B,M2-B,R062,5G Pakistan mein kab available hogi,NAT,,ROMAN,roman_headline_body_rrf_method_D,20,87034,0.014285714285714285,50
post_phase12_module2_M2-B,M2-B,R062,5G Pakistan mein kab available hogi,NAT,,ROMAN,roman_headline_body_rrf_method_D,21,106256,0.014285714285714285,50
post_phase12_module2_M2-B,M2-B,R062,5G Pakistan mein kab available hogi,NAT,,ROMAN,roman_headline_body_rrf_method_D,22,61061,0.014084507042253521,50
post_phase12_module2_M2-B,M2-B,R062,5G Pakistan mein kab available hogi,NAT,,ROMAN,roman_headline_body_rrf_method_D,23,105921,0.014084507042253521,50
post_phase12_module2_M2-B,M2-B,R062,5G Pakistan mein kab available hogi,NAT,,ROMAN,roman_headline_body_rrf_method_D,24,89134,0.013888888888888888,50
post_phase12_module2_M2-B,M2-B,R062,5G Pakistan mein kab available hogi,NAT,,ROMAN,roman_headline_body_rrf_method_D,25,95545,0.013888888888888888,50
post_phase12_module2_M2-B,M2-B,R062,5G Pakistan mein kab available hogi,NAT,,ROMAN,roman_headline_body_rrf_method_D,26,72959,0.0136986301369863,50
post_phase12_module2_M2-B,M2-B,R062,5G Pakistan mein kab available hogi,NAT,,ROMAN,roman_headline_body_rrf_method_D,27,76164,0.0136986301369863,50
post_phase12_module2_M2-B,M2-B,R062,5G Pakistan mein kab available hogi,NAT,,ROMAN,roman_headline_body_rrf_method_D,28,11126,0.013513513513513514,50
post_phase12_module2_M2-B,M2-B,R062,5G Pakistan mein kab available hogi,NAT,,ROMAN,roman_headline_body_rrf_method_D,29,90279,0.013513513513513514,50
post_phase12_module2_M2-B,M2-B,R062,5G Pakistan mein kab available hogi,NAT,,ROMAN,roman_headline_body_rrf_method_D,30,12909,0.013333333333333334,50
post_phase12_module2_M2-B,M2-B,R062,5G Pakistan mein kab available hogi,NAT,,ROMAN,roman_headline_body_rrf_method_D,31,88534,0.013333333333333334,50
post_phase12_module2_M2-B,M2-B,R062,5G Pakistan mein kab available hogi,NAT,,ROMAN,roman_headline_body_rrf_method_D,32,93422,0.013157894736842105,50
post_phase12_module2_M2-B,M2-B,R062,5G Pakistan mein kab available hogi,NAT,,ROMAN,roman_headline_body_rrf_method_D,33,95368,0.013157894736842105,50
post_phase12_module2_M2-B,M2-B,R062,5G Pakistan mein kab available hogi,NAT,,ROMAN,roman_headline_body_rrf_method_D,34,8288,0.012987012987012988,50
post_phase12_module2_M2-B,M2-B,R062,5G Pakistan mein kab available hogi,NAT,,ROMAN,roman_headline_body_rrf_method_D,35,85890,0.012987012987012988,50
post_phase12_module2_M2-B,M2-B,R062,5G Pakistan mein kab available hogi,NAT,,ROMAN,roman_headline_body_rrf_method_D,36,86716,0.01282051282051282,50
post_phase12_module2_M2-B,M2-B,R062,5G Pakistan mein kab available hogi,NAT,,ROMAN,roman_headline_body_rrf_method_D,37,97117,0.01282051282051282,50
post_phase12_module2_M2-B,M2-B,R062,5G Pakistan mein kab available hogi,NAT,,ROMAN,roman_headline_body_rrf_method_D,38,38799,0.012658227848101266,50
post_phase12_module2_M2-B,M2-B,R062,5G Pakistan mein kab available hogi,NAT,,ROMAN,roman_headline_body_rrf_method_D,39,95241,0.012658227848101266,50
post_phase12_module2_M2-B,M2-B,R062,5G Pakistan mein kab available hogi,NAT,,ROMAN,roman_headline_body_rrf_method_D,40,11530,0.0125,50
post_phase12_module2_M2-B,M2-B,R062,5G Pakistan mein kab available hogi,NAT,,ROMAN,roman_headline_body_rrf_method_D,41,90988,0.0125,50
post_phase12_module2_M2-B,M2-B,R062,5G Pakistan mein kab available hogi,NAT,,ROMAN,roman_headline_body_rrf_method_D,42,95724,0.012345679012345678,50
post_phase12_module2_M2-B,M2-B,R062,5G Pakistan mein kab available hogi,NAT,,ROMAN,roman_headline_body_rrf_method_D,43,11296,0.012195121951219513,50
post_phase12_module2_M2-B,M2-B,R062,5G Pakistan mein kab available hogi,NAT,,ROMAN,roman_headline_body_rrf_method_D,44,83288,0.012048192771084338,50
post_phase12_module2_M2-B,M2-B,R062,5G Pakistan mein kab available hogi,NAT,,ROMAN,roman_headline_body_rrf_method_D,45,87835,0.012048192771084338,50
post_phase12_module2_M2-B,M2-B,R062,5G Pakistan mein kab available hogi,NAT,,ROMAN,roman_headline_body_rrf_method_D,46,33164,0.011904761904761904,50
post_phase12_module2_M2-B,M2-B,R062,5G Pakistan mein kab available hogi,NAT,,ROMAN,roman_headline_body_rrf_method_D,47,91227,0.011904761904761904,50
post_phase12_module2_M2-B,M2-B,R062,5G Pakistan mein kab available hogi,NAT,,ROMAN,roman_headline_body_rrf_method_D,48,95210,0.011764705882352941,50
post_phase12_module2_M2-B,M2-B,R062,5G Pakistan mein kab available hogi,NAT,,ROMAN,roman_headline_body_rrf_method_D,49,104492,0.011764705882352941,50
post_phase12_module2_M2-B,M2-B,R062,5G Pakistan mein kab available hogi,NAT,,ROMAN,roman_headline_body_rrf_method_D,50,44028,0.011627906976744186,50
post_phase12_module2_M2-B,M2-B,R063,شہbaz sharif,NAT,,MIXED,urdu_headline_body_rrf,1,77962,0.02976190476190476,50
post_phase12_module2_M2-B,M2-B,R063,شہbaz sharif,NAT,,MIXED,urdu_headline_body_rrf,2,98048,0.026878868258178604,50
post_phase12_module2_M2-B,M2-B,R063,شہbaz sharif,NAT,,MIXED,urdu_headline_body_rrf,3,5308,0.01639344262295082,50
post_phase12_module2_M2-B,M2-B,R063,شہbaz sharif,NAT,,MIXED,urdu_headline_body_rrf,4,61896,0.01639344262295082,50
post_phase12_module2_M2-B,M2-B,R063,شہbaz sharif,NAT,,MIXED,urdu_headline_body_rrf,5,18425,0.016129032258064516,50
post_phase12_module2_M2-B,M2-B,R063,شہbaz sharif,NAT,,MIXED,urdu_headline_body_rrf,6,85809,0.016129032258064516,50
post_phase12_module2_M2-B,M2-B,R063,شہbaz sharif,NAT,,MIXED,urdu_headline_body_rrf,7,87287,0.015873015873015872,50
post_phase12_module2_M2-B,M2-B,R063,شہbaz sharif,NAT,,MIXED,urdu_headline_body_rrf,8,6617,0.015625,50
post_phase12_module2_M2-B,M2-B,R063,شہbaz sharif,NAT,,MIXED,urdu_headline_body_rrf,9,37943,0.015625,50
post_phase12_module2_M2-B,M2-B,R063,شہbaz sharif,NAT,,MIXED,urdu_headline_body_rrf,10,94086,0.015384615384615385,50
post_phase12_module2_M2-B,M2-B,R063,شہbaz sharif,NAT,,MIXED,urdu_headline_body_rrf,11,40239,0.015151515151515152,50
post_phase12_module2_M2-B,M2-B,R063,شہbaz sharif,NAT,,MIXED,urdu_headline_body_rrf,12,103184,0.014925373134328358,50
post_phase12_module2_M2-B,M2-B,R063,شہbaz sharif,NAT,,MIXED,urdu_headline_body_rrf,13,71993,0.014705882352941176,50
post_phase12_module2_M2-B,M2-B,R063,شہbaz sharif,NAT,,MIXED,urdu_headline_body_rrf,14,19045,0.014492753623188406,50
post_phase12_module2_M2-B,M2-B,R063,شہbaz sharif,NAT,,MIXED,urdu_headline_body_rrf,15,101512,0.014285714285714285,50
post_phase12_module2_M2-B,M2-B,R063,شہbaz sharif,NAT,,MIXED,urdu_headline_body_rrf,16,51440,0.014084507042253521,50
post_phase12_module2_M2-B,M2-B,R063,شہbaz sharif,NAT,,MIXED,urdu_headline_body_rrf,17,98710,0.0136986301369863,50
post_phase12_module2_M2-B,M2-B,R063,شہbaz sharif,NAT,,MIXED,urdu_headline_body_rrf,18,51519,0.013513513513513514,50
post_phase12_module2_M2-B,M2-B,R063,شہbaz sharif,NAT,,MIXED,urdu_headline_body_rrf,19,68130,0.013333333333333334,50
post_phase12_module2_M2-B,M2-B,R063,شہbaz sharif,NAT,,MIXED,urdu_headline_body_rrf,20,86921,0.013157894736842105,50
post_phase12_module2_M2-B,M2-B,R063,شہbaz sharif,NAT,,MIXED,urdu_headline_body_rrf,21,108350,0.012987012987012988,50
post_phase12_module2_M2-B,M2-B,R063,شہbaz sharif,NAT,,MIXED,urdu_headline_body_rrf,22,100352,0.01282051282051282,50
post_phase12_module2_M2-B,M2-B,R063,شہbaz sharif,NAT,,MIXED,urdu_headline_body_rrf,23,71805,0.012658227848101266,50
post_phase12_module2_M2-B,M2-B,R063,شہbaz sharif,NAT,,MIXED,urdu_headline_body_rrf,24,44483,0.0125,50
post_phase12_module2_M2-B,M2-B,R063,شہbaz sharif,NAT,,MIXED,urdu_headline_body_rrf,25,46600,0.012345679012345678,50
post_phase12_module2_M2-B,M2-B,R063,شہbaz sharif,NAT,,MIXED,urdu_headline_body_rrf,26,50512,0.012195121951219513,50
post_phase12_module2_M2-B,M2-B,R063,شہbaz sharif,NAT,,MIXED,urdu_headline_body_rrf,27,100361,0.012048192771084338,50
post_phase12_module2_M2-B,M2-B,R063,شہbaz sharif,NAT,,MIXED,urdu_headline_body_rrf,28,92911,0.011904761904761904,50
post_phase12_module2_M2-B,M2-B,R063,شہbaz sharif,NAT,,MIXED,urdu_headline_body_rrf,29,98147,0.011764705882352941,50
post_phase12_module2_M2-B,M2-B,R063,شہbaz sharif,NAT,,MIXED,urdu_headline_body_rrf,30,101252,0.011627906976744186,50
post_phase12_module2_M2-B,M2-B,R063,شہbaz sharif,NAT,,MIXED,urdu_headline_body_rrf,31,99647,0.011363636363636364,50
post_phase12_module2_M2-B,M2-B,R063,شہbaz sharif,NAT,,MIXED,urdu_headline_body_rrf,32,15492,0.011235955056179775,50
post_phase12_module2_M2-B,M2-B,R063,شہbaz sharif,NAT,,MIXED,urdu_headline_body_rrf,33,50993,0.011111111111111112,50
post_phase12_module2_M2-B,M2-B,R063,شہbaz sharif,NAT,,MIXED,urdu_headline_body_rrf,34,81555,0.01098901098901099,50
post_phase12_module2_M2-B,M2-B,R063,شہbaz sharif,NAT,,MIXED,urdu_headline_body_rrf,35,99755,0.010869565217391304,50
post_phase12_module2_M2-B,M2-B,R063,شہbaz sharif,NAT,,MIXED,urdu_headline_body_rrf,36,25999,0.010752688172043012,50
post_phase12_module2_M2-B,M2-B,R063,شہbaz sharif,NAT,,MIXED,urdu_headline_body_rrf,37,67731,0.010638297872340425,50
post_phase12_module2_M2-B,M2-B,R063,شہbaz sharif,NAT,,MIXED,urdu_headline_body_rrf,38,15956,0.010526315789473684,50
post_phase12_module2_M2-B,M2-B,R063,شہbaz sharif,NAT,,MIXED,urdu_headline_body_rrf,39,42384,0.010416666666666666,50
post_phase12_module2_M2-B,M2-B,R063,شہbaz sharif,NAT,,MIXED,urdu_headline_body_rrf,40,41910,0.010309278350515464,50
post_phase12_module2_M2-B,M2-B,R063,شہbaz sharif,NAT,,MIXED,urdu_headline_body_rrf,41,15535,0.01020408163265306,50
post_phase12_module2_M2-B,M2-B,R063,شہbaz sharif,NAT,,MIXED,urdu_headline_body_rrf,42,13766,0.010101010101010102,50
post_phase12_module2_M2-B,M2-B,R063,شہbaz sharif,NAT,,MIXED,urdu_headline_body_rrf,43,48000,0.01,50
post_phase12_module2_M2-B,M2-B,R063,شہbaz sharif,NAT,,MIXED,urdu_headline_body_rrf,44,85676,0.009900990099009901,50
post_phase12_module2_M2-B,M2-B,R063,شہbaz sharif,NAT,,MIXED,urdu_headline_body_rrf,45,99773,0.00980392156862745,50
post_phase12_module2_M2-B,M2-B,R063,شہbaz sharif,NAT,,MIXED,urdu_headline_body_rrf,46,101696,0.009708737864077669,50
post_phase12_module2_M2-B,M2-B,R063,شہbaz sharif,NAT,,MIXED,urdu_headline_body_rrf,47,104958,0.009615384615384616,50
post_phase12_module2_M2-B,M2-B,R063,شہbaz sharif,NAT,,MIXED,urdu_headline_body_rrf,48,98952,0.009523809523809525,50
post_phase12_module2_M2-B,M2-B,R063,شہbaz sharif,NAT,,MIXED,urdu_headline_body_rrf,49,34734,0.009433962264150943,50
post_phase12_module2_M2-B,M2-B,R063,شہbaz sharif,NAT,,MIXED,urdu_headline_body_rrf,50,15787,0.009345794392523364,50
post_phase12_module2_M2-B,M2-B,R064,سونے ki aaj ki qeemat,NAT,,MIXED,urdu_headline_body_rrf,1,111431,0.026988636363636364,50
post_phase12_module2_M2-B,M2-B,R064,سونے ki aaj ki qeemat,NAT,,MIXED,urdu_headline_body_rrf,2,65293,0.02607709750566893,50
post_phase12_module2_M2-B,M2-B,R064,سونے ki aaj ki qeemat,NAT,,MIXED,urdu_headline_body_rrf,3,73178,0.01639344262295082,50
post_phase12_module2_M2-B,M2-B,R064,سونے ki aaj ki qeemat,NAT,,MIXED,urdu_headline_body_rrf,4,110966,0.01639344262295082,50
post_phase12_module2_M2-B,M2-B,R064,سونے ki aaj ki qeemat,NAT,,MIXED,urdu_headline_body_rrf,5,65169,0.016129032258064516,50
post_phase12_module2_M2-B,M2-B,R064,سونے ki aaj ki qeemat,NAT,,MIXED,urdu_headline_body_rrf,6,71940,0.016129032258064516,50
post_phase12_module2_M2-B,M2-B,R064,سونے ki aaj ki qeemat,NAT,,MIXED,urdu_headline_body_rrf,7,65066,0.015873015873015872,50
post_phase12_module2_M2-B,M2-B,R064,سونے ki aaj ki qeemat,NAT,,MIXED,urdu_headline_body_rrf,8,71277,0.015625,50
post_phase12_module2_M2-B,M2-B,R064,سونے ki aaj ki qeemat,NAT,,MIXED,urdu_headline_body_rrf,9,110499,0.015384615384615385,50
post_phase12_module2_M2-B,M2-B,R064,سونے ki aaj ki qeemat,NAT,,MIXED,urdu_headline_body_rrf,10,111580,0.015384615384615385,50
post_phase12_module2_M2-B,M2-B,R064,سونے ki aaj ki qeemat,NAT,,MIXED,urdu_headline_body_rrf,11,78757,0.015151515151515152,50
post_phase12_module2_M2-B,M2-B,R064,سونے ki aaj ki qeemat,NAT,,MIXED,urdu_headline_body_rrf,12,111585,0.015151515151515152,50
post_phase12_module2_M2-B,M2-B,R064,سونے ki aaj ki qeemat,NAT,,MIXED,urdu_headline_body_rrf,13,61593,0.014925373134328358,50
post_phase12_module2_M2-B,M2-B,R064,سونے ki aaj ki qeemat,NAT,,MIXED,urdu_headline_body_rrf,14,111418,0.014925373134328358,50
post_phase12_module2_M2-B,M2-B,R064,سونے ki aaj ki qeemat,NAT,,MIXED,urdu_headline_body_rrf,15,199,0.014705882352941176,50
post_phase12_module2_M2-B,M2-B,R064,سونے ki aaj ki qeemat,NAT,,MIXED,urdu_headline_body_rrf,16,72732,0.014705882352941176,50
post_phase12_module2_M2-B,M2-B,R064,سونے ki aaj ki qeemat,NAT,,MIXED,urdu_headline_body_rrf,17,859,0.014492753623188406,50
post_phase12_module2_M2-B,M2-B,R064,سونے ki aaj ki qeemat,NAT,,MIXED,urdu_headline_body_rrf,18,109196,0.014492753623188406,50
post_phase12_module2_M2-B,M2-B,R064,سونے ki aaj ki qeemat,NAT,,MIXED,urdu_headline_body_rrf,19,72799,0.014285714285714285,50
post_phase12_module2_M2-B,M2-B,R064,سونے ki aaj ki qeemat,NAT,,MIXED,urdu_headline_body_rrf,20,109693,0.014285714285714285,50
post_phase12_module2_M2-B,M2-B,R064,سونے ki aaj ki qeemat,NAT,,MIXED,urdu_headline_body_rrf,21,70836,0.014084507042253521,50
post_phase12_module2_M2-B,M2-B,R064,سونے ki aaj ki qeemat,NAT,,MIXED,urdu_headline_body_rrf,22,111783,0.014084507042253521,50
post_phase12_module2_M2-B,M2-B,R064,سونے ki aaj ki qeemat,NAT,,MIXED,urdu_headline_body_rrf,23,109592,0.013888888888888888,50
post_phase12_module2_M2-B,M2-B,R064,سونے ki aaj ki qeemat,NAT,,MIXED,urdu_headline_body_rrf,24,110847,0.013888888888888888,50
post_phase12_module2_M2-B,M2-B,R064,سونے ki aaj ki qeemat,NAT,,MIXED,urdu_headline_body_rrf,25,3457,0.0136986301369863,50
post_phase12_module2_M2-B,M2-B,R064,سونے ki aaj ki qeemat,NAT,,MIXED,urdu_headline_body_rrf,26,111730,0.0136986301369863,50
post_phase12_module2_M2-B,M2-B,R064,سونے ki aaj ki qeemat,NAT,,MIXED,urdu_headline_body_rrf,27,64668,0.013513513513513514,50
post_phase12_module2_M2-B,M2-B,R064,سونے ki aaj ki qeemat,NAT,,MIXED,urdu_headline_body_rrf,28,110949,0.013513513513513514,50
post_phase12_module2_M2-B,M2-B,R064,سونے ki aaj ki qeemat,NAT,,MIXED,urdu_headline_body_rrf,29,65952,0.013333333333333334,50
post_phase12_module2_M2-B,M2-B,R064,سونے ki aaj ki qeemat,NAT,,MIXED,urdu_headline_body_rrf,30,109259,0.013333333333333334,50
post_phase12_module2_M2-B,M2-B,R064,سونے ki aaj ki qeemat,NAT,,MIXED,urdu_headline_body_rrf,31,3367,0.013157894736842105,50
post_phase12_module2_M2-B,M2-B,R064,سونے ki aaj ki qeemat,NAT,,MIXED,urdu_headline_body_rrf,32,17524,0.013157894736842105,50
post_phase12_module2_M2-B,M2-B,R064,سونے ki aaj ki qeemat,NAT,,MIXED,urdu_headline_body_rrf,33,3438,0.012987012987012988,50
post_phase12_module2_M2-B,M2-B,R064,سونے ki aaj ki qeemat,NAT,,MIXED,urdu_headline_body_rrf,34,111462,0.012987012987012988,50
post_phase12_module2_M2-B,M2-B,R064,سونے ki aaj ki qeemat,NAT,,MIXED,urdu_headline_body_rrf,35,65795,0.01282051282051282,50
post_phase12_module2_M2-B,M2-B,R064,سونے ki aaj ki qeemat,NAT,,MIXED,urdu_headline_body_rrf,36,110737,0.01282051282051282,50
post_phase12_module2_M2-B,M2-B,R064,سونے ki aaj ki qeemat,NAT,,MIXED,urdu_headline_body_rrf,37,290,0.012658227848101266,50
post_phase12_module2_M2-B,M2-B,R064,سونے ki aaj ki qeemat,NAT,,MIXED,urdu_headline_body_rrf,38,65613,0.012658227848101266,50
post_phase12_module2_M2-B,M2-B,R064,سونے ki aaj ki qeemat,NAT,,MIXED,urdu_headline_body_rrf,39,62647,0.0125,50
post_phase12_module2_M2-B,M2-B,R064,سونے ki aaj ki qeemat,NAT,,MIXED,urdu_headline_body_rrf,40,65834,0.0125,50
post_phase12_module2_M2-B,M2-B,R064,سونے ki aaj ki qeemat,NAT,,MIXED,urdu_headline_body_rrf,41,72736,0.012345679012345678,50
post_phase12_module2_M2-B,M2-B,R064,سونے ki aaj ki qeemat,NAT,,MIXED,urdu_headline_body_rrf,42,109395,0.012345679012345678,50
post_phase12_module2_M2-B,M2-B,R064,سونے ki aaj ki qeemat,NAT,,MIXED,urdu_headline_body_rrf,43,65858,0.012195121951219513,50
post_phase12_module2_M2-B,M2-B,R064,سونے ki aaj ki qeemat,NAT,,MIXED,urdu_headline_body_rrf,44,110570,0.012195121951219513,50
post_phase12_module2_M2-B,M2-B,R064,سونے ki aaj ki qeemat,NAT,,MIXED,urdu_headline_body_rrf,45,61411,0.012048192771084338,50
post_phase12_module2_M2-B,M2-B,R064,سونے ki aaj ki qeemat,NAT,,MIXED,urdu_headline_body_rrf,46,108921,0.012048192771084338,50
post_phase12_module2_M2-B,M2-B,R064,سونے ki aaj ki qeemat,NAT,,MIXED,urdu_headline_body_rrf,47,62779,0.011904761904761904,50
post_phase12_module2_M2-B,M2-B,R064,سونے ki aaj ki qeemat,NAT,,MIXED,urdu_headline_body_rrf,48,63046,0.011904761904761904,50
post_phase12_module2_M2-B,M2-B,R064,سونے ki aaj ki qeemat,NAT,,MIXED,urdu_headline_body_rrf,49,17510,0.011764705882352941,50
post_phase12_module2_M2-B,M2-B,R064,سونے ki aaj ki qeemat,NAT,,MIXED,urdu_headline_body_rrf,50,37599,0.011764705882352941,50
post_phase12_module2_M2-B,M2-B,R065,Pakistan cricket team recent tours par performance kyun inconsistent hai,NAT,,ROMAN,roman_headline_body_rrf_method_D,1,90472,0.025448143405889884,50
post_phase12_module2_M2-B,M2-B,R065,Pakistan cricket team recent tours par performance kyun inconsistent hai,NAT,,ROMAN,roman_headline_body_rrf_method_D,2,45327,0.021910919540229883,50
post_phase12_module2_M2-B,M2-B,R065,Pakistan cricket team recent tours par performance kyun inconsistent hai,NAT,,ROMAN,roman_headline_body_rrf_method_D,3,32252,0.01639344262295082,50
post_phase12_module2_M2-B,M2-B,R065,Pakistan cricket team recent tours par performance kyun inconsistent hai,NAT,,ROMAN,roman_headline_body_rrf_method_D,4,87538,0.01639344262295082,50
post_phase12_module2_M2-B,M2-B,R065,Pakistan cricket team recent tours par performance kyun inconsistent hai,NAT,,ROMAN,roman_headline_body_rrf_method_D,5,56234,0.016129032258064516,50
post_phase12_module2_M2-B,M2-B,R065,Pakistan cricket team recent tours par performance kyun inconsistent hai,NAT,,ROMAN,roman_headline_body_rrf_method_D,6,87394,0.016129032258064516,50
post_phase12_module2_M2-B,M2-B,R065,Pakistan cricket team recent tours par performance kyun inconsistent hai,NAT,,ROMAN,roman_headline_body_rrf_method_D,7,32396,0.015873015873015872,50
post_phase12_module2_M2-B,M2-B,R065,Pakistan cricket team recent tours par performance kyun inconsistent hai,NAT,,ROMAN,roman_headline_body_rrf_method_D,8,87447,0.015873015873015872,50
post_phase12_module2_M2-B,M2-B,R065,Pakistan cricket team recent tours par performance kyun inconsistent hai,NAT,,ROMAN,roman_headline_body_rrf_method_D,9,86993,0.015625,50
post_phase12_module2_M2-B,M2-B,R065,Pakistan cricket team recent tours par performance kyun inconsistent hai,NAT,,ROMAN,roman_headline_body_rrf_method_D,10,91968,0.015625,50
post_phase12_module2_M2-B,M2-B,R065,Pakistan cricket team recent tours par performance kyun inconsistent hai,NAT,,ROMAN,roman_headline_body_rrf_method_D,11,94940,0.015384615384615385,50
post_phase12_module2_M2-B,M2-B,R065,Pakistan cricket team recent tours par performance kyun inconsistent hai,NAT,,ROMAN,roman_headline_body_rrf_method_D,12,96431,0.015384615384615385,50
post_phase12_module2_M2-B,M2-B,R065,Pakistan cricket team recent tours par performance kyun inconsistent hai,NAT,,ROMAN,roman_headline_body_rrf_method_D,13,34698,0.015151515151515152,50
post_phase12_module2_M2-B,M2-B,R065,Pakistan cricket team recent tours par performance kyun inconsistent hai,NAT,,ROMAN,roman_headline_body_rrf_method_D,14,87409,0.015151515151515152,50
post_phase12_module2_M2-B,M2-B,R065,Pakistan cricket team recent tours par performance kyun inconsistent hai,NAT,,ROMAN,roman_headline_body_rrf_method_D,15,85631,0.014925373134328358,50
post_phase12_module2_M2-B,M2-B,R065,Pakistan cricket team recent tours par performance kyun inconsistent hai,NAT,,ROMAN,roman_headline_body_rrf_method_D,16,89181,0.014925373134328358,50
post_phase12_module2_M2-B,M2-B,R065,Pakistan cricket team recent tours par performance kyun inconsistent hai,NAT,,ROMAN,roman_headline_body_rrf_method_D,17,90714,0.014705882352941176,50
post_phase12_module2_M2-B,M2-B,R065,Pakistan cricket team recent tours par performance kyun inconsistent hai,NAT,,ROMAN,roman_headline_body_rrf_method_D,18,94239,0.014705882352941176,50
post_phase12_module2_M2-B,M2-B,R065,Pakistan cricket team recent tours par performance kyun inconsistent hai,NAT,,ROMAN,roman_headline_body_rrf_method_D,19,30516,0.014492753623188406,50
post_phase12_module2_M2-B,M2-B,R065,Pakistan cricket team recent tours par performance kyun inconsistent hai,NAT,,ROMAN,roman_headline_body_rrf_method_D,20,88393,0.014492753623188406,50
post_phase12_module2_M2-B,M2-B,R065,Pakistan cricket team recent tours par performance kyun inconsistent hai,NAT,,ROMAN,roman_headline_body_rrf_method_D,21,82527,0.014285714285714285,50
post_phase12_module2_M2-B,M2-B,R065,Pakistan cricket team recent tours par performance kyun inconsistent hai,NAT,,ROMAN,roman_headline_body_rrf_method_D,22,94522,0.014285714285714285,50
post_phase12_module2_M2-B,M2-B,R065,Pakistan cricket team recent tours par performance kyun inconsistent hai,NAT,,ROMAN,roman_headline_body_rrf_method_D,23,58925,0.014084507042253521,50
post_phase12_module2_M2-B,M2-B,R065,Pakistan cricket team recent tours par performance kyun inconsistent hai,NAT,,ROMAN,roman_headline_body_rrf_method_D,24,81788,0.013888888888888888,50
post_phase12_module2_M2-B,M2-B,R065,Pakistan cricket team recent tours par performance kyun inconsistent hai,NAT,,ROMAN,roman_headline_body_rrf_method_D,25,90880,0.013888888888888888,50
post_phase12_module2_M2-B,M2-B,R065,Pakistan cricket team recent tours par performance kyun inconsistent hai,NAT,,ROMAN,roman_headline_body_rrf_method_D,26,38027,0.0136986301369863,50
post_phase12_module2_M2-B,M2-B,R065,Pakistan cricket team recent tours par performance kyun inconsistent hai,NAT,,ROMAN,roman_headline_body_rrf_method_D,27,96298,0.0136986301369863,50
post_phase12_module2_M2-B,M2-B,R065,Pakistan cricket team recent tours par performance kyun inconsistent hai,NAT,,ROMAN,roman_headline_body_rrf_method_D,28,52006,0.013513513513513514,50
post_phase12_module2_M2-B,M2-B,R065,Pakistan cricket team recent tours par performance kyun inconsistent hai,NAT,,ROMAN,roman_headline_body_rrf_method_D,29,88402,0.013513513513513514,50
post_phase12_module2_M2-B,M2-B,R065,Pakistan cricket team recent tours par performance kyun inconsistent hai,NAT,,ROMAN,roman_headline_body_rrf_method_D,30,82831,0.013333333333333334,50
post_phase12_module2_M2-B,M2-B,R065,Pakistan cricket team recent tours par performance kyun inconsistent hai,NAT,,ROMAN,roman_headline_body_rrf_method_D,31,89189,0.013333333333333334,50
post_phase12_module2_M2-B,M2-B,R065,Pakistan cricket team recent tours par performance kyun inconsistent hai,NAT,,ROMAN,roman_headline_body_rrf_method_D,32,54960,0.013157894736842105,50
post_phase12_module2_M2-B,M2-B,R065,Pakistan cricket team recent tours par performance kyun inconsistent hai,NAT,,ROMAN,roman_headline_body_rrf_method_D,33,90794,0.013157894736842105,50
post_phase12_module2_M2-B,M2-B,R065,Pakistan cricket team recent tours par performance kyun inconsistent hai,NAT,,ROMAN,roman_headline_body_rrf_method_D,34,58907,0.012987012987012988,50
post_phase12_module2_M2-B,M2-B,R065,Pakistan cricket team recent tours par performance kyun inconsistent hai,NAT,,ROMAN,roman_headline_body_rrf_method_D,35,84212,0.012987012987012988,50
post_phase12_module2_M2-B,M2-B,R065,Pakistan cricket team recent tours par performance kyun inconsistent hai,NAT,,ROMAN,roman_headline_body_rrf_method_D,36,53510,0.01282051282051282,50
post_phase12_module2_M2-B,M2-B,R065,Pakistan cricket team recent tours par performance kyun inconsistent hai,NAT,,ROMAN,roman_headline_body_rrf_method_D,37,85145,0.01282051282051282,50
post_phase12_module2_M2-B,M2-B,R065,Pakistan cricket team recent tours par performance kyun inconsistent hai,NAT,,ROMAN,roman_headline_body_rrf_method_D,38,81018,0.012658227848101266,50
post_phase12_module2_M2-B,M2-B,R065,Pakistan cricket team recent tours par performance kyun inconsistent hai,NAT,,ROMAN,roman_headline_body_rrf_method_D,39,86281,0.012658227848101266,50
post_phase12_module2_M2-B,M2-B,R065,Pakistan cricket team recent tours par performance kyun inconsistent hai,NAT,,ROMAN,roman_headline_body_rrf_method_D,40,55319,0.0125,50
post_phase12_module2_M2-B,M2-B,R065,Pakistan cricket team recent tours par performance kyun inconsistent hai,NAT,,ROMAN,roman_headline_body_rrf_method_D,41,83275,0.0125,50
post_phase12_module2_M2-B,M2-B,R065,Pakistan cricket team recent tours par performance kyun inconsistent hai,NAT,,ROMAN,roman_headline_body_rrf_method_D,42,57453,0.012345679012345678,50
post_phase12_module2_M2-B,M2-B,R065,Pakistan cricket team recent tours par performance kyun inconsistent hai,NAT,,ROMAN,roman_headline_body_rrf_method_D,43,96880,0.012345679012345678,50
post_phase12_module2_M2-B,M2-B,R065,Pakistan cricket team recent tours par performance kyun inconsistent hai,NAT,,ROMAN,roman_headline_body_rrf_method_D,44,55719,0.012195121951219513,50
post_phase12_module2_M2-B,M2-B,R065,Pakistan cricket team recent tours par performance kyun inconsistent hai,NAT,,ROMAN,roman_headline_body_rrf_method_D,45,90737,0.012195121951219513,50
post_phase12_module2_M2-B,M2-B,R065,Pakistan cricket team recent tours par performance kyun inconsistent hai,NAT,,ROMAN,roman_headline_body_rrf_method_D,46,29980,0.012048192771084338,50
post_phase12_module2_M2-B,M2-B,R065,Pakistan cricket team recent tours par performance kyun inconsistent hai,NAT,,ROMAN,roman_headline_body_rrf_method_D,47,95727,0.012048192771084338,50
post_phase12_module2_M2-B,M2-B,R065,Pakistan cricket team recent tours par performance kyun inconsistent hai,NAT,,ROMAN,roman_headline_body_rrf_method_D,48,6592,0.011904761904761904,50
post_phase12_module2_M2-B,M2-B,R065,Pakistan cricket team recent tours par performance kyun inconsistent hai,NAT,,ROMAN,roman_headline_body_rrf_method_D,49,47656,0.011904761904761904,50
post_phase12_module2_M2-B,M2-B,R065,Pakistan cricket team recent tours par performance kyun inconsistent hai,NAT,,ROMAN,roman_headline_body_rrf_method_D,50,81663,0.011764705882352941,50
post_phase12_module2_M2-B,M2-B,R066,LUMS undergraduate admission deadline 2026,NAT,,ROMAN,roman_headline_body_rrf_method_D,1,55132,0.03225806451612903,29
post_phase12_module2_M2-B,M2-B,R066,LUMS undergraduate admission deadline 2026,NAT,,ROMAN,roman_headline_body_rrf_method_D,2,84126,0.03177805800756621,29
post_phase12_module2_M2-B,M2-B,R066,LUMS undergraduate admission deadline 2026,NAT,,ROMAN,roman_headline_body_rrf_method_D,3,30560,0.031544957774465976,29
post_phase12_module2_M2-B,M2-B,R066,LUMS undergraduate admission deadline 2026,NAT,,ROMAN,roman_headline_body_rrf_method_D,4,26590,0.030536130536130537,29
post_phase12_module2_M2-B,M2-B,R066,LUMS undergraduate admission deadline 2026,NAT,,ROMAN,roman_headline_body_rrf_method_D,5,27820,0.030330882352941176,29
post_phase12_module2_M2-B,M2-B,R066,LUMS undergraduate admission deadline 2026,NAT,,ROMAN,roman_headline_body_rrf_method_D,6,31206,0.015873015873015872,29
post_phase12_module2_M2-B,M2-B,R066,LUMS undergraduate admission deadline 2026,NAT,,ROMAN,roman_headline_body_rrf_method_D,7,47508,0.015873015873015872,29
post_phase12_module2_M2-B,M2-B,R066,LUMS undergraduate admission deadline 2026,NAT,,ROMAN,roman_headline_body_rrf_method_D,8,80876,0.015625,29
post_phase12_module2_M2-B,M2-B,R066,LUMS undergraduate admission deadline 2026,NAT,,ROMAN,roman_headline_body_rrf_method_D,9,33113,0.014925373134328358,29
post_phase12_module2_M2-B,M2-B,R066,LUMS undergraduate admission deadline 2026,NAT,,ROMAN,roman_headline_body_rrf_method_D,10,90442,0.014492753623188406,29
post_phase12_module2_M2-B,M2-B,R066,LUMS undergraduate admission deadline 2026,NAT,,ROMAN,roman_headline_body_rrf_method_D,11,59763,0.014285714285714285,29
post_phase12_module2_M2-B,M2-B,R066,LUMS undergraduate admission deadline 2026,NAT,,ROMAN,roman_headline_body_rrf_method_D,12,55025,0.014084507042253521,29
post_phase12_module2_M2-B,M2-B,R066,LUMS undergraduate admission deadline 2026,NAT,,ROMAN,roman_headline_body_rrf_method_D,13,28999,0.013888888888888888,29
post_phase12_module2_M2-B,M2-B,R066,LUMS undergraduate admission deadline 2026,NAT,,ROMAN,roman_headline_body_rrf_method_D,14,39149,0.0136986301369863,29
post_phase12_module2_M2-B,M2-B,R066,LUMS undergraduate admission deadline 2026,NAT,,ROMAN,roman_headline_body_rrf_method_D,15,3148,0.013513513513513514,29
post_phase12_module2_M2-B,M2-B,R066,LUMS undergraduate admission deadline 2026,NAT,,ROMAN,roman_headline_body_rrf_method_D,16,27819,0.013333333333333334,29
post_phase12_module2_M2-B,M2-B,R066,LUMS undergraduate admission deadline 2026,NAT,,ROMAN,roman_headline_body_rrf_method_D,17,25466,0.013157894736842105,29
post_phase12_module2_M2-B,M2-B,R066,LUMS undergraduate admission deadline 2026,NAT,,ROMAN,roman_headline_body_rrf_method_D,18,1364,0.012987012987012988,29
post_phase12_module2_M2-B,M2-B,R066,LUMS undergraduate admission deadline 2026,NAT,,ROMAN,roman_headline_body_rrf_method_D,19,13540,0.01282051282051282,29
post_phase12_module2_M2-B,M2-B,R066,LUMS undergraduate admission deadline 2026,NAT,,ROMAN,roman_headline_body_rrf_method_D,20,4092,0.012658227848101266,29
post_phase12_module2_M2-B,M2-B,R066,LUMS undergraduate admission deadline 2026,NAT,,ROMAN,roman_headline_body_rrf_method_D,21,1358,0.0125,29
post_phase12_module2_M2-B,M2-B,R066,LUMS undergraduate admission deadline 2026,NAT,,ROMAN,roman_headline_body_rrf_method_D,22,24664,0.012345679012345678,29
post_phase12_module2_M2-B,M2-B,R066,LUMS undergraduate admission deadline 2026,NAT,,ROMAN,roman_headline_body_rrf_method_D,23,3821,0.012195121951219513,29
post_phase12_module2_M2-B,M2-B,R066,LUMS undergraduate admission deadline 2026,NAT,,ROMAN,roman_headline_body_rrf_method_D,24,1796,0.012048192771084338,29
post_phase12_module2_M2-B,M2-B,R066,LUMS undergraduate admission deadline 2026,NAT,,ROMAN,roman_headline_body_rrf_method_D,25,26775,0.011904761904761904,29
post_phase12_module2_M2-B,M2-B,R066,LUMS undergraduate admission deadline 2026,NAT,,ROMAN,roman_headline_body_rrf_method_D,26,24681,0.011764705882352941,29
post_phase12_module2_M2-B,M2-B,R066,LUMS undergraduate admission deadline 2026,NAT,,ROMAN,roman_headline_body_rrf_method_D,27,10990,0.011627906976744186,29
post_phase12_module2_M2-B,M2-B,R066,LUMS undergraduate admission deadline 2026,NAT,,ROMAN,roman_headline_body_rrf_method_D,28,342,0.011494252873563218,29
post_phase12_module2_M2-B,M2-B,R066,LUMS undergraduate admission deadline 2026,NAT,,ROMAN,roman_headline_body_rrf_method_D,29,2633,0.011363636363636364,29
post_phase12_module2_M2-B,M2-B,R067,Pakistani dramas ki stories pehle se kam strong kyun lagti hain,NAT,,ROMAN,roman_headline_body_rrf_method_D,1,109112,0.03278688524590164,50
post_phase12_module2_M2-B,M2-B,R067,Pakistani dramas ki stories pehle se kam strong kyun lagti hain,NAT,,ROMAN,roman_headline_body_rrf_method_D,2,79584,0.025219941348973606,50
post_phase12_module2_M2-B,M2-B,R067,Pakistani dramas ki stories pehle se kam strong kyun lagti hain,NAT,,ROMAN,roman_headline_body_rrf_method_D,3,12303,0.02492401215805471,50
post_phase12_module2_M2-B,M2-B,R067,Pakistani dramas ki stories pehle se kam strong kyun lagti hain,NAT,,ROMAN,roman_headline_body_rrf_method_D,4,109928,0.02299154334038055,50
post_phase12_module2_M2-B,M2-B,R067,Pakistani dramas ki stories pehle se kam strong kyun lagti hain,NAT,,ROMAN,roman_headline_body_rrf_method_D,5,109104,0.016129032258064516,50
post_phase12_module2_M2-B,M2-B,R067,Pakistani dramas ki stories pehle se kam strong kyun lagti hain,NAT,,ROMAN,roman_headline_body_rrf_method_D,6,22403,0.015873015873015872,50
post_phase12_module2_M2-B,M2-B,R067,Pakistani dramas ki stories pehle se kam strong kyun lagti hain,NAT,,ROMAN,roman_headline_body_rrf_method_D,7,42846,0.015873015873015872,50
post_phase12_module2_M2-B,M2-B,R067,Pakistani dramas ki stories pehle se kam strong kyun lagti hain,NAT,,ROMAN,roman_headline_body_rrf_method_D,8,14211,0.015625,50
post_phase12_module2_M2-B,M2-B,R067,Pakistani dramas ki stories pehle se kam strong kyun lagti hain,NAT,,ROMAN,roman_headline_body_rrf_method_D,9,102011,0.015625,50
post_phase12_module2_M2-B,M2-B,R067,Pakistani dramas ki stories pehle se kam strong kyun lagti hain,NAT,,ROMAN,roman_headline_body_rrf_method_D,10,11438,0.015384615384615385,50
post_phase12_module2_M2-B,M2-B,R067,Pakistani dramas ki stories pehle se kam strong kyun lagti hain,NAT,,ROMAN,roman_headline_body_rrf_method_D,11,80020,0.015384615384615385,50
post_phase12_module2_M2-B,M2-B,R067,Pakistani dramas ki stories pehle se kam strong kyun lagti hain,NAT,,ROMAN,roman_headline_body_rrf_method_D,12,59811,0.015151515151515152,50
post_phase12_module2_M2-B,M2-B,R067,Pakistani dramas ki stories pehle se kam strong kyun lagti hain,NAT,,ROMAN,roman_headline_body_rrf_method_D,13,66950,0.015151515151515152,50
post_phase12_module2_M2-B,M2-B,R067,Pakistani dramas ki stories pehle se kam strong kyun lagti hain,NAT,,ROMAN,roman_headline_body_rrf_method_D,14,15723,0.014925373134328358,50
post_phase12_module2_M2-B,M2-B,R067,Pakistani dramas ki stories pehle se kam strong kyun lagti hain,NAT,,ROMAN,roman_headline_body_rrf_method_D,15,24201,0.014925373134328358,50
post_phase12_module2_M2-B,M2-B,R067,Pakistani dramas ki stories pehle se kam strong kyun lagti hain,NAT,,ROMAN,roman_headline_body_rrf_method_D,16,14429,0.014705882352941176,50
post_phase12_module2_M2-B,M2-B,R067,Pakistani dramas ki stories pehle se kam strong kyun lagti hain,NAT,,ROMAN,roman_headline_body_rrf_method_D,17,98277,0.014705882352941176,50
post_phase12_module2_M2-B,M2-B,R067,Pakistani dramas ki stories pehle se kam strong kyun lagti hain,NAT,,ROMAN,roman_headline_body_rrf_method_D,18,17140,0.014492753623188406,50
post_phase12_module2_M2-B,M2-B,R067,Pakistani dramas ki stories pehle se kam strong kyun lagti hain,NAT,,ROMAN,roman_headline_body_rrf_method_D,19,111640,0.014492753623188406,50
post_phase12_module2_M2-B,M2-B,R067,Pakistani dramas ki stories pehle se kam strong kyun lagti hain,NAT,,ROMAN,roman_headline_body_rrf_method_D,20,20690,0.014285714285714285,50
post_phase12_module2_M2-B,M2-B,R067,Pakistani dramas ki stories pehle se kam strong kyun lagti hain,NAT,,ROMAN,roman_headline_body_rrf_method_D,21,13708,0.014084507042253521,50
post_phase12_module2_M2-B,M2-B,R067,Pakistani dramas ki stories pehle se kam strong kyun lagti hain,NAT,,ROMAN,roman_headline_body_rrf_method_D,22,15323,0.014084507042253521,50
post_phase12_module2_M2-B,M2-B,R067,Pakistani dramas ki stories pehle se kam strong kyun lagti hain,NAT,,ROMAN,roman_headline_body_rrf_method_D,23,2906,0.013888888888888888,50
post_phase12_module2_M2-B,M2-B,R067,Pakistani dramas ki stories pehle se kam strong kyun lagti hain,NAT,,ROMAN,roman_headline_body_rrf_method_D,24,35094,0.013888888888888888,50
post_phase12_module2_M2-B,M2-B,R067,Pakistani dramas ki stories pehle se kam strong kyun lagti hain,NAT,,ROMAN,roman_headline_body_rrf_method_D,25,90266,0.0136986301369863,50
post_phase12_module2_M2-B,M2-B,R067,Pakistani dramas ki stories pehle se kam strong kyun lagti hain,NAT,,ROMAN,roman_headline_body_rrf_method_D,26,109060,0.0136986301369863,50
post_phase12_module2_M2-B,M2-B,R067,Pakistani dramas ki stories pehle se kam strong kyun lagti hain,NAT,,ROMAN,roman_headline_body_rrf_method_D,27,20684,0.013513513513513514,50
post_phase12_module2_M2-B,M2-B,R067,Pakistani dramas ki stories pehle se kam strong kyun lagti hain,NAT,,ROMAN,roman_headline_body_rrf_method_D,28,23064,0.013513513513513514,50
post_phase12_module2_M2-B,M2-B,R067,Pakistani dramas ki stories pehle se kam strong kyun lagti hain,NAT,,ROMAN,roman_headline_body_rrf_method_D,29,6789,0.013333333333333334,50
post_phase12_module2_M2-B,M2-B,R067,Pakistani dramas ki stories pehle se kam strong kyun lagti hain,NAT,,ROMAN,roman_headline_body_rrf_method_D,30,36248,0.013333333333333334,50
post_phase12_module2_M2-B,M2-B,R067,Pakistani dramas ki stories pehle se kam strong kyun lagti hain,NAT,,ROMAN,roman_headline_body_rrf_method_D,31,10834,0.013157894736842105,50
post_phase12_module2_M2-B,M2-B,R067,Pakistani dramas ki stories pehle se kam strong kyun lagti hain,NAT,,ROMAN,roman_headline_body_rrf_method_D,32,16143,0.013157894736842105,50
post_phase12_module2_M2-B,M2-B,R067,Pakistani dramas ki stories pehle se kam strong kyun lagti hain,NAT,,ROMAN,roman_headline_body_rrf_method_D,33,16111,0.012987012987012988,50
post_phase12_module2_M2-B,M2-B,R067,Pakistani dramas ki stories pehle se kam strong kyun lagti hain,NAT,,ROMAN,roman_headline_body_rrf_method_D,34,110507,0.012987012987012988,50
post_phase12_module2_M2-B,M2-B,R067,Pakistani dramas ki stories pehle se kam strong kyun lagti hain,NAT,,ROMAN,roman_headline_body_rrf_method_D,35,4836,0.01282051282051282,50
post_phase12_module2_M2-B,M2-B,R067,Pakistani dramas ki stories pehle se kam strong kyun lagti hain,NAT,,ROMAN,roman_headline_body_rrf_method_D,36,20008,0.01282051282051282,50
post_phase12_module2_M2-B,M2-B,R067,Pakistani dramas ki stories pehle se kam strong kyun lagti hain,NAT,,ROMAN,roman_headline_body_rrf_method_D,37,62770,0.012658227848101266,50
post_phase12_module2_M2-B,M2-B,R067,Pakistani dramas ki stories pehle se kam strong kyun lagti hain,NAT,,ROMAN,roman_headline_body_rrf_method_D,38,93340,0.012658227848101266,50
post_phase12_module2_M2-B,M2-B,R067,Pakistani dramas ki stories pehle se kam strong kyun lagti hain,NAT,,ROMAN,roman_headline_body_rrf_method_D,39,79392,0.0125,50
post_phase12_module2_M2-B,M2-B,R067,Pakistani dramas ki stories pehle se kam strong kyun lagti hain,NAT,,ROMAN,roman_headline_body_rrf_method_D,40,109003,0.0125,50
post_phase12_module2_M2-B,M2-B,R067,Pakistani dramas ki stories pehle se kam strong kyun lagti hain,NAT,,ROMAN,roman_headline_body_rrf_method_D,41,40702,0.012345679012345678,50
post_phase12_module2_M2-B,M2-B,R067,Pakistani dramas ki stories pehle se kam strong kyun lagti hain,NAT,,ROMAN,roman_headline_body_rrf_method_D,42,111424,0.012345679012345678,50
post_phase12_module2_M2-B,M2-B,R067,Pakistani dramas ki stories pehle se kam strong kyun lagti hain,NAT,,ROMAN,roman_headline_body_rrf_method_D,43,19848,0.012195121951219513,50
post_phase12_module2_M2-B,M2-B,R067,Pakistani dramas ki stories pehle se kam strong kyun lagti hain,NAT,,ROMAN,roman_headline_body_rrf_method_D,44,108266,0.012195121951219513,50
post_phase12_module2_M2-B,M2-B,R067,Pakistani dramas ki stories pehle se kam strong kyun lagti hain,NAT,,ROMAN,roman_headline_body_rrf_method_D,45,15940,0.012048192771084338,50
post_phase12_module2_M2-B,M2-B,R067,Pakistani dramas ki stories pehle se kam strong kyun lagti hain,NAT,,ROMAN,roman_headline_body_rrf_method_D,46,19602,0.012048192771084338,50
post_phase12_module2_M2-B,M2-B,R067,Pakistani dramas ki stories pehle se kam strong kyun lagti hain,NAT,,ROMAN,roman_headline_body_rrf_method_D,47,695,0.011904761904761904,50
post_phase12_module2_M2-B,M2-B,R067,Pakistani dramas ki stories pehle se kam strong kyun lagti hain,NAT,,ROMAN,roman_headline_body_rrf_method_D,48,107356,0.011904761904761904,50
post_phase12_module2_M2-B,M2-B,R067,Pakistani dramas ki stories pehle se kam strong kyun lagti hain,NAT,,ROMAN,roman_headline_body_rrf_method_D,49,75704,0.011764705882352941,50
post_phase12_module2_M2-B,M2-B,R067,Pakistani dramas ki stories pehle se kam strong kyun lagti hain,NAT,,ROMAN,roman_headline_body_rrf_method_D,50,79571,0.011764705882352941,50
post_phase12_module2_M2-B,M2-B,R068,iphone 16 Pakistan price,NAT,,ROMAN,roman_headline_body_rrf_method_D,1,56688,0.01639344262295082,50
post_phase12_module2_M2-B,M2-B,R068,iphone 16 Pakistan price,NAT,,ROMAN,roman_headline_body_rrf_method_D,2,65609,0.01639344262295082,50
post_phase12_module2_M2-B,M2-B,R068,iphone 16 Pakistan price,NAT,,ROMAN,roman_headline_body_rrf_method_D,3,1032,0.016129032258064516,50
post_phase12_module2_M2-B,M2-B,R068,iphone 16 Pakistan price,NAT,,ROMAN,roman_headline_body_rrf_method_D,4,63614,0.016129032258064516,50
post_phase12_module2_M2-B,M2-B,R068,iphone 16 Pakistan price,NAT,,ROMAN,roman_headline_body_rrf_method_D,5,3096,0.015873015873015872,50
post_phase12_module2_M2-B,M2-B,R068,iphone 16 Pakistan price,NAT,,ROMAN,roman_headline_body_rrf_method_D,6,61386,0.015873015873015872,50
post_phase12_module2_M2-B,M2-B,R068,iphone 16 Pakistan price,NAT,,ROMAN,roman_headline_body_rrf_method_D,7,29996,0.015625,50
post_phase12_module2_M2-B,M2-B,R068,iphone 16 Pakistan price,NAT,,ROMAN,roman_headline_body_rrf_method_D,8,63196,0.015625,50
post_phase12_module2_M2-B,M2-B,R068,iphone 16 Pakistan price,NAT,,ROMAN,roman_headline_body_rrf_method_D,9,24748,0.015384615384615385,50
post_phase12_module2_M2-B,M2-B,R068,iphone 16 Pakistan price,NAT,,ROMAN,roman_headline_body_rrf_method_D,10,64642,0.015384615384615385,50
post_phase12_module2_M2-B,M2-B,R068,iphone 16 Pakistan price,NAT,,ROMAN,roman_headline_body_rrf_method_D,11,72034,0.015151515151515152,50
post_phase12_module2_M2-B,M2-B,R068,iphone 16 Pakistan price,NAT,,ROMAN,roman_headline_body_rrf_method_D,12,87256,0.015151515151515152,50
post_phase12_module2_M2-B,M2-B,R068,iphone 16 Pakistan price,NAT,,ROMAN,roman_headline_body_rrf_method_D,13,54709,0.014925373134328358,50
post_phase12_module2_M2-B,M2-B,R068,iphone 16 Pakistan price,NAT,,ROMAN,roman_headline_body_rrf_method_D,14,63243,0.014925373134328358,50
post_phase12_module2_M2-B,M2-B,R068,iphone 16 Pakistan price,NAT,,ROMAN,roman_headline_body_rrf_method_D,15,56400,0.014705882352941176,50
post_phase12_module2_M2-B,M2-B,R068,iphone 16 Pakistan price,NAT,,ROMAN,roman_headline_body_rrf_method_D,16,72478,0.014705882352941176,50
post_phase12_module2_M2-B,M2-B,R068,iphone 16 Pakistan price,NAT,,ROMAN,roman_headline_body_rrf_method_D,17,28024,0.014492753623188406,50
post_phase12_module2_M2-B,M2-B,R068,iphone 16 Pakistan price,NAT,,ROMAN,roman_headline_body_rrf_method_D,18,63707,0.014492753623188406,50
post_phase12_module2_M2-B,M2-B,R068,iphone 16 Pakistan price,NAT,,ROMAN,roman_headline_body_rrf_method_D,19,38941,0.014285714285714285,50
post_phase12_module2_M2-B,M2-B,R068,iphone 16 Pakistan price,NAT,,ROMAN,roman_headline_body_rrf_method_D,20,88138,0.014285714285714285,50
post_phase12_module2_M2-B,M2-B,R068,iphone 16 Pakistan price,NAT,,ROMAN,roman_headline_body_rrf_method_D,21,34316,0.014084507042253521,50
post_phase12_module2_M2-B,M2-B,R068,iphone 16 Pakistan price,NAT,,ROMAN,roman_headline_body_rrf_method_D,22,78278,0.014084507042253521,50
post_phase12_module2_M2-B,M2-B,R068,iphone 16 Pakistan price,NAT,,ROMAN,roman_headline_body_rrf_method_D,23,38178,0.013888888888888888,50
post_phase12_module2_M2-B,M2-B,R068,iphone 16 Pakistan price,NAT,,ROMAN,roman_headline_body_rrf_method_D,24,61622,0.013888888888888888,50
post_phase12_module2_M2-B,M2-B,R068,iphone 16 Pakistan price,NAT,,ROMAN,roman_headline_body_rrf_method_D,25,70684,0.0136986301369863,50
post_phase12_module2_M2-B,M2-B,R068,iphone 16 Pakistan price,NAT,,ROMAN,roman_headline_body_rrf_method_D,26,90556,0.0136986301369863,50
post_phase12_module2_M2-B,M2-B,R068,iphone 16 Pakistan price,NAT,,ROMAN,roman_headline_body_rrf_method_D,27,22542,0.013513513513513514,50
post_phase12_module2_M2-B,M2-B,R068,iphone 16 Pakistan price,NAT,,ROMAN,roman_headline_body_rrf_method_D,28,94775,0.013513513513513514,50
post_phase12_module2_M2-B,M2-B,R068,iphone 16 Pakistan price,NAT,,ROMAN,roman_headline_body_rrf_method_D,29,70217,0.013333333333333334,50
post_phase12_module2_M2-B,M2-B,R068,iphone 16 Pakistan price,NAT,,ROMAN,roman_headline_body_rrf_method_D,30,94769,0.013333333333333334,50
post_phase12_module2_M2-B,M2-B,R068,iphone 16 Pakistan price,NAT,,ROMAN,roman_headline_body_rrf_method_D,31,64539,0.013157894736842105,50
post_phase12_module2_M2-B,M2-B,R068,iphone 16 Pakistan price,NAT,,ROMAN,roman_headline_body_rrf_method_D,32,95240,0.013157894736842105,50
post_phase12_module2_M2-B,M2-B,R068,iphone 16 Pakistan price,NAT,,ROMAN,roman_headline_body_rrf_method_D,33,65144,0.012987012987012988,50
post_phase12_module2_M2-B,M2-B,R068,iphone 16 Pakistan price,NAT,,ROMAN,roman_headline_body_rrf_method_D,34,87445,0.012987012987012988,50
post_phase12_module2_M2-B,M2-B,R068,iphone 16 Pakistan price,NAT,,ROMAN,roman_headline_body_rrf_method_D,35,43481,0.01282051282051282,50
post_phase12_module2_M2-B,M2-B,R068,iphone 16 Pakistan price,NAT,,ROMAN,roman_headline_body_rrf_method_D,36,77946,0.01282051282051282,50
post_phase12_module2_M2-B,M2-B,R068,iphone 16 Pakistan price,NAT,,ROMAN,roman_headline_body_rrf_method_D,37,34733,0.012658227848101266,50
post_phase12_module2_M2-B,M2-B,R068,iphone 16 Pakistan price,NAT,,ROMAN,roman_headline_body_rrf_method_D,38,76478,0.012658227848101266,50
post_phase12_module2_M2-B,M2-B,R068,iphone 16 Pakistan price,NAT,,ROMAN,roman_headline_body_rrf_method_D,39,18206,0.0125,50
post_phase12_module2_M2-B,M2-B,R068,iphone 16 Pakistan price,NAT,,ROMAN,roman_headline_body_rrf_method_D,40,70120,0.0125,50
post_phase12_module2_M2-B,M2-B,R068,iphone 16 Pakistan price,NAT,,ROMAN,roman_headline_body_rrf_method_D,41,18353,0.012345679012345678,50
post_phase12_module2_M2-B,M2-B,R068,iphone 16 Pakistan price,NAT,,ROMAN,roman_headline_body_rrf_method_D,42,65879,0.012345679012345678,50
post_phase12_module2_M2-B,M2-B,R068,iphone 16 Pakistan price,NAT,,ROMAN,roman_headline_body_rrf_method_D,43,63186,0.012195121951219513,50
post_phase12_module2_M2-B,M2-B,R068,iphone 16 Pakistan price,NAT,,ROMAN,roman_headline_body_rrf_method_D,44,73495,0.012195121951219513,50
post_phase12_module2_M2-B,M2-B,R068,iphone 16 Pakistan price,NAT,,ROMAN,roman_headline_body_rrf_method_D,45,23994,0.012048192771084338,50
post_phase12_module2_M2-B,M2-B,R068,iphone 16 Pakistan price,NAT,,ROMAN,roman_headline_body_rrf_method_D,46,51966,0.012048192771084338,50
post_phase12_module2_M2-B,M2-B,R068,iphone 16 Pakistan price,NAT,,ROMAN,roman_headline_body_rrf_method_D,47,61513,0.011904761904761904,50
post_phase12_module2_M2-B,M2-B,R068,iphone 16 Pakistan price,NAT,,ROMAN,roman_headline_body_rrf_method_D,48,78358,0.011904761904761904,50
post_phase12_module2_M2-B,M2-B,R068,iphone 16 Pakistan price,NAT,,ROMAN,roman_headline_body_rrf_method_D,49,63182,0.011764705882352941,50
post_phase12_module2_M2-B,M2-B,R068,iphone 16 Pakistan price,NAT,,ROMAN,roman_headline_body_rrf_method_D,50,89366,0.011764705882352941,50
post_phase12_module2_M2-B,M2-B,R069,cristiano ronaldo al nassr news,NAT,,ROMAN,roman_headline_body_rrf_method_D,1,54965,0.028021349599695006,50
post_phase12_module2_M2-B,M2-B,R069,cristiano ronaldo al nassr news,NAT,,ROMAN,roman_headline_body_rrf_method_D,2,27368,0.024475524475524476,50
post_phase12_module2_M2-B,M2-B,R069,cristiano ronaldo al nassr news,NAT,,ROMAN,roman_headline_body_rrf_method_D,3,33511,0.024016563146997932,50
post_phase12_module2_M2-B,M2-B,R069,cristiano ronaldo al nassr news,NAT,,ROMAN,roman_headline_body_rrf_method_D,4,30461,0.022420975251163933,50
post_phase12_module2_M2-B,M2-B,R069,cristiano ronaldo al nassr news,NAT,,ROMAN,roman_headline_body_rrf_method_D,5,51121,0.02186379928315412,50
post_phase12_module2_M2-B,M2-B,R069,cristiano ronaldo al nassr news,NAT,,ROMAN,roman_headline_body_rrf_method_D,6,31417,0.020792932557638442,50
post_phase12_module2_M2-B,M2-B,R069,cristiano ronaldo al nassr news,NAT,,ROMAN,roman_headline_body_rrf_method_D,7,44476,0.01639344262295082,50
post_phase12_module2_M2-B,M2-B,R069,cristiano ronaldo al nassr news,NAT,,ROMAN,roman_headline_body_rrf_method_D,8,30620,0.016129032258064516,50
post_phase12_module2_M2-B,M2-B,R069,cristiano ronaldo al nassr news,NAT,,ROMAN,roman_headline_body_rrf_method_D,9,49708,0.016129032258064516,50
post_phase12_module2_M2-B,M2-B,R069,cristiano ronaldo al nassr news,NAT,,ROMAN,roman_headline_body_rrf_method_D,10,29966,0.015873015873015872,50
post_phase12_module2_M2-B,M2-B,R069,cristiano ronaldo al nassr news,NAT,,ROMAN,roman_headline_body_rrf_method_D,11,30507,0.015873015873015872,50
post_phase12_module2_M2-B,M2-B,R069,cristiano ronaldo al nassr news,NAT,,ROMAN,roman_headline_body_rrf_method_D,12,8143,0.015625,50
post_phase12_module2_M2-B,M2-B,R069,cristiano ronaldo al nassr news,NAT,,ROMAN,roman_headline_body_rrf_method_D,13,68371,0.015625,50
post_phase12_module2_M2-B,M2-B,R069,cristiano ronaldo al nassr news,NAT,,ROMAN,roman_headline_body_rrf_method_D,14,14939,0.015384615384615385,50
post_phase12_module2_M2-B,M2-B,R069,cristiano ronaldo al nassr news,NAT,,ROMAN,roman_headline_body_rrf_method_D,15,8169,0.015151515151515152,50
post_phase12_module2_M2-B,M2-B,R069,cristiano ronaldo al nassr news,NAT,,ROMAN,roman_headline_body_rrf_method_D,16,34303,0.015151515151515152,50
post_phase12_module2_M2-B,M2-B,R069,cristiano ronaldo al nassr news,NAT,,ROMAN,roman_headline_body_rrf_method_D,17,26626,0.014925373134328358,50
post_phase12_module2_M2-B,M2-B,R069,cristiano ronaldo al nassr news,NAT,,ROMAN,roman_headline_body_rrf_method_D,18,32615,0.014925373134328358,50
post_phase12_module2_M2-B,M2-B,R069,cristiano ronaldo al nassr news,NAT,,ROMAN,roman_headline_body_rrf_method_D,19,34786,0.014705882352941176,50
post_phase12_module2_M2-B,M2-B,R069,cristiano ronaldo al nassr news,NAT,,ROMAN,roman_headline_body_rrf_method_D,20,81340,0.014705882352941176,50
post_phase12_module2_M2-B,M2-B,R069,cristiano ronaldo al nassr news,NAT,,ROMAN,roman_headline_body_rrf_method_D,21,37736,0.014492753623188406,50
post_phase12_module2_M2-B,M2-B,R069,cristiano ronaldo al nassr news,NAT,,ROMAN,roman_headline_body_rrf_method_D,22,26632,0.014285714285714285,50
post_phase12_module2_M2-B,M2-B,R069,cristiano ronaldo al nassr news,NAT,,ROMAN,roman_headline_body_rrf_method_D,23,38364,0.014285714285714285,50
post_phase12_module2_M2-B,M2-B,R069,cristiano ronaldo al nassr news,NAT,,ROMAN,roman_headline_body_rrf_method_D,24,23288,0.014084507042253521,50
post_phase12_module2_M2-B,M2-B,R069,cristiano ronaldo al nassr news,NAT,,ROMAN,roman_headline_body_rrf_method_D,25,26965,0.014084507042253521,50
post_phase12_module2_M2-B,M2-B,R069,cristiano ronaldo al nassr news,NAT,,ROMAN,roman_headline_body_rrf_method_D,26,34499,0.013888888888888888,50
post_phase12_module2_M2-B,M2-B,R069,cristiano ronaldo al nassr news,NAT,,ROMAN,roman_headline_body_rrf_method_D,27,81321,0.013888888888888888,50
post_phase12_module2_M2-B,M2-B,R069,cristiano ronaldo al nassr news,NAT,,ROMAN,roman_headline_body_rrf_method_D,28,69254,0.0136986301369863,50
post_phase12_module2_M2-B,M2-B,R069,cristiano ronaldo al nassr news,NAT,,ROMAN,roman_headline_body_rrf_method_D,29,81297,0.0136986301369863,50
post_phase12_module2_M2-B,M2-B,R069,cristiano ronaldo al nassr news,NAT,,ROMAN,roman_headline_body_rrf_method_D,30,82178,0.013513513513513514,50
post_phase12_module2_M2-B,M2-B,R069,cristiano ronaldo al nassr news,NAT,,ROMAN,roman_headline_body_rrf_method_D,31,82195,0.013513513513513514,50
post_phase12_module2_M2-B,M2-B,R069,cristiano ronaldo al nassr news,NAT,,ROMAN,roman_headline_body_rrf_method_D,32,24837,0.013333333333333334,50
post_phase12_module2_M2-B,M2-B,R069,cristiano ronaldo al nassr news,NAT,,ROMAN,roman_headline_body_rrf_method_D,33,36787,0.013333333333333334,50
post_phase12_module2_M2-B,M2-B,R069,cristiano ronaldo al nassr news,NAT,,ROMAN,roman_headline_body_rrf_method_D,34,35169,0.013157894736842105,50
post_phase12_module2_M2-B,M2-B,R069,cristiano ronaldo al nassr news,NAT,,ROMAN,roman_headline_body_rrf_method_D,35,41623,0.013157894736842105,50
post_phase12_module2_M2-B,M2-B,R069,cristiano ronaldo al nassr news,NAT,,ROMAN,roman_headline_body_rrf_method_D,36,25233,0.012987012987012988,50
post_phase12_module2_M2-B,M2-B,R069,cristiano ronaldo al nassr news,NAT,,ROMAN,roman_headline_body_rrf_method_D,37,30638,0.01282051282051282,50
post_phase12_module2_M2-B,M2-B,R069,cristiano ronaldo al nassr news,NAT,,ROMAN,roman_headline_body_rrf_method_D,38,56916,0.01282051282051282,50
post_phase12_module2_M2-B,M2-B,R069,cristiano ronaldo al nassr news,NAT,,ROMAN,roman_headline_body_rrf_method_D,39,43389,0.012658227848101266,50
post_phase12_module2_M2-B,M2-B,R069,cristiano ronaldo al nassr news,NAT,,ROMAN,roman_headline_body_rrf_method_D,40,45374,0.012658227848101266,50
post_phase12_module2_M2-B,M2-B,R069,cristiano ronaldo al nassr news,NAT,,ROMAN,roman_headline_body_rrf_method_D,41,34954,0.0125,50
post_phase12_module2_M2-B,M2-B,R069,cristiano ronaldo al nassr news,NAT,,ROMAN,roman_headline_body_rrf_method_D,42,42067,0.0125,50
post_phase12_module2_M2-B,M2-B,R069,cristiano ronaldo al nassr news,NAT,,ROMAN,roman_headline_body_rrf_method_D,43,33592,0.012345679012345678,50
post_phase12_module2_M2-B,M2-B,R069,cristiano ronaldo al nassr news,NAT,,ROMAN,roman_headline_body_rrf_method_D,44,83806,0.012345679012345678,50
post_phase12_module2_M2-B,M2-B,R069,cristiano ronaldo al nassr news,NAT,,ROMAN,roman_headline_body_rrf_method_D,45,7556,0.012195121951219513,50
post_phase12_module2_M2-B,M2-B,R069,cristiano ronaldo al nassr news,NAT,,ROMAN,roman_headline_body_rrf_method_D,46,86195,0.012195121951219513,50
post_phase12_module2_M2-B,M2-B,R069,cristiano ronaldo al nassr news,NAT,,ROMAN,roman_headline_body_rrf_method_D,47,68605,0.012048192771084338,50
post_phase12_module2_M2-B,M2-B,R069,cristiano ronaldo al nassr news,NAT,,ROMAN,roman_headline_body_rrf_method_D,48,86039,0.012048192771084338,50
post_phase12_module2_M2-B,M2-B,R069,cristiano ronaldo al nassr news,NAT,,ROMAN,roman_headline_body_rrf_method_D,49,54504,0.011904761904761904,50
post_phase12_module2_M2-B,M2-B,R069,cristiano ronaldo al nassr news,NAT,,ROMAN,roman_headline_body_rrf_method_D,50,85812,0.011904761904761904,50
post_phase12_module2_M2-B,M2-B,R070,کراچی stock exchange aaj close par kitne points par band hua,NAT,,MIXED,urdu_headline_body_rrf,1,57899,0.032018442622950824,50
post_phase12_module2_M2-B,M2-B,R070,کراچی stock exchange aaj close par kitne points par band hua,NAT,,MIXED,urdu_headline_body_rrf,2,76727,0.02345679012345679,50
post_phase12_module2_M2-B,M2-B,R070,کراچی stock exchange aaj close par kitne points par band hua,NAT,,MIXED,urdu_headline_body_rrf,3,30424,0.01639344262295082,50
post_phase12_module2_M2-B,M2-B,R070,کراچی stock exchange aaj close par kitne points par band hua,NAT,,MIXED,urdu_headline_body_rrf,4,18837,0.016129032258064516,50
post_phase12_module2_M2-B,M2-B,R070,کراچی stock exchange aaj close par kitne points par band hua,NAT,,MIXED,urdu_headline_body_rrf,5,111021,0.016129032258064516,50
post_phase12_module2_M2-B,M2-B,R070,کراچی stock exchange aaj close par kitne points par band hua,NAT,,MIXED,urdu_headline_body_rrf,6,62322,0.015873015873015872,50
post_phase12_module2_M2-B,M2-B,R070,کراچی stock exchange aaj close par kitne points par band hua,NAT,,MIXED,urdu_headline_body_rrf,7,62963,0.015873015873015872,50
post_phase12_module2_M2-B,M2-B,R070,کراچی stock exchange aaj close par kitne points par band hua,NAT,,MIXED,urdu_headline_body_rrf,8,65584,0.015625,50
post_phase12_module2_M2-B,M2-B,R070,کراچی stock exchange aaj close par kitne points par band hua,NAT,,MIXED,urdu_headline_body_rrf,9,50888,0.015384615384615385,50
post_phase12_module2_M2-B,M2-B,R070,کراچی stock exchange aaj close par kitne points par band hua,NAT,,MIXED,urdu_headline_body_rrf,10,86673,0.015384615384615385,50
post_phase12_module2_M2-B,M2-B,R070,کراچی stock exchange aaj close par kitne points par band hua,NAT,,MIXED,urdu_headline_body_rrf,11,19007,0.015151515151515152,50
post_phase12_module2_M2-B,M2-B,R070,کراچی stock exchange aaj close par kitne points par band hua,NAT,,MIXED,urdu_headline_body_rrf,12,61585,0.015151515151515152,50
post_phase12_module2_M2-B,M2-B,R070,کراچی stock exchange aaj close par kitne points par band hua,NAT,,MIXED,urdu_headline_body_rrf,13,18988,0.014925373134328358,50
post_phase12_module2_M2-B,M2-B,R070,کراچی stock exchange aaj close par kitne points par band hua,NAT,,MIXED,urdu_headline_body_rrf,14,80524,0.014925373134328358,50
post_phase12_module2_M2-B,M2-B,R070,کراچی stock exchange aaj close par kitne points par band hua,NAT,,MIXED,urdu_headline_body_rrf,15,19139,0.014705882352941176,50
post_phase12_module2_M2-B,M2-B,R070,کراچی stock exchange aaj close par kitne points par band hua,NAT,,MIXED,urdu_headline_body_rrf,16,88959,0.014705882352941176,50
post_phase12_module2_M2-B,M2-B,R070,کراچی stock exchange aaj close par kitne points par band hua,NAT,,MIXED,urdu_headline_body_rrf,17,19147,0.014492753623188406,50
post_phase12_module2_M2-B,M2-B,R070,کراچی stock exchange aaj close par kitne points par band hua,NAT,,MIXED,urdu_headline_body_rrf,18,87797,0.014492753623188406,50
post_phase12_module2_M2-B,M2-B,R070,کراچی stock exchange aaj close par kitne points par band hua,NAT,,MIXED,urdu_headline_body_rrf,19,41749,0.014285714285714285,50
post_phase12_module2_M2-B,M2-B,R070,کراچی stock exchange aaj close par kitne points par band hua,NAT,,MIXED,urdu_headline_body_rrf,20,108672,0.014285714285714285,50
post_phase12_module2_M2-B,M2-B,R070,کراچی stock exchange aaj close par kitne points par band hua,NAT,,MIXED,urdu_headline_body_rrf,21,29243,0.014084507042253521,50
post_phase12_module2_M2-B,M2-B,R070,کراچی stock exchange aaj close par kitne points par band hua,NAT,,MIXED,urdu_headline_body_rrf,22,42875,0.014084507042253521,50
post_phase12_module2_M2-B,M2-B,R070,کراچی stock exchange aaj close par kitne points par band hua,NAT,,MIXED,urdu_headline_body_rrf,23,19015,0.013888888888888888,50
post_phase12_module2_M2-B,M2-B,R070,کراچی stock exchange aaj close par kitne points par band hua,NAT,,MIXED,urdu_headline_body_rrf,24,47208,0.013888888888888888,50
post_phase12_module2_M2-B,M2-B,R070,کراچی stock exchange aaj close par kitne points par band hua,NAT,,MIXED,urdu_headline_body_rrf,25,85488,0.0136986301369863,50
post_phase12_module2_M2-B,M2-B,R070,کراچی stock exchange aaj close par kitne points par band hua,NAT,,MIXED,urdu_headline_body_rrf,26,87791,0.0136986301369863,50
post_phase12_module2_M2-B,M2-B,R070,کراچی stock exchange aaj close par kitne points par band hua,NAT,,MIXED,urdu_headline_body_rrf,27,17291,0.013513513513513514,50
post_phase12_module2_M2-B,M2-B,R070,کراچی stock exchange aaj close par kitne points par band hua,NAT,,MIXED,urdu_headline_body_rrf,28,86193,0.013513513513513514,50
post_phase12_module2_M2-B,M2-B,R070,کراچی stock exchange aaj close par kitne points par band hua,NAT,,MIXED,urdu_headline_body_rrf,29,18314,0.013333333333333334,50
post_phase12_module2_M2-B,M2-B,R070,کراچی stock exchange aaj close par kitne points par band hua,NAT,,MIXED,urdu_headline_body_rrf,30,95009,0.013333333333333334,50
post_phase12_module2_M2-B,M2-B,R070,کراچی stock exchange aaj close par kitne points par band hua,NAT,,MIXED,urdu_headline_body_rrf,31,19153,0.013157894736842105,50
post_phase12_module2_M2-B,M2-B,R070,کراچی stock exchange aaj close par kitne points par band hua,NAT,,MIXED,urdu_headline_body_rrf,32,77565,0.013157894736842105,50
post_phase12_module2_M2-B,M2-B,R070,کراچی stock exchange aaj close par kitne points par band hua,NAT,,MIXED,urdu_headline_body_rrf,33,38308,0.012987012987012988,50
post_phase12_module2_M2-B,M2-B,R070,کراچی stock exchange aaj close par kitne points par band hua,NAT,,MIXED,urdu_headline_body_rrf,34,77137,0.012987012987012988,50
post_phase12_module2_M2-B,M2-B,R070,کراچی stock exchange aaj close par kitne points par band hua,NAT,,MIXED,urdu_headline_body_rrf,35,42907,0.01282051282051282,50
post_phase12_module2_M2-B,M2-B,R070,کراچی stock exchange aaj close par kitne points par band hua,NAT,,MIXED,urdu_headline_body_rrf,36,103909,0.01282051282051282,50
post_phase12_module2_M2-B,M2-B,R070,کراچی stock exchange aaj close par kitne points par band hua,NAT,,MIXED,urdu_headline_body_rrf,37,58722,0.012658227848101266,50
post_phase12_module2_M2-B,M2-B,R070,کراچی stock exchange aaj close par kitne points par band hua,NAT,,MIXED,urdu_headline_body_rrf,38,62584,0.012658227848101266,50
post_phase12_module2_M2-B,M2-B,R070,کراچی stock exchange aaj close par kitne points par band hua,NAT,,MIXED,urdu_headline_body_rrf,39,41760,0.0125,50
post_phase12_module2_M2-B,M2-B,R070,کراچی stock exchange aaj close par kitne points par band hua,NAT,,MIXED,urdu_headline_body_rrf,40,61529,0.0125,50
post_phase12_module2_M2-B,M2-B,R070,کراچی stock exchange aaj close par kitne points par band hua,NAT,,MIXED,urdu_headline_body_rrf,41,42264,0.012345679012345678,50
post_phase12_module2_M2-B,M2-B,R070,کراچی stock exchange aaj close par kitne points par band hua,NAT,,MIXED,urdu_headline_body_rrf,42,17320,0.012195121951219513,50
post_phase12_module2_M2-B,M2-B,R070,کراچی stock exchange aaj close par kitne points par band hua,NAT,,MIXED,urdu_headline_body_rrf,43,62221,0.012195121951219513,50
post_phase12_module2_M2-B,M2-B,R070,کراچی stock exchange aaj close par kitne points par band hua,NAT,,MIXED,urdu_headline_body_rrf,44,17153,0.012048192771084338,50
post_phase12_module2_M2-B,M2-B,R070,کراچی stock exchange aaj close par kitne points par band hua,NAT,,MIXED,urdu_headline_body_rrf,45,88986,0.012048192771084338,50
post_phase12_module2_M2-B,M2-B,R070,کراچی stock exchange aaj close par kitne points par band hua,NAT,,MIXED,urdu_headline_body_rrf,46,45667,0.011904761904761904,50
post_phase12_module2_M2-B,M2-B,R070,کراچی stock exchange aaj close par kitne points par band hua,NAT,,MIXED,urdu_headline_body_rrf,47,65789,0.011904761904761904,50
post_phase12_module2_M2-B,M2-B,R070,کراچی stock exchange aaj close par kitne points par band hua,NAT,,MIXED,urdu_headline_body_rrf,48,17155,0.011764705882352941,50
post_phase12_module2_M2-B,M2-B,R070,کراچی stock exchange aaj close par kitne points par band hua,NAT,,MIXED,urdu_headline_body_rrf,49,62469,0.011764705882352941,50
post_phase12_module2_M2-B,M2-B,R070,کراچی stock exchange aaj close par kitne points par band hua,NAT,,MIXED,urdu_headline_body_rrf,50,28181,0.011627906976744186,50
post_phase12_module2_M2-B,M2-B,R071,Lahore mein smog season mein schools band kyun hoti hain aur hukumat kya kar rahi hai,NAT,,ROMAN,roman_headline_body_rrf_method_D,1,48092,0.029571646010002173,50
post_phase12_module2_M2-B,M2-B,R071,Lahore mein smog season mein schools band kyun hoti hain aur hukumat kya kar rahi hai,NAT,,ROMAN,roman_headline_body_rrf_method_D,2,66314,0.02565284178187404,50
post_phase12_module2_M2-B,M2-B,R071,Lahore mein smog season mein schools band kyun hoti hain aur hukumat kya kar rahi hai,NAT,,ROMAN,roman_headline_body_rrf_method_D,3,106955,0.02393162393162393,50
post_phase12_module2_M2-B,M2-B,R071,Lahore mein smog season mein schools band kyun hoti hain aur hukumat kya kar rahi hai,NAT,,ROMAN,roman_headline_body_rrf_method_D,4,106804,0.023709315375982042,50
post_phase12_module2_M2-B,M2-B,R071,Lahore mein smog season mein schools band kyun hoti hain aur hukumat kya kar rahi hai,NAT,,ROMAN,roman_headline_body_rrf_method_D,5,66936,0.021663577386468954,50
post_phase12_module2_M2-B,M2-B,R071,Lahore mein smog season mein schools band kyun hoti hain aur hukumat kya kar rahi hai,NAT,,ROMAN,roman_headline_body_rrf_method_D,6,6233,0.01956853760977472,50
post_phase12_module2_M2-B,M2-B,R071,Lahore mein smog season mein schools band kyun hoti hain aur hukumat kya kar rahi hai,NAT,,ROMAN,roman_headline_body_rrf_method_D,7,16051,0.01639344262295082,50
post_phase12_module2_M2-B,M2-B,R071,Lahore mein smog season mein schools band kyun hoti hain aur hukumat kya kar rahi hai,NAT,,ROMAN,roman_headline_body_rrf_method_D,8,25270,0.01639344262295082,50
post_phase12_module2_M2-B,M2-B,R071,Lahore mein smog season mein schools band kyun hoti hain aur hukumat kya kar rahi hai,NAT,,ROMAN,roman_headline_body_rrf_method_D,9,13868,0.016129032258064516,50
post_phase12_module2_M2-B,M2-B,R071,Lahore mein smog season mein schools band kyun hoti hain aur hukumat kya kar rahi hai,NAT,,ROMAN,roman_headline_body_rrf_method_D,10,80361,0.015873015873015872,50
post_phase12_module2_M2-B,M2-B,R071,Lahore mein smog season mein schools band kyun hoti hain aur hukumat kya kar rahi hai,NAT,,ROMAN,roman_headline_body_rrf_method_D,11,5544,0.015625,50
post_phase12_module2_M2-B,M2-B,R071,Lahore mein smog season mein schools band kyun hoti hain aur hukumat kya kar rahi hai,NAT,,ROMAN,roman_headline_body_rrf_method_D,12,16929,0.015625,50
post_phase12_module2_M2-B,M2-B,R071,Lahore mein smog season mein schools band kyun hoti hain aur hukumat kya kar rahi hai,NAT,,ROMAN,roman_headline_body_rrf_method_D,13,48389,0.015384615384615385,50
post_phase12_module2_M2-B,M2-B,R071,Lahore mein smog season mein schools band kyun hoti hain aur hukumat kya kar rahi hai,NAT,,ROMAN,roman_headline_body_rrf_method_D,14,79984,0.015384615384615385,50
post_phase12_module2_M2-B,M2-B,R071,Lahore mein smog season mein schools band kyun hoti hain aur hukumat kya kar rahi hai,NAT,,ROMAN,roman_headline_body_rrf_method_D,15,17992,0.015151515151515152,50
post_phase12_module2_M2-B,M2-B,R071,Lahore mein smog season mein schools band kyun hoti hain aur hukumat kya kar rahi hai,NAT,,ROMAN,roman_headline_body_rrf_method_D,16,49456,0.015151515151515152,50
post_phase12_module2_M2-B,M2-B,R071,Lahore mein smog season mein schools band kyun hoti hain aur hukumat kya kar rahi hai,NAT,,ROMAN,roman_headline_body_rrf_method_D,17,23643,0.014925373134328358,50
post_phase12_module2_M2-B,M2-B,R071,Lahore mein smog season mein schools band kyun hoti hain aur hukumat kya kar rahi hai,NAT,,ROMAN,roman_headline_body_rrf_method_D,18,98166,0.014925373134328358,50
post_phase12_module2_M2-B,M2-B,R071,Lahore mein smog season mein schools band kyun hoti hain aur hukumat kya kar rahi hai,NAT,,ROMAN,roman_headline_body_rrf_method_D,19,14020,0.014705882352941176,50
post_phase12_module2_M2-B,M2-B,R071,Lahore mein smog season mein schools band kyun hoti hain aur hukumat kya kar rahi hai,NAT,,ROMAN,roman_headline_body_rrf_method_D,20,50165,0.014705882352941176,50
post_phase12_module2_M2-B,M2-B,R071,Lahore mein smog season mein schools band kyun hoti hain aur hukumat kya kar rahi hai,NAT,,ROMAN,roman_headline_body_rrf_method_D,21,23402,0.014492753623188406,50
post_phase12_module2_M2-B,M2-B,R071,Lahore mein smog season mein schools band kyun hoti hain aur hukumat kya kar rahi hai,NAT,,ROMAN,roman_headline_body_rrf_method_D,22,102992,0.014492753623188406,50
post_phase12_module2_M2-B,M2-B,R071,Lahore mein smog season mein schools band kyun hoti hain aur hukumat kya kar rahi hai,NAT,,ROMAN,roman_headline_body_rrf_method_D,23,14157,0.014285714285714285,50
post_phase12_module2_M2-B,M2-B,R071,Lahore mein smog season mein schools band kyun hoti hain aur hukumat kya kar rahi hai,NAT,,ROMAN,roman_headline_body_rrf_method_D,24,68720,0.014285714285714285,50
post_phase12_module2_M2-B,M2-B,R071,Lahore mein smog season mein schools band kyun hoti hain aur hukumat kya kar rahi hai,NAT,,ROMAN,roman_headline_body_rrf_method_D,25,1410,0.014084507042253521,50
post_phase12_module2_M2-B,M2-B,R071,Lahore mein smog season mein schools band kyun hoti hain aur hukumat kya kar rahi hai,NAT,,ROMAN,roman_headline_body_rrf_method_D,26,24293,0.014084507042253521,50
post_phase12_module2_M2-B,M2-B,R071,Lahore mein smog season mein schools band kyun hoti hain aur hukumat kya kar rahi hai,NAT,,ROMAN,roman_headline_body_rrf_method_D,27,12330,0.013888888888888888,50
post_phase12_module2_M2-B,M2-B,R071,Lahore mein smog season mein schools band kyun hoti hain aur hukumat kya kar rahi hai,NAT,,ROMAN,roman_headline_body_rrf_method_D,28,68015,0.013888888888888888,50
post_phase12_module2_M2-B,M2-B,R071,Lahore mein smog season mein schools band kyun hoti hain aur hukumat kya kar rahi hai,NAT,,ROMAN,roman_headline_body_rrf_method_D,29,104528,0.0136986301369863,50
post_phase12_module2_M2-B,M2-B,R071,Lahore mein smog season mein schools band kyun hoti hain aur hukumat kya kar rahi hai,NAT,,ROMAN,roman_headline_body_rrf_method_D,30,24634,0.013513513513513514,50
post_phase12_module2_M2-B,M2-B,R071,Lahore mein smog season mein schools band kyun hoti hain aur hukumat kya kar rahi hai,NAT,,ROMAN,roman_headline_body_rrf_method_D,31,40053,0.013513513513513514,50
post_phase12_module2_M2-B,M2-B,R071,Lahore mein smog season mein schools band kyun hoti hain aur hukumat kya kar rahi hai,NAT,,ROMAN,roman_headline_body_rrf_method_D,32,10264,0.013333333333333334,50
post_phase12_module2_M2-B,M2-B,R071,Lahore mein smog season mein schools band kyun hoti hain aur hukumat kya kar rahi hai,NAT,,ROMAN,roman_headline_body_rrf_method_D,33,50976,0.013333333333333334,50
post_phase12_module2_M2-B,M2-B,R071,Lahore mein smog season mein schools band kyun hoti hain aur hukumat kya kar rahi hai,NAT,,ROMAN,roman_headline_body_rrf_method_D,34,21000,0.013157894736842105,50
post_phase12_module2_M2-B,M2-B,R071,Lahore mein smog season mein schools band kyun hoti hain aur hukumat kya kar rahi hai,NAT,,ROMAN,roman_headline_body_rrf_method_D,35,44513,0.013157894736842105,50
post_phase12_module2_M2-B,M2-B,R071,Lahore mein smog season mein schools band kyun hoti hain aur hukumat kya kar rahi hai,NAT,,ROMAN,roman_headline_body_rrf_method_D,36,23465,0.012987012987012988,50
post_phase12_module2_M2-B,M2-B,R071,Lahore mein smog season mein schools band kyun hoti hain aur hukumat kya kar rahi hai,NAT,,ROMAN,roman_headline_body_rrf_method_D,37,67242,0.012987012987012988,50
post_phase12_module2_M2-B,M2-B,R071,Lahore mein smog season mein schools band kyun hoti hain aur hukumat kya kar rahi hai,NAT,,ROMAN,roman_headline_body_rrf_method_D,38,63203,0.01282051282051282,50
post_phase12_module2_M2-B,M2-B,R071,Lahore mein smog season mein schools band kyun hoti hain aur hukumat kya kar rahi hai,NAT,,ROMAN,roman_headline_body_rrf_method_D,39,13052,0.012658227848101266,50
post_phase12_module2_M2-B,M2-B,R071,Lahore mein smog season mein schools band kyun hoti hain aur hukumat kya kar rahi hai,NAT,,ROMAN,roman_headline_body_rrf_method_D,40,49694,0.012658227848101266,50
post_phase12_module2_M2-B,M2-B,R071,Lahore mein smog season mein schools band kyun hoti hain aur hukumat kya kar rahi hai,NAT,,ROMAN,roman_headline_body_rrf_method_D,41,23725,0.0125,50
post_phase12_module2_M2-B,M2-B,R071,Lahore mein smog season mein schools band kyun hoti hain aur hukumat kya kar rahi hai,NAT,,ROMAN,roman_headline_body_rrf_method_D,42,101309,0.0125,50
post_phase12_module2_M2-B,M2-B,R071,Lahore mein smog season mein schools band kyun hoti hain aur hukumat kya kar rahi hai,NAT,,ROMAN,roman_headline_body_rrf_method_D,43,103738,0.012345679012345678,50
post_phase12_module2_M2-B,M2-B,R071,Lahore mein smog season mein schools band kyun hoti hain aur hukumat kya kar rahi hai,NAT,,ROMAN,roman_headline_body_rrf_method_D,44,48263,0.012195121951219513,50
post_phase12_module2_M2-B,M2-B,R071,Lahore mein smog season mein schools band kyun hoti hain aur hukumat kya kar rahi hai,NAT,,ROMAN,roman_headline_body_rrf_method_D,45,54470,0.012195121951219513,50
post_phase12_module2_M2-B,M2-B,R071,Lahore mein smog season mein schools band kyun hoti hain aur hukumat kya kar rahi hai,NAT,,ROMAN,roman_headline_body_rrf_method_D,46,81968,0.012048192771084338,50
post_phase12_module2_M2-B,M2-B,R071,Lahore mein smog season mein schools band kyun hoti hain aur hukumat kya kar rahi hai,NAT,,ROMAN,roman_headline_body_rrf_method_D,47,100922,0.011904761904761904,50
post_phase12_module2_M2-B,M2-B,R071,Lahore mein smog season mein schools band kyun hoti hain aur hukumat kya kar rahi hai,NAT,,ROMAN,roman_headline_body_rrf_method_D,48,104758,0.011904761904761904,50
post_phase12_module2_M2-B,M2-B,R071,Lahore mein smog season mein schools band kyun hoti hain aur hukumat kya kar rahi hai,NAT,,ROMAN,roman_headline_body_rrf_method_D,49,61473,0.011764705882352941,50
post_phase12_module2_M2-B,M2-B,R071,Lahore mein smog season mein schools band kyun hoti hain aur hukumat kya kar rahi hai,NAT,,ROMAN,roman_headline_body_rrf_method_D,50,69099,0.011764705882352941,50
post_phase12_module2_M2-B,M2-B,R072,ایشیا کپ 2026 schedule Pakistan,NAT,,MIXED,urdu_headline_body_rrf,1,26590,0.0315136476426799,50
post_phase12_module2_M2-B,M2-B,R072,ایشیا کپ 2026 schedule Pakistan,NAT,,MIXED,urdu_headline_body_rrf,2,27820,0.0315136476426799,50
post_phase12_module2_M2-B,M2-B,R072,ایشیا کپ 2026 schedule Pakistan,NAT,,MIXED,urdu_headline_body_rrf,3,55132,0.02886002886002886,50
post_phase12_module2_M2-B,M2-B,R072,ایشیا کپ 2026 schedule Pakistan,NAT,,MIXED,urdu_headline_body_rrf,4,30560,0.028083267871170464,50
post_phase12_module2_M2-B,M2-B,R072,ایشیا کپ 2026 schedule Pakistan,NAT,,MIXED,urdu_headline_body_rrf,5,80899,0.024336928009326728,50
post_phase12_module2_M2-B,M2-B,R072,ایشیا کپ 2026 schedule Pakistan,NAT,,MIXED,urdu_headline_body_rrf,6,54225,0.02346002621231979,50
post_phase12_module2_M2-B,M2-B,R072,ایشیا کپ 2026 schedule Pakistan,NAT,,MIXED,urdu_headline_body_rrf,7,34319,0.022403003754693368,50
post_phase12_module2_M2-B,M2-B,R072,ایشیا کپ 2026 schedule Pakistan,NAT,,MIXED,urdu_headline_body_rrf,8,54635,0.018957771787960466,50
post_phase12_module2_M2-B,M2-B,R072,ایشیا کپ 2026 schedule Pakistan,NAT,,MIXED,urdu_headline_body_rrf,9,47508,0.01639344262295082,50
post_phase12_module2_M2-B,M2-B,R072,ایشیا کپ 2026 schedule Pakistan,NAT,,MIXED,urdu_headline_body_rrf,10,84126,0.01639344262295082,50
post_phase12_module2_M2-B,M2-B,R072,ایشیا کپ 2026 schedule Pakistan,NAT,,MIXED,urdu_headline_body_rrf,11,38341,0.015873015873015872,50
post_phase12_module2_M2-B,M2-B,R072,ایشیا کپ 2026 schedule Pakistan,NAT,,MIXED,urdu_headline_body_rrf,12,31206,0.015625,50
post_phase12_module2_M2-B,M2-B,R072,ایشیا کپ 2026 schedule Pakistan,NAT,,MIXED,urdu_headline_body_rrf,13,54630,0.015625,50
post_phase12_module2_M2-B,M2-B,R072,ایشیا کپ 2026 schedule Pakistan,NAT,,MIXED,urdu_headline_body_rrf,14,33113,0.015151515151515152,50
post_phase12_module2_M2-B,M2-B,R072,ایشیا کپ 2026 schedule Pakistan,NAT,,MIXED,urdu_headline_body_rrf,15,35857,0.015151515151515152,50
post_phase12_module2_M2-B,M2-B,R072,ایشیا کپ 2026 schedule Pakistan,NAT,,MIXED,urdu_headline_body_rrf,16,35859,0.014925373134328358,50
post_phase12_module2_M2-B,M2-B,R072,ایشیا کپ 2026 schedule Pakistan,NAT,,MIXED,urdu_headline_body_rrf,17,36523,0.014705882352941176,50
post_phase12_module2_M2-B,M2-B,R072,ایشیا کپ 2026 schedule Pakistan,NAT,,MIXED,urdu_headline_body_rrf,18,90442,0.014705882352941176,50
post_phase12_module2_M2-B,M2-B,R072,ایشیا کپ 2026 schedule Pakistan,NAT,,MIXED,urdu_headline_body_rrf,19,28999,0.014492753623188406,50
post_phase12_module2_M2-B,M2-B,R072,ایشیا کپ 2026 schedule Pakistan,NAT,,MIXED,urdu_headline_body_rrf,20,54643,0.014492753623188406,50
post_phase12_module2_M2-B,M2-B,R072,ایشیا کپ 2026 schedule Pakistan,NAT,,MIXED,urdu_headline_body_rrf,21,27457,0.014285714285714285,50
post_phase12_module2_M2-B,M2-B,R072,ایشیا کپ 2026 schedule Pakistan,NAT,,MIXED,urdu_headline_body_rrf,22,37358,0.014084507042253521,50
post_phase12_module2_M2-B,M2-B,R072,ایشیا کپ 2026 schedule Pakistan,NAT,,MIXED,urdu_headline_body_rrf,23,43455,0.014084507042253521,50
post_phase12_module2_M2-B,M2-B,R072,ایشیا کپ 2026 schedule Pakistan,NAT,,MIXED,urdu_headline_body_rrf,24,36402,0.013888888888888888,50
post_phase12_module2_M2-B,M2-B,R072,ایشیا کپ 2026 schedule Pakistan,NAT,,MIXED,urdu_headline_body_rrf,25,89863,0.013888888888888888,50
post_phase12_module2_M2-B,M2-B,R072,ایشیا کپ 2026 schedule Pakistan,NAT,,MIXED,urdu_headline_body_rrf,26,38295,0.0136986301369863,50
post_phase12_module2_M2-B,M2-B,R072,ایشیا کپ 2026 schedule Pakistan,NAT,,MIXED,urdu_headline_body_rrf,27,37749,0.013513513513513514,50
post_phase12_module2_M2-B,M2-B,R072,ایشیا کپ 2026 schedule Pakistan,NAT,,MIXED,urdu_headline_body_rrf,28,43454,0.013513513513513514,50
post_phase12_module2_M2-B,M2-B,R072,ایشیا کپ 2026 schedule Pakistan,NAT,,MIXED,urdu_headline_body_rrf,29,32517,0.013333333333333334,50
post_phase12_module2_M2-B,M2-B,R072,ایشیا کپ 2026 schedule Pakistan,NAT,,MIXED,urdu_headline_body_rrf,30,41550,0.013333333333333334,50
post_phase12_module2_M2-B,M2-B,R072,ایشیا کپ 2026 schedule Pakistan,NAT,,MIXED,urdu_headline_body_rrf,31,81439,0.013157894736842105,50
post_phase12_module2_M2-B,M2-B,R072,ایشیا کپ 2026 schedule Pakistan,NAT,,MIXED,urdu_headline_body_rrf,32,81440,0.012987012987012988,50
post_phase12_module2_M2-B,M2-B,R072,ایشیا کپ 2026 schedule Pakistan,NAT,,MIXED,urdu_headline_body_rrf,33,54641,0.01282051282051282,50
post_phase12_module2_M2-B,M2-B,R072,ایشیا کپ 2026 schedule Pakistan,NAT,,MIXED,urdu_headline_body_rrf,34,87697,0.01282051282051282,50
post_phase12_module2_M2-B,M2-B,R072,ایشیا کپ 2026 schedule Pakistan,NAT,,MIXED,urdu_headline_body_rrf,35,32524,0.012658227848101266,50
post_phase12_module2_M2-B,M2-B,R072,ایشیا کپ 2026 schedule Pakistan,NAT,,MIXED,urdu_headline_body_rrf,36,81262,0.012658227848101266,50
post_phase12_module2_M2-B,M2-B,R072,ایشیا کپ 2026 schedule Pakistan,NAT,,MIXED,urdu_headline_body_rrf,37,32562,0.0125,50
post_phase12_module2_M2-B,M2-B,R072,ایشیا کپ 2026 schedule Pakistan,NAT,,MIXED,urdu_headline_body_rrf,38,83397,0.0125,50
post_phase12_module2_M2-B,M2-B,R072,ایشیا کپ 2026 schedule Pakistan,NAT,,MIXED,urdu_headline_body_rrf,39,38298,0.012345679012345678,50
post_phase12_module2_M2-B,M2-B,R072,ایشیا کپ 2026 schedule Pakistan,NAT,,MIXED,urdu_headline_body_rrf,40,43179,0.012345679012345678,50
post_phase12_module2_M2-B,M2-B,R072,ایشیا کپ 2026 schedule Pakistan,NAT,,MIXED,urdu_headline_body_rrf,41,25286,0.012195121951219513,50
post_phase12_module2_M2-B,M2-B,R072,ایشیا کپ 2026 schedule Pakistan,NAT,,MIXED,urdu_headline_body_rrf,42,32523,0.012195121951219513,50
post_phase12_module2_M2-B,M2-B,R072,ایشیا کپ 2026 schedule Pakistan,NAT,,MIXED,urdu_headline_body_rrf,43,58404,0.012048192771084338,50
post_phase12_module2_M2-B,M2-B,R072,ایشیا کپ 2026 schedule Pakistan,NAT,,MIXED,urdu_headline_body_rrf,44,97069,0.012048192771084338,50
post_phase12_module2_M2-B,M2-B,R072,ایشیا کپ 2026 schedule Pakistan,NAT,,MIXED,urdu_headline_body_rrf,45,54522,0.011904761904761904,50
post_phase12_module2_M2-B,M2-B,R072,ایشیا کپ 2026 schedule Pakistan,NAT,,MIXED,urdu_headline_body_rrf,46,83821,0.011904761904761904,50
post_phase12_module2_M2-B,M2-B,R072,ایشیا کپ 2026 schedule Pakistan,NAT,,MIXED,urdu_headline_body_rrf,47,58209,0.011764705882352941,50
post_phase12_module2_M2-B,M2-B,R072,ایشیا کپ 2026 schedule Pakistan,NAT,,MIXED,urdu_headline_body_rrf,48,38102,0.011627906976744186,50
post_phase12_module2_M2-B,M2-B,R072,ایشیا کپ 2026 schedule Pakistan,NAT,,MIXED,urdu_headline_body_rrf,49,81593,0.011627906976744186,50
post_phase12_module2_M2-B,M2-B,R072,ایشیا کپ 2026 schedule Pakistan,NAT,,MIXED,urdu_headline_body_rrf,50,25002,0.011494252873563218,50
post_phase12_module2_M2-B,M2-B,R073,وفاقی budget 2026 kab present hoga,NAT,,MIXED,urdu_headline_body_rrf,1,55132,0.03225806451612903,50
post_phase12_module2_M2-B,M2-B,R073,وفاقی budget 2026 kab present hoga,NAT,,MIXED,urdu_headline_body_rrf,2,84126,0.032018442622950824,50
post_phase12_module2_M2-B,M2-B,R073,وفاقی budget 2026 kab present hoga,NAT,,MIXED,urdu_headline_body_rrf,3,30560,0.031544957774465976,50
post_phase12_module2_M2-B,M2-B,R073,وفاقی budget 2026 kab present hoga,NAT,,MIXED,urdu_headline_body_rrf,4,26590,0.030090497737556562,50
post_phase12_module2_M2-B,M2-B,R073,وفاقی budget 2026 kab present hoga,NAT,,MIXED,urdu_headline_body_rrf,5,27820,0.030090497737556562,50
post_phase12_module2_M2-B,M2-B,R073,وفاقی budget 2026 kab present hoga,NAT,,MIXED,urdu_headline_body_rrf,6,77050,0.024868705591597158,50
post_phase12_module2_M2-B,M2-B,R073,وفاقی budget 2026 kab present hoga,NAT,,MIXED,urdu_headline_body_rrf,7,31206,0.015873015873015872,50
post_phase12_module2_M2-B,M2-B,R073,وفاقی budget 2026 kab present hoga,NAT,,MIXED,urdu_headline_body_rrf,8,47508,0.015873015873015872,50
post_phase12_module2_M2-B,M2-B,R073,وفاقی budget 2026 kab present hoga,NAT,,MIXED,urdu_headline_body_rrf,9,80876,0.015625,50
post_phase12_module2_M2-B,M2-B,R073,وفاقی budget 2026 kab present hoga,NAT,,MIXED,urdu_headline_body_rrf,10,74654,0.015151515151515152,50
post_phase12_module2_M2-B,M2-B,R073,وفاقی budget 2026 kab present hoga,NAT,,MIXED,urdu_headline_body_rrf,11,33113,0.014925373134328358,50
post_phase12_module2_M2-B,M2-B,R073,وفاقی budget 2026 kab present hoga,NAT,,MIXED,urdu_headline_body_rrf,12,61334,0.014925373134328358,50
post_phase12_module2_M2-B,M2-B,R073,وفاقی budget 2026 kab present hoga,NAT,,MIXED,urdu_headline_body_rrf,13,60596,0.014492753623188406,50
post_phase12_module2_M2-B,M2-B,R073,وفاقی budget 2026 kab present hoga,NAT,,MIXED,urdu_headline_body_rrf,14,90442,0.014492753623188406,50
post_phase12_module2_M2-B,M2-B,R073,وفاقی budget 2026 kab present hoga,NAT,,MIXED,urdu_headline_body_rrf,15,2039,0.014285714285714285,50
post_phase12_module2_M2-B,M2-B,R073,وفاقی budget 2026 kab present hoga,NAT,,MIXED,urdu_headline_body_rrf,16,59763,0.014285714285714285,50
post_phase12_module2_M2-B,M2-B,R073,وفاقی budget 2026 kab present hoga,NAT,,MIXED,urdu_headline_body_rrf,17,55025,0.014084507042253521,50
post_phase12_module2_M2-B,M2-B,R073,وفاقی budget 2026 kab present hoga,NAT,,MIXED,urdu_headline_body_rrf,18,72123,0.014084507042253521,50
post_phase12_module2_M2-B,M2-B,R073,وفاقی budget 2026 kab present hoga,NAT,,MIXED,urdu_headline_body_rrf,19,1439,0.013888888888888888,50
post_phase12_module2_M2-B,M2-B,R073,وفاقی budget 2026 kab present hoga,NAT,,MIXED,urdu_headline_body_rrf,20,28999,0.013888888888888888,50
post_phase12_module2_M2-B,M2-B,R073,وفاقی budget 2026 kab present hoga,NAT,,MIXED,urdu_headline_body_rrf,21,39149,0.0136986301369863,50
post_phase12_module2_M2-B,M2-B,R073,وفاقی budget 2026 kab present hoga,NAT,,MIXED,urdu_headline_body_rrf,22,60585,0.0136986301369863,50
post_phase12_module2_M2-B,M2-B,R073,وفاقی budget 2026 kab present hoga,NAT,,MIXED,urdu_headline_body_rrf,23,3148,0.013513513513513514,50
post_phase12_module2_M2-B,M2-B,R073,وفاقی budget 2026 kab present hoga,NAT,,MIXED,urdu_headline_body_rrf,24,75666,0.013513513513513514,50
post_phase12_module2_M2-B,M2-B,R073,وفاقی budget 2026 kab present hoga,NAT,,MIXED,urdu_headline_body_rrf,25,27819,0.013333333333333334,50
post_phase12_module2_M2-B,M2-B,R073,وفاقی budget 2026 kab present hoga,NAT,,MIXED,urdu_headline_body_rrf,26,110518,0.013333333333333334,50
post_phase12_module2_M2-B,M2-B,R073,وفاقی budget 2026 kab present hoga,NAT,,MIXED,urdu_headline_body_rrf,27,25466,0.013157894736842105,50
post_phase12_module2_M2-B,M2-B,R073,وفاقی budget 2026 kab present hoga,NAT,,MIXED,urdu_headline_body_rrf,28,73530,0.013157894736842105,50
post_phase12_module2_M2-B,M2-B,R073,وفاقی budget 2026 kab present hoga,NAT,,MIXED,urdu_headline_body_rrf,29,1796,0.012987012987012988,50
post_phase12_module2_M2-B,M2-B,R073,وفاقی budget 2026 kab present hoga,NAT,,MIXED,urdu_headline_body_rrf,30,77852,0.012987012987012988,50
post_phase12_module2_M2-B,M2-B,R073,وفاقی budget 2026 kab present hoga,NAT,,MIXED,urdu_headline_body_rrf,31,63371,0.01282051282051282,50
post_phase12_module2_M2-B,M2-B,R073,وفاقی budget 2026 kab present hoga,NAT,,MIXED,urdu_headline_body_rrf,32,39638,0.012658227848101266,50
post_phase12_module2_M2-B,M2-B,R073,وفاقی budget 2026 kab present hoga,NAT,,MIXED,urdu_headline_body_rrf,33,61064,0.012658227848101266,50
post_phase12_module2_M2-B,M2-B,R073,وفاقی budget 2026 kab present hoga,NAT,,MIXED,urdu_headline_body_rrf,34,2250,0.0125,50
post_phase12_module2_M2-B,M2-B,R073,وفاقی budget 2026 kab present hoga,NAT,,MIXED,urdu_headline_body_rrf,35,75803,0.0125,50
post_phase12_module2_M2-B,M2-B,R073,وفاقی budget 2026 kab present hoga,NAT,,MIXED,urdu_headline_body_rrf,36,72050,0.012345679012345678,50
post_phase12_module2_M2-B,M2-B,R073,وفاقی budget 2026 kab present hoga,NAT,,MIXED,urdu_headline_body_rrf,37,111327,0.012345679012345678,50
post_phase12_module2_M2-B,M2-B,R073,وفاقی budget 2026 kab present hoga,NAT,,MIXED,urdu_headline_body_rrf,38,2341,0.012195121951219513,50
post_phase12_module2_M2-B,M2-B,R073,وفاقی budget 2026 kab present hoga,NAT,,MIXED,urdu_headline_body_rrf,39,110061,0.012195121951219513,50
post_phase12_module2_M2-B,M2-B,R073,وفاقی budget 2026 kab present hoga,NAT,,MIXED,urdu_headline_body_rrf,40,65800,0.012048192771084338,50
post_phase12_module2_M2-B,M2-B,R073,وفاقی budget 2026 kab present hoga,NAT,,MIXED,urdu_headline_body_rrf,41,65540,0.011904761904761904,50
post_phase12_module2_M2-B,M2-B,R073,وفاقی budget 2026 kab present hoga,NAT,,MIXED,urdu_headline_body_rrf,42,73386,0.011904761904761904,50
post_phase12_module2_M2-B,M2-B,R073,وفاقی budget 2026 kab present hoga,NAT,,MIXED,urdu_headline_body_rrf,43,41086,0.011764705882352941,50
post_phase12_module2_M2-B,M2-B,R073,وفاقی budget 2026 kab present hoga,NAT,,MIXED,urdu_headline_body_rrf,44,61453,0.011764705882352941,50
post_phase12_module2_M2-B,M2-B,R073,وفاقی budget 2026 kab present hoga,NAT,,MIXED,urdu_headline_body_rrf,45,72119,0.011627906976744186,50
post_phase12_module2_M2-B,M2-B,R073,وفاقی budget 2026 kab present hoga,NAT,,MIXED,urdu_headline_body_rrf,46,73554,0.011627906976744186,50
post_phase12_module2_M2-B,M2-B,R073,وفاقی budget 2026 kab present hoga,NAT,,MIXED,urdu_headline_body_rrf,47,73541,0.011494252873563218,50
post_phase12_module2_M2-B,M2-B,R073,وفاقی budget 2026 kab present hoga,NAT,,MIXED,urdu_headline_body_rrf,48,110225,0.011494252873563218,50
post_phase12_module2_M2-B,M2-B,R073,وفاقی budget 2026 kab present hoga,NAT,,MIXED,urdu_headline_body_rrf,49,61379,0.011363636363636364,50
post_phase12_module2_M2-B,M2-B,R073,وفاقی budget 2026 kab present hoga,NAT,,MIXED,urdu_headline_body_rrf,50,73535,0.011363636363636364,50
post_phase12_module2_M2-B,M2-B,R074,mahira khan new film,NAT,,ROMAN,roman_headline_body_rrf_method_D,1,67109,0.02946236559139785,50
post_phase12_module2_M2-B,M2-B,R074,mahira khan new film,NAT,,ROMAN,roman_headline_body_rrf_method_D,2,104776,0.02530334418467002,50
post_phase12_module2_M2-B,M2-B,R074,mahira khan new film,NAT,,ROMAN,roman_headline_body_rrf_method_D,3,100688,0.02127659574468085,50
post_phase12_module2_M2-B,M2-B,R074,mahira khan new film,NAT,,ROMAN,roman_headline_body_rrf_method_D,4,14847,0.01639344262295082,50
post_phase12_module2_M2-B,M2-B,R074,mahira khan new film,NAT,,ROMAN,roman_headline_body_rrf_method_D,5,99924,0.01639344262295082,50
post_phase12_module2_M2-B,M2-B,R074,mahira khan new film,NAT,,ROMAN,roman_headline_body_rrf_method_D,6,3922,0.015873015873015872,50
post_phase12_module2_M2-B,M2-B,R074,mahira khan new film,NAT,,ROMAN,roman_headline_body_rrf_method_D,7,102222,0.015873015873015872,50
post_phase12_module2_M2-B,M2-B,R074,mahira khan new film,NAT,,ROMAN,roman_headline_body_rrf_method_D,8,15524,0.015625,50
post_phase12_module2_M2-B,M2-B,R074,mahira khan new film,NAT,,ROMAN,roman_headline_body_rrf_method_D,9,101328,0.015625,50
post_phase12_module2_M2-B,M2-B,R074,mahira khan new film,NAT,,ROMAN,roman_headline_body_rrf_method_D,10,7907,0.015384615384615385,50
post_phase12_module2_M2-B,M2-B,R074,mahira khan new film,NAT,,ROMAN,roman_headline_body_rrf_method_D,11,13705,0.015384615384615385,50
post_phase12_module2_M2-B,M2-B,R074,mahira khan new film,NAT,,ROMAN,roman_headline_body_rrf_method_D,12,14983,0.015151515151515152,50
post_phase12_module2_M2-B,M2-B,R074,mahira khan new film,NAT,,ROMAN,roman_headline_body_rrf_method_D,13,68379,0.015151515151515152,50
post_phase12_module2_M2-B,M2-B,R074,mahira khan new film,NAT,,ROMAN,roman_headline_body_rrf_method_D,14,6976,0.014925373134328358,50
post_phase12_module2_M2-B,M2-B,R074,mahira khan new film,NAT,,ROMAN,roman_headline_body_rrf_method_D,15,9611,0.014925373134328358,50
post_phase12_module2_M2-B,M2-B,R074,mahira khan new film,NAT,,ROMAN,roman_headline_body_rrf_method_D,16,11292,0.014705882352941176,50
post_phase12_module2_M2-B,M2-B,R074,mahira khan new film,NAT,,ROMAN,roman_headline_body_rrf_method_D,17,18339,0.014705882352941176,50
post_phase12_module2_M2-B,M2-B,R074,mahira khan new film,NAT,,ROMAN,roman_headline_body_rrf_method_D,18,12205,0.014492753623188406,50
post_phase12_module2_M2-B,M2-B,R074,mahira khan new film,NAT,,ROMAN,roman_headline_body_rrf_method_D,19,13051,0.014492753623188406,50
post_phase12_module2_M2-B,M2-B,R074,mahira khan new film,NAT,,ROMAN,roman_headline_body_rrf_method_D,20,9844,0.014285714285714285,50
post_phase12_module2_M2-B,M2-B,R074,mahira khan new film,NAT,,ROMAN,roman_headline_body_rrf_method_D,21,12400,0.014285714285714285,50
post_phase12_module2_M2-B,M2-B,R074,mahira khan new film,NAT,,ROMAN,roman_headline_body_rrf_method_D,22,15600,0.014084507042253521,50
post_phase12_module2_M2-B,M2-B,R074,mahira khan new film,NAT,,ROMAN,roman_headline_body_rrf_method_D,23,50383,0.014084507042253521,50
post_phase12_module2_M2-B,M2-B,R074,mahira khan new film,NAT,,ROMAN,roman_headline_body_rrf_method_D,24,12851,0.013888888888888888,50
post_phase12_module2_M2-B,M2-B,R074,mahira khan new film,NAT,,ROMAN,roman_headline_body_rrf_method_D,25,101001,0.013888888888888888,50
post_phase12_module2_M2-B,M2-B,R074,mahira khan new film,NAT,,ROMAN,roman_headline_body_rrf_method_D,26,101506,0.0136986301369863,50
post_phase12_module2_M2-B,M2-B,R074,mahira khan new film,NAT,,ROMAN,roman_headline_body_rrf_method_D,27,107399,0.0136986301369863,50
post_phase12_module2_M2-B,M2-B,R074,mahira khan new film,NAT,,ROMAN,roman_headline_body_rrf_method_D,28,50508,0.013513513513513514,50
post_phase12_module2_M2-B,M2-B,R074,mahira khan new film,NAT,,ROMAN,roman_headline_body_rrf_method_D,29,100360,0.013513513513513514,50
post_phase12_module2_M2-B,M2-B,R074,mahira khan new film,NAT,,ROMAN,roman_headline_body_rrf_method_D,30,16074,0.013333333333333334,50
post_phase12_module2_M2-B,M2-B,R074,mahira khan new film,NAT,,ROMAN,roman_headline_body_rrf_method_D,31,66978,0.013157894736842105,50
post_phase12_module2_M2-B,M2-B,R074,mahira khan new film,NAT,,ROMAN,roman_headline_body_rrf_method_D,32,99784,0.013157894736842105,50
post_phase12_module2_M2-B,M2-B,R074,mahira khan new film,NAT,,ROMAN,roman_headline_body_rrf_method_D,33,100387,0.012987012987012988,50
post_phase12_module2_M2-B,M2-B,R074,mahira khan new film,NAT,,ROMAN,roman_headline_body_rrf_method_D,34,105292,0.012987012987012988,50
post_phase12_module2_M2-B,M2-B,R074,mahira khan new film,NAT,,ROMAN,roman_headline_body_rrf_method_D,35,101341,0.01282051282051282,50
post_phase12_module2_M2-B,M2-B,R074,mahira khan new film,NAT,,ROMAN,roman_headline_body_rrf_method_D,36,101682,0.01282051282051282,50
post_phase12_module2_M2-B,M2-B,R074,mahira khan new film,NAT,,ROMAN,roman_headline_body_rrf_method_D,37,11385,0.012658227848101266,50
post_phase12_module2_M2-B,M2-B,R074,mahira khan new film,NAT,,ROMAN,roman_headline_body_rrf_method_D,38,14725,0.012658227848101266,50
post_phase12_module2_M2-B,M2-B,R074,mahira khan new film,NAT,,ROMAN,roman_headline_body_rrf_method_D,39,10628,0.0125,50
post_phase12_module2_M2-B,M2-B,R074,mahira khan new film,NAT,,ROMAN,roman_headline_body_rrf_method_D,40,99998,0.0125,50
post_phase12_module2_M2-B,M2-B,R074,mahira khan new film,NAT,,ROMAN,roman_headline_body_rrf_method_D,41,99264,0.012345679012345678,50
post_phase12_module2_M2-B,M2-B,R074,mahira khan new film,NAT,,ROMAN,roman_headline_body_rrf_method_D,42,100531,0.012345679012345678,50
post_phase12_module2_M2-B,M2-B,R074,mahira khan new film,NAT,,ROMAN,roman_headline_body_rrf_method_D,43,10340,0.012195121951219513,50
post_phase12_module2_M2-B,M2-B,R074,mahira khan new film,NAT,,ROMAN,roman_headline_body_rrf_method_D,44,102830,0.012195121951219513,50
post_phase12_module2_M2-B,M2-B,R074,mahira khan new film,NAT,,ROMAN,roman_headline_body_rrf_method_D,45,68391,0.012048192771084338,50
post_phase12_module2_M2-B,M2-B,R074,mahira khan new film,NAT,,ROMAN,roman_headline_body_rrf_method_D,46,102133,0.012048192771084338,50
post_phase12_module2_M2-B,M2-B,R074,mahira khan new film,NAT,,ROMAN,roman_headline_body_rrf_method_D,47,8832,0.011904761904761904,50
post_phase12_module2_M2-B,M2-B,R074,mahira khan new film,NAT,,ROMAN,roman_headline_body_rrf_method_D,48,15397,0.011904761904761904,50
post_phase12_module2_M2-B,M2-B,R074,mahira khan new film,NAT,,ROMAN,roman_headline_body_rrf_method_D,49,11297,0.011764705882352941,50
post_phase12_module2_M2-B,M2-B,R074,mahira khan new film,NAT,,ROMAN,roman_headline_body_rrf_method_D,50,68351,0.011764705882352941,50
post_phase12_module2_M2-B,M2-B,R075,AI tools ki wajah se Pakistan mein naujawan developers ke liye opportunities ka kya hoga,NAT,,ROMAN,roman_headline_body_rrf_method_D,1,60357,0.02788769549651404,50
post_phase12_module2_M2-B,M2-B,R075,AI tools ki wajah se Pakistan mein naujawan developers ke liye opportunities ka kya hoga,NAT,,ROMAN,roman_headline_body_rrf_method_D,2,55062,0.025849212924606464,50
post_phase12_module2_M2-B,M2-B,R075,AI tools ki wajah se Pakistan mein naujawan developers ke liye opportunities ka kya hoga,NAT,,ROMAN,roman_headline_body_rrf_method_D,3,20932,0.024108138238573024,50
post_phase12_module2_M2-B,M2-B,R075,AI tools ki wajah se Pakistan mein naujawan developers ke liye opportunities ka kya hoga,NAT,,ROMAN,roman_headline_body_rrf_method_D,4,57219,0.023642611683848798,50
post_phase12_module2_M2-B,M2-B,R075,AI tools ki wajah se Pakistan mein naujawan developers ke liye opportunities ka kya hoga,NAT,,ROMAN,roman_headline_body_rrf_method_D,5,109409,0.023234683281412254,50
post_phase12_module2_M2-B,M2-B,R075,AI tools ki wajah se Pakistan mein naujawan developers ke liye opportunities ka kya hoga,NAT,,ROMAN,roman_headline_body_rrf_method_D,6,89164,0.01639344262295082,50
post_phase12_module2_M2-B,M2-B,R075,AI tools ki wajah se Pakistan mein naujawan developers ke liye opportunities ka kya hoga,NAT,,ROMAN,roman_headline_body_rrf_method_D,7,54552,0.016129032258064516,50
post_phase12_module2_M2-B,M2-B,R075,AI tools ki wajah se Pakistan mein naujawan developers ke liye opportunities ka kya hoga,NAT,,ROMAN,roman_headline_body_rrf_method_D,8,111085,0.016129032258064516,50
post_phase12_module2_M2-B,M2-B,R075,AI tools ki wajah se Pakistan mein naujawan developers ke liye opportunities ka kya hoga,NAT,,ROMAN,roman_headline_body_rrf_method_D,9,26827,0.015873015873015872,50
post_phase12_module2_M2-B,M2-B,R075,AI tools ki wajah se Pakistan mein naujawan developers ke liye opportunities ka kya hoga,NAT,,ROMAN,roman_headline_body_rrf_method_D,10,52443,0.015873015873015872,50
post_phase12_module2_M2-B,M2-B,R075,AI tools ki wajah se Pakistan mein naujawan developers ke liye opportunities ka kya hoga,NAT,,ROMAN,roman_headline_body_rrf_method_D,11,1511,0.015625,50
post_phase12_module2_M2-B,M2-B,R075,AI tools ki wajah se Pakistan mein naujawan developers ke liye opportunities ka kya hoga,NAT,,ROMAN,roman_headline_body_rrf_method_D,12,83006,0.015625,50
post_phase12_module2_M2-B,M2-B,R075,AI tools ki wajah se Pakistan mein naujawan developers ke liye opportunities ka kya hoga,NAT,,ROMAN,roman_headline_body_rrf_method_D,13,57216,0.015384615384615385,50
post_phase12_module2_M2-B,M2-B,R075,AI tools ki wajah se Pakistan mein naujawan developers ke liye opportunities ka kya hoga,NAT,,ROMAN,roman_headline_body_rrf_method_D,14,77328,0.015384615384615385,50
post_phase12_module2_M2-B,M2-B,R075,AI tools ki wajah se Pakistan mein naujawan developers ke liye opportunities ka kya hoga,NAT,,ROMAN,roman_headline_body_rrf_method_D,15,26778,0.015151515151515152,50
post_phase12_module2_M2-B,M2-B,R075,AI tools ki wajah se Pakistan mein naujawan developers ke liye opportunities ka kya hoga,NAT,,ROMAN,roman_headline_body_rrf_method_D,16,55934,0.015151515151515152,50
post_phase12_module2_M2-B,M2-B,R075,AI tools ki wajah se Pakistan mein naujawan developers ke liye opportunities ka kya hoga,NAT,,ROMAN,roman_headline_body_rrf_method_D,17,54187,0.014925373134328358,50
post_phase12_module2_M2-B,M2-B,R075,AI tools ki wajah se Pakistan mein naujawan developers ke liye opportunities ka kya hoga,NAT,,ROMAN,roman_headline_body_rrf_method_D,18,90986,0.014925373134328358,50
post_phase12_module2_M2-B,M2-B,R075,AI tools ki wajah se Pakistan mein naujawan developers ke liye opportunities ka kya hoga,NAT,,ROMAN,roman_headline_body_rrf_method_D,19,73972,0.014705882352941176,50
post_phase12_module2_M2-B,M2-B,R075,AI tools ki wajah se Pakistan mein naujawan developers ke liye opportunities ka kya hoga,NAT,,ROMAN,roman_headline_body_rrf_method_D,20,96573,0.014705882352941176,50
post_phase12_module2_M2-B,M2-B,R075,AI tools ki wajah se Pakistan mein naujawan developers ke liye opportunities ka kya hoga,NAT,,ROMAN,roman_headline_body_rrf_method_D,21,54159,0.014492753623188406,50
post_phase12_module2_M2-B,M2-B,R075,AI tools ki wajah se Pakistan mein naujawan developers ke liye opportunities ka kya hoga,NAT,,ROMAN,roman_headline_body_rrf_method_D,22,43862,0.014285714285714285,50
post_phase12_module2_M2-B,M2-B,R075,AI tools ki wajah se Pakistan mein naujawan developers ke liye opportunities ka kya hoga,NAT,,ROMAN,roman_headline_body_rrf_method_D,23,60905,0.014285714285714285,50
post_phase12_module2_M2-B,M2-B,R075,AI tools ki wajah se Pakistan mein naujawan developers ke liye opportunities ka kya hoga,NAT,,ROMAN,roman_headline_body_rrf_method_D,24,61279,0.014084507042253521,50
post_phase12_module2_M2-B,M2-B,R075,AI tools ki wajah se Pakistan mein naujawan developers ke liye opportunities ka kya hoga,NAT,,ROMAN,roman_headline_body_rrf_method_D,25,83452,0.013888888888888888,50
post_phase12_module2_M2-B,M2-B,R075,AI tools ki wajah se Pakistan mein naujawan developers ke liye opportunities ka kya hoga,NAT,,ROMAN,roman_headline_body_rrf_method_D,26,23793,0.0136986301369863,50
post_phase12_module2_M2-B,M2-B,R075,AI tools ki wajah se Pakistan mein naujawan developers ke liye opportunities ka kya hoga,NAT,,ROMAN,roman_headline_body_rrf_method_D,27,96596,0.0136986301369863,50
post_phase12_module2_M2-B,M2-B,R075,AI tools ki wajah se Pakistan mein naujawan developers ke liye opportunities ka kya hoga,NAT,,ROMAN,roman_headline_body_rrf_method_D,28,56018,0.013513513513513514,50
post_phase12_module2_M2-B,M2-B,R075,AI tools ki wajah se Pakistan mein naujawan developers ke liye opportunities ka kya hoga,NAT,,ROMAN,roman_headline_body_rrf_method_D,29,81879,0.013513513513513514,50
post_phase12_module2_M2-B,M2-B,R075,AI tools ki wajah se Pakistan mein naujawan developers ke liye opportunities ka kya hoga,NAT,,ROMAN,roman_headline_body_rrf_method_D,30,97755,0.013333333333333334,50
post_phase12_module2_M2-B,M2-B,R075,AI tools ki wajah se Pakistan mein naujawan developers ke liye opportunities ka kya hoga,NAT,,ROMAN,roman_headline_body_rrf_method_D,31,54703,0.013157894736842105,50
post_phase12_module2_M2-B,M2-B,R075,AI tools ki wajah se Pakistan mein naujawan developers ke liye opportunities ka kya hoga,NAT,,ROMAN,roman_headline_body_rrf_method_D,32,57688,0.013157894736842105,50
post_phase12_module2_M2-B,M2-B,R075,AI tools ki wajah se Pakistan mein naujawan developers ke liye opportunities ka kya hoga,NAT,,ROMAN,roman_headline_body_rrf_method_D,33,52926,0.012987012987012988,50
post_phase12_module2_M2-B,M2-B,R075,AI tools ki wajah se Pakistan mein naujawan developers ke liye opportunities ka kya hoga,NAT,,ROMAN,roman_headline_body_rrf_method_D,34,93967,0.012987012987012988,50
post_phase12_module2_M2-B,M2-B,R075,AI tools ki wajah se Pakistan mein naujawan developers ke liye opportunities ka kya hoga,NAT,,ROMAN,roman_headline_body_rrf_method_D,35,92973,0.01282051282051282,50
post_phase12_module2_M2-B,M2-B,R075,AI tools ki wajah se Pakistan mein naujawan developers ke liye opportunities ka kya hoga,NAT,,ROMAN,roman_headline_body_rrf_method_D,36,110671,0.01282051282051282,50
post_phase12_module2_M2-B,M2-B,R075,AI tools ki wajah se Pakistan mein naujawan developers ke liye opportunities ka kya hoga,NAT,,ROMAN,roman_headline_body_rrf_method_D,37,3322,0.012658227848101266,50
post_phase12_module2_M2-B,M2-B,R075,AI tools ki wajah se Pakistan mein naujawan developers ke liye opportunities ka kya hoga,NAT,,ROMAN,roman_headline_body_rrf_method_D,38,54656,0.012658227848101266,50
post_phase12_module2_M2-B,M2-B,R075,AI tools ki wajah se Pakistan mein naujawan developers ke liye opportunities ka kya hoga,NAT,,ROMAN,roman_headline_body_rrf_method_D,39,111223,0.0125,50
post_phase12_module2_M2-B,M2-B,R075,AI tools ki wajah se Pakistan mein naujawan developers ke liye opportunities ka kya hoga,NAT,,ROMAN,roman_headline_body_rrf_method_D,40,111723,0.0125,50
post_phase12_module2_M2-B,M2-B,R075,AI tools ki wajah se Pakistan mein naujawan developers ke liye opportunities ka kya hoga,NAT,,ROMAN,roman_headline_body_rrf_method_D,41,56807,0.012345679012345678,50
post_phase12_module2_M2-B,M2-B,R075,AI tools ki wajah se Pakistan mein naujawan developers ke liye opportunities ka kya hoga,NAT,,ROMAN,roman_headline_body_rrf_method_D,42,62190,0.012345679012345678,50
post_phase12_module2_M2-B,M2-B,R075,AI tools ki wajah se Pakistan mein naujawan developers ke liye opportunities ka kya hoga,NAT,,ROMAN,roman_headline_body_rrf_method_D,43,55506,0.012195121951219513,50
post_phase12_module2_M2-B,M2-B,R075,AI tools ki wajah se Pakistan mein naujawan developers ke liye opportunities ka kya hoga,NAT,,ROMAN,roman_headline_body_rrf_method_D,44,90625,0.012195121951219513,50
post_phase12_module2_M2-B,M2-B,R075,AI tools ki wajah se Pakistan mein naujawan developers ke liye opportunities ka kya hoga,NAT,,ROMAN,roman_headline_body_rrf_method_D,45,58011,0.012048192771084338,50
post_phase12_module2_M2-B,M2-B,R075,AI tools ki wajah se Pakistan mein naujawan developers ke liye opportunities ka kya hoga,NAT,,ROMAN,roman_headline_body_rrf_method_D,46,91125,0.012048192771084338,50
post_phase12_module2_M2-B,M2-B,R075,AI tools ki wajah se Pakistan mein naujawan developers ke liye opportunities ka kya hoga,NAT,,ROMAN,roman_headline_body_rrf_method_D,47,72942,0.011904761904761904,50
post_phase12_module2_M2-B,M2-B,R075,AI tools ki wajah se Pakistan mein naujawan developers ke liye opportunities ka kya hoga,NAT,,ROMAN,roman_headline_body_rrf_method_D,48,106738,0.011904761904761904,50
post_phase12_module2_M2-B,M2-B,R075,AI tools ki wajah se Pakistan mein naujawan developers ke liye opportunities ka kya hoga,NAT,,ROMAN,roman_headline_body_rrf_method_D,49,54469,0.011764705882352941,50
post_phase12_module2_M2-B,M2-B,R075,AI tools ki wajah se Pakistan mein naujawan developers ke liye opportunities ka kya hoga,NAT,,ROMAN,roman_headline_body_rrf_method_D,50,9552,0.011627906976744186,50
post_phase12_module2_M2-B,M2-B,R076,Islamabad ka موسم aaj kaisa hai,NAT,,MIXED,urdu_headline_body_rrf,1,101094,0.027346637102734665,50
post_phase12_module2_M2-B,M2-B,R076,Islamabad ka موسم aaj kaisa hai,NAT,,MIXED,urdu_headline_body_rrf,2,37449,0.025794938351719664,50
post_phase12_module2_M2-B,M2-B,R076,Islamabad ka موسم aaj kaisa hai,NAT,,MIXED,urdu_headline_body_rrf,3,48667,0.02564102564102564,50
post_phase12_module2_M2-B,M2-B,R076,Islamabad ka موسم aaj kaisa hai,NAT,,MIXED,urdu_headline_body_rrf,4,60837,0.02402745995423341,50
post_phase12_module2_M2-B,M2-B,R076,Islamabad ka موسم aaj kaisa hai,NAT,,MIXED,urdu_headline_body_rrf,5,48452,0.023796791443850267,50
post_phase12_module2_M2-B,M2-B,R076,Islamabad ka موسم aaj kaisa hai,NAT,,MIXED,urdu_headline_body_rrf,6,48672,0.022759237949111367,50
post_phase12_module2_M2-B,M2-B,R076,Islamabad ka موسم aaj kaisa hai,NAT,,MIXED,urdu_headline_body_rrf,7,62585,0.0227390180878553,50
post_phase12_module2_M2-B,M2-B,R076,Islamabad ka موسم aaj kaisa hai,NAT,,MIXED,urdu_headline_body_rrf,8,49761,0.021567717996289426,50
post_phase12_module2_M2-B,M2-B,R076,Islamabad ka موسم aaj kaisa hai,NAT,,MIXED,urdu_headline_body_rrf,9,97485,0.01916024935826916,50
post_phase12_module2_M2-B,M2-B,R076,Islamabad ka موسم aaj kaisa hai,NAT,,MIXED,urdu_headline_body_rrf,10,19099,0.01639344262295082,50
post_phase12_module2_M2-B,M2-B,R076,Islamabad ka موسم aaj kaisa hai,NAT,,MIXED,urdu_headline_body_rrf,11,50089,0.01639344262295082,50
post_phase12_module2_M2-B,M2-B,R076,Islamabad ka موسم aaj kaisa hai,NAT,,MIXED,urdu_headline_body_rrf,12,16585,0.016129032258064516,50
post_phase12_module2_M2-B,M2-B,R076,Islamabad ka موسم aaj kaisa hai,NAT,,MIXED,urdu_headline_body_rrf,13,42714,0.016129032258064516,50
post_phase12_module2_M2-B,M2-B,R076,Islamabad ka موسم aaj kaisa hai,NAT,,MIXED,urdu_headline_body_rrf,14,19127,0.015873015873015872,50
post_phase12_module2_M2-B,M2-B,R076,Islamabad ka موسم aaj kaisa hai,NAT,,MIXED,urdu_headline_body_rrf,15,50869,0.015873015873015872,50
post_phase12_module2_M2-B,M2-B,R076,Islamabad ka موسم aaj kaisa hai,NAT,,MIXED,urdu_headline_body_rrf,16,16075,0.015625,50
post_phase12_module2_M2-B,M2-B,R076,Islamabad ka موسم aaj kaisa hai,NAT,,MIXED,urdu_headline_body_rrf,17,49285,0.015625,50
post_phase12_module2_M2-B,M2-B,R076,Islamabad ka موسم aaj kaisa hai,NAT,,MIXED,urdu_headline_body_rrf,18,14945,0.015384615384615385,50
post_phase12_module2_M2-B,M2-B,R076,Islamabad ka موسم aaj kaisa hai,NAT,,MIXED,urdu_headline_body_rrf,19,18336,0.015384615384615385,50
post_phase12_module2_M2-B,M2-B,R076,Islamabad ka موسم aaj kaisa hai,NAT,,MIXED,urdu_headline_body_rrf,20,18267,0.015151515151515152,50
post_phase12_module2_M2-B,M2-B,R076,Islamabad ka موسم aaj kaisa hai,NAT,,MIXED,urdu_headline_body_rrf,21,36310,0.014925373134328358,50
post_phase12_module2_M2-B,M2-B,R076,Islamabad ka موسم aaj kaisa hai,NAT,,MIXED,urdu_headline_body_rrf,22,104252,0.014705882352941176,50
post_phase12_module2_M2-B,M2-B,R076,Islamabad ka موسم aaj kaisa hai,NAT,,MIXED,urdu_headline_body_rrf,23,61780,0.014492753623188406,50
post_phase12_module2_M2-B,M2-B,R076,Islamabad ka موسم aaj kaisa hai,NAT,,MIXED,urdu_headline_body_rrf,24,99435,0.014492753623188406,50
post_phase12_module2_M2-B,M2-B,R076,Islamabad ka موسم aaj kaisa hai,NAT,,MIXED,urdu_headline_body_rrf,25,21746,0.014285714285714285,50
post_phase12_module2_M2-B,M2-B,R076,Islamabad ka موسم aaj kaisa hai,NAT,,MIXED,urdu_headline_body_rrf,26,48525,0.014285714285714285,50
post_phase12_module2_M2-B,M2-B,R076,Islamabad ka موسم aaj kaisa hai,NAT,,MIXED,urdu_headline_body_rrf,27,100172,0.014084507042253521,50
post_phase12_module2_M2-B,M2-B,R076,Islamabad ka موسم aaj kaisa hai,NAT,,MIXED,urdu_headline_body_rrf,28,100484,0.014084507042253521,50
post_phase12_module2_M2-B,M2-B,R076,Islamabad ka موسم aaj kaisa hai,NAT,,MIXED,urdu_headline_body_rrf,29,49481,0.013888888888888888,50
post_phase12_module2_M2-B,M2-B,R076,Islamabad ka موسم aaj kaisa hai,NAT,,MIXED,urdu_headline_body_rrf,30,102719,0.013888888888888888,50
post_phase12_module2_M2-B,M2-B,R076,Islamabad ka موسم aaj kaisa hai,NAT,,MIXED,urdu_headline_body_rrf,31,18590,0.0136986301369863,50
post_phase12_module2_M2-B,M2-B,R076,Islamabad ka موسم aaj kaisa hai,NAT,,MIXED,urdu_headline_body_rrf,32,76471,0.0136986301369863,50
post_phase12_module2_M2-B,M2-B,R076,Islamabad ka موسم aaj kaisa hai,NAT,,MIXED,urdu_headline_body_rrf,33,72829,0.013513513513513514,50
post_phase12_module2_M2-B,M2-B,R076,Islamabad ka موسم aaj kaisa hai,NAT,,MIXED,urdu_headline_body_rrf,34,108411,0.013513513513513514,50
post_phase12_module2_M2-B,M2-B,R076,Islamabad ka موسم aaj kaisa hai,NAT,,MIXED,urdu_headline_body_rrf,35,68220,0.013333333333333334,50
post_phase12_module2_M2-B,M2-B,R076,Islamabad ka موسم aaj kaisa hai,NAT,,MIXED,urdu_headline_body_rrf,36,104469,0.013333333333333334,50
post_phase12_module2_M2-B,M2-B,R076,Islamabad ka موسم aaj kaisa hai,NAT,,MIXED,urdu_headline_body_rrf,37,40083,0.013157894736842105,50
post_phase12_module2_M2-B,M2-B,R076,Islamabad ka موسم aaj kaisa hai,NAT,,MIXED,urdu_headline_body_rrf,38,72898,0.012987012987012988,50
post_phase12_module2_M2-B,M2-B,R076,Islamabad ka موسم aaj kaisa hai,NAT,,MIXED,urdu_headline_body_rrf,39,100726,0.012987012987012988,50
post_phase12_module2_M2-B,M2-B,R076,Islamabad ka موسم aaj kaisa hai,NAT,,MIXED,urdu_headline_body_rrf,40,51756,0.012658227848101266,50
post_phase12_module2_M2-B,M2-B,R076,Islamabad ka موسم aaj kaisa hai,NAT,,MIXED,urdu_headline_body_rrf,41,51747,0.0125,50
post_phase12_module2_M2-B,M2-B,R076,Islamabad ka موسم aaj kaisa hai,NAT,,MIXED,urdu_headline_body_rrf,42,72857,0.0125,50
post_phase12_module2_M2-B,M2-B,R076,Islamabad ka موسم aaj kaisa hai,NAT,,MIXED,urdu_headline_body_rrf,43,37589,0.012345679012345678,50
post_phase12_module2_M2-B,M2-B,R076,Islamabad ka موسم aaj kaisa hai,NAT,,MIXED,urdu_headline_body_rrf,44,48223,0.012345679012345678,50
post_phase12_module2_M2-B,M2-B,R076,Islamabad ka موسم aaj kaisa hai,NAT,,MIXED,urdu_headline_body_rrf,45,75119,0.012195121951219513,50
post_phase12_module2_M2-B,M2-B,R076,Islamabad ka موسم aaj kaisa hai,NAT,,MIXED,urdu_headline_body_rrf,46,11729,0.012048192771084338,50
post_phase12_module2_M2-B,M2-B,R076,Islamabad ka موسم aaj kaisa hai,NAT,,MIXED,urdu_headline_body_rrf,47,19107,0.012048192771084338,50
post_phase12_module2_M2-B,M2-B,R076,Islamabad ka موسم aaj kaisa hai,NAT,,MIXED,urdu_headline_body_rrf,48,50934,0.011904761904761904,50
post_phase12_module2_M2-B,M2-B,R076,Islamabad ka موسم aaj kaisa hai,NAT,,MIXED,urdu_headline_body_rrf,49,106094,0.011904761904761904,50
post_phase12_module2_M2-B,M2-B,R076,Islamabad ka موسم aaj kaisa hai,NAT,,MIXED,urdu_headline_body_rrf,50,44157,0.011764705882352941,50
post_phase12_module2_M2-B,M2-B,R077,ghar ke liye solar panel price in Pakistan,NAT,,ROMAN,roman_headline_body_rrf_method_D,1,75719,0.02728937728937729,50
post_phase12_module2_M2-B,M2-B,R077,ghar ke liye solar panel price in Pakistan,NAT,,ROMAN,roman_headline_body_rrf_method_D,2,78316,0.02690100430416069,50
post_phase12_module2_M2-B,M2-B,R077,ghar ke liye solar panel price in Pakistan,NAT,,ROMAN,roman_headline_body_rrf_method_D,3,82431,0.022347066167290888,50
post_phase12_module2_M2-B,M2-B,R077,ghar ke liye solar panel price in Pakistan,NAT,,ROMAN,roman_headline_body_rrf_method_D,4,107665,0.020887166236003445,50
post_phase12_module2_M2-B,M2-B,R077,ghar ke liye solar panel price in Pakistan,NAT,,ROMAN,roman_headline_body_rrf_method_D,5,31823,0.01639344262295082,50
post_phase12_module2_M2-B,M2-B,R077,ghar ke liye solar panel price in Pakistan,NAT,,ROMAN,roman_headline_body_rrf_method_D,6,60216,0.01639344262295082,50
post_phase12_module2_M2-B,M2-B,R077,ghar ke liye solar panel price in Pakistan,NAT,,ROMAN,roman_headline_body_rrf_method_D,7,32345,0.016129032258064516,50
post_phase12_module2_M2-B,M2-B,R077,ghar ke liye solar panel price in Pakistan,NAT,,ROMAN,roman_headline_body_rrf_method_D,8,37986,0.016129032258064516,50
post_phase12_module2_M2-B,M2-B,R077,ghar ke liye solar panel price in Pakistan,NAT,,ROMAN,roman_headline_body_rrf_method_D,9,28243,0.015873015873015872,50
post_phase12_module2_M2-B,M2-B,R077,ghar ke liye solar panel price in Pakistan,NAT,,ROMAN,roman_headline_body_rrf_method_D,10,73423,0.015873015873015872,50
post_phase12_module2_M2-B,M2-B,R077,ghar ke liye solar panel price in Pakistan,NAT,,ROMAN,roman_headline_body_rrf_method_D,11,55377,0.015625,50
post_phase12_module2_M2-B,M2-B,R077,ghar ke liye solar panel price in Pakistan,NAT,,ROMAN,roman_headline_body_rrf_method_D,12,72227,0.015625,50
post_phase12_module2_M2-B,M2-B,R077,ghar ke liye solar panel price in Pakistan,NAT,,ROMAN,roman_headline_body_rrf_method_D,13,64314,0.015384615384615385,50
post_phase12_module2_M2-B,M2-B,R077,ghar ke liye solar panel price in Pakistan,NAT,,ROMAN,roman_headline_body_rrf_method_D,14,3087,0.015151515151515152,50
post_phase12_module2_M2-B,M2-B,R077,ghar ke liye solar panel price in Pakistan,NAT,,ROMAN,roman_headline_body_rrf_method_D,15,104059,0.015151515151515152,50
post_phase12_module2_M2-B,M2-B,R077,ghar ke liye solar panel price in Pakistan,NAT,,ROMAN,roman_headline_body_rrf_method_D,16,23188,0.014925373134328358,50
post_phase12_module2_M2-B,M2-B,R077,ghar ke liye solar panel price in Pakistan,NAT,,ROMAN,roman_headline_body_rrf_method_D,17,64321,0.014925373134328358,50
post_phase12_module2_M2-B,M2-B,R077,ghar ke liye solar panel price in Pakistan,NAT,,ROMAN,roman_headline_body_rrf_method_D,18,79352,0.014705882352941176,50
post_phase12_module2_M2-B,M2-B,R077,ghar ke liye solar panel price in Pakistan,NAT,,ROMAN,roman_headline_body_rrf_method_D,19,64251,0.014492753623188406,50
post_phase12_module2_M2-B,M2-B,R077,ghar ke liye solar panel price in Pakistan,NAT,,ROMAN,roman_headline_body_rrf_method_D,20,67995,0.014492753623188406,50
post_phase12_module2_M2-B,M2-B,R077,ghar ke liye solar panel price in Pakistan,NAT,,ROMAN,roman_headline_body_rrf_method_D,21,19623,0.014285714285714285,50
post_phase12_module2_M2-B,M2-B,R077,ghar ke liye solar panel price in Pakistan,NAT,,ROMAN,roman_headline_body_rrf_method_D,22,26101,0.014285714285714285,50
post_phase12_module2_M2-B,M2-B,R077,ghar ke liye solar panel price in Pakistan,NAT,,ROMAN,roman_headline_body_rrf_method_D,23,36109,0.014084507042253521,50
post_phase12_module2_M2-B,M2-B,R077,ghar ke liye solar panel price in Pakistan,NAT,,ROMAN,roman_headline_body_rrf_method_D,24,64249,0.014084507042253521,50
post_phase12_module2_M2-B,M2-B,R077,ghar ke liye solar panel price in Pakistan,NAT,,ROMAN,roman_headline_body_rrf_method_D,25,47876,0.013888888888888888,50
post_phase12_module2_M2-B,M2-B,R077,ghar ke liye solar panel price in Pakistan,NAT,,ROMAN,roman_headline_body_rrf_method_D,26,70736,0.013888888888888888,50
post_phase12_module2_M2-B,M2-B,R077,ghar ke liye solar panel price in Pakistan,NAT,,ROMAN,roman_headline_body_rrf_method_D,27,14727,0.0136986301369863,50
post_phase12_module2_M2-B,M2-B,R077,ghar ke liye solar panel price in Pakistan,NAT,,ROMAN,roman_headline_body_rrf_method_D,28,88851,0.0136986301369863,50
post_phase12_module2_M2-B,M2-B,R077,ghar ke liye solar panel price in Pakistan,NAT,,ROMAN,roman_headline_body_rrf_method_D,29,64312,0.013513513513513514,50
post_phase12_module2_M2-B,M2-B,R077,ghar ke liye solar panel price in Pakistan,NAT,,ROMAN,roman_headline_body_rrf_method_D,30,107020,0.013513513513513514,50
post_phase12_module2_M2-B,M2-B,R077,ghar ke liye solar panel price in Pakistan,NAT,,ROMAN,roman_headline_body_rrf_method_D,31,64288,0.013333333333333334,50
post_phase12_module2_M2-B,M2-B,R077,ghar ke liye solar panel price in Pakistan,NAT,,ROMAN,roman_headline_body_rrf_method_D,32,74748,0.013333333333333334,50
post_phase12_module2_M2-B,M2-B,R077,ghar ke liye solar panel price in Pakistan,NAT,,ROMAN,roman_headline_body_rrf_method_D,33,51234,0.013157894736842105,50
post_phase12_module2_M2-B,M2-B,R077,ghar ke liye solar panel price in Pakistan,NAT,,ROMAN,roman_headline_body_rrf_method_D,34,64286,0.013157894736842105,50
post_phase12_module2_M2-B,M2-B,R077,ghar ke liye solar panel price in Pakistan,NAT,,ROMAN,roman_headline_body_rrf_method_D,35,23908,0.012987012987012988,50
post_phase12_module2_M2-B,M2-B,R077,ghar ke liye solar panel price in Pakistan,NAT,,ROMAN,roman_headline_body_rrf_method_D,36,64245,0.012987012987012988,50
post_phase12_module2_M2-B,M2-B,R077,ghar ke liye solar panel price in Pakistan,NAT,,ROMAN,roman_headline_body_rrf_method_D,37,72880,0.01282051282051282,50
post_phase12_module2_M2-B,M2-B,R077,ghar ke liye solar panel price in Pakistan,NAT,,ROMAN,roman_headline_body_rrf_method_D,38,75982,0.01282051282051282,50
post_phase12_module2_M2-B,M2-B,R077,ghar ke liye solar panel price in Pakistan,NAT,,ROMAN,roman_headline_body_rrf_method_D,39,16323,0.012658227848101266,50
post_phase12_module2_M2-B,M2-B,R077,ghar ke liye solar panel price in Pakistan,NAT,,ROMAN,roman_headline_body_rrf_method_D,40,28487,0.012658227848101266,50
post_phase12_module2_M2-B,M2-B,R077,ghar ke liye solar panel price in Pakistan,NAT,,ROMAN,roman_headline_body_rrf_method_D,41,38860,0.0125,50
post_phase12_module2_M2-B,M2-B,R077,ghar ke liye solar panel price in Pakistan,NAT,,ROMAN,roman_headline_body_rrf_method_D,42,64294,0.0125,50
post_phase12_module2_M2-B,M2-B,R077,ghar ke liye solar panel price in Pakistan,NAT,,ROMAN,roman_headline_body_rrf_method_D,43,70735,0.012345679012345678,50
post_phase12_module2_M2-B,M2-B,R077,ghar ke liye solar panel price in Pakistan,NAT,,ROMAN,roman_headline_body_rrf_method_D,44,108742,0.012345679012345678,50
post_phase12_module2_M2-B,M2-B,R077,ghar ke liye solar panel price in Pakistan,NAT,,ROMAN,roman_headline_body_rrf_method_D,45,17449,0.012195121951219513,50
post_phase12_module2_M2-B,M2-B,R077,ghar ke liye solar panel price in Pakistan,NAT,,ROMAN,roman_headline_body_rrf_method_D,46,18176,0.012048192771084338,50
post_phase12_module2_M2-B,M2-B,R077,ghar ke liye solar panel price in Pakistan,NAT,,ROMAN,roman_headline_body_rrf_method_D,47,64310,0.012048192771084338,50
post_phase12_module2_M2-B,M2-B,R077,ghar ke liye solar panel price in Pakistan,NAT,,ROMAN,roman_headline_body_rrf_method_D,48,17712,0.011904761904761904,50
post_phase12_module2_M2-B,M2-B,R077,ghar ke liye solar panel price in Pakistan,NAT,,ROMAN,roman_headline_body_rrf_method_D,49,49302,0.011764705882352941,50
post_phase12_module2_M2-B,M2-B,R077,ghar ke liye solar panel price in Pakistan,NAT,,ROMAN,roman_headline_body_rrf_method_D,50,64255,0.011764705882352941,50
post_phase12_module2_M2-B,M2-B,R078,کراچی میں شاہراہِ فیصل پر روزانہ jam kyun lagta hai,NAT,,MIXED,urdu_headline_body_rrf,1,77397,0.024414620217018845,50
post_phase12_module2_M2-B,M2-B,R078,کراچی میں شاہراہِ فیصل پر روزانہ jam kyun lagta hai,NAT,,MIXED,urdu_headline_body_rrf,2,96968,0.023513328776486674,50
post_phase12_module2_M2-B,M2-B,R078,کراچی میں شاہراہِ فیصل پر روزانہ jam kyun lagta hai,NAT,,MIXED,urdu_headline_body_rrf,3,57688,0.021286031042128603,50
post_phase12_module2_M2-B,M2-B,R078,کراچی میں شاہراہِ فیصل پر روزانہ jam kyun lagta hai,NAT,,MIXED,urdu_headline_body_rrf,4,2347,0.01639344262295082,50
post_phase12_module2_M2-B,M2-B,R078,کراچی میں شاہراہِ فیصل پر روزانہ jam kyun lagta hai,NAT,,MIXED,urdu_headline_body_rrf,5,77640,0.01639344262295082,50
post_phase12_module2_M2-B,M2-B,R078,کراچی میں شاہراہِ فیصل پر روزانہ jam kyun lagta hai,NAT,,MIXED,urdu_headline_body_rrf,6,13985,0.016129032258064516,50
post_phase12_module2_M2-B,M2-B,R078,کراچی میں شاہراہِ فیصل پر روزانہ jam kyun lagta hai,NAT,,MIXED,urdu_headline_body_rrf,7,52776,0.016129032258064516,50
post_phase12_module2_M2-B,M2-B,R078,کراچی میں شاہراہِ فیصل پر روزانہ jam kyun lagta hai,NAT,,MIXED,urdu_headline_body_rrf,8,15105,0.015873015873015872,50
post_phase12_module2_M2-B,M2-B,R078,کراچی میں شاہراہِ فیصل پر روزانہ jam kyun lagta hai,NAT,,MIXED,urdu_headline_body_rrf,9,28807,0.015873015873015872,50
post_phase12_module2_M2-B,M2-B,R078,کراچی میں شاہراہِ فیصل پر روزانہ jam kyun lagta hai,NAT,,MIXED,urdu_headline_body_rrf,10,13828,0.015625,50
post_phase12_module2_M2-B,M2-B,R078,کراچی میں شاہراہِ فیصل پر روزانہ jam kyun lagta hai,NAT,,MIXED,urdu_headline_body_rrf,11,78380,0.015625,50
post_phase12_module2_M2-B,M2-B,R078,کراچی میں شاہراہِ فیصل پر روزانہ jam kyun lagta hai,NAT,,MIXED,urdu_headline_body_rrf,12,15452,0.015384615384615385,50
post_phase12_module2_M2-B,M2-B,R078,کراچی میں شاہراہِ فیصل پر روزانہ jam kyun lagta hai,NAT,,MIXED,urdu_headline_body_rrf,13,77683,0.015384615384615385,50
post_phase12_module2_M2-B,M2-B,R078,کراچی میں شاہراہِ فیصل پر روزانہ jam kyun lagta hai,NAT,,MIXED,urdu_headline_body_rrf,14,13933,0.015151515151515152,50
post_phase12_module2_M2-B,M2-B,R078,کراچی میں شاہراہِ فیصل پر روزانہ jam kyun lagta hai,NAT,,MIXED,urdu_headline_body_rrf,15,103042,0.015151515151515152,50
post_phase12_module2_M2-B,M2-B,R078,کراچی میں شاہراہِ فیصل پر روزانہ jam kyun lagta hai,NAT,,MIXED,urdu_headline_body_rrf,16,6184,0.014925373134328358,50
post_phase12_module2_M2-B,M2-B,R078,کراچی میں شاہراہِ فیصل پر روزانہ jam kyun lagta hai,NAT,,MIXED,urdu_headline_body_rrf,17,73571,0.014925373134328358,50
post_phase12_module2_M2-B,M2-B,R078,کراچی میں شاہراہِ فیصل پر روزانہ jam kyun lagta hai,NAT,,MIXED,urdu_headline_body_rrf,18,14058,0.014705882352941176,50
post_phase12_module2_M2-B,M2-B,R078,کراچی میں شاہراہِ فیصل پر روزانہ jam kyun lagta hai,NAT,,MIXED,urdu_headline_body_rrf,19,87655,0.014492753623188406,50
post_phase12_module2_M2-B,M2-B,R078,کراچی میں شاہراہِ فیصل پر روزانہ jam kyun lagta hai,NAT,,MIXED,urdu_headline_body_rrf,20,111119,0.014492753623188406,50
post_phase12_module2_M2-B,M2-B,R078,کراچی میں شاہراہِ فیصل پر روزانہ jam kyun lagta hai,NAT,,MIXED,urdu_headline_body_rrf,21,45038,0.014285714285714285,50
post_phase12_module2_M2-B,M2-B,R078,کراچی میں شاہراہِ فیصل پر روزانہ jam kyun lagta hai,NAT,,MIXED,urdu_headline_body_rrf,22,111638,0.014285714285714285,50
post_phase12_module2_M2-B,M2-B,R078,کراچی میں شاہراہِ فیصل پر روزانہ jam kyun lagta hai,NAT,,MIXED,urdu_headline_body_rrf,23,11847,0.014084507042253521,50
post_phase12_module2_M2-B,M2-B,R078,کراچی میں شاہراہِ فیصل پر روزانہ jam kyun lagta hai,NAT,,MIXED,urdu_headline_body_rrf,24,110445,0.014084507042253521,50
post_phase12_module2_M2-B,M2-B,R078,کراچی میں شاہراہِ فیصل پر روزانہ jam kyun lagta hai,NAT,,MIXED,urdu_headline_body_rrf,25,20326,0.013888888888888888,50
post_phase12_module2_M2-B,M2-B,R078,کراچی میں شاہراہِ فیصل پر روزانہ jam kyun lagta hai,NAT,,MIXED,urdu_headline_body_rrf,26,44488,0.013888888888888888,50
post_phase12_module2_M2-B,M2-B,R078,کراچی میں شاہراہِ فیصل پر روزانہ jam kyun lagta hai,NAT,,MIXED,urdu_headline_body_rrf,27,39967,0.0136986301369863,50
post_phase12_module2_M2-B,M2-B,R078,کراچی میں شاہراہِ فیصل پر روزانہ jam kyun lagta hai,NAT,,MIXED,urdu_headline_body_rrf,28,90776,0.0136986301369863,50
post_phase12_module2_M2-B,M2-B,R078,کراچی میں شاہراہِ فیصل پر روزانہ jam kyun lagta hai,NAT,,MIXED,urdu_headline_body_rrf,29,8049,0.013513513513513514,50
post_phase12_module2_M2-B,M2-B,R078,کراچی میں شاہراہِ فیصل پر روزانہ jam kyun lagta hai,NAT,,MIXED,urdu_headline_body_rrf,30,39768,0.013513513513513514,50
post_phase12_module2_M2-B,M2-B,R078,کراچی میں شاہراہِ فیصل پر روزانہ jam kyun lagta hai,NAT,,MIXED,urdu_headline_body_rrf,31,17375,0.013333333333333334,50
post_phase12_module2_M2-B,M2-B,R078,کراچی میں شاہراہِ فیصل پر روزانہ jam kyun lagta hai,NAT,,MIXED,urdu_headline_body_rrf,32,40604,0.013333333333333334,50
post_phase12_module2_M2-B,M2-B,R078,کراچی میں شاہراہِ فیصل پر روزانہ jam kyun lagta hai,NAT,,MIXED,urdu_headline_body_rrf,33,23792,0.013157894736842105,50
post_phase12_module2_M2-B,M2-B,R078,کراچی میں شاہراہِ فیصل پر روزانہ jam kyun lagta hai,NAT,,MIXED,urdu_headline_body_rrf,34,47708,0.013157894736842105,50
post_phase12_module2_M2-B,M2-B,R078,کراچی میں شاہراہِ فیصل پر روزانہ jam kyun lagta hai,NAT,,MIXED,urdu_headline_body_rrf,35,41075,0.012987012987012988,50
post_phase12_module2_M2-B,M2-B,R078,کراچی میں شاہراہِ فیصل پر روزانہ jam kyun lagta hai,NAT,,MIXED,urdu_headline_body_rrf,36,24250,0.01282051282051282,50
post_phase12_module2_M2-B,M2-B,R078,کراچی میں شاہراہِ فیصل پر روزانہ jam kyun lagta hai,NAT,,MIXED,urdu_headline_body_rrf,37,77693,0.01282051282051282,50
post_phase12_module2_M2-B,M2-B,R078,کراچی میں شاہراہِ فیصل پر روزانہ jam kyun lagta hai,NAT,,MIXED,urdu_headline_body_rrf,38,47590,0.012658227848101266,50
post_phase12_module2_M2-B,M2-B,R078,کراچی میں شاہراہِ فیصل پر روزانہ jam kyun lagta hai,NAT,,MIXED,urdu_headline_body_rrf,39,88598,0.012658227848101266,50
post_phase12_module2_M2-B,M2-B,R078,کراچی میں شاہراہِ فیصل پر روزانہ jam kyun lagta hai,NAT,,MIXED,urdu_headline_body_rrf,40,48151,0.0125,50
post_phase12_module2_M2-B,M2-B,R078,کراچی میں شاہراہِ فیصل پر روزانہ jam kyun lagta hai,NAT,,MIXED,urdu_headline_body_rrf,41,51154,0.0125,50
post_phase12_module2_M2-B,M2-B,R078,کراچی میں شاہراہِ فیصل پر روزانہ jam kyun lagta hai,NAT,,MIXED,urdu_headline_body_rrf,42,91633,0.012345679012345678,50
post_phase12_module2_M2-B,M2-B,R078,کراچی میں شاہراہِ فیصل پر روزانہ jam kyun lagta hai,NAT,,MIXED,urdu_headline_body_rrf,43,110056,0.012345679012345678,50
post_phase12_module2_M2-B,M2-B,R078,کراچی میں شاہراہِ فیصل پر روزانہ jam kyun lagta hai,NAT,,MIXED,urdu_headline_body_rrf,44,10888,0.012195121951219513,50
post_phase12_module2_M2-B,M2-B,R078,کراچی میں شاہراہِ فیصل پر روزانہ jam kyun lagta hai,NAT,,MIXED,urdu_headline_body_rrf,45,14372,0.012048192771084338,50
post_phase12_module2_M2-B,M2-B,R078,کراچی میں شاہراہِ فیصل پر روزانہ jam kyun lagta hai,NAT,,MIXED,urdu_headline_body_rrf,46,34187,0.012048192771084338,50
post_phase12_module2_M2-B,M2-B,R078,کراچی میں شاہراہِ فیصل پر روزانہ jam kyun lagta hai,NAT,,MIXED,urdu_headline_body_rrf,47,41861,0.011904761904761904,50
post_phase12_module2_M2-B,M2-B,R078,کراچی میں شاہراہِ فیصل پر روزانہ jam kyun lagta hai,NAT,,MIXED,urdu_headline_body_rrf,48,51706,0.011904761904761904,50
post_phase12_module2_M2-B,M2-B,R078,کراچی میں شاہراہِ فیصل پر روزانہ jam kyun lagta hai,NAT,,MIXED,urdu_headline_body_rrf,49,47883,0.011764705882352941,50
post_phase12_module2_M2-B,M2-B,R078,کراچی میں شاہراہِ فیصل پر روزانہ jam kyun lagta hai,NAT,,MIXED,urdu_headline_body_rrf,50,79222,0.011764705882352941,50
post_phase12_module2_M2-B,M2-B,R079,youtube premium family plan Pakistan,NAT,,ROMAN,roman_headline_body_rrf_method_D,1,59069,0.030776515151515152,50
post_phase12_module2_M2-B,M2-B,R079,youtube premium family plan Pakistan,NAT,,ROMAN,roman_headline_body_rrf_method_D,2,72069,0.0260840108401084,50
post_phase12_module2_M2-B,M2-B,R079,youtube premium family plan Pakistan,NAT,,ROMAN,roman_headline_body_rrf_method_D,3,36893,0.02574682290807064,50
post_phase12_module2_M2-B,M2-B,R079,youtube premium family plan Pakistan,NAT,,ROMAN,roman_headline_body_rrf_method_D,4,63683,0.025588697017268444,50
post_phase12_module2_M2-B,M2-B,R079,youtube premium family plan Pakistan,NAT,,ROMAN,roman_headline_body_rrf_method_D,5,44556,0.024922600619195046,50
post_phase12_module2_M2-B,M2-B,R079,youtube premium family plan Pakistan,NAT,,ROMAN,roman_headline_body_rrf_method_D,6,732,0.024501173708920188,50
post_phase12_module2_M2-B,M2-B,R079,youtube premium family plan Pakistan,NAT,,ROMAN,roman_headline_body_rrf_method_D,7,72721,0.023317435082140965,50
post_phase12_module2_M2-B,M2-B,R079,youtube premium family plan Pakistan,NAT,,ROMAN,roman_headline_body_rrf_method_D,8,893,0.023215244229736982,50
post_phase12_module2_M2-B,M2-B,R079,youtube premium family plan Pakistan,NAT,,ROMAN,roman_headline_body_rrf_method_D,9,63672,0.02318454363757495,50
post_phase12_module2_M2-B,M2-B,R079,youtube premium family plan Pakistan,NAT,,ROMAN,roman_headline_body_rrf_method_D,10,330,0.019743240614666407,50
post_phase12_module2_M2-B,M2-B,R079,youtube premium family plan Pakistan,NAT,,ROMAN,roman_headline_body_rrf_method_D,11,52834,0.01639344262295082,50
post_phase12_module2_M2-B,M2-B,R079,youtube premium family plan Pakistan,NAT,,ROMAN,roman_headline_body_rrf_method_D,12,110170,0.01639344262295082,50
post_phase12_module2_M2-B,M2-B,R079,youtube premium family plan Pakistan,NAT,,ROMAN,roman_headline_body_rrf_method_D,13,71189,0.016129032258064516,50
post_phase12_module2_M2-B,M2-B,R079,youtube premium family plan Pakistan,NAT,,ROMAN,roman_headline_body_rrf_method_D,14,111253,0.016129032258064516,50
post_phase12_module2_M2-B,M2-B,R079,youtube premium family plan Pakistan,NAT,,ROMAN,roman_headline_body_rrf_method_D,15,28130,0.015873015873015872,50
post_phase12_module2_M2-B,M2-B,R079,youtube premium family plan Pakistan,NAT,,ROMAN,roman_headline_body_rrf_method_D,16,87224,0.015873015873015872,50
post_phase12_module2_M2-B,M2-B,R079,youtube premium family plan Pakistan,NAT,,ROMAN,roman_headline_body_rrf_method_D,17,81804,0.015625,50
post_phase12_module2_M2-B,M2-B,R079,youtube premium family plan Pakistan,NAT,,ROMAN,roman_headline_body_rrf_method_D,18,52631,0.015384615384615385,50
post_phase12_module2_M2-B,M2-B,R079,youtube premium family plan Pakistan,NAT,,ROMAN,roman_headline_body_rrf_method_D,19,58256,0.015151515151515152,50
post_phase12_module2_M2-B,M2-B,R079,youtube premium family plan Pakistan,NAT,,ROMAN,roman_headline_body_rrf_method_D,20,64358,0.014925373134328358,50
post_phase12_module2_M2-B,M2-B,R079,youtube premium family plan Pakistan,NAT,,ROMAN,roman_headline_body_rrf_method_D,21,81769,0.014925373134328358,50
post_phase12_module2_M2-B,M2-B,R079,youtube premium family plan Pakistan,NAT,,ROMAN,roman_headline_body_rrf_method_D,22,70850,0.014705882352941176,50
post_phase12_module2_M2-B,M2-B,R079,youtube premium family plan Pakistan,NAT,,ROMAN,roman_headline_body_rrf_method_D,23,81745,0.014705882352941176,50
post_phase12_module2_M2-B,M2-B,R079,youtube premium family plan Pakistan,NAT,,ROMAN,roman_headline_body_rrf_method_D,24,56561,0.014492753623188406,50
post_phase12_module2_M2-B,M2-B,R079,youtube premium family plan Pakistan,NAT,,ROMAN,roman_headline_body_rrf_method_D,25,60893,0.014492753623188406,50
post_phase12_module2_M2-B,M2-B,R079,youtube premium family plan Pakistan,NAT,,ROMAN,roman_headline_body_rrf_method_D,26,1045,0.014285714285714285,50
post_phase12_module2_M2-B,M2-B,R079,youtube premium family plan Pakistan,NAT,,ROMAN,roman_headline_body_rrf_method_D,27,81062,0.014285714285714285,50
post_phase12_module2_M2-B,M2-B,R079,youtube premium family plan Pakistan,NAT,,ROMAN,roman_headline_body_rrf_method_D,28,52602,0.014084507042253521,50
post_phase12_module2_M2-B,M2-B,R079,youtube premium family plan Pakistan,NAT,,ROMAN,roman_headline_body_rrf_method_D,29,109967,0.013888888888888888,50
post_phase12_module2_M2-B,M2-B,R079,youtube premium family plan Pakistan,NAT,,ROMAN,roman_headline_body_rrf_method_D,30,587,0.0136986301369863,50
post_phase12_module2_M2-B,M2-B,R079,youtube premium family plan Pakistan,NAT,,ROMAN,roman_headline_body_rrf_method_D,31,81705,0.013513513513513514,50
post_phase12_module2_M2-B,M2-B,R079,youtube premium family plan Pakistan,NAT,,ROMAN,roman_headline_body_rrf_method_D,32,75449,0.013333333333333334,50
post_phase12_module2_M2-B,M2-B,R079,youtube premium family plan Pakistan,NAT,,ROMAN,roman_headline_body_rrf_method_D,33,93054,0.013333333333333334,50
post_phase12_module2_M2-B,M2-B,R079,youtube premium family plan Pakistan,NAT,,ROMAN,roman_headline_body_rrf_method_D,34,92876,0.013157894736842105,50
post_phase12_module2_M2-B,M2-B,R079,youtube premium family plan Pakistan,NAT,,ROMAN,roman_headline_body_rrf_method_D,35,34516,0.012987012987012988,50
post_phase12_module2_M2-B,M2-B,R079,youtube premium family plan Pakistan,NAT,,ROMAN,roman_headline_body_rrf_method_D,36,87799,0.012987012987012988,50
post_phase12_module2_M2-B,M2-B,R079,youtube premium family plan Pakistan,NAT,,ROMAN,roman_headline_body_rrf_method_D,37,33235,0.01282051282051282,50
post_phase12_module2_M2-B,M2-B,R079,youtube premium family plan Pakistan,NAT,,ROMAN,roman_headline_body_rrf_method_D,38,40528,0.01282051282051282,50
post_phase12_module2_M2-B,M2-B,R079,youtube premium family plan Pakistan,NAT,,ROMAN,roman_headline_body_rrf_method_D,39,82492,0.012658227848101266,50
post_phase12_module2_M2-B,M2-B,R079,youtube premium family plan Pakistan,NAT,,ROMAN,roman_headline_body_rrf_method_D,40,37716,0.0125,50
post_phase12_module2_M2-B,M2-B,R079,youtube premium family plan Pakistan,NAT,,ROMAN,roman_headline_body_rrf_method_D,41,90307,0.0125,50
post_phase12_module2_M2-B,M2-B,R079,youtube premium family plan Pakistan,NAT,,ROMAN,roman_headline_body_rrf_method_D,42,92681,0.012345679012345678,50
post_phase12_module2_M2-B,M2-B,R079,youtube premium family plan Pakistan,NAT,,ROMAN,roman_headline_body_rrf_method_D,43,735,0.012195121951219513,50
post_phase12_module2_M2-B,M2-B,R079,youtube premium family plan Pakistan,NAT,,ROMAN,roman_headline_body_rrf_method_D,44,52829,0.012048192771084338,50
post_phase12_module2_M2-B,M2-B,R079,youtube premium family plan Pakistan,NAT,,ROMAN,roman_headline_body_rrf_method_D,45,997,0.011904761904761904,50
post_phase12_module2_M2-B,M2-B,R079,youtube premium family plan Pakistan,NAT,,ROMAN,roman_headline_body_rrf_method_D,46,34048,0.011904761904761904,50
post_phase12_module2_M2-B,M2-B,R079,youtube premium family plan Pakistan,NAT,,ROMAN,roman_headline_body_rrf_method_D,47,40253,0.011764705882352941,50
post_phase12_module2_M2-B,M2-B,R079,youtube premium family plan Pakistan,NAT,,ROMAN,roman_headline_body_rrf_method_D,48,83057,0.011627906976744186,50
post_phase12_module2_M2-B,M2-B,R079,youtube premium family plan Pakistan,NAT,,ROMAN,roman_headline_body_rrf_method_D,49,111214,0.011627906976744186,50
post_phase12_module2_M2-B,M2-B,R079,youtube premium family plan Pakistan,NAT,,ROMAN,roman_headline_body_rrf_method_D,50,1765,0.011494252873563218,50
post_phase12_module2_M2-B,M2-B,R081,SUPARCO ne haal hi mein kya satellite mission announce kiya,NAT,,ROMAN,roman_headline_body_rrf_method_D,1,73562,0.02637768817204301,50
post_phase12_module2_M2-B,M2-B,R081,SUPARCO ne haal hi mein kya satellite mission announce kiya,NAT,,ROMAN,roman_headline_body_rrf_method_D,2,42580,0.01639344262295082,50
post_phase12_module2_M2-B,M2-B,R081,SUPARCO ne haal hi mein kya satellite mission announce kiya,NAT,,ROMAN,roman_headline_body_rrf_method_D,3,101240,0.01639344262295082,50
post_phase12_module2_M2-B,M2-B,R081,SUPARCO ne haal hi mein kya satellite mission announce kiya,NAT,,ROMAN,roman_headline_body_rrf_method_D,4,6746,0.016129032258064516,50
post_phase12_module2_M2-B,M2-B,R081,SUPARCO ne haal hi mein kya satellite mission announce kiya,NAT,,ROMAN,roman_headline_body_rrf_method_D,5,87142,0.016129032258064516,50
post_phase12_module2_M2-B,M2-B,R081,SUPARCO ne haal hi mein kya satellite mission announce kiya,NAT,,ROMAN,roman_headline_body_rrf_method_D,6,35064,0.015873015873015872,50
post_phase12_module2_M2-B,M2-B,R081,SUPARCO ne haal hi mein kya satellite mission announce kiya,NAT,,ROMAN,roman_headline_body_rrf_method_D,7,101270,0.015873015873015872,50
post_phase12_module2_M2-B,M2-B,R081,SUPARCO ne haal hi mein kya satellite mission announce kiya,NAT,,ROMAN,roman_headline_body_rrf_method_D,8,6328,0.015625,50
post_phase12_module2_M2-B,M2-B,R081,SUPARCO ne haal hi mein kya satellite mission announce kiya,NAT,,ROMAN,roman_headline_body_rrf_method_D,9,8383,0.015384615384615385,50
post_phase12_module2_M2-B,M2-B,R081,SUPARCO ne haal hi mein kya satellite mission announce kiya,NAT,,ROMAN,roman_headline_body_rrf_method_D,10,79994,0.015384615384615385,50
post_phase12_module2_M2-B,M2-B,R081,SUPARCO ne haal hi mein kya satellite mission announce kiya,NAT,,ROMAN,roman_headline_body_rrf_method_D,11,3733,0.015151515151515152,50
post_phase12_module2_M2-B,M2-B,R081,SUPARCO ne haal hi mein kya satellite mission announce kiya,NAT,,ROMAN,roman_headline_body_rrf_method_D,12,99788,0.015151515151515152,50
post_phase12_module2_M2-B,M2-B,R081,SUPARCO ne haal hi mein kya satellite mission announce kiya,NAT,,ROMAN,roman_headline_body_rrf_method_D,13,7204,0.014925373134328358,50
post_phase12_module2_M2-B,M2-B,R081,SUPARCO ne haal hi mein kya satellite mission announce kiya,NAT,,ROMAN,roman_headline_body_rrf_method_D,14,46592,0.014925373134328358,50
post_phase12_module2_M2-B,M2-B,R081,SUPARCO ne haal hi mein kya satellite mission announce kiya,NAT,,ROMAN,roman_headline_body_rrf_method_D,15,7208,0.014705882352941176,50
post_phase12_module2_M2-B,M2-B,R081,SUPARCO ne haal hi mein kya satellite mission announce kiya,NAT,,ROMAN,roman_headline_body_rrf_method_D,16,29598,0.014705882352941176,50
post_phase12_module2_M2-B,M2-B,R081,SUPARCO ne haal hi mein kya satellite mission announce kiya,NAT,,ROMAN,roman_headline_body_rrf_method_D,17,8694,0.014492753623188406,50
post_phase12_module2_M2-B,M2-B,R081,SUPARCO ne haal hi mein kya satellite mission announce kiya,NAT,,ROMAN,roman_headline_body_rrf_method_D,18,50608,0.014492753623188406,50
post_phase12_module2_M2-B,M2-B,R081,SUPARCO ne haal hi mein kya satellite mission announce kiya,NAT,,ROMAN,roman_headline_body_rrf_method_D,19,28945,0.014285714285714285,50
post_phase12_module2_M2-B,M2-B,R081,SUPARCO ne haal hi mein kya satellite mission announce kiya,NAT,,ROMAN,roman_headline_body_rrf_method_D,20,100959,0.014285714285714285,50
post_phase12_module2_M2-B,M2-B,R081,SUPARCO ne haal hi mein kya satellite mission announce kiya,NAT,,ROMAN,roman_headline_body_rrf_method_D,21,5844,0.014084507042253521,50
post_phase12_module2_M2-B,M2-B,R081,SUPARCO ne haal hi mein kya satellite mission announce kiya,NAT,,ROMAN,roman_headline_body_rrf_method_D,22,9235,0.014084507042253521,50
post_phase12_module2_M2-B,M2-B,R081,SUPARCO ne haal hi mein kya satellite mission announce kiya,NAT,,ROMAN,roman_headline_body_rrf_method_D,23,4911,0.013888888888888888,50
post_phase12_module2_M2-B,M2-B,R081,SUPARCO ne haal hi mein kya satellite mission announce kiya,NAT,,ROMAN,roman_headline_body_rrf_method_D,24,8370,0.013888888888888888,50
post_phase12_module2_M2-B,M2-B,R081,SUPARCO ne haal hi mein kya satellite mission announce kiya,NAT,,ROMAN,roman_headline_body_rrf_method_D,25,98127,0.0136986301369863,50
post_phase12_module2_M2-B,M2-B,R081,SUPARCO ne haal hi mein kya satellite mission announce kiya,NAT,,ROMAN,roman_headline_body_rrf_method_D,26,100759,0.0136986301369863,50
post_phase12_module2_M2-B,M2-B,R081,SUPARCO ne haal hi mein kya satellite mission announce kiya,NAT,,ROMAN,roman_headline_body_rrf_method_D,27,21185,0.013513513513513514,50
post_phase12_module2_M2-B,M2-B,R081,SUPARCO ne haal hi mein kya satellite mission announce kiya,NAT,,ROMAN,roman_headline_body_rrf_method_D,28,46600,0.013513513513513514,50
post_phase12_module2_M2-B,M2-B,R081,SUPARCO ne haal hi mein kya satellite mission announce kiya,NAT,,ROMAN,roman_headline_body_rrf_method_D,29,4246,0.013333333333333334,50
post_phase12_module2_M2-B,M2-B,R081,SUPARCO ne haal hi mein kya satellite mission announce kiya,NAT,,ROMAN,roman_headline_body_rrf_method_D,30,80051,0.013333333333333334,50
post_phase12_module2_M2-B,M2-B,R081,SUPARCO ne haal hi mein kya satellite mission announce kiya,NAT,,ROMAN,roman_headline_body_rrf_method_D,31,29567,0.013157894736842105,50
post_phase12_module2_M2-B,M2-B,R081,SUPARCO ne haal hi mein kya satellite mission announce kiya,NAT,,ROMAN,roman_headline_body_rrf_method_D,32,97933,0.013157894736842105,50
post_phase12_module2_M2-B,M2-B,R081,SUPARCO ne haal hi mein kya satellite mission announce kiya,NAT,,ROMAN,roman_headline_body_rrf_method_D,33,19300,0.012987012987012988,50
post_phase12_module2_M2-B,M2-B,R081,SUPARCO ne haal hi mein kya satellite mission announce kiya,NAT,,ROMAN,roman_headline_body_rrf_method_D,34,21168,0.012987012987012988,50
post_phase12_module2_M2-B,M2-B,R081,SUPARCO ne haal hi mein kya satellite mission announce kiya,NAT,,ROMAN,roman_headline_body_rrf_method_D,35,3870,0.01282051282051282,50
post_phase12_module2_M2-B,M2-B,R081,SUPARCO ne haal hi mein kya satellite mission announce kiya,NAT,,ROMAN,roman_headline_body_rrf_method_D,36,22819,0.01282051282051282,50
post_phase12_module2_M2-B,M2-B,R081,SUPARCO ne haal hi mein kya satellite mission announce kiya,NAT,,ROMAN,roman_headline_body_rrf_method_D,37,41724,0.012658227848101266,50
post_phase12_module2_M2-B,M2-B,R081,SUPARCO ne haal hi mein kya satellite mission announce kiya,NAT,,ROMAN,roman_headline_body_rrf_method_D,38,100244,0.012658227848101266,50
post_phase12_module2_M2-B,M2-B,R081,SUPARCO ne haal hi mein kya satellite mission announce kiya,NAT,,ROMAN,roman_headline_body_rrf_method_D,39,7608,0.0125,50
post_phase12_module2_M2-B,M2-B,R081,SUPARCO ne haal hi mein kya satellite mission announce kiya,NAT,,ROMAN,roman_headline_body_rrf_method_D,40,13940,0.0125,50
post_phase12_module2_M2-B,M2-B,R081,SUPARCO ne haal hi mein kya satellite mission announce kiya,NAT,,ROMAN,roman_headline_body_rrf_method_D,41,43643,0.012345679012345678,50
post_phase12_module2_M2-B,M2-B,R081,SUPARCO ne haal hi mein kya satellite mission announce kiya,NAT,,ROMAN,roman_headline_body_rrf_method_D,42,97691,0.012345679012345678,50
post_phase12_module2_M2-B,M2-B,R081,SUPARCO ne haal hi mein kya satellite mission announce kiya,NAT,,ROMAN,roman_headline_body_rrf_method_D,43,17781,0.012195121951219513,50
post_phase12_module2_M2-B,M2-B,R081,SUPARCO ne haal hi mein kya satellite mission announce kiya,NAT,,ROMAN,roman_headline_body_rrf_method_D,44,87499,0.012195121951219513,50
post_phase12_module2_M2-B,M2-B,R081,SUPARCO ne haal hi mein kya satellite mission announce kiya,NAT,,ROMAN,roman_headline_body_rrf_method_D,45,17827,0.012048192771084338,50
post_phase12_module2_M2-B,M2-B,R081,SUPARCO ne haal hi mein kya satellite mission announce kiya,NAT,,ROMAN,roman_headline_body_rrf_method_D,46,79598,0.012048192771084338,50
post_phase12_module2_M2-B,M2-B,R081,SUPARCO ne haal hi mein kya satellite mission announce kiya,NAT,,ROMAN,roman_headline_body_rrf_method_D,47,17865,0.011904761904761904,50
post_phase12_module2_M2-B,M2-B,R081,SUPARCO ne haal hi mein kya satellite mission announce kiya,NAT,,ROMAN,roman_headline_body_rrf_method_D,48,98376,0.011904761904761904,50
post_phase12_module2_M2-B,M2-B,R081,SUPARCO ne haal hi mein kya satellite mission announce kiya,NAT,,ROMAN,roman_headline_body_rrf_method_D,49,7549,0.011764705882352941,50
post_phase12_module2_M2-B,M2-B,R081,SUPARCO ne haal hi mein kya satellite mission announce kiya,NAT,,ROMAN,roman_headline_body_rrf_method_D,50,82369,0.011764705882352941,50
post_phase12_module2_M2-B,M2-B,R082,Pakistan ki textile exports kam kyun ho rahi hain,NAT,,ROMAN,roman_headline_body_rrf_method_D,1,106804,0.031054405392392875,50
post_phase12_module2_M2-B,M2-B,R082,Pakistan ki textile exports kam kyun ho rahi hain,NAT,,ROMAN,roman_headline_body_rrf_method_D,2,48092,0.029411764705882353,50
post_phase12_module2_M2-B,M2-B,R082,Pakistan ki textile exports kam kyun ho rahi hain,NAT,,ROMAN,roman_headline_body_rrf_method_D,3,5544,0.029083245521601686,50
post_phase12_module2_M2-B,M2-B,R082,Pakistan ki textile exports kam kyun ho rahi hain,NAT,,ROMAN,roman_headline_body_rrf_method_D,4,15513,0.02797339593114241,50
post_phase12_module2_M2-B,M2-B,R082,Pakistan ki textile exports kam kyun ho rahi hain,NAT,,ROMAN,roman_headline_body_rrf_method_D,5,50165,0.026625704045058884,50
post_phase12_module2_M2-B,M2-B,R082,Pakistan ki textile exports kam kyun ho rahi hain,NAT,,ROMAN,roman_headline_body_rrf_method_D,6,49456,0.026356857985087564,50
post_phase12_module2_M2-B,M2-B,R082,Pakistan ki textile exports kam kyun ho rahi hain,NAT,,ROMAN,roman_headline_body_rrf_method_D,7,50470,0.025,50
post_phase12_module2_M2-B,M2-B,R082,Pakistan ki textile exports kam kyun ho rahi hain,NAT,,ROMAN,roman_headline_body_rrf_method_D,8,66936,0.024610822831727205,50
post_phase12_module2_M2-B,M2-B,R082,Pakistan ki textile exports kam kyun ho rahi hain,NAT,,ROMAN,roman_headline_body_rrf_method_D,9,68015,0.02415181138585394,50
post_phase12_module2_M2-B,M2-B,R082,Pakistan ki textile exports kam kyun ho rahi hain,NAT,,ROMAN,roman_headline_body_rrf_method_D,10,104758,0.022424242424242423,50
post_phase12_module2_M2-B,M2-B,R082,Pakistan ki textile exports kam kyun ho rahi hain,NAT,,ROMAN,roman_headline_body_rrf_method_D,11,71205,0.01639344262295082,50
post_phase12_module2_M2-B,M2-B,R082,Pakistan ki textile exports kam kyun ho rahi hain,NAT,,ROMAN,roman_headline_body_rrf_method_D,12,101309,0.01639344262295082,50
post_phase12_module2_M2-B,M2-B,R082,Pakistan ki textile exports kam kyun ho rahi hain,NAT,,ROMAN,roman_headline_body_rrf_method_D,13,50976,0.016129032258064516,50
post_phase12_module2_M2-B,M2-B,R082,Pakistan ki textile exports kam kyun ho rahi hain,NAT,,ROMAN,roman_headline_body_rrf_method_D,14,73753,0.015873015873015872,50
post_phase12_module2_M2-B,M2-B,R082,Pakistan ki textile exports kam kyun ho rahi hain,NAT,,ROMAN,roman_headline_body_rrf_method_D,15,73318,0.015625,50
post_phase12_module2_M2-B,M2-B,R082,Pakistan ki textile exports kam kyun ho rahi hain,NAT,,ROMAN,roman_headline_body_rrf_method_D,16,98166,0.015625,50
post_phase12_module2_M2-B,M2-B,R082,Pakistan ki textile exports kam kyun ho rahi hain,NAT,,ROMAN,roman_headline_body_rrf_method_D,17,74253,0.015384615384615385,50
post_phase12_module2_M2-B,M2-B,R082,Pakistan ki textile exports kam kyun ho rahi hain,NAT,,ROMAN,roman_headline_body_rrf_method_D,18,48389,0.015151515151515152,50
post_phase12_module2_M2-B,M2-B,R082,Pakistan ki textile exports kam kyun ho rahi hain,NAT,,ROMAN,roman_headline_body_rrf_method_D,19,111424,0.015151515151515152,50
post_phase12_module2_M2-B,M2-B,R082,Pakistan ki textile exports kam kyun ho rahi hain,NAT,,ROMAN,roman_headline_body_rrf_method_D,20,109003,0.014925373134328358,50
post_phase12_module2_M2-B,M2-B,R082,Pakistan ki textile exports kam kyun ho rahi hain,NAT,,ROMAN,roman_headline_body_rrf_method_D,21,11073,0.014492753623188406,50
post_phase12_module2_M2-B,M2-B,R082,Pakistan ki textile exports kam kyun ho rahi hain,NAT,,ROMAN,roman_headline_body_rrf_method_D,22,66314,0.014492753623188406,50
post_phase12_module2_M2-B,M2-B,R082,Pakistan ki textile exports kam kyun ho rahi hain,NAT,,ROMAN,roman_headline_body_rrf_method_D,23,68720,0.014285714285714285,50
post_phase12_module2_M2-B,M2-B,R082,Pakistan ki textile exports kam kyun ho rahi hain,NAT,,ROMAN,roman_headline_body_rrf_method_D,24,80020,0.014285714285714285,50
post_phase12_module2_M2-B,M2-B,R082,Pakistan ki textile exports kam kyun ho rahi hain,NAT,,ROMAN,roman_headline_body_rrf_method_D,25,39571,0.013888888888888888,50
post_phase12_module2_M2-B,M2-B,R082,Pakistan ki textile exports kam kyun ho rahi hain,NAT,,ROMAN,roman_headline_body_rrf_method_D,26,32300,0.013513513513513514,50
post_phase12_module2_M2-B,M2-B,R082,Pakistan ki textile exports kam kyun ho rahi hain,NAT,,ROMAN,roman_headline_body_rrf_method_D,27,1627,0.013333333333333334,50
post_phase12_module2_M2-B,M2-B,R082,Pakistan ki textile exports kam kyun ho rahi hain,NAT,,ROMAN,roman_headline_body_rrf_method_D,28,39208,0.013157894736842105,50
post_phase12_module2_M2-B,M2-B,R082,Pakistan ki textile exports kam kyun ho rahi hain,NAT,,ROMAN,roman_headline_body_rrf_method_D,29,102992,0.013157894736842105,50
post_phase12_module2_M2-B,M2-B,R082,Pakistan ki textile exports kam kyun ho rahi hain,NAT,,ROMAN,roman_headline_body_rrf_method_D,30,16051,0.012987012987012988,50
post_phase12_module2_M2-B,M2-B,R082,Pakistan ki textile exports kam kyun ho rahi hain,NAT,,ROMAN,roman_headline_body_rrf_method_D,31,97530,0.012987012987012988,50
post_phase12_module2_M2-B,M2-B,R082,Pakistan ki textile exports kam kyun ho rahi hain,NAT,,ROMAN,roman_headline_body_rrf_method_D,32,1615,0.01282051282051282,50
post_phase12_module2_M2-B,M2-B,R082,Pakistan ki textile exports kam kyun ho rahi hain,NAT,,ROMAN,roman_headline_body_rrf_method_D,33,102841,0.01282051282051282,50
post_phase12_module2_M2-B,M2-B,R082,Pakistan ki textile exports kam kyun ho rahi hain,NAT,,ROMAN,roman_headline_body_rrf_method_D,34,69404,0.012658227848101266,50
post_phase12_module2_M2-B,M2-B,R082,Pakistan ki textile exports kam kyun ho rahi hain,NAT,,ROMAN,roman_headline_body_rrf_method_D,35,601,0.012345679012345678,50
post_phase12_module2_M2-B,M2-B,R082,Pakistan ki textile exports kam kyun ho rahi hain,NAT,,ROMAN,roman_headline_body_rrf_method_D,36,49694,0.012345679012345678,50
post_phase12_module2_M2-B,M2-B,R082,Pakistan ki textile exports kam kyun ho rahi hain,NAT,,ROMAN,roman_headline_body_rrf_method_D,37,66577,0.012195121951219513,50
post_phase12_module2_M2-B,M2-B,R082,Pakistan ki textile exports kam kyun ho rahi hain,NAT,,ROMAN,roman_headline_body_rrf_method_D,38,74716,0.012195121951219513,50
post_phase12_module2_M2-B,M2-B,R082,Pakistan ki textile exports kam kyun ho rahi hain,NAT,,ROMAN,roman_headline_body_rrf_method_D,39,79625,0.012048192771084338,50
post_phase12_module2_M2-B,M2-B,R082,Pakistan ki textile exports kam kyun ho rahi hain,NAT,,ROMAN,roman_headline_body_rrf_method_D,40,105836,0.012048192771084338,50
post_phase12_module2_M2-B,M2-B,R082,Pakistan ki textile exports kam kyun ho rahi hain,NAT,,ROMAN,roman_headline_body_rrf_method_D,41,51350,0.011904761904761904,50
post_phase12_module2_M2-B,M2-B,R082,Pakistan ki textile exports kam kyun ho rahi hain,NAT,,ROMAN,roman_headline_body_rrf_method_D,42,76215,0.011904761904761904,50
post_phase12_module2_M2-B,M2-B,R082,Pakistan ki textile exports kam kyun ho rahi hain,NAT,,ROMAN,roman_headline_body_rrf_method_D,43,482,0.011764705882352941,50
post_phase12_module2_M2-B,M2-B,R082,Pakistan ki textile exports kam kyun ho rahi hain,NAT,,ROMAN,roman_headline_body_rrf_method_D,44,13020,0.011764705882352941,50
post_phase12_module2_M2-B,M2-B,R082,Pakistan ki textile exports kam kyun ho rahi hain,NAT,,ROMAN,roman_headline_body_rrf_method_D,45,15572,0.011627906976744186,50
post_phase12_module2_M2-B,M2-B,R082,Pakistan ki textile exports kam kyun ho rahi hain,NAT,,ROMAN,roman_headline_body_rrf_method_D,46,40374,0.011627906976744186,50
post_phase12_module2_M2-B,M2-B,R082,Pakistan ki textile exports kam kyun ho rahi hain,NAT,,ROMAN,roman_headline_body_rrf_method_D,47,226,0.011494252873563218,50
post_phase12_module2_M2-B,M2-B,R082,Pakistan ki textile exports kam kyun ho rahi hain,NAT,,ROMAN,roman_headline_body_rrf_method_D,48,106450,0.011494252873563218,50
post_phase12_module2_M2-B,M2-B,R082,Pakistan ki textile exports kam kyun ho rahi hain,NAT,,ROMAN,roman_headline_body_rrf_method_D,49,15731,0.011363636363636364,50
post_phase12_module2_M2-B,M2-B,R082,Pakistan ki textile exports kam kyun ho rahi hain,NAT,,ROMAN,roman_headline_body_rrf_method_D,50,31655,0.011363636363636364,50
post_phase12_module2_M2-B,M2-B,R083,Pakistani passport fees 2026,NAT,,ROMAN,roman_headline_body_rrf_method_D,1,55132,0.03225806451612903,29
post_phase12_module2_M2-B,M2-B,R083,Pakistani passport fees 2026,NAT,,ROMAN,roman_headline_body_rrf_method_D,2,84126,0.03177805800756621,29
post_phase12_module2_M2-B,M2-B,R083,Pakistani passport fees 2026,NAT,,ROMAN,roman_headline_body_rrf_method_D,3,30560,0.031544957774465976,29
post_phase12_module2_M2-B,M2-B,R083,Pakistani passport fees 2026,NAT,,ROMAN,roman_headline_body_rrf_method_D,4,26590,0.030536130536130537,29
post_phase12_module2_M2-B,M2-B,R083,Pakistani passport fees 2026,NAT,,ROMAN,roman_headline_body_rrf_method_D,5,27820,0.030330882352941176,29
post_phase12_module2_M2-B,M2-B,R083,Pakistani passport fees 2026,NAT,,ROMAN,roman_headline_body_rrf_method_D,6,31206,0.015873015873015872,29
post_phase12_module2_M2-B,M2-B,R083,Pakistani passport fees 2026,NAT,,ROMAN,roman_headline_body_rrf_method_D,7,47508,0.015873015873015872,29
post_phase12_module2_M2-B,M2-B,R083,Pakistani passport fees 2026,NAT,,ROMAN,roman_headline_body_rrf_method_D,8,80876,0.015625,29
post_phase12_module2_M2-B,M2-B,R083,Pakistani passport fees 2026,NAT,,ROMAN,roman_headline_body_rrf_method_D,9,33113,0.014925373134328358,29
post_phase12_module2_M2-B,M2-B,R083,Pakistani passport fees 2026,NAT,,ROMAN,roman_headline_body_rrf_method_D,10,90442,0.014492753623188406,29
post_phase12_module2_M2-B,M2-B,R083,Pakistani passport fees 2026,NAT,,ROMAN,roman_headline_body_rrf_method_D,11,59763,0.014285714285714285,29
post_phase12_module2_M2-B,M2-B,R083,Pakistani passport fees 2026,NAT,,ROMAN,roman_headline_body_rrf_method_D,12,55025,0.014084507042253521,29
post_phase12_module2_M2-B,M2-B,R083,Pakistani passport fees 2026,NAT,,ROMAN,roman_headline_body_rrf_method_D,13,28999,0.013888888888888888,29
post_phase12_module2_M2-B,M2-B,R083,Pakistani passport fees 2026,NAT,,ROMAN,roman_headline_body_rrf_method_D,14,39149,0.0136986301369863,29
post_phase12_module2_M2-B,M2-B,R083,Pakistani passport fees 2026,NAT,,ROMAN,roman_headline_body_rrf_method_D,15,3148,0.013513513513513514,29
post_phase12_module2_M2-B,M2-B,R083,Pakistani passport fees 2026,NAT,,ROMAN,roman_headline_body_rrf_method_D,16,27819,0.013333333333333334,29
post_phase12_module2_M2-B,M2-B,R083,Pakistani passport fees 2026,NAT,,ROMAN,roman_headline_body_rrf_method_D,17,25466,0.013157894736842105,29
post_phase12_module2_M2-B,M2-B,R083,Pakistani passport fees 2026,NAT,,ROMAN,roman_headline_body_rrf_method_D,18,1364,0.012987012987012988,29
post_phase12_module2_M2-B,M2-B,R083,Pakistani passport fees 2026,NAT,,ROMAN,roman_headline_body_rrf_method_D,19,13540,0.01282051282051282,29
post_phase12_module2_M2-B,M2-B,R083,Pakistani passport fees 2026,NAT,,ROMAN,roman_headline_body_rrf_method_D,20,4092,0.012658227848101266,29
post_phase12_module2_M2-B,M2-B,R083,Pakistani passport fees 2026,NAT,,ROMAN,roman_headline_body_rrf_method_D,21,1358,0.0125,29
post_phase12_module2_M2-B,M2-B,R083,Pakistani passport fees 2026,NAT,,ROMAN,roman_headline_body_rrf_method_D,22,24664,0.012345679012345678,29
post_phase12_module2_M2-B,M2-B,R083,Pakistani passport fees 2026,NAT,,ROMAN,roman_headline_body_rrf_method_D,23,3821,0.012195121951219513,29
post_phase12_module2_M2-B,M2-B,R083,Pakistani passport fees 2026,NAT,,ROMAN,roman_headline_body_rrf_method_D,24,1796,0.012048192771084338,29
post_phase12_module2_M2-B,M2-B,R083,Pakistani passport fees 2026,NAT,,ROMAN,roman_headline_body_rrf_method_D,25,26775,0.011904761904761904,29
post_phase12_module2_M2-B,M2-B,R083,Pakistani passport fees 2026,NAT,,ROMAN,roman_headline_body_rrf_method_D,26,24681,0.011764705882352941,29
post_phase12_module2_M2-B,M2-B,R083,Pakistani passport fees 2026,NAT,,ROMAN,roman_headline_body_rrf_method_D,27,10990,0.011627906976744186,29
post_phase12_module2_M2-B,M2-B,R083,Pakistani passport fees 2026,NAT,,ROMAN,roman_headline_body_rrf_method_D,28,342,0.011494252873563218,29
post_phase12_module2_M2-B,M2-B,R083,Pakistani passport fees 2026,NAT,,ROMAN,roman_headline_body_rrf_method_D,29,2633,0.011363636363636364,29
post_phase12_module2_M2-B,M2-B,R084,HBL PSL 2026 final date and venue,NAT,,ROMAN,roman_headline_body_rrf_method_D,1,59624,0.03252247488101534,50
post_phase12_module2_M2-B,M2-B,R084,HBL PSL 2026 final date and venue,NAT,,ROMAN,roman_headline_body_rrf_method_D,2,55132,0.03149801587301587,50
post_phase12_module2_M2-B,M2-B,R084,HBL PSL 2026 final date and venue,NAT,,ROMAN,roman_headline_body_rrf_method_D,3,84126,0.03131881575727918,50
post_phase12_module2_M2-B,M2-B,R084,HBL PSL 2026 final date and venue,NAT,,ROMAN,roman_headline_body_rrf_method_D,4,30560,0.028693528693528692,50
post_phase12_module2_M2-B,M2-B,R084,HBL PSL 2026 final date and venue,NAT,,ROMAN,roman_headline_body_rrf_method_D,5,27820,0.027651515151515153,50
post_phase12_module2_M2-B,M2-B,R084,HBL PSL 2026 final date and venue,NAT,,ROMAN,roman_headline_body_rrf_method_D,6,26590,0.027479766610201392,50
post_phase12_module2_M2-B,M2-B,R084,HBL PSL 2026 final date and venue,NAT,,ROMAN,roman_headline_body_rrf_method_D,7,42716,0.02557544757033248,50
post_phase12_module2_M2-B,M2-B,R084,HBL PSL 2026 final date and venue,NAT,,ROMAN,roman_headline_body_rrf_method_D,8,68815,0.016129032258064516,50
post_phase12_module2_M2-B,M2-B,R084,HBL PSL 2026 final date and venue,NAT,,ROMAN,roman_headline_body_rrf_method_D,9,74218,0.015625,50
post_phase12_module2_M2-B,M2-B,R084,HBL PSL 2026 final date and venue,NAT,,ROMAN,roman_headline_body_rrf_method_D,10,31206,0.015384615384615385,50
post_phase12_module2_M2-B,M2-B,R084,HBL PSL 2026 final date and venue,NAT,,ROMAN,roman_headline_body_rrf_method_D,11,47508,0.015384615384615385,50
post_phase12_module2_M2-B,M2-B,R084,HBL PSL 2026 final date and venue,NAT,,ROMAN,roman_headline_body_rrf_method_D,12,24485,0.015151515151515152,50
post_phase12_module2_M2-B,M2-B,R084,HBL PSL 2026 final date and venue,NAT,,ROMAN,roman_headline_body_rrf_method_D,13,24333,0.014925373134328358,50
post_phase12_module2_M2-B,M2-B,R084,HBL PSL 2026 final date and venue,NAT,,ROMAN,roman_headline_body_rrf_method_D,14,62866,0.014705882352941176,50
post_phase12_module2_M2-B,M2-B,R084,HBL PSL 2026 final date and venue,NAT,,ROMAN,roman_headline_body_rrf_method_D,15,68864,0.014492753623188406,50
post_phase12_module2_M2-B,M2-B,R084,HBL PSL 2026 final date and venue,NAT,,ROMAN,roman_headline_body_rrf_method_D,16,20971,0.014285714285714285,50
post_phase12_module2_M2-B,M2-B,R084,HBL PSL 2026 final date and venue,NAT,,ROMAN,roman_headline_body_rrf_method_D,17,80876,0.014084507042253521,50
post_phase12_module2_M2-B,M2-B,R084,HBL PSL 2026 final date and venue,NAT,,ROMAN,roman_headline_body_rrf_method_D,18,24416,0.013888888888888888,50
post_phase12_module2_M2-B,M2-B,R084,HBL PSL 2026 final date and venue,NAT,,ROMAN,roman_headline_body_rrf_method_D,19,49806,0.0136986301369863,50
post_phase12_module2_M2-B,M2-B,R084,HBL PSL 2026 final date and venue,NAT,,ROMAN,roman_headline_body_rrf_method_D,20,59363,0.013513513513513514,50
post_phase12_module2_M2-B,M2-B,R084,HBL PSL 2026 final date and venue,NAT,,ROMAN,roman_headline_body_rrf_method_D,21,24620,0.013333333333333334,50
post_phase12_module2_M2-B,M2-B,R084,HBL PSL 2026 final date and venue,NAT,,ROMAN,roman_headline_body_rrf_method_D,22,111469,0.013157894736842105,50
post_phase12_module2_M2-B,M2-B,R084,HBL PSL 2026 final date and venue,NAT,,ROMAN,roman_headline_body_rrf_method_D,23,33113,0.012658227848101266,50
post_phase12_module2_M2-B,M2-B,R084,HBL PSL 2026 final date and venue,NAT,,ROMAN,roman_headline_body_rrf_method_D,24,107699,0.012345679012345678,50
post_phase12_module2_M2-B,M2-B,R084,HBL PSL 2026 final date and venue,NAT,,ROMAN,roman_headline_body_rrf_method_D,25,80254,0.012195121951219513,50
post_phase12_module2_M2-B,M2-B,R084,HBL PSL 2026 final date and venue,NAT,,ROMAN,roman_headline_body_rrf_method_D,26,90442,0.012048192771084338,50
post_phase12_module2_M2-B,M2-B,R084,HBL PSL 2026 final date and venue,NAT,,ROMAN,roman_headline_body_rrf_method_D,27,61199,0.011904761904761904,50
post_phase12_module2_M2-B,M2-B,R084,HBL PSL 2026 final date and venue,NAT,,ROMAN,roman_headline_body_rrf_method_D,28,59763,0.011764705882352941,50
post_phase12_module2_M2-B,M2-B,R084,HBL PSL 2026 final date and venue,NAT,,ROMAN,roman_headline_body_rrf_method_D,29,55025,0.011627906976744186,50
post_phase12_module2_M2-B,M2-B,R084,HBL PSL 2026 final date and venue,NAT,,ROMAN,roman_headline_body_rrf_method_D,30,105863,0.011494252873563218,50
post_phase12_module2_M2-B,M2-B,R084,HBL PSL 2026 final date and venue,NAT,,ROMAN,roman_headline_body_rrf_method_D,31,60270,0.011363636363636364,50
post_phase12_module2_M2-B,M2-B,R084,HBL PSL 2026 final date and venue,NAT,,ROMAN,roman_headline_body_rrf_method_D,32,34649,0.011235955056179775,50
post_phase12_module2_M2-B,M2-B,R084,HBL PSL 2026 final date and venue,NAT,,ROMAN,roman_headline_body_rrf_method_D,33,79591,0.011111111111111112,50
post_phase12_module2_M2-B,M2-B,R084,HBL PSL 2026 final date and venue,NAT,,ROMAN,roman_headline_body_rrf_method_D,34,104371,0.01098901098901099,50
post_phase12_module2_M2-B,M2-B,R084,HBL PSL 2026 final date and venue,NAT,,ROMAN,roman_headline_body_rrf_method_D,35,59690,0.010752688172043012,50
post_phase12_module2_M2-B,M2-B,R084,HBL PSL 2026 final date and venue,NAT,,ROMAN,roman_headline_body_rrf_method_D,36,59691,0.010638297872340425,50
post_phase12_module2_M2-B,M2-B,R084,HBL PSL 2026 final date and venue,NAT,,ROMAN,roman_headline_body_rrf_method_D,37,28999,0.010526315789473684,50
post_phase12_module2_M2-B,M2-B,R084,HBL PSL 2026 final date and venue,NAT,,ROMAN,roman_headline_body_rrf_method_D,38,64487,0.010416666666666666,50
post_phase12_module2_M2-B,M2-B,R084,HBL PSL 2026 final date and venue,NAT,,ROMAN,roman_headline_body_rrf_method_D,39,60300,0.010309278350515464,50
post_phase12_module2_M2-B,M2-B,R084,HBL PSL 2026 final date and venue,NAT,,ROMAN,roman_headline_body_rrf_method_D,40,28363,0.01020408163265306,50
post_phase12_module2_M2-B,M2-B,R084,HBL PSL 2026 final date and venue,NAT,,ROMAN,roman_headline_body_rrf_method_D,41,23363,0.010101010101010102,50
post_phase12_module2_M2-B,M2-B,R084,HBL PSL 2026 final date and venue,NAT,,ROMAN,roman_headline_body_rrf_method_D,42,6501,0.01,50
post_phase12_module2_M2-B,M2-B,R084,HBL PSL 2026 final date and venue,NAT,,ROMAN,roman_headline_body_rrf_method_D,43,65682,0.009900990099009901,50
post_phase12_module2_M2-B,M2-B,R084,HBL PSL 2026 final date and venue,NAT,,ROMAN,roman_headline_body_rrf_method_D,44,93340,0.00980392156862745,50
post_phase12_module2_M2-B,M2-B,R084,HBL PSL 2026 final date and venue,NAT,,ROMAN,roman_headline_body_rrf_method_D,45,110711,0.009708737864077669,50
post_phase12_module2_M2-B,M2-B,R084,HBL PSL 2026 final date and venue,NAT,,ROMAN,roman_headline_body_rrf_method_D,46,56445,0.009615384615384616,50
post_phase12_module2_M2-B,M2-B,R084,HBL PSL 2026 final date and venue,NAT,,ROMAN,roman_headline_body_rrf_method_D,47,39149,0.009523809523809525,50
post_phase12_module2_M2-B,M2-B,R084,HBL PSL 2026 final date and venue,NAT,,ROMAN,roman_headline_body_rrf_method_D,48,23500,0.009433962264150943,50
post_phase12_module2_M2-B,M2-B,R084,HBL PSL 2026 final date and venue,NAT,,ROMAN,roman_headline_body_rrf_method_D,49,3148,0.009345794392523364,50
post_phase12_module2_M2-B,M2-B,R084,HBL PSL 2026 final date and venue,NAT,,ROMAN,roman_headline_body_rrf_method_D,50,60032,0.009259259259259259,50
post_phase12_module2_M2-B,M2-B,R085,Pakistan mein khawateen ke liye public transport safe kyun nahi samjhi jati,NAT,,ROMAN,roman_headline_body_rrf_method_D,1,65677,0.026687875574407917,50
post_phase12_module2_M2-B,M2-B,R085,Pakistan mein khawateen ke liye public transport safe kyun nahi samjhi jati,NAT,,ROMAN,roman_headline_body_rrf_method_D,2,976,0.02661064425770308,50
post_phase12_module2_M2-B,M2-B,R085,Pakistan mein khawateen ke liye public transport safe kyun nahi samjhi jati,NAT,,ROMAN,roman_headline_body_rrf_method_D,3,63587,0.024099685060933865,50
post_phase12_module2_M2-B,M2-B,R085,Pakistan mein khawateen ke liye public transport safe kyun nahi samjhi jati,NAT,,ROMAN,roman_headline_body_rrf_method_D,4,63742,0.02291666666666667,50
post_phase12_module2_M2-B,M2-B,R085,Pakistan mein khawateen ke liye public transport safe kyun nahi samjhi jati,NAT,,ROMAN,roman_headline_body_rrf_method_D,5,40578,0.02250368912936547,50
post_phase12_module2_M2-B,M2-B,R085,Pakistan mein khawateen ke liye public transport safe kyun nahi samjhi jati,NAT,,ROMAN,roman_headline_body_rrf_method_D,6,72120,0.02172891707775429,50
post_phase12_module2_M2-B,M2-B,R085,Pakistan mein khawateen ke liye public transport safe kyun nahi samjhi jati,NAT,,ROMAN,roman_headline_body_rrf_method_D,7,65679,0.020422973253161933,50
post_phase12_module2_M2-B,M2-B,R085,Pakistan mein khawateen ke liye public transport safe kyun nahi samjhi jati,NAT,,ROMAN,roman_headline_body_rrf_method_D,8,60459,0.020309278350515464,50
post_phase12_module2_M2-B,M2-B,R085,Pakistan mein khawateen ke liye public transport safe kyun nahi samjhi jati,NAT,,ROMAN,roman_headline_body_rrf_method_D,9,75100,0.020303527481542245,50
post_phase12_module2_M2-B,M2-B,R085,Pakistan mein khawateen ke liye public transport safe kyun nahi samjhi jati,NAT,,ROMAN,roman_headline_body_rrf_method_D,10,72678,0.01991281949673073,50
post_phase12_module2_M2-B,M2-B,R085,Pakistan mein khawateen ke liye public transport safe kyun nahi samjhi jati,NAT,,ROMAN,roman_headline_body_rrf_method_D,11,5504,0.01639344262295082,50
post_phase12_module2_M2-B,M2-B,R085,Pakistan mein khawateen ke liye public transport safe kyun nahi samjhi jati,NAT,,ROMAN,roman_headline_body_rrf_method_D,12,75043,0.01639344262295082,50
post_phase12_module2_M2-B,M2-B,R085,Pakistan mein khawateen ke liye public transport safe kyun nahi samjhi jati,NAT,,ROMAN,roman_headline_body_rrf_method_D,13,77897,0.016129032258064516,50
post_phase12_module2_M2-B,M2-B,R085,Pakistan mein khawateen ke liye public transport safe kyun nahi samjhi jati,NAT,,ROMAN,roman_headline_body_rrf_method_D,14,78382,0.016129032258064516,50
post_phase12_module2_M2-B,M2-B,R085,Pakistan mein khawateen ke liye public transport safe kyun nahi samjhi jati,NAT,,ROMAN,roman_headline_body_rrf_method_D,15,10046,0.015873015873015872,50
post_phase12_module2_M2-B,M2-B,R085,Pakistan mein khawateen ke liye public transport safe kyun nahi samjhi jati,NAT,,ROMAN,roman_headline_body_rrf_method_D,16,72475,0.015873015873015872,50
post_phase12_module2_M2-B,M2-B,R085,Pakistan mein khawateen ke liye public transport safe kyun nahi samjhi jati,NAT,,ROMAN,roman_headline_body_rrf_method_D,17,71837,0.015625,50
post_phase12_module2_M2-B,M2-B,R085,Pakistan mein khawateen ke liye public transport safe kyun nahi samjhi jati,NAT,,ROMAN,roman_headline_body_rrf_method_D,18,74982,0.015625,50
post_phase12_module2_M2-B,M2-B,R085,Pakistan mein khawateen ke liye public transport safe kyun nahi samjhi jati,NAT,,ROMAN,roman_headline_body_rrf_method_D,19,83114,0.015384615384615385,50
post_phase12_module2_M2-B,M2-B,R085,Pakistan mein khawateen ke liye public transport safe kyun nahi samjhi jati,NAT,,ROMAN,roman_headline_body_rrf_method_D,20,111211,0.015384615384615385,50
post_phase12_module2_M2-B,M2-B,R085,Pakistan mein khawateen ke liye public transport safe kyun nahi samjhi jati,NAT,,ROMAN,roman_headline_body_rrf_method_D,21,24152,0.015151515151515152,50
post_phase12_module2_M2-B,M2-B,R085,Pakistan mein khawateen ke liye public transport safe kyun nahi samjhi jati,NAT,,ROMAN,roman_headline_body_rrf_method_D,22,76773,0.015151515151515152,50
post_phase12_module2_M2-B,M2-B,R085,Pakistan mein khawateen ke liye public transport safe kyun nahi samjhi jati,NAT,,ROMAN,roman_headline_body_rrf_method_D,23,96227,0.014925373134328358,50
post_phase12_module2_M2-B,M2-B,R085,Pakistan mein khawateen ke liye public transport safe kyun nahi samjhi jati,NAT,,ROMAN,roman_headline_body_rrf_method_D,24,16668,0.014705882352941176,50
post_phase12_module2_M2-B,M2-B,R085,Pakistan mein khawateen ke liye public transport safe kyun nahi samjhi jati,NAT,,ROMAN,roman_headline_body_rrf_method_D,25,63541,0.014492753623188406,50
post_phase12_module2_M2-B,M2-B,R085,Pakistan mein khawateen ke liye public transport safe kyun nahi samjhi jati,NAT,,ROMAN,roman_headline_body_rrf_method_D,26,62381,0.014285714285714285,50
post_phase12_module2_M2-B,M2-B,R085,Pakistan mein khawateen ke liye public transport safe kyun nahi samjhi jati,NAT,,ROMAN,roman_headline_body_rrf_method_D,27,110228,0.014285714285714285,50
post_phase12_module2_M2-B,M2-B,R085,Pakistan mein khawateen ke liye public transport safe kyun nahi samjhi jati,NAT,,ROMAN,roman_headline_body_rrf_method_D,28,61401,0.014084507042253521,50
post_phase12_module2_M2-B,M2-B,R085,Pakistan mein khawateen ke liye public transport safe kyun nahi samjhi jati,NAT,,ROMAN,roman_headline_body_rrf_method_D,29,99812,0.014084507042253521,50
post_phase12_module2_M2-B,M2-B,R085,Pakistan mein khawateen ke liye public transport safe kyun nahi samjhi jati,NAT,,ROMAN,roman_headline_body_rrf_method_D,30,72117,0.013888888888888888,50
post_phase12_module2_M2-B,M2-B,R085,Pakistan mein khawateen ke liye public transport safe kyun nahi samjhi jati,NAT,,ROMAN,roman_headline_body_rrf_method_D,31,75313,0.013888888888888888,50
post_phase12_module2_M2-B,M2-B,R085,Pakistan mein khawateen ke liye public transport safe kyun nahi samjhi jati,NAT,,ROMAN,roman_headline_body_rrf_method_D,32,63462,0.0136986301369863,50
post_phase12_module2_M2-B,M2-B,R085,Pakistan mein khawateen ke liye public transport safe kyun nahi samjhi jati,NAT,,ROMAN,roman_headline_body_rrf_method_D,33,110071,0.0136986301369863,50
post_phase12_module2_M2-B,M2-B,R085,Pakistan mein khawateen ke liye public transport safe kyun nahi samjhi jati,NAT,,ROMAN,roman_headline_body_rrf_method_D,34,75222,0.013513513513513514,50
post_phase12_module2_M2-B,M2-B,R085,Pakistan mein khawateen ke liye public transport safe kyun nahi samjhi jati,NAT,,ROMAN,roman_headline_body_rrf_method_D,35,75336,0.013513513513513514,50
post_phase12_module2_M2-B,M2-B,R085,Pakistan mein khawateen ke liye public transport safe kyun nahi samjhi jati,NAT,,ROMAN,roman_headline_body_rrf_method_D,36,13691,0.013333333333333334,50
post_phase12_module2_M2-B,M2-B,R085,Pakistan mein khawateen ke liye public transport safe kyun nahi samjhi jati,NAT,,ROMAN,roman_headline_body_rrf_method_D,37,77876,0.013333333333333334,50
post_phase12_module2_M2-B,M2-B,R085,Pakistan mein khawateen ke liye public transport safe kyun nahi samjhi jati,NAT,,ROMAN,roman_headline_body_rrf_method_D,38,76446,0.013157894736842105,50
post_phase12_module2_M2-B,M2-B,R085,Pakistan mein khawateen ke liye public transport safe kyun nahi samjhi jati,NAT,,ROMAN,roman_headline_body_rrf_method_D,39,46965,0.012987012987012988,50
post_phase12_module2_M2-B,M2-B,R085,Pakistan mein khawateen ke liye public transport safe kyun nahi samjhi jati,NAT,,ROMAN,roman_headline_body_rrf_method_D,40,72474,0.012987012987012988,50
post_phase12_module2_M2-B,M2-B,R085,Pakistan mein khawateen ke liye public transport safe kyun nahi samjhi jati,NAT,,ROMAN,roman_headline_body_rrf_method_D,41,73812,0.01282051282051282,50
post_phase12_module2_M2-B,M2-B,R085,Pakistan mein khawateen ke liye public transport safe kyun nahi samjhi jati,NAT,,ROMAN,roman_headline_body_rrf_method_D,42,77898,0.01282051282051282,50
post_phase12_module2_M2-B,M2-B,R085,Pakistan mein khawateen ke liye public transport safe kyun nahi samjhi jati,NAT,,ROMAN,roman_headline_body_rrf_method_D,43,72919,0.012658227848101266,50
post_phase12_module2_M2-B,M2-B,R085,Pakistan mein khawateen ke liye public transport safe kyun nahi samjhi jati,NAT,,ROMAN,roman_headline_body_rrf_method_D,44,77884,0.012658227848101266,50
post_phase12_module2_M2-B,M2-B,R085,Pakistan mein khawateen ke liye public transport safe kyun nahi samjhi jati,NAT,,ROMAN,roman_headline_body_rrf_method_D,45,75335,0.0125,50
post_phase12_module2_M2-B,M2-B,R085,Pakistan mein khawateen ke liye public transport safe kyun nahi samjhi jati,NAT,,ROMAN,roman_headline_body_rrf_method_D,46,6301,0.012345679012345678,50
post_phase12_module2_M2-B,M2-B,R085,Pakistan mein khawateen ke liye public transport safe kyun nahi samjhi jati,NAT,,ROMAN,roman_headline_body_rrf_method_D,47,75319,0.012345679012345678,50
post_phase12_module2_M2-B,M2-B,R085,Pakistan mein khawateen ke liye public transport safe kyun nahi samjhi jati,NAT,,ROMAN,roman_headline_body_rrf_method_D,48,73553,0.012195121951219513,50
post_phase12_module2_M2-B,M2-B,R085,Pakistan mein khawateen ke liye public transport safe kyun nahi samjhi jati,NAT,,ROMAN,roman_headline_body_rrf_method_D,49,49450,0.012048192771084338,50
post_phase12_module2_M2-B,M2-B,R085,Pakistan mein khawateen ke liye public transport safe kyun nahi samjhi jati,NAT,,ROMAN,roman_headline_body_rrf_method_D,50,61620,0.012048192771084338,50
post_phase12_module2_M2-B,M2-B,R086,روپے ki value ke baray mein latest update,NAT,,MIXED,urdu_headline_body_rrf,1,280,0.01639344262295082,50
post_phase12_module2_M2-B,M2-B,R086,روپے ki value ke baray mein latest update,NAT,,MIXED,urdu_headline_body_rrf,2,108882,0.01639344262295082,50
post_phase12_module2_M2-B,M2-B,R086,روپے ki value ke baray mein latest update,NAT,,MIXED,urdu_headline_body_rrf,3,72766,0.016129032258064516,50
post_phase12_module2_M2-B,M2-B,R086,روپے ki value ke baray mein latest update,NAT,,MIXED,urdu_headline_body_rrf,4,109953,0.016129032258064516,50
post_phase12_module2_M2-B,M2-B,R086,روپے ki value ke baray mein latest update,NAT,,MIXED,urdu_headline_body_rrf,5,109962,0.015873015873015872,50
post_phase12_module2_M2-B,M2-B,R086,روپے ki value ke baray mein latest update,NAT,,MIXED,urdu_headline_body_rrf,6,111620,0.015873015873015872,50
post_phase12_module2_M2-B,M2-B,R086,روپے ki value ke baray mein latest update,NAT,,MIXED,urdu_headline_body_rrf,7,40393,0.015625,50
post_phase12_module2_M2-B,M2-B,R086,روپے ki value ke baray mein latest update,NAT,,MIXED,urdu_headline_body_rrf,8,111531,0.015625,50
post_phase12_module2_M2-B,M2-B,R086,روپے ki value ke baray mein latest update,NAT,,MIXED,urdu_headline_body_rrf,9,1700,0.015384615384615385,50
post_phase12_module2_M2-B,M2-B,R086,روپے ki value ke baray mein latest update,NAT,,MIXED,urdu_headline_body_rrf,10,72012,0.015384615384615385,50
post_phase12_module2_M2-B,M2-B,R086,روپے ki value ke baray mein latest update,NAT,,MIXED,urdu_headline_body_rrf,11,72033,0.015151515151515152,50
post_phase12_module2_M2-B,M2-B,R086,روپے ki value ke baray mein latest update,NAT,,MIXED,urdu_headline_body_rrf,12,110672,0.015151515151515152,50
post_phase12_module2_M2-B,M2-B,R086,روپے ki value ke baray mein latest update,NAT,,MIXED,urdu_headline_body_rrf,13,39549,0.014925373134328358,50
post_phase12_module2_M2-B,M2-B,R086,روپے ki value ke baray mein latest update,NAT,,MIXED,urdu_headline_body_rrf,14,72360,0.014925373134328358,50
post_phase12_module2_M2-B,M2-B,R086,روپے ki value ke baray mein latest update,NAT,,MIXED,urdu_headline_body_rrf,15,71487,0.014705882352941176,50
post_phase12_module2_M2-B,M2-B,R086,روپے ki value ke baray mein latest update,NAT,,MIXED,urdu_headline_body_rrf,16,108910,0.014705882352941176,50
post_phase12_module2_M2-B,M2-B,R086,روپے ki value ke baray mein latest update,NAT,,MIXED,urdu_headline_body_rrf,17,110758,0.014492753623188406,50
post_phase12_module2_M2-B,M2-B,R086,روپے ki value ke baray mein latest update,NAT,,MIXED,urdu_headline_body_rrf,18,111426,0.014492753623188406,50
post_phase12_module2_M2-B,M2-B,R086,روپے ki value ke baray mein latest update,NAT,,MIXED,urdu_headline_body_rrf,19,72298,0.014285714285714285,50
post_phase12_module2_M2-B,M2-B,R086,روپے ki value ke baray mein latest update,NAT,,MIXED,urdu_headline_body_rrf,20,75331,0.014285714285714285,50
post_phase12_module2_M2-B,M2-B,R086,روپے ki value ke baray mein latest update,NAT,,MIXED,urdu_headline_body_rrf,21,75334,0.014084507042253521,50
post_phase12_module2_M2-B,M2-B,R086,روپے ki value ke baray mein latest update,NAT,,MIXED,urdu_headline_body_rrf,22,110140,0.014084507042253521,50
post_phase12_module2_M2-B,M2-B,R086,روپے ki value ke baray mein latest update,NAT,,MIXED,urdu_headline_body_rrf,23,38514,0.013888888888888888,50
post_phase12_module2_M2-B,M2-B,R086,روپے ki value ke baray mein latest update,NAT,,MIXED,urdu_headline_body_rrf,24,76720,0.013888888888888888,50
post_phase12_module2_M2-B,M2-B,R086,روپے ki value ke baray mein latest update,NAT,,MIXED,urdu_headline_body_rrf,25,73539,0.0136986301369863,50
post_phase12_module2_M2-B,M2-B,R086,روپے ki value ke baray mein latest update,NAT,,MIXED,urdu_headline_body_rrf,26,75910,0.0136986301369863,50
post_phase12_module2_M2-B,M2-B,R086,روپے ki value ke baray mein latest update,NAT,,MIXED,urdu_headline_body_rrf,27,39175,0.013513513513513514,50
post_phase12_module2_M2-B,M2-B,R086,روپے ki value ke baray mein latest update,NAT,,MIXED,urdu_headline_body_rrf,28,111166,0.013513513513513514,50
post_phase12_module2_M2-B,M2-B,R086,روپے ki value ke baray mein latest update,NAT,,MIXED,urdu_headline_body_rrf,29,38720,0.013333333333333334,50
post_phase12_module2_M2-B,M2-B,R086,روپے ki value ke baray mein latest update,NAT,,MIXED,urdu_headline_body_rrf,30,71400,0.013333333333333334,50
post_phase12_module2_M2-B,M2-B,R086,روپے ki value ke baray mein latest update,NAT,,MIXED,urdu_headline_body_rrf,31,65974,0.013157894736842105,50
post_phase12_module2_M2-B,M2-B,R086,روپے ki value ke baray mein latest update,NAT,,MIXED,urdu_headline_body_rrf,32,72216,0.013157894736842105,50
post_phase12_module2_M2-B,M2-B,R086,روپے ki value ke baray mein latest update,NAT,,MIXED,urdu_headline_body_rrf,33,2109,0.012987012987012988,50
post_phase12_module2_M2-B,M2-B,R086,روپے ki value ke baray mein latest update,NAT,,MIXED,urdu_headline_body_rrf,34,111029,0.012987012987012988,50
post_phase12_module2_M2-B,M2-B,R086,روپے ki value ke baray mein latest update,NAT,,MIXED,urdu_headline_body_rrf,35,38710,0.01282051282051282,50
post_phase12_module2_M2-B,M2-B,R086,روپے ki value ke baray mein latest update,NAT,,MIXED,urdu_headline_body_rrf,36,110395,0.01282051282051282,50
post_phase12_module2_M2-B,M2-B,R086,روپے ki value ke baray mein latest update,NAT,,MIXED,urdu_headline_body_rrf,37,76532,0.012658227848101266,50
post_phase12_module2_M2-B,M2-B,R086,روپے ki value ke baray mein latest update,NAT,,MIXED,urdu_headline_body_rrf,38,111636,0.012658227848101266,50
post_phase12_module2_M2-B,M2-B,R086,روپے ki value ke baray mein latest update,NAT,,MIXED,urdu_headline_body_rrf,39,64053,0.0125,50
post_phase12_module2_M2-B,M2-B,R086,روپے ki value ke baray mein latest update,NAT,,MIXED,urdu_headline_body_rrf,40,72060,0.0125,50
post_phase12_module2_M2-B,M2-B,R086,روپے ki value ke baray mein latest update,NAT,,MIXED,urdu_headline_body_rrf,41,17165,0.012345679012345678,50
post_phase12_module2_M2-B,M2-B,R086,روپے ki value ke baray mein latest update,NAT,,MIXED,urdu_headline_body_rrf,42,63393,0.012345679012345678,50
post_phase12_module2_M2-B,M2-B,R086,روپے ki value ke baray mein latest update,NAT,,MIXED,urdu_headline_body_rrf,43,73507,0.012195121951219513,50
post_phase12_module2_M2-B,M2-B,R086,روپے ki value ke baray mein latest update,NAT,,MIXED,urdu_headline_body_rrf,44,76889,0.012195121951219513,50
post_phase12_module2_M2-B,M2-B,R086,روپے ki value ke baray mein latest update,NAT,,MIXED,urdu_headline_body_rrf,45,1306,0.012048192771084338,50
post_phase12_module2_M2-B,M2-B,R086,روپے ki value ke baray mein latest update,NAT,,MIXED,urdu_headline_body_rrf,46,76953,0.012048192771084338,50
post_phase12_module2_M2-B,M2-B,R086,روپے ki value ke baray mein latest update,NAT,,MIXED,urdu_headline_body_rrf,47,519,0.011904761904761904,50
post_phase12_module2_M2-B,M2-B,R086,روپے ki value ke baray mein latest update,NAT,,MIXED,urdu_headline_body_rrf,48,17438,0.011904761904761904,50
post_phase12_module2_M2-B,M2-B,R086,روپے ki value ke baray mein latest update,NAT,,MIXED,urdu_headline_body_rrf,49,77994,0.011764705882352941,50
post_phase12_module2_M2-B,M2-B,R086,روپے ki value ke baray mein latest update,NAT,,MIXED,urdu_headline_body_rrf,50,78344,0.011764705882352941,50
post_phase12_module2_M2-B,M2-B,R087,gwadar port news,NAT,,ROMAN,roman_headline_body_rrf_method_D,1,62812,0.03028233151183971,50
post_phase12_module2_M2-B,M2-B,R087,gwadar port news,NAT,,ROMAN,roman_headline_body_rrf_method_D,2,2654,0.024448419797257006,50
post_phase12_module2_M2-B,M2-B,R087,gwadar port news,NAT,,ROMAN,roman_headline_body_rrf_method_D,3,96467,0.024422933730454205,50
post_phase12_module2_M2-B,M2-B,R087,gwadar port news,NAT,,ROMAN,roman_headline_body_rrf_method_D,4,77107,0.024393871783430016,50
post_phase12_module2_M2-B,M2-B,R087,gwadar port news,NAT,,ROMAN,roman_headline_body_rrf_method_D,5,74726,0.022591857000993046,50
post_phase12_module2_M2-B,M2-B,R087,gwadar port news,NAT,,ROMAN,roman_headline_body_rrf_method_D,6,73167,0.022296132052229613,50
post_phase12_module2_M2-B,M2-B,R087,gwadar port news,NAT,,ROMAN,roman_headline_body_rrf_method_D,7,71816,0.0202020202020202,50
post_phase12_module2_M2-B,M2-B,R087,gwadar port news,NAT,,ROMAN,roman_headline_body_rrf_method_D,8,102141,0.01639344262295082,50
post_phase12_module2_M2-B,M2-B,R087,gwadar port news,NAT,,ROMAN,roman_headline_body_rrf_method_D,9,3209,0.016129032258064516,50
post_phase12_module2_M2-B,M2-B,R087,gwadar port news,NAT,,ROMAN,roman_headline_body_rrf_method_D,10,14939,0.016129032258064516,50
post_phase12_module2_M2-B,M2-B,R087,gwadar port news,NAT,,ROMAN,roman_headline_body_rrf_method_D,11,68371,0.015873015873015872,50
post_phase12_module2_M2-B,M2-B,R087,gwadar port news,NAT,,ROMAN,roman_headline_body_rrf_method_D,12,71683,0.015873015873015872,50
post_phase12_module2_M2-B,M2-B,R087,gwadar port news,NAT,,ROMAN,roman_headline_body_rrf_method_D,13,2333,0.015625,50
post_phase12_module2_M2-B,M2-B,R087,gwadar port news,NAT,,ROMAN,roman_headline_body_rrf_method_D,14,23702,0.015625,50
post_phase12_module2_M2-B,M2-B,R087,gwadar port news,NAT,,ROMAN,roman_headline_body_rrf_method_D,15,34499,0.015384615384615385,50
post_phase12_module2_M2-B,M2-B,R087,gwadar port news,NAT,,ROMAN,roman_headline_body_rrf_method_D,16,57617,0.015384615384615385,50
post_phase12_module2_M2-B,M2-B,R087,gwadar port news,NAT,,ROMAN,roman_headline_body_rrf_method_D,17,21278,0.015151515151515152,50
post_phase12_module2_M2-B,M2-B,R087,gwadar port news,NAT,,ROMAN,roman_headline_body_rrf_method_D,18,23288,0.015151515151515152,50
post_phase12_module2_M2-B,M2-B,R087,gwadar port news,NAT,,ROMAN,roman_headline_body_rrf_method_D,19,21404,0.014925373134328358,50
post_phase12_module2_M2-B,M2-B,R087,gwadar port news,NAT,,ROMAN,roman_headline_body_rrf_method_D,20,38909,0.014925373134328358,50
post_phase12_module2_M2-B,M2-B,R087,gwadar port news,NAT,,ROMAN,roman_headline_body_rrf_method_D,21,3267,0.014705882352941176,50
post_phase12_module2_M2-B,M2-B,R087,gwadar port news,NAT,,ROMAN,roman_headline_body_rrf_method_D,22,7449,0.014705882352941176,50
post_phase12_module2_M2-B,M2-B,R087,gwadar port news,NAT,,ROMAN,roman_headline_body_rrf_method_D,23,2708,0.014492753623188406,50
post_phase12_module2_M2-B,M2-B,R087,gwadar port news,NAT,,ROMAN,roman_headline_body_rrf_method_D,24,36213,0.014492753623188406,50
post_phase12_module2_M2-B,M2-B,R087,gwadar port news,NAT,,ROMAN,roman_headline_body_rrf_method_D,25,13404,0.014285714285714285,50
post_phase12_module2_M2-B,M2-B,R087,gwadar port news,NAT,,ROMAN,roman_headline_body_rrf_method_D,26,43707,0.014285714285714285,50
post_phase12_module2_M2-B,M2-B,R087,gwadar port news,NAT,,ROMAN,roman_headline_body_rrf_method_D,27,9659,0.014084507042253521,50
post_phase12_module2_M2-B,M2-B,R087,gwadar port news,NAT,,ROMAN,roman_headline_body_rrf_method_D,28,109392,0.014084507042253521,50
post_phase12_module2_M2-B,M2-B,R087,gwadar port news,NAT,,ROMAN,roman_headline_body_rrf_method_D,29,15864,0.013888888888888888,50
post_phase12_module2_M2-B,M2-B,R087,gwadar port news,NAT,,ROMAN,roman_headline_body_rrf_method_D,30,61653,0.0136986301369863,50
post_phase12_module2_M2-B,M2-B,R087,gwadar port news,NAT,,ROMAN,roman_headline_body_rrf_method_D,31,62873,0.0136986301369863,50
post_phase12_module2_M2-B,M2-B,R087,gwadar port news,NAT,,ROMAN,roman_headline_body_rrf_method_D,32,7556,0.013513513513513514,50
post_phase12_module2_M2-B,M2-B,R087,gwadar port news,NAT,,ROMAN,roman_headline_body_rrf_method_D,33,77426,0.013513513513513514,50
post_phase12_module2_M2-B,M2-B,R087,gwadar port news,NAT,,ROMAN,roman_headline_body_rrf_method_D,34,39305,0.013333333333333334,50
post_phase12_module2_M2-B,M2-B,R087,gwadar port news,NAT,,ROMAN,roman_headline_body_rrf_method_D,35,73468,0.013333333333333334,50
post_phase12_module2_M2-B,M2-B,R087,gwadar port news,NAT,,ROMAN,roman_headline_body_rrf_method_D,36,97695,0.013157894736842105,50
post_phase12_module2_M2-B,M2-B,R087,gwadar port news,NAT,,ROMAN,roman_headline_body_rrf_method_D,37,41052,0.012987012987012988,50
post_phase12_module2_M2-B,M2-B,R087,gwadar port news,NAT,,ROMAN,roman_headline_body_rrf_method_D,38,68605,0.012987012987012988,50
post_phase12_module2_M2-B,M2-B,R087,gwadar port news,NAT,,ROMAN,roman_headline_body_rrf_method_D,39,85812,0.01282051282051282,50
post_phase12_module2_M2-B,M2-B,R087,gwadar port news,NAT,,ROMAN,roman_headline_body_rrf_method_D,40,2513,0.012658227848101266,50
post_phase12_module2_M2-B,M2-B,R087,gwadar port news,NAT,,ROMAN,roman_headline_body_rrf_method_D,41,76457,0.0125,50
post_phase12_module2_M2-B,M2-B,R087,gwadar port news,NAT,,ROMAN,roman_headline_body_rrf_method_D,42,103058,0.0125,50
post_phase12_module2_M2-B,M2-B,R087,gwadar port news,NAT,,ROMAN,roman_headline_body_rrf_method_D,43,96466,0.012345679012345678,50
post_phase12_module2_M2-B,M2-B,R087,gwadar port news,NAT,,ROMAN,roman_headline_body_rrf_method_D,44,65869,0.012195121951219513,50
post_phase12_module2_M2-B,M2-B,R087,gwadar port news,NAT,,ROMAN,roman_headline_body_rrf_method_D,45,7500,0.012048192771084338,50
post_phase12_module2_M2-B,M2-B,R087,gwadar port news,NAT,,ROMAN,roman_headline_body_rrf_method_D,46,22467,0.011904761904761904,50
post_phase12_module2_M2-B,M2-B,R087,gwadar port news,NAT,,ROMAN,roman_headline_body_rrf_method_D,47,41169,0.011904761904761904,50
post_phase12_module2_M2-B,M2-B,R087,gwadar port news,NAT,,ROMAN,roman_headline_body_rrf_method_D,48,13668,0.011764705882352941,50
post_phase12_module2_M2-B,M2-B,R087,gwadar port news,NAT,,ROMAN,roman_headline_body_rrf_method_D,49,78815,0.011627906976744186,50
post_phase12_module2_M2-B,M2-B,R087,gwadar port news,NAT,,ROMAN,roman_headline_body_rrf_method_D,50,15341,0.011494252873563218,50
post_phase12_module2_M2-B,M2-B,R088,Pakistani film box office Eid 2026,NAT,,ROMAN,roman_headline_body_rrf_method_D,1,55132,0.03225806451612903,50
post_phase12_module2_M2-B,M2-B,R088,Pakistani film box office Eid 2026,NAT,,ROMAN,roman_headline_body_rrf_method_D,2,84126,0.03177805800756621,50
post_phase12_module2_M2-B,M2-B,R088,Pakistani film box office Eid 2026,NAT,,ROMAN,roman_headline_body_rrf_method_D,3,30560,0.031544957774465976,50
post_phase12_module2_M2-B,M2-B,R088,Pakistani film box office Eid 2026,NAT,,ROMAN,roman_headline_body_rrf_method_D,4,26590,0.030536130536130537,50
post_phase12_module2_M2-B,M2-B,R088,Pakistani film box office Eid 2026,NAT,,ROMAN,roman_headline_body_rrf_method_D,5,27820,0.030330882352941176,50
post_phase12_module2_M2-B,M2-B,R088,Pakistani film box office Eid 2026,NAT,,ROMAN,roman_headline_body_rrf_method_D,6,66988,0.025232198142414862,50
post_phase12_module2_M2-B,M2-B,R088,Pakistani film box office Eid 2026,NAT,,ROMAN,roman_headline_body_rrf_method_D,7,67060,0.024568195354377605,50
post_phase12_module2_M2-B,M2-B,R088,Pakistani film box office Eid 2026,NAT,,ROMAN,roman_headline_body_rrf_method_D,8,101525,0.022399203583872575,50
post_phase12_module2_M2-B,M2-B,R088,Pakistani film box office Eid 2026,NAT,,ROMAN,roman_headline_body_rrf_method_D,9,31206,0.015873015873015872,50
post_phase12_module2_M2-B,M2-B,R088,Pakistani film box office Eid 2026,NAT,,ROMAN,roman_headline_body_rrf_method_D,10,47508,0.015873015873015872,50
post_phase12_module2_M2-B,M2-B,R088,Pakistani film box office Eid 2026,NAT,,ROMAN,roman_headline_body_rrf_method_D,11,80876,0.015625,50
post_phase12_module2_M2-B,M2-B,R088,Pakistani film box office Eid 2026,NAT,,ROMAN,roman_headline_body_rrf_method_D,12,33113,0.014925373134328358,50
post_phase12_module2_M2-B,M2-B,R088,Pakistani film box office Eid 2026,NAT,,ROMAN,roman_headline_body_rrf_method_D,13,67068,0.014925373134328358,50
post_phase12_module2_M2-B,M2-B,R088,Pakistani film box office Eid 2026,NAT,,ROMAN,roman_headline_body_rrf_method_D,14,10440,0.014492753623188406,50
post_phase12_module2_M2-B,M2-B,R088,Pakistani film box office Eid 2026,NAT,,ROMAN,roman_headline_body_rrf_method_D,15,90442,0.014492753623188406,50
post_phase12_module2_M2-B,M2-B,R088,Pakistani film box office Eid 2026,NAT,,ROMAN,roman_headline_body_rrf_method_D,16,13674,0.014285714285714285,50
post_phase12_module2_M2-B,M2-B,R088,Pakistani film box office Eid 2026,NAT,,ROMAN,roman_headline_body_rrf_method_D,17,59763,0.014285714285714285,50
post_phase12_module2_M2-B,M2-B,R088,Pakistani film box office Eid 2026,NAT,,ROMAN,roman_headline_body_rrf_method_D,18,55025,0.014084507042253521,50
post_phase12_module2_M2-B,M2-B,R088,Pakistani film box office Eid 2026,NAT,,ROMAN,roman_headline_body_rrf_method_D,19,67063,0.014084507042253521,50
post_phase12_module2_M2-B,M2-B,R088,Pakistani film box office Eid 2026,NAT,,ROMAN,roman_headline_body_rrf_method_D,20,28999,0.013888888888888888,50
post_phase12_module2_M2-B,M2-B,R088,Pakistani film box office Eid 2026,NAT,,ROMAN,roman_headline_body_rrf_method_D,21,99613,0.013888888888888888,50
post_phase12_module2_M2-B,M2-B,R088,Pakistani film box office Eid 2026,NAT,,ROMAN,roman_headline_body_rrf_method_D,22,4092,0.0136986301369863,50
post_phase12_module2_M2-B,M2-B,R088,Pakistani film box office Eid 2026,NAT,,ROMAN,roman_headline_body_rrf_method_D,23,3821,0.013513513513513514,50
post_phase12_module2_M2-B,M2-B,R088,Pakistani film box office Eid 2026,NAT,,ROMAN,roman_headline_body_rrf_method_D,24,98763,0.013513513513513514,50
post_phase12_module2_M2-B,M2-B,R088,Pakistani film box office Eid 2026,NAT,,ROMAN,roman_headline_body_rrf_method_D,25,39149,0.013333333333333334,50
post_phase12_module2_M2-B,M2-B,R088,Pakistani film box office Eid 2026,NAT,,ROMAN,roman_headline_body_rrf_method_D,26,105062,0.013333333333333334,50
post_phase12_module2_M2-B,M2-B,R088,Pakistani film box office Eid 2026,NAT,,ROMAN,roman_headline_body_rrf_method_D,27,3148,0.013157894736842105,50
post_phase12_module2_M2-B,M2-B,R088,Pakistani film box office Eid 2026,NAT,,ROMAN,roman_headline_body_rrf_method_D,28,103319,0.013157894736842105,50
post_phase12_module2_M2-B,M2-B,R088,Pakistani film box office Eid 2026,NAT,,ROMAN,roman_headline_body_rrf_method_D,29,4289,0.012987012987012988,50
post_phase12_module2_M2-B,M2-B,R088,Pakistani film box office Eid 2026,NAT,,ROMAN,roman_headline_body_rrf_method_D,30,10990,0.012987012987012988,50
post_phase12_module2_M2-B,M2-B,R088,Pakistani film box office Eid 2026,NAT,,ROMAN,roman_headline_body_rrf_method_D,31,27819,0.01282051282051282,50
post_phase12_module2_M2-B,M2-B,R088,Pakistani film box office Eid 2026,NAT,,ROMAN,roman_headline_body_rrf_method_D,32,66751,0.01282051282051282,50
post_phase12_module2_M2-B,M2-B,R088,Pakistani film box office Eid 2026,NAT,,ROMAN,roman_headline_body_rrf_method_D,33,25466,0.012658227848101266,50
post_phase12_module2_M2-B,M2-B,R088,Pakistani film box office Eid 2026,NAT,,ROMAN,roman_headline_body_rrf_method_D,34,108018,0.012658227848101266,50
post_phase12_module2_M2-B,M2-B,R088,Pakistani film box office Eid 2026,NAT,,ROMAN,roman_headline_body_rrf_method_D,35,1364,0.0125,50
post_phase12_module2_M2-B,M2-B,R088,Pakistani film box office Eid 2026,NAT,,ROMAN,roman_headline_body_rrf_method_D,36,17650,0.0125,50
post_phase12_module2_M2-B,M2-B,R088,Pakistani film box office Eid 2026,NAT,,ROMAN,roman_headline_body_rrf_method_D,37,13540,0.012345679012345678,50
post_phase12_module2_M2-B,M2-B,R088,Pakistani film box office Eid 2026,NAT,,ROMAN,roman_headline_body_rrf_method_D,38,101406,0.012345679012345678,50
post_phase12_module2_M2-B,M2-B,R088,Pakistani film box office Eid 2026,NAT,,ROMAN,roman_headline_body_rrf_method_D,39,1358,0.012195121951219513,50
post_phase12_module2_M2-B,M2-B,R088,Pakistani film box office Eid 2026,NAT,,ROMAN,roman_headline_body_rrf_method_D,40,24664,0.012048192771084338,50
post_phase12_module2_M2-B,M2-B,R088,Pakistani film box office Eid 2026,NAT,,ROMAN,roman_headline_body_rrf_method_D,41,106067,0.012048192771084338,50
post_phase12_module2_M2-B,M2-B,R088,Pakistani film box office Eid 2026,NAT,,ROMAN,roman_headline_body_rrf_method_D,42,1796,0.011904761904761904,50
post_phase12_module2_M2-B,M2-B,R088,Pakistani film box office Eid 2026,NAT,,ROMAN,roman_headline_body_rrf_method_D,43,66505,0.011904761904761904,50
post_phase12_module2_M2-B,M2-B,R088,Pakistani film box office Eid 2026,NAT,,ROMAN,roman_headline_body_rrf_method_D,44,10542,0.011764705882352941,50
post_phase12_module2_M2-B,M2-B,R088,Pakistani film box office Eid 2026,NAT,,ROMAN,roman_headline_body_rrf_method_D,45,26775,0.011764705882352941,50
post_phase12_module2_M2-B,M2-B,R088,Pakistani film box office Eid 2026,NAT,,ROMAN,roman_headline_body_rrf_method_D,46,16487,0.011627906976744186,50
post_phase12_module2_M2-B,M2-B,R088,Pakistani film box office Eid 2026,NAT,,ROMAN,roman_headline_body_rrf_method_D,47,24681,0.011627906976744186,50
post_phase12_module2_M2-B,M2-B,R088,Pakistani film box office Eid 2026,NAT,,ROMAN,roman_headline_body_rrf_method_D,48,342,0.011494252873563218,50
post_phase12_module2_M2-B,M2-B,R088,Pakistani film box office Eid 2026,NAT,,ROMAN,roman_headline_body_rrf_method_D,49,18577,0.011494252873563218,50
post_phase12_module2_M2-B,M2-B,R088,Pakistani film box office Eid 2026,NAT,,ROMAN,roman_headline_body_rrf_method_D,50,2633,0.011363636363636364,50
post_phase12_module2_M2-B,M2-B,R089,online banking fraud se bachne ke liye users ko kya karna chahiye,NAT,,ROMAN,roman_headline_body_rrf_method_D,1,18240,0.027972027972027972,50
post_phase12_module2_M2-B,M2-B,R089,online banking fraud se bachne ke liye users ko kya karna chahiye,NAT,,ROMAN,roman_headline_body_rrf_method_D,2,14114,0.025678061306371368,50
post_phase12_module2_M2-B,M2-B,R089,online banking fraud se bachne ke liye users ko kya karna chahiye,NAT,,ROMAN,roman_headline_body_rrf_method_D,3,11360,0.024475524475524476,50
post_phase12_module2_M2-B,M2-B,R089,online banking fraud se bachne ke liye users ko kya karna chahiye,NAT,,ROMAN,roman_headline_body_rrf_method_D,4,108347,0.02285714285714286,50
post_phase12_module2_M2-B,M2-B,R089,online banking fraud se bachne ke liye users ko kya karna chahiye,NAT,,ROMAN,roman_headline_body_rrf_method_D,5,31393,0.01639344262295082,50
post_phase12_module2_M2-B,M2-B,R089,online banking fraud se bachne ke liye users ko kya karna chahiye,NAT,,ROMAN,roman_headline_body_rrf_method_D,6,77147,0.01639344262295082,50
post_phase12_module2_M2-B,M2-B,R089,online banking fraud se bachne ke liye users ko kya karna chahiye,NAT,,ROMAN,roman_headline_body_rrf_method_D,7,24116,0.016129032258064516,50
post_phase12_module2_M2-B,M2-B,R089,online banking fraud se bachne ke liye users ko kya karna chahiye,NAT,,ROMAN,roman_headline_body_rrf_method_D,8,86441,0.016129032258064516,50
post_phase12_module2_M2-B,M2-B,R089,online banking fraud se bachne ke liye users ko kya karna chahiye,NAT,,ROMAN,roman_headline_body_rrf_method_D,9,1914,0.015873015873015872,50
post_phase12_module2_M2-B,M2-B,R089,online banking fraud se bachne ke liye users ko kya karna chahiye,NAT,,ROMAN,roman_headline_body_rrf_method_D,10,13564,0.015873015873015872,50
post_phase12_module2_M2-B,M2-B,R089,online banking fraud se bachne ke liye users ko kya karna chahiye,NAT,,ROMAN,roman_headline_body_rrf_method_D,11,23462,0.015625,50
post_phase12_module2_M2-B,M2-B,R089,online banking fraud se bachne ke liye users ko kya karna chahiye,NAT,,ROMAN,roman_headline_body_rrf_method_D,12,23750,0.015625,50
post_phase12_module2_M2-B,M2-B,R089,online banking fraud se bachne ke liye users ko kya karna chahiye,NAT,,ROMAN,roman_headline_body_rrf_method_D,13,85706,0.015384615384615385,50
post_phase12_module2_M2-B,M2-B,R089,online banking fraud se bachne ke liye users ko kya karna chahiye,NAT,,ROMAN,roman_headline_body_rrf_method_D,14,15121,0.015151515151515152,50
post_phase12_module2_M2-B,M2-B,R089,online banking fraud se bachne ke liye users ko kya karna chahiye,NAT,,ROMAN,roman_headline_body_rrf_method_D,15,74290,0.014925373134328358,50
post_phase12_module2_M2-B,M2-B,R089,online banking fraud se bachne ke liye users ko kya karna chahiye,NAT,,ROMAN,roman_headline_body_rrf_method_D,16,31720,0.014705882352941176,50
post_phase12_module2_M2-B,M2-B,R089,online banking fraud se bachne ke liye users ko kya karna chahiye,NAT,,ROMAN,roman_headline_body_rrf_method_D,17,62689,0.014705882352941176,50
post_phase12_module2_M2-B,M2-B,R089,online banking fraud se bachne ke liye users ko kya karna chahiye,NAT,,ROMAN,roman_headline_body_rrf_method_D,18,80154,0.014492753623188406,50
post_phase12_module2_M2-B,M2-B,R089,online banking fraud se bachne ke liye users ko kya karna chahiye,NAT,,ROMAN,roman_headline_body_rrf_method_D,19,85568,0.014492753623188406,50
post_phase12_module2_M2-B,M2-B,R089,online banking fraud se bachne ke liye users ko kya karna chahiye,NAT,,ROMAN,roman_headline_body_rrf_method_D,20,22793,0.014285714285714285,50
post_phase12_module2_M2-B,M2-B,R089,online banking fraud se bachne ke liye users ko kya karna chahiye,NAT,,ROMAN,roman_headline_body_rrf_method_D,21,41078,0.014285714285714285,50
post_phase12_module2_M2-B,M2-B,R089,online banking fraud se bachne ke liye users ko kya karna chahiye,NAT,,ROMAN,roman_headline_body_rrf_method_D,22,4120,0.014084507042253521,50
post_phase12_module2_M2-B,M2-B,R089,online banking fraud se bachne ke liye users ko kya karna chahiye,NAT,,ROMAN,roman_headline_body_rrf_method_D,23,58593,0.014084507042253521,50
post_phase12_module2_M2-B,M2-B,R089,online banking fraud se bachne ke liye users ko kya karna chahiye,NAT,,ROMAN,roman_headline_body_rrf_method_D,24,22725,0.013888888888888888,50
post_phase12_module2_M2-B,M2-B,R089,online banking fraud se bachne ke liye users ko kya karna chahiye,NAT,,ROMAN,roman_headline_body_rrf_method_D,25,71783,0.013888888888888888,50
post_phase12_module2_M2-B,M2-B,R089,online banking fraud se bachne ke liye users ko kya karna chahiye,NAT,,ROMAN,roman_headline_body_rrf_method_D,26,49273,0.0136986301369863,50
post_phase12_module2_M2-B,M2-B,R089,online banking fraud se bachne ke liye users ko kya karna chahiye,NAT,,ROMAN,roman_headline_body_rrf_method_D,27,95634,0.0136986301369863,50
post_phase12_module2_M2-B,M2-B,R089,online banking fraud se bachne ke liye users ko kya karna chahiye,NAT,,ROMAN,roman_headline_body_rrf_method_D,28,21275,0.013513513513513514,50
post_phase12_module2_M2-B,M2-B,R089,online banking fraud se bachne ke liye users ko kya karna chahiye,NAT,,ROMAN,roman_headline_body_rrf_method_D,29,87180,0.013513513513513514,50
post_phase12_module2_M2-B,M2-B,R089,online banking fraud se bachne ke liye users ko kya karna chahiye,NAT,,ROMAN,roman_headline_body_rrf_method_D,30,30809,0.013333333333333334,50
post_phase12_module2_M2-B,M2-B,R089,online banking fraud se bachne ke liye users ko kya karna chahiye,NAT,,ROMAN,roman_headline_body_rrf_method_D,31,58124,0.013157894736842105,50
post_phase12_module2_M2-B,M2-B,R089,online banking fraud se bachne ke liye users ko kya karna chahiye,NAT,,ROMAN,roman_headline_body_rrf_method_D,32,80289,0.013157894736842105,50
post_phase12_module2_M2-B,M2-B,R089,online banking fraud se bachne ke liye users ko kya karna chahiye,NAT,,ROMAN,roman_headline_body_rrf_method_D,33,38834,0.012987012987012988,50
post_phase12_module2_M2-B,M2-B,R089,online banking fraud se bachne ke liye users ko kya karna chahiye,NAT,,ROMAN,roman_headline_body_rrf_method_D,34,78673,0.012987012987012988,50
post_phase12_module2_M2-B,M2-B,R089,online banking fraud se bachne ke liye users ko kya karna chahiye,NAT,,ROMAN,roman_headline_body_rrf_method_D,35,88425,0.01282051282051282,50
post_phase12_module2_M2-B,M2-B,R089,online banking fraud se bachne ke liye users ko kya karna chahiye,NAT,,ROMAN,roman_headline_body_rrf_method_D,36,10196,0.012658227848101266,50
post_phase12_module2_M2-B,M2-B,R089,online banking fraud se bachne ke liye users ko kya karna chahiye,NAT,,ROMAN,roman_headline_body_rrf_method_D,37,23548,0.012658227848101266,50
post_phase12_module2_M2-B,M2-B,R089,online banking fraud se bachne ke liye users ko kya karna chahiye,NAT,,ROMAN,roman_headline_body_rrf_method_D,38,13802,0.0125,50
post_phase12_module2_M2-B,M2-B,R089,online banking fraud se bachne ke liye users ko kya karna chahiye,NAT,,ROMAN,roman_headline_body_rrf_method_D,39,100867,0.0125,50
post_phase12_module2_M2-B,M2-B,R089,online banking fraud se bachne ke liye users ko kya karna chahiye,NAT,,ROMAN,roman_headline_body_rrf_method_D,40,2907,0.012345679012345678,50
post_phase12_module2_M2-B,M2-B,R089,online banking fraud se bachne ke liye users ko kya karna chahiye,NAT,,ROMAN,roman_headline_body_rrf_method_D,41,28355,0.012345679012345678,50
post_phase12_module2_M2-B,M2-B,R089,online banking fraud se bachne ke liye users ko kya karna chahiye,NAT,,ROMAN,roman_headline_body_rrf_method_D,42,37009,0.012195121951219513,50
post_phase12_module2_M2-B,M2-B,R089,online banking fraud se bachne ke liye users ko kya karna chahiye,NAT,,ROMAN,roman_headline_body_rrf_method_D,43,55858,0.012195121951219513,50
post_phase12_module2_M2-B,M2-B,R089,online banking fraud se bachne ke liye users ko kya karna chahiye,NAT,,ROMAN,roman_headline_body_rrf_method_D,44,34415,0.012048192771084338,50
post_phase12_module2_M2-B,M2-B,R089,online banking fraud se bachne ke liye users ko kya karna chahiye,NAT,,ROMAN,roman_headline_body_rrf_method_D,45,89826,0.012048192771084338,50
post_phase12_module2_M2-B,M2-B,R089,online banking fraud se bachne ke liye users ko kya karna chahiye,NAT,,ROMAN,roman_headline_body_rrf_method_D,46,14273,0.011904761904761904,50
post_phase12_module2_M2-B,M2-B,R089,online banking fraud se bachne ke liye users ko kya karna chahiye,NAT,,ROMAN,roman_headline_body_rrf_method_D,47,18103,0.011904761904761904,50
post_phase12_module2_M2-B,M2-B,R089,online banking fraud se bachne ke liye users ko kya karna chahiye,NAT,,ROMAN,roman_headline_body_rrf_method_D,48,59399,0.011764705882352941,50
post_phase12_module2_M2-B,M2-B,R089,online banking fraud se bachne ke liye users ko kya karna chahiye,NAT,,ROMAN,roman_headline_body_rrf_method_D,49,64571,0.011764705882352941,50
post_phase12_module2_M2-B,M2-B,R089,online banking fraud se bachne ke liye users ko kya karna chahiye,NAT,,ROMAN,roman_headline_body_rrf_method_D,50,4272,0.011627906976744186,50
post_phase12_module2_M2-B,M2-B,R090,matric result 2026 kab aye ga punjab,NAT,,ROMAN,roman_headline_body_rrf_method_D,1,18668,0.032018442622950824,50
post_phase12_module2_M2-B,M2-B,R090,matric result 2026 kab aye ga punjab,NAT,,ROMAN,roman_headline_body_rrf_method_D,2,55132,0.031746031746031744,50
post_phase12_module2_M2-B,M2-B,R090,matric result 2026 kab aye ga punjab,NAT,,ROMAN,roman_headline_body_rrf_method_D,3,84126,0.031544957774465976,50
post_phase12_module2_M2-B,M2-B,R090,matric result 2026 kab aye ga punjab,NAT,,ROMAN,roman_headline_body_rrf_method_D,4,30560,0.0315136476426799,50
post_phase12_module2_M2-B,M2-B,R090,matric result 2026 kab aye ga punjab,NAT,,ROMAN,roman_headline_body_rrf_method_D,5,27820,0.030536130536130537,50
post_phase12_module2_M2-B,M2-B,R090,matric result 2026 kab aye ga punjab,NAT,,ROMAN,roman_headline_body_rrf_method_D,6,26590,0.029418126757516764,50
post_phase12_module2_M2-B,M2-B,R090,matric result 2026 kab aye ga punjab,NAT,,ROMAN,roman_headline_body_rrf_method_D,7,31206,0.016129032258064516,50
post_phase12_module2_M2-B,M2-B,R090,matric result 2026 kab aye ga punjab,NAT,,ROMAN,roman_headline_body_rrf_method_D,8,47508,0.015625,50
post_phase12_module2_M2-B,M2-B,R090,matric result 2026 kab aye ga punjab,NAT,,ROMAN,roman_headline_body_rrf_method_D,9,80876,0.014925373134328358,50
post_phase12_module2_M2-B,M2-B,R090,matric result 2026 kab aye ga punjab,NAT,,ROMAN,roman_headline_body_rrf_method_D,10,32411,0.014705882352941176,50
post_phase12_module2_M2-B,M2-B,R090,matric result 2026 kab aye ga punjab,NAT,,ROMAN,roman_headline_body_rrf_method_D,11,59763,0.014705882352941176,50
post_phase12_module2_M2-B,M2-B,R090,matric result 2026 kab aye ga punjab,NAT,,ROMAN,roman_headline_body_rrf_method_D,12,12878,0.014492753623188406,50
post_phase12_module2_M2-B,M2-B,R090,matric result 2026 kab aye ga punjab,NAT,,ROMAN,roman_headline_body_rrf_method_D,13,33113,0.014285714285714285,50
post_phase12_module2_M2-B,M2-B,R090,matric result 2026 kab aye ga punjab,NAT,,ROMAN,roman_headline_body_rrf_method_D,14,89840,0.014285714285714285,50
post_phase12_module2_M2-B,M2-B,R090,matric result 2026 kab aye ga punjab,NAT,,ROMAN,roman_headline_body_rrf_method_D,15,28999,0.014084507042253521,50
post_phase12_module2_M2-B,M2-B,R090,matric result 2026 kab aye ga punjab,NAT,,ROMAN,roman_headline_body_rrf_method_D,16,34357,0.014084507042253521,50
post_phase12_module2_M2-B,M2-B,R090,matric result 2026 kab aye ga punjab,NAT,,ROMAN,roman_headline_body_rrf_method_D,17,90442,0.013888888888888888,50
post_phase12_module2_M2-B,M2-B,R090,matric result 2026 kab aye ga punjab,NAT,,ROMAN,roman_headline_body_rrf_method_D,18,90905,0.013888888888888888,50
post_phase12_module2_M2-B,M2-B,R090,matric result 2026 kab aye ga punjab,NAT,,ROMAN,roman_headline_body_rrf_method_D,19,55025,0.0136986301369863,50
post_phase12_module2_M2-B,M2-B,R090,matric result 2026 kab aye ga punjab,NAT,,ROMAN,roman_headline_body_rrf_method_D,20,89368,0.0136986301369863,50
post_phase12_module2_M2-B,M2-B,R090,matric result 2026 kab aye ga punjab,NAT,,ROMAN,roman_headline_body_rrf_method_D,21,12959,0.013513513513513514,50
post_phase12_module2_M2-B,M2-B,R090,matric result 2026 kab aye ga punjab,NAT,,ROMAN,roman_headline_body_rrf_method_D,22,39149,0.013513513513513514,50
post_phase12_module2_M2-B,M2-B,R090,matric result 2026 kab aye ga punjab,NAT,,ROMAN,roman_headline_body_rrf_method_D,23,3148,0.013333333333333334,50
post_phase12_module2_M2-B,M2-B,R090,matric result 2026 kab aye ga punjab,NAT,,ROMAN,roman_headline_body_rrf_method_D,24,14679,0.013333333333333334,50
post_phase12_module2_M2-B,M2-B,R090,matric result 2026 kab aye ga punjab,NAT,,ROMAN,roman_headline_body_rrf_method_D,25,25466,0.013157894736842105,50
post_phase12_module2_M2-B,M2-B,R090,matric result 2026 kab aye ga punjab,NAT,,ROMAN,roman_headline_body_rrf_method_D,26,38105,0.013157894736842105,50
post_phase12_module2_M2-B,M2-B,R090,matric result 2026 kab aye ga punjab,NAT,,ROMAN,roman_headline_body_rrf_method_D,27,24681,0.012987012987012988,50
post_phase12_module2_M2-B,M2-B,R090,matric result 2026 kab aye ga punjab,NAT,,ROMAN,roman_headline_body_rrf_method_D,28,37478,0.012987012987012988,50
post_phase12_module2_M2-B,M2-B,R090,matric result 2026 kab aye ga punjab,NAT,,ROMAN,roman_headline_body_rrf_method_D,29,11999,0.01282051282051282,50
post_phase12_module2_M2-B,M2-B,R090,matric result 2026 kab aye ga punjab,NAT,,ROMAN,roman_headline_body_rrf_method_D,30,27819,0.01282051282051282,50
post_phase12_module2_M2-B,M2-B,R090,matric result 2026 kab aye ga punjab,NAT,,ROMAN,roman_headline_body_rrf_method_D,31,342,0.012658227848101266,50
post_phase12_module2_M2-B,M2-B,R090,matric result 2026 kab aye ga punjab,NAT,,ROMAN,roman_headline_body_rrf_method_D,32,12346,0.012658227848101266,50
post_phase12_module2_M2-B,M2-B,R090,matric result 2026 kab aye ga punjab,NAT,,ROMAN,roman_headline_body_rrf_method_D,33,1364,0.0125,50
post_phase12_module2_M2-B,M2-B,R090,matric result 2026 kab aye ga punjab,NAT,,ROMAN,roman_headline_body_rrf_method_D,34,52045,0.0125,50
post_phase12_module2_M2-B,M2-B,R090,matric result 2026 kab aye ga punjab,NAT,,ROMAN,roman_headline_body_rrf_method_D,35,24664,0.012345679012345678,50
post_phase12_module2_M2-B,M2-B,R090,matric result 2026 kab aye ga punjab,NAT,,ROMAN,roman_headline_body_rrf_method_D,36,34321,0.012345679012345678,50
post_phase12_module2_M2-B,M2-B,R090,matric result 2026 kab aye ga punjab,NAT,,ROMAN,roman_headline_body_rrf_method_D,37,2633,0.012195121951219513,50
post_phase12_module2_M2-B,M2-B,R090,matric result 2026 kab aye ga punjab,NAT,,ROMAN,roman_headline_body_rrf_method_D,38,35710,0.012195121951219513,50
post_phase12_module2_M2-B,M2-B,R090,matric result 2026 kab aye ga punjab,NAT,,ROMAN,roman_headline_body_rrf_method_D,39,13540,0.012048192771084338,50
post_phase12_module2_M2-B,M2-B,R090,matric result 2026 kab aye ga punjab,NAT,,ROMAN,roman_headline_body_rrf_method_D,40,17427,0.012048192771084338,50
post_phase12_module2_M2-B,M2-B,R090,matric result 2026 kab aye ga punjab,NAT,,ROMAN,roman_headline_body_rrf_method_D,41,4092,0.011904761904761904,50
post_phase12_module2_M2-B,M2-B,R090,matric result 2026 kab aye ga punjab,NAT,,ROMAN,roman_headline_body_rrf_method_D,42,34557,0.011904761904761904,50
post_phase12_module2_M2-B,M2-B,R090,matric result 2026 kab aye ga punjab,NAT,,ROMAN,roman_headline_body_rrf_method_D,43,1358,0.011764705882352941,50
post_phase12_module2_M2-B,M2-B,R090,matric result 2026 kab aye ga punjab,NAT,,ROMAN,roman_headline_body_rrf_method_D,44,14715,0.011764705882352941,50
post_phase12_module2_M2-B,M2-B,R090,matric result 2026 kab aye ga punjab,NAT,,ROMAN,roman_headline_body_rrf_method_D,45,3821,0.011627906976744186,50
post_phase12_module2_M2-B,M2-B,R090,matric result 2026 kab aye ga punjab,NAT,,ROMAN,roman_headline_body_rrf_method_D,46,99132,0.011627906976744186,50
post_phase12_module2_M2-B,M2-B,R090,matric result 2026 kab aye ga punjab,NAT,,ROMAN,roman_headline_body_rrf_method_D,47,1796,0.011494252873563218,50
post_phase12_module2_M2-B,M2-B,R090,matric result 2026 kab aye ga punjab,NAT,,ROMAN,roman_headline_body_rrf_method_D,48,14249,0.011494252873563218,50
post_phase12_module2_M2-B,M2-B,R090,matric result 2026 kab aye ga punjab,NAT,,ROMAN,roman_headline_body_rrf_method_D,49,26775,0.011363636363636364,50
post_phase12_module2_M2-B,M2-B,R090,matric result 2026 kab aye ga punjab,NAT,,ROMAN,roman_headline_body_rrf_method_D,50,34790,0.011363636363636364,50
post_phase12_module2_M2-B,M2-B,R091,CPEC projects se Pakistan par qarz ka bojh barhne ki baat kyun hoti hai,NAT,,ROMAN,roman_headline_body_rrf_method_D,1,78471,0.026625704045058884,50
post_phase12_module2_M2-B,M2-B,R091,CPEC projects se Pakistan par qarz ka bojh barhne ki baat kyun hoti hai,NAT,,ROMAN,roman_headline_body_rrf_method_D,2,62844,0.02581612258494337,50
post_phase12_module2_M2-B,M2-B,R091,CPEC projects se Pakistan par qarz ka bojh barhne ki baat kyun hoti hai,NAT,,ROMAN,roman_headline_body_rrf_method_D,3,92758,0.02197802197802198,50
post_phase12_module2_M2-B,M2-B,R091,CPEC projects se Pakistan par qarz ka bojh barhne ki baat kyun hoti hai,NAT,,ROMAN,roman_headline_body_rrf_method_D,4,25270,0.01639344262295082,50
post_phase12_module2_M2-B,M2-B,R091,CPEC projects se Pakistan par qarz ka bojh barhne ki baat kyun hoti hai,NAT,,ROMAN,roman_headline_body_rrf_method_D,5,72481,0.01639344262295082,50
post_phase12_module2_M2-B,M2-B,R091,CPEC projects se Pakistan par qarz ka bojh barhne ki baat kyun hoti hai,NAT,,ROMAN,roman_headline_body_rrf_method_D,6,24293,0.016129032258064516,50
post_phase12_module2_M2-B,M2-B,R091,CPEC projects se Pakistan par qarz ka bojh barhne ki baat kyun hoti hai,NAT,,ROMAN,roman_headline_body_rrf_method_D,7,54618,0.016129032258064516,50
post_phase12_module2_M2-B,M2-B,R091,CPEC projects se Pakistan par qarz ka bojh barhne ki baat kyun hoti hai,NAT,,ROMAN,roman_headline_body_rrf_method_D,8,97059,0.015873015873015872,50
post_phase12_module2_M2-B,M2-B,R091,CPEC projects se Pakistan par qarz ka bojh barhne ki baat kyun hoti hai,NAT,,ROMAN,roman_headline_body_rrf_method_D,9,23973,0.015625,50
post_phase12_module2_M2-B,M2-B,R091,CPEC projects se Pakistan par qarz ka bojh barhne ki baat kyun hoti hai,NAT,,ROMAN,roman_headline_body_rrf_method_D,10,63415,0.015625,50
post_phase12_module2_M2-B,M2-B,R091,CPEC projects se Pakistan par qarz ka bojh barhne ki baat kyun hoti hai,NAT,,ROMAN,roman_headline_body_rrf_method_D,11,35461,0.015384615384615385,50
post_phase12_module2_M2-B,M2-B,R091,CPEC projects se Pakistan par qarz ka bojh barhne ki baat kyun hoti hai,NAT,,ROMAN,roman_headline_body_rrf_method_D,12,54605,0.015384615384615385,50
post_phase12_module2_M2-B,M2-B,R091,CPEC projects se Pakistan par qarz ka bojh barhne ki baat kyun hoti hai,NAT,,ROMAN,roman_headline_body_rrf_method_D,13,23643,0.015151515151515152,50
post_phase12_module2_M2-B,M2-B,R091,CPEC projects se Pakistan par qarz ka bojh barhne ki baat kyun hoti hai,NAT,,ROMAN,roman_headline_body_rrf_method_D,14,81045,0.015151515151515152,50
post_phase12_module2_M2-B,M2-B,R091,CPEC projects se Pakistan par qarz ka bojh barhne ki baat kyun hoti hai,NAT,,ROMAN,roman_headline_body_rrf_method_D,15,2563,0.014925373134328358,50
post_phase12_module2_M2-B,M2-B,R091,CPEC projects se Pakistan par qarz ka bojh barhne ki baat kyun hoti hai,NAT,,ROMAN,roman_headline_body_rrf_method_D,16,75940,0.014925373134328358,50
post_phase12_module2_M2-B,M2-B,R091,CPEC projects se Pakistan par qarz ka bojh barhne ki baat kyun hoti hai,NAT,,ROMAN,roman_headline_body_rrf_method_D,17,39092,0.014705882352941176,50
post_phase12_module2_M2-B,M2-B,R091,CPEC projects se Pakistan par qarz ka bojh barhne ki baat kyun hoti hai,NAT,,ROMAN,roman_headline_body_rrf_method_D,18,70940,0.014705882352941176,50
post_phase12_module2_M2-B,M2-B,R091,CPEC projects se Pakistan par qarz ka bojh barhne ki baat kyun hoti hai,NAT,,ROMAN,roman_headline_body_rrf_method_D,19,3296,0.014492753623188406,50
post_phase12_module2_M2-B,M2-B,R091,CPEC projects se Pakistan par qarz ka bojh barhne ki baat kyun hoti hai,NAT,,ROMAN,roman_headline_body_rrf_method_D,20,70029,0.014492753623188406,50
post_phase12_module2_M2-B,M2-B,R091,CPEC projects se Pakistan par qarz ka bojh barhne ki baat kyun hoti hai,NAT,,ROMAN,roman_headline_body_rrf_method_D,21,23725,0.014285714285714285,50
post_phase12_module2_M2-B,M2-B,R091,CPEC projects se Pakistan par qarz ka bojh barhne ki baat kyun hoti hai,NAT,,ROMAN,roman_headline_body_rrf_method_D,22,87036,0.014285714285714285,50
post_phase12_module2_M2-B,M2-B,R091,CPEC projects se Pakistan par qarz ka bojh barhne ki baat kyun hoti hai,NAT,,ROMAN,roman_headline_body_rrf_method_D,23,13052,0.014084507042253521,50
post_phase12_module2_M2-B,M2-B,R091,CPEC projects se Pakistan par qarz ka bojh barhne ki baat kyun hoti hai,NAT,,ROMAN,roman_headline_body_rrf_method_D,24,70677,0.014084507042253521,50
post_phase12_module2_M2-B,M2-B,R091,CPEC projects se Pakistan par qarz ka bojh barhne ki baat kyun hoti hai,NAT,,ROMAN,roman_headline_body_rrf_method_D,25,40082,0.013888888888888888,50
post_phase12_module2_M2-B,M2-B,R091,CPEC projects se Pakistan par qarz ka bojh barhne ki baat kyun hoti hai,NAT,,ROMAN,roman_headline_body_rrf_method_D,26,45211,0.013888888888888888,50
post_phase12_module2_M2-B,M2-B,R091,CPEC projects se Pakistan par qarz ka bojh barhne ki baat kyun hoti hai,NAT,,ROMAN,roman_headline_body_rrf_method_D,27,61559,0.0136986301369863,50
post_phase12_module2_M2-B,M2-B,R091,CPEC projects se Pakistan par qarz ka bojh barhne ki baat kyun hoti hai,NAT,,ROMAN,roman_headline_body_rrf_method_D,28,80447,0.0136986301369863,50
post_phase12_module2_M2-B,M2-B,R091,CPEC projects se Pakistan par qarz ka bojh barhne ki baat kyun hoti hai,NAT,,ROMAN,roman_headline_body_rrf_method_D,29,71799,0.013513513513513514,50
post_phase12_module2_M2-B,M2-B,R091,CPEC projects se Pakistan par qarz ka bojh barhne ki baat kyun hoti hai,NAT,,ROMAN,roman_headline_body_rrf_method_D,30,77988,0.013513513513513514,50
post_phase12_module2_M2-B,M2-B,R091,CPEC projects se Pakistan par qarz ka bojh barhne ki baat kyun hoti hai,NAT,,ROMAN,roman_headline_body_rrf_method_D,31,23465,0.013333333333333334,50
post_phase12_module2_M2-B,M2-B,R091,CPEC projects se Pakistan par qarz ka bojh barhne ki baat kyun hoti hai,NAT,,ROMAN,roman_headline_body_rrf_method_D,32,85529,0.013333333333333334,50
post_phase12_module2_M2-B,M2-B,R091,CPEC projects se Pakistan par qarz ka bojh barhne ki baat kyun hoti hai,NAT,,ROMAN,roman_headline_body_rrf_method_D,33,64027,0.013157894736842105,50
post_phase12_module2_M2-B,M2-B,R091,CPEC projects se Pakistan par qarz ka bojh barhne ki baat kyun hoti hai,NAT,,ROMAN,roman_headline_body_rrf_method_D,34,14157,0.012987012987012988,50
post_phase12_module2_M2-B,M2-B,R091,CPEC projects se Pakistan par qarz ka bojh barhne ki baat kyun hoti hai,NAT,,ROMAN,roman_headline_body_rrf_method_D,35,62058,0.012987012987012988,50
post_phase12_module2_M2-B,M2-B,R091,CPEC projects se Pakistan par qarz ka bojh barhne ki baat kyun hoti hai,NAT,,ROMAN,roman_headline_body_rrf_method_D,36,35009,0.01282051282051282,50
post_phase12_module2_M2-B,M2-B,R091,CPEC projects se Pakistan par qarz ka bojh barhne ki baat kyun hoti hai,NAT,,ROMAN,roman_headline_body_rrf_method_D,37,101683,0.01282051282051282,50
post_phase12_module2_M2-B,M2-B,R091,CPEC projects se Pakistan par qarz ka bojh barhne ki baat kyun hoti hai,NAT,,ROMAN,roman_headline_body_rrf_method_D,38,19251,0.012658227848101266,50
post_phase12_module2_M2-B,M2-B,R091,CPEC projects se Pakistan par qarz ka bojh barhne ki baat kyun hoti hai,NAT,,ROMAN,roman_headline_body_rrf_method_D,39,7754,0.0125,50
post_phase12_module2_M2-B,M2-B,R091,CPEC projects se Pakistan par qarz ka bojh barhne ki baat kyun hoti hai,NAT,,ROMAN,roman_headline_body_rrf_method_D,40,15321,0.0125,50
post_phase12_module2_M2-B,M2-B,R091,CPEC projects se Pakistan par qarz ka bojh barhne ki baat kyun hoti hai,NAT,,ROMAN,roman_headline_body_rrf_method_D,41,15708,0.012345679012345678,50
post_phase12_module2_M2-B,M2-B,R091,CPEC projects se Pakistan par qarz ka bojh barhne ki baat kyun hoti hai,NAT,,ROMAN,roman_headline_body_rrf_method_D,42,81968,0.012345679012345678,50
post_phase12_module2_M2-B,M2-B,R091,CPEC projects se Pakistan par qarz ka bojh barhne ki baat kyun hoti hai,NAT,,ROMAN,roman_headline_body_rrf_method_D,43,3125,0.012195121951219513,50
post_phase12_module2_M2-B,M2-B,R091,CPEC projects se Pakistan par qarz ka bojh barhne ki baat kyun hoti hai,NAT,,ROMAN,roman_headline_body_rrf_method_D,44,3238,0.012195121951219513,50
post_phase12_module2_M2-B,M2-B,R091,CPEC projects se Pakistan par qarz ka bojh barhne ki baat kyun hoti hai,NAT,,ROMAN,roman_headline_body_rrf_method_D,45,13801,0.012048192771084338,50
post_phase12_module2_M2-B,M2-B,R091,CPEC projects se Pakistan par qarz ka bojh barhne ki baat kyun hoti hai,NAT,,ROMAN,roman_headline_body_rrf_method_D,46,70945,0.012048192771084338,50
post_phase12_module2_M2-B,M2-B,R091,CPEC projects se Pakistan par qarz ka bojh barhne ki baat kyun hoti hai,NAT,,ROMAN,roman_headline_body_rrf_method_D,47,6406,0.011904761904761904,50
post_phase12_module2_M2-B,M2-B,R091,CPEC projects se Pakistan par qarz ka bojh barhne ki baat kyun hoti hai,NAT,,ROMAN,roman_headline_body_rrf_method_D,48,38858,0.011904761904761904,50
post_phase12_module2_M2-B,M2-B,R091,CPEC projects se Pakistan par qarz ka bojh barhne ki baat kyun hoti hai,NAT,,ROMAN,roman_headline_body_rrf_method_D,49,10498,0.011764705882352941,50
post_phase12_module2_M2-B,M2-B,R091,CPEC projects se Pakistan par qarz ka bojh barhne ki baat kyun hoti hai,NAT,,ROMAN,roman_headline_body_rrf_method_D,50,63102,0.011764705882352941,50
post_phase12_module2_M2-B,M2-B,R092,Pakistan hockey team ranking,NAT,,ROMAN,roman_headline_body_rrf_method_D,1,87359,0.02369989165763814,50
post_phase12_module2_M2-B,M2-B,R092,Pakistan hockey team ranking,NAT,,ROMAN,roman_headline_body_rrf_method_D,2,87780,0.023676099747828524,50
post_phase12_module2_M2-B,M2-B,R092,Pakistan hockey team ranking,NAT,,ROMAN,roman_headline_body_rrf_method_D,3,18378,0.01639344262295082,50
post_phase12_module2_M2-B,M2-B,R092,Pakistan hockey team ranking,NAT,,ROMAN,roman_headline_body_rrf_method_D,4,57901,0.01639344262295082,50
post_phase12_module2_M2-B,M2-B,R092,Pakistan hockey team ranking,NAT,,ROMAN,roman_headline_body_rrf_method_D,5,34491,0.016129032258064516,50
post_phase12_module2_M2-B,M2-B,R092,Pakistan hockey team ranking,NAT,,ROMAN,roman_headline_body_rrf_method_D,6,58766,0.016129032258064516,50
post_phase12_module2_M2-B,M2-B,R092,Pakistan hockey team ranking,NAT,,ROMAN,roman_headline_body_rrf_method_D,7,47656,0.015873015873015872,50
post_phase12_module2_M2-B,M2-B,R092,Pakistan hockey team ranking,NAT,,ROMAN,roman_headline_body_rrf_method_D,8,86851,0.015873015873015872,50
post_phase12_module2_M2-B,M2-B,R092,Pakistan hockey team ranking,NAT,,ROMAN,roman_headline_body_rrf_method_D,9,32252,0.015625,50
post_phase12_module2_M2-B,M2-B,R092,Pakistan hockey team ranking,NAT,,ROMAN,roman_headline_body_rrf_method_D,10,87409,0.015625,50
post_phase12_module2_M2-B,M2-B,R092,Pakistan hockey team ranking,NAT,,ROMAN,roman_headline_body_rrf_method_D,11,31800,0.015384615384615385,50
post_phase12_module2_M2-B,M2-B,R092,Pakistan hockey team ranking,NAT,,ROMAN,roman_headline_body_rrf_method_D,12,87567,0.015384615384615385,50
post_phase12_module2_M2-B,M2-B,R092,Pakistan hockey team ranking,NAT,,ROMAN,roman_headline_body_rrf_method_D,13,34457,0.015151515151515152,50
post_phase12_module2_M2-B,M2-B,R092,Pakistan hockey team ranking,NAT,,ROMAN,roman_headline_body_rrf_method_D,14,87990,0.015151515151515152,50
post_phase12_module2_M2-B,M2-B,R092,Pakistan hockey team ranking,NAT,,ROMAN,roman_headline_body_rrf_method_D,15,54960,0.014925373134328358,50
post_phase12_module2_M2-B,M2-B,R092,Pakistan hockey team ranking,NAT,,ROMAN,roman_headline_body_rrf_method_D,16,91913,0.014925373134328358,50
post_phase12_module2_M2-B,M2-B,R092,Pakistan hockey team ranking,NAT,,ROMAN,roman_headline_body_rrf_method_D,17,11111,0.014705882352941176,50
post_phase12_module2_M2-B,M2-B,R092,Pakistan hockey team ranking,NAT,,ROMAN,roman_headline_body_rrf_method_D,18,32341,0.014705882352941176,50
post_phase12_module2_M2-B,M2-B,R092,Pakistan hockey team ranking,NAT,,ROMAN,roman_headline_body_rrf_method_D,19,37585,0.014492753623188406,50
post_phase12_module2_M2-B,M2-B,R092,Pakistan hockey team ranking,NAT,,ROMAN,roman_headline_body_rrf_method_D,20,58594,0.014492753623188406,50
post_phase12_module2_M2-B,M2-B,R092,Pakistan hockey team ranking,NAT,,ROMAN,roman_headline_body_rrf_method_D,21,54017,0.014285714285714285,50
post_phase12_module2_M2-B,M2-B,R092,Pakistan hockey team ranking,NAT,,ROMAN,roman_headline_body_rrf_method_D,22,87772,0.014285714285714285,50
post_phase12_module2_M2-B,M2-B,R092,Pakistan hockey team ranking,NAT,,ROMAN,roman_headline_body_rrf_method_D,23,94478,0.014084507042253521,50
post_phase12_module2_M2-B,M2-B,R092,Pakistan hockey team ranking,NAT,,ROMAN,roman_headline_body_rrf_method_D,24,30584,0.013888888888888888,50
post_phase12_module2_M2-B,M2-B,R092,Pakistan hockey team ranking,NAT,,ROMAN,roman_headline_body_rrf_method_D,25,80497,0.013888888888888888,50
post_phase12_module2_M2-B,M2-B,R092,Pakistan hockey team ranking,NAT,,ROMAN,roman_headline_body_rrf_method_D,26,51863,0.0136986301369863,50
post_phase12_module2_M2-B,M2-B,R092,Pakistan hockey team ranking,NAT,,ROMAN,roman_headline_body_rrf_method_D,27,86905,0.0136986301369863,50
post_phase12_module2_M2-B,M2-B,R092,Pakistan hockey team ranking,NAT,,ROMAN,roman_headline_body_rrf_method_D,28,26833,0.013513513513513514,50
post_phase12_module2_M2-B,M2-B,R092,Pakistan hockey team ranking,NAT,,ROMAN,roman_headline_body_rrf_method_D,29,32437,0.013513513513513514,50
post_phase12_module2_M2-B,M2-B,R092,Pakistan hockey team ranking,NAT,,ROMAN,roman_headline_body_rrf_method_D,30,88103,0.013333333333333334,50
post_phase12_module2_M2-B,M2-B,R092,Pakistan hockey team ranking,NAT,,ROMAN,roman_headline_body_rrf_method_D,31,89250,0.013333333333333334,50
post_phase12_module2_M2-B,M2-B,R092,Pakistan hockey team ranking,NAT,,ROMAN,roman_headline_body_rrf_method_D,32,58732,0.013157894736842105,50
post_phase12_module2_M2-B,M2-B,R092,Pakistan hockey team ranking,NAT,,ROMAN,roman_headline_body_rrf_method_D,33,86192,0.013157894736842105,50
post_phase12_module2_M2-B,M2-B,R092,Pakistan hockey team ranking,NAT,,ROMAN,roman_headline_body_rrf_method_D,34,35065,0.012987012987012988,50
post_phase12_module2_M2-B,M2-B,R092,Pakistan hockey team ranking,NAT,,ROMAN,roman_headline_body_rrf_method_D,35,53516,0.012987012987012988,50
post_phase12_module2_M2-B,M2-B,R092,Pakistan hockey team ranking,NAT,,ROMAN,roman_headline_body_rrf_method_D,36,56304,0.01282051282051282,50
post_phase12_module2_M2-B,M2-B,R092,Pakistan hockey team ranking,NAT,,ROMAN,roman_headline_body_rrf_method_D,37,87420,0.01282051282051282,50
post_phase12_module2_M2-B,M2-B,R092,Pakistan hockey team ranking,NAT,,ROMAN,roman_headline_body_rrf_method_D,38,29258,0.012658227848101266,50
post_phase12_module2_M2-B,M2-B,R092,Pakistan hockey team ranking,NAT,,ROMAN,roman_headline_body_rrf_method_D,39,81915,0.012658227848101266,50
post_phase12_module2_M2-B,M2-B,R092,Pakistan hockey team ranking,NAT,,ROMAN,roman_headline_body_rrf_method_D,40,33038,0.0125,50
post_phase12_module2_M2-B,M2-B,R092,Pakistan hockey team ranking,NAT,,ROMAN,roman_headline_body_rrf_method_D,41,83868,0.0125,50
post_phase12_module2_M2-B,M2-B,R092,Pakistan hockey team ranking,NAT,,ROMAN,roman_headline_body_rrf_method_D,42,38375,0.012345679012345678,50
post_phase12_module2_M2-B,M2-B,R092,Pakistan hockey team ranking,NAT,,ROMAN,roman_headline_body_rrf_method_D,43,95399,0.012345679012345678,50
post_phase12_module2_M2-B,M2-B,R092,Pakistan hockey team ranking,NAT,,ROMAN,roman_headline_body_rrf_method_D,44,86891,0.012195121951219513,50
post_phase12_module2_M2-B,M2-B,R092,Pakistan hockey team ranking,NAT,,ROMAN,roman_headline_body_rrf_method_D,45,86972,0.012195121951219513,50
post_phase12_module2_M2-B,M2-B,R092,Pakistan hockey team ranking,NAT,,ROMAN,roman_headline_body_rrf_method_D,46,96156,0.012048192771084338,50
post_phase12_module2_M2-B,M2-B,R092,Pakistan hockey team ranking,NAT,,ROMAN,roman_headline_body_rrf_method_D,47,37222,0.011904761904761904,50
post_phase12_module2_M2-B,M2-B,R092,Pakistan hockey team ranking,NAT,,ROMAN,roman_headline_body_rrf_method_D,48,87425,0.011904761904761904,50
post_phase12_module2_M2-B,M2-B,R092,Pakistan hockey team ranking,NAT,,ROMAN,roman_headline_body_rrf_method_D,49,52422,0.011764705882352941,50
post_phase12_module2_M2-B,M2-B,R092,Pakistan hockey team ranking,NAT,,ROMAN,roman_headline_body_rrf_method_D,50,54151,0.011764705882352941,50
post_phase12_module2_M2-B,M2-B,R093,UK visit visa processing time from Pakistan,NAT,,ROMAN,roman_headline_body_rrf_method_D,1,47291,0.03149801587301587,50
post_phase12_module2_M2-B,M2-B,R093,UK visit visa processing time from Pakistan,NAT,,ROMAN,roman_headline_body_rrf_method_D,2,104478,0.030886196246139225,50
post_phase12_module2_M2-B,M2-B,R093,UK visit visa processing time from Pakistan,NAT,,ROMAN,roman_headline_body_rrf_method_D,3,104536,0.030834914611005692,50
post_phase12_module2_M2-B,M2-B,R093,UK visit visa processing time from Pakistan,NAT,,ROMAN,roman_headline_body_rrf_method_D,4,51746,0.030798389007344232,50
post_phase12_module2_M2-B,M2-B,R093,UK visit visa processing time from Pakistan,NAT,,ROMAN,roman_headline_body_rrf_method_D,5,58726,0.021431828545371637,50
post_phase12_module2_M2-B,M2-B,R093,UK visit visa processing time from Pakistan,NAT,,ROMAN,roman_headline_body_rrf_method_D,6,57377,0.01639344262295082,50
post_phase12_module2_M2-B,M2-B,R093,UK visit visa processing time from Pakistan,NAT,,ROMAN,roman_headline_body_rrf_method_D,7,88217,0.016129032258064516,50
post_phase12_module2_M2-B,M2-B,R093,UK visit visa processing time from Pakistan,NAT,,ROMAN,roman_headline_body_rrf_method_D,8,44806,0.015625,50
post_phase12_module2_M2-B,M2-B,R093,UK visit visa processing time from Pakistan,NAT,,ROMAN,roman_headline_body_rrf_method_D,9,40651,0.015384615384615385,50
post_phase12_module2_M2-B,M2-B,R093,UK visit visa processing time from Pakistan,NAT,,ROMAN,roman_headline_body_rrf_method_D,10,96265,0.015384615384615385,50
post_phase12_module2_M2-B,M2-B,R093,UK visit visa processing time from Pakistan,NAT,,ROMAN,roman_headline_body_rrf_method_D,11,18635,0.015151515151515152,50
post_phase12_module2_M2-B,M2-B,R093,UK visit visa processing time from Pakistan,NAT,,ROMAN,roman_headline_body_rrf_method_D,12,92258,0.015151515151515152,50
post_phase12_module2_M2-B,M2-B,R093,UK visit visa processing time from Pakistan,NAT,,ROMAN,roman_headline_body_rrf_method_D,13,19131,0.014925373134328358,50
post_phase12_module2_M2-B,M2-B,R093,UK visit visa processing time from Pakistan,NAT,,ROMAN,roman_headline_body_rrf_method_D,14,52850,0.014705882352941176,50
post_phase12_module2_M2-B,M2-B,R093,UK visit visa processing time from Pakistan,NAT,,ROMAN,roman_headline_body_rrf_method_D,15,56055,0.014492753623188406,50
post_phase12_module2_M2-B,M2-B,R093,UK visit visa processing time from Pakistan,NAT,,ROMAN,roman_headline_body_rrf_method_D,16,46627,0.014285714285714285,50
post_phase12_module2_M2-B,M2-B,R093,UK visit visa processing time from Pakistan,NAT,,ROMAN,roman_headline_body_rrf_method_D,17,47148,0.014285714285714285,50
post_phase12_module2_M2-B,M2-B,R093,UK visit visa processing time from Pakistan,NAT,,ROMAN,roman_headline_body_rrf_method_D,18,17912,0.014084507042253521,50
post_phase12_module2_M2-B,M2-B,R093,UK visit visa processing time from Pakistan,NAT,,ROMAN,roman_headline_body_rrf_method_D,19,52828,0.014084507042253521,50
post_phase12_module2_M2-B,M2-B,R093,UK visit visa processing time from Pakistan,NAT,,ROMAN,roman_headline_body_rrf_method_D,20,87516,0.013888888888888888,50
post_phase12_module2_M2-B,M2-B,R093,UK visit visa processing time from Pakistan,NAT,,ROMAN,roman_headline_body_rrf_method_D,21,104768,0.013888888888888888,50
post_phase12_module2_M2-B,M2-B,R093,UK visit visa processing time from Pakistan,NAT,,ROMAN,roman_headline_body_rrf_method_D,22,12289,0.0136986301369863,50
post_phase12_module2_M2-B,M2-B,R093,UK visit visa processing time from Pakistan,NAT,,ROMAN,roman_headline_body_rrf_method_D,23,25334,0.0136986301369863,50
post_phase12_module2_M2-B,M2-B,R093,UK visit visa processing time from Pakistan,NAT,,ROMAN,roman_headline_body_rrf_method_D,24,73193,0.013513513513513514,50
post_phase12_module2_M2-B,M2-B,R093,UK visit visa processing time from Pakistan,NAT,,ROMAN,roman_headline_body_rrf_method_D,25,97124,0.013513513513513514,50
post_phase12_module2_M2-B,M2-B,R093,UK visit visa processing time from Pakistan,NAT,,ROMAN,roman_headline_body_rrf_method_D,26,52511,0.013333333333333334,50
post_phase12_module2_M2-B,M2-B,R093,UK visit visa processing time from Pakistan,NAT,,ROMAN,roman_headline_body_rrf_method_D,27,53658,0.013333333333333334,50
post_phase12_module2_M2-B,M2-B,R093,UK visit visa processing time from Pakistan,NAT,,ROMAN,roman_headline_body_rrf_method_D,28,45743,0.013157894736842105,50
post_phase12_module2_M2-B,M2-B,R093,UK visit visa processing time from Pakistan,NAT,,ROMAN,roman_headline_body_rrf_method_D,29,57697,0.013157894736842105,50
post_phase12_module2_M2-B,M2-B,R093,UK visit visa processing time from Pakistan,NAT,,ROMAN,roman_headline_body_rrf_method_D,30,97112,0.012987012987012988,50
post_phase12_module2_M2-B,M2-B,R093,UK visit visa processing time from Pakistan,NAT,,ROMAN,roman_headline_body_rrf_method_D,31,97506,0.012987012987012988,50
post_phase12_module2_M2-B,M2-B,R093,UK visit visa processing time from Pakistan,NAT,,ROMAN,roman_headline_body_rrf_method_D,32,18893,0.01282051282051282,50
post_phase12_module2_M2-B,M2-B,R093,UK visit visa processing time from Pakistan,NAT,,ROMAN,roman_headline_body_rrf_method_D,33,100171,0.01282051282051282,50
post_phase12_module2_M2-B,M2-B,R093,UK visit visa processing time from Pakistan,NAT,,ROMAN,roman_headline_body_rrf_method_D,34,13230,0.012658227848101266,50
post_phase12_module2_M2-B,M2-B,R093,UK visit visa processing time from Pakistan,NAT,,ROMAN,roman_headline_body_rrf_method_D,35,73080,0.012658227848101266,50
post_phase12_module2_M2-B,M2-B,R093,UK visit visa processing time from Pakistan,NAT,,ROMAN,roman_headline_body_rrf_method_D,36,37263,0.0125,50
post_phase12_module2_M2-B,M2-B,R093,UK visit visa processing time from Pakistan,NAT,,ROMAN,roman_headline_body_rrf_method_D,37,86843,0.0125,50
post_phase12_module2_M2-B,M2-B,R093,UK visit visa processing time from Pakistan,NAT,,ROMAN,roman_headline_body_rrf_method_D,38,9451,0.012345679012345678,50
post_phase12_module2_M2-B,M2-B,R093,UK visit visa processing time from Pakistan,NAT,,ROMAN,roman_headline_body_rrf_method_D,39,18378,0.012345679012345678,50
post_phase12_module2_M2-B,M2-B,R093,UK visit visa processing time from Pakistan,NAT,,ROMAN,roman_headline_body_rrf_method_D,40,2475,0.012195121951219513,50
post_phase12_module2_M2-B,M2-B,R093,UK visit visa processing time from Pakistan,NAT,,ROMAN,roman_headline_body_rrf_method_D,41,86873,0.012195121951219513,50
post_phase12_module2_M2-B,M2-B,R093,UK visit visa processing time from Pakistan,NAT,,ROMAN,roman_headline_body_rrf_method_D,42,36493,0.012048192771084338,50
post_phase12_module2_M2-B,M2-B,R093,UK visit visa processing time from Pakistan,NAT,,ROMAN,roman_headline_body_rrf_method_D,43,81477,0.012048192771084338,50
post_phase12_module2_M2-B,M2-B,R093,UK visit visa processing time from Pakistan,NAT,,ROMAN,roman_headline_body_rrf_method_D,44,24271,0.011904761904761904,50
post_phase12_module2_M2-B,M2-B,R093,UK visit visa processing time from Pakistan,NAT,,ROMAN,roman_headline_body_rrf_method_D,45,86359,0.011904761904761904,50
post_phase12_module2_M2-B,M2-B,R093,UK visit visa processing time from Pakistan,NAT,,ROMAN,roman_headline_body_rrf_method_D,46,38322,0.011764705882352941,50
post_phase12_module2_M2-B,M2-B,R093,UK visit visa processing time from Pakistan,NAT,,ROMAN,roman_headline_body_rrf_method_D,47,72090,0.011764705882352941,50
post_phase12_module2_M2-B,M2-B,R093,UK visit visa processing time from Pakistan,NAT,,ROMAN,roman_headline_body_rrf_method_D,48,38133,0.011627906976744186,50
post_phase12_module2_M2-B,M2-B,R093,UK visit visa processing time from Pakistan,NAT,,ROMAN,roman_headline_body_rrf_method_D,49,38359,0.011494252873563218,50
post_phase12_module2_M2-B,M2-B,R093,UK visit visa processing time from Pakistan,NAT,,ROMAN,roman_headline_body_rrf_method_D,50,43059,0.011494252873563218,50
post_phase12_module2_M2-B,M2-B,R094,atif aslam concert Pakistan,NAT,,ROMAN,roman_headline_body_rrf_method_D,1,5467,0.028309409888357256,50
post_phase12_module2_M2-B,M2-B,R094,atif aslam concert Pakistan,NAT,,ROMAN,roman_headline_body_rrf_method_D,2,84577,0.02548701298701299,50
post_phase12_module2_M2-B,M2-B,R094,atif aslam concert Pakistan,NAT,,ROMAN,roman_headline_body_rrf_method_D,3,30420,0.025362318840579712,50
post_phase12_module2_M2-B,M2-B,R094,atif aslam concert Pakistan,NAT,,ROMAN,roman_headline_body_rrf_method_D,4,46490,0.023024594453165882,50
post_phase12_module2_M2-B,M2-B,R094,atif aslam concert Pakistan,NAT,,ROMAN,roman_headline_body_rrf_method_D,5,81435,0.021482155035235283,50
post_phase12_module2_M2-B,M2-B,R094,atif aslam concert Pakistan,NAT,,ROMAN,roman_headline_body_rrf_method_D,6,83060,0.020454545454545454,50
post_phase12_module2_M2-B,M2-B,R094,atif aslam concert Pakistan,NAT,,ROMAN,roman_headline_body_rrf_method_D,7,24531,0.01639344262295082,50
post_phase12_module2_M2-B,M2-B,R094,atif aslam concert Pakistan,NAT,,ROMAN,roman_headline_body_rrf_method_D,8,56008,0.01639344262295082,50
post_phase12_module2_M2-B,M2-B,R094,atif aslam concert Pakistan,NAT,,ROMAN,roman_headline_body_rrf_method_D,9,61504,0.016129032258064516,50
post_phase12_module2_M2-B,M2-B,R094,atif aslam concert Pakistan,NAT,,ROMAN,roman_headline_body_rrf_method_D,10,66317,0.016129032258064516,50
post_phase12_module2_M2-B,M2-B,R094,atif aslam concert Pakistan,NAT,,ROMAN,roman_headline_body_rrf_method_D,11,29087,0.015873015873015872,50
post_phase12_module2_M2-B,M2-B,R094,atif aslam concert Pakistan,NAT,,ROMAN,roman_headline_body_rrf_method_D,12,41304,0.015873015873015872,50
post_phase12_module2_M2-B,M2-B,R094,atif aslam concert Pakistan,NAT,,ROMAN,roman_headline_body_rrf_method_D,13,86811,0.015625,50
post_phase12_module2_M2-B,M2-B,R094,atif aslam concert Pakistan,NAT,,ROMAN,roman_headline_body_rrf_method_D,14,106738,0.015625,50
post_phase12_module2_M2-B,M2-B,R094,atif aslam concert Pakistan,NAT,,ROMAN,roman_headline_body_rrf_method_D,15,41810,0.015384615384615385,50
post_phase12_module2_M2-B,M2-B,R094,atif aslam concert Pakistan,NAT,,ROMAN,roman_headline_body_rrf_method_D,16,60558,0.015384615384615385,50
post_phase12_module2_M2-B,M2-B,R094,atif aslam concert Pakistan,NAT,,ROMAN,roman_headline_body_rrf_method_D,17,106733,0.015151515151515152,50
post_phase12_module2_M2-B,M2-B,R094,atif aslam concert Pakistan,NAT,,ROMAN,roman_headline_body_rrf_method_D,18,74766,0.014925373134328358,50
post_phase12_module2_M2-B,M2-B,R094,atif aslam concert Pakistan,NAT,,ROMAN,roman_headline_body_rrf_method_D,19,98172,0.014925373134328358,50
post_phase12_module2_M2-B,M2-B,R094,atif aslam concert Pakistan,NAT,,ROMAN,roman_headline_body_rrf_method_D,20,41332,0.014705882352941176,50
post_phase12_module2_M2-B,M2-B,R094,atif aslam concert Pakistan,NAT,,ROMAN,roman_headline_body_rrf_method_D,21,52771,0.014705882352941176,50
post_phase12_module2_M2-B,M2-B,R094,atif aslam concert Pakistan,NAT,,ROMAN,roman_headline_body_rrf_method_D,22,98131,0.014492753623188406,50
post_phase12_module2_M2-B,M2-B,R094,atif aslam concert Pakistan,NAT,,ROMAN,roman_headline_body_rrf_method_D,23,5437,0.014285714285714285,50
post_phase12_module2_M2-B,M2-B,R094,atif aslam concert Pakistan,NAT,,ROMAN,roman_headline_body_rrf_method_D,24,57653,0.014285714285714285,50
post_phase12_module2_M2-B,M2-B,R094,atif aslam concert Pakistan,NAT,,ROMAN,roman_headline_body_rrf_method_D,25,88941,0.014084507042253521,50
post_phase12_module2_M2-B,M2-B,R094,atif aslam concert Pakistan,NAT,,ROMAN,roman_headline_body_rrf_method_D,26,110321,0.014084507042253521,50
post_phase12_module2_M2-B,M2-B,R094,atif aslam concert Pakistan,NAT,,ROMAN,roman_headline_body_rrf_method_D,27,28090,0.013888888888888888,50
post_phase12_module2_M2-B,M2-B,R094,atif aslam concert Pakistan,NAT,,ROMAN,roman_headline_body_rrf_method_D,28,84606,0.013888888888888888,50
post_phase12_module2_M2-B,M2-B,R094,atif aslam concert Pakistan,NAT,,ROMAN,roman_headline_body_rrf_method_D,29,5564,0.0136986301369863,50
post_phase12_module2_M2-B,M2-B,R094,atif aslam concert Pakistan,NAT,,ROMAN,roman_headline_body_rrf_method_D,30,61447,0.0136986301369863,50
post_phase12_module2_M2-B,M2-B,R094,atif aslam concert Pakistan,NAT,,ROMAN,roman_headline_body_rrf_method_D,31,51886,0.013513513513513514,50
post_phase12_module2_M2-B,M2-B,R094,atif aslam concert Pakistan,NAT,,ROMAN,roman_headline_body_rrf_method_D,32,62242,0.013513513513513514,50
post_phase12_module2_M2-B,M2-B,R094,atif aslam concert Pakistan,NAT,,ROMAN,roman_headline_body_rrf_method_D,33,106731,0.013333333333333334,50
post_phase12_module2_M2-B,M2-B,R094,atif aslam concert Pakistan,NAT,,ROMAN,roman_headline_body_rrf_method_D,34,110343,0.013333333333333334,50
post_phase12_module2_M2-B,M2-B,R094,atif aslam concert Pakistan,NAT,,ROMAN,roman_headline_body_rrf_method_D,35,43231,0.013157894736842105,50
post_phase12_module2_M2-B,M2-B,R094,atif aslam concert Pakistan,NAT,,ROMAN,roman_headline_body_rrf_method_D,36,76862,0.012987012987012988,50
post_phase12_module2_M2-B,M2-B,R094,atif aslam concert Pakistan,NAT,,ROMAN,roman_headline_body_rrf_method_D,37,17671,0.01282051282051282,50
post_phase12_module2_M2-B,M2-B,R094,atif aslam concert Pakistan,NAT,,ROMAN,roman_headline_body_rrf_method_D,38,59622,0.012658227848101266,50
post_phase12_module2_M2-B,M2-B,R094,atif aslam concert Pakistan,NAT,,ROMAN,roman_headline_body_rrf_method_D,39,100958,0.012658227848101266,50
post_phase12_module2_M2-B,M2-B,R094,atif aslam concert Pakistan,NAT,,ROMAN,roman_headline_body_rrf_method_D,40,72856,0.0125,50
post_phase12_module2_M2-B,M2-B,R094,atif aslam concert Pakistan,NAT,,ROMAN,roman_headline_body_rrf_method_D,41,46120,0.012345679012345678,50
post_phase12_module2_M2-B,M2-B,R094,atif aslam concert Pakistan,NAT,,ROMAN,roman_headline_body_rrf_method_D,42,50853,0.012345679012345678,50
post_phase12_module2_M2-B,M2-B,R094,atif aslam concert Pakistan,NAT,,ROMAN,roman_headline_body_rrf_method_D,43,61222,0.012195121951219513,50
post_phase12_module2_M2-B,M2-B,R094,atif aslam concert Pakistan,NAT,,ROMAN,roman_headline_body_rrf_method_D,44,84528,0.012195121951219513,50
post_phase12_module2_M2-B,M2-B,R094,atif aslam concert Pakistan,NAT,,ROMAN,roman_headline_body_rrf_method_D,45,46543,0.012048192771084338,50
post_phase12_module2_M2-B,M2-B,R094,atif aslam concert Pakistan,NAT,,ROMAN,roman_headline_body_rrf_method_D,46,41931,0.011904761904761904,50
post_phase12_module2_M2-B,M2-B,R094,atif aslam concert Pakistan,NAT,,ROMAN,roman_headline_body_rrf_method_D,47,88785,0.011904761904761904,50
post_phase12_module2_M2-B,M2-B,R094,atif aslam concert Pakistan,NAT,,ROMAN,roman_headline_body_rrf_method_D,48,61161,0.011764705882352941,50
post_phase12_module2_M2-B,M2-B,R094,atif aslam concert Pakistan,NAT,,ROMAN,roman_headline_body_rrf_method_D,49,87034,0.011764705882352941,50
post_phase12_module2_M2-B,M2-B,R094,atif aslam concert Pakistan,NAT,,ROMAN,roman_headline_body_rrf_method_D,50,59322,0.011627906976744186,50
post_phase12_module2_M2-B,M2-B,R095,سیلاب ke baad kisanon ko fasal ke nuqsan ka muawza kyun late milta hai,NAT,,MIXED,urdu_headline_body_rrf,1,67358,0.03149801587301587,50
post_phase12_module2_M2-B,M2-B,R095,سیلاب ke baad kisanon ko fasal ke nuqsan ka muawza kyun late milta hai,NAT,,MIXED,urdu_headline_body_rrf,2,103884,0.029827662395050816,50
post_phase12_module2_M2-B,M2-B,R095,سیلاب ke baad kisanon ko fasal ke nuqsan ka muawza kyun late milta hai,NAT,,MIXED,urdu_headline_body_rrf,3,103186,0.029051670471052088,50
post_phase12_module2_M2-B,M2-B,R095,سیلاب ke baad kisanon ko fasal ke nuqsan ka muawza kyun late milta hai,NAT,,MIXED,urdu_headline_body_rrf,4,24353,0.028531243721117136,50
post_phase12_module2_M2-B,M2-B,R095,سیلاب ke baad kisanon ko fasal ke nuqsan ka muawza kyun late milta hai,NAT,,MIXED,urdu_headline_body_rrf,5,62010,0.028125,50
post_phase12_module2_M2-B,M2-B,R095,سیلاب ke baad kisanon ko fasal ke nuqsan ka muawza kyun late milta hai,NAT,,MIXED,urdu_headline_body_rrf,6,76782,0.026830135039090264,50
post_phase12_module2_M2-B,M2-B,R095,سیلاب ke baad kisanon ko fasal ke nuqsan ka muawza kyun late milta hai,NAT,,MIXED,urdu_headline_body_rrf,7,8430,0.026631393298059962,50
post_phase12_module2_M2-B,M2-B,R095,سیلاب ke baad kisanon ko fasal ke nuqsan ka muawza kyun late milta hai,NAT,,MIXED,urdu_headline_body_rrf,8,15174,0.026387470207694927,50
post_phase12_module2_M2-B,M2-B,R095,سیلاب ke baad kisanon ko fasal ke nuqsan ka muawza kyun late milta hai,NAT,,MIXED,urdu_headline_body_rrf,9,78637,0.0260840108401084,50
post_phase12_module2_M2-B,M2-B,R095,سیلاب ke baad kisanon ko fasal ke nuqsan ka muawza kyun late milta hai,NAT,,MIXED,urdu_headline_body_rrf,10,35339,0.025693893735130847,50
post_phase12_module2_M2-B,M2-B,R095,سیلاب ke baad kisanon ko fasal ke nuqsan ka muawza kyun late milta hai,NAT,,MIXED,urdu_headline_body_rrf,11,76744,0.025679012345679014,50
post_phase12_module2_M2-B,M2-B,R095,سیلاب ke baad kisanon ko fasal ke nuqsan ka muawza kyun late milta hai,NAT,,MIXED,urdu_headline_body_rrf,12,74465,0.02548701298701299,50
post_phase12_module2_M2-B,M2-B,R095,سیلاب ke baad kisanon ko fasal ke nuqsan ka muawza kyun late milta hai,NAT,,MIXED,urdu_headline_body_rrf,13,74499,0.024722804914593947,50
post_phase12_module2_M2-B,M2-B,R095,سیلاب ke baad kisanon ko fasal ke nuqsan ka muawza kyun late milta hai,NAT,,MIXED,urdu_headline_body_rrf,14,76808,0.023676099747828524,50
post_phase12_module2_M2-B,M2-B,R095,سیلاب ke baad kisanon ko fasal ke nuqsan ka muawza kyun late milta hai,NAT,,MIXED,urdu_headline_body_rrf,15,103229,0.02292152292152292,50
post_phase12_module2_M2-B,M2-B,R095,سیلاب ke baad kisanon ko fasal ke nuqsan ka muawza kyun late milta hai,NAT,,MIXED,urdu_headline_body_rrf,16,18791,0.01639344262295082,50
post_phase12_module2_M2-B,M2-B,R095,سیلاب ke baad kisanon ko fasal ke nuqsan ka muawza kyun late milta hai,NAT,,MIXED,urdu_headline_body_rrf,17,24555,0.016129032258064516,50
post_phase12_module2_M2-B,M2-B,R095,سیلاب ke baad kisanon ko fasal ke nuqsan ka muawza kyun late milta hai,NAT,,MIXED,urdu_headline_body_rrf,18,75361,0.015384615384615385,50
post_phase12_module2_M2-B,M2-B,R095,سیلاب ke baad kisanon ko fasal ke nuqsan ka muawza kyun late milta hai,NAT,,MIXED,urdu_headline_body_rrf,19,40351,0.015151515151515152,50
post_phase12_module2_M2-B,M2-B,R095,سیلاب ke baad kisanon ko fasal ke nuqsan ka muawza kyun late milta hai,NAT,,MIXED,urdu_headline_body_rrf,20,90603,0.014925373134328358,50
post_phase12_module2_M2-B,M2-B,R095,سیلاب ke baad kisanon ko fasal ke nuqsan ka muawza kyun late milta hai,NAT,,MIXED,urdu_headline_body_rrf,21,41070,0.014705882352941176,50
post_phase12_module2_M2-B,M2-B,R095,سیلاب ke baad kisanon ko fasal ke nuqsan ka muawza kyun late milta hai,NAT,,MIXED,urdu_headline_body_rrf,22,111540,0.014705882352941176,50
post_phase12_module2_M2-B,M2-B,R095,سیلاب ke baad kisanon ko fasal ke nuqsan ka muawza kyun late milta hai,NAT,,MIXED,urdu_headline_body_rrf,23,61635,0.014492753623188406,50
post_phase12_module2_M2-B,M2-B,R095,سیلاب ke baad kisanon ko fasal ke nuqsan ka muawza kyun late milta hai,NAT,,MIXED,urdu_headline_body_rrf,24,109104,0.014492753623188406,50
post_phase12_module2_M2-B,M2-B,R095,سیلاب ke baad kisanon ko fasal ke nuqsan ka muawza kyun late milta hai,NAT,,MIXED,urdu_headline_body_rrf,25,48893,0.014285714285714285,50
post_phase12_module2_M2-B,M2-B,R095,سیلاب ke baad kisanon ko fasal ke nuqsan ka muawza kyun late milta hai,NAT,,MIXED,urdu_headline_body_rrf,26,74479,0.014084507042253521,50
post_phase12_module2_M2-B,M2-B,R095,سیلاب ke baad kisanon ko fasal ke nuqsan ka muawza kyun late milta hai,NAT,,MIXED,urdu_headline_body_rrf,27,59653,0.013888888888888888,50
post_phase12_module2_M2-B,M2-B,R095,سیلاب ke baad kisanon ko fasal ke nuqsan ka muawza kyun late milta hai,NAT,,MIXED,urdu_headline_body_rrf,28,75163,0.0136986301369863,50
post_phase12_module2_M2-B,M2-B,R095,سیلاب ke baad kisanon ko fasal ke nuqsan ka muawza kyun late milta hai,NAT,,MIXED,urdu_headline_body_rrf,29,59899,0.013513513513513514,50
post_phase12_module2_M2-B,M2-B,R095,سیلاب ke baad kisanon ko fasal ke nuqsan ka muawza kyun late milta hai,NAT,,MIXED,urdu_headline_body_rrf,30,74036,0.013513513513513514,50
post_phase12_module2_M2-B,M2-B,R095,سیلاب ke baad kisanon ko fasal ke nuqsan ka muawza kyun late milta hai,NAT,,MIXED,urdu_headline_body_rrf,31,63280,0.013333333333333334,50
post_phase12_module2_M2-B,M2-B,R095,سیلاب ke baad kisanon ko fasal ke nuqsan ka muawza kyun late milta hai,NAT,,MIXED,urdu_headline_body_rrf,32,77793,0.013157894736842105,50
post_phase12_module2_M2-B,M2-B,R095,سیلاب ke baad kisanon ko fasal ke nuqsan ka muawza kyun late milta hai,NAT,,MIXED,urdu_headline_body_rrf,33,78333,0.013157894736842105,50
post_phase12_module2_M2-B,M2-B,R095,سیلاب ke baad kisanon ko fasal ke nuqsan ka muawza kyun late milta hai,NAT,,MIXED,urdu_headline_body_rrf,34,10960,0.012987012987012988,50
post_phase12_module2_M2-B,M2-B,R095,سیلاب ke baad kisanon ko fasal ke nuqsan ka muawza kyun late milta hai,NAT,,MIXED,urdu_headline_body_rrf,35,78146,0.01282051282051282,50
post_phase12_module2_M2-B,M2-B,R095,سیلاب ke baad kisanon ko fasal ke nuqsan ka muawza kyun late milta hai,NAT,,MIXED,urdu_headline_body_rrf,36,76696,0.012195121951219513,50
post_phase12_module2_M2-B,M2-B,R095,سیلاب ke baad kisanon ko fasal ke nuqsan ka muawza kyun late milta hai,NAT,,MIXED,urdu_headline_body_rrf,37,41120,0.012048192771084338,50
post_phase12_module2_M2-B,M2-B,R095,سیلاب ke baad kisanon ko fasal ke nuqsan ka muawza kyun late milta hai,NAT,,MIXED,urdu_headline_body_rrf,38,38244,0.011904761904761904,50
post_phase12_module2_M2-B,M2-B,R095,سیلاب ke baad kisanon ko fasal ke nuqsan ka muawza kyun late milta hai,NAT,,MIXED,urdu_headline_body_rrf,39,27713,0.011764705882352941,50
post_phase12_module2_M2-B,M2-B,R095,سیلاب ke baad kisanon ko fasal ke nuqsan ka muawza kyun late milta hai,NAT,,MIXED,urdu_headline_body_rrf,40,76713,0.011764705882352941,50
post_phase12_module2_M2-B,M2-B,R095,سیلاب ke baad kisanon ko fasal ke nuqsan ka muawza kyun late milta hai,NAT,,MIXED,urdu_headline_body_rrf,41,59852,0.011627906976744186,50
post_phase12_module2_M2-B,M2-B,R095,سیلاب ke baad kisanon ko fasal ke nuqsan ka muawza kyun late milta hai,NAT,,MIXED,urdu_headline_body_rrf,42,100974,0.011494252873563218,50
post_phase12_module2_M2-B,M2-B,R095,سیلاب ke baad kisanon ko fasal ke nuqsan ka muawza kyun late milta hai,NAT,,MIXED,urdu_headline_body_rrf,43,60315,0.011363636363636364,50
post_phase12_module2_M2-B,M2-B,R095,سیلاب ke baad kisanon ko fasal ke nuqsan ka muawza kyun late milta hai,NAT,,MIXED,urdu_headline_body_rrf,44,75452,0.011111111111111112,50
post_phase12_module2_M2-B,M2-B,R095,سیلاب ke baad kisanon ko fasal ke nuqsan ka muawza kyun late milta hai,NAT,,MIXED,urdu_headline_body_rrf,45,38293,0.01098901098901099,50
post_phase12_module2_M2-B,M2-B,R095,سیلاب ke baad kisanon ko fasal ke nuqsan ka muawza kyun late milta hai,NAT,,MIXED,urdu_headline_body_rrf,46,48984,0.010869565217391304,50
post_phase12_module2_M2-B,M2-B,R095,سیلاب ke baad kisanon ko fasal ke nuqsan ka muawza kyun late milta hai,NAT,,MIXED,urdu_headline_body_rrf,47,76700,0.010752688172043012,50
post_phase12_module2_M2-B,M2-B,R095,سیلاب ke baad kisanon ko fasal ke nuqsan ka muawza kyun late milta hai,NAT,,MIXED,urdu_headline_body_rrf,48,111240,0.010526315789473684,50
post_phase12_module2_M2-B,M2-B,R095,سیلاب ke baad kisanon ko fasal ke nuqsan ka muawza kyun late milta hai,NAT,,MIXED,urdu_headline_body_rrf,49,84183,0.010416666666666666,50
post_phase12_module2_M2-B,M2-B,R095,سیلاب ke baad kisanon ko fasal ke nuqsan ka muawza kyun late milta hai,NAT,,MIXED,urdu_headline_body_rrf,50,75377,0.01020408163265306,50
post_phase12_module2_M2-B,M2-B,R096,Eid ka chand kab nazar aayega Pakistan,NAT,,ROMAN,roman_headline_body_rrf_method_D,1,18668,0.03278688524590164,50
post_phase12_module2_M2-B,M2-B,R096,Eid ka chand kab nazar aayega Pakistan,NAT,,ROMAN,roman_headline_body_rrf_method_D,2,59335,0.031054405392392875,50
post_phase12_module2_M2-B,M2-B,R096,Eid ka chand kab nazar aayega Pakistan,NAT,,ROMAN,roman_headline_body_rrf_method_D,3,59559,0.029877369007803793,50
post_phase12_module2_M2-B,M2-B,R096,Eid ka chand kab nazar aayega Pakistan,NAT,,ROMAN,roman_headline_body_rrf_method_D,4,59336,0.028373015873015873,50
post_phase12_module2_M2-B,M2-B,R096,Eid ka chand kab nazar aayega Pakistan,NAT,,ROMAN,roman_headline_body_rrf_method_D,5,79518,0.028370221327967807,50
post_phase12_module2_M2-B,M2-B,R096,Eid ka chand kab nazar aayega Pakistan,NAT,,ROMAN,roman_headline_body_rrf_method_D,6,47233,0.02813852813852814,50
post_phase12_module2_M2-B,M2-B,R096,Eid ka chand kab nazar aayega Pakistan,NAT,,ROMAN,roman_headline_body_rrf_method_D,7,36568,0.025451688923802042,50
post_phase12_module2_M2-B,M2-B,R096,Eid ka chand kab nazar aayega Pakistan,NAT,,ROMAN,roman_headline_body_rrf_method_D,8,59896,0.02535559678416821,50
post_phase12_module2_M2-B,M2-B,R096,Eid ka chand kab nazar aayega Pakistan,NAT,,ROMAN,roman_headline_body_rrf_method_D,9,59558,0.025240384615384616,50
post_phase12_module2_M2-B,M2-B,R096,Eid ka chand kab nazar aayega Pakistan,NAT,,ROMAN,roman_headline_body_rrf_method_D,10,59325,0.024393871783430016,50
post_phase12_module2_M2-B,M2-B,R096,Eid ka chand kab nazar aayega Pakistan,NAT,,ROMAN,roman_headline_body_rrf_method_D,11,79951,0.023809523809523808,50
post_phase12_module2_M2-B,M2-B,R096,Eid ka chand kab nazar aayega Pakistan,NAT,,ROMAN,roman_headline_body_rrf_method_D,12,16494,0.023769338959212377,50
post_phase12_module2_M2-B,M2-B,R096,Eid ka chand kab nazar aayega Pakistan,NAT,,ROMAN,roman_headline_body_rrf_method_D,13,79953,0.02375,50
post_phase12_module2_M2-B,M2-B,R096,Eid ka chand kab nazar aayega Pakistan,NAT,,ROMAN,roman_headline_body_rrf_method_D,14,59424,0.023558758314855877,50
post_phase12_module2_M2-B,M2-B,R096,Eid ka chand kab nazar aayega Pakistan,NAT,,ROMAN,roman_headline_body_rrf_method_D,15,80173,0.023343766301512782,50
post_phase12_module2_M2-B,M2-B,R096,Eid ka chand kab nazar aayega Pakistan,NAT,,ROMAN,roman_headline_body_rrf_method_D,16,20472,0.02177964127649662,50
post_phase12_module2_M2-B,M2-B,R096,Eid ka chand kab nazar aayega Pakistan,NAT,,ROMAN,roman_headline_body_rrf_method_D,17,80174,0.021741699161054,50
post_phase12_module2_M2-B,M2-B,R096,Eid ka chand kab nazar aayega Pakistan,NAT,,ROMAN,roman_headline_body_rrf_method_D,18,79644,0.020668564800168723,50
post_phase12_module2_M2-B,M2-B,R096,Eid ka chand kab nazar aayega Pakistan,NAT,,ROMAN,roman_headline_body_rrf_method_D,19,20561,0.020578303081468973,50
post_phase12_module2_M2-B,M2-B,R096,Eid ka chand kab nazar aayega Pakistan,NAT,,ROMAN,roman_headline_body_rrf_method_D,20,24333,0.016129032258064516,50
post_phase12_module2_M2-B,M2-B,R096,Eid ka chand kab nazar aayega Pakistan,NAT,,ROMAN,roman_headline_body_rrf_method_D,21,79317,0.015873015873015872,50
post_phase12_module2_M2-B,M2-B,R096,Eid ka chand kab nazar aayega Pakistan,NAT,,ROMAN,roman_headline_body_rrf_method_D,22,59691,0.015625,50
post_phase12_module2_M2-B,M2-B,R096,Eid ka chand kab nazar aayega Pakistan,NAT,,ROMAN,roman_headline_body_rrf_method_D,23,59690,0.015384615384615385,50
post_phase12_module2_M2-B,M2-B,R096,Eid ka chand kab nazar aayega Pakistan,NAT,,ROMAN,roman_headline_body_rrf_method_D,24,48631,0.014705882352941176,50
post_phase12_module2_M2-B,M2-B,R096,Eid ka chand kab nazar aayega Pakistan,NAT,,ROMAN,roman_headline_body_rrf_method_D,25,80067,0.014705882352941176,50
post_phase12_module2_M2-B,M2-B,R096,Eid ka chand kab nazar aayega Pakistan,NAT,,ROMAN,roman_headline_body_rrf_method_D,26,59894,0.014492753623188406,50
post_phase12_module2_M2-B,M2-B,R096,Eid ka chand kab nazar aayega Pakistan,NAT,,ROMAN,roman_headline_body_rrf_method_D,27,109888,0.014285714285714285,50
post_phase12_module2_M2-B,M2-B,R096,Eid ka chand kab nazar aayega Pakistan,NAT,,ROMAN,roman_headline_body_rrf_method_D,28,59743,0.013888888888888888,50
post_phase12_module2_M2-B,M2-B,R096,Eid ka chand kab nazar aayega Pakistan,NAT,,ROMAN,roman_headline_body_rrf_method_D,29,79413,0.013888888888888888,50
post_phase12_module2_M2-B,M2-B,R096,Eid ka chand kab nazar aayega Pakistan,NAT,,ROMAN,roman_headline_body_rrf_method_D,30,59246,0.0136986301369863,50
post_phase12_module2_M2-B,M2-B,R096,Eid ka chand kab nazar aayega Pakistan,NAT,,ROMAN,roman_headline_body_rrf_method_D,31,79880,0.0136986301369863,50
post_phase12_module2_M2-B,M2-B,R096,Eid ka chand kab nazar aayega Pakistan,NAT,,ROMAN,roman_headline_body_rrf_method_D,32,59610,0.013513513513513514,50
post_phase12_module2_M2-B,M2-B,R096,Eid ka chand kab nazar aayega Pakistan,NAT,,ROMAN,roman_headline_body_rrf_method_D,33,80050,0.013513513513513514,50
post_phase12_module2_M2-B,M2-B,R096,Eid ka chand kab nazar aayega Pakistan,NAT,,ROMAN,roman_headline_body_rrf_method_D,34,80116,0.013333333333333334,50
post_phase12_module2_M2-B,M2-B,R096,Eid ka chand kab nazar aayega Pakistan,NAT,,ROMAN,roman_headline_body_rrf_method_D,35,59359,0.013157894736842105,50
post_phase12_module2_M2-B,M2-B,R096,Eid ka chand kab nazar aayega Pakistan,NAT,,ROMAN,roman_headline_body_rrf_method_D,36,79563,0.013157894736842105,50
post_phase12_module2_M2-B,M2-B,R096,Eid ka chand kab nazar aayega Pakistan,NAT,,ROMAN,roman_headline_body_rrf_method_D,37,23091,0.012987012987012988,50
post_phase12_module2_M2-B,M2-B,R096,Eid ka chand kab nazar aayega Pakistan,NAT,,ROMAN,roman_headline_body_rrf_method_D,38,22655,0.01282051282051282,50
post_phase12_module2_M2-B,M2-B,R096,Eid ka chand kab nazar aayega Pakistan,NAT,,ROMAN,roman_headline_body_rrf_method_D,39,80310,0.01282051282051282,50
post_phase12_module2_M2-B,M2-B,R096,Eid ka chand kab nazar aayega Pakistan,NAT,,ROMAN,roman_headline_body_rrf_method_D,40,59724,0.012658227848101266,50
post_phase12_module2_M2-B,M2-B,R096,Eid ka chand kab nazar aayega Pakistan,NAT,,ROMAN,roman_headline_body_rrf_method_D,41,21877,0.0125,50
post_phase12_module2_M2-B,M2-B,R096,Eid ka chand kab nazar aayega Pakistan,NAT,,ROMAN,roman_headline_body_rrf_method_D,42,49381,0.012195121951219513,50
post_phase12_module2_M2-B,M2-B,R096,Eid ka chand kab nazar aayega Pakistan,NAT,,ROMAN,roman_headline_body_rrf_method_D,43,79786,0.012048192771084338,50
post_phase12_module2_M2-B,M2-B,R096,Eid ka chand kab nazar aayega Pakistan,NAT,,ROMAN,roman_headline_body_rrf_method_D,44,16777,0.011764705882352941,50
post_phase12_module2_M2-B,M2-B,R096,Eid ka chand kab nazar aayega Pakistan,NAT,,ROMAN,roman_headline_body_rrf_method_D,45,80069,0.011764705882352941,50
post_phase12_module2_M2-B,M2-B,R096,Eid ka chand kab nazar aayega Pakistan,NAT,,ROMAN,roman_headline_body_rrf_method_D,46,18523,0.011627906976744186,50
post_phase12_module2_M2-B,M2-B,R096,Eid ka chand kab nazar aayega Pakistan,NAT,,ROMAN,roman_headline_body_rrf_method_D,47,79568,0.011627906976744186,50
post_phase12_module2_M2-B,M2-B,R096,Eid ka chand kab nazar aayega Pakistan,NAT,,ROMAN,roman_headline_body_rrf_method_D,48,17405,0.011494252873563218,50
post_phase12_module2_M2-B,M2-B,R096,Eid ka chand kab nazar aayega Pakistan,NAT,,ROMAN,roman_headline_body_rrf_method_D,49,59733,0.011363636363636364,50
post_phase12_module2_M2-B,M2-B,R096,Eid ka chand kab nazar aayega Pakistan,NAT,,ROMAN,roman_headline_body_rrf_method_D,50,18315,0.011235955056179775,50
post_phase12_module2_M2-B,M2-B,R097,Karachi property tax online payment ka tareeqa,NAT,,ROMAN,roman_headline_body_rrf_method_D,1,62963,0.030679156908665108,50
post_phase12_module2_M2-B,M2-B,R097,Karachi property tax online payment ka tareeqa,NAT,,ROMAN,roman_headline_body_rrf_method_D,2,57899,0.028629032258064516,50
post_phase12_module2_M2-B,M2-B,R097,Karachi property tax online payment ka tareeqa,NAT,,ROMAN,roman_headline_body_rrf_method_D,3,76727,0.02535559678416821,50
post_phase12_module2_M2-B,M2-B,R097,Karachi property tax online payment ka tareeqa,NAT,,ROMAN,roman_headline_body_rrf_method_D,4,50888,0.01639344262295082,50
post_phase12_module2_M2-B,M2-B,R097,Karachi property tax online payment ka tareeqa,NAT,,ROMAN,roman_headline_body_rrf_method_D,5,111021,0.016129032258064516,50
post_phase12_module2_M2-B,M2-B,R097,Karachi property tax online payment ka tareeqa,NAT,,ROMAN,roman_headline_body_rrf_method_D,6,19153,0.015873015873015872,50
post_phase12_module2_M2-B,M2-B,R097,Karachi property tax online payment ka tareeqa,NAT,,ROMAN,roman_headline_body_rrf_method_D,7,61585,0.015873015873015872,50
post_phase12_module2_M2-B,M2-B,R097,Karachi property tax online payment ka tareeqa,NAT,,ROMAN,roman_headline_body_rrf_method_D,8,65584,0.015625,50
post_phase12_module2_M2-B,M2-B,R097,Karachi property tax online payment ka tareeqa,NAT,,ROMAN,roman_headline_body_rrf_method_D,9,85488,0.015625,50
post_phase12_module2_M2-B,M2-B,R097,Karachi property tax online payment ka tareeqa,NAT,,ROMAN,roman_headline_body_rrf_method_D,10,62584,0.015384615384615385,50
post_phase12_module2_M2-B,M2-B,R097,Karachi property tax online payment ka tareeqa,NAT,,ROMAN,roman_headline_body_rrf_method_D,11,86673,0.015384615384615385,50
post_phase12_module2_M2-B,M2-B,R097,Karachi property tax online payment ka tareeqa,NAT,,ROMAN,roman_headline_body_rrf_method_D,12,80524,0.015151515151515152,50
post_phase12_module2_M2-B,M2-B,R097,Karachi property tax online payment ka tareeqa,NAT,,ROMAN,roman_headline_body_rrf_method_D,13,9848,0.014925373134328358,50
post_phase12_module2_M2-B,M2-B,R097,Karachi property tax online payment ka tareeqa,NAT,,ROMAN,roman_headline_body_rrf_method_D,14,87797,0.014925373134328358,50
post_phase12_module2_M2-B,M2-B,R097,Karachi property tax online payment ka tareeqa,NAT,,ROMAN,roman_headline_body_rrf_method_D,15,88959,0.014705882352941176,50
post_phase12_module2_M2-B,M2-B,R097,Karachi property tax online payment ka tareeqa,NAT,,ROMAN,roman_headline_body_rrf_method_D,16,103909,0.014705882352941176,50
post_phase12_module2_M2-B,M2-B,R097,Karachi property tax online payment ka tareeqa,NAT,,ROMAN,roman_headline_body_rrf_method_D,17,47208,0.014492753623188406,50
post_phase12_module2_M2-B,M2-B,R097,Karachi property tax online payment ka tareeqa,NAT,,ROMAN,roman_headline_body_rrf_method_D,18,62192,0.014492753623188406,50
post_phase12_module2_M2-B,M2-B,R097,Karachi property tax online payment ka tareeqa,NAT,,ROMAN,roman_headline_body_rrf_method_D,19,77565,0.014285714285714285,50
post_phase12_module2_M2-B,M2-B,R097,Karachi property tax online payment ka tareeqa,NAT,,ROMAN,roman_headline_body_rrf_method_D,20,42875,0.014084507042253521,50
post_phase12_module2_M2-B,M2-B,R097,Karachi property tax online payment ka tareeqa,NAT,,ROMAN,roman_headline_body_rrf_method_D,21,67081,0.014084507042253521,50
post_phase12_module2_M2-B,M2-B,R097,Karachi property tax online payment ka tareeqa,NAT,,ROMAN,roman_headline_body_rrf_method_D,22,15102,0.013888888888888888,50
post_phase12_module2_M2-B,M2-B,R097,Karachi property tax online payment ka tareeqa,NAT,,ROMAN,roman_headline_body_rrf_method_D,23,95009,0.013888888888888888,50
post_phase12_module2_M2-B,M2-B,R097,Karachi property tax online payment ka tareeqa,NAT,,ROMAN,roman_headline_body_rrf_method_D,24,76828,0.0136986301369863,50
post_phase12_module2_M2-B,M2-B,R097,Karachi property tax online payment ka tareeqa,NAT,,ROMAN,roman_headline_body_rrf_method_D,25,77137,0.0136986301369863,50
post_phase12_module2_M2-B,M2-B,R097,Karachi property tax online payment ka tareeqa,NAT,,ROMAN,roman_headline_body_rrf_method_D,26,11782,0.013513513513513514,50
post_phase12_module2_M2-B,M2-B,R097,Karachi property tax online payment ka tareeqa,NAT,,ROMAN,roman_headline_body_rrf_method_D,27,87791,0.013513513513513514,50
post_phase12_module2_M2-B,M2-B,R097,Karachi property tax online payment ka tareeqa,NAT,,ROMAN,roman_headline_body_rrf_method_D,28,14475,0.013333333333333334,50
post_phase12_module2_M2-B,M2-B,R097,Karachi property tax online payment ka tareeqa,NAT,,ROMAN,roman_headline_body_rrf_method_D,29,62469,0.013333333333333334,50
post_phase12_module2_M2-B,M2-B,R097,Karachi property tax online payment ka tareeqa,NAT,,ROMAN,roman_headline_body_rrf_method_D,30,15917,0.013157894736842105,50
post_phase12_module2_M2-B,M2-B,R097,Karachi property tax online payment ka tareeqa,NAT,,ROMAN,roman_headline_body_rrf_method_D,31,41749,0.013157894736842105,50
post_phase12_module2_M2-B,M2-B,R097,Karachi property tax online payment ka tareeqa,NAT,,ROMAN,roman_headline_body_rrf_method_D,32,41760,0.012987012987012988,50
post_phase12_module2_M2-B,M2-B,R097,Karachi property tax online payment ka tareeqa,NAT,,ROMAN,roman_headline_body_rrf_method_D,33,75897,0.012987012987012988,50
post_phase12_module2_M2-B,M2-B,R097,Karachi property tax online payment ka tareeqa,NAT,,ROMAN,roman_headline_body_rrf_method_D,34,62221,0.01282051282051282,50
post_phase12_module2_M2-B,M2-B,R097,Karachi property tax online payment ka tareeqa,NAT,,ROMAN,roman_headline_body_rrf_method_D,35,72914,0.01282051282051282,50
post_phase12_module2_M2-B,M2-B,R097,Karachi property tax online payment ka tareeqa,NAT,,ROMAN,roman_headline_body_rrf_method_D,36,30424,0.012658227848101266,50
post_phase12_module2_M2-B,M2-B,R097,Karachi property tax online payment ka tareeqa,NAT,,ROMAN,roman_headline_body_rrf_method_D,37,88986,0.012658227848101266,50
post_phase12_module2_M2-B,M2-B,R097,Karachi property tax online payment ka tareeqa,NAT,,ROMAN,roman_headline_body_rrf_method_D,38,61243,0.0125,50
post_phase12_module2_M2-B,M2-B,R097,Karachi property tax online payment ka tareeqa,NAT,,ROMAN,roman_headline_body_rrf_method_D,39,18837,0.012345679012345678,50
post_phase12_module2_M2-B,M2-B,R097,Karachi property tax online payment ka tareeqa,NAT,,ROMAN,roman_headline_body_rrf_method_D,40,41756,0.012345679012345678,50
post_phase12_module2_M2-B,M2-B,R097,Karachi property tax online payment ka tareeqa,NAT,,ROMAN,roman_headline_body_rrf_method_D,41,53678,0.012195121951219513,50
post_phase12_module2_M2-B,M2-B,R097,Karachi property tax online payment ka tareeqa,NAT,,ROMAN,roman_headline_body_rrf_method_D,42,76918,0.012195121951219513,50
post_phase12_module2_M2-B,M2-B,R097,Karachi property tax online payment ka tareeqa,NAT,,ROMAN,roman_headline_body_rrf_method_D,43,3707,0.012048192771084338,50
post_phase12_module2_M2-B,M2-B,R097,Karachi property tax online payment ka tareeqa,NAT,,ROMAN,roman_headline_body_rrf_method_D,44,17437,0.012048192771084338,50
post_phase12_module2_M2-B,M2-B,R097,Karachi property tax online payment ka tareeqa,NAT,,ROMAN,roman_headline_body_rrf_method_D,45,14869,0.011904761904761904,50
post_phase12_module2_M2-B,M2-B,R097,Karachi property tax online payment ka tareeqa,NAT,,ROMAN,roman_headline_body_rrf_method_D,46,75320,0.011904761904761904,50
post_phase12_module2_M2-B,M2-B,R097,Karachi property tax online payment ka tareeqa,NAT,,ROMAN,roman_headline_body_rrf_method_D,47,17283,0.011764705882352941,50
post_phase12_module2_M2-B,M2-B,R097,Karachi property tax online payment ka tareeqa,NAT,,ROMAN,roman_headline_body_rrf_method_D,48,57113,0.011764705882352941,50
post_phase12_module2_M2-B,M2-B,R097,Karachi property tax online payment ka tareeqa,NAT,,ROMAN,roman_headline_body_rrf_method_D,49,42907,0.011627906976744186,50
post_phase12_module2_M2-B,M2-B,R097,Karachi property tax online payment ka tareeqa,NAT,,ROMAN,roman_headline_body_rrf_method_D,50,62680,0.011627906976744186,50
post_phase12_module2_M2-B,M2-B,R098,Turkish dramas Pakistan mein itne popular kyun ho gaye hain,NAT,,ROMAN,roman_headline_body_rrf_method_D,1,11073,0.01639344262295082,50
post_phase12_module2_M2-B,M2-B,R098,Turkish dramas Pakistan mein itne popular kyun ho gaye hain,NAT,,ROMAN,roman_headline_body_rrf_method_D,2,81170,0.01639344262295082,50
post_phase12_module2_M2-B,M2-B,R098,Turkish dramas Pakistan mein itne popular kyun ho gaye hain,NAT,,ROMAN,roman_headline_body_rrf_method_D,3,32300,0.016129032258064516,50
post_phase12_module2_M2-B,M2-B,R098,Turkish dramas Pakistan mein itne popular kyun ho gaye hain,NAT,,ROMAN,roman_headline_body_rrf_method_D,4,89567,0.016129032258064516,50
post_phase12_module2_M2-B,M2-B,R098,Turkish dramas Pakistan mein itne popular kyun ho gaye hain,NAT,,ROMAN,roman_headline_body_rrf_method_D,5,37037,0.015873015873015872,50
post_phase12_module2_M2-B,M2-B,R098,Turkish dramas Pakistan mein itne popular kyun ho gaye hain,NAT,,ROMAN,roman_headline_body_rrf_method_D,6,80869,0.015873015873015872,50
post_phase12_module2_M2-B,M2-B,R098,Turkish dramas Pakistan mein itne popular kyun ho gaye hain,NAT,,ROMAN,roman_headline_body_rrf_method_D,7,55058,0.015625,50
post_phase12_module2_M2-B,M2-B,R098,Turkish dramas Pakistan mein itne popular kyun ho gaye hain,NAT,,ROMAN,roman_headline_body_rrf_method_D,8,86199,0.015625,50
post_phase12_module2_M2-B,M2-B,R098,Turkish dramas Pakistan mein itne popular kyun ho gaye hain,NAT,,ROMAN,roman_headline_body_rrf_method_D,9,72089,0.015384615384615385,50
post_phase12_module2_M2-B,M2-B,R098,Turkish dramas Pakistan mein itne popular kyun ho gaye hain,NAT,,ROMAN,roman_headline_body_rrf_method_D,10,85420,0.015384615384615385,50
post_phase12_module2_M2-B,M2-B,R098,Turkish dramas Pakistan mein itne popular kyun ho gaye hain,NAT,,ROMAN,roman_headline_body_rrf_method_D,11,66289,0.015151515151515152,50
post_phase12_module2_M2-B,M2-B,R098,Turkish dramas Pakistan mein itne popular kyun ho gaye hain,NAT,,ROMAN,roman_headline_body_rrf_method_D,12,85741,0.015151515151515152,50
post_phase12_module2_M2-B,M2-B,R098,Turkish dramas Pakistan mein itne popular kyun ho gaye hain,NAT,,ROMAN,roman_headline_body_rrf_method_D,13,34982,0.014925373134328358,50
post_phase12_module2_M2-B,M2-B,R098,Turkish dramas Pakistan mein itne popular kyun ho gaye hain,NAT,,ROMAN,roman_headline_body_rrf_method_D,14,86880,0.014925373134328358,50
post_phase12_module2_M2-B,M2-B,R098,Turkish dramas Pakistan mein itne popular kyun ho gaye hain,NAT,,ROMAN,roman_headline_body_rrf_method_D,15,31655,0.014705882352941176,50
post_phase12_module2_M2-B,M2-B,R098,Turkish dramas Pakistan mein itne popular kyun ho gaye hain,NAT,,ROMAN,roman_headline_body_rrf_method_D,16,46381,0.014705882352941176,50
post_phase12_module2_M2-B,M2-B,R098,Turkish dramas Pakistan mein itne popular kyun ho gaye hain,NAT,,ROMAN,roman_headline_body_rrf_method_D,17,70227,0.014492753623188406,50
post_phase12_module2_M2-B,M2-B,R098,Turkish dramas Pakistan mein itne popular kyun ho gaye hain,NAT,,ROMAN,roman_headline_body_rrf_method_D,18,87632,0.014492753623188406,50
post_phase12_module2_M2-B,M2-B,R098,Turkish dramas Pakistan mein itne popular kyun ho gaye hain,NAT,,ROMAN,roman_headline_body_rrf_method_D,19,25008,0.014285714285714285,50
post_phase12_module2_M2-B,M2-B,R098,Turkish dramas Pakistan mein itne popular kyun ho gaye hain,NAT,,ROMAN,roman_headline_body_rrf_method_D,20,87304,0.014285714285714285,50
post_phase12_module2_M2-B,M2-B,R098,Turkish dramas Pakistan mein itne popular kyun ho gaye hain,NAT,,ROMAN,roman_headline_body_rrf_method_D,21,33019,0.014084507042253521,50
post_phase12_module2_M2-B,M2-B,R098,Turkish dramas Pakistan mein itne popular kyun ho gaye hain,NAT,,ROMAN,roman_headline_body_rrf_method_D,22,104552,0.014084507042253521,50
post_phase12_module2_M2-B,M2-B,R098,Turkish dramas Pakistan mein itne popular kyun ho gaye hain,NAT,,ROMAN,roman_headline_body_rrf_method_D,23,34058,0.013888888888888888,50
post_phase12_module2_M2-B,M2-B,R098,Turkish dramas Pakistan mein itne popular kyun ho gaye hain,NAT,,ROMAN,roman_headline_body_rrf_method_D,24,87637,0.013888888888888888,50
post_phase12_module2_M2-B,M2-B,R098,Turkish dramas Pakistan mein itne popular kyun ho gaye hain,NAT,,ROMAN,roman_headline_body_rrf_method_D,25,46375,0.0136986301369863,50
post_phase12_module2_M2-B,M2-B,R098,Turkish dramas Pakistan mein itne popular kyun ho gaye hain,NAT,,ROMAN,roman_headline_body_rrf_method_D,26,74475,0.0136986301369863,50
post_phase12_module2_M2-B,M2-B,R098,Turkish dramas Pakistan mein itne popular kyun ho gaye hain,NAT,,ROMAN,roman_headline_body_rrf_method_D,27,14495,0.013513513513513514,50
post_phase12_module2_M2-B,M2-B,R098,Turkish dramas Pakistan mein itne popular kyun ho gaye hain,NAT,,ROMAN,roman_headline_body_rrf_method_D,28,87261,0.013513513513513514,50
post_phase12_module2_M2-B,M2-B,R098,Turkish dramas Pakistan mein itne popular kyun ho gaye hain,NAT,,ROMAN,roman_headline_body_rrf_method_D,29,42773,0.013333333333333334,50
post_phase12_module2_M2-B,M2-B,R098,Turkish dramas Pakistan mein itne popular kyun ho gaye hain,NAT,,ROMAN,roman_headline_body_rrf_method_D,30,87353,0.013333333333333334,50
post_phase12_module2_M2-B,M2-B,R098,Turkish dramas Pakistan mein itne popular kyun ho gaye hain,NAT,,ROMAN,roman_headline_body_rrf_method_D,31,41536,0.013157894736842105,50
post_phase12_module2_M2-B,M2-B,R098,Turkish dramas Pakistan mein itne popular kyun ho gaye hain,NAT,,ROMAN,roman_headline_body_rrf_method_D,32,71205,0.013157894736842105,50
post_phase12_module2_M2-B,M2-B,R098,Turkish dramas Pakistan mein itne popular kyun ho gaye hain,NAT,,ROMAN,roman_headline_body_rrf_method_D,33,75894,0.012987012987012988,50
post_phase12_module2_M2-B,M2-B,R098,Turkish dramas Pakistan mein itne popular kyun ho gaye hain,NAT,,ROMAN,roman_headline_body_rrf_method_D,34,80021,0.012987012987012988,50
post_phase12_module2_M2-B,M2-B,R098,Turkish dramas Pakistan mein itne popular kyun ho gaye hain,NAT,,ROMAN,roman_headline_body_rrf_method_D,35,79244,0.01282051282051282,50
post_phase12_module2_M2-B,M2-B,R098,Turkish dramas Pakistan mein itne popular kyun ho gaye hain,NAT,,ROMAN,roman_headline_body_rrf_method_D,36,87350,0.01282051282051282,50
post_phase12_module2_M2-B,M2-B,R098,Turkish dramas Pakistan mein itne popular kyun ho gaye hain,NAT,,ROMAN,roman_headline_body_rrf_method_D,37,14738,0.012658227848101266,50
post_phase12_module2_M2-B,M2-B,R098,Turkish dramas Pakistan mein itne popular kyun ho gaye hain,NAT,,ROMAN,roman_headline_body_rrf_method_D,38,80931,0.012658227848101266,50
post_phase12_module2_M2-B,M2-B,R098,Turkish dramas Pakistan mein itne popular kyun ho gaye hain,NAT,,ROMAN,roman_headline_body_rrf_method_D,39,39564,0.0125,50
post_phase12_module2_M2-B,M2-B,R098,Turkish dramas Pakistan mein itne popular kyun ho gaye hain,NAT,,ROMAN,roman_headline_body_rrf_method_D,40,73179,0.0125,50
post_phase12_module2_M2-B,M2-B,R098,Turkish dramas Pakistan mein itne popular kyun ho gaye hain,NAT,,ROMAN,roman_headline_body_rrf_method_D,41,30200,0.012345679012345678,50
post_phase12_module2_M2-B,M2-B,R098,Turkish dramas Pakistan mein itne popular kyun ho gaye hain,NAT,,ROMAN,roman_headline_body_rrf_method_D,42,88347,0.012345679012345678,50
post_phase12_module2_M2-B,M2-B,R098,Turkish dramas Pakistan mein itne popular kyun ho gaye hain,NAT,,ROMAN,roman_headline_body_rrf_method_D,43,2351,0.012195121951219513,50
post_phase12_module2_M2-B,M2-B,R098,Turkish dramas Pakistan mein itne popular kyun ho gaye hain,NAT,,ROMAN,roman_headline_body_rrf_method_D,44,87205,0.012195121951219513,50
post_phase12_module2_M2-B,M2-B,R098,Turkish dramas Pakistan mein itne popular kyun ho gaye hain,NAT,,ROMAN,roman_headline_body_rrf_method_D,45,41183,0.012048192771084338,50
post_phase12_module2_M2-B,M2-B,R098,Turkish dramas Pakistan mein itne popular kyun ho gaye hain,NAT,,ROMAN,roman_headline_body_rrf_method_D,46,97530,0.012048192771084338,50
post_phase12_module2_M2-B,M2-B,R098,Turkish dramas Pakistan mein itne popular kyun ho gaye hain,NAT,,ROMAN,roman_headline_body_rrf_method_D,47,26023,0.011904761904761904,50
post_phase12_module2_M2-B,M2-B,R098,Turkish dramas Pakistan mein itne popular kyun ho gaye hain,NAT,,ROMAN,roman_headline_body_rrf_method_D,48,89148,0.011904761904761904,50
post_phase12_module2_M2-B,M2-B,R098,Turkish dramas Pakistan mein itne popular kyun ho gaye hain,NAT,,ROMAN,roman_headline_body_rrf_method_D,49,12829,0.011764705882352941,50
post_phase12_module2_M2-B,M2-B,R098,Turkish dramas Pakistan mein itne popular kyun ho gaye hain,NAT,,ROMAN,roman_headline_body_rrf_method_D,50,90047,0.011764705882352941,50
post_phase12_module2_M2-B,M2-B,R099,Pakistan mein COVID cases ka latest data,NAT,,ROMAN,roman_headline_body_rrf_method_D,1,84780,0.03177805800756621,50
post_phase12_module2_M2-B,M2-B,R099,Pakistan mein COVID cases ka latest data,NAT,,ROMAN,roman_headline_body_rrf_method_D,2,55624,0.030834914611005692,50
post_phase12_module2_M2-B,M2-B,R099,Pakistan mein COVID cases ka latest data,NAT,,ROMAN,roman_headline_body_rrf_method_D,3,45726,0.030330882352941176,50
post_phase12_module2_M2-B,M2-B,R099,Pakistan mein COVID cases ka latest data,NAT,,ROMAN,roman_headline_body_rrf_method_D,4,93306,0.03007688828584351,50
post_phase12_module2_M2-B,M2-B,R099,Pakistan mein COVID cases ka latest data,NAT,,ROMAN,roman_headline_body_rrf_method_D,5,28434,0.029957522915269395,50
post_phase12_module2_M2-B,M2-B,R099,Pakistan mein COVID cases ka latest data,NAT,,ROMAN,roman_headline_body_rrf_method_D,6,96688,0.029877369007803793,50
post_phase12_module2_M2-B,M2-B,R099,Pakistan mein COVID cases ka latest data,NAT,,ROMAN,roman_headline_body_rrf_method_D,7,43818,0.029513888888888888,50
post_phase12_module2_M2-B,M2-B,R099,Pakistan mein COVID cases ka latest data,NAT,,ROMAN,roman_headline_body_rrf_method_D,8,87934,0.029051670471052088,50
post_phase12_module2_M2-B,M2-B,R099,Pakistan mein COVID cases ka latest data,NAT,,ROMAN,roman_headline_body_rrf_method_D,9,57199,0.028850145288501453,50
post_phase12_module2_M2-B,M2-B,R099,Pakistan mein COVID cases ka latest data,NAT,,ROMAN,roman_headline_body_rrf_method_D,10,83536,0.02564935064935065,50
post_phase12_module2_M2-B,M2-B,R099,Pakistan mein COVID cases ka latest data,NAT,,ROMAN,roman_headline_body_rrf_method_D,11,95104,0.016129032258064516,50
post_phase12_module2_M2-B,M2-B,R099,Pakistan mein COVID cases ka latest data,NAT,,ROMAN,roman_headline_body_rrf_method_D,12,45983,0.015873015873015872,50
post_phase12_module2_M2-B,M2-B,R099,Pakistan mein COVID cases ka latest data,NAT,,ROMAN,roman_headline_body_rrf_method_D,13,85935,0.014925373134328358,50
post_phase12_module2_M2-B,M2-B,R099,Pakistan mein COVID cases ka latest data,NAT,,ROMAN,roman_headline_body_rrf_method_D,14,47268,0.014492753623188406,50
post_phase12_module2_M2-B,M2-B,R099,Pakistan mein COVID cases ka latest data,NAT,,ROMAN,roman_headline_body_rrf_method_D,15,37016,0.014285714285714285,50
post_phase12_module2_M2-B,M2-B,R099,Pakistan mein COVID cases ka latest data,NAT,,ROMAN,roman_headline_body_rrf_method_D,16,59329,0.014084507042253521,50
post_phase12_module2_M2-B,M2-B,R099,Pakistan mein COVID cases ka latest data,NAT,,ROMAN,roman_headline_body_rrf_method_D,17,36428,0.013888888888888888,50
post_phase12_module2_M2-B,M2-B,R099,Pakistan mein COVID cases ka latest data,NAT,,ROMAN,roman_headline_body_rrf_method_D,18,33500,0.0136986301369863,50
post_phase12_module2_M2-B,M2-B,R099,Pakistan mein COVID cases ka latest data,NAT,,ROMAN,roman_headline_body_rrf_method_D,19,36878,0.013513513513513514,50
post_phase12_module2_M2-B,M2-B,R099,Pakistan mein COVID cases ka latest data,NAT,,ROMAN,roman_headline_body_rrf_method_D,20,84256,0.013513513513513514,50
post_phase12_module2_M2-B,M2-B,R099,Pakistan mein COVID cases ka latest data,NAT,,ROMAN,roman_headline_body_rrf_method_D,21,14012,0.013333333333333334,50
post_phase12_module2_M2-B,M2-B,R099,Pakistan mein COVID cases ka latest data,NAT,,ROMAN,roman_headline_body_rrf_method_D,22,91496,0.013333333333333334,50
post_phase12_module2_M2-B,M2-B,R099,Pakistan mein COVID cases ka latest data,NAT,,ROMAN,roman_headline_body_rrf_method_D,23,15894,0.013157894736842105,50
post_phase12_module2_M2-B,M2-B,R099,Pakistan mein COVID cases ka latest data,NAT,,ROMAN,roman_headline_body_rrf_method_D,24,90389,0.013157894736842105,50
post_phase12_module2_M2-B,M2-B,R099,Pakistan mein COVID cases ka latest data,NAT,,ROMAN,roman_headline_body_rrf_method_D,25,65627,0.012987012987012988,50
post_phase12_module2_M2-B,M2-B,R099,Pakistan mein COVID cases ka latest data,NAT,,ROMAN,roman_headline_body_rrf_method_D,26,90381,0.012987012987012988,50
post_phase12_module2_M2-B,M2-B,R099,Pakistan mein COVID cases ka latest data,NAT,,ROMAN,roman_headline_body_rrf_method_D,27,3264,0.01282051282051282,50
post_phase12_module2_M2-B,M2-B,R099,Pakistan mein COVID cases ka latest data,NAT,,ROMAN,roman_headline_body_rrf_method_D,28,100571,0.01282051282051282,50
post_phase12_module2_M2-B,M2-B,R099,Pakistan mein COVID cases ka latest data,NAT,,ROMAN,roman_headline_body_rrf_method_D,29,56818,0.012658227848101266,50
post_phase12_module2_M2-B,M2-B,R099,Pakistan mein COVID cases ka latest data,NAT,,ROMAN,roman_headline_body_rrf_method_D,30,2864,0.0125,50
post_phase12_module2_M2-B,M2-B,R099,Pakistan mein COVID cases ka latest data,NAT,,ROMAN,roman_headline_body_rrf_method_D,31,44925,0.0125,50
post_phase12_module2_M2-B,M2-B,R099,Pakistan mein COVID cases ka latest data,NAT,,ROMAN,roman_headline_body_rrf_method_D,32,72492,0.012345679012345678,50
post_phase12_module2_M2-B,M2-B,R099,Pakistan mein COVID cases ka latest data,NAT,,ROMAN,roman_headline_body_rrf_method_D,33,88507,0.012345679012345678,50
post_phase12_module2_M2-B,M2-B,R099,Pakistan mein COVID cases ka latest data,NAT,,ROMAN,roman_headline_body_rrf_method_D,34,33828,0.012195121951219513,50
post_phase12_module2_M2-B,M2-B,R099,Pakistan mein COVID cases ka latest data,NAT,,ROMAN,roman_headline_body_rrf_method_D,35,110967,0.012195121951219513,50
post_phase12_module2_M2-B,M2-B,R099,Pakistan mein COVID cases ka latest data,NAT,,ROMAN,roman_headline_body_rrf_method_D,36,2525,0.012048192771084338,50
post_phase12_module2_M2-B,M2-B,R099,Pakistan mein COVID cases ka latest data,NAT,,ROMAN,roman_headline_body_rrf_method_D,37,16265,0.012048192771084338,50
post_phase12_module2_M2-B,M2-B,R099,Pakistan mein COVID cases ka latest data,NAT,,ROMAN,roman_headline_body_rrf_method_D,38,37864,0.011904761904761904,50
post_phase12_module2_M2-B,M2-B,R099,Pakistan mein COVID cases ka latest data,NAT,,ROMAN,roman_headline_body_rrf_method_D,39,85405,0.011904761904761904,50
post_phase12_module2_M2-B,M2-B,R099,Pakistan mein COVID cases ka latest data,NAT,,ROMAN,roman_headline_body_rrf_method_D,40,82425,0.011764705882352941,50
post_phase12_module2_M2-B,M2-B,R099,Pakistan mein COVID cases ka latest data,NAT,,ROMAN,roman_headline_body_rrf_method_D,41,83166,0.011764705882352941,50
post_phase12_module2_M2-B,M2-B,R099,Pakistan mein COVID cases ka latest data,NAT,,ROMAN,roman_headline_body_rrf_method_D,42,33385,0.011627906976744186,50
post_phase12_module2_M2-B,M2-B,R099,Pakistan mein COVID cases ka latest data,NAT,,ROMAN,roman_headline_body_rrf_method_D,43,107946,0.011627906976744186,50
post_phase12_module2_M2-B,M2-B,R099,Pakistan mein COVID cases ka latest data,NAT,,ROMAN,roman_headline_body_rrf_method_D,44,11010,0.011494252873563218,50
post_phase12_module2_M2-B,M2-B,R099,Pakistan mein COVID cases ka latest data,NAT,,ROMAN,roman_headline_body_rrf_method_D,45,30549,0.011494252873563218,50
post_phase12_module2_M2-B,M2-B,R099,Pakistan mein COVID cases ka latest data,NAT,,ROMAN,roman_headline_body_rrf_method_D,46,21702,0.011363636363636364,50
post_phase12_module2_M2-B,M2-B,R099,Pakistan mein COVID cases ka latest data,NAT,,ROMAN,roman_headline_body_rrf_method_D,47,27936,0.011235955056179775,50
post_phase12_module2_M2-B,M2-B,R099,Pakistan mein COVID cases ka latest data,NAT,,ROMAN,roman_headline_body_rrf_method_D,48,35313,0.011235955056179775,50
post_phase12_module2_M2-B,M2-B,R099,Pakistan mein COVID cases ka latest data,NAT,,ROMAN,roman_headline_body_rrf_method_D,49,38188,0.011111111111111112,50
post_phase12_module2_M2-B,M2-B,R099,Pakistan mein COVID cases ka latest data,NAT,,ROMAN,roman_headline_body_rrf_method_D,50,104705,0.011111111111111112,50
post_phase12_module2_M2-B,M2-B,R100,lahore qalandars squad,NAT,,ROMAN,roman_headline_body_rrf_method_D,1,44405,0.029850746268656716,50
post_phase12_module2_M2-B,M2-B,R100,lahore qalandars squad,NAT,,ROMAN,roman_headline_body_rrf_method_D,2,41965,0.029386529386529386,50
post_phase12_module2_M2-B,M2-B,R100,lahore qalandars squad,NAT,,ROMAN,roman_headline_body_rrf_method_D,3,96430,0.02928692699490662,50
post_phase12_module2_M2-B,M2-B,R100,lahore qalandars squad,NAT,,ROMAN,roman_headline_body_rrf_method_D,4,46429,0.025458570524984188,50
post_phase12_module2_M2-B,M2-B,R100,lahore qalandars squad,NAT,,ROMAN,roman_headline_body_rrf_method_D,5,55612,0.025332691999358666,50
post_phase12_module2_M2-B,M2-B,R100,lahore qalandars squad,NAT,,ROMAN,roman_headline_body_rrf_method_D,6,18980,0.01639344262295082,50
post_phase12_module2_M2-B,M2-B,R100,lahore qalandars squad,NAT,,ROMAN,roman_headline_body_rrf_method_D,7,44399,0.01639344262295082,50
post_phase12_module2_M2-B,M2-B,R100,lahore qalandars squad,NAT,,ROMAN,roman_headline_body_rrf_method_D,8,19147,0.016129032258064516,50
post_phase12_module2_M2-B,M2-B,R100,lahore qalandars squad,NAT,,ROMAN,roman_headline_body_rrf_method_D,9,107570,0.015873015873015872,50
post_phase12_module2_M2-B,M2-B,R100,lahore qalandars squad,NAT,,ROMAN,roman_headline_body_rrf_method_D,10,87728,0.015625,50
post_phase12_module2_M2-B,M2-B,R100,lahore qalandars squad,NAT,,ROMAN,roman_headline_body_rrf_method_D,11,87848,0.015625,50
post_phase12_module2_M2-B,M2-B,R100,lahore qalandars squad,NAT,,ROMAN,roman_headline_body_rrf_method_D,12,18954,0.015384615384615385,50
post_phase12_module2_M2-B,M2-B,R100,lahore qalandars squad,NAT,,ROMAN,roman_headline_body_rrf_method_D,13,88314,0.015384615384615385,50
post_phase12_module2_M2-B,M2-B,R100,lahore qalandars squad,NAT,,ROMAN,roman_headline_body_rrf_method_D,14,17588,0.015151515151515152,50
post_phase12_module2_M2-B,M2-B,R100,lahore qalandars squad,NAT,,ROMAN,roman_headline_body_rrf_method_D,15,41832,0.015151515151515152,50
post_phase12_module2_M2-B,M2-B,R100,lahore qalandars squad,NAT,,ROMAN,roman_headline_body_rrf_method_D,16,61229,0.014705882352941176,50
post_phase12_module2_M2-B,M2-B,R100,lahore qalandars squad,NAT,,ROMAN,roman_headline_body_rrf_method_D,17,60720,0.014492753623188406,50
post_phase12_module2_M2-B,M2-B,R100,lahore qalandars squad,NAT,,ROMAN,roman_headline_body_rrf_method_D,18,87597,0.014492753623188406,50
post_phase12_module2_M2-B,M2-B,R100,lahore qalandars squad,NAT,,ROMAN,roman_headline_body_rrf_method_D,19,15661,0.014285714285714285,50
post_phase12_module2_M2-B,M2-B,R100,lahore qalandars squad,NAT,,ROMAN,roman_headline_body_rrf_method_D,20,89469,0.014285714285714285,50
post_phase12_module2_M2-B,M2-B,R100,lahore qalandars squad,NAT,,ROMAN,roman_headline_body_rrf_method_D,21,82239,0.014084507042253521,50
post_phase12_module2_M2-B,M2-B,R100,lahore qalandars squad,NAT,,ROMAN,roman_headline_body_rrf_method_D,22,86565,0.014084507042253521,50
post_phase12_module2_M2-B,M2-B,R100,lahore qalandars squad,NAT,,ROMAN,roman_headline_body_rrf_method_D,23,18972,0.013888888888888888,50
post_phase12_module2_M2-B,M2-B,R100,lahore qalandars squad,NAT,,ROMAN,roman_headline_body_rrf_method_D,24,50860,0.013888888888888888,50
post_phase12_module2_M2-B,M2-B,R100,lahore qalandars squad,NAT,,ROMAN,roman_headline_body_rrf_method_D,25,41801,0.0136986301369863,50
post_phase12_module2_M2-B,M2-B,R100,lahore qalandars squad,NAT,,ROMAN,roman_headline_body_rrf_method_D,26,81541,0.0136986301369863,50
post_phase12_module2_M2-B,M2-B,R100,lahore qalandars squad,NAT,,ROMAN,roman_headline_body_rrf_method_D,27,97105,0.013513513513513514,50
post_phase12_module2_M2-B,M2-B,R100,lahore qalandars squad,NAT,,ROMAN,roman_headline_body_rrf_method_D,28,54152,0.013333333333333334,50
post_phase12_module2_M2-B,M2-B,R100,lahore qalandars squad,NAT,,ROMAN,roman_headline_body_rrf_method_D,29,103988,0.013333333333333334,50
post_phase12_module2_M2-B,M2-B,R100,lahore qalandars squad,NAT,,ROMAN,roman_headline_body_rrf_method_D,30,87826,0.013157894736842105,50
post_phase12_module2_M2-B,M2-B,R100,lahore qalandars squad,NAT,,ROMAN,roman_headline_body_rrf_method_D,31,41834,0.012987012987012988,50
post_phase12_module2_M2-B,M2-B,R100,lahore qalandars squad,NAT,,ROMAN,roman_headline_body_rrf_method_D,32,11572,0.01282051282051282,50
post_phase12_module2_M2-B,M2-B,R100,lahore qalandars squad,NAT,,ROMAN,roman_headline_body_rrf_method_D,33,89360,0.01282051282051282,50
post_phase12_module2_M2-B,M2-B,R100,lahore qalandars squad,NAT,,ROMAN,roman_headline_body_rrf_method_D,34,17555,0.012658227848101266,50
post_phase12_module2_M2-B,M2-B,R100,lahore qalandars squad,NAT,,ROMAN,roman_headline_body_rrf_method_D,35,90389,0.012658227848101266,50
post_phase12_module2_M2-B,M2-B,R100,lahore qalandars squad,NAT,,ROMAN,roman_headline_body_rrf_method_D,36,44298,0.0125,50
post_phase12_module2_M2-B,M2-B,R100,lahore qalandars squad,NAT,,ROMAN,roman_headline_body_rrf_method_D,37,100569,0.0125,50
post_phase12_module2_M2-B,M2-B,R100,lahore qalandars squad,NAT,,ROMAN,roman_headline_body_rrf_method_D,38,73509,0.012345679012345678,50
post_phase12_module2_M2-B,M2-B,R100,lahore qalandars squad,NAT,,ROMAN,roman_headline_body_rrf_method_D,39,37959,0.012195121951219513,50
post_phase12_module2_M2-B,M2-B,R100,lahore qalandars squad,NAT,,ROMAN,roman_headline_body_rrf_method_D,40,41756,0.012195121951219513,50
post_phase12_module2_M2-B,M2-B,R100,lahore qalandars squad,NAT,,ROMAN,roman_headline_body_rrf_method_D,41,54361,0.012048192771084338,50
post_phase12_module2_M2-B,M2-B,R100,lahore qalandars squad,NAT,,ROMAN,roman_headline_body_rrf_method_D,42,103801,0.012048192771084338,50
post_phase12_module2_M2-B,M2-B,R100,lahore qalandars squad,NAT,,ROMAN,roman_headline_body_rrf_method_D,43,37828,0.011904761904761904,50
post_phase12_module2_M2-B,M2-B,R100,lahore qalandars squad,NAT,,ROMAN,roman_headline_body_rrf_method_D,44,41802,0.011904761904761904,50
post_phase12_module2_M2-B,M2-B,R100,lahore qalandars squad,NAT,,ROMAN,roman_headline_body_rrf_method_D,45,13287,0.011764705882352941,50
post_phase12_module2_M2-B,M2-B,R100,lahore qalandars squad,NAT,,ROMAN,roman_headline_body_rrf_method_D,46,41765,0.011764705882352941,50
post_phase12_module2_M2-B,M2-B,R100,lahore qalandars squad,NAT,,ROMAN,roman_headline_body_rrf_method_D,47,42921,0.011627906976744186,50
post_phase12_module2_M2-B,M2-B,R100,lahore qalandars squad,NAT,,ROMAN,roman_headline_body_rrf_method_D,48,68640,0.011627906976744186,50
post_phase12_module2_M2-B,M2-B,R100,lahore qalandars squad,NAT,,ROMAN,roman_headline_body_rrf_method_D,49,35291,0.011494252873563218,50
post_phase12_module2_M2-B,M2-B,R100,lahore qalandars squad,NAT,,ROMAN,roman_headline_body_rrf_method_D,50,86529,0.011494252873563218,50
